source,table,loaded_at,origen
ads,marketing_gasto,2026-07-10T02:03:15Z,simulado
ads,marketing_gasto,2026-07-10T19:53:10Z,simulado
ads,marketing_gasto,2026-07-13T22:22:08Z,simulado
ads,marketing_gasto,2026-07-14T16:10:35Z,simulado
ads,marketing_gasto,2026-07-17T18:52:24Z,simulado
ads,marketing_gasto,2026-07-18T17:16:19Z,simulado
ads,marketing_gasto,2026-07-19T16:26:40Z,simulado
ads,marketing_gasto,2026-07-21T15:20:35Z,simulado
ads,marketing_gasto,2026-07-22T19:27:28Z,simulado
ads,marketing_gasto,2026-07-25T21:48:20Z,simulado
ads,marketing_gasto,2026-07-27T21:01:41Z,simulado
ads,marketing_gasto,2026-07-30T23:23:04Z,simulado
ads,marketing_gasto,2026-08-05T20:52:51Z,simulado
ads,marketing_gasto,2026-08-07T04:31:44Z,simulado
ads,marketing_gasto,2026-08-07T16:06:29Z,simulado
ads,marketing_gasto,2026-08-09T18:00:12Z,simulado
ads,marketing_gasto,2026-08-11T18:27:30Z,simulado
ads,marketing_gasto,2026-08-12T17:19:03Z,simulado
ads,marketing_gasto,2026-08-13T16:55:12Z,simulado
ads,marketing_gasto,2026-08-14T16:19:00Z,simulado
ads,marketing_gasto,2026-08-15T22:28:49Z,simulado
ads,marketing_gasto,2026-08-16T15:56:02Z,simulado
ads,marketing_gasto,2026-08-18T16:33:30Z,simulado
ads,marketing_gasto,2026-08-19T17:12:10Z,simulado
ads,marketing_gasto,2026-08-21T19:38:07Z,simulado
ads,marketing_gasto,2026-08-23T17:48:16Z,simulado
ads,marketing_gasto,2026-08-25T10:52:08Z,simulado
ads,marketing_gasto,2026-08-26T20:18:47Z,simulado
ads,marketing_gasto,2026-08-27T16:23:54Z,simulado
ads,marketing_gasto,2026-08-28T18:25:24Z,simulado
ads,marketing_gasto,2026-09-02T23:17:19Z,simulado
ads,marketing_gasto,2026-09-07T19:58:22Z,simulado
ads,marketing_gasto,2026-09-09T19:12:11Z,simulado
ads,marketing_gasto,2026-09-11T21:24:40Z,simulado
ads,marketing_gasto,2026-09-12T22:05:32Z,simulado
ads,marketing_gasto,2026-09-14T18:07:00Z,simulado
ads,marketing_gasto,2026-09-16T21:07:55Z,simulado
ads,marketing_gasto,2026-09-17T14:04:53Z,dbt
crm,cancelacion,2026-07-09T02:17:18Z,simulado
crm,cancelacion,2026-07-09T06:33:09Z,simulado
crm,cancelacion,2026-07-09T14:16:56Z,simulado
crm,cancelacion,2026-07-09T18:22:00Z,simulado
crm,cancelacion,2026-07-10T02:16:14Z,simulado
crm,cancelacion,2026-07-10T06:13:30Z,simulado
crm,cancelacion,2026-07-10T10:09:31Z,simulado
crm,cancelacion,2026-07-10T14:10:13Z,simulado
crm,cancelacion,2026-07-10T18:17:10Z,simulado
crm,cancelacion,2026-07-10T22:14:28Z,simulado
crm,cancelacion,2026-07-11T02:23:44Z,simulado
crm,cancelacion,2026-07-11T06:13:07Z,simulado
crm,cancelacion,2026-07-11T10:21:40Z,simulado
crm,cancelacion,2026-07-11T18:18:59Z,simulado
crm,cancelacion,2026-07-11T22:11:29Z,simulado
crm,cancelacion,2026-07-12T02:14:31Z,simulado
crm,cancelacion,2026-07-12T06:12:40Z,simulado
crm,cancelacion,2026-07-12T18:18:24Z,simulado
crm,cancelacion,2026-07-12T22:17:00Z,simulado
crm,cancelacion,2026-07-13T02:12:17Z,simulado
crm,cancelacion,2026-07-13T06:15:39Z,simulado
crm,cancelacion,2026-07-13T14:13:34Z,simulado
crm,cancelacion,2026-07-13T18:12:03Z,simulado
crm,cancelacion,2026-07-13T22:12:56Z,simulado
crm,cancelacion,2026-07-14T02:12:30Z,simulado
crm,cancelacion,2026-07-14T06:23:52Z,simulado
crm,cancelacion,2026-07-14T10:12:26Z,simulado
crm,cancelacion,2026-07-14T14:11:24Z,simulado
crm,cancelacion,2026-07-14T22:11:21Z,simulado
crm,cancelacion,2026-07-15T02:18:40Z,simulado
crm,cancelacion,2026-07-15T06:15:01Z,simulado
crm,cancelacion,2026-07-15T10:12:55Z,simulado
crm,cancelacion,2026-07-15T14:13:48Z,simulado
crm,cancelacion,2026-07-15T18:15:12Z,simulado
crm,cancelacion,2026-07-15T22:10:42Z,simulado
crm,cancelacion,2026-07-16T02:14:22Z,simulado
crm,cancelacion,2026-07-16T06:13:51Z,simulado
crm,cancelacion,2026-07-16T10:15:52Z,simulado
crm,cancelacion,2026-07-16T14:19:34Z,simulado
crm,cancelacion,2026-07-16T18:11:23Z,simulado
crm,cancelacion,2026-07-16T22:25:01Z,simulado
crm,cancelacion,2026-07-17T02:09:01Z,simulado
crm,cancelacion,2026-07-17T06:11:00Z,simulado
crm,cancelacion,2026-07-17T10:23:30Z,simulado
crm,cancelacion,2026-07-17T14:10:53Z,simulado
crm,cancelacion,2026-07-17T18:16:49Z,simulado
crm,cancelacion,2026-07-17T22:42:17Z,simulado
crm,cancelacion,2026-07-18T06:15:36Z,simulado
crm,cancelacion,2026-07-18T10:19:58Z,simulado
crm,cancelacion,2026-07-18T14:19:32Z,simulado
crm,cancelacion,2026-07-18T18:19:48Z,simulado
crm,cancelacion,2026-07-18T22:11:58Z,simulado
crm,cancelacion,2026-07-19T02:15:58Z,simulado
crm,cancelacion,2026-07-19T10:29:06Z,simulado
crm,cancelacion,2026-07-19T14:10:24Z,simulado
crm,cancelacion,2026-07-19T18:15:08Z,simulado
crm,cancelacion,2026-07-19T22:09:07Z,simulado
crm,cancelacion,2026-07-20T02:27:01Z,simulado
crm,cancelacion,2026-07-20T06:14:04Z,simulado
crm,cancelacion,2026-07-20T10:16:14Z,simulado
crm,cancelacion,2026-07-20T14:14:41Z,simulado
crm,cancelacion,2026-07-20T18:07:56Z,simulado
crm,cancelacion,2026-07-20T22:13:47Z,simulado
crm,cancelacion,2026-07-21T02:12:31Z,simulado
crm,cancelacion,2026-07-21T06:18:36Z,simulado
crm,cancelacion,2026-07-21T14:15:59Z,simulado
crm,cancelacion,2026-07-21T18:13:17Z,simulado
crm,cancelacion,2026-07-21T22:18:16Z,simulado
crm,cancelacion,2026-07-22T02:18:38Z,simulado
crm,cancelacion,2026-07-22T06:23:39Z,simulado
crm,cancelacion,2026-07-22T10:12:57Z,simulado
crm,cancelacion,2026-07-22T14:10:21Z,simulado
crm,cancelacion,2026-07-22T18:10:29Z,simulado
crm,cancelacion,2026-07-22T22:11:11Z,simulado
crm,cancelacion,2026-07-23T02:15:56Z,simulado
crm,cancelacion,2026-07-23T06:12:01Z,simulado
crm,cancelacion,2026-07-23T10:15:24Z,simulado
crm,cancelacion,2026-07-23T14:44:24Z,simulado
crm,cancelacion,2026-07-23T22:18:33Z,simulado
crm,cancelacion,2026-07-24T02:18:48Z,simulado
crm,cancelacion,2026-07-24T10:10:40Z,simulado
crm,cancelacion,2026-07-24T14:17:12Z,simulado
crm,cancelacion,2026-07-24T18:10:26Z,simulado
crm,cancelacion,2026-07-24T22:21:58Z,simulado
crm,cancelacion,2026-07-25T02:13:07Z,simulado
crm,cancelacion,2026-07-25T06:11:10Z,simulado
crm,cancelacion,2026-07-25T10:24:59Z,simulado
crm,cancelacion,2026-07-25T14:21:16Z,simulado
crm,cancelacion,2026-07-25T18:21:17Z,simulado
crm,cancelacion,2026-07-25T22:12:14Z,simulado
crm,cancelacion,2026-07-26T02:11:50Z,simulado
crm,cancelacion,2026-07-26T06:15:59Z,simulado
crm,cancelacion,2026-07-26T10:11:35Z,simulado
crm,cancelacion,2026-07-26T14:09:27Z,simulado
crm,cancelacion,2026-07-26T18:12:40Z,simulado
crm,cancelacion,2026-07-26T22:11:10Z,simulado
crm,cancelacion,2026-07-27T02:24:52Z,simulado
crm,cancelacion,2026-07-27T06:12:48Z,simulado
crm,cancelacion,2026-07-27T10:19:25Z,simulado
crm,cancelacion,2026-07-27T14:15:52Z,simulado
crm,cancelacion,2026-07-27T18:22:45Z,simulado
crm,cancelacion,2026-07-27T22:13:21Z,simulado
crm,cancelacion,2026-07-28T02:18:00Z,simulado
crm,cancelacion,2026-07-28T06:17:20Z,simulado
crm,cancelacion,2026-07-28T10:23:05Z,simulado
crm,cancelacion,2026-07-28T14:23:24Z,simulado
crm,cancelacion,2026-07-28T18:18:30Z,simulado
crm,cancelacion,2026-07-28T22:14:03Z,simulado
crm,cancelacion,2026-07-29T02:13:59Z,simulado
crm,cancelacion,2026-07-29T06:24:53Z,simulado
crm,cancelacion,2026-07-29T10:11:15Z,simulado
crm,cancelacion,2026-07-29T14:09:41Z,simulado
crm,cancelacion,2026-07-29T18:17:31Z,simulado
crm,cancelacion,2026-07-29T22:21:42Z,simulado
crm,cancelacion,2026-07-30T02:16:57Z,simulado
crm,cancelacion,2026-07-30T06:13:04Z,simulado
crm,cancelacion,2026-07-30T10:13:30Z,simulado
crm,cancelacion,2026-07-30T14:09:41Z,simulado
crm,cancelacion,2026-07-30T18:39:35Z,simulado
crm,cancelacion,2026-07-30T22:16:22Z,simulado
crm,cancelacion,2026-07-31T02:13:19Z,simulado
crm,cancelacion,2026-07-31T06:16:41Z,simulado
crm,cancelacion,2026-07-31T10:14:08Z,simulado
crm,cancelacion,2026-07-31T14:17:31Z,simulado
crm,cancelacion,2026-07-31T18:27:55Z,simulado
crm,cancelacion,2026-07-31T22:09:44Z,simulado
crm,cancelacion,2026-08-01T02:10:02Z,simulado
crm,cancelacion,2026-08-01T06:14:40Z,simulado
crm,cancelacion,2026-08-01T10:11:49Z,simulado
crm,cancelacion,2026-08-01T14:17:27Z,simulado
crm,cancelacion,2026-08-01T18:13:00Z,simulado
crm,cancelacion,2026-08-01T22:11:41Z,simulado
crm,cancelacion,2026-08-02T02:20:16Z,simulado
crm,cancelacion,2026-08-02T06:14:51Z,simulado
crm,cancelacion,2026-08-02T10:18:54Z,simulado
crm,cancelacion,2026-08-02T14:08:24Z,simulado
crm,cancelacion,2026-08-02T22:09:52Z,simulado
crm,cancelacion,2026-08-03T02:10:40Z,simulado
crm,cancelacion,2026-08-03T06:25:28Z,simulado
crm,cancelacion,2026-08-03T10:13:43Z,simulado
crm,cancelacion,2026-08-03T14:21:47Z,simulado
crm,cancelacion,2026-08-03T18:14:23Z,simulado
crm,cancelacion,2026-08-03T22:09:11Z,simulado
crm,cancelacion,2026-08-04T02:10:20Z,simulado
crm,cancelacion,2026-08-04T06:16:40Z,simulado
crm,cancelacion,2026-08-04T10:19:52Z,simulado
crm,cancelacion,2026-08-04T14:18:40Z,simulado
crm,cancelacion,2026-08-05T02:12:42Z,simulado
crm,cancelacion,2026-08-05T06:16:15Z,simulado
crm,cancelacion,2026-08-05T10:20:59Z,simulado
crm,cancelacion,2026-08-05T18:16:17Z,simulado
crm,cancelacion,2026-08-05T22:18:07Z,simulado
crm,cancelacion,2026-08-06T02:13:26Z,simulado
crm,cancelacion,2026-08-06T06:09:28Z,simulado
crm,cancelacion,2026-08-06T10:16:17Z,simulado
crm,cancelacion,2026-08-06T14:10:43Z,simulado
crm,cancelacion,2026-08-06T18:12:53Z,simulado
crm,cancelacion,2026-08-07T02:24:32Z,simulado
crm,cancelacion,2026-08-07T06:30:18Z,simulado
crm,cancelacion,2026-08-07T10:15:38Z,simulado
crm,cancelacion,2026-08-07T14:09:15Z,simulado
crm,cancelacion,2026-08-07T18:14:20Z,simulado
crm,cancelacion,2026-08-07T22:17:15Z,simulado
crm,cancelacion,2026-08-08T02:15:05Z,simulado
crm,cancelacion,2026-08-08T06:22:20Z,simulado
crm,cancelacion,2026-08-08T10:16:18Z,simulado
crm,cancelacion,2026-08-08T14:12:44Z,simulado
crm,cancelacion,2026-08-08T18:12:50Z,simulado
crm,cancelacion,2026-08-08T22:18:29Z,simulado
crm,cancelacion,2026-08-09T02:17:02Z,simulado
crm,cancelacion,2026-08-09T06:13:38Z,simulado
crm,cancelacion,2026-08-09T10:15:17Z,simulado
crm,cancelacion,2026-08-09T14:10:01Z,simulado
crm,cancelacion,2026-08-09T18:13:29Z,simulado
crm,cancelacion,2026-08-09T22:16:48Z,simulado
crm,cancelacion,2026-08-10T06:16:57Z,simulado
crm,cancelacion,2026-08-10T10:21:13Z,simulado
crm,cancelacion,2026-08-10T14:12:00Z,simulado
crm,cancelacion,2026-08-10T18:10:37Z,simulado
crm,cancelacion,2026-08-10T22:08:34Z,simulado
crm,cancelacion,2026-08-11T02:09:06Z,simulado
crm,cancelacion,2026-08-11T06:18:19Z,simulado
crm,cancelacion,2026-08-11T10:17:49Z,simulado
crm,cancelacion,2026-08-11T14:22:03Z,simulado
crm,cancelacion,2026-08-11T18:15:03Z,simulado
crm,cancelacion,2026-08-11T22:10:25Z,simulado
crm,cancelacion,2026-08-12T02:13:14Z,simulado
crm,cancelacion,2026-08-12T06:10:46Z,simulado
crm,cancelacion,2026-08-12T10:26:24Z,simulado
crm,cancelacion,2026-08-12T14:23:02Z,simulado
crm,cancelacion,2026-08-12T18:26:37Z,simulado
crm,cancelacion,2026-08-12T22:14:31Z,simulado
crm,cancelacion,2026-08-13T06:13:43Z,simulado
crm,cancelacion,2026-08-13T10:13:25Z,simulado
crm,cancelacion,2026-08-13T14:12:34Z,simulado
crm,cancelacion,2026-08-13T18:09:44Z,simulado
crm,cancelacion,2026-08-13T22:13:38Z,simulado
crm,cancelacion,2026-08-14T02:13:18Z,simulado
crm,cancelacion,2026-08-14T06:14:06Z,simulado
crm,cancelacion,2026-08-14T10:19:35Z,simulado
crm,cancelacion,2026-08-14T14:15:51Z,simulado
crm,cancelacion,2026-08-14T18:15:10Z,simulado
crm,cancelacion,2026-08-14T22:15:05Z,simulado
crm,cancelacion,2026-08-15T02:26:57Z,simulado
crm,cancelacion,2026-08-15T06:13:25Z,simulado
crm,cancelacion,2026-08-15T10:13:12Z,simulado
crm,cancelacion,2026-08-15T14:32:22Z,simulado
crm,cancelacion,2026-08-15T18:14:33Z,simulado
crm,cancelacion,2026-08-15T22:27:52Z,simulado
crm,cancelacion,2026-08-16T02:12:48Z,simulado
crm,cancelacion,2026-08-16T06:18:49Z,simulado
crm,cancelacion,2026-08-16T10:16:33Z,simulado
crm,cancelacion,2026-08-16T14:13:16Z,simulado
crm,cancelacion,2026-08-16T18:20:00Z,simulado
crm,cancelacion,2026-08-16T22:12:12Z,simulado
crm,cancelacion,2026-08-17T02:10:30Z,simulado
crm,cancelacion,2026-08-17T06:30:04Z,simulado
crm,cancelacion,2026-08-17T10:08:56Z,simulado
crm,cancelacion,2026-08-17T14:10:54Z,simulado
crm,cancelacion,2026-08-17T18:12:59Z,simulado
crm,cancelacion,2026-08-17T22:14:11Z,simulado
crm,cancelacion,2026-08-18T06:12:31Z,simulado
crm,cancelacion,2026-08-18T10:09:54Z,simulado
crm,cancelacion,2026-08-18T14:11:25Z,simulado
crm,cancelacion,2026-08-18T18:18:37Z,simulado
crm,cancelacion,2026-08-18T22:28:47Z,simulado
crm,cancelacion,2026-08-19T02:19:52Z,simulado
crm,cancelacion,2026-08-19T06:09:18Z,simulado
crm,cancelacion,2026-08-19T10:16:59Z,simulado
crm,cancelacion,2026-08-19T18:14:16Z,simulado
crm,cancelacion,2026-08-19T22:13:04Z,simulado
crm,cancelacion,2026-08-20T02:22:26Z,simulado
crm,cancelacion,2026-08-20T06:12:44Z,simulado
crm,cancelacion,2026-08-20T10:26:16Z,simulado
crm,cancelacion,2026-08-20T14:14:03Z,simulado
crm,cancelacion,2026-08-20T18:10:10Z,simulado
crm,cancelacion,2026-08-20T22:12:44Z,simulado
crm,cancelacion,2026-08-21T02:26:34Z,simulado
crm,cancelacion,2026-08-21T06:12:20Z,simulado
crm,cancelacion,2026-08-21T10:09:55Z,simulado
crm,cancelacion,2026-08-21T14:15:02Z,simulado
crm,cancelacion,2026-08-21T18:08:23Z,simulado
crm,cancelacion,2026-08-21T22:19:34Z,simulado
crm,cancelacion,2026-08-22T02:22:42Z,simulado
crm,cancelacion,2026-08-22T06:09:19Z,simulado
crm,cancelacion,2026-08-22T10:15:43Z,simulado
crm,cancelacion,2026-08-22T14:14:48Z,simulado
crm,cancelacion,2026-08-22T18:10:32Z,simulado
crm,cancelacion,2026-08-22T22:28:49Z,simulado
crm,cancelacion,2026-08-23T02:22:55Z,simulado
crm,cancelacion,2026-08-23T06:21:29Z,simulado
crm,cancelacion,2026-08-23T10:14:09Z,simulado
crm,cancelacion,2026-08-23T14:23:26Z,simulado
crm,cancelacion,2026-08-23T18:16:46Z,simulado
crm,cancelacion,2026-08-23T22:08:30Z,simulado
crm,cancelacion,2026-08-24T02:25:44Z,simulado
crm,cancelacion,2026-08-24T06:13:48Z,simulado
crm,cancelacion,2026-08-24T10:13:03Z,simulado
crm,cancelacion,2026-08-24T14:16:52Z,simulado
crm,cancelacion,2026-08-24T18:09:34Z,simulado
crm,cancelacion,2026-08-24T22:07:27Z,simulado
crm,cancelacion,2026-08-25T02:14:49Z,simulado
crm,cancelacion,2026-08-25T06:11:40Z,simulado
crm,cancelacion,2026-08-25T10:26:30Z,simulado
crm,cancelacion,2026-08-25T14:20:02Z,simulado
crm,cancelacion,2026-08-25T18:14:18Z,simulado
crm,cancelacion,2026-08-25T22:09:38Z,simulado
crm,cancelacion,2026-08-26T02:25:18Z,simulado
crm,cancelacion,2026-08-26T06:15:16Z,simulado
crm,cancelacion,2026-08-26T10:11:14Z,simulado
crm,cancelacion,2026-08-26T14:14:43Z,simulado
crm,cancelacion,2026-08-26T18:10:27Z,simulado
crm,cancelacion,2026-08-26T22:12:08Z,simulado
crm,cancelacion,2026-08-27T02:13:42Z,simulado
crm,cancelacion,2026-08-27T06:14:28Z,simulado
crm,cancelacion,2026-08-27T10:14:27Z,simulado
crm,cancelacion,2026-08-27T14:22:45Z,simulado
crm,cancelacion,2026-08-27T18:11:08Z,simulado
crm,cancelacion,2026-08-27T22:13:32Z,simulado
crm,cancelacion,2026-08-28T02:13:49Z,simulado
crm,cancelacion,2026-08-28T06:13:58Z,simulado
crm,cancelacion,2026-08-28T10:20:32Z,simulado
crm,cancelacion,2026-08-28T14:10:52Z,simulado
crm,cancelacion,2026-08-28T18:10:58Z,simulado
crm,cancelacion,2026-08-28T22:11:20Z,simulado
crm,cancelacion,2026-08-29T06:12:58Z,simulado
crm,cancelacion,2026-08-29T10:13:41Z,simulado
crm,cancelacion,2026-08-29T14:24:21Z,simulado
crm,cancelacion,2026-08-29T18:12:02Z,simulado
crm,cancelacion,2026-08-29T22:24:04Z,simulado
crm,cancelacion,2026-08-30T06:16:45Z,simulado
crm,cancelacion,2026-08-30T10:23:22Z,simulado
crm,cancelacion,2026-08-30T14:14:28Z,simulado
crm,cancelacion,2026-08-30T22:22:48Z,simulado
crm,cancelacion,2026-08-31T02:13:33Z,simulado
crm,cancelacion,2026-08-31T06:16:52Z,simulado
crm,cancelacion,2026-08-31T10:15:06Z,simulado
crm,cancelacion,2026-08-31T14:11:21Z,simulado
crm,cancelacion,2026-08-31T18:14:25Z,simulado
crm,cancelacion,2026-08-31T22:14:32Z,simulado
crm,cancelacion,2026-09-01T02:27:59Z,simulado
crm,cancelacion,2026-09-01T06:23:15Z,simulado
crm,cancelacion,2026-09-01T10:13:33Z,simulado
crm,cancelacion,2026-09-01T14:15:42Z,simulado
crm,cancelacion,2026-09-01T18:12:16Z,simulado
crm,cancelacion,2026-09-01T22:13:43Z,simulado
crm,cancelacion,2026-09-02T02:12:13Z,simulado
crm,cancelacion,2026-09-02T06:16:28Z,simulado
crm,cancelacion,2026-09-02T10:11:56Z,simulado
crm,cancelacion,2026-09-02T14:12:58Z,simulado
crm,cancelacion,2026-09-02T18:13:11Z,simulado
crm,cancelacion,2026-09-02T22:11:29Z,simulado
crm,cancelacion,2026-09-03T02:28:16Z,simulado
crm,cancelacion,2026-09-03T06:19:25Z,simulado
crm,cancelacion,2026-09-03T10:15:19Z,simulado
crm,cancelacion,2026-09-03T18:21:36Z,simulado
crm,cancelacion,2026-09-03T22:13:30Z,simulado
crm,cancelacion,2026-09-04T02:12:08Z,simulado
crm,cancelacion,2026-09-04T06:16:36Z,simulado
crm,cancelacion,2026-09-04T10:14:32Z,simulado
crm,cancelacion,2026-09-04T14:14:24Z,simulado
crm,cancelacion,2026-09-04T22:13:14Z,simulado
crm,cancelacion,2026-09-05T02:33:33Z,simulado
crm,cancelacion,2026-09-05T06:10:01Z,simulado
crm,cancelacion,2026-09-05T10:08:59Z,simulado
crm,cancelacion,2026-09-05T14:14:09Z,simulado
crm,cancelacion,2026-09-05T18:15:58Z,simulado
crm,cancelacion,2026-09-06T02:11:20Z,simulado
crm,cancelacion,2026-09-06T06:13:48Z,simulado
crm,cancelacion,2026-09-06T10:12:25Z,simulado
crm,cancelacion,2026-09-06T14:12:42Z,simulado
crm,cancelacion,2026-09-06T18:25:12Z,simulado
crm,cancelacion,2026-09-06T22:11:17Z,simulado
crm,cancelacion,2026-09-07T02:13:57Z,simulado
crm,cancelacion,2026-09-07T06:09:28Z,simulado
crm,cancelacion,2026-09-07T10:14:13Z,simulado
crm,cancelacion,2026-09-07T14:13:22Z,simulado
crm,cancelacion,2026-09-07T22:10:04Z,simulado
crm,cancelacion,2026-09-08T02:14:44Z,simulado
crm,cancelacion,2026-09-08T06:16:35Z,simulado
crm,cancelacion,2026-09-08T10:37:41Z,simulado
crm,cancelacion,2026-09-08T14:12:11Z,simulado
crm,cancelacion,2026-09-08T18:17:27Z,simulado
crm,cancelacion,2026-09-09T02:10:57Z,simulado
crm,cancelacion,2026-09-09T06:11:47Z,simulado
crm,cancelacion,2026-09-09T10:10:22Z,simulado
crm,cancelacion,2026-09-09T14:19:10Z,simulado
crm,cancelacion,2026-09-09T18:13:15Z,simulado
crm,cancelacion,2026-09-09T22:12:14Z,simulado
crm,cancelacion,2026-09-10T02:16:36Z,simulado
crm,cancelacion,2026-09-10T06:12:21Z,simulado
crm,cancelacion,2026-09-10T10:11:58Z,simulado
crm,cancelacion,2026-09-10T14:13:12Z,simulado
crm,cancelacion,2026-09-10T18:08:31Z,simulado
crm,cancelacion,2026-09-10T22:30:49Z,simulado
crm,cancelacion,2026-09-11T02:07:31Z,simulado
crm,cancelacion,2026-09-11T06:20:04Z,simulado
crm,cancelacion,2026-09-11T10:19:49Z,simulado
crm,cancelacion,2026-09-11T14:19:20Z,simulado
crm,cancelacion,2026-09-11T18:15:03Z,simulado
crm,cancelacion,2026-09-11T22:17:53Z,simulado
crm,cancelacion,2026-09-12T02:10:56Z,simulado
crm,cancelacion,2026-09-12T06:13:58Z,simulado
crm,cancelacion,2026-09-12T10:29:30Z,simulado
crm,cancelacion,2026-09-12T14:15:54Z,simulado
crm,cancelacion,2026-09-12T18:18:05Z,simulado
crm,cancelacion,2026-09-12T22:21:43Z,simulado
crm,cancelacion,2026-09-13T02:09:48Z,simulado
crm,cancelacion,2026-09-13T06:39:08Z,simulado
crm,cancelacion,2026-09-13T10:16:12Z,simulado
crm,cancelacion,2026-09-13T14:22:29Z,simulado
crm,cancelacion,2026-09-13T18:19:39Z,simulado
crm,cancelacion,2026-09-13T22:13:05Z,simulado
crm,cancelacion,2026-09-14T02:08:37Z,simulado
crm,cancelacion,2026-09-14T06:18:50Z,simulado
crm,cancelacion,2026-09-14T10:12:30Z,simulado
crm,cancelacion,2026-09-14T18:20:54Z,simulado
crm,cancelacion,2026-09-14T22:15:22Z,simulado
crm,cancelacion,2026-09-16T10:11:11Z,simulado
crm,cancelacion,2026-09-16T18:12:43Z,simulado
crm,cancelacion,2026-09-16T22:28:18Z,simulado
crm,cancelacion,2026-09-17T02:14:55Z,simulado
crm,cancelacion,2026-09-17T06:22:52Z,simulado
crm,cancelacion,2026-09-17T10:17:19Z,simulado
crm,cancelacion,2026-09-17T14:26:01Z,simulado
crm,cancelacion,2026-09-17T18:24:44Z,simulado
crm,cancelacion,2026-09-17T22:19:53Z,simulado
crm,cancelacion,2026-09-18T02:12:35Z,simulado
crm,cancelacion,2026-09-18T06:19:49Z,simulado
crm,cancelacion,2026-09-18T14:16:59Z,simulado
crm,cancelacion,2026-09-18T22:16:38Z,simulado
crm,cancelacion,2026-09-19T02:13:53Z,simulado
crm,cancelacion,2026-09-19T06:26:11Z,simulado
crm,cancelacion,2026-09-19T10:23:20Z,simulado
crm,cancelacion,2026-09-19T14:30:09Z,simulado
crm,cancelacion,2026-09-19T18:33:25Z,simulado
crm,cancelacion,2026-09-20T02:18:54Z,simulado
crm,cancelacion,2026-09-20T06:17:14Z,simulado
crm,cancelacion,2026-09-20T10:15:53Z,simulado
crm,cancelacion,2026-09-20T14:14:20Z,simulado
crm,cancelacion,2026-09-20T18:16:29Z,simulado
crm,cancelacion,2026-09-20T22:14:09Z,simulado
crm,cancelacion,2026-09-21T02:18:46Z,simulado
crm,cancelacion,2026-09-21T06:22:51Z,simulado
crm,cancelacion,2026-09-21T10:04:51Z,dbt
crm,crm_cliente,2026-07-09T02:17:18Z,simulado
crm,crm_cliente,2026-07-09T06:33:09Z,simulado
crm,crm_cliente,2026-07-09T14:16:56Z,simulado
crm,crm_cliente,2026-07-09T18:22:00Z,simulado
crm,crm_cliente,2026-07-10T02:16:14Z,simulado
crm,crm_cliente,2026-07-10T06:13:30Z,simulado
crm,crm_cliente,2026-07-10T10:09:31Z,simulado
crm,crm_cliente,2026-07-10T14:10:13Z,simulado
crm,crm_cliente,2026-07-10T18:17:10Z,simulado
crm,crm_cliente,2026-07-10T22:14:28Z,simulado
crm,crm_cliente,2026-07-11T02:23:44Z,simulado
crm,crm_cliente,2026-07-11T06:13:07Z,simulado
crm,crm_cliente,2026-07-11T10:21:40Z,simulado
crm,crm_cliente,2026-07-11T18:18:59Z,simulado
crm,crm_cliente,2026-07-11T22:11:29Z,simulado
crm,crm_cliente,2026-07-12T02:14:31Z,simulado
crm,crm_cliente,2026-07-12T06:12:40Z,simulado
crm,crm_cliente,2026-07-12T18:18:24Z,simulado
crm,crm_cliente,2026-07-12T22:17:00Z,simulado
crm,crm_cliente,2026-07-13T02:12:17Z,simulado
crm,crm_cliente,2026-07-13T06:15:39Z,simulado
crm,crm_cliente,2026-07-13T14:13:34Z,simulado
crm,crm_cliente,2026-07-13T18:12:03Z,simulado
crm,crm_cliente,2026-07-13T22:12:56Z,simulado
crm,crm_cliente,2026-07-14T02:12:30Z,simulado
crm,crm_cliente,2026-07-14T06:23:52Z,simulado
crm,crm_cliente,2026-07-14T10:12:26Z,simulado
crm,crm_cliente,2026-07-14T14:11:24Z,simulado
crm,crm_cliente,2026-07-14T22:11:21Z,simulado
crm,crm_cliente,2026-07-15T02:18:40Z,simulado
crm,crm_cliente,2026-07-15T06:15:01Z,simulado
crm,crm_cliente,2026-07-15T10:12:55Z,simulado
crm,crm_cliente,2026-07-15T14:13:48Z,simulado
crm,crm_cliente,2026-07-15T18:15:12Z,simulado
crm,crm_cliente,2026-07-15T22:10:42Z,simulado
crm,crm_cliente,2026-07-16T02:14:22Z,simulado
crm,crm_cliente,2026-07-16T06:13:51Z,simulado
crm,crm_cliente,2026-07-16T10:15:52Z,simulado
crm,crm_cliente,2026-07-16T14:19:34Z,simulado
crm,crm_cliente,2026-07-16T18:11:23Z,simulado
crm,crm_cliente,2026-07-16T22:25:01Z,simulado
crm,crm_cliente,2026-07-17T02:09:01Z,simulado
crm,crm_cliente,2026-07-17T06:11:00Z,simulado
crm,crm_cliente,2026-07-17T10:23:30Z,simulado
crm,crm_cliente,2026-07-17T14:10:53Z,simulado
crm,crm_cliente,2026-07-17T18:16:49Z,simulado
crm,crm_cliente,2026-07-17T22:42:17Z,simulado
crm,crm_cliente,2026-07-18T06:15:36Z,simulado
crm,crm_cliente,2026-07-18T10:19:58Z,simulado
crm,crm_cliente,2026-07-18T14:19:32Z,simulado
crm,crm_cliente,2026-07-18T18:19:48Z,simulado
crm,crm_cliente,2026-07-18T22:11:58Z,simulado
crm,crm_cliente,2026-07-19T02:15:58Z,simulado
crm,crm_cliente,2026-07-19T10:29:06Z,simulado
crm,crm_cliente,2026-07-19T14:10:24Z,simulado
crm,crm_cliente,2026-07-19T18:15:08Z,simulado
crm,crm_cliente,2026-07-19T22:09:07Z,simulado
crm,crm_cliente,2026-07-20T02:27:01Z,simulado
crm,crm_cliente,2026-07-20T06:14:04Z,simulado
crm,crm_cliente,2026-07-20T10:16:14Z,simulado
crm,crm_cliente,2026-07-20T14:14:41Z,simulado
crm,crm_cliente,2026-07-20T18:07:56Z,simulado
crm,crm_cliente,2026-07-20T22:13:47Z,simulado
crm,crm_cliente,2026-07-21T02:12:31Z,simulado
crm,crm_cliente,2026-07-21T06:18:36Z,simulado
crm,crm_cliente,2026-07-21T14:15:59Z,simulado
crm,crm_cliente,2026-07-21T18:13:17Z,simulado
crm,crm_cliente,2026-07-21T22:18:16Z,simulado
crm,crm_cliente,2026-07-22T02:18:38Z,simulado
crm,crm_cliente,2026-07-22T06:23:39Z,simulado
crm,crm_cliente,2026-07-22T10:12:57Z,simulado
crm,crm_cliente,2026-07-22T14:10:21Z,simulado
crm,crm_cliente,2026-07-22T18:10:29Z,simulado
crm,crm_cliente,2026-07-22T22:11:11Z,simulado
crm,crm_cliente,2026-07-23T02:15:56Z,simulado
crm,crm_cliente,2026-07-23T06:12:01Z,simulado
crm,crm_cliente,2026-07-23T10:15:24Z,simulado
crm,crm_cliente,2026-07-23T14:44:24Z,simulado
crm,crm_cliente,2026-07-23T22:18:33Z,simulado
crm,crm_cliente,2026-07-24T02:18:48Z,simulado
crm,crm_cliente,2026-07-24T10:10:40Z,simulado
crm,crm_cliente,2026-07-24T14:17:12Z,simulado
crm,crm_cliente,2026-07-24T18:10:26Z,simulado
crm,crm_cliente,2026-07-24T22:21:58Z,simulado
crm,crm_cliente,2026-07-25T02:13:07Z,simulado
crm,crm_cliente,2026-07-25T06:11:10Z,simulado
crm,crm_cliente,2026-07-25T10:24:59Z,simulado
crm,crm_cliente,2026-07-25T14:21:16Z,simulado
crm,crm_cliente,2026-07-25T18:21:17Z,simulado
crm,crm_cliente,2026-07-25T22:12:14Z,simulado
crm,crm_cliente,2026-07-26T02:11:50Z,simulado
crm,crm_cliente,2026-07-26T06:15:59Z,simulado
crm,crm_cliente,2026-07-26T10:11:35Z,simulado
crm,crm_cliente,2026-07-26T14:09:27Z,simulado
crm,crm_cliente,2026-07-26T18:12:40Z,simulado
crm,crm_cliente,2026-07-26T22:11:10Z,simulado
crm,crm_cliente,2026-07-27T02:24:52Z,simulado
crm,crm_cliente,2026-07-27T06:12:48Z,simulado
crm,crm_cliente,2026-07-27T10:19:25Z,simulado
crm,crm_cliente,2026-07-27T14:15:52Z,simulado
crm,crm_cliente,2026-07-27T18:22:45Z,simulado
crm,crm_cliente,2026-07-27T22:13:21Z,simulado
crm,crm_cliente,2026-07-28T02:18:00Z,simulado
crm,crm_cliente,2026-07-28T06:17:20Z,simulado
crm,crm_cliente,2026-07-28T10:23:05Z,simulado
crm,crm_cliente,2026-07-28T14:23:24Z,simulado
crm,crm_cliente,2026-07-28T18:18:30Z,simulado
crm,crm_cliente,2026-07-28T22:14:03Z,simulado
crm,crm_cliente,2026-07-29T02:13:59Z,simulado
crm,crm_cliente,2026-07-29T06:24:53Z,simulado
crm,crm_cliente,2026-07-29T10:11:15Z,simulado
crm,crm_cliente,2026-07-29T14:09:41Z,simulado
crm,crm_cliente,2026-07-29T18:17:31Z,simulado
crm,crm_cliente,2026-07-29T22:21:42Z,simulado
crm,crm_cliente,2026-07-30T02:16:57Z,simulado
crm,crm_cliente,2026-07-30T06:13:04Z,simulado
crm,crm_cliente,2026-07-30T10:13:30Z,simulado
crm,crm_cliente,2026-07-30T14:09:41Z,simulado
crm,crm_cliente,2026-07-30T18:39:35Z,simulado
crm,crm_cliente,2026-07-30T22:16:22Z,simulado
crm,crm_cliente,2026-07-31T02:13:19Z,simulado
crm,crm_cliente,2026-07-31T06:16:41Z,simulado
crm,crm_cliente,2026-07-31T10:14:08Z,simulado
crm,crm_cliente,2026-07-31T14:17:31Z,simulado
crm,crm_cliente,2026-07-31T18:27:55Z,simulado
crm,crm_cliente,2026-07-31T22:09:44Z,simulado
crm,crm_cliente,2026-08-01T02:10:02Z,simulado
crm,crm_cliente,2026-08-01T06:14:40Z,simulado
crm,crm_cliente,2026-08-01T10:11:49Z,simulado
crm,crm_cliente,2026-08-01T14:17:27Z,simulado
crm,crm_cliente,2026-08-01T18:13:00Z,simulado
crm,crm_cliente,2026-08-01T22:11:41Z,simulado
crm,crm_cliente,2026-08-02T02:20:16Z,simulado
crm,crm_cliente,2026-08-02T06:14:51Z,simulado
crm,crm_cliente,2026-08-02T10:18:54Z,simulado
crm,crm_cliente,2026-08-02T14:08:24Z,simulado
crm,crm_cliente,2026-08-02T22:09:52Z,simulado
crm,crm_cliente,2026-08-03T02:10:40Z,simulado
crm,crm_cliente,2026-08-03T06:25:28Z,simulado
crm,crm_cliente,2026-08-03T10:13:43Z,simulado
crm,crm_cliente,2026-08-03T14:21:47Z,simulado
crm,crm_cliente,2026-08-03T18:14:23Z,simulado
crm,crm_cliente,2026-08-03T22:09:11Z,simulado
crm,crm_cliente,2026-08-04T02:10:20Z,simulado
crm,crm_cliente,2026-08-04T06:16:40Z,simulado
crm,crm_cliente,2026-08-04T10:19:52Z,simulado
crm,crm_cliente,2026-08-04T14:18:40Z,simulado
crm,crm_cliente,2026-08-05T02:12:42Z,simulado
crm,crm_cliente,2026-08-05T06:16:15Z,simulado
crm,crm_cliente,2026-08-05T10:20:59Z,simulado
crm,crm_cliente,2026-08-05T18:16:17Z,simulado
crm,crm_cliente,2026-08-05T22:18:07Z,simulado
crm,crm_cliente,2026-08-06T02:13:26Z,simulado
crm,crm_cliente,2026-08-06T06:09:28Z,simulado
crm,crm_cliente,2026-08-06T10:16:17Z,simulado
crm,crm_cliente,2026-08-06T14:10:43Z,simulado
crm,crm_cliente,2026-08-06T18:12:53Z,simulado
crm,crm_cliente,2026-08-07T02:24:32Z,simulado
crm,crm_cliente,2026-08-07T06:30:18Z,simulado
crm,crm_cliente,2026-08-07T10:15:38Z,simulado
crm,crm_cliente,2026-08-07T14:09:15Z,simulado
crm,crm_cliente,2026-08-07T18:14:20Z,simulado
crm,crm_cliente,2026-08-07T22:17:15Z,simulado
crm,crm_cliente,2026-08-08T02:15:05Z,simulado
crm,crm_cliente,2026-08-08T06:22:20Z,simulado
crm,crm_cliente,2026-08-08T10:16:18Z,simulado
crm,crm_cliente,2026-08-08T14:12:44Z,simulado
crm,crm_cliente,2026-08-08T18:12:50Z,simulado
crm,crm_cliente,2026-08-08T22:18:29Z,simulado
crm,crm_cliente,2026-08-09T02:17:02Z,simulado
crm,crm_cliente,2026-08-09T06:13:38Z,simulado
crm,crm_cliente,2026-08-09T10:15:17Z,simulado
crm,crm_cliente,2026-08-09T14:10:01Z,simulado
crm,crm_cliente,2026-08-09T18:13:29Z,simulado
crm,crm_cliente,2026-08-09T22:16:48Z,simulado
crm,crm_cliente,2026-08-10T06:16:57Z,simulado
crm,crm_cliente,2026-08-10T10:21:13Z,simulado
crm,crm_cliente,2026-08-10T14:12:00Z,simulado
crm,crm_cliente,2026-08-10T18:10:37Z,simulado
crm,crm_cliente,2026-08-10T22:08:34Z,simulado
crm,crm_cliente,2026-08-11T02:09:06Z,simulado
crm,crm_cliente,2026-08-11T06:18:19Z,simulado
crm,crm_cliente,2026-08-11T10:17:49Z,simulado
crm,crm_cliente,2026-08-11T14:22:03Z,simulado
crm,crm_cliente,2026-08-11T18:15:03Z,simulado
crm,crm_cliente,2026-08-11T22:10:25Z,simulado
crm,crm_cliente,2026-08-12T02:13:14Z,simulado
crm,crm_cliente,2026-08-12T06:10:46Z,simulado
crm,crm_cliente,2026-08-12T10:26:24Z,simulado
crm,crm_cliente,2026-08-12T14:23:02Z,simulado
crm,crm_cliente,2026-08-12T18:26:37Z,simulado
crm,crm_cliente,2026-08-12T22:14:31Z,simulado
crm,crm_cliente,2026-08-13T06:13:43Z,simulado
crm,crm_cliente,2026-08-13T10:13:25Z,simulado
crm,crm_cliente,2026-08-13T14:12:34Z,simulado
crm,crm_cliente,2026-08-13T18:09:44Z,simulado
crm,crm_cliente,2026-08-13T22:13:38Z,simulado
crm,crm_cliente,2026-08-14T02:13:18Z,simulado
crm,crm_cliente,2026-08-14T06:14:06Z,simulado
crm,crm_cliente,2026-08-14T10:19:35Z,simulado
crm,crm_cliente,2026-08-14T14:15:51Z,simulado
crm,crm_cliente,2026-08-14T18:15:10Z,simulado
crm,crm_cliente,2026-08-14T22:15:05Z,simulado
crm,crm_cliente,2026-08-15T02:26:57Z,simulado
crm,crm_cliente,2026-08-15T06:13:25Z,simulado
crm,crm_cliente,2026-08-15T10:13:12Z,simulado
crm,crm_cliente,2026-08-15T14:32:22Z,simulado
crm,crm_cliente,2026-08-15T18:14:33Z,simulado
crm,crm_cliente,2026-08-15T22:27:52Z,simulado
crm,crm_cliente,2026-08-16T02:12:48Z,simulado
crm,crm_cliente,2026-08-16T06:18:49Z,simulado
crm,crm_cliente,2026-08-16T10:16:33Z,simulado
crm,crm_cliente,2026-08-16T14:13:16Z,simulado
crm,crm_cliente,2026-08-16T18:20:00Z,simulado
crm,crm_cliente,2026-08-16T22:12:12Z,simulado
crm,crm_cliente,2026-08-17T02:10:30Z,simulado
crm,crm_cliente,2026-08-17T06:30:04Z,simulado
crm,crm_cliente,2026-08-17T10:08:56Z,simulado
crm,crm_cliente,2026-08-17T14:10:54Z,simulado
crm,crm_cliente,2026-08-17T18:12:59Z,simulado
crm,crm_cliente,2026-08-17T22:14:11Z,simulado
crm,crm_cliente,2026-08-18T06:12:31Z,simulado
crm,crm_cliente,2026-08-18T10:09:54Z,simulado
crm,crm_cliente,2026-08-18T14:11:25Z,simulado
crm,crm_cliente,2026-08-18T18:18:37Z,simulado
crm,crm_cliente,2026-08-18T22:28:47Z,simulado
crm,crm_cliente,2026-08-19T02:19:52Z,simulado
crm,crm_cliente,2026-08-19T06:09:18Z,simulado
crm,crm_cliente,2026-08-19T10:16:59Z,simulado
crm,crm_cliente,2026-08-19T18:14:16Z,simulado
crm,crm_cliente,2026-08-19T22:13:04Z,simulado
crm,crm_cliente,2026-08-20T02:22:26Z,simulado
crm,crm_cliente,2026-08-20T06:12:44Z,simulado
crm,crm_cliente,2026-08-20T10:26:16Z,simulado
crm,crm_cliente,2026-08-20T14:14:03Z,simulado
crm,crm_cliente,2026-08-20T18:10:10Z,simulado
crm,crm_cliente,2026-08-20T22:12:44Z,simulado
crm,crm_cliente,2026-08-21T02:26:34Z,simulado
crm,crm_cliente,2026-08-21T06:12:20Z,simulado
crm,crm_cliente,2026-08-21T10:09:55Z,simulado
crm,crm_cliente,2026-08-21T14:15:02Z,simulado
crm,crm_cliente,2026-08-21T18:08:23Z,simulado
crm,crm_cliente,2026-08-21T22:19:34Z,simulado
crm,crm_cliente,2026-08-22T02:22:42Z,simulado
crm,crm_cliente,2026-08-22T06:09:19Z,simulado
crm,crm_cliente,2026-08-22T10:15:43Z,simulado
crm,crm_cliente,2026-08-22T14:14:48Z,simulado
crm,crm_cliente,2026-08-22T18:10:32Z,simulado
crm,crm_cliente,2026-08-22T22:28:49Z,simulado
crm,crm_cliente,2026-08-23T02:22:55Z,simulado
crm,crm_cliente,2026-08-23T06:21:29Z,simulado
crm,crm_cliente,2026-08-23T10:14:09Z,simulado
crm,crm_cliente,2026-08-23T14:23:26Z,simulado
crm,crm_cliente,2026-08-23T18:16:46Z,simulado
crm,crm_cliente,2026-08-23T22:08:30Z,simulado
crm,crm_cliente,2026-08-24T02:25:44Z,simulado
crm,crm_cliente,2026-08-24T06:13:48Z,simulado
crm,crm_cliente,2026-08-24T10:13:03Z,simulado
crm,crm_cliente,2026-08-24T14:16:52Z,simulado
crm,crm_cliente,2026-08-24T18:09:34Z,simulado
crm,crm_cliente,2026-08-24T22:07:27Z,simulado
crm,crm_cliente,2026-08-25T02:14:49Z,simulado
crm,crm_cliente,2026-08-25T06:11:40Z,simulado
crm,crm_cliente,2026-08-25T10:26:30Z,simulado
crm,crm_cliente,2026-08-25T14:20:02Z,simulado
crm,crm_cliente,2026-08-25T18:14:18Z,simulado
crm,crm_cliente,2026-08-25T22:09:38Z,simulado
crm,crm_cliente,2026-08-26T02:25:18Z,simulado
crm,crm_cliente,2026-08-26T06:15:16Z,simulado
crm,crm_cliente,2026-08-26T10:11:14Z,simulado
crm,crm_cliente,2026-08-26T14:14:43Z,simulado
crm,crm_cliente,2026-08-26T18:10:27Z,simulado
crm,crm_cliente,2026-08-26T22:12:08Z,simulado
crm,crm_cliente,2026-08-27T02:13:42Z,simulado
crm,crm_cliente,2026-08-27T06:14:28Z,simulado
crm,crm_cliente,2026-08-27T10:14:27Z,simulado
crm,crm_cliente,2026-08-27T14:22:45Z,simulado
crm,crm_cliente,2026-08-27T18:11:08Z,simulado
crm,crm_cliente,2026-08-27T22:13:32Z,simulado
crm,crm_cliente,2026-08-28T02:13:49Z,simulado
crm,crm_cliente,2026-08-28T06:13:58Z,simulado
crm,crm_cliente,2026-08-28T10:20:32Z,simulado
crm,crm_cliente,2026-08-28T14:10:52Z,simulado
crm,crm_cliente,2026-08-28T18:10:58Z,simulado
crm,crm_cliente,2026-08-28T22:11:20Z,simulado
crm,crm_cliente,2026-08-29T06:12:58Z,simulado
crm,crm_cliente,2026-08-29T10:13:41Z,simulado
crm,crm_cliente,2026-08-29T14:24:21Z,simulado
crm,crm_cliente,2026-08-29T18:12:02Z,simulado
crm,crm_cliente,2026-08-29T22:24:04Z,simulado
crm,crm_cliente,2026-08-30T06:16:45Z,simulado
crm,crm_cliente,2026-08-30T10:23:22Z,simulado
crm,crm_cliente,2026-08-30T14:14:28Z,simulado
crm,crm_cliente,2026-08-30T22:22:48Z,simulado
crm,crm_cliente,2026-08-31T02:13:33Z,simulado
crm,crm_cliente,2026-08-31T06:16:52Z,simulado
crm,crm_cliente,2026-08-31T10:15:06Z,simulado
crm,crm_cliente,2026-08-31T14:11:21Z,simulado
crm,crm_cliente,2026-08-31T18:14:25Z,simulado
crm,crm_cliente,2026-08-31T22:14:32Z,simulado
crm,crm_cliente,2026-09-01T02:27:59Z,simulado
crm,crm_cliente,2026-09-01T06:23:15Z,simulado
crm,crm_cliente,2026-09-01T10:13:33Z,simulado
crm,crm_cliente,2026-09-01T14:15:42Z,simulado
crm,crm_cliente,2026-09-01T18:12:16Z,simulado
crm,crm_cliente,2026-09-01T22:13:43Z,simulado
crm,crm_cliente,2026-09-02T02:12:13Z,simulado
crm,crm_cliente,2026-09-02T06:16:28Z,simulado
crm,crm_cliente,2026-09-02T10:11:56Z,simulado
crm,crm_cliente,2026-09-02T14:12:58Z,simulado
crm,crm_cliente,2026-09-02T18:13:11Z,simulado
crm,crm_cliente,2026-09-02T22:11:29Z,simulado
crm,crm_cliente,2026-09-03T02:28:16Z,simulado
crm,crm_cliente,2026-09-03T06:19:25Z,simulado
crm,crm_cliente,2026-09-03T10:15:19Z,simulado
crm,crm_cliente,2026-09-03T18:21:36Z,simulado
crm,crm_cliente,2026-09-03T22:13:30Z,simulado
crm,crm_cliente,2026-09-04T02:12:08Z,simulado
crm,crm_cliente,2026-09-04T06:16:36Z,simulado
crm,crm_cliente,2026-09-04T10:14:32Z,simulado
crm,crm_cliente,2026-09-04T14:14:24Z,simulado
crm,crm_cliente,2026-09-04T22:13:14Z,simulado
crm,crm_cliente,2026-09-05T02:33:33Z,simulado
crm,crm_cliente,2026-09-05T06:10:01Z,simulado
crm,crm_cliente,2026-09-05T10:08:59Z,simulado
crm,crm_cliente,2026-09-05T14:14:09Z,simulado
crm,crm_cliente,2026-09-05T18:15:58Z,simulado
crm,crm_cliente,2026-09-06T02:11:20Z,simulado
crm,crm_cliente,2026-09-06T06:13:48Z,simulado
crm,crm_cliente,2026-09-06T10:12:25Z,simulado
crm,crm_cliente,2026-09-06T14:12:42Z,simulado
crm,crm_cliente,2026-09-06T18:25:12Z,simulado
crm,crm_cliente,2026-09-06T22:11:17Z,simulado
crm,crm_cliente,2026-09-07T02:13:57Z,simulado
crm,crm_cliente,2026-09-07T06:09:28Z,simulado
crm,crm_cliente,2026-09-07T10:14:13Z,simulado
crm,crm_cliente,2026-09-07T14:13:22Z,simulado
crm,crm_cliente,2026-09-07T22:10:04Z,simulado
crm,crm_cliente,2026-09-08T02:14:44Z,simulado
crm,crm_cliente,2026-09-08T06:16:35Z,simulado
crm,crm_cliente,2026-09-08T10:37:41Z,simulado
crm,crm_cliente,2026-09-08T14:12:11Z,simulado
crm,crm_cliente,2026-09-08T18:17:27Z,simulado
crm,crm_cliente,2026-09-09T02:10:57Z,simulado
crm,crm_cliente,2026-09-09T06:11:47Z,simulado
crm,crm_cliente,2026-09-09T10:10:22Z,simulado
crm,crm_cliente,2026-09-09T14:19:10Z,simulado
crm,crm_cliente,2026-09-09T18:13:15Z,simulado
crm,crm_cliente,2026-09-09T22:12:14Z,simulado
crm,crm_cliente,2026-09-10T02:16:36Z,simulado
crm,crm_cliente,2026-09-10T06:12:21Z,simulado
crm,crm_cliente,2026-09-10T10:11:58Z,simulado
crm,crm_cliente,2026-09-10T14:13:12Z,simulado
crm,crm_cliente,2026-09-10T18:08:31Z,simulado
crm,crm_cliente,2026-09-10T22:30:49Z,simulado
crm,crm_cliente,2026-09-11T02:07:31Z,simulado
crm,crm_cliente,2026-09-11T06:20:04Z,simulado
crm,crm_cliente,2026-09-11T10:19:49Z,simulado
crm,crm_cliente,2026-09-11T14:19:20Z,simulado
crm,crm_cliente,2026-09-11T18:15:03Z,simulado
crm,crm_cliente,2026-09-11T22:17:53Z,simulado
crm,crm_cliente,2026-09-12T02:10:56Z,simulado
crm,crm_cliente,2026-09-12T06:13:58Z,simulado
crm,crm_cliente,2026-09-12T10:29:30Z,simulado
crm,crm_cliente,2026-09-12T14:15:54Z,simulado
crm,crm_cliente,2026-09-12T18:18:05Z,simulado
crm,crm_cliente,2026-09-12T22:21:43Z,simulado
crm,crm_cliente,2026-09-13T02:09:48Z,simulado
crm,crm_cliente,2026-09-13T06:39:08Z,simulado
crm,crm_cliente,2026-09-13T10:16:12Z,simulado
crm,crm_cliente,2026-09-13T14:22:29Z,simulado
crm,crm_cliente,2026-09-13T18:19:39Z,simulado
crm,crm_cliente,2026-09-13T22:13:05Z,simulado
crm,crm_cliente,2026-09-14T02:08:37Z,simulado
crm,crm_cliente,2026-09-14T06:18:50Z,simulado
crm,crm_cliente,2026-09-14T10:12:30Z,simulado
crm,crm_cliente,2026-09-14T18:20:54Z,simulado
crm,crm_cliente,2026-09-14T22:15:22Z,simulado
crm,crm_cliente,2026-09-16T10:11:11Z,simulado
crm,crm_cliente,2026-09-16T18:12:43Z,simulado
crm,crm_cliente,2026-09-16T22:28:18Z,simulado
crm,crm_cliente,2026-09-17T02:14:55Z,simulado
crm,crm_cliente,2026-09-17T06:22:52Z,simulado
crm,crm_cliente,2026-09-17T10:17:19Z,simulado
crm,crm_cliente,2026-09-17T14:26:01Z,simulado
crm,crm_cliente,2026-09-17T18:24:44Z,simulado
crm,crm_cliente,2026-09-17T22:19:53Z,simulado
crm,crm_cliente,2026-09-18T02:12:35Z,simulado
crm,crm_cliente,2026-09-18T06:19:49Z,simulado
crm,crm_cliente,2026-09-18T14:16:59Z,simulado
crm,crm_cliente,2026-09-18T22:16:38Z,simulado
crm,crm_cliente,2026-09-19T02:13:53Z,simulado
crm,crm_cliente,2026-09-19T06:26:11Z,simulado
crm,crm_cliente,2026-09-19T10:23:20Z,simulado
crm,crm_cliente,2026-09-19T14:30:09Z,simulado
crm,crm_cliente,2026-09-19T18:33:25Z,simulado
crm,crm_cliente,2026-09-20T02:18:54Z,simulado
crm,crm_cliente,2026-09-20T06:17:14Z,simulado
crm,crm_cliente,2026-09-20T10:15:53Z,simulado
crm,crm_cliente,2026-09-20T14:14:20Z,simulado
crm,crm_cliente,2026-09-20T18:16:29Z,simulado
crm,crm_cliente,2026-09-20T22:14:09Z,simulado
crm,crm_cliente,2026-09-21T02:18:46Z,simulado
crm,crm_cliente,2026-09-21T06:22:51Z,simulado
crm,crm_cliente,2026-09-21T10:04:51Z,dbt
crm,crm_equipo,2026-07-09T02:17:18Z,simulado
crm,crm_equipo,2026-07-09T06:33:09Z,simulado
crm,crm_equipo,2026-07-09T14:16:56Z,simulado
crm,crm_equipo,2026-07-09T18:22:00Z,simulado
crm,crm_equipo,2026-07-10T02:16:14Z,simulado
crm,crm_equipo,2026-07-10T06:13:30Z,simulado
crm,crm_equipo,2026-07-10T10:09:31Z,simulado
crm,crm_equipo,2026-07-10T14:10:13Z,simulado
crm,crm_equipo,2026-07-10T18:17:10Z,simulado
crm,crm_equipo,2026-07-10T22:14:28Z,simulado
crm,crm_equipo,2026-07-11T02:23:44Z,simulado
crm,crm_equipo,2026-07-11T06:13:07Z,simulado
crm,crm_equipo,2026-07-11T10:21:40Z,simulado
crm,crm_equipo,2026-07-11T18:18:59Z,simulado
crm,crm_equipo,2026-07-11T22:11:29Z,simulado
crm,crm_equipo,2026-07-12T02:14:31Z,simulado
crm,crm_equipo,2026-07-12T06:12:40Z,simulado
crm,crm_equipo,2026-07-12T18:18:24Z,simulado
crm,crm_equipo,2026-07-12T22:17:00Z,simulado
crm,crm_equipo,2026-07-13T02:12:17Z,simulado
crm,crm_equipo,2026-07-13T06:15:39Z,simulado
crm,crm_equipo,2026-07-13T14:13:34Z,simulado
crm,crm_equipo,2026-07-13T18:12:03Z,simulado
crm,crm_equipo,2026-07-13T22:12:56Z,simulado
crm,crm_equipo,2026-07-14T02:12:30Z,simulado
crm,crm_equipo,2026-07-14T06:23:52Z,simulado
crm,crm_equipo,2026-07-14T10:12:26Z,simulado
crm,crm_equipo,2026-07-14T14:11:24Z,simulado
crm,crm_equipo,2026-07-14T22:11:21Z,simulado
crm,crm_equipo,2026-07-15T02:18:40Z,simulado
crm,crm_equipo,2026-07-15T06:15:01Z,simulado
crm,crm_equipo,2026-07-15T10:12:55Z,simulado
crm,crm_equipo,2026-07-15T14:13:48Z,simulado
crm,crm_equipo,2026-07-15T18:15:12Z,simulado
crm,crm_equipo,2026-07-15T22:10:42Z,simulado
crm,crm_equipo,2026-07-16T02:14:22Z,simulado
crm,crm_equipo,2026-07-16T06:13:51Z,simulado
crm,crm_equipo,2026-07-16T10:15:52Z,simulado
crm,crm_equipo,2026-07-16T14:19:34Z,simulado
crm,crm_equipo,2026-07-16T18:11:23Z,simulado
crm,crm_equipo,2026-07-16T22:25:01Z,simulado
crm,crm_equipo,2026-07-17T02:09:01Z,simulado
crm,crm_equipo,2026-07-17T06:11:00Z,simulado
crm,crm_equipo,2026-07-17T10:23:30Z,simulado
crm,crm_equipo,2026-07-17T14:10:53Z,simulado
crm,crm_equipo,2026-07-17T18:16:49Z,simulado
crm,crm_equipo,2026-07-17T22:42:17Z,simulado
crm,crm_equipo,2026-07-18T06:15:36Z,simulado
crm,crm_equipo,2026-07-18T10:19:58Z,simulado
crm,crm_equipo,2026-07-18T14:19:32Z,simulado
crm,crm_equipo,2026-07-18T18:19:48Z,simulado
crm,crm_equipo,2026-07-18T22:11:58Z,simulado
crm,crm_equipo,2026-07-19T02:15:58Z,simulado
crm,crm_equipo,2026-07-19T10:29:06Z,simulado
crm,crm_equipo,2026-07-19T14:10:24Z,simulado
crm,crm_equipo,2026-07-19T18:15:08Z,simulado
crm,crm_equipo,2026-07-19T22:09:07Z,simulado
crm,crm_equipo,2026-07-20T02:27:01Z,simulado
crm,crm_equipo,2026-07-20T06:14:04Z,simulado
crm,crm_equipo,2026-07-20T10:16:14Z,simulado
crm,crm_equipo,2026-07-20T14:14:41Z,simulado
crm,crm_equipo,2026-07-20T18:07:56Z,simulado
crm,crm_equipo,2026-07-20T22:13:47Z,simulado
crm,crm_equipo,2026-07-21T02:12:31Z,simulado
crm,crm_equipo,2026-07-21T06:18:36Z,simulado
crm,crm_equipo,2026-07-21T14:15:59Z,simulado
crm,crm_equipo,2026-07-21T18:13:17Z,simulado
crm,crm_equipo,2026-07-21T22:18:16Z,simulado
crm,crm_equipo,2026-07-22T02:18:38Z,simulado
crm,crm_equipo,2026-07-22T06:23:39Z,simulado
crm,crm_equipo,2026-07-22T10:12:57Z,simulado
crm,crm_equipo,2026-07-22T14:10:21Z,simulado
crm,crm_equipo,2026-07-22T18:10:29Z,simulado
crm,crm_equipo,2026-07-22T22:11:11Z,simulado
crm,crm_equipo,2026-07-23T02:15:56Z,simulado
crm,crm_equipo,2026-07-23T06:12:01Z,simulado
crm,crm_equipo,2026-07-23T10:15:24Z,simulado
crm,crm_equipo,2026-07-23T14:44:24Z,simulado
crm,crm_equipo,2026-07-23T22:18:33Z,simulado
crm,crm_equipo,2026-07-24T02:18:48Z,simulado
crm,crm_equipo,2026-07-24T10:10:40Z,simulado
crm,crm_equipo,2026-07-24T14:17:12Z,simulado
crm,crm_equipo,2026-07-24T18:10:26Z,simulado
crm,crm_equipo,2026-07-24T22:21:58Z,simulado
crm,crm_equipo,2026-07-25T02:13:07Z,simulado
crm,crm_equipo,2026-07-25T06:11:10Z,simulado
crm,crm_equipo,2026-07-25T10:24:59Z,simulado
crm,crm_equipo,2026-07-25T14:21:16Z,simulado
crm,crm_equipo,2026-07-25T18:21:17Z,simulado
crm,crm_equipo,2026-07-25T22:12:14Z,simulado
crm,crm_equipo,2026-07-26T02:11:50Z,simulado
crm,crm_equipo,2026-07-26T06:15:59Z,simulado
crm,crm_equipo,2026-07-26T10:11:35Z,simulado
crm,crm_equipo,2026-07-26T14:09:27Z,simulado
crm,crm_equipo,2026-07-26T18:12:40Z,simulado
crm,crm_equipo,2026-07-26T22:11:10Z,simulado
crm,crm_equipo,2026-07-27T02:24:52Z,simulado
crm,crm_equipo,2026-07-27T06:12:48Z,simulado
crm,crm_equipo,2026-07-27T10:19:25Z,simulado
crm,crm_equipo,2026-07-27T14:15:52Z,simulado
crm,crm_equipo,2026-07-27T18:22:45Z,simulado
crm,crm_equipo,2026-07-27T22:13:21Z,simulado
crm,crm_equipo,2026-07-28T02:18:00Z,simulado
crm,crm_equipo,2026-07-28T06:17:20Z,simulado
crm,crm_equipo,2026-07-28T10:23:05Z,simulado
crm,crm_equipo,2026-07-28T14:23:24Z,simulado
crm,crm_equipo,2026-07-28T18:18:30Z,simulado
crm,crm_equipo,2026-07-28T22:14:03Z,simulado
crm,crm_equipo,2026-07-29T02:13:59Z,simulado
crm,crm_equipo,2026-07-29T06:24:53Z,simulado
crm,crm_equipo,2026-07-29T10:11:15Z,simulado
crm,crm_equipo,2026-07-29T14:09:41Z,simulado
crm,crm_equipo,2026-07-29T18:17:31Z,simulado
crm,crm_equipo,2026-07-29T22:21:42Z,simulado
crm,crm_equipo,2026-07-30T02:16:57Z,simulado
crm,crm_equipo,2026-07-30T06:13:04Z,simulado
crm,crm_equipo,2026-07-30T10:13:30Z,simulado
crm,crm_equipo,2026-07-30T14:09:41Z,simulado
crm,crm_equipo,2026-07-30T18:39:35Z,simulado
crm,crm_equipo,2026-07-30T22:16:22Z,simulado
crm,crm_equipo,2026-07-31T02:13:19Z,simulado
crm,crm_equipo,2026-07-31T06:16:41Z,simulado
crm,crm_equipo,2026-07-31T10:14:08Z,simulado
crm,crm_equipo,2026-07-31T14:17:31Z,simulado
crm,crm_equipo,2026-07-31T18:27:55Z,simulado
crm,crm_equipo,2026-07-31T22:09:44Z,simulado
crm,crm_equipo,2026-08-01T02:10:02Z,simulado
crm,crm_equipo,2026-08-01T06:14:40Z,simulado
crm,crm_equipo,2026-08-01T10:11:49Z,simulado
crm,crm_equipo,2026-08-01T14:17:27Z,simulado
crm,crm_equipo,2026-08-01T18:13:00Z,simulado
crm,crm_equipo,2026-08-01T22:11:41Z,simulado
crm,crm_equipo,2026-08-02T02:20:16Z,simulado
crm,crm_equipo,2026-08-02T06:14:51Z,simulado
crm,crm_equipo,2026-08-02T10:18:54Z,simulado
crm,crm_equipo,2026-08-02T14:08:24Z,simulado
crm,crm_equipo,2026-08-02T22:09:52Z,simulado
crm,crm_equipo,2026-08-03T02:10:40Z,simulado
crm,crm_equipo,2026-08-03T06:25:28Z,simulado
crm,crm_equipo,2026-08-03T10:13:43Z,simulado
crm,crm_equipo,2026-08-03T14:21:47Z,simulado
crm,crm_equipo,2026-08-03T18:14:23Z,simulado
crm,crm_equipo,2026-08-03T22:09:11Z,simulado
crm,crm_equipo,2026-08-04T02:10:20Z,simulado
crm,crm_equipo,2026-08-04T06:16:40Z,simulado
crm,crm_equipo,2026-08-04T10:19:52Z,simulado
crm,crm_equipo,2026-08-04T14:18:40Z,simulado
crm,crm_equipo,2026-08-05T02:12:42Z,simulado
crm,crm_equipo,2026-08-05T06:16:15Z,simulado
crm,crm_equipo,2026-08-05T10:20:59Z,simulado
crm,crm_equipo,2026-08-05T18:16:17Z,simulado
crm,crm_equipo,2026-08-05T22:18:07Z,simulado
crm,crm_equipo,2026-08-06T02:13:26Z,simulado
crm,crm_equipo,2026-08-06T06:09:28Z,simulado
crm,crm_equipo,2026-08-06T10:16:17Z,simulado
crm,crm_equipo,2026-08-06T14:10:43Z,simulado
crm,crm_equipo,2026-08-06T18:12:53Z,simulado
crm,crm_equipo,2026-08-07T02:24:32Z,simulado
crm,crm_equipo,2026-08-07T06:30:18Z,simulado
crm,crm_equipo,2026-08-07T10:15:38Z,simulado
crm,crm_equipo,2026-08-07T14:09:15Z,simulado
crm,crm_equipo,2026-08-07T18:14:20Z,simulado
crm,crm_equipo,2026-08-07T22:17:15Z,simulado
crm,crm_equipo,2026-08-08T02:15:05Z,simulado
crm,crm_equipo,2026-08-08T06:22:20Z,simulado
crm,crm_equipo,2026-08-08T10:16:18Z,simulado
crm,crm_equipo,2026-08-08T14:12:44Z,simulado
crm,crm_equipo,2026-08-08T18:12:50Z,simulado
crm,crm_equipo,2026-08-08T22:18:29Z,simulado
crm,crm_equipo,2026-08-09T02:17:02Z,simulado
crm,crm_equipo,2026-08-09T06:13:38Z,simulado
crm,crm_equipo,2026-08-09T10:15:17Z,simulado
crm,crm_equipo,2026-08-09T14:10:01Z,simulado
crm,crm_equipo,2026-08-09T18:13:29Z,simulado
crm,crm_equipo,2026-08-09T22:16:48Z,simulado
crm,crm_equipo,2026-08-10T06:16:57Z,simulado
crm,crm_equipo,2026-08-10T10:21:13Z,simulado
crm,crm_equipo,2026-08-10T14:12:00Z,simulado
crm,crm_equipo,2026-08-10T18:10:37Z,simulado
crm,crm_equipo,2026-08-10T22:08:34Z,simulado
crm,crm_equipo,2026-08-11T02:09:06Z,simulado
crm,crm_equipo,2026-08-11T06:18:19Z,simulado
crm,crm_equipo,2026-08-11T10:17:49Z,simulado
crm,crm_equipo,2026-08-11T14:22:03Z,simulado
crm,crm_equipo,2026-08-11T18:15:03Z,simulado
crm,crm_equipo,2026-08-11T22:10:25Z,simulado
crm,crm_equipo,2026-08-12T02:13:14Z,simulado
crm,crm_equipo,2026-08-12T06:10:46Z,simulado
crm,crm_equipo,2026-08-12T10:26:24Z,simulado
crm,crm_equipo,2026-08-12T14:23:02Z,simulado
crm,crm_equipo,2026-08-12T18:26:37Z,simulado
crm,crm_equipo,2026-08-12T22:14:31Z,simulado
crm,crm_equipo,2026-08-13T06:13:43Z,simulado
crm,crm_equipo,2026-08-13T10:13:25Z,simulado
crm,crm_equipo,2026-08-13T14:12:34Z,simulado
crm,crm_equipo,2026-08-13T18:09:44Z,simulado
crm,crm_equipo,2026-08-13T22:13:38Z,simulado
crm,crm_equipo,2026-08-14T02:13:18Z,simulado
crm,crm_equipo,2026-08-14T06:14:06Z,simulado
crm,crm_equipo,2026-08-14T10:19:35Z,simulado
crm,crm_equipo,2026-08-14T14:15:51Z,simulado
crm,crm_equipo,2026-08-14T18:15:10Z,simulado
crm,crm_equipo,2026-08-14T22:15:05Z,simulado
crm,crm_equipo,2026-08-15T02:26:57Z,simulado
crm,crm_equipo,2026-08-15T06:13:25Z,simulado
crm,crm_equipo,2026-08-15T10:13:12Z,simulado
crm,crm_equipo,2026-08-15T14:32:22Z,simulado
crm,crm_equipo,2026-08-15T18:14:33Z,simulado
crm,crm_equipo,2026-08-15T22:27:52Z,simulado
crm,crm_equipo,2026-08-16T02:12:48Z,simulado
crm,crm_equipo,2026-08-16T06:18:49Z,simulado
crm,crm_equipo,2026-08-16T10:16:33Z,simulado
crm,crm_equipo,2026-08-16T14:13:16Z,simulado
crm,crm_equipo,2026-08-16T18:20:00Z,simulado
crm,crm_equipo,2026-08-16T22:12:12Z,simulado
crm,crm_equipo,2026-08-17T02:10:30Z,simulado
crm,crm_equipo,2026-08-17T06:30:04Z,simulado
crm,crm_equipo,2026-08-17T10:08:56Z,simulado
crm,crm_equipo,2026-08-17T14:10:54Z,simulado
crm,crm_equipo,2026-08-17T18:12:59Z,simulado
crm,crm_equipo,2026-08-17T22:14:11Z,simulado
crm,crm_equipo,2026-08-18T06:12:31Z,simulado
crm,crm_equipo,2026-08-18T10:09:54Z,simulado
crm,crm_equipo,2026-08-18T14:11:25Z,simulado
crm,crm_equipo,2026-08-18T18:18:37Z,simulado
crm,crm_equipo,2026-08-18T22:28:47Z,simulado
crm,crm_equipo,2026-08-19T02:19:52Z,simulado
crm,crm_equipo,2026-08-19T06:09:18Z,simulado
crm,crm_equipo,2026-08-19T10:16:59Z,simulado
crm,crm_equipo,2026-08-19T18:14:16Z,simulado
crm,crm_equipo,2026-08-19T22:13:04Z,simulado
crm,crm_equipo,2026-08-20T02:22:26Z,simulado
crm,crm_equipo,2026-08-20T06:12:44Z,simulado
crm,crm_equipo,2026-08-20T10:26:16Z,simulado
crm,crm_equipo,2026-08-20T14:14:03Z,simulado
crm,crm_equipo,2026-08-20T18:10:10Z,simulado
crm,crm_equipo,2026-08-20T22:12:44Z,simulado
crm,crm_equipo,2026-08-21T02:26:34Z,simulado
crm,crm_equipo,2026-08-21T06:12:20Z,simulado
crm,crm_equipo,2026-08-21T10:09:55Z,simulado
crm,crm_equipo,2026-08-21T14:15:02Z,simulado
crm,crm_equipo,2026-08-21T18:08:23Z,simulado
crm,crm_equipo,2026-08-21T22:19:34Z,simulado
crm,crm_equipo,2026-08-22T02:22:42Z,simulado
crm,crm_equipo,2026-08-22T06:09:19Z,simulado
crm,crm_equipo,2026-08-22T10:15:43Z,simulado
crm,crm_equipo,2026-08-22T14:14:48Z,simulado
crm,crm_equipo,2026-08-22T18:10:32Z,simulado
crm,crm_equipo,2026-08-22T22:28:49Z,simulado
crm,crm_equipo,2026-08-23T02:22:55Z,simulado
crm,crm_equipo,2026-08-23T06:21:29Z,simulado
crm,crm_equipo,2026-08-23T10:14:09Z,simulado
crm,crm_equipo,2026-08-23T14:23:26Z,simulado
crm,crm_equipo,2026-08-23T18:16:46Z,simulado
crm,crm_equipo,2026-08-23T22:08:30Z,simulado
crm,crm_equipo,2026-08-24T02:25:44Z,simulado
crm,crm_equipo,2026-08-24T06:13:48Z,simulado
crm,crm_equipo,2026-08-24T10:13:03Z,simulado
crm,crm_equipo,2026-08-24T14:16:52Z,simulado
crm,crm_equipo,2026-08-24T18:09:34Z,simulado
crm,crm_equipo,2026-08-24T22:07:27Z,simulado
crm,crm_equipo,2026-08-25T02:14:49Z,simulado
crm,crm_equipo,2026-08-25T06:11:40Z,simulado
crm,crm_equipo,2026-08-25T10:26:30Z,simulado
crm,crm_equipo,2026-08-25T14:20:02Z,simulado
crm,crm_equipo,2026-08-25T18:14:18Z,simulado
crm,crm_equipo,2026-08-25T22:09:38Z,simulado
crm,crm_equipo,2026-08-26T02:25:18Z,simulado
crm,crm_equipo,2026-08-26T06:15:16Z,simulado
crm,crm_equipo,2026-08-26T10:11:14Z,simulado
crm,crm_equipo,2026-08-26T14:14:43Z,simulado
crm,crm_equipo,2026-08-26T18:10:27Z,simulado
crm,crm_equipo,2026-08-26T22:12:08Z,simulado
crm,crm_equipo,2026-08-27T02:13:42Z,simulado
crm,crm_equipo,2026-08-27T06:14:28Z,simulado
crm,crm_equipo,2026-08-27T10:14:27Z,simulado
crm,crm_equipo,2026-08-27T14:22:45Z,simulado
crm,crm_equipo,2026-08-27T18:11:08Z,simulado
crm,crm_equipo,2026-08-27T22:13:32Z,simulado
crm,crm_equipo,2026-08-28T02:13:49Z,simulado
crm,crm_equipo,2026-08-28T06:13:58Z,simulado
crm,crm_equipo,2026-08-28T10:20:32Z,simulado
crm,crm_equipo,2026-08-28T14:10:52Z,simulado
crm,crm_equipo,2026-08-28T18:10:58Z,simulado
crm,crm_equipo,2026-08-28T22:11:20Z,simulado
crm,crm_equipo,2026-08-29T06:12:58Z,simulado
crm,crm_equipo,2026-08-29T10:13:41Z,simulado
crm,crm_equipo,2026-08-29T14:24:21Z,simulado
crm,crm_equipo,2026-08-29T18:12:02Z,simulado
crm,crm_equipo,2026-08-29T22:24:04Z,simulado
crm,crm_equipo,2026-08-30T06:16:45Z,simulado
crm,crm_equipo,2026-08-30T10:23:22Z,simulado
crm,crm_equipo,2026-08-30T14:14:28Z,simulado
crm,crm_equipo,2026-08-30T22:22:48Z,simulado
crm,crm_equipo,2026-08-31T02:13:33Z,simulado
crm,crm_equipo,2026-08-31T06:16:52Z,simulado
crm,crm_equipo,2026-08-31T10:15:06Z,simulado
crm,crm_equipo,2026-08-31T14:11:21Z,simulado
crm,crm_equipo,2026-08-31T18:14:25Z,simulado
crm,crm_equipo,2026-08-31T22:14:32Z,simulado
crm,crm_equipo,2026-09-01T02:27:59Z,simulado
crm,crm_equipo,2026-09-01T06:23:15Z,simulado
crm,crm_equipo,2026-09-01T10:13:33Z,simulado
crm,crm_equipo,2026-09-01T14:15:42Z,simulado
crm,crm_equipo,2026-09-01T18:12:16Z,simulado
crm,crm_equipo,2026-09-01T22:13:43Z,simulado
crm,crm_equipo,2026-09-02T02:12:13Z,simulado
crm,crm_equipo,2026-09-02T06:16:28Z,simulado
crm,crm_equipo,2026-09-02T10:11:56Z,simulado
crm,crm_equipo,2026-09-02T14:12:58Z,simulado
crm,crm_equipo,2026-09-02T18:13:11Z,simulado
crm,crm_equipo,2026-09-02T22:11:29Z,simulado
crm,crm_equipo,2026-09-03T02:28:16Z,simulado
crm,crm_equipo,2026-09-03T06:19:25Z,simulado
crm,crm_equipo,2026-09-03T10:15:19Z,simulado
crm,crm_equipo,2026-09-03T18:21:36Z,simulado
crm,crm_equipo,2026-09-03T22:13:30Z,simulado
crm,crm_equipo,2026-09-04T02:12:08Z,simulado
crm,crm_equipo,2026-09-04T06:16:36Z,simulado
crm,crm_equipo,2026-09-04T10:14:32Z,simulado
crm,crm_equipo,2026-09-04T14:14:24Z,simulado
crm,crm_equipo,2026-09-04T22:13:14Z,simulado
crm,crm_equipo,2026-09-05T02:33:33Z,simulado
crm,crm_equipo,2026-09-05T06:10:01Z,simulado
crm,crm_equipo,2026-09-05T10:08:59Z,simulado
crm,crm_equipo,2026-09-05T14:14:09Z,simulado
crm,crm_equipo,2026-09-05T18:15:58Z,simulado
crm,crm_equipo,2026-09-06T02:11:20Z,simulado
crm,crm_equipo,2026-09-06T06:13:48Z,simulado
crm,crm_equipo,2026-09-06T10:12:25Z,simulado
crm,crm_equipo,2026-09-06T14:12:42Z,simulado
crm,crm_equipo,2026-09-06T18:25:12Z,simulado
crm,crm_equipo,2026-09-06T22:11:17Z,simulado
crm,crm_equipo,2026-09-07T02:13:57Z,simulado
crm,crm_equipo,2026-09-07T06:09:28Z,simulado
crm,crm_equipo,2026-09-07T10:14:13Z,simulado
crm,crm_equipo,2026-09-07T14:13:22Z,simulado
crm,crm_equipo,2026-09-07T22:10:04Z,simulado
crm,crm_equipo,2026-09-08T02:14:44Z,simulado
crm,crm_equipo,2026-09-08T06:16:35Z,simulado
crm,crm_equipo,2026-09-08T10:37:41Z,simulado
crm,crm_equipo,2026-09-08T14:12:11Z,simulado
crm,crm_equipo,2026-09-08T18:17:27Z,simulado
crm,crm_equipo,2026-09-09T02:10:57Z,simulado
crm,crm_equipo,2026-09-09T06:11:47Z,simulado
crm,crm_equipo,2026-09-09T10:10:22Z,simulado
crm,crm_equipo,2026-09-09T14:19:10Z,simulado
crm,crm_equipo,2026-09-09T18:13:15Z,simulado
crm,crm_equipo,2026-09-09T22:12:14Z,simulado
crm,crm_equipo,2026-09-10T02:16:36Z,simulado
crm,crm_equipo,2026-09-10T06:12:21Z,simulado
crm,crm_equipo,2026-09-10T10:11:58Z,simulado
crm,crm_equipo,2026-09-10T14:13:12Z,simulado
crm,crm_equipo,2026-09-10T18:08:31Z,simulado
crm,crm_equipo,2026-09-10T22:30:49Z,simulado
crm,crm_equipo,2026-09-11T02:07:31Z,simulado
crm,crm_equipo,2026-09-11T06:20:04Z,simulado
crm,crm_equipo,2026-09-11T10:19:49Z,simulado
crm,crm_equipo,2026-09-11T14:19:20Z,simulado
crm,crm_equipo,2026-09-11T18:15:03Z,simulado
crm,crm_equipo,2026-09-11T22:17:53Z,simulado
crm,crm_equipo,2026-09-12T02:10:56Z,simulado
crm,crm_equipo,2026-09-12T06:13:58Z,simulado
crm,crm_equipo,2026-09-12T10:29:30Z,simulado
crm,crm_equipo,2026-09-12T14:15:54Z,simulado
crm,crm_equipo,2026-09-12T18:18:05Z,simulado
crm,crm_equipo,2026-09-12T22:21:43Z,simulado
crm,crm_equipo,2026-09-13T02:09:48Z,simulado
crm,crm_equipo,2026-09-13T06:39:08Z,simulado
crm,crm_equipo,2026-09-13T10:16:12Z,simulado
crm,crm_equipo,2026-09-13T14:22:29Z,simulado
crm,crm_equipo,2026-09-13T18:19:39Z,simulado
crm,crm_equipo,2026-09-13T22:13:05Z,simulado
crm,crm_equipo,2026-09-14T02:08:37Z,simulado
crm,crm_equipo,2026-09-14T06:18:50Z,simulado
crm,crm_equipo,2026-09-14T10:12:30Z,simulado
crm,crm_equipo,2026-09-14T18:20:54Z,simulado
crm,crm_equipo,2026-09-14T22:15:22Z,simulado
crm,crm_equipo,2026-09-16T10:11:11Z,simulado
crm,crm_equipo,2026-09-16T18:12:43Z,simulado
crm,crm_equipo,2026-09-16T22:28:18Z,simulado
crm,crm_equipo,2026-09-17T02:14:55Z,simulado
crm,crm_equipo,2026-09-17T06:22:52Z,simulado
crm,crm_equipo,2026-09-17T10:17:19Z,simulado
crm,crm_equipo,2026-09-17T14:26:01Z,simulado
crm,crm_equipo,2026-09-17T18:24:44Z,simulado
crm,crm_equipo,2026-09-17T22:19:53Z,simulado
crm,crm_equipo,2026-09-18T02:12:35Z,simulado
crm,crm_equipo,2026-09-18T06:19:49Z,simulado
crm,crm_equipo,2026-09-18T14:16:59Z,simulado
crm,crm_equipo,2026-09-18T22:16:38Z,simulado
crm,crm_equipo,2026-09-19T02:13:53Z,simulado
crm,crm_equipo,2026-09-19T06:26:11Z,simulado
crm,crm_equipo,2026-09-19T10:23:20Z,simulado
crm,crm_equipo,2026-09-19T14:30:09Z,simulado
crm,crm_equipo,2026-09-19T18:33:25Z,simulado
crm,crm_equipo,2026-09-20T02:18:54Z,simulado
crm,crm_equipo,2026-09-20T06:17:14Z,simulado
crm,crm_equipo,2026-09-20T10:15:53Z,simulado
crm,crm_equipo,2026-09-20T14:14:20Z,simulado
crm,crm_equipo,2026-09-20T18:16:29Z,simulado
crm,crm_equipo,2026-09-20T22:14:09Z,simulado
crm,crm_equipo,2026-09-21T02:18:46Z,simulado
crm,crm_equipo,2026-09-21T06:22:51Z,simulado
crm,crm_equipo,2026-09-21T10:04:51Z,dbt
crm,crm_meta_venta,2026-07-09T02:17:18Z,simulado
crm,crm_meta_venta,2026-07-09T06:33:09Z,simulado
crm,crm_meta_venta,2026-07-09T14:16:56Z,simulado
crm,crm_meta_venta,2026-07-09T18:22:00Z,simulado
crm,crm_meta_venta,2026-07-10T02:16:14Z,simulado
crm,crm_meta_venta,2026-07-10T06:13:30Z,simulado
crm,crm_meta_venta,2026-07-10T10:09:31Z,simulado
crm,crm_meta_venta,2026-07-10T14:10:13Z,simulado
crm,crm_meta_venta,2026-07-10T18:17:10Z,simulado
crm,crm_meta_venta,2026-07-10T22:14:28Z,simulado
crm,crm_meta_venta,2026-07-11T02:23:44Z,simulado
crm,crm_meta_venta,2026-07-11T06:13:07Z,simulado
crm,crm_meta_venta,2026-07-11T10:21:40Z,simulado
crm,crm_meta_venta,2026-07-11T18:18:59Z,simulado
crm,crm_meta_venta,2026-07-11T22:11:29Z,simulado
crm,crm_meta_venta,2026-07-12T02:14:31Z,simulado
crm,crm_meta_venta,2026-07-12T06:12:40Z,simulado
crm,crm_meta_venta,2026-07-12T18:18:24Z,simulado
crm,crm_meta_venta,2026-07-12T22:17:00Z,simulado
crm,crm_meta_venta,2026-07-13T02:12:17Z,simulado
crm,crm_meta_venta,2026-07-13T06:15:39Z,simulado
crm,crm_meta_venta,2026-07-13T14:13:34Z,simulado
crm,crm_meta_venta,2026-07-13T18:12:03Z,simulado
crm,crm_meta_venta,2026-07-13T22:12:56Z,simulado
crm,crm_meta_venta,2026-07-14T02:12:30Z,simulado
crm,crm_meta_venta,2026-07-14T06:23:52Z,simulado
crm,crm_meta_venta,2026-07-14T10:12:26Z,simulado
crm,crm_meta_venta,2026-07-14T14:11:24Z,simulado
crm,crm_meta_venta,2026-07-14T22:11:21Z,simulado
crm,crm_meta_venta,2026-07-15T02:18:40Z,simulado
crm,crm_meta_venta,2026-07-15T06:15:01Z,simulado
crm,crm_meta_venta,2026-07-15T10:12:55Z,simulado
crm,crm_meta_venta,2026-07-15T14:13:48Z,simulado
crm,crm_meta_venta,2026-07-15T18:15:12Z,simulado
crm,crm_meta_venta,2026-07-15T22:10:42Z,simulado
crm,crm_meta_venta,2026-07-16T02:14:22Z,simulado
crm,crm_meta_venta,2026-07-16T06:13:51Z,simulado
crm,crm_meta_venta,2026-07-16T10:15:52Z,simulado
crm,crm_meta_venta,2026-07-16T14:19:34Z,simulado
crm,crm_meta_venta,2026-07-16T18:11:23Z,simulado
crm,crm_meta_venta,2026-07-16T22:25:01Z,simulado
crm,crm_meta_venta,2026-07-17T02:09:01Z,simulado
crm,crm_meta_venta,2026-07-17T06:11:00Z,simulado
crm,crm_meta_venta,2026-07-17T10:23:30Z,simulado
crm,crm_meta_venta,2026-07-17T14:10:53Z,simulado
crm,crm_meta_venta,2026-07-17T18:16:49Z,simulado
crm,crm_meta_venta,2026-07-17T22:42:17Z,simulado
crm,crm_meta_venta,2026-07-18T06:15:36Z,simulado
crm,crm_meta_venta,2026-07-18T10:19:58Z,simulado
crm,crm_meta_venta,2026-07-18T14:19:32Z,simulado
crm,crm_meta_venta,2026-07-18T18:19:48Z,simulado
crm,crm_meta_venta,2026-07-18T22:11:58Z,simulado
crm,crm_meta_venta,2026-07-19T02:15:58Z,simulado
crm,crm_meta_venta,2026-07-19T10:29:06Z,simulado
crm,crm_meta_venta,2026-07-19T14:10:24Z,simulado
crm,crm_meta_venta,2026-07-19T18:15:08Z,simulado
crm,crm_meta_venta,2026-07-19T22:09:07Z,simulado
crm,crm_meta_venta,2026-07-20T02:27:01Z,simulado
crm,crm_meta_venta,2026-07-20T06:14:04Z,simulado
crm,crm_meta_venta,2026-07-20T10:16:14Z,simulado
crm,crm_meta_venta,2026-07-20T14:14:41Z,simulado
crm,crm_meta_venta,2026-07-20T18:07:56Z,simulado
crm,crm_meta_venta,2026-07-20T22:13:47Z,simulado
crm,crm_meta_venta,2026-07-21T02:12:31Z,simulado
crm,crm_meta_venta,2026-07-21T06:18:36Z,simulado
crm,crm_meta_venta,2026-07-21T14:15:59Z,simulado
crm,crm_meta_venta,2026-07-21T18:13:17Z,simulado
crm,crm_meta_venta,2026-07-21T22:18:16Z,simulado
crm,crm_meta_venta,2026-07-22T02:18:38Z,simulado
crm,crm_meta_venta,2026-07-22T06:23:39Z,simulado
crm,crm_meta_venta,2026-07-22T10:12:57Z,simulado
crm,crm_meta_venta,2026-07-22T14:10:21Z,simulado
crm,crm_meta_venta,2026-07-22T18:10:29Z,simulado
crm,crm_meta_venta,2026-07-22T22:11:11Z,simulado
crm,crm_meta_venta,2026-07-23T02:15:56Z,simulado
crm,crm_meta_venta,2026-07-23T06:12:01Z,simulado
crm,crm_meta_venta,2026-07-23T10:15:24Z,simulado
crm,crm_meta_venta,2026-07-23T14:44:24Z,simulado
crm,crm_meta_venta,2026-07-23T22:18:33Z,simulado
crm,crm_meta_venta,2026-07-24T02:18:48Z,simulado
crm,crm_meta_venta,2026-07-24T10:10:40Z,simulado
crm,crm_meta_venta,2026-07-24T14:17:12Z,simulado
crm,crm_meta_venta,2026-07-24T18:10:26Z,simulado
crm,crm_meta_venta,2026-07-24T22:21:58Z,simulado
crm,crm_meta_venta,2026-07-25T02:13:07Z,simulado
crm,crm_meta_venta,2026-07-25T06:11:10Z,simulado
crm,crm_meta_venta,2026-07-25T10:24:59Z,simulado
crm,crm_meta_venta,2026-07-25T14:21:16Z,simulado
crm,crm_meta_venta,2026-07-25T18:21:17Z,simulado
crm,crm_meta_venta,2026-07-25T22:12:14Z,simulado
crm,crm_meta_venta,2026-07-26T02:11:50Z,simulado
crm,crm_meta_venta,2026-07-26T06:15:59Z,simulado
crm,crm_meta_venta,2026-07-26T10:11:35Z,simulado
crm,crm_meta_venta,2026-07-26T14:09:27Z,simulado
crm,crm_meta_venta,2026-07-26T18:12:40Z,simulado
crm,crm_meta_venta,2026-07-26T22:11:10Z,simulado
crm,crm_meta_venta,2026-07-27T02:24:52Z,simulado
crm,crm_meta_venta,2026-07-27T06:12:48Z,simulado
crm,crm_meta_venta,2026-07-27T10:19:25Z,simulado
crm,crm_meta_venta,2026-07-27T14:15:52Z,simulado
crm,crm_meta_venta,2026-07-27T18:22:45Z,simulado
crm,crm_meta_venta,2026-07-27T22:13:21Z,simulado
crm,crm_meta_venta,2026-07-28T02:18:00Z,simulado
crm,crm_meta_venta,2026-07-28T06:17:20Z,simulado
crm,crm_meta_venta,2026-07-28T10:23:05Z,simulado
crm,crm_meta_venta,2026-07-28T14:23:24Z,simulado
crm,crm_meta_venta,2026-07-28T18:18:30Z,simulado
crm,crm_meta_venta,2026-07-28T22:14:03Z,simulado
crm,crm_meta_venta,2026-07-29T02:13:59Z,simulado
crm,crm_meta_venta,2026-07-29T06:24:53Z,simulado
crm,crm_meta_venta,2026-07-29T10:11:15Z,simulado
crm,crm_meta_venta,2026-07-29T14:09:41Z,simulado
crm,crm_meta_venta,2026-07-29T18:17:31Z,simulado
crm,crm_meta_venta,2026-07-29T22:21:42Z,simulado
crm,crm_meta_venta,2026-07-30T02:16:57Z,simulado
crm,crm_meta_venta,2026-07-30T06:13:04Z,simulado
crm,crm_meta_venta,2026-07-30T10:13:30Z,simulado
crm,crm_meta_venta,2026-07-30T14:09:41Z,simulado
crm,crm_meta_venta,2026-07-30T18:39:35Z,simulado
crm,crm_meta_venta,2026-07-30T22:16:22Z,simulado
crm,crm_meta_venta,2026-07-31T02:13:19Z,simulado
crm,crm_meta_venta,2026-07-31T06:16:41Z,simulado
crm,crm_meta_venta,2026-07-31T10:14:08Z,simulado
crm,crm_meta_venta,2026-07-31T14:17:31Z,simulado
crm,crm_meta_venta,2026-07-31T18:27:55Z,simulado
crm,crm_meta_venta,2026-07-31T22:09:44Z,simulado
crm,crm_meta_venta,2026-08-01T02:10:02Z,simulado
crm,crm_meta_venta,2026-08-01T06:14:40Z,simulado
crm,crm_meta_venta,2026-08-01T10:11:49Z,simulado
crm,crm_meta_venta,2026-08-01T14:17:27Z,simulado
crm,crm_meta_venta,2026-08-01T18:13:00Z,simulado
crm,crm_meta_venta,2026-08-01T22:11:41Z,simulado
crm,crm_meta_venta,2026-08-02T02:20:16Z,simulado
crm,crm_meta_venta,2026-08-02T06:14:51Z,simulado
crm,crm_meta_venta,2026-08-02T10:18:54Z,simulado
crm,crm_meta_venta,2026-08-02T14:08:24Z,simulado
crm,crm_meta_venta,2026-08-02T22:09:52Z,simulado
crm,crm_meta_venta,2026-08-03T02:10:40Z,simulado
crm,crm_meta_venta,2026-08-03T06:25:28Z,simulado
crm,crm_meta_venta,2026-08-03T10:13:43Z,simulado
crm,crm_meta_venta,2026-08-03T14:21:47Z,simulado
crm,crm_meta_venta,2026-08-03T18:14:23Z,simulado
crm,crm_meta_venta,2026-08-03T22:09:11Z,simulado
crm,crm_meta_venta,2026-08-04T02:10:20Z,simulado
crm,crm_meta_venta,2026-08-04T06:16:40Z,simulado
crm,crm_meta_venta,2026-08-04T10:19:52Z,simulado
crm,crm_meta_venta,2026-08-04T14:18:40Z,simulado
crm,crm_meta_venta,2026-08-05T02:12:42Z,simulado
crm,crm_meta_venta,2026-08-05T06:16:15Z,simulado
crm,crm_meta_venta,2026-08-05T10:20:59Z,simulado
crm,crm_meta_venta,2026-08-05T18:16:17Z,simulado
crm,crm_meta_venta,2026-08-05T22:18:07Z,simulado
crm,crm_meta_venta,2026-08-06T02:13:26Z,simulado
crm,crm_meta_venta,2026-08-06T06:09:28Z,simulado
crm,crm_meta_venta,2026-08-06T10:16:17Z,simulado
crm,crm_meta_venta,2026-08-06T14:10:43Z,simulado
crm,crm_meta_venta,2026-08-06T18:12:53Z,simulado
crm,crm_meta_venta,2026-08-07T02:24:32Z,simulado
crm,crm_meta_venta,2026-08-07T06:30:18Z,simulado
crm,crm_meta_venta,2026-08-07T10:15:38Z,simulado
crm,crm_meta_venta,2026-08-07T14:09:15Z,simulado
crm,crm_meta_venta,2026-08-07T18:14:20Z,simulado
crm,crm_meta_venta,2026-08-07T22:17:15Z,simulado
crm,crm_meta_venta,2026-08-08T02:15:05Z,simulado
crm,crm_meta_venta,2026-08-08T06:22:20Z,simulado
crm,crm_meta_venta,2026-08-08T10:16:18Z,simulado
crm,crm_meta_venta,2026-08-08T14:12:44Z,simulado
crm,crm_meta_venta,2026-08-08T18:12:50Z,simulado
crm,crm_meta_venta,2026-08-08T22:18:29Z,simulado
crm,crm_meta_venta,2026-08-09T02:17:02Z,simulado
crm,crm_meta_venta,2026-08-09T06:13:38Z,simulado
crm,crm_meta_venta,2026-08-09T10:15:17Z,simulado
crm,crm_meta_venta,2026-08-09T14:10:01Z,simulado
crm,crm_meta_venta,2026-08-09T18:13:29Z,simulado
crm,crm_meta_venta,2026-08-09T22:16:48Z,simulado
crm,crm_meta_venta,2026-08-10T06:16:57Z,simulado
crm,crm_meta_venta,2026-08-10T10:21:13Z,simulado
crm,crm_meta_venta,2026-08-10T14:12:00Z,simulado
crm,crm_meta_venta,2026-08-10T18:10:37Z,simulado
crm,crm_meta_venta,2026-08-10T22:08:34Z,simulado
crm,crm_meta_venta,2026-08-11T02:09:06Z,simulado
crm,crm_meta_venta,2026-08-11T06:18:19Z,simulado
crm,crm_meta_venta,2026-08-11T10:17:49Z,simulado
crm,crm_meta_venta,2026-08-11T14:22:03Z,simulado
crm,crm_meta_venta,2026-08-11T18:15:03Z,simulado
crm,crm_meta_venta,2026-08-11T22:10:25Z,simulado
crm,crm_meta_venta,2026-08-12T02:13:14Z,simulado
crm,crm_meta_venta,2026-08-12T06:10:46Z,simulado
crm,crm_meta_venta,2026-08-12T10:26:24Z,simulado
crm,crm_meta_venta,2026-08-12T14:23:02Z,simulado
crm,crm_meta_venta,2026-08-12T18:26:37Z,simulado
crm,crm_meta_venta,2026-08-12T22:14:31Z,simulado
crm,crm_meta_venta,2026-08-13T06:13:43Z,simulado
crm,crm_meta_venta,2026-08-13T10:13:25Z,simulado
crm,crm_meta_venta,2026-08-13T14:12:34Z,simulado
crm,crm_meta_venta,2026-08-13T18:09:44Z,simulado
crm,crm_meta_venta,2026-08-13T22:13:38Z,simulado
crm,crm_meta_venta,2026-08-14T02:13:18Z,simulado
crm,crm_meta_venta,2026-08-14T06:14:06Z,simulado
crm,crm_meta_venta,2026-08-14T10:19:35Z,simulado
crm,crm_meta_venta,2026-08-14T14:15:51Z,simulado
crm,crm_meta_venta,2026-08-14T18:15:10Z,simulado
crm,crm_meta_venta,2026-08-14T22:15:05Z,simulado
crm,crm_meta_venta,2026-08-15T02:26:57Z,simulado
crm,crm_meta_venta,2026-08-15T06:13:25Z,simulado
crm,crm_meta_venta,2026-08-15T10:13:12Z,simulado
crm,crm_meta_venta,2026-08-15T14:32:22Z,simulado
crm,crm_meta_venta,2026-08-15T18:14:33Z,simulado
crm,crm_meta_venta,2026-08-15T22:27:52Z,simulado
crm,crm_meta_venta,2026-08-16T02:12:48Z,simulado
crm,crm_meta_venta,2026-08-16T06:18:49Z,simulado
crm,crm_meta_venta,2026-08-16T10:16:33Z,simulado
crm,crm_meta_venta,2026-08-16T14:13:16Z,simulado
crm,crm_meta_venta,2026-08-16T18:20:00Z,simulado
crm,crm_meta_venta,2026-08-16T22:12:12Z,simulado
crm,crm_meta_venta,2026-08-17T02:10:30Z,simulado
crm,crm_meta_venta,2026-08-17T06:30:04Z,simulado
crm,crm_meta_venta,2026-08-17T10:08:56Z,simulado
crm,crm_meta_venta,2026-08-17T14:10:54Z,simulado
crm,crm_meta_venta,2026-08-17T18:12:59Z,simulado
crm,crm_meta_venta,2026-08-17T22:14:11Z,simulado
crm,crm_meta_venta,2026-08-18T06:12:31Z,simulado
crm,crm_meta_venta,2026-08-18T10:09:54Z,simulado
crm,crm_meta_venta,2026-08-18T14:11:25Z,simulado
crm,crm_meta_venta,2026-08-18T18:18:37Z,simulado
crm,crm_meta_venta,2026-08-18T22:28:47Z,simulado
crm,crm_meta_venta,2026-08-19T02:19:52Z,simulado
crm,crm_meta_venta,2026-08-19T06:09:18Z,simulado
crm,crm_meta_venta,2026-08-19T10:16:59Z,simulado
crm,crm_meta_venta,2026-08-19T18:14:16Z,simulado
crm,crm_meta_venta,2026-08-19T22:13:04Z,simulado
crm,crm_meta_venta,2026-08-20T02:22:26Z,simulado
crm,crm_meta_venta,2026-08-20T06:12:44Z,simulado
crm,crm_meta_venta,2026-08-20T10:26:16Z,simulado
crm,crm_meta_venta,2026-08-20T14:14:03Z,simulado
crm,crm_meta_venta,2026-08-20T18:10:10Z,simulado
crm,crm_meta_venta,2026-08-20T22:12:44Z,simulado
crm,crm_meta_venta,2026-08-21T02:26:34Z,simulado
crm,crm_meta_venta,2026-08-21T06:12:20Z,simulado
crm,crm_meta_venta,2026-08-21T10:09:55Z,simulado
crm,crm_meta_venta,2026-08-21T14:15:02Z,simulado
crm,crm_meta_venta,2026-08-21T18:08:23Z,simulado
crm,crm_meta_venta,2026-08-21T22:19:34Z,simulado
crm,crm_meta_venta,2026-08-22T02:22:42Z,simulado
crm,crm_meta_venta,2026-08-22T06:09:19Z,simulado
crm,crm_meta_venta,2026-08-22T10:15:43Z,simulado
crm,crm_meta_venta,2026-08-22T14:14:48Z,simulado
crm,crm_meta_venta,2026-08-22T18:10:32Z,simulado
crm,crm_meta_venta,2026-08-22T22:28:49Z,simulado
crm,crm_meta_venta,2026-08-23T02:22:55Z,simulado
crm,crm_meta_venta,2026-08-23T06:21:29Z,simulado
crm,crm_meta_venta,2026-08-23T10:14:09Z,simulado
crm,crm_meta_venta,2026-08-23T14:23:26Z,simulado
crm,crm_meta_venta,2026-08-23T18:16:46Z,simulado
crm,crm_meta_venta,2026-08-23T22:08:30Z,simulado
crm,crm_meta_venta,2026-08-24T02:25:44Z,simulado
crm,crm_meta_venta,2026-08-24T06:13:48Z,simulado
crm,crm_meta_venta,2026-08-24T10:13:03Z,simulado
crm,crm_meta_venta,2026-08-24T14:16:52Z,simulado
crm,crm_meta_venta,2026-08-24T18:09:34Z,simulado
crm,crm_meta_venta,2026-08-24T22:07:27Z,simulado
crm,crm_meta_venta,2026-08-25T02:14:49Z,simulado
crm,crm_meta_venta,2026-08-25T06:11:40Z,simulado
crm,crm_meta_venta,2026-08-25T10:26:30Z,simulado
crm,crm_meta_venta,2026-08-25T14:20:02Z,simulado
crm,crm_meta_venta,2026-08-25T18:14:18Z,simulado
crm,crm_meta_venta,2026-08-25T22:09:38Z,simulado
crm,crm_meta_venta,2026-08-26T02:25:18Z,simulado
crm,crm_meta_venta,2026-08-26T06:15:16Z,simulado
crm,crm_meta_venta,2026-08-26T10:11:14Z,simulado
crm,crm_meta_venta,2026-08-26T14:14:43Z,simulado
crm,crm_meta_venta,2026-08-26T18:10:27Z,simulado
crm,crm_meta_venta,2026-08-26T22:12:08Z,simulado
crm,crm_meta_venta,2026-08-27T02:13:42Z,simulado
crm,crm_meta_venta,2026-08-27T06:14:28Z,simulado
crm,crm_meta_venta,2026-08-27T10:14:27Z,simulado
crm,crm_meta_venta,2026-08-27T14:22:45Z,simulado
crm,crm_meta_venta,2026-08-27T18:11:08Z,simulado
crm,crm_meta_venta,2026-08-27T22:13:32Z,simulado
crm,crm_meta_venta,2026-08-28T02:13:49Z,simulado
crm,crm_meta_venta,2026-08-28T06:13:58Z,simulado
crm,crm_meta_venta,2026-08-28T10:20:32Z,simulado
crm,crm_meta_venta,2026-08-28T14:10:52Z,simulado
crm,crm_meta_venta,2026-08-28T18:10:58Z,simulado
crm,crm_meta_venta,2026-08-28T22:11:20Z,simulado
crm,crm_meta_venta,2026-08-29T06:12:58Z,simulado
crm,crm_meta_venta,2026-08-29T10:13:41Z,simulado
crm,crm_meta_venta,2026-08-29T14:24:21Z,simulado
crm,crm_meta_venta,2026-08-29T18:12:02Z,simulado
crm,crm_meta_venta,2026-08-29T22:24:04Z,simulado
crm,crm_meta_venta,2026-08-30T06:16:45Z,simulado
crm,crm_meta_venta,2026-08-30T10:23:22Z,simulado
crm,crm_meta_venta,2026-08-30T14:14:28Z,simulado
crm,crm_meta_venta,2026-08-30T22:22:48Z,simulado
crm,crm_meta_venta,2026-08-31T02:13:33Z,simulado
crm,crm_meta_venta,2026-08-31T06:16:52Z,simulado
crm,crm_meta_venta,2026-08-31T10:15:06Z,simulado
crm,crm_meta_venta,2026-08-31T14:11:21Z,simulado
crm,crm_meta_venta,2026-08-31T18:14:25Z,simulado
crm,crm_meta_venta,2026-08-31T22:14:32Z,simulado
crm,crm_meta_venta,2026-09-01T02:27:59Z,simulado
crm,crm_meta_venta,2026-09-01T06:23:15Z,simulado
crm,crm_meta_venta,2026-09-01T10:13:33Z,simulado
crm,crm_meta_venta,2026-09-01T14:15:42Z,simulado
crm,crm_meta_venta,2026-09-01T18:12:16Z,simulado
crm,crm_meta_venta,2026-09-01T22:13:43Z,simulado
crm,crm_meta_venta,2026-09-02T02:12:13Z,simulado
crm,crm_meta_venta,2026-09-02T06:16:28Z,simulado
crm,crm_meta_venta,2026-09-02T10:11:56Z,simulado
crm,crm_meta_venta,2026-09-02T14:12:58Z,simulado
crm,crm_meta_venta,2026-09-02T18:13:11Z,simulado
crm,crm_meta_venta,2026-09-02T22:11:29Z,simulado
crm,crm_meta_venta,2026-09-03T02:28:16Z,simulado
crm,crm_meta_venta,2026-09-03T06:19:25Z,simulado
crm,crm_meta_venta,2026-09-03T10:15:19Z,simulado
crm,crm_meta_venta,2026-09-03T18:21:36Z,simulado
crm,crm_meta_venta,2026-09-03T22:13:30Z,simulado
crm,crm_meta_venta,2026-09-04T02:12:08Z,simulado
crm,crm_meta_venta,2026-09-04T06:16:36Z,simulado
crm,crm_meta_venta,2026-09-04T10:14:32Z,simulado
crm,crm_meta_venta,2026-09-04T14:14:24Z,simulado
crm,crm_meta_venta,2026-09-04T22:13:14Z,simulado
crm,crm_meta_venta,2026-09-05T02:33:33Z,simulado
crm,crm_meta_venta,2026-09-05T06:10:01Z,simulado
crm,crm_meta_venta,2026-09-05T10:08:59Z,simulado
crm,crm_meta_venta,2026-09-05T14:14:09Z,simulado
crm,crm_meta_venta,2026-09-05T18:15:58Z,simulado
crm,crm_meta_venta,2026-09-06T02:11:20Z,simulado
crm,crm_meta_venta,2026-09-06T06:13:48Z,simulado
crm,crm_meta_venta,2026-09-06T10:12:25Z,simulado
crm,crm_meta_venta,2026-09-06T14:12:42Z,simulado
crm,crm_meta_venta,2026-09-06T18:25:12Z,simulado
crm,crm_meta_venta,2026-09-06T22:11:17Z,simulado
crm,crm_meta_venta,2026-09-07T02:13:57Z,simulado
crm,crm_meta_venta,2026-09-07T06:09:28Z,simulado
crm,crm_meta_venta,2026-09-07T10:14:13Z,simulado
crm,crm_meta_venta,2026-09-07T14:13:22Z,simulado
crm,crm_meta_venta,2026-09-07T22:10:04Z,simulado
crm,crm_meta_venta,2026-09-08T02:14:44Z,simulado
crm,crm_meta_venta,2026-09-08T06:16:35Z,simulado
crm,crm_meta_venta,2026-09-08T10:37:41Z,simulado
crm,crm_meta_venta,2026-09-08T14:12:11Z,simulado
crm,crm_meta_venta,2026-09-08T18:17:27Z,simulado
crm,crm_meta_venta,2026-09-09T02:10:57Z,simulado
crm,crm_meta_venta,2026-09-09T06:11:47Z,simulado
crm,crm_meta_venta,2026-09-09T10:10:22Z,simulado
crm,crm_meta_venta,2026-09-09T14:19:10Z,simulado
crm,crm_meta_venta,2026-09-09T18:13:15Z,simulado
crm,crm_meta_venta,2026-09-09T22:12:14Z,simulado
crm,crm_meta_venta,2026-09-10T02:16:36Z,simulado
crm,crm_meta_venta,2026-09-10T06:12:21Z,simulado
crm,crm_meta_venta,2026-09-10T10:11:58Z,simulado
crm,crm_meta_venta,2026-09-10T14:13:12Z,simulado
crm,crm_meta_venta,2026-09-10T18:08:31Z,simulado
crm,crm_meta_venta,2026-09-10T22:30:49Z,simulado
crm,crm_meta_venta,2026-09-11T02:07:31Z,simulado
crm,crm_meta_venta,2026-09-11T06:20:04Z,simulado
crm,crm_meta_venta,2026-09-11T10:19:49Z,simulado
crm,crm_meta_venta,2026-09-11T14:19:20Z,simulado
crm,crm_meta_venta,2026-09-11T18:15:03Z,simulado
crm,crm_meta_venta,2026-09-11T22:17:53Z,simulado
crm,crm_meta_venta,2026-09-12T02:10:56Z,simulado
crm,crm_meta_venta,2026-09-12T06:13:58Z,simulado
crm,crm_meta_venta,2026-09-12T10:29:30Z,simulado
crm,crm_meta_venta,2026-09-12T14:15:54Z,simulado
crm,crm_meta_venta,2026-09-12T18:18:05Z,simulado
crm,crm_meta_venta,2026-09-12T22:21:43Z,simulado
crm,crm_meta_venta,2026-09-13T02:09:48Z,simulado
crm,crm_meta_venta,2026-09-13T06:39:08Z,simulado
crm,crm_meta_venta,2026-09-13T10:16:12Z,simulado
crm,crm_meta_venta,2026-09-13T14:22:29Z,simulado
crm,crm_meta_venta,2026-09-13T18:19:39Z,simulado
crm,crm_meta_venta,2026-09-13T22:13:05Z,simulado
crm,crm_meta_venta,2026-09-14T02:08:37Z,simulado
crm,crm_meta_venta,2026-09-14T06:18:50Z,simulado
crm,crm_meta_venta,2026-09-14T10:12:30Z,simulado
crm,crm_meta_venta,2026-09-14T18:20:54Z,simulado
crm,crm_meta_venta,2026-09-14T22:15:22Z,simulado
crm,crm_meta_venta,2026-09-16T10:11:11Z,simulado
crm,crm_meta_venta,2026-09-16T18:12:43Z,simulado
crm,crm_meta_venta,2026-09-16T22:28:18Z,simulado
crm,crm_meta_venta,2026-09-17T02:14:55Z,simulado
crm,crm_meta_venta,2026-09-17T06:22:52Z,simulado
crm,crm_meta_venta,2026-09-17T10:17:19Z,simulado
crm,crm_meta_venta,2026-09-17T14:26:01Z,simulado
crm,crm_meta_venta,2026-09-17T18:24:44Z,simulado
crm,crm_meta_venta,2026-09-17T22:19:53Z,simulado
crm,crm_meta_venta,2026-09-18T02:12:35Z,simulado
crm,crm_meta_venta,2026-09-18T06:19:49Z,simulado
crm,crm_meta_venta,2026-09-18T14:16:59Z,simulado
crm,crm_meta_venta,2026-09-18T22:16:38Z,simulado
crm,crm_meta_venta,2026-09-19T02:13:53Z,simulado
crm,crm_meta_venta,2026-09-19T06:26:11Z,simulado
crm,crm_meta_venta,2026-09-19T10:23:20Z,simulado
crm,crm_meta_venta,2026-09-19T14:30:09Z,simulado
crm,crm_meta_venta,2026-09-19T18:33:25Z,simulado
crm,crm_meta_venta,2026-09-20T02:18:54Z,simulado
crm,crm_meta_venta,2026-09-20T06:17:14Z,simulado
crm,crm_meta_venta,2026-09-20T10:15:53Z,simulado
crm,crm_meta_venta,2026-09-20T14:14:20Z,simulado
crm,crm_meta_venta,2026-09-20T18:16:29Z,simulado
crm,crm_meta_venta,2026-09-20T22:14:09Z,simulado
crm,crm_meta_venta,2026-09-21T02:18:46Z,simulado
crm,crm_meta_venta,2026-09-21T06:22:51Z,simulado
crm,crm_meta_venta,2026-09-21T10:04:52Z,dbt
crm,crm_oportunidad_evento,2026-07-09T02:17:18Z,simulado
crm,crm_oportunidad_evento,2026-07-09T06:33:09Z,simulado
crm,crm_oportunidad_evento,2026-07-09T14:16:56Z,simulado
crm,crm_oportunidad_evento,2026-07-09T18:22:00Z,simulado
crm,crm_oportunidad_evento,2026-07-10T02:16:14Z,simulado
crm,crm_oportunidad_evento,2026-07-10T06:13:30Z,simulado
crm,crm_oportunidad_evento,2026-07-10T10:09:31Z,simulado
crm,crm_oportunidad_evento,2026-07-10T14:10:13Z,simulado
crm,crm_oportunidad_evento,2026-07-10T18:17:10Z,simulado
crm,crm_oportunidad_evento,2026-07-10T22:14:28Z,simulado
crm,crm_oportunidad_evento,2026-07-11T02:23:44Z,simulado
crm,crm_oportunidad_evento,2026-07-11T06:13:07Z,simulado
crm,crm_oportunidad_evento,2026-07-11T10:21:40Z,simulado
crm,crm_oportunidad_evento,2026-07-11T18:18:59Z,simulado
crm,crm_oportunidad_evento,2026-07-11T22:11:29Z,simulado
crm,crm_oportunidad_evento,2026-07-12T02:14:31Z,simulado
crm,crm_oportunidad_evento,2026-07-12T06:12:40Z,simulado
crm,crm_oportunidad_evento,2026-07-12T18:18:24Z,simulado
crm,crm_oportunidad_evento,2026-07-12T22:17:00Z,simulado
crm,crm_oportunidad_evento,2026-07-13T02:12:17Z,simulado
crm,crm_oportunidad_evento,2026-07-13T06:15:39Z,simulado
crm,crm_oportunidad_evento,2026-07-13T14:13:34Z,simulado
crm,crm_oportunidad_evento,2026-07-13T18:12:03Z,simulado
crm,crm_oportunidad_evento,2026-07-13T22:12:56Z,simulado
crm,crm_oportunidad_evento,2026-07-14T02:12:30Z,simulado
crm,crm_oportunidad_evento,2026-07-14T06:23:52Z,simulado
crm,crm_oportunidad_evento,2026-07-14T10:12:26Z,simulado
crm,crm_oportunidad_evento,2026-07-14T14:11:24Z,simulado
crm,crm_oportunidad_evento,2026-07-14T22:11:21Z,simulado
crm,crm_oportunidad_evento,2026-07-15T02:18:40Z,simulado
crm,crm_oportunidad_evento,2026-07-15T06:15:01Z,simulado
crm,crm_oportunidad_evento,2026-07-15T10:12:55Z,simulado
crm,crm_oportunidad_evento,2026-07-15T14:13:48Z,simulado
crm,crm_oportunidad_evento,2026-07-15T18:15:12Z,simulado
crm,crm_oportunidad_evento,2026-07-15T22:10:42Z,simulado
crm,crm_oportunidad_evento,2026-07-16T02:14:22Z,simulado
crm,crm_oportunidad_evento,2026-07-16T06:13:51Z,simulado
crm,crm_oportunidad_evento,2026-07-16T10:15:52Z,simulado
crm,crm_oportunidad_evento,2026-07-16T14:19:34Z,simulado
crm,crm_oportunidad_evento,2026-07-16T18:11:23Z,simulado
crm,crm_oportunidad_evento,2026-07-16T22:25:01Z,simulado
crm,crm_oportunidad_evento,2026-07-17T02:09:01Z,simulado
crm,crm_oportunidad_evento,2026-07-17T06:11:00Z,simulado
crm,crm_oportunidad_evento,2026-07-17T10:23:30Z,simulado
crm,crm_oportunidad_evento,2026-07-17T14:10:53Z,simulado
crm,crm_oportunidad_evento,2026-07-17T18:16:49Z,simulado
crm,crm_oportunidad_evento,2026-07-17T22:42:17Z,simulado
crm,crm_oportunidad_evento,2026-07-18T06:15:36Z,simulado
crm,crm_oportunidad_evento,2026-07-18T10:19:58Z,simulado
crm,crm_oportunidad_evento,2026-07-18T14:19:32Z,simulado
crm,crm_oportunidad_evento,2026-07-18T18:19:48Z,simulado
crm,crm_oportunidad_evento,2026-07-18T22:11:58Z,simulado
crm,crm_oportunidad_evento,2026-07-19T02:15:58Z,simulado
crm,crm_oportunidad_evento,2026-07-19T10:29:06Z,simulado
crm,crm_oportunidad_evento,2026-07-19T14:10:24Z,simulado
crm,crm_oportunidad_evento,2026-07-19T18:15:08Z,simulado
crm,crm_oportunidad_evento,2026-07-19T22:09:07Z,simulado
crm,crm_oportunidad_evento,2026-07-20T02:27:01Z,simulado
crm,crm_oportunidad_evento,2026-07-20T06:14:04Z,simulado
crm,crm_oportunidad_evento,2026-07-20T10:16:14Z,simulado
crm,crm_oportunidad_evento,2026-07-20T14:14:41Z,simulado
crm,crm_oportunidad_evento,2026-07-20T18:07:56Z,simulado
crm,crm_oportunidad_evento,2026-07-20T22:13:47Z,simulado
crm,crm_oportunidad_evento,2026-07-21T02:12:31Z,simulado
crm,crm_oportunidad_evento,2026-07-21T06:18:36Z,simulado
crm,crm_oportunidad_evento,2026-07-21T14:15:59Z,simulado
crm,crm_oportunidad_evento,2026-07-21T18:13:17Z,simulado
crm,crm_oportunidad_evento,2026-07-21T22:18:16Z,simulado
crm,crm_oportunidad_evento,2026-07-22T02:18:38Z,simulado
crm,crm_oportunidad_evento,2026-07-22T06:23:39Z,simulado
crm,crm_oportunidad_evento,2026-07-22T10:12:57Z,simulado
crm,crm_oportunidad_evento,2026-07-22T14:10:21Z,simulado
crm,crm_oportunidad_evento,2026-07-22T18:10:29Z,simulado
crm,crm_oportunidad_evento,2026-07-22T22:11:11Z,simulado
crm,crm_oportunidad_evento,2026-07-23T02:15:56Z,simulado
crm,crm_oportunidad_evento,2026-07-23T06:12:01Z,simulado
crm,crm_oportunidad_evento,2026-07-23T10:15:24Z,simulado
crm,crm_oportunidad_evento,2026-07-23T14:44:24Z,simulado
crm,crm_oportunidad_evento,2026-07-23T22:18:33Z,simulado
crm,crm_oportunidad_evento,2026-07-24T02:18:48Z,simulado
crm,crm_oportunidad_evento,2026-07-24T10:10:40Z,simulado
crm,crm_oportunidad_evento,2026-07-24T14:17:12Z,simulado
crm,crm_oportunidad_evento,2026-07-24T18:10:26Z,simulado
crm,crm_oportunidad_evento,2026-07-24T22:21:58Z,simulado
crm,crm_oportunidad_evento,2026-07-25T02:13:07Z,simulado
crm,crm_oportunidad_evento,2026-07-25T06:11:10Z,simulado
crm,crm_oportunidad_evento,2026-07-25T10:24:59Z,simulado
crm,crm_oportunidad_evento,2026-07-25T14:21:16Z,simulado
crm,crm_oportunidad_evento,2026-07-25T18:21:17Z,simulado
crm,crm_oportunidad_evento,2026-07-25T22:12:14Z,simulado
crm,crm_oportunidad_evento,2026-07-26T02:11:50Z,simulado
crm,crm_oportunidad_evento,2026-07-26T06:15:59Z,simulado
crm,crm_oportunidad_evento,2026-07-26T10:11:35Z,simulado
crm,crm_oportunidad_evento,2026-07-26T14:09:27Z,simulado
crm,crm_oportunidad_evento,2026-07-26T18:12:40Z,simulado
crm,crm_oportunidad_evento,2026-07-26T22:11:10Z,simulado
crm,crm_oportunidad_evento,2026-07-27T02:24:52Z,simulado
crm,crm_oportunidad_evento,2026-07-27T06:12:48Z,simulado
crm,crm_oportunidad_evento,2026-07-27T10:19:25Z,simulado
crm,crm_oportunidad_evento,2026-07-27T14:15:52Z,simulado
crm,crm_oportunidad_evento,2026-07-27T18:22:45Z,simulado
crm,crm_oportunidad_evento,2026-07-27T22:13:21Z,simulado
crm,crm_oportunidad_evento,2026-07-28T02:18:00Z,simulado
crm,crm_oportunidad_evento,2026-07-28T06:17:20Z,simulado
crm,crm_oportunidad_evento,2026-07-28T10:23:05Z,simulado
crm,crm_oportunidad_evento,2026-07-28T14:23:24Z,simulado
crm,crm_oportunidad_evento,2026-07-28T18:18:30Z,simulado
crm,crm_oportunidad_evento,2026-07-28T22:14:03Z,simulado
crm,crm_oportunidad_evento,2026-07-29T02:13:59Z,simulado
crm,crm_oportunidad_evento,2026-07-29T06:24:53Z,simulado
crm,crm_oportunidad_evento,2026-07-29T10:11:15Z,simulado
crm,crm_oportunidad_evento,2026-07-29T14:09:41Z,simulado
crm,crm_oportunidad_evento,2026-07-29T18:17:31Z,simulado
crm,crm_oportunidad_evento,2026-07-29T22:21:42Z,simulado
crm,crm_oportunidad_evento,2026-07-30T02:16:57Z,simulado
crm,crm_oportunidad_evento,2026-07-30T06:13:04Z,simulado
crm,crm_oportunidad_evento,2026-07-30T10:13:30Z,simulado
crm,crm_oportunidad_evento,2026-07-30T14:09:41Z,simulado
crm,crm_oportunidad_evento,2026-07-30T18:39:35Z,simulado
crm,crm_oportunidad_evento,2026-07-30T22:16:22Z,simulado
crm,crm_oportunidad_evento,2026-07-31T02:13:19Z,simulado
crm,crm_oportunidad_evento,2026-07-31T06:16:41Z,simulado
crm,crm_oportunidad_evento,2026-07-31T10:14:08Z,simulado
crm,crm_oportunidad_evento,2026-07-31T14:17:31Z,simulado
crm,crm_oportunidad_evento,2026-07-31T18:27:55Z,simulado
crm,crm_oportunidad_evento,2026-07-31T22:09:44Z,simulado
crm,crm_oportunidad_evento,2026-08-01T02:10:02Z,simulado
crm,crm_oportunidad_evento,2026-08-01T06:14:40Z,simulado
crm,crm_oportunidad_evento,2026-08-01T10:11:49Z,simulado
crm,crm_oportunidad_evento,2026-08-01T14:17:27Z,simulado
crm,crm_oportunidad_evento,2026-08-01T18:13:00Z,simulado
crm,crm_oportunidad_evento,2026-08-01T22:11:41Z,simulado
crm,crm_oportunidad_evento,2026-08-02T02:20:16Z,simulado
crm,crm_oportunidad_evento,2026-08-02T06:14:51Z,simulado
crm,crm_oportunidad_evento,2026-08-02T10:18:54Z,simulado
crm,crm_oportunidad_evento,2026-08-02T14:08:24Z,simulado
crm,crm_oportunidad_evento,2026-08-02T22:09:52Z,simulado
crm,crm_oportunidad_evento,2026-08-03T02:10:40Z,simulado
crm,crm_oportunidad_evento,2026-08-03T06:25:28Z,simulado
crm,crm_oportunidad_evento,2026-08-03T10:13:43Z,simulado
crm,crm_oportunidad_evento,2026-08-03T14:21:47Z,simulado
crm,crm_oportunidad_evento,2026-08-03T18:14:23Z,simulado
crm,crm_oportunidad_evento,2026-08-03T22:09:11Z,simulado
crm,crm_oportunidad_evento,2026-08-04T02:10:20Z,simulado
crm,crm_oportunidad_evento,2026-08-04T06:16:40Z,simulado
crm,crm_oportunidad_evento,2026-08-04T10:19:52Z,simulado
crm,crm_oportunidad_evento,2026-08-04T14:18:40Z,simulado
crm,crm_oportunidad_evento,2026-08-05T02:12:42Z,simulado
crm,crm_oportunidad_evento,2026-08-05T06:16:15Z,simulado
crm,crm_oportunidad_evento,2026-08-05T10:20:59Z,simulado
crm,crm_oportunidad_evento,2026-08-05T18:16:17Z,simulado
crm,crm_oportunidad_evento,2026-08-05T22:18:07Z,simulado
crm,crm_oportunidad_evento,2026-08-06T02:13:26Z,simulado
crm,crm_oportunidad_evento,2026-08-06T06:09:28Z,simulado
crm,crm_oportunidad_evento,2026-08-06T10:16:17Z,simulado
crm,crm_oportunidad_evento,2026-08-06T14:10:43Z,simulado
crm,crm_oportunidad_evento,2026-08-06T18:12:53Z,simulado
crm,crm_oportunidad_evento,2026-08-07T02:24:32Z,simulado
crm,crm_oportunidad_evento,2026-08-07T06:30:18Z,simulado
crm,crm_oportunidad_evento,2026-08-07T10:15:38Z,simulado
crm,crm_oportunidad_evento,2026-08-07T14:09:15Z,simulado
crm,crm_oportunidad_evento,2026-08-07T18:14:20Z,simulado
crm,crm_oportunidad_evento,2026-08-07T22:17:15Z,simulado
crm,crm_oportunidad_evento,2026-08-08T02:15:05Z,simulado
crm,crm_oportunidad_evento,2026-08-08T06:22:20Z,simulado
crm,crm_oportunidad_evento,2026-08-08T10:16:18Z,simulado
crm,crm_oportunidad_evento,2026-08-08T14:12:44Z,simulado
crm,crm_oportunidad_evento,2026-08-08T18:12:50Z,simulado
crm,crm_oportunidad_evento,2026-08-08T22:18:29Z,simulado
crm,crm_oportunidad_evento,2026-08-09T02:17:02Z,simulado
crm,crm_oportunidad_evento,2026-08-09T06:13:38Z,simulado
crm,crm_oportunidad_evento,2026-08-09T10:15:17Z,simulado
crm,crm_oportunidad_evento,2026-08-09T14:10:01Z,simulado
crm,crm_oportunidad_evento,2026-08-09T18:13:29Z,simulado
crm,crm_oportunidad_evento,2026-08-09T22:16:48Z,simulado
crm,crm_oportunidad_evento,2026-08-10T06:16:57Z,simulado
crm,crm_oportunidad_evento,2026-08-10T10:21:13Z,simulado
crm,crm_oportunidad_evento,2026-08-10T14:12:00Z,simulado
crm,crm_oportunidad_evento,2026-08-10T18:10:37Z,simulado
crm,crm_oportunidad_evento,2026-08-10T22:08:34Z,simulado
crm,crm_oportunidad_evento,2026-08-11T02:09:06Z,simulado
crm,crm_oportunidad_evento,2026-08-11T06:18:19Z,simulado
crm,crm_oportunidad_evento,2026-08-11T10:17:49Z,simulado
crm,crm_oportunidad_evento,2026-08-11T14:22:03Z,simulado
crm,crm_oportunidad_evento,2026-08-11T18:15:03Z,simulado
crm,crm_oportunidad_evento,2026-08-11T22:10:25Z,simulado
crm,crm_oportunidad_evento,2026-08-12T02:13:14Z,simulado
crm,crm_oportunidad_evento,2026-08-12T06:10:46Z,simulado
crm,crm_oportunidad_evento,2026-08-12T10:26:24Z,simulado
crm,crm_oportunidad_evento,2026-08-12T14:23:02Z,simulado
crm,crm_oportunidad_evento,2026-08-12T18:26:37Z,simulado
crm,crm_oportunidad_evento,2026-08-12T22:14:31Z,simulado
crm,crm_oportunidad_evento,2026-08-13T06:13:43Z,simulado
crm,crm_oportunidad_evento,2026-08-13T10:13:25Z,simulado
crm,crm_oportunidad_evento,2026-08-13T14:12:34Z,simulado
crm,crm_oportunidad_evento,2026-08-13T18:09:44Z,simulado
crm,crm_oportunidad_evento,2026-08-13T22:13:38Z,simulado
crm,crm_oportunidad_evento,2026-08-14T02:13:18Z,simulado
crm,crm_oportunidad_evento,2026-08-14T06:14:06Z,simulado
crm,crm_oportunidad_evento,2026-08-14T10:19:35Z,simulado
crm,crm_oportunidad_evento,2026-08-14T14:15:51Z,simulado
crm,crm_oportunidad_evento,2026-08-14T18:15:10Z,simulado
crm,crm_oportunidad_evento,2026-08-14T22:15:05Z,simulado
crm,crm_oportunidad_evento,2026-08-15T02:26:57Z,simulado
crm,crm_oportunidad_evento,2026-08-15T06:13:25Z,simulado
crm,crm_oportunidad_evento,2026-08-15T10:13:12Z,simulado
crm,crm_oportunidad_evento,2026-08-15T14:32:22Z,simulado
crm,crm_oportunidad_evento,2026-08-15T18:14:33Z,simulado
crm,crm_oportunidad_evento,2026-08-15T22:27:52Z,simulado
crm,crm_oportunidad_evento,2026-08-16T02:12:48Z,simulado
crm,crm_oportunidad_evento,2026-08-16T06:18:49Z,simulado
crm,crm_oportunidad_evento,2026-08-16T10:16:33Z,simulado
crm,crm_oportunidad_evento,2026-08-16T14:13:16Z,simulado
crm,crm_oportunidad_evento,2026-08-16T18:20:00Z,simulado
crm,crm_oportunidad_evento,2026-08-16T22:12:12Z,simulado
crm,crm_oportunidad_evento,2026-08-17T02:10:30Z,simulado
crm,crm_oportunidad_evento,2026-08-17T06:30:04Z,simulado
crm,crm_oportunidad_evento,2026-08-17T10:08:56Z,simulado
crm,crm_oportunidad_evento,2026-08-17T14:10:54Z,simulado
crm,crm_oportunidad_evento,2026-08-17T18:12:59Z,simulado
crm,crm_oportunidad_evento,2026-08-17T22:14:11Z,simulado
crm,crm_oportunidad_evento,2026-08-18T06:12:31Z,simulado
crm,crm_oportunidad_evento,2026-08-18T10:09:54Z,simulado
crm,crm_oportunidad_evento,2026-08-18T14:11:25Z,simulado
crm,crm_oportunidad_evento,2026-08-18T18:18:37Z,simulado
crm,crm_oportunidad_evento,2026-08-18T22:28:47Z,simulado
crm,crm_oportunidad_evento,2026-08-19T02:19:52Z,simulado
crm,crm_oportunidad_evento,2026-08-19T06:09:18Z,simulado
crm,crm_oportunidad_evento,2026-08-19T10:16:59Z,simulado
crm,crm_oportunidad_evento,2026-08-19T18:14:16Z,simulado
crm,crm_oportunidad_evento,2026-08-19T22:13:04Z,simulado
crm,crm_oportunidad_evento,2026-08-20T02:22:26Z,simulado
crm,crm_oportunidad_evento,2026-08-20T06:12:44Z,simulado
crm,crm_oportunidad_evento,2026-08-20T10:26:16Z,simulado
crm,crm_oportunidad_evento,2026-08-20T14:14:03Z,simulado
crm,crm_oportunidad_evento,2026-08-20T18:10:10Z,simulado
crm,crm_oportunidad_evento,2026-08-20T22:12:44Z,simulado
crm,crm_oportunidad_evento,2026-08-21T02:26:34Z,simulado
crm,crm_oportunidad_evento,2026-08-21T06:12:20Z,simulado
crm,crm_oportunidad_evento,2026-08-21T10:09:55Z,simulado
crm,crm_oportunidad_evento,2026-08-21T14:15:02Z,simulado
crm,crm_oportunidad_evento,2026-08-21T18:08:23Z,simulado
crm,crm_oportunidad_evento,2026-08-21T22:19:34Z,simulado
crm,crm_oportunidad_evento,2026-08-22T02:22:42Z,simulado
crm,crm_oportunidad_evento,2026-08-22T06:09:19Z,simulado
crm,crm_oportunidad_evento,2026-08-22T10:15:43Z,simulado
crm,crm_oportunidad_evento,2026-08-22T14:14:48Z,simulado
crm,crm_oportunidad_evento,2026-08-22T18:10:32Z,simulado
crm,crm_oportunidad_evento,2026-08-22T22:28:49Z,simulado
crm,crm_oportunidad_evento,2026-08-23T02:22:55Z,simulado
crm,crm_oportunidad_evento,2026-08-23T06:21:29Z,simulado
crm,crm_oportunidad_evento,2026-08-23T10:14:09Z,simulado
crm,crm_oportunidad_evento,2026-08-23T14:23:26Z,simulado
crm,crm_oportunidad_evento,2026-08-23T18:16:46Z,simulado
crm,crm_oportunidad_evento,2026-08-23T22:08:30Z,simulado
crm,crm_oportunidad_evento,2026-08-24T02:25:44Z,simulado
crm,crm_oportunidad_evento,2026-08-24T06:13:48Z,simulado
crm,crm_oportunidad_evento,2026-08-24T10:13:03Z,simulado
crm,crm_oportunidad_evento,2026-08-24T14:16:52Z,simulado
crm,crm_oportunidad_evento,2026-08-24T18:09:34Z,simulado
crm,crm_oportunidad_evento,2026-08-24T22:07:27Z,simulado
crm,crm_oportunidad_evento,2026-08-25T02:14:49Z,simulado
crm,crm_oportunidad_evento,2026-08-25T06:11:40Z,simulado
crm,crm_oportunidad_evento,2026-08-25T10:26:30Z,simulado
crm,crm_oportunidad_evento,2026-08-25T14:20:02Z,simulado
crm,crm_oportunidad_evento,2026-08-25T18:14:18Z,simulado
crm,crm_oportunidad_evento,2026-08-25T22:09:38Z,simulado
crm,crm_oportunidad_evento,2026-08-26T02:25:18Z,simulado
crm,crm_oportunidad_evento,2026-08-26T06:15:16Z,simulado
crm,crm_oportunidad_evento,2026-08-26T10:11:14Z,simulado
crm,crm_oportunidad_evento,2026-08-26T14:14:43Z,simulado
crm,crm_oportunidad_evento,2026-08-26T18:10:27Z,simulado
crm,crm_oportunidad_evento,2026-08-26T22:12:08Z,simulado
crm,crm_oportunidad_evento,2026-08-27T02:13:42Z,simulado
crm,crm_oportunidad_evento,2026-08-27T06:14:28Z,simulado
crm,crm_oportunidad_evento,2026-08-27T10:14:27Z,simulado
crm,crm_oportunidad_evento,2026-08-27T14:22:45Z,simulado
crm,crm_oportunidad_evento,2026-08-27T18:11:08Z,simulado
crm,crm_oportunidad_evento,2026-08-27T22:13:32Z,simulado
crm,crm_oportunidad_evento,2026-08-28T02:13:49Z,simulado
crm,crm_oportunidad_evento,2026-08-28T06:13:58Z,simulado
crm,crm_oportunidad_evento,2026-08-28T10:20:32Z,simulado
crm,crm_oportunidad_evento,2026-08-28T14:10:52Z,simulado
crm,crm_oportunidad_evento,2026-08-28T18:10:58Z,simulado
crm,crm_oportunidad_evento,2026-08-28T22:11:20Z,simulado
crm,crm_oportunidad_evento,2026-08-29T06:12:58Z,simulado
crm,crm_oportunidad_evento,2026-08-29T10:13:41Z,simulado
crm,crm_oportunidad_evento,2026-08-29T14:24:21Z,simulado
crm,crm_oportunidad_evento,2026-08-29T18:12:02Z,simulado
crm,crm_oportunidad_evento,2026-08-29T22:24:04Z,simulado
crm,crm_oportunidad_evento,2026-08-30T06:16:45Z,simulado
crm,crm_oportunidad_evento,2026-08-30T10:23:22Z,simulado
crm,crm_oportunidad_evento,2026-08-30T14:14:28Z,simulado
crm,crm_oportunidad_evento,2026-08-30T22:22:48Z,simulado
crm,crm_oportunidad_evento,2026-08-31T02:13:33Z,simulado
crm,crm_oportunidad_evento,2026-08-31T06:16:52Z,simulado
crm,crm_oportunidad_evento,2026-08-31T10:15:06Z,simulado
crm,crm_oportunidad_evento,2026-08-31T14:11:21Z,simulado
crm,crm_oportunidad_evento,2026-08-31T18:14:25Z,simulado
crm,crm_oportunidad_evento,2026-08-31T22:14:32Z,simulado
crm,crm_oportunidad_evento,2026-09-01T02:27:59Z,simulado
crm,crm_oportunidad_evento,2026-09-01T06:23:15Z,simulado
crm,crm_oportunidad_evento,2026-09-01T10:13:33Z,simulado
crm,crm_oportunidad_evento,2026-09-01T14:15:42Z,simulado
crm,crm_oportunidad_evento,2026-09-01T18:12:16Z,simulado
crm,crm_oportunidad_evento,2026-09-01T22:13:43Z,simulado
crm,crm_oportunidad_evento,2026-09-02T02:12:13Z,simulado
crm,crm_oportunidad_evento,2026-09-02T06:16:28Z,simulado
crm,crm_oportunidad_evento,2026-09-02T10:11:56Z,simulado
crm,crm_oportunidad_evento,2026-09-02T14:12:58Z,simulado
crm,crm_oportunidad_evento,2026-09-02T18:13:11Z,simulado
crm,crm_oportunidad_evento,2026-09-02T22:11:29Z,simulado
crm,crm_oportunidad_evento,2026-09-03T02:28:16Z,simulado
crm,crm_oportunidad_evento,2026-09-03T06:19:25Z,simulado
crm,crm_oportunidad_evento,2026-09-03T10:15:19Z,simulado
crm,crm_oportunidad_evento,2026-09-03T18:21:36Z,simulado
crm,crm_oportunidad_evento,2026-09-03T22:13:30Z,simulado
crm,crm_oportunidad_evento,2026-09-04T02:12:08Z,simulado
crm,crm_oportunidad_evento,2026-09-04T06:16:36Z,simulado
crm,crm_oportunidad_evento,2026-09-04T10:14:32Z,simulado
crm,crm_oportunidad_evento,2026-09-04T14:14:24Z,simulado
crm,crm_oportunidad_evento,2026-09-04T22:13:14Z,simulado
crm,crm_oportunidad_evento,2026-09-05T02:33:33Z,simulado
crm,crm_oportunidad_evento,2026-09-05T06:10:01Z,simulado
crm,crm_oportunidad_evento,2026-09-05T10:08:59Z,simulado
crm,crm_oportunidad_evento,2026-09-05T14:14:09Z,simulado
crm,crm_oportunidad_evento,2026-09-05T18:15:58Z,simulado
crm,crm_oportunidad_evento,2026-09-06T02:11:20Z,simulado
crm,crm_oportunidad_evento,2026-09-06T06:13:48Z,simulado
crm,crm_oportunidad_evento,2026-09-06T10:12:25Z,simulado
crm,crm_oportunidad_evento,2026-09-06T14:12:42Z,simulado
crm,crm_oportunidad_evento,2026-09-06T18:25:12Z,simulado
crm,crm_oportunidad_evento,2026-09-06T22:11:17Z,simulado
crm,crm_oportunidad_evento,2026-09-07T02:13:57Z,simulado
crm,crm_oportunidad_evento,2026-09-07T06:09:28Z,simulado
crm,crm_oportunidad_evento,2026-09-07T10:14:13Z,simulado
crm,crm_oportunidad_evento,2026-09-07T14:13:22Z,simulado
crm,crm_oportunidad_evento,2026-09-07T22:10:04Z,simulado
crm,crm_oportunidad_evento,2026-09-08T02:14:44Z,simulado
crm,crm_oportunidad_evento,2026-09-08T06:16:35Z,simulado
crm,crm_oportunidad_evento,2026-09-08T10:37:41Z,simulado
crm,crm_oportunidad_evento,2026-09-08T14:12:11Z,simulado
crm,crm_oportunidad_evento,2026-09-08T18:17:27Z,simulado
crm,crm_oportunidad_evento,2026-09-09T02:10:57Z,simulado
crm,crm_oportunidad_evento,2026-09-09T06:11:47Z,simulado
crm,crm_oportunidad_evento,2026-09-09T10:10:22Z,simulado
crm,crm_oportunidad_evento,2026-09-09T14:19:10Z,simulado
crm,crm_oportunidad_evento,2026-09-09T18:13:15Z,simulado
crm,crm_oportunidad_evento,2026-09-09T22:12:14Z,simulado
crm,crm_oportunidad_evento,2026-09-10T02:16:36Z,simulado
crm,crm_oportunidad_evento,2026-09-10T06:12:21Z,simulado
crm,crm_oportunidad_evento,2026-09-10T10:11:58Z,simulado
crm,crm_oportunidad_evento,2026-09-10T14:13:12Z,simulado
crm,crm_oportunidad_evento,2026-09-10T18:08:31Z,simulado
crm,crm_oportunidad_evento,2026-09-10T22:30:49Z,simulado
crm,crm_oportunidad_evento,2026-09-11T02:07:31Z,simulado
crm,crm_oportunidad_evento,2026-09-11T06:20:04Z,simulado
crm,crm_oportunidad_evento,2026-09-11T10:19:49Z,simulado
crm,crm_oportunidad_evento,2026-09-11T14:19:20Z,simulado
crm,crm_oportunidad_evento,2026-09-11T18:15:03Z,simulado
crm,crm_oportunidad_evento,2026-09-11T22:17:53Z,simulado
crm,crm_oportunidad_evento,2026-09-12T02:10:56Z,simulado
crm,crm_oportunidad_evento,2026-09-12T06:13:58Z,simulado
crm,crm_oportunidad_evento,2026-09-12T10:29:30Z,simulado
crm,crm_oportunidad_evento,2026-09-12T14:15:54Z,simulado
crm,crm_oportunidad_evento,2026-09-12T18:18:05Z,simulado
crm,crm_oportunidad_evento,2026-09-12T22:21:43Z,simulado
crm,crm_oportunidad_evento,2026-09-13T02:09:48Z,simulado
crm,crm_oportunidad_evento,2026-09-13T06:39:08Z,simulado
crm,crm_oportunidad_evento,2026-09-13T10:16:12Z,simulado
crm,crm_oportunidad_evento,2026-09-13T14:22:29Z,simulado
crm,crm_oportunidad_evento,2026-09-13T18:19:39Z,simulado
crm,crm_oportunidad_evento,2026-09-13T22:13:05Z,simulado
crm,crm_oportunidad_evento,2026-09-14T02:08:37Z,simulado
crm,crm_oportunidad_evento,2026-09-14T06:18:50Z,simulado
crm,crm_oportunidad_evento,2026-09-14T10:12:30Z,simulado
crm,crm_oportunidad_evento,2026-09-14T18:20:54Z,simulado
crm,crm_oportunidad_evento,2026-09-14T22:15:22Z,simulado
crm,crm_oportunidad_evento,2026-09-16T10:11:11Z,simulado
crm,crm_oportunidad_evento,2026-09-16T18:12:43Z,simulado
crm,crm_oportunidad_evento,2026-09-16T22:28:18Z,simulado
crm,crm_oportunidad_evento,2026-09-17T02:14:55Z,simulado
crm,crm_oportunidad_evento,2026-09-17T06:22:52Z,simulado
crm,crm_oportunidad_evento,2026-09-17T10:17:19Z,simulado
crm,crm_oportunidad_evento,2026-09-17T14:26:01Z,simulado
crm,crm_oportunidad_evento,2026-09-17T18:24:44Z,simulado
crm,crm_oportunidad_evento,2026-09-17T22:19:53Z,simulado
crm,crm_oportunidad_evento,2026-09-18T02:12:35Z,simulado
crm,crm_oportunidad_evento,2026-09-18T06:19:49Z,simulado
crm,crm_oportunidad_evento,2026-09-18T14:16:59Z,simulado
crm,crm_oportunidad_evento,2026-09-18T22:16:38Z,simulado
crm,crm_oportunidad_evento,2026-09-19T02:13:53Z,simulado
crm,crm_oportunidad_evento,2026-09-19T06:26:11Z,simulado
crm,crm_oportunidad_evento,2026-09-19T10:23:20Z,simulado
crm,crm_oportunidad_evento,2026-09-19T14:30:09Z,simulado
crm,crm_oportunidad_evento,2026-09-19T18:33:25Z,simulado
crm,crm_oportunidad_evento,2026-09-20T02:18:54Z,simulado
crm,crm_oportunidad_evento,2026-09-20T06:17:14Z,simulado
crm,crm_oportunidad_evento,2026-09-20T10:15:53Z,simulado
crm,crm_oportunidad_evento,2026-09-20T14:14:20Z,simulado
crm,crm_oportunidad_evento,2026-09-20T18:16:29Z,simulado
crm,crm_oportunidad_evento,2026-09-20T22:14:09Z,simulado
crm,crm_oportunidad_evento,2026-09-21T02:18:46Z,simulado
crm,crm_oportunidad_evento,2026-09-21T06:22:51Z,simulado
crm,crm_oportunidad_evento,2026-09-21T10:04:52Z,dbt
crm,crm_vendedor,2026-07-09T02:17:18Z,simulado
crm,crm_vendedor,2026-07-09T06:33:09Z,simulado
crm,crm_vendedor,2026-07-09T14:16:56Z,simulado
crm,crm_vendedor,2026-07-09T18:22:00Z,simulado
crm,crm_vendedor,2026-07-10T02:16:14Z,simulado
crm,crm_vendedor,2026-07-10T06:13:30Z,simulado
crm,crm_vendedor,2026-07-10T10:09:31Z,simulado
crm,crm_vendedor,2026-07-10T14:10:13Z,simulado
crm,crm_vendedor,2026-07-10T18:17:10Z,simulado
crm,crm_vendedor,2026-07-10T22:14:28Z,simulado
crm,crm_vendedor,2026-07-11T02:23:44Z,simulado
crm,crm_vendedor,2026-07-11T06:13:07Z,simulado
crm,crm_vendedor,2026-07-11T10:21:40Z,simulado
crm,crm_vendedor,2026-07-11T18:18:59Z,simulado
crm,crm_vendedor,2026-07-11T22:11:29Z,simulado
crm,crm_vendedor,2026-07-12T02:14:31Z,simulado
crm,crm_vendedor,2026-07-12T06:12:40Z,simulado
crm,crm_vendedor,2026-07-12T18:18:24Z,simulado
crm,crm_vendedor,2026-07-12T22:17:00Z,simulado
crm,crm_vendedor,2026-07-13T02:12:17Z,simulado
crm,crm_vendedor,2026-07-13T06:15:39Z,simulado
crm,crm_vendedor,2026-07-13T14:13:34Z,simulado
crm,crm_vendedor,2026-07-13T18:12:03Z,simulado
crm,crm_vendedor,2026-07-13T22:12:56Z,simulado
crm,crm_vendedor,2026-07-14T02:12:30Z,simulado
crm,crm_vendedor,2026-07-14T06:23:52Z,simulado
crm,crm_vendedor,2026-07-14T10:12:26Z,simulado
crm,crm_vendedor,2026-07-14T14:11:24Z,simulado
crm,crm_vendedor,2026-07-14T22:11:21Z,simulado
crm,crm_vendedor,2026-07-15T02:18:40Z,simulado
crm,crm_vendedor,2026-07-15T06:15:01Z,simulado
crm,crm_vendedor,2026-07-15T10:12:55Z,simulado
crm,crm_vendedor,2026-07-15T14:13:48Z,simulado
crm,crm_vendedor,2026-07-15T18:15:12Z,simulado
crm,crm_vendedor,2026-07-15T22:10:42Z,simulado
crm,crm_vendedor,2026-07-16T02:14:22Z,simulado
crm,crm_vendedor,2026-07-16T06:13:51Z,simulado
crm,crm_vendedor,2026-07-16T10:15:52Z,simulado
crm,crm_vendedor,2026-07-16T14:19:34Z,simulado
crm,crm_vendedor,2026-07-16T18:11:23Z,simulado
crm,crm_vendedor,2026-07-16T22:25:01Z,simulado
crm,crm_vendedor,2026-07-17T02:09:01Z,simulado
crm,crm_vendedor,2026-07-17T06:11:00Z,simulado
crm,crm_vendedor,2026-07-17T10:23:30Z,simulado
crm,crm_vendedor,2026-07-17T14:10:53Z,simulado
crm,crm_vendedor,2026-07-17T18:16:49Z,simulado
crm,crm_vendedor,2026-07-17T22:42:17Z,simulado
crm,crm_vendedor,2026-07-18T06:15:36Z,simulado
crm,crm_vendedor,2026-07-18T10:19:58Z,simulado
crm,crm_vendedor,2026-07-18T14:19:32Z,simulado
crm,crm_vendedor,2026-07-18T18:19:48Z,simulado
crm,crm_vendedor,2026-07-18T22:11:58Z,simulado
crm,crm_vendedor,2026-07-19T02:15:58Z,simulado
crm,crm_vendedor,2026-07-19T10:29:06Z,simulado
crm,crm_vendedor,2026-07-19T14:10:24Z,simulado
crm,crm_vendedor,2026-07-19T18:15:08Z,simulado
crm,crm_vendedor,2026-07-19T22:09:07Z,simulado
crm,crm_vendedor,2026-07-20T02:27:01Z,simulado
crm,crm_vendedor,2026-07-20T06:14:04Z,simulado
crm,crm_vendedor,2026-07-20T10:16:14Z,simulado
crm,crm_vendedor,2026-07-20T14:14:41Z,simulado
crm,crm_vendedor,2026-07-20T18:07:56Z,simulado
crm,crm_vendedor,2026-07-20T22:13:47Z,simulado
crm,crm_vendedor,2026-07-21T02:12:31Z,simulado
crm,crm_vendedor,2026-07-21T06:18:36Z,simulado
crm,crm_vendedor,2026-07-21T14:15:59Z,simulado
crm,crm_vendedor,2026-07-21T18:13:17Z,simulado
crm,crm_vendedor,2026-07-21T22:18:16Z,simulado
crm,crm_vendedor,2026-07-22T02:18:38Z,simulado
crm,crm_vendedor,2026-07-22T06:23:39Z,simulado
crm,crm_vendedor,2026-07-22T10:12:57Z,simulado
crm,crm_vendedor,2026-07-22T14:10:21Z,simulado
crm,crm_vendedor,2026-07-22T18:10:29Z,simulado
crm,crm_vendedor,2026-07-22T22:11:11Z,simulado
crm,crm_vendedor,2026-07-23T02:15:56Z,simulado
crm,crm_vendedor,2026-07-23T06:12:01Z,simulado
crm,crm_vendedor,2026-07-23T10:15:24Z,simulado
crm,crm_vendedor,2026-07-23T14:44:24Z,simulado
crm,crm_vendedor,2026-07-23T22:18:33Z,simulado
crm,crm_vendedor,2026-07-24T02:18:48Z,simulado
crm,crm_vendedor,2026-07-24T10:10:40Z,simulado
crm,crm_vendedor,2026-07-24T14:17:12Z,simulado
crm,crm_vendedor,2026-07-24T18:10:26Z,simulado
crm,crm_vendedor,2026-07-24T22:21:58Z,simulado
crm,crm_vendedor,2026-07-25T02:13:07Z,simulado
crm,crm_vendedor,2026-07-25T06:11:10Z,simulado
crm,crm_vendedor,2026-07-25T10:24:59Z,simulado
crm,crm_vendedor,2026-07-25T14:21:16Z,simulado
crm,crm_vendedor,2026-07-25T18:21:17Z,simulado
crm,crm_vendedor,2026-07-25T22:12:14Z,simulado
crm,crm_vendedor,2026-07-26T02:11:50Z,simulado
crm,crm_vendedor,2026-07-26T06:15:59Z,simulado
crm,crm_vendedor,2026-07-26T10:11:35Z,simulado
crm,crm_vendedor,2026-07-26T14:09:27Z,simulado
crm,crm_vendedor,2026-07-26T18:12:40Z,simulado
crm,crm_vendedor,2026-07-26T22:11:10Z,simulado
crm,crm_vendedor,2026-07-27T02:24:52Z,simulado
crm,crm_vendedor,2026-07-27T06:12:48Z,simulado
crm,crm_vendedor,2026-07-27T10:19:25Z,simulado
crm,crm_vendedor,2026-07-27T14:15:52Z,simulado
crm,crm_vendedor,2026-07-27T18:22:45Z,simulado
crm,crm_vendedor,2026-07-27T22:13:21Z,simulado
crm,crm_vendedor,2026-07-28T02:18:00Z,simulado
crm,crm_vendedor,2026-07-28T06:17:20Z,simulado
crm,crm_vendedor,2026-07-28T10:23:05Z,simulado
crm,crm_vendedor,2026-07-28T14:23:24Z,simulado
crm,crm_vendedor,2026-07-28T18:18:30Z,simulado
crm,crm_vendedor,2026-07-28T22:14:03Z,simulado
crm,crm_vendedor,2026-07-29T02:13:59Z,simulado
crm,crm_vendedor,2026-07-29T06:24:53Z,simulado
crm,crm_vendedor,2026-07-29T10:11:15Z,simulado
crm,crm_vendedor,2026-07-29T14:09:41Z,simulado
crm,crm_vendedor,2026-07-29T18:17:31Z,simulado
crm,crm_vendedor,2026-07-29T22:21:42Z,simulado
crm,crm_vendedor,2026-07-30T02:16:57Z,simulado
crm,crm_vendedor,2026-07-30T06:13:04Z,simulado
crm,crm_vendedor,2026-07-30T10:13:30Z,simulado
crm,crm_vendedor,2026-07-30T14:09:41Z,simulado
crm,crm_vendedor,2026-07-30T18:39:35Z,simulado
crm,crm_vendedor,2026-07-30T22:16:22Z,simulado
crm,crm_vendedor,2026-07-31T02:13:19Z,simulado
crm,crm_vendedor,2026-07-31T06:16:41Z,simulado
crm,crm_vendedor,2026-07-31T10:14:08Z,simulado
crm,crm_vendedor,2026-07-31T14:17:31Z,simulado
crm,crm_vendedor,2026-07-31T18:27:55Z,simulado
crm,crm_vendedor,2026-07-31T22:09:44Z,simulado
crm,crm_vendedor,2026-08-01T02:10:02Z,simulado
crm,crm_vendedor,2026-08-01T06:14:40Z,simulado
crm,crm_vendedor,2026-08-01T10:11:49Z,simulado
crm,crm_vendedor,2026-08-01T14:17:27Z,simulado
crm,crm_vendedor,2026-08-01T18:13:00Z,simulado
crm,crm_vendedor,2026-08-01T22:11:41Z,simulado
crm,crm_vendedor,2026-08-02T02:20:16Z,simulado
crm,crm_vendedor,2026-08-02T06:14:51Z,simulado
crm,crm_vendedor,2026-08-02T10:18:54Z,simulado
crm,crm_vendedor,2026-08-02T14:08:24Z,simulado
crm,crm_vendedor,2026-08-02T22:09:52Z,simulado
crm,crm_vendedor,2026-08-03T02:10:40Z,simulado
crm,crm_vendedor,2026-08-03T06:25:28Z,simulado
crm,crm_vendedor,2026-08-03T10:13:43Z,simulado
crm,crm_vendedor,2026-08-03T14:21:47Z,simulado
crm,crm_vendedor,2026-08-03T18:14:23Z,simulado
crm,crm_vendedor,2026-08-03T22:09:11Z,simulado
crm,crm_vendedor,2026-08-04T02:10:20Z,simulado
crm,crm_vendedor,2026-08-04T06:16:40Z,simulado
crm,crm_vendedor,2026-08-04T10:19:52Z,simulado
crm,crm_vendedor,2026-08-04T14:18:40Z,simulado
crm,crm_vendedor,2026-08-05T02:12:42Z,simulado
crm,crm_vendedor,2026-08-05T06:16:15Z,simulado
crm,crm_vendedor,2026-08-05T10:20:59Z,simulado
crm,crm_vendedor,2026-08-05T18:16:17Z,simulado
crm,crm_vendedor,2026-08-05T22:18:07Z,simulado
crm,crm_vendedor,2026-08-06T02:13:26Z,simulado
crm,crm_vendedor,2026-08-06T06:09:28Z,simulado
crm,crm_vendedor,2026-08-06T10:16:17Z,simulado
crm,crm_vendedor,2026-08-06T14:10:43Z,simulado
crm,crm_vendedor,2026-08-06T18:12:53Z,simulado
crm,crm_vendedor,2026-08-07T02:24:32Z,simulado
crm,crm_vendedor,2026-08-07T06:30:18Z,simulado
crm,crm_vendedor,2026-08-07T10:15:38Z,simulado
crm,crm_vendedor,2026-08-07T14:09:15Z,simulado
crm,crm_vendedor,2026-08-07T18:14:20Z,simulado
crm,crm_vendedor,2026-08-07T22:17:15Z,simulado
crm,crm_vendedor,2026-08-08T02:15:05Z,simulado
crm,crm_vendedor,2026-08-08T06:22:20Z,simulado
crm,crm_vendedor,2026-08-08T10:16:18Z,simulado
crm,crm_vendedor,2026-08-08T14:12:44Z,simulado
crm,crm_vendedor,2026-08-08T18:12:50Z,simulado
crm,crm_vendedor,2026-08-08T22:18:29Z,simulado
crm,crm_vendedor,2026-08-09T02:17:02Z,simulado
crm,crm_vendedor,2026-08-09T06:13:38Z,simulado
crm,crm_vendedor,2026-08-09T10:15:17Z,simulado
crm,crm_vendedor,2026-08-09T14:10:01Z,simulado
crm,crm_vendedor,2026-08-09T18:13:29Z,simulado
crm,crm_vendedor,2026-08-09T22:16:48Z,simulado
crm,crm_vendedor,2026-08-10T06:16:57Z,simulado
crm,crm_vendedor,2026-08-10T10:21:13Z,simulado
crm,crm_vendedor,2026-08-10T14:12:00Z,simulado
crm,crm_vendedor,2026-08-10T18:10:37Z,simulado
crm,crm_vendedor,2026-08-10T22:08:34Z,simulado
crm,crm_vendedor,2026-08-11T02:09:06Z,simulado
crm,crm_vendedor,2026-08-11T06:18:19Z,simulado
crm,crm_vendedor,2026-08-11T10:17:49Z,simulado
crm,crm_vendedor,2026-08-11T14:22:03Z,simulado
crm,crm_vendedor,2026-08-11T18:15:03Z,simulado
crm,crm_vendedor,2026-08-11T22:10:25Z,simulado
crm,crm_vendedor,2026-08-12T02:13:14Z,simulado
crm,crm_vendedor,2026-08-12T06:10:46Z,simulado
crm,crm_vendedor,2026-08-12T10:26:24Z,simulado
crm,crm_vendedor,2026-08-12T14:23:02Z,simulado
crm,crm_vendedor,2026-08-12T18:26:37Z,simulado
crm,crm_vendedor,2026-08-12T22:14:31Z,simulado
crm,crm_vendedor,2026-08-13T06:13:43Z,simulado
crm,crm_vendedor,2026-08-13T10:13:25Z,simulado
crm,crm_vendedor,2026-08-13T14:12:34Z,simulado
crm,crm_vendedor,2026-08-13T18:09:44Z,simulado
crm,crm_vendedor,2026-08-13T22:13:38Z,simulado
crm,crm_vendedor,2026-08-14T02:13:18Z,simulado
crm,crm_vendedor,2026-08-14T06:14:06Z,simulado
crm,crm_vendedor,2026-08-14T10:19:35Z,simulado
crm,crm_vendedor,2026-08-14T14:15:51Z,simulado
crm,crm_vendedor,2026-08-14T18:15:10Z,simulado
crm,crm_vendedor,2026-08-14T22:15:05Z,simulado
crm,crm_vendedor,2026-08-15T02:26:57Z,simulado
crm,crm_vendedor,2026-08-15T06:13:25Z,simulado
crm,crm_vendedor,2026-08-15T10:13:12Z,simulado
crm,crm_vendedor,2026-08-15T14:32:22Z,simulado
crm,crm_vendedor,2026-08-15T18:14:33Z,simulado
crm,crm_vendedor,2026-08-15T22:27:52Z,simulado
crm,crm_vendedor,2026-08-16T02:12:48Z,simulado
crm,crm_vendedor,2026-08-16T06:18:49Z,simulado
crm,crm_vendedor,2026-08-16T10:16:33Z,simulado
crm,crm_vendedor,2026-08-16T14:13:16Z,simulado
crm,crm_vendedor,2026-08-16T18:20:00Z,simulado
crm,crm_vendedor,2026-08-16T22:12:12Z,simulado
crm,crm_vendedor,2026-08-17T02:10:30Z,simulado
crm,crm_vendedor,2026-08-17T06:30:04Z,simulado
crm,crm_vendedor,2026-08-17T10:08:56Z,simulado
crm,crm_vendedor,2026-08-17T14:10:54Z,simulado
crm,crm_vendedor,2026-08-17T18:12:59Z,simulado
crm,crm_vendedor,2026-08-17T22:14:11Z,simulado
crm,crm_vendedor,2026-08-18T06:12:31Z,simulado
crm,crm_vendedor,2026-08-18T10:09:54Z,simulado
crm,crm_vendedor,2026-08-18T14:11:25Z,simulado
crm,crm_vendedor,2026-08-18T18:18:37Z,simulado
crm,crm_vendedor,2026-08-18T22:28:47Z,simulado
crm,crm_vendedor,2026-08-19T02:19:52Z,simulado
crm,crm_vendedor,2026-08-19T06:09:18Z,simulado
crm,crm_vendedor,2026-08-19T10:16:59Z,simulado
crm,crm_vendedor,2026-08-19T18:14:16Z,simulado
crm,crm_vendedor,2026-08-19T22:13:04Z,simulado
crm,crm_vendedor,2026-08-20T02:22:26Z,simulado
crm,crm_vendedor,2026-08-20T06:12:44Z,simulado
crm,crm_vendedor,2026-08-20T10:26:16Z,simulado
crm,crm_vendedor,2026-08-20T14:14:03Z,simulado
crm,crm_vendedor,2026-08-20T18:10:10Z,simulado
crm,crm_vendedor,2026-08-20T22:12:44Z,simulado
crm,crm_vendedor,2026-08-21T02:26:34Z,simulado
crm,crm_vendedor,2026-08-21T06:12:20Z,simulado
crm,crm_vendedor,2026-08-21T10:09:55Z,simulado
crm,crm_vendedor,2026-08-21T14:15:02Z,simulado
crm,crm_vendedor,2026-08-21T18:08:23Z,simulado
crm,crm_vendedor,2026-08-21T22:19:34Z,simulado
crm,crm_vendedor,2026-08-22T02:22:42Z,simulado
crm,crm_vendedor,2026-08-22T06:09:19Z,simulado
crm,crm_vendedor,2026-08-22T10:15:43Z,simulado
crm,crm_vendedor,2026-08-22T14:14:48Z,simulado
crm,crm_vendedor,2026-08-22T18:10:32Z,simulado
crm,crm_vendedor,2026-08-22T22:28:49Z,simulado
crm,crm_vendedor,2026-08-23T02:22:55Z,simulado
crm,crm_vendedor,2026-08-23T06:21:29Z,simulado
crm,crm_vendedor,2026-08-23T10:14:09Z,simulado
crm,crm_vendedor,2026-08-23T14:23:26Z,simulado
crm,crm_vendedor,2026-08-23T18:16:46Z,simulado
crm,crm_vendedor,2026-08-23T22:08:30Z,simulado
crm,crm_vendedor,2026-08-24T02:25:44Z,simulado
crm,crm_vendedor,2026-08-24T06:13:48Z,simulado
crm,crm_vendedor,2026-08-24T10:13:03Z,simulado
crm,crm_vendedor,2026-08-24T14:16:52Z,simulado
crm,crm_vendedor,2026-08-24T18:09:34Z,simulado
crm,crm_vendedor,2026-08-24T22:07:27Z,simulado
crm,crm_vendedor,2026-08-25T02:14:49Z,simulado
crm,crm_vendedor,2026-08-25T06:11:40Z,simulado
crm,crm_vendedor,2026-08-25T10:26:30Z,simulado
crm,crm_vendedor,2026-08-25T14:20:02Z,simulado
crm,crm_vendedor,2026-08-25T18:14:18Z,simulado
crm,crm_vendedor,2026-08-25T22:09:38Z,simulado
crm,crm_vendedor,2026-08-26T02:25:18Z,simulado
crm,crm_vendedor,2026-08-26T06:15:16Z,simulado
crm,crm_vendedor,2026-08-26T10:11:14Z,simulado
crm,crm_vendedor,2026-08-26T14:14:43Z,simulado
crm,crm_vendedor,2026-08-26T18:10:27Z,simulado
crm,crm_vendedor,2026-08-26T22:12:08Z,simulado
crm,crm_vendedor,2026-08-27T02:13:42Z,simulado
crm,crm_vendedor,2026-08-27T06:14:28Z,simulado
crm,crm_vendedor,2026-08-27T10:14:27Z,simulado
crm,crm_vendedor,2026-08-27T14:22:45Z,simulado
crm,crm_vendedor,2026-08-27T18:11:08Z,simulado
crm,crm_vendedor,2026-08-27T22:13:32Z,simulado
crm,crm_vendedor,2026-08-28T02:13:49Z,simulado
crm,crm_vendedor,2026-08-28T06:13:58Z,simulado
crm,crm_vendedor,2026-08-28T10:20:32Z,simulado
crm,crm_vendedor,2026-08-28T14:10:52Z,simulado
crm,crm_vendedor,2026-08-28T18:10:58Z,simulado
crm,crm_vendedor,2026-08-28T22:11:20Z,simulado
crm,crm_vendedor,2026-08-29T06:12:58Z,simulado
crm,crm_vendedor,2026-08-29T10:13:41Z,simulado
crm,crm_vendedor,2026-08-29T14:24:21Z,simulado
crm,crm_vendedor,2026-08-29T18:12:02Z,simulado
crm,crm_vendedor,2026-08-29T22:24:04Z,simulado
crm,crm_vendedor,2026-08-30T06:16:45Z,simulado
crm,crm_vendedor,2026-08-30T10:23:22Z,simulado
crm,crm_vendedor,2026-08-30T14:14:28Z,simulado
crm,crm_vendedor,2026-08-30T22:22:48Z,simulado
crm,crm_vendedor,2026-08-31T02:13:33Z,simulado
crm,crm_vendedor,2026-08-31T06:16:52Z,simulado
crm,crm_vendedor,2026-08-31T10:15:06Z,simulado
crm,crm_vendedor,2026-08-31T14:11:21Z,simulado
crm,crm_vendedor,2026-08-31T18:14:25Z,simulado
crm,crm_vendedor,2026-08-31T22:14:32Z,simulado
crm,crm_vendedor,2026-09-01T02:27:59Z,simulado
crm,crm_vendedor,2026-09-01T06:23:15Z,simulado
crm,crm_vendedor,2026-09-01T10:13:33Z,simulado
crm,crm_vendedor,2026-09-01T14:15:42Z,simulado
crm,crm_vendedor,2026-09-01T18:12:16Z,simulado
crm,crm_vendedor,2026-09-01T22:13:43Z,simulado
crm,crm_vendedor,2026-09-02T02:12:13Z,simulado
crm,crm_vendedor,2026-09-02T06:16:28Z,simulado
crm,crm_vendedor,2026-09-02T10:11:56Z,simulado
crm,crm_vendedor,2026-09-02T14:12:58Z,simulado
crm,crm_vendedor,2026-09-02T18:13:11Z,simulado
crm,crm_vendedor,2026-09-02T22:11:29Z,simulado
crm,crm_vendedor,2026-09-03T02:28:16Z,simulado
crm,crm_vendedor,2026-09-03T06:19:25Z,simulado
crm,crm_vendedor,2026-09-03T10:15:19Z,simulado
crm,crm_vendedor,2026-09-03T18:21:36Z,simulado
crm,crm_vendedor,2026-09-03T22:13:30Z,simulado
crm,crm_vendedor,2026-09-04T02:12:08Z,simulado
crm,crm_vendedor,2026-09-04T06:16:36Z,simulado
crm,crm_vendedor,2026-09-04T10:14:32Z,simulado
crm,crm_vendedor,2026-09-04T14:14:24Z,simulado
crm,crm_vendedor,2026-09-04T22:13:14Z,simulado
crm,crm_vendedor,2026-09-05T02:33:33Z,simulado
crm,crm_vendedor,2026-09-05T06:10:01Z,simulado
crm,crm_vendedor,2026-09-05T10:08:59Z,simulado
crm,crm_vendedor,2026-09-05T14:14:09Z,simulado
crm,crm_vendedor,2026-09-05T18:15:58Z,simulado
crm,crm_vendedor,2026-09-06T02:11:20Z,simulado
crm,crm_vendedor,2026-09-06T06:13:48Z,simulado
crm,crm_vendedor,2026-09-06T10:12:25Z,simulado
crm,crm_vendedor,2026-09-06T14:12:42Z,simulado
crm,crm_vendedor,2026-09-06T18:25:12Z,simulado
crm,crm_vendedor,2026-09-06T22:11:17Z,simulado
crm,crm_vendedor,2026-09-07T02:13:57Z,simulado
crm,crm_vendedor,2026-09-07T06:09:28Z,simulado
crm,crm_vendedor,2026-09-07T10:14:13Z,simulado
crm,crm_vendedor,2026-09-07T14:13:22Z,simulado
crm,crm_vendedor,2026-09-07T22:10:04Z,simulado
crm,crm_vendedor,2026-09-08T02:14:44Z,simulado
crm,crm_vendedor,2026-09-08T06:16:35Z,simulado
crm,crm_vendedor,2026-09-08T10:37:41Z,simulado
crm,crm_vendedor,2026-09-08T14:12:11Z,simulado
crm,crm_vendedor,2026-09-08T18:17:27Z,simulado
crm,crm_vendedor,2026-09-09T02:10:57Z,simulado
crm,crm_vendedor,2026-09-09T06:11:47Z,simulado
crm,crm_vendedor,2026-09-09T10:10:22Z,simulado
crm,crm_vendedor,2026-09-09T14:19:10Z,simulado
crm,crm_vendedor,2026-09-09T18:13:15Z,simulado
crm,crm_vendedor,2026-09-09T22:12:14Z,simulado
crm,crm_vendedor,2026-09-10T02:16:36Z,simulado
crm,crm_vendedor,2026-09-10T06:12:21Z,simulado
crm,crm_vendedor,2026-09-10T10:11:58Z,simulado
crm,crm_vendedor,2026-09-10T14:13:12Z,simulado
crm,crm_vendedor,2026-09-10T18:08:31Z,simulado
crm,crm_vendedor,2026-09-10T22:30:49Z,simulado
crm,crm_vendedor,2026-09-11T02:07:31Z,simulado
crm,crm_vendedor,2026-09-11T06:20:04Z,simulado
crm,crm_vendedor,2026-09-11T10:19:49Z,simulado
crm,crm_vendedor,2026-09-11T14:19:20Z,simulado
crm,crm_vendedor,2026-09-11T18:15:03Z,simulado
crm,crm_vendedor,2026-09-11T22:17:53Z,simulado
crm,crm_vendedor,2026-09-12T02:10:56Z,simulado
crm,crm_vendedor,2026-09-12T06:13:58Z,simulado
crm,crm_vendedor,2026-09-12T10:29:30Z,simulado
crm,crm_vendedor,2026-09-12T14:15:54Z,simulado
crm,crm_vendedor,2026-09-12T18:18:05Z,simulado
crm,crm_vendedor,2026-09-12T22:21:43Z,simulado
crm,crm_vendedor,2026-09-13T02:09:48Z,simulado
crm,crm_vendedor,2026-09-13T06:39:08Z,simulado
crm,crm_vendedor,2026-09-13T10:16:12Z,simulado
crm,crm_vendedor,2026-09-13T14:22:29Z,simulado
crm,crm_vendedor,2026-09-13T18:19:39Z,simulado
crm,crm_vendedor,2026-09-13T22:13:05Z,simulado
crm,crm_vendedor,2026-09-14T02:08:37Z,simulado
crm,crm_vendedor,2026-09-14T06:18:50Z,simulado
crm,crm_vendedor,2026-09-14T10:12:30Z,simulado
crm,crm_vendedor,2026-09-14T18:20:54Z,simulado
crm,crm_vendedor,2026-09-14T22:15:22Z,simulado
crm,crm_vendedor,2026-09-16T10:11:11Z,simulado
crm,crm_vendedor,2026-09-16T18:12:43Z,simulado
crm,crm_vendedor,2026-09-16T22:28:18Z,simulado
crm,crm_vendedor,2026-09-17T02:14:55Z,simulado
crm,crm_vendedor,2026-09-17T06:22:52Z,simulado
crm,crm_vendedor,2026-09-17T10:17:19Z,simulado
crm,crm_vendedor,2026-09-17T14:26:01Z,simulado
crm,crm_vendedor,2026-09-17T18:24:44Z,simulado
crm,crm_vendedor,2026-09-17T22:19:53Z,simulado
crm,crm_vendedor,2026-09-18T02:12:35Z,simulado
crm,crm_vendedor,2026-09-18T06:19:49Z,simulado
crm,crm_vendedor,2026-09-18T14:16:59Z,simulado
crm,crm_vendedor,2026-09-18T22:16:38Z,simulado
crm,crm_vendedor,2026-09-19T02:13:53Z,simulado
crm,crm_vendedor,2026-09-19T06:26:11Z,simulado
crm,crm_vendedor,2026-09-19T10:23:20Z,simulado
crm,crm_vendedor,2026-09-19T14:30:09Z,simulado
crm,crm_vendedor,2026-09-19T18:33:25Z,simulado
crm,crm_vendedor,2026-09-20T02:18:54Z,simulado
crm,crm_vendedor,2026-09-20T06:17:14Z,simulado
crm,crm_vendedor,2026-09-20T10:15:53Z,simulado
crm,crm_vendedor,2026-09-20T14:14:20Z,simulado
crm,crm_vendedor,2026-09-20T18:16:29Z,simulado
crm,crm_vendedor,2026-09-20T22:14:09Z,simulado
crm,crm_vendedor,2026-09-21T02:18:46Z,simulado
crm,crm_vendedor,2026-09-21T06:22:51Z,simulado
crm,crm_vendedor,2026-09-21T10:04:52Z,dbt
encuestas,encuesta_nps,2026-07-15T00:04:00Z,simulado
encuestas,encuesta_nps,2026-07-20T20:09:53Z,simulado
encuestas,encuesta_nps,2026-07-28T02:07:42Z,simulado
encuestas,encuesta_nps,2026-08-04T03:51:54Z,simulado
encuestas,encuesta_nps,2026-08-11T01:37:12Z,simulado
encuestas,encuesta_nps,2026-08-18T01:15:56Z,simulado
encuestas,encuesta_nps,2026-08-24T14:37:01Z,simulado
encuestas,encuesta_nps,2026-09-01T06:19:58Z,simulado
encuestas,encuesta_nps,2026-09-08T16:47:17Z,simulado
encuestas,encuesta_nps,2026-09-15T19:04:52Z,dbt
erp,calendario,2026-07-09T23:41:25Z,simulado
erp,calendario,2026-07-10T23:51:50Z,simulado
erp,calendario,2026-07-11T23:46:07Z,simulado
erp,calendario,2026-07-12T23:26:06Z,simulado
erp,calendario,2026-07-13T23:37:00Z,simulado
erp,calendario,2026-07-15T00:23:42Z,simulado
erp,calendario,2026-07-15T23:28:52Z,simulado
erp,calendario,2026-07-16T23:44:22Z,simulado
erp,calendario,2026-07-17T23:48:53Z,simulado
erp,calendario,2026-07-19T00:03:20Z,simulado
erp,calendario,2026-07-19T23:22:03Z,simulado
erp,calendario,2026-07-21T00:05:36Z,simulado
erp,calendario,2026-07-22T00:21:29Z,simulado
erp,calendario,2026-07-22T23:24:42Z,simulado
erp,calendario,2026-07-23T23:24:30Z,simulado
erp,calendario,2026-07-24T23:24:34Z,simulado
erp,calendario,2026-07-26T00:32:42Z,simulado
erp,calendario,2026-07-26T23:20:36Z,simulado
erp,calendario,2026-07-27T23:57:05Z,simulado
erp,calendario,2026-07-28T23:52:41Z,simulado
erp,calendario,2026-07-29T23:37:56Z,simulado
erp,calendario,2026-07-30T23:26:11Z,simulado
erp,calendario,2026-07-31T23:31:49Z,simulado
erp,calendario,2026-08-01T23:14:15Z,simulado
erp,calendario,2026-08-03T00:56:46Z,simulado
erp,calendario,2026-08-04T00:38:30Z,simulado
erp,calendario,2026-08-04T23:33:01Z,simulado
erp,calendario,2026-08-05T23:25:15Z,simulado
erp,calendario,2026-08-06T23:34:23Z,simulado
erp,calendario,2026-08-07T23:22:19Z,simulado
erp,calendario,2026-08-08T23:37:40Z,simulado
erp,calendario,2026-08-09T23:56:35Z,simulado
erp,calendario,2026-08-10T23:25:55Z,simulado
erp,calendario,2026-08-12T01:51:56Z,simulado
erp,calendario,2026-08-12T23:59:02Z,simulado
erp,calendario,2026-08-13T23:32:33Z,simulado
erp,calendario,2026-08-14T23:24:48Z,simulado
erp,calendario,2026-08-16T00:17:49Z,simulado
erp,calendario,2026-08-16T23:43:55Z,simulado
erp,calendario,2026-08-17T23:47:27Z,simulado
erp,calendario,2026-08-18T23:24:31Z,simulado
erp,calendario,2026-08-19T23:55:02Z,simulado
erp,calendario,2026-08-20T23:54:27Z,simulado
erp,calendario,2026-08-22T00:52:29Z,simulado
erp,calendario,2026-08-22T23:21:02Z,simulado
erp,calendario,2026-08-23T23:44:19Z,simulado
erp,calendario,2026-08-24T23:24:42Z,simulado
erp,calendario,2026-08-25T23:40:05Z,simulado
erp,calendario,2026-08-27T00:04:09Z,simulado
erp,calendario,2026-08-27T23:33:55Z,simulado
erp,calendario,2026-08-28T23:27:17Z,simulado
erp,calendario,2026-08-30T00:16:32Z,simulado
erp,calendario,2026-08-30T23:58:51Z,simulado
erp,calendario,2026-08-31T23:28:15Z,simulado
erp,calendario,2026-09-01T23:36:11Z,simulado
erp,calendario,2026-09-02T23:34:40Z,simulado
erp,calendario,2026-09-03T23:41:25Z,simulado
erp,calendario,2026-09-04T23:54:03Z,simulado
erp,calendario,2026-09-05T23:35:20Z,simulado
erp,calendario,2026-09-08T23:28:45Z,simulado
erp,calendario,2026-09-10T03:08:20Z,simulado
erp,calendario,2026-09-11T00:49:47Z,simulado
erp,calendario,2026-09-11T23:32:06Z,simulado
erp,calendario,2026-09-12T23:43:08Z,simulado
erp,calendario,2026-09-14T00:48:40Z,simulado
erp,calendario,2026-09-15T23:24:32Z,simulado
erp,calendario,2026-09-17T00:30:33Z,simulado
erp,calendario,2026-09-18T00:15:44Z,simulado
erp,calendario,2026-09-18T23:29:23Z,simulado
erp,calendario,2026-09-19T23:58:00Z,simulado
erp,calendario,2026-09-20T23:04:51Z,dbt
erp,factura_linea,2026-07-09T23:41:25Z,simulado
erp,factura_linea,2026-07-10T23:51:50Z,simulado
erp,factura_linea,2026-07-11T23:46:07Z,simulado
erp,factura_linea,2026-07-12T23:26:06Z,simulado
erp,factura_linea,2026-07-13T23:37:00Z,simulado
erp,factura_linea,2026-07-15T00:23:42Z,simulado
erp,factura_linea,2026-07-15T23:28:52Z,simulado
erp,factura_linea,2026-07-16T23:44:22Z,simulado
erp,factura_linea,2026-07-17T23:48:53Z,simulado
erp,factura_linea,2026-07-19T00:03:20Z,simulado
erp,factura_linea,2026-07-19T23:22:03Z,simulado
erp,factura_linea,2026-07-21T00:05:36Z,simulado
erp,factura_linea,2026-07-22T00:21:29Z,simulado
erp,factura_linea,2026-07-22T23:24:42Z,simulado
erp,factura_linea,2026-07-23T23:24:30Z,simulado
erp,factura_linea,2026-07-24T23:24:34Z,simulado
erp,factura_linea,2026-07-26T00:32:42Z,simulado
erp,factura_linea,2026-07-26T23:20:36Z,simulado
erp,factura_linea,2026-07-27T23:57:05Z,simulado
erp,factura_linea,2026-07-28T23:52:41Z,simulado
erp,factura_linea,2026-07-29T23:37:56Z,simulado
erp,factura_linea,2026-07-30T23:26:11Z,simulado
erp,factura_linea,2026-07-31T23:31:49Z,simulado
erp,factura_linea,2026-08-01T23:14:15Z,simulado
erp,factura_linea,2026-08-03T00:56:46Z,simulado
erp,factura_linea,2026-08-04T00:38:30Z,simulado
erp,factura_linea,2026-08-04T23:33:01Z,simulado
erp,factura_linea,2026-08-05T23:25:15Z,simulado
erp,factura_linea,2026-08-06T23:34:23Z,simulado
erp,factura_linea,2026-08-07T23:22:19Z,simulado
erp,factura_linea,2026-08-08T23:37:40Z,simulado
erp,factura_linea,2026-08-09T23:56:35Z,simulado
erp,factura_linea,2026-08-10T23:25:55Z,simulado
erp,factura_linea,2026-08-12T01:51:56Z,simulado
erp,factura_linea,2026-08-12T23:59:02Z,simulado
erp,factura_linea,2026-08-13T23:32:33Z,simulado
erp,factura_linea,2026-08-14T23:24:48Z,simulado
erp,factura_linea,2026-08-16T00:17:49Z,simulado
erp,factura_linea,2026-08-16T23:43:55Z,simulado
erp,factura_linea,2026-08-17T23:47:27Z,simulado
erp,factura_linea,2026-08-18T23:24:31Z,simulado
erp,factura_linea,2026-08-19T23:55:02Z,simulado
erp,factura_linea,2026-08-20T23:54:27Z,simulado
erp,factura_linea,2026-08-22T00:52:29Z,simulado
erp,factura_linea,2026-08-22T23:21:02Z,simulado
erp,factura_linea,2026-08-23T23:44:19Z,simulado
erp,factura_linea,2026-08-24T23:24:42Z,simulado
erp,factura_linea,2026-08-25T23:40:05Z,simulado
erp,factura_linea,2026-08-27T00:04:09Z,simulado
erp,factura_linea,2026-08-27T23:33:55Z,simulado
erp,factura_linea,2026-08-28T23:27:17Z,simulado
erp,factura_linea,2026-08-30T00:16:32Z,simulado
erp,factura_linea,2026-08-30T23:58:51Z,simulado
erp,factura_linea,2026-08-31T23:28:15Z,simulado
erp,factura_linea,2026-09-01T23:36:11Z,simulado
erp,factura_linea,2026-09-02T23:34:40Z,simulado
erp,factura_linea,2026-09-03T23:41:25Z,simulado
erp,factura_linea,2026-09-04T23:54:03Z,simulado
erp,factura_linea,2026-09-05T23:35:20Z,simulado
erp,factura_linea,2026-09-08T23:28:45Z,simulado
erp,factura_linea,2026-09-10T03:08:20Z,simulado
erp,factura_linea,2026-09-11T00:49:47Z,simulado
erp,factura_linea,2026-09-11T23:32:06Z,simulado
erp,factura_linea,2026-09-12T23:43:08Z,simulado
erp,factura_linea,2026-09-14T00:48:40Z,simulado
erp,factura_linea,2026-09-15T23:24:32Z,simulado
erp,factura_linea,2026-09-17T00:30:33Z,simulado
erp,factura_linea,2026-09-18T00:15:44Z,simulado
erp,factura_linea,2026-09-18T23:29:23Z,simulado
erp,factura_linea,2026-09-19T23:58:00Z,simulado
erp,factura_linea,2026-09-20T23:04:52Z,dbt
erp,pago,2026-07-09T23:41:25Z,simulado
erp,pago,2026-07-10T23:51:50Z,simulado
erp,pago,2026-07-11T23:46:07Z,simulado
erp,pago,2026-07-12T23:26:06Z,simulado
erp,pago,2026-07-13T23:37:00Z,simulado
erp,pago,2026-07-15T00:23:42Z,simulado
erp,pago,2026-07-15T23:28:52Z,simulado
erp,pago,2026-07-16T23:44:22Z,simulado
erp,pago,2026-07-17T23:48:53Z,simulado
erp,pago,2026-07-19T00:03:20Z,simulado
erp,pago,2026-07-19T23:22:03Z,simulado
erp,pago,2026-07-21T00:05:36Z,simulado
erp,pago,2026-07-22T00:21:29Z,simulado
erp,pago,2026-07-22T23:24:42Z,simulado
erp,pago,2026-07-23T23:24:30Z,simulado
erp,pago,2026-07-24T23:24:34Z,simulado
erp,pago,2026-07-26T00:32:42Z,simulado
erp,pago,2026-07-26T23:20:36Z,simulado
erp,pago,2026-07-27T23:57:05Z,simulado
erp,pago,2026-07-28T23:52:41Z,simulado
erp,pago,2026-07-29T23:37:56Z,simulado
erp,pago,2026-07-30T23:26:11Z,simulado
erp,pago,2026-07-31T23:31:49Z,simulado
erp,pago,2026-08-01T23:14:15Z,simulado
erp,pago,2026-08-03T00:56:46Z,simulado
erp,pago,2026-08-04T00:38:30Z,simulado
erp,pago,2026-08-04T23:33:01Z,simulado
erp,pago,2026-08-05T23:25:15Z,simulado
erp,pago,2026-08-06T23:34:23Z,simulado
erp,pago,2026-08-07T23:22:19Z,simulado
erp,pago,2026-08-08T23:37:40Z,simulado
erp,pago,2026-08-09T23:56:35Z,simulado
erp,pago,2026-08-10T23:25:55Z,simulado
erp,pago,2026-08-12T01:51:56Z,simulado
erp,pago,2026-08-12T23:59:02Z,simulado
erp,pago,2026-08-13T23:32:33Z,simulado
erp,pago,2026-08-14T23:24:48Z,simulado
erp,pago,2026-08-16T00:17:49Z,simulado
erp,pago,2026-08-16T23:43:55Z,simulado
erp,pago,2026-08-17T23:47:27Z,simulado
erp,pago,2026-08-18T23:24:31Z,simulado
erp,pago,2026-08-19T23:55:02Z,simulado
erp,pago,2026-08-20T23:54:27Z,simulado
erp,pago,2026-08-22T00:52:29Z,simulado
erp,pago,2026-08-22T23:21:02Z,simulado
erp,pago,2026-08-23T23:44:19Z,simulado
erp,pago,2026-08-24T23:24:42Z,simulado
erp,pago,2026-08-25T23:40:05Z,simulado
erp,pago,2026-08-27T00:04:09Z,simulado
erp,pago,2026-08-27T23:33:55Z,simulado
erp,pago,2026-08-28T23:27:17Z,simulado
erp,pago,2026-08-30T00:16:32Z,simulado
erp,pago,2026-08-30T23:58:51Z,simulado
erp,pago,2026-08-31T23:28:15Z,simulado
erp,pago,2026-09-01T23:36:11Z,simulado
erp,pago,2026-09-02T23:34:40Z,simulado
erp,pago,2026-09-03T23:41:25Z,simulado
erp,pago,2026-09-04T23:54:03Z,simulado
erp,pago,2026-09-05T23:35:20Z,simulado
erp,pago,2026-09-08T23:28:45Z,simulado
erp,pago,2026-09-10T03:08:20Z,simulado
erp,pago,2026-09-11T00:49:47Z,simulado
erp,pago,2026-09-11T23:32:06Z,simulado
erp,pago,2026-09-12T23:43:08Z,simulado
erp,pago,2026-09-14T00:48:40Z,simulado
erp,pago,2026-09-15T23:24:32Z,simulado
erp,pago,2026-09-17T00:30:33Z,simulado
erp,pago,2026-09-18T00:15:44Z,simulado
erp,pago,2026-09-18T23:29:23Z,simulado
erp,pago,2026-09-19T23:58:00Z,simulado
erp,pago,2026-09-20T23:04:53Z,dbt
erp,producto,2026-07-09T23:41:25Z,simulado
erp,producto,2026-07-10T23:51:50Z,simulado
erp,producto,2026-07-11T23:46:07Z,simulado
erp,producto,2026-07-12T23:26:06Z,simulado
erp,producto,2026-07-13T23:37:00Z,simulado
erp,producto,2026-07-15T00:23:42Z,simulado
erp,producto,2026-07-15T23:28:52Z,simulado
erp,producto,2026-07-16T23:44:22Z,simulado
erp,producto,2026-07-17T23:48:53Z,simulado
erp,producto,2026-07-19T00:03:20Z,simulado
erp,producto,2026-07-19T23:22:03Z,simulado
erp,producto,2026-07-21T00:05:36Z,simulado
erp,producto,2026-07-22T00:21:29Z,simulado
erp,producto,2026-07-22T23:24:42Z,simulado
erp,producto,2026-07-23T23:24:30Z,simulado
erp,producto,2026-07-24T23:24:34Z,simulado
erp,producto,2026-07-26T00:32:42Z,simulado
erp,producto,2026-07-26T23:20:36Z,simulado
erp,producto,2026-07-27T23:57:05Z,simulado
erp,producto,2026-07-28T23:52:41Z,simulado
erp,producto,2026-07-29T23:37:56Z,simulado
erp,producto,2026-07-30T23:26:11Z,simulado
erp,producto,2026-07-31T23:31:49Z,simulado
erp,producto,2026-08-01T23:14:15Z,simulado
erp,producto,2026-08-03T00:56:46Z,simulado
erp,producto,2026-08-04T00:38:30Z,simulado
erp,producto,2026-08-04T23:33:01Z,simulado
erp,producto,2026-08-05T23:25:15Z,simulado
erp,producto,2026-08-06T23:34:23Z,simulado
erp,producto,2026-08-07T23:22:19Z,simulado
erp,producto,2026-08-08T23:37:40Z,simulado
erp,producto,2026-08-09T23:56:35Z,simulado
erp,producto,2026-08-10T23:25:55Z,simulado
erp,producto,2026-08-12T01:51:56Z,simulado
erp,producto,2026-08-12T23:59:02Z,simulado
erp,producto,2026-08-13T23:32:33Z,simulado
erp,producto,2026-08-14T23:24:48Z,simulado
erp,producto,2026-08-16T00:17:49Z,simulado
erp,producto,2026-08-16T23:43:55Z,simulado
erp,producto,2026-08-17T23:47:27Z,simulado
erp,producto,2026-08-18T23:24:31Z,simulado
erp,producto,2026-08-19T23:55:02Z,simulado
erp,producto,2026-08-20T23:54:27Z,simulado
erp,producto,2026-08-22T00:52:29Z,simulado
erp,producto,2026-08-22T23:21:02Z,simulado
erp,producto,2026-08-23T23:44:19Z,simulado
erp,producto,2026-08-24T23:24:42Z,simulado
erp,producto,2026-08-25T23:40:05Z,simulado
erp,producto,2026-08-27T00:04:09Z,simulado
erp,producto,2026-08-27T23:33:55Z,simulado
erp,producto,2026-08-28T23:27:17Z,simulado
erp,producto,2026-08-30T00:16:32Z,simulado
erp,producto,2026-08-30T23:58:51Z,simulado
erp,producto,2026-08-31T23:28:15Z,simulado
erp,producto,2026-09-01T23:36:11Z,simulado
erp,producto,2026-09-02T23:34:40Z,simulado
erp,producto,2026-09-03T23:41:25Z,simulado
erp,producto,2026-09-04T23:54:03Z,simulado
erp,producto,2026-09-05T23:35:20Z,simulado
erp,producto,2026-09-08T23:28:45Z,simulado
erp,producto,2026-09-10T03:08:20Z,simulado
erp,producto,2026-09-11T00:49:47Z,simulado
erp,producto,2026-09-11T23:32:06Z,simulado
erp,producto,2026-09-12T23:43:08Z,simulado
erp,producto,2026-09-14T00:48:40Z,simulado
erp,producto,2026-09-15T23:24:32Z,simulado
erp,producto,2026-09-17T00:30:33Z,simulado
erp,producto,2026-09-18T00:15:44Z,simulado
erp,producto,2026-09-18T23:29:23Z,simulado
erp,producto,2026-09-19T23:58:00Z,simulado
erp,producto,2026-09-20T23:04:53Z,dbt
erp,suscripcion_cargo,2026-07-09T23:41:25Z,simulado
erp,suscripcion_cargo,2026-07-10T23:51:50Z,simulado
erp,suscripcion_cargo,2026-07-11T23:46:07Z,simulado
erp,suscripcion_cargo,2026-07-12T23:26:06Z,simulado
erp,suscripcion_cargo,2026-07-13T23:37:00Z,simulado
erp,suscripcion_cargo,2026-07-15T00:23:42Z,simulado
erp,suscripcion_cargo,2026-07-15T23:28:52Z,simulado
erp,suscripcion_cargo,2026-07-16T23:44:22Z,simulado
erp,suscripcion_cargo,2026-07-17T23:48:53Z,simulado
erp,suscripcion_cargo,2026-07-19T00:03:20Z,simulado
erp,suscripcion_cargo,2026-07-19T23:22:03Z,simulado
erp,suscripcion_cargo,2026-07-21T00:05:36Z,simulado
erp,suscripcion_cargo,2026-07-22T00:21:29Z,simulado
erp,suscripcion_cargo,2026-07-22T23:24:42Z,simulado
erp,suscripcion_cargo,2026-07-23T23:24:30Z,simulado
erp,suscripcion_cargo,2026-07-24T23:24:34Z,simulado
erp,suscripcion_cargo,2026-07-26T00:32:42Z,simulado
erp,suscripcion_cargo,2026-07-26T23:20:36Z,simulado
erp,suscripcion_cargo,2026-07-27T23:57:05Z,simulado
erp,suscripcion_cargo,2026-07-28T23:52:41Z,simulado
erp,suscripcion_cargo,2026-07-29T23:37:56Z,simulado
erp,suscripcion_cargo,2026-07-30T23:26:11Z,simulado
erp,suscripcion_cargo,2026-07-31T23:31:49Z,simulado
erp,suscripcion_cargo,2026-08-01T23:14:15Z,simulado
erp,suscripcion_cargo,2026-08-03T00:56:46Z,simulado
erp,suscripcion_cargo,2026-08-04T00:38:30Z,simulado
erp,suscripcion_cargo,2026-08-04T23:33:01Z,simulado
erp,suscripcion_cargo,2026-08-05T23:25:15Z,simulado
erp,suscripcion_cargo,2026-08-06T23:34:23Z,simulado
erp,suscripcion_cargo,2026-08-07T23:22:19Z,simulado
erp,suscripcion_cargo,2026-08-08T23:37:40Z,simulado
erp,suscripcion_cargo,2026-08-09T23:56:35Z,simulado
erp,suscripcion_cargo,2026-08-10T23:25:55Z,simulado
erp,suscripcion_cargo,2026-08-12T01:51:56Z,simulado
erp,suscripcion_cargo,2026-08-12T23:59:02Z,simulado
erp,suscripcion_cargo,2026-08-13T23:32:33Z,simulado
erp,suscripcion_cargo,2026-08-14T23:24:48Z,simulado
erp,suscripcion_cargo,2026-08-16T00:17:49Z,simulado
erp,suscripcion_cargo,2026-08-16T23:43:55Z,simulado
erp,suscripcion_cargo,2026-08-17T23:47:27Z,simulado
erp,suscripcion_cargo,2026-08-18T23:24:31Z,simulado
erp,suscripcion_cargo,2026-08-19T23:55:02Z,simulado
erp,suscripcion_cargo,2026-08-20T23:54:27Z,simulado
erp,suscripcion_cargo,2026-08-22T00:52:29Z,simulado
erp,suscripcion_cargo,2026-08-22T23:21:02Z,simulado
erp,suscripcion_cargo,2026-08-23T23:44:19Z,simulado
erp,suscripcion_cargo,2026-08-24T23:24:42Z,simulado
erp,suscripcion_cargo,2026-08-25T23:40:05Z,simulado
erp,suscripcion_cargo,2026-08-27T00:04:09Z,simulado
erp,suscripcion_cargo,2026-08-27T23:33:55Z,simulado
erp,suscripcion_cargo,2026-08-28T23:27:17Z,simulado
erp,suscripcion_cargo,2026-08-30T00:16:32Z,simulado
erp,suscripcion_cargo,2026-08-30T23:58:51Z,simulado
erp,suscripcion_cargo,2026-08-31T23:28:15Z,simulado
erp,suscripcion_cargo,2026-09-01T23:36:11Z,simulado
erp,suscripcion_cargo,2026-09-02T23:34:40Z,simulado
erp,suscripcion_cargo,2026-09-03T23:41:25Z,simulado
erp,suscripcion_cargo,2026-09-04T23:54:03Z,simulado
erp,suscripcion_cargo,2026-09-05T23:35:20Z,simulado
erp,suscripcion_cargo,2026-09-08T23:28:45Z,simulado
erp,suscripcion_cargo,2026-09-10T03:08:20Z,simulado
erp,suscripcion_cargo,2026-09-11T00:49:47Z,simulado
erp,suscripcion_cargo,2026-09-11T23:32:06Z,simulado
erp,suscripcion_cargo,2026-09-12T23:43:08Z,simulado
erp,suscripcion_cargo,2026-09-14T00:48:40Z,simulado
erp,suscripcion_cargo,2026-09-15T23:24:32Z,simulado
erp,suscripcion_cargo,2026-09-17T00:30:33Z,simulado
erp,suscripcion_cargo,2026-09-18T00:15:44Z,simulado
erp,suscripcion_cargo,2026-09-18T23:29:23Z,simulado
erp,suscripcion_cargo,2026-09-19T23:58:00Z,simulado
erp,suscripcion_cargo,2026-09-20T23:04:53Z,dbt
helpdesk,ticket_soporte,2026-07-09T02:17:23Z,simulado
helpdesk,ticket_soporte,2026-07-09T08:18:23Z,simulado
helpdesk,ticket_soporte,2026-07-09T14:14:56Z,simulado
helpdesk,ticket_soporte,2026-07-09T20:12:25Z,simulado
helpdesk,ticket_soporte,2026-07-10T02:19:35Z,simulado
helpdesk,ticket_soporte,2026-07-10T08:19:05Z,simulado
helpdesk,ticket_soporte,2026-07-10T14:25:35Z,simulado
helpdesk,ticket_soporte,2026-07-10T20:30:22Z,simulado
helpdesk,ticket_soporte,2026-07-11T02:18:36Z,simulado
helpdesk,ticket_soporte,2026-07-11T08:31:15Z,simulado
helpdesk,ticket_soporte,2026-07-11T14:13:44Z,simulado
helpdesk,ticket_soporte,2026-07-11T20:08:42Z,simulado
helpdesk,ticket_soporte,2026-07-12T02:17:56Z,simulado
helpdesk,ticket_soporte,2026-07-12T08:14:05Z,simulado
helpdesk,ticket_soporte,2026-07-12T14:25:29Z,simulado
helpdesk,ticket_soporte,2026-07-12T20:27:25Z,simulado
helpdesk,ticket_soporte,2026-07-13T02:15:59Z,simulado
helpdesk,ticket_soporte,2026-07-13T08:41:58Z,simulado
helpdesk,ticket_soporte,2026-07-13T14:16:09Z,simulado
helpdesk,ticket_soporte,2026-07-13T20:17:46Z,simulado
helpdesk,ticket_soporte,2026-07-14T02:09:23Z,simulado
helpdesk,ticket_soporte,2026-07-14T08:15:21Z,simulado
helpdesk,ticket_soporte,2026-07-14T14:19:17Z,simulado
helpdesk,ticket_soporte,2026-07-14T20:15:11Z,simulado
helpdesk,ticket_soporte,2026-07-15T02:12:29Z,simulado
helpdesk,ticket_soporte,2026-07-15T08:24:23Z,simulado
helpdesk,ticket_soporte,2026-07-15T14:10:08Z,simulado
helpdesk,ticket_soporte,2026-07-15T20:16:16Z,simulado
helpdesk,ticket_soporte,2026-07-16T02:11:23Z,simulado
helpdesk,ticket_soporte,2026-07-16T08:14:48Z,simulado
helpdesk,ticket_soporte,2026-07-16T14:11:13Z,simulado
helpdesk,ticket_soporte,2026-07-16T20:16:29Z,simulado
helpdesk,ticket_soporte,2026-07-17T02:11:51Z,simulado
helpdesk,ticket_soporte,2026-07-17T08:30:05Z,simulado
helpdesk,ticket_soporte,2026-07-17T14:14:26Z,simulado
helpdesk,ticket_soporte,2026-07-18T02:37:29Z,simulado
helpdesk,ticket_soporte,2026-07-18T08:22:41Z,simulado
helpdesk,ticket_soporte,2026-07-18T14:25:15Z,simulado
helpdesk,ticket_soporte,2026-07-18T20:13:23Z,simulado
helpdesk,ticket_soporte,2026-07-19T02:10:25Z,simulado
helpdesk,ticket_soporte,2026-07-19T08:20:54Z,simulado
helpdesk,ticket_soporte,2026-07-19T14:20:11Z,simulado
helpdesk,ticket_soporte,2026-07-19T20:13:45Z,simulado
helpdesk,ticket_soporte,2026-07-20T02:12:55Z,simulado
helpdesk,ticket_soporte,2026-07-20T08:14:04Z,simulado
helpdesk,ticket_soporte,2026-07-20T20:25:45Z,simulado
helpdesk,ticket_soporte,2026-07-21T02:14:34Z,simulado
helpdesk,ticket_soporte,2026-07-21T08:20:44Z,simulado
helpdesk,ticket_soporte,2026-07-21T14:29:15Z,simulado
helpdesk,ticket_soporte,2026-07-22T02:13:39Z,simulado
helpdesk,ticket_soporte,2026-07-22T08:13:08Z,simulado
helpdesk,ticket_soporte,2026-07-22T14:12:15Z,simulado
helpdesk,ticket_soporte,2026-07-22T20:13:57Z,simulado
helpdesk,ticket_soporte,2026-07-23T02:19:59Z,simulado
helpdesk,ticket_soporte,2026-07-23T08:11:13Z,simulado
helpdesk,ticket_soporte,2026-07-23T20:15:46Z,simulado
helpdesk,ticket_soporte,2026-07-24T02:09:17Z,simulado
helpdesk,ticket_soporte,2026-07-24T08:21:08Z,simulado
helpdesk,ticket_soporte,2026-07-24T14:23:21Z,simulado
helpdesk,ticket_soporte,2026-07-24T20:32:49Z,simulado
helpdesk,ticket_soporte,2026-07-25T02:15:58Z,simulado
helpdesk,ticket_soporte,2026-07-25T08:14:24Z,simulado
helpdesk,ticket_soporte,2026-07-25T14:13:39Z,simulado
helpdesk,ticket_soporte,2026-07-25T20:13:17Z,simulado
helpdesk,ticket_soporte,2026-07-26T02:12:44Z,simulado
helpdesk,ticket_soporte,2026-07-26T14:11:29Z,simulado
helpdesk,ticket_soporte,2026-07-26T20:11:13Z,simulado
helpdesk,ticket_soporte,2026-07-27T02:20:12Z,simulado
helpdesk,ticket_soporte,2026-07-27T08:10:21Z,simulado
helpdesk,ticket_soporte,2026-07-27T14:17:28Z,simulado
helpdesk,ticket_soporte,2026-07-27T20:11:28Z,simulado
helpdesk,ticket_soporte,2026-07-28T02:18:09Z,simulado
helpdesk,ticket_soporte,2026-07-28T08:23:18Z,simulado
helpdesk,ticket_soporte,2026-07-28T14:15:45Z,simulado
helpdesk,ticket_soporte,2026-07-28T20:17:19Z,simulado
helpdesk,ticket_soporte,2026-07-29T02:15:19Z,simulado
helpdesk,ticket_soporte,2026-07-29T08:15:09Z,simulado
helpdesk,ticket_soporte,2026-07-29T14:12:42Z,simulado
helpdesk,ticket_soporte,2026-07-29T20:13:07Z,simulado
helpdesk,ticket_soporte,2026-07-30T02:08:41Z,simulado
helpdesk,ticket_soporte,2026-07-30T08:13:13Z,simulado
helpdesk,ticket_soporte,2026-07-30T14:14:30Z,simulado
helpdesk,ticket_soporte,2026-07-30T20:13:43Z,simulado
helpdesk,ticket_soporte,2026-07-31T02:09:56Z,simulado
helpdesk,ticket_soporte,2026-07-31T08:11:42Z,simulado
helpdesk,ticket_soporte,2026-07-31T14:16:17Z,simulado
helpdesk,ticket_soporte,2026-07-31T20:13:48Z,simulado
helpdesk,ticket_soporte,2026-08-01T02:13:57Z,simulado
helpdesk,ticket_soporte,2026-08-01T14:25:10Z,simulado
helpdesk,ticket_soporte,2026-08-01T20:10:43Z,simulado
helpdesk,ticket_soporte,2026-08-02T02:14:07Z,simulado
helpdesk,ticket_soporte,2026-08-02T08:13:36Z,simulado
helpdesk,ticket_soporte,2026-08-02T14:17:32Z,simulado
helpdesk,ticket_soporte,2026-08-02T20:14:57Z,simulado
helpdesk,ticket_soporte,2026-08-03T02:23:09Z,simulado
helpdesk,ticket_soporte,2026-08-03T08:10:49Z,simulado
helpdesk,ticket_soporte,2026-08-03T14:10:55Z,simulado
helpdesk,ticket_soporte,2026-08-03T20:32:22Z,simulado
helpdesk,ticket_soporte,2026-08-04T02:12:01Z,simulado
helpdesk,ticket_soporte,2026-08-04T08:33:34Z,simulado
helpdesk,ticket_soporte,2026-08-04T14:24:58Z,simulado
helpdesk,ticket_soporte,2026-08-04T20:10:52Z,simulado
helpdesk,ticket_soporte,2026-08-05T02:22:34Z,simulado
helpdesk,ticket_soporte,2026-08-05T08:10:09Z,simulado
helpdesk,ticket_soporte,2026-08-05T14:12:16Z,simulado
helpdesk,ticket_soporte,2026-08-05T20:11:38Z,simulado
helpdesk,ticket_soporte,2026-08-06T02:10:00Z,simulado
helpdesk,ticket_soporte,2026-08-06T08:22:58Z,simulado
helpdesk,ticket_soporte,2026-08-06T14:19:21Z,simulado
helpdesk,ticket_soporte,2026-08-06T20:14:12Z,simulado
helpdesk,ticket_soporte,2026-08-07T02:23:21Z,simulado
helpdesk,ticket_soporte,2026-08-07T08:13:37Z,simulado
helpdesk,ticket_soporte,2026-08-07T14:36:22Z,simulado
helpdesk,ticket_soporte,2026-08-07T20:35:11Z,simulado
helpdesk,ticket_soporte,2026-08-08T02:14:43Z,simulado
helpdesk,ticket_soporte,2026-08-08T08:16:51Z,simulado
helpdesk,ticket_soporte,2026-08-08T14:14:55Z,simulado
helpdesk,ticket_soporte,2026-08-08T20:16:49Z,simulado
helpdesk,ticket_soporte,2026-08-09T02:09:40Z,simulado
helpdesk,ticket_soporte,2026-08-09T08:39:57Z,simulado
helpdesk,ticket_soporte,2026-08-09T14:27:04Z,simulado
helpdesk,ticket_soporte,2026-08-09T20:17:35Z,simulado
helpdesk,ticket_soporte,2026-08-10T02:15:34Z,simulado
helpdesk,ticket_soporte,2026-08-10T08:12:06Z,simulado
helpdesk,ticket_soporte,2026-08-10T14:20:14Z,simulado
helpdesk,ticket_soporte,2026-08-10T20:24:30Z,simulado
helpdesk,ticket_soporte,2026-08-11T02:17:36Z,simulado
helpdesk,ticket_soporte,2026-08-11T08:36:01Z,simulado
helpdesk,ticket_soporte,2026-08-11T14:24:25Z,simulado
helpdesk,ticket_soporte,2026-08-11T20:23:25Z,simulado
helpdesk,ticket_soporte,2026-08-12T02:11:57Z,simulado
helpdesk,ticket_soporte,2026-08-12T08:20:01Z,simulado
helpdesk,ticket_soporte,2026-08-12T14:15:16Z,simulado
helpdesk,ticket_soporte,2026-08-12T20:20:51Z,simulado
helpdesk,ticket_soporte,2026-08-13T02:17:56Z,simulado
helpdesk,ticket_soporte,2026-08-13T08:14:40Z,simulado
helpdesk,ticket_soporte,2026-08-13T14:15:03Z,simulado
helpdesk,ticket_soporte,2026-08-13T20:12:13Z,simulado
helpdesk,ticket_soporte,2026-08-14T02:20:35Z,simulado
helpdesk,ticket_soporte,2026-08-14T08:19:21Z,simulado
helpdesk,ticket_soporte,2026-08-14T14:13:32Z,simulado
helpdesk,ticket_soporte,2026-08-14T20:29:28Z,simulado
helpdesk,ticket_soporte,2026-08-15T02:17:41Z,simulado
helpdesk,ticket_soporte,2026-08-15T08:15:39Z,simulado
helpdesk,ticket_soporte,2026-08-15T14:16:27Z,simulado
helpdesk,ticket_soporte,2026-08-15T20:27:44Z,simulado
helpdesk,ticket_soporte,2026-08-16T02:13:40Z,simulado
helpdesk,ticket_soporte,2026-08-16T08:11:07Z,simulado
helpdesk,ticket_soporte,2026-08-16T14:18:21Z,simulado
helpdesk,ticket_soporte,2026-08-16T20:17:13Z,simulado
helpdesk,ticket_soporte,2026-08-17T02:14:47Z,simulado
helpdesk,ticket_soporte,2026-08-17T08:14:06Z,simulado
helpdesk,ticket_soporte,2026-08-17T14:16:44Z,simulado
helpdesk,ticket_soporte,2026-08-17T20:18:55Z,simulado
helpdesk,ticket_soporte,2026-08-18T02:18:51Z,simulado
helpdesk,ticket_soporte,2026-08-18T08:12:01Z,simulado
helpdesk,ticket_soporte,2026-08-18T14:12:59Z,simulado
helpdesk,ticket_soporte,2026-08-18T20:16:55Z,simulado
helpdesk,ticket_soporte,2026-08-19T02:18:10Z,simulado
helpdesk,ticket_soporte,2026-08-19T08:21:37Z,simulado
helpdesk,ticket_soporte,2026-08-19T14:11:25Z,simulado
helpdesk,ticket_soporte,2026-08-19T20:22:32Z,simulado
helpdesk,ticket_soporte,2026-08-20T02:15:49Z,simulado
helpdesk,ticket_soporte,2026-08-20T08:27:57Z,simulado
helpdesk,ticket_soporte,2026-08-20T14:22:00Z,simulado
helpdesk,ticket_soporte,2026-08-20T20:15:04Z,simulado
helpdesk,ticket_soporte,2026-08-21T02:18:41Z,simulado
helpdesk,ticket_soporte,2026-08-21T08:17:08Z,simulado
helpdesk,ticket_soporte,2026-08-21T14:13:01Z,simulado
helpdesk,ticket_soporte,2026-08-21T20:22:14Z,simulado
helpdesk,ticket_soporte,2026-08-22T02:12:38Z,simulado
helpdesk,ticket_soporte,2026-08-22T08:14:15Z,simulado
helpdesk,ticket_soporte,2026-08-22T14:10:37Z,simulado
helpdesk,ticket_soporte,2026-08-22T20:13:32Z,simulado
helpdesk,ticket_soporte,2026-08-23T02:16:15Z,simulado
helpdesk,ticket_soporte,2026-08-23T08:24:17Z,simulado
helpdesk,ticket_soporte,2026-08-23T14:12:31Z,simulado
helpdesk,ticket_soporte,2026-08-23T20:30:26Z,simulado
helpdesk,ticket_soporte,2026-08-24T02:19:04Z,simulado
helpdesk,ticket_soporte,2026-08-24T08:15:42Z,simulado
helpdesk,ticket_soporte,2026-08-24T14:14:20Z,simulado
helpdesk,ticket_soporte,2026-08-24T20:17:04Z,simulado
helpdesk,ticket_soporte,2026-08-25T02:11:47Z,simulado
helpdesk,ticket_soporte,2026-08-25T08:10:07Z,simulado
helpdesk,ticket_soporte,2026-08-25T14:08:56Z,simulado
helpdesk,ticket_soporte,2026-08-25T20:14:11Z,simulado
helpdesk,ticket_soporte,2026-08-26T02:14:25Z,simulado
helpdesk,ticket_soporte,2026-08-26T08:20:02Z,simulado
helpdesk,ticket_soporte,2026-08-26T14:14:42Z,simulado
helpdesk,ticket_soporte,2026-08-26T20:14:28Z,simulado
helpdesk,ticket_soporte,2026-08-27T02:23:41Z,simulado
helpdesk,ticket_soporte,2026-08-27T08:17:03Z,simulado
helpdesk,ticket_soporte,2026-08-27T14:19:42Z,simulado
helpdesk,ticket_soporte,2026-08-27T20:28:58Z,simulado
helpdesk,ticket_soporte,2026-08-28T02:20:16Z,simulado
helpdesk,ticket_soporte,2026-08-28T08:24:29Z,simulado
helpdesk,ticket_soporte,2026-08-28T14:10:49Z,simulado
helpdesk,ticket_soporte,2026-08-28T20:15:26Z,simulado
helpdesk,ticket_soporte,2026-08-29T02:18:59Z,simulado
helpdesk,ticket_soporte,2026-08-29T08:31:23Z,simulado
helpdesk,ticket_soporte,2026-08-29T14:18:33Z,simulado
helpdesk,ticket_soporte,2026-08-29T20:17:17Z,simulado
helpdesk,ticket_soporte,2026-08-30T02:25:53Z,simulado
helpdesk,ticket_soporte,2026-08-30T08:28:58Z,simulado
helpdesk,ticket_soporte,2026-08-30T14:09:42Z,simulado
helpdesk,ticket_soporte,2026-08-31T02:19:22Z,simulado
helpdesk,ticket_soporte,2026-08-31T08:17:03Z,simulado
helpdesk,ticket_soporte,2026-08-31T14:18:47Z,simulado
helpdesk,ticket_soporte,2026-08-31T20:21:40Z,simulado
helpdesk,ticket_soporte,2026-09-01T02:13:24Z,simulado
helpdesk,ticket_soporte,2026-09-01T08:08:20Z,simulado
helpdesk,ticket_soporte,2026-09-01T14:12:16Z,simulado
helpdesk,ticket_soporte,2026-09-01T20:09:31Z,simulado
helpdesk,ticket_soporte,2026-09-02T02:16:41Z,simulado
helpdesk,ticket_soporte,2026-09-02T08:12:21Z,simulado
helpdesk,ticket_soporte,2026-09-02T14:16:02Z,simulado
helpdesk,ticket_soporte,2026-09-02T20:23:59Z,simulado
helpdesk,ticket_soporte,2026-09-03T02:27:38Z,simulado
helpdesk,ticket_soporte,2026-09-03T14:19:25Z,simulado
helpdesk,ticket_soporte,2026-09-03T20:35:39Z,simulado
helpdesk,ticket_soporte,2026-09-04T02:10:14Z,simulado
helpdesk,ticket_soporte,2026-09-04T08:21:07Z,simulado
helpdesk,ticket_soporte,2026-09-04T20:13:34Z,simulado
helpdesk,ticket_soporte,2026-09-05T02:15:40Z,simulado
helpdesk,ticket_soporte,2026-09-05T08:15:16Z,simulado
helpdesk,ticket_soporte,2026-09-05T14:14:17Z,simulado
helpdesk,ticket_soporte,2026-09-05T20:14:56Z,simulado
helpdesk,ticket_soporte,2026-09-06T02:15:34Z,simulado
helpdesk,ticket_soporte,2026-09-06T08:16:25Z,simulado
helpdesk,ticket_soporte,2026-09-06T14:12:30Z,simulado
helpdesk,ticket_soporte,2026-09-06T20:16:25Z,simulado
helpdesk,ticket_soporte,2026-09-07T02:21:17Z,simulado
helpdesk,ticket_soporte,2026-09-07T08:12:21Z,simulado
helpdesk,ticket_soporte,2026-09-07T14:22:30Z,simulado
helpdesk,ticket_soporte,2026-09-07T20:11:56Z,simulado
helpdesk,ticket_soporte,2026-09-08T02:09:08Z,simulado
helpdesk,ticket_soporte,2026-09-08T08:17:45Z,simulado
helpdesk,ticket_soporte,2026-09-08T20:16:46Z,simulado
helpdesk,ticket_soporte,2026-09-09T02:12:53Z,simulado
helpdesk,ticket_soporte,2026-09-09T08:34:38Z,simulado
helpdesk,ticket_soporte,2026-09-09T14:13:08Z,simulado
helpdesk,ticket_soporte,2026-09-09T20:22:21Z,simulado
helpdesk,ticket_soporte,2026-09-10T02:13:32Z,simulado
helpdesk,ticket_soporte,2026-09-10T08:25:24Z,simulado
helpdesk,ticket_soporte,2026-09-10T14:15:52Z,simulado
helpdesk,ticket_soporte,2026-09-10T20:22:26Z,simulado
helpdesk,ticket_soporte,2026-09-11T02:22:51Z,simulado
helpdesk,ticket_soporte,2026-09-11T08:09:19Z,simulado
helpdesk,ticket_soporte,2026-09-11T14:13:47Z,simulado
helpdesk,ticket_soporte,2026-09-11T20:13:16Z,simulado
helpdesk,ticket_soporte,2026-09-12T02:17:58Z,simulado
helpdesk,ticket_soporte,2026-09-12T08:10:16Z,simulado
helpdesk,ticket_soporte,2026-09-12T14:12:07Z,simulado
helpdesk,ticket_soporte,2026-09-12T20:11:16Z,simulado
helpdesk,ticket_soporte,2026-09-13T02:21:25Z,simulado
helpdesk,ticket_soporte,2026-09-13T08:11:28Z,simulado
helpdesk,ticket_soporte,2026-09-13T14:18:56Z,simulado
helpdesk,ticket_soporte,2026-09-13T20:25:44Z,simulado
helpdesk,ticket_soporte,2026-09-14T02:16:47Z,simulado
helpdesk,ticket_soporte,2026-09-14T08:19:31Z,simulado
helpdesk,ticket_soporte,2026-09-14T14:14:03Z,simulado
helpdesk,ticket_soporte,2026-09-14T20:36:58Z,simulado
helpdesk,ticket_soporte,2026-09-15T02:12:50Z,simulado
helpdesk,ticket_soporte,2026-09-15T08:46:24Z,simulado
helpdesk,ticket_soporte,2026-09-15T14:13:44Z,simulado
helpdesk,ticket_soporte,2026-09-15T20:08:13Z,simulado
helpdesk,ticket_soporte,2026-09-16T02:13:16Z,simulado
helpdesk,ticket_soporte,2026-09-16T14:25:54Z,simulado
helpdesk,ticket_soporte,2026-09-16T20:33:46Z,simulado
helpdesk,ticket_soporte,2026-09-17T02:24:00Z,simulado
helpdesk,ticket_soporte,2026-09-17T08:15:01Z,simulado
helpdesk,ticket_soporte,2026-09-17T14:18:55Z,simulado
helpdesk,ticket_soporte,2026-09-17T20:30:05Z,simulado
helpdesk,ticket_soporte,2026-09-18T03:02:49Z,simulado
helpdesk,ticket_soporte,2026-09-18T08:11:50Z,simulado
helpdesk,ticket_soporte,2026-09-18T14:12:18Z,simulado
helpdesk,ticket_soporte,2026-09-18T20:18:39Z,simulado
helpdesk,ticket_soporte,2026-09-19T02:20:46Z,simulado
helpdesk,ticket_soporte,2026-09-19T14:12:38Z,simulado
helpdesk,ticket_soporte,2026-09-19T20:18:34Z,simulado
helpdesk,ticket_soporte,2026-09-20T02:10:14Z,simulado
helpdesk,ticket_soporte,2026-09-20T08:14:20Z,simulado
helpdesk,ticket_soporte,2026-09-20T14:16:10Z,simulado
helpdesk,ticket_soporte,2026-09-20T20:13:02Z,simulado
helpdesk,ticket_soporte,2026-09-21T02:10:22Z,simulado
helpdesk,ticket_soporte,2026-09-21T08:19:25Z,simulado
helpdesk,ticket_soporte,2026-09-21T14:04:53Z,dbt
pos,pedido_linea,2026-07-09T00:41:24Z,simulado
pos,pedido_linea,2026-07-09T01:39:52Z,simulado
pos,pedido_linea,2026-07-09T02:39:34Z,simulado
pos,pedido_linea,2026-07-09T03:44:28Z,simulado
pos,pedido_linea,2026-07-09T04:45:33Z,simulado
pos,pedido_linea,2026-07-09T05:38:48Z,simulado
pos,pedido_linea,2026-07-09T06:40:40Z,simulado
pos,pedido_linea,2026-07-09T07:40:48Z,simulado
pos,pedido_linea,2026-07-09T08:41:27Z,simulado
pos,pedido_linea,2026-07-09T09:37:33Z,simulado
pos,pedido_linea,2026-07-09T10:38:17Z,simulado
pos,pedido_linea,2026-07-09T11:42:51Z,simulado
pos,pedido_linea,2026-07-09T12:40:56Z,simulado
pos,pedido_linea,2026-07-09T13:39:31Z,simulado
pos,pedido_linea,2026-07-09T14:41:04Z,simulado
pos,pedido_linea,2026-07-09T15:38:59Z,simulado
pos,pedido_linea,2026-07-09T16:41:49Z,simulado
pos,pedido_linea,2026-07-09T17:38:36Z,simulado
pos,pedido_linea,2026-07-09T18:44:34Z,simulado
pos,pedido_linea,2026-07-09T19:42:00Z,simulado
pos,pedido_linea,2026-07-09T20:40:21Z,simulado
pos,pedido_linea,2026-07-09T21:49:26Z,simulado
pos,pedido_linea,2026-07-09T22:40:15Z,simulado
pos,pedido_linea,2026-07-09T23:42:04Z,simulado
pos,pedido_linea,2026-07-10T00:41:54Z,simulado
pos,pedido_linea,2026-07-10T01:39:32Z,simulado
pos,pedido_linea,2026-07-10T02:39:42Z,simulado
pos,pedido_linea,2026-07-10T03:38:50Z,simulado
pos,pedido_linea,2026-07-10T04:41:37Z,simulado
pos,pedido_linea,2026-07-10T05:45:08Z,simulado
pos,pedido_linea,2026-07-10T06:41:22Z,simulado
pos,pedido_linea,2026-07-10T07:41:19Z,simulado
pos,pedido_linea,2026-07-10T08:41:14Z,simulado
pos,pedido_linea,2026-07-10T09:40:30Z,simulado
pos,pedido_linea,2026-07-10T11:45:03Z,simulado
pos,pedido_linea,2026-07-10T12:39:22Z,simulado
pos,pedido_linea,2026-07-10T13:42:01Z,simulado
pos,pedido_linea,2026-07-10T14:38:22Z,simulado
pos,pedido_linea,2026-07-10T15:47:57Z,simulado
pos,pedido_linea,2026-07-10T16:40:44Z,simulado
pos,pedido_linea,2026-07-10T17:43:16Z,simulado
pos,pedido_linea,2026-07-10T18:37:53Z,simulado
pos,pedido_linea,2026-07-10T19:43:10Z,simulado
pos,pedido_linea,2026-07-10T20:39:04Z,simulado
pos,pedido_linea,2026-07-10T21:39:48Z,simulado
pos,pedido_linea,2026-07-10T22:43:07Z,simulado
pos,pedido_linea,2026-07-10T23:38:09Z,simulado
pos,pedido_linea,2026-07-11T00:39:08Z,simulado
pos,pedido_linea,2026-07-11T01:47:39Z,simulado
pos,pedido_linea,2026-07-11T02:36:59Z,simulado
pos,pedido_linea,2026-07-11T03:42:02Z,simulado
pos,pedido_linea,2026-07-11T05:02:01Z,simulado
pos,pedido_linea,2026-07-11T05:44:22Z,simulado
pos,pedido_linea,2026-07-11T06:40:51Z,simulado
pos,pedido_linea,2026-07-11T07:40:05Z,simulado
pos,pedido_linea,2026-07-11T08:39:07Z,simulado
pos,pedido_linea,2026-07-11T09:41:39Z,simulado
pos,pedido_linea,2026-07-11T10:37:24Z,simulado
pos,pedido_linea,2026-07-11T11:37:38Z,simulado
pos,pedido_linea,2026-07-11T12:37:04Z,simulado
pos,pedido_linea,2026-07-11T13:40:39Z,simulado
pos,pedido_linea,2026-07-11T14:43:25Z,simulado
pos,pedido_linea,2026-07-11T15:42:41Z,simulado
pos,pedido_linea,2026-07-11T16:41:55Z,simulado
pos,pedido_linea,2026-07-11T17:43:08Z,simulado
pos,pedido_linea,2026-07-11T18:44:18Z,simulado
pos,pedido_linea,2026-07-11T19:42:39Z,simulado
pos,pedido_linea,2026-07-11T20:43:46Z,simulado
pos,pedido_linea,2026-07-11T21:42:44Z,simulado
pos,pedido_linea,2026-07-11T22:40:51Z,simulado
pos,pedido_linea,2026-07-11T23:39:00Z,simulado
pos,pedido_linea,2026-07-12T00:38:15Z,simulado
pos,pedido_linea,2026-07-12T01:48:09Z,simulado
pos,pedido_linea,2026-07-12T02:43:24Z,simulado
pos,pedido_linea,2026-07-12T03:43:28Z,simulado
pos,pedido_linea,2026-07-12T04:38:07Z,simulado
pos,pedido_linea,2026-07-12T05:46:03Z,simulado
pos,pedido_linea,2026-07-12T06:40:35Z,simulado
pos,pedido_linea,2026-07-12T07:37:58Z,simulado
pos,pedido_linea,2026-07-12T08:44:24Z,simulado
pos,pedido_linea,2026-07-12T09:50:55Z,simulado
pos,pedido_linea,2026-07-12T10:39:29Z,simulado
pos,pedido_linea,2026-07-12T11:51:48Z,simulado
pos,pedido_linea,2026-07-12T12:39:01Z,simulado
pos,pedido_linea,2026-07-12T13:47:58Z,simulado
pos,pedido_linea,2026-07-12T14:44:04Z,simulado
pos,pedido_linea,2026-07-12T15:44:54Z,simulado
pos,pedido_linea,2026-07-12T16:36:44Z,simulado
pos,pedido_linea,2026-07-12T17:40:01Z,simulado
pos,pedido_linea,2026-07-12T18:39:56Z,simulado
pos,pedido_linea,2026-07-12T19:40:35Z,simulado
pos,pedido_linea,2026-07-12T20:38:19Z,simulado
pos,pedido_linea,2026-07-12T21:39:06Z,simulado
pos,pedido_linea,2026-07-12T22:40:12Z,simulado
pos,pedido_linea,2026-07-12T23:40:44Z,simulado
pos,pedido_linea,2026-07-13T00:38:41Z,simulado
pos,pedido_linea,2026-07-13T01:40:48Z,simulado
pos,pedido_linea,2026-07-13T02:41:22Z,simulado
pos,pedido_linea,2026-07-13T03:39:25Z,simulado
pos,pedido_linea,2026-07-13T04:41:47Z,simulado
pos,pedido_linea,2026-07-13T05:41:29Z,simulado
pos,pedido_linea,2026-07-13T06:54:16Z,simulado
pos,pedido_linea,2026-07-13T07:44:28Z,simulado
pos,pedido_linea,2026-07-13T08:38:58Z,simulado
pos,pedido_linea,2026-07-13T09:39:26Z,simulado
pos,pedido_linea,2026-07-13T10:41:01Z,simulado
pos,pedido_linea,2026-07-13T11:37:39Z,simulado
pos,pedido_linea,2026-07-13T12:41:21Z,simulado
pos,pedido_linea,2026-07-13T13:46:24Z,simulado
pos,pedido_linea,2026-07-13T14:41:54Z,simulado
pos,pedido_linea,2026-07-13T15:38:21Z,simulado
pos,pedido_linea,2026-07-13T16:40:37Z,simulado
pos,pedido_linea,2026-07-13T17:41:44Z,simulado
pos,pedido_linea,2026-07-13T18:41:21Z,simulado
pos,pedido_linea,2026-07-13T19:47:52Z,simulado
pos,pedido_linea,2026-07-13T20:47:17Z,simulado
pos,pedido_linea,2026-07-13T21:43:45Z,simulado
pos,pedido_linea,2026-07-13T22:38:51Z,simulado
pos,pedido_linea,2026-07-13T23:45:07Z,simulado
pos,pedido_linea,2026-07-14T00:37:34Z,simulado
pos,pedido_linea,2026-07-14T01:37:39Z,simulado
pos,pedido_linea,2026-07-14T02:41:04Z,simulado
pos,pedido_linea,2026-07-14T03:40:37Z,simulado
pos,pedido_linea,2026-07-14T04:39:59Z,simulado
pos,pedido_linea,2026-07-14T05:45:15Z,simulado
pos,pedido_linea,2026-07-14T06:40:42Z,simulado
pos,pedido_linea,2026-07-14T07:40:49Z,simulado
pos,pedido_linea,2026-07-14T08:41:30Z,simulado
pos,pedido_linea,2026-07-14T09:40:00Z,simulado
pos,pedido_linea,2026-07-14T10:38:23Z,simulado
pos,pedido_linea,2026-07-14T11:41:14Z,simulado
pos,pedido_linea,2026-07-14T12:39:31Z,simulado
pos,pedido_linea,2026-07-14T13:38:25Z,simulado
pos,pedido_linea,2026-07-14T14:51:06Z,simulado
pos,pedido_linea,2026-07-14T15:45:14Z,simulado
pos,pedido_linea,2026-07-14T16:40:19Z,simulado
pos,pedido_linea,2026-07-14T17:43:34Z,simulado
pos,pedido_linea,2026-07-14T18:41:23Z,simulado
pos,pedido_linea,2026-07-14T19:43:19Z,simulado
pos,pedido_linea,2026-07-14T20:42:48Z,simulado
pos,pedido_linea,2026-07-14T21:45:06Z,simulado
pos,pedido_linea,2026-07-14T22:46:41Z,simulado
pos,pedido_linea,2026-07-14T23:45:25Z,simulado
pos,pedido_linea,2026-07-15T00:48:45Z,simulado
pos,pedido_linea,2026-07-15T01:39:59Z,simulado
pos,pedido_linea,2026-07-15T02:41:06Z,simulado
pos,pedido_linea,2026-07-15T03:42:07Z,simulado
pos,pedido_linea,2026-07-15T04:39:06Z,simulado
pos,pedido_linea,2026-07-15T05:40:48Z,simulado
pos,pedido_linea,2026-07-15T06:42:22Z,simulado
pos,pedido_linea,2026-07-15T07:39:06Z,simulado
pos,pedido_linea,2026-07-15T08:37:13Z,simulado
pos,pedido_linea,2026-07-15T09:42:14Z,simulado
pos,pedido_linea,2026-07-15T10:42:43Z,simulado
pos,pedido_linea,2026-07-15T11:46:31Z,simulado
pos,pedido_linea,2026-07-15T12:46:29Z,simulado
pos,pedido_linea,2026-07-15T13:37:47Z,simulado
pos,pedido_linea,2026-07-15T14:47:16Z,simulado
pos,pedido_linea,2026-07-15T15:45:22Z,simulado
pos,pedido_linea,2026-07-15T16:40:56Z,simulado
pos,pedido_linea,2026-07-15T17:41:00Z,simulado
pos,pedido_linea,2026-07-15T18:40:03Z,simulado
pos,pedido_linea,2026-07-15T19:42:36Z,simulado
pos,pedido_linea,2026-07-15T20:43:42Z,simulado
pos,pedido_linea,2026-07-15T21:40:56Z,simulado
pos,pedido_linea,2026-07-15T22:39:15Z,simulado
pos,pedido_linea,2026-07-15T23:45:49Z,simulado
pos,pedido_linea,2026-07-16T00:50:53Z,simulado
pos,pedido_linea,2026-07-16T01:39:11Z,simulado
pos,pedido_linea,2026-07-16T02:45:44Z,simulado
pos,pedido_linea,2026-07-16T03:41:50Z,simulado
pos,pedido_linea,2026-07-16T04:40:01Z,simulado
pos,pedido_linea,2026-07-16T05:43:03Z,simulado
pos,pedido_linea,2026-07-16T06:46:41Z,simulado
pos,pedido_linea,2026-07-16T07:41:50Z,simulado
pos,pedido_linea,2026-07-16T08:39:09Z,simulado
pos,pedido_linea,2026-07-16T09:43:50Z,simulado
pos,pedido_linea,2026-07-16T10:38:22Z,simulado
pos,pedido_linea,2026-07-16T11:40:27Z,simulado
pos,pedido_linea,2026-07-16T12:36:58Z,simulado
pos,pedido_linea,2026-07-16T13:42:13Z,simulado
pos,pedido_linea,2026-07-16T14:43:44Z,simulado
pos,pedido_linea,2026-07-16T15:39:52Z,simulado
pos,pedido_linea,2026-07-16T16:49:01Z,simulado
pos,pedido_linea,2026-07-16T17:44:58Z,simulado
pos,pedido_linea,2026-07-16T18:42:17Z,simulado
pos,pedido_linea,2026-07-16T19:42:25Z,simulado
pos,pedido_linea,2026-07-16T20:41:32Z,simulado
pos,pedido_linea,2026-07-16T21:51:51Z,simulado
pos,pedido_linea,2026-07-16T22:41:50Z,simulado
pos,pedido_linea,2026-07-16T23:42:19Z,simulado
pos,pedido_linea,2026-07-17T00:40:16Z,simulado
pos,pedido_linea,2026-07-17T01:37:08Z,simulado
pos,pedido_linea,2026-07-17T02:44:56Z,simulado
pos,pedido_linea,2026-07-17T03:41:30Z,simulado
pos,pedido_linea,2026-07-17T04:38:04Z,simulado
pos,pedido_linea,2026-07-17T05:42:53Z,simulado
pos,pedido_linea,2026-07-17T06:39:23Z,simulado
pos,pedido_linea,2026-07-17T07:40:52Z,simulado
pos,pedido_linea,2026-07-17T08:46:04Z,simulado
pos,pedido_linea,2026-07-17T09:36:15Z,simulado
pos,pedido_linea,2026-07-17T10:37:29Z,simulado
pos,pedido_linea,2026-07-17T11:48:27Z,simulado
pos,pedido_linea,2026-07-17T12:42:12Z,simulado
pos,pedido_linea,2026-07-17T13:42:06Z,simulado
pos,pedido_linea,2026-07-17T14:38:53Z,simulado
pos,pedido_linea,2026-07-17T15:42:14Z,simulado
pos,pedido_linea,2026-07-17T16:37:57Z,simulado
pos,pedido_linea,2026-07-17T17:36:30Z,simulado
pos,pedido_linea,2026-07-17T18:37:53Z,simulado
pos,pedido_linea,2026-07-17T19:41:55Z,simulado
pos,pedido_linea,2026-07-17T20:40:32Z,simulado
pos,pedido_linea,2026-07-17T21:42:54Z,simulado
pos,pedido_linea,2026-07-17T23:40:21Z,simulado
pos,pedido_linea,2026-07-18T00:40:54Z,simulado
pos,pedido_linea,2026-07-18T01:46:19Z,simulado
pos,pedido_linea,2026-07-18T02:42:38Z,simulado
pos,pedido_linea,2026-07-18T03:46:08Z,simulado
pos,pedido_linea,2026-07-18T04:45:53Z,simulado
pos,pedido_linea,2026-07-18T05:41:13Z,simulado
pos,pedido_linea,2026-07-18T06:41:26Z,simulado
pos,pedido_linea,2026-07-18T07:40:45Z,simulado
pos,pedido_linea,2026-07-18T08:46:27Z,simulado
pos,pedido_linea,2026-07-18T09:40:55Z,simulado
pos,pedido_linea,2026-07-18T10:45:46Z,simulado
pos,pedido_linea,2026-07-18T11:42:58Z,simulado
pos,pedido_linea,2026-07-18T12:38:17Z,simulado
pos,pedido_linea,2026-07-18T13:35:58Z,simulado
pos,pedido_linea,2026-07-18T14:36:55Z,simulado
pos,pedido_linea,2026-07-18T15:49:35Z,simulado
pos,pedido_linea,2026-07-18T16:44:48Z,simulado
pos,pedido_linea,2026-07-18T17:47:33Z,simulado
pos,pedido_linea,2026-07-18T18:42:16Z,simulado
pos,pedido_linea,2026-07-18T19:45:42Z,simulado
pos,pedido_linea,2026-07-18T20:39:02Z,simulado
pos,pedido_linea,2026-07-18T21:38:29Z,simulado
pos,pedido_linea,2026-07-18T22:41:11Z,simulado
pos,pedido_linea,2026-07-18T23:36:55Z,simulado
pos,pedido_linea,2026-07-19T00:39:47Z,simulado
pos,pedido_linea,2026-07-19T01:40:37Z,simulado
pos,pedido_linea,2026-07-19T02:37:27Z,simulado
pos,pedido_linea,2026-07-19T03:39:03Z,simulado
pos,pedido_linea,2026-07-19T04:44:47Z,simulado
pos,pedido_linea,2026-07-19T05:49:59Z,simulado
pos,pedido_linea,2026-07-19T06:39:12Z,simulado
pos,pedido_linea,2026-07-19T07:38:38Z,simulado
pos,pedido_linea,2026-07-19T08:38:58Z,simulado
pos,pedido_linea,2026-07-19T09:38:54Z,simulado
pos,pedido_linea,2026-07-19T10:46:52Z,simulado
pos,pedido_linea,2026-07-19T11:43:43Z,simulado
pos,pedido_linea,2026-07-19T12:41:58Z,simulado
pos,pedido_linea,2026-07-19T13:39:26Z,simulado
pos,pedido_linea,2026-07-19T14:39:18Z,simulado
pos,pedido_linea,2026-07-19T15:38:30Z,simulado
pos,pedido_linea,2026-07-19T16:40:31Z,simulado
pos,pedido_linea,2026-07-19T17:44:15Z,simulado
pos,pedido_linea,2026-07-19T18:41:18Z,simulado
pos,pedido_linea,2026-07-19T19:36:03Z,simulado
pos,pedido_linea,2026-07-19T20:43:12Z,simulado
pos,pedido_linea,2026-07-19T21:37:38Z,simulado
pos,pedido_linea,2026-07-19T22:42:44Z,simulado
pos,pedido_linea,2026-07-19T23:37:07Z,simulado
pos,pedido_linea,2026-07-20T00:37:54Z,simulado
pos,pedido_linea,2026-07-20T01:41:56Z,simulado
pos,pedido_linea,2026-07-20T02:44:03Z,simulado
pos,pedido_linea,2026-07-20T03:39:04Z,simulado
pos,pedido_linea,2026-07-20T04:37:15Z,simulado
pos,pedido_linea,2026-07-20T05:39:31Z,simulado
pos,pedido_linea,2026-07-20T06:41:54Z,simulado
pos,pedido_linea,2026-07-20T07:49:34Z,simulado
pos,pedido_linea,2026-07-20T08:40:50Z,simulado
pos,pedido_linea,2026-07-20T09:38:42Z,simulado
pos,pedido_linea,2026-07-20T10:38:00Z,simulado
pos,pedido_linea,2026-07-20T11:53:18Z,simulado
pos,pedido_linea,2026-07-20T12:36:28Z,simulado
pos,pedido_linea,2026-07-20T14:38:09Z,simulado
pos,pedido_linea,2026-07-20T15:42:22Z,simulado
pos,pedido_linea,2026-07-20T16:40:42Z,simulado
pos,pedido_linea,2026-07-20T17:41:37Z,simulado
pos,pedido_linea,2026-07-20T18:41:30Z,simulado
pos,pedido_linea,2026-07-20T19:40:27Z,simulado
pos,pedido_linea,2026-07-20T20:43:24Z,simulado
pos,pedido_linea,2026-07-20T22:40:50Z,simulado
pos,pedido_linea,2026-07-20T23:43:49Z,simulado
pos,pedido_linea,2026-07-21T00:38:12Z,simulado
pos,pedido_linea,2026-07-21T01:52:58Z,simulado
pos,pedido_linea,2026-07-21T02:38:55Z,simulado
pos,pedido_linea,2026-07-21T03:46:47Z,simulado
pos,pedido_linea,2026-07-21T04:41:18Z,simulado
pos,pedido_linea,2026-07-21T05:39:43Z,simulado
pos,pedido_linea,2026-07-21T06:43:22Z,simulado
pos,pedido_linea,2026-07-21T07:51:06Z,simulado
pos,pedido_linea,2026-07-21T08:38:39Z,simulado
pos,pedido_linea,2026-07-21T09:45:46Z,simulado
pos,pedido_linea,2026-07-21T10:43:01Z,simulado
pos,pedido_linea,2026-07-21T11:42:45Z,simulado
pos,pedido_linea,2026-07-21T12:40:21Z,simulado
pos,pedido_linea,2026-07-21T13:40:12Z,simulado
pos,pedido_linea,2026-07-21T14:48:54Z,simulado
pos,pedido_linea,2026-07-21T15:44:06Z,simulado
pos,pedido_linea,2026-07-21T16:41:27Z,simulado
pos,pedido_linea,2026-07-21T17:44:11Z,simulado
pos,pedido_linea,2026-07-21T18:41:05Z,simulado
pos,pedido_linea,2026-07-21T19:45:36Z,simulado
pos,pedido_linea,2026-07-21T20:37:54Z,simulado
pos,pedido_linea,2026-07-21T21:44:04Z,simulado
pos,pedido_linea,2026-07-21T22:39:42Z,simulado
pos,pedido_linea,2026-07-21T23:45:39Z,simulado
pos,pedido_linea,2026-07-22T00:39:36Z,simulado
pos,pedido_linea,2026-07-22T01:40:00Z,simulado
pos,pedido_linea,2026-07-22T02:40:49Z,simulado
pos,pedido_linea,2026-07-22T03:41:39Z,simulado
pos,pedido_linea,2026-07-22T04:39:35Z,simulado
pos,pedido_linea,2026-07-22T05:38:56Z,simulado
pos,pedido_linea,2026-07-22T06:41:03Z,simulado
pos,pedido_linea,2026-07-22T07:43:17Z,simulado
pos,pedido_linea,2026-07-22T08:39:59Z,simulado
pos,pedido_linea,2026-07-22T09:36:31Z,simulado
pos,pedido_linea,2026-07-22T10:38:08Z,simulado
pos,pedido_linea,2026-07-22T11:40:56Z,simulado
pos,pedido_linea,2026-07-22T12:42:59Z,simulado
pos,pedido_linea,2026-07-22T13:43:25Z,simulado
pos,pedido_linea,2026-07-22T14:42:11Z,simulado
pos,pedido_linea,2026-07-22T15:40:38Z,simulado
pos,pedido_linea,2026-07-22T16:38:40Z,simulado
pos,pedido_linea,2026-07-22T17:51:08Z,simulado
pos,pedido_linea,2026-07-22T18:48:31Z,simulado
pos,pedido_linea,2026-07-22T19:38:38Z,simulado
pos,pedido_linea,2026-07-22T20:37:57Z,simulado
pos,pedido_linea,2026-07-22T21:40:40Z,simulado
pos,pedido_linea,2026-07-22T22:38:39Z,simulado
pos,pedido_linea,2026-07-22T23:44:58Z,simulado
pos,pedido_linea,2026-07-23T00:39:30Z,simulado
pos,pedido_linea,2026-07-23T01:40:27Z,simulado
pos,pedido_linea,2026-07-23T02:37:52Z,simulado
pos,pedido_linea,2026-07-23T03:43:19Z,simulado
pos,pedido_linea,2026-07-23T04:41:45Z,simulado
pos,pedido_linea,2026-07-23T05:42:59Z,simulado
pos,pedido_linea,2026-07-23T06:41:27Z,simulado
pos,pedido_linea,2026-07-23T07:40:07Z,simulado
pos,pedido_linea,2026-07-23T08:50:30Z,simulado
pos,pedido_linea,2026-07-23T09:50:48Z,simulado
pos,pedido_linea,2026-07-23T10:43:58Z,simulado
pos,pedido_linea,2026-07-23T11:37:47Z,simulado
pos,pedido_linea,2026-07-23T12:38:55Z,simulado
pos,pedido_linea,2026-07-23T13:46:34Z,simulado
pos,pedido_linea,2026-07-23T14:39:31Z,simulado
pos,pedido_linea,2026-07-23T15:42:55Z,simulado
pos,pedido_linea,2026-07-23T16:41:50Z,simulado
pos,pedido_linea,2026-07-23T17:39:15Z,simulado
pos,pedido_linea,2026-07-23T18:45:04Z,simulado
pos,pedido_linea,2026-07-23T19:37:25Z,simulado
pos,pedido_linea,2026-07-23T20:39:45Z,simulado
pos,pedido_linea,2026-07-23T21:48:48Z,simulado
pos,pedido_linea,2026-07-23T22:39:36Z,simulado
pos,pedido_linea,2026-07-23T23:39:21Z,simulado
pos,pedido_linea,2026-07-24T00:45:22Z,simulado
pos,pedido_linea,2026-07-24T01:38:39Z,simulado
pos,pedido_linea,2026-07-24T02:38:51Z,simulado
pos,pedido_linea,2026-07-24T03:42:37Z,simulado
pos,pedido_linea,2026-07-24T04:46:25Z,simulado
pos,pedido_linea,2026-07-24T05:37:48Z,simulado
pos,pedido_linea,2026-07-24T06:40:44Z,simulado
pos,pedido_linea,2026-07-24T07:38:56Z,simulado
pos,pedido_linea,2026-07-24T08:40:12Z,simulado
pos,pedido_linea,2026-07-24T09:41:37Z,simulado
pos,pedido_linea,2026-07-24T10:48:05Z,simulado
pos,pedido_linea,2026-07-24T11:38:43Z,simulado
pos,pedido_linea,2026-07-24T12:38:54Z,simulado
pos,pedido_linea,2026-07-24T13:49:56Z,simulado
pos,pedido_linea,2026-07-24T14:49:56Z,simulado
pos,pedido_linea,2026-07-24T15:37:17Z,simulado
pos,pedido_linea,2026-07-24T16:53:34Z,simulado
pos,pedido_linea,2026-07-24T17:39:09Z,simulado
pos,pedido_linea,2026-07-24T18:39:52Z,simulado
pos,pedido_linea,2026-07-24T19:38:54Z,simulado
pos,pedido_linea,2026-07-24T20:39:33Z,simulado
pos,pedido_linea,2026-07-24T21:42:16Z,simulado
pos,pedido_linea,2026-07-24T22:38:31Z,simulado
pos,pedido_linea,2026-07-24T23:38:28Z,simulado
pos,pedido_linea,2026-07-25T00:42:28Z,simulado
pos,pedido_linea,2026-07-25T01:44:46Z,simulado
pos,pedido_linea,2026-07-25T02:40:18Z,simulado
pos,pedido_linea,2026-07-25T03:38:58Z,simulado
pos,pedido_linea,2026-07-25T04:42:22Z,simulado
pos,pedido_linea,2026-07-25T05:41:41Z,simulado
pos,pedido_linea,2026-07-25T06:38:12Z,simulado
pos,pedido_linea,2026-07-25T07:42:44Z,simulado
pos,pedido_linea,2026-07-25T08:39:29Z,simulado
pos,pedido_linea,2026-07-25T09:44:23Z,simulado
pos,pedido_linea,2026-07-25T10:38:32Z,simulado
pos,pedido_linea,2026-07-25T11:40:06Z,simulado
pos,pedido_linea,2026-07-25T12:41:04Z,simulado
pos,pedido_linea,2026-07-25T13:39:46Z,simulado
pos,pedido_linea,2026-07-25T14:39:49Z,simulado
pos,pedido_linea,2026-07-25T15:39:40Z,simulado
pos,pedido_linea,2026-07-25T16:43:57Z,simulado
pos,pedido_linea,2026-07-25T17:38:33Z,simulado
pos,pedido_linea,2026-07-25T18:43:21Z,simulado
pos,pedido_linea,2026-07-25T19:41:11Z,simulado
pos,pedido_linea,2026-07-25T20:43:56Z,simulado
pos,pedido_linea,2026-07-25T21:41:55Z,simulado
pos,pedido_linea,2026-07-25T22:40:27Z,simulado
pos,pedido_linea,2026-07-25T23:45:53Z,simulado
pos,pedido_linea,2026-07-26T00:46:09Z,simulado
pos,pedido_linea,2026-07-26T01:39:19Z,simulado
pos,pedido_linea,2026-07-26T02:40:34Z,simulado
pos,pedido_linea,2026-07-26T03:42:27Z,simulado
pos,pedido_linea,2026-07-26T04:39:01Z,simulado
pos,pedido_linea,2026-07-26T05:41:48Z,simulado
pos,pedido_linea,2026-07-26T06:40:39Z,simulado
pos,pedido_linea,2026-07-26T07:41:10Z,simulado
pos,pedido_linea,2026-07-26T08:38:15Z,simulado
pos,pedido_linea,2026-07-26T09:44:09Z,simulado
pos,pedido_linea,2026-07-26T10:45:17Z,simulado
pos,pedido_linea,2026-07-26T11:48:53Z,simulado
pos,pedido_linea,2026-07-26T12:39:00Z,simulado
pos,pedido_linea,2026-07-26T13:39:39Z,simulado
pos,pedido_linea,2026-07-26T14:37:36Z,simulado
pos,pedido_linea,2026-07-26T15:49:21Z,simulado
pos,pedido_linea,2026-07-26T16:44:05Z,simulado
pos,pedido_linea,2026-07-26T17:41:43Z,simulado
pos,pedido_linea,2026-07-26T18:52:16Z,simulado
pos,pedido_linea,2026-07-26T19:43:55Z,simulado
pos,pedido_linea,2026-07-26T20:41:59Z,simulado
pos,pedido_linea,2026-07-26T21:37:00Z,simulado
pos,pedido_linea,2026-07-26T22:45:46Z,simulado
pos,pedido_linea,2026-07-26T23:44:30Z,simulado
pos,pedido_linea,2026-07-27T00:42:29Z,simulado
pos,pedido_linea,2026-07-27T01:39:36Z,simulado
pos,pedido_linea,2026-07-27T02:40:26Z,simulado
pos,pedido_linea,2026-07-27T03:39:26Z,simulado
pos,pedido_linea,2026-07-27T04:41:58Z,simulado
pos,pedido_linea,2026-07-27T05:42:46Z,simulado
pos,pedido_linea,2026-07-27T06:38:37Z,simulado
pos,pedido_linea,2026-07-27T07:45:01Z,simulado
pos,pedido_linea,2026-07-27T08:38:21Z,simulado
pos,pedido_linea,2026-07-27T09:41:13Z,simulado
pos,pedido_linea,2026-07-27T10:39:03Z,simulado
pos,pedido_linea,2026-07-27T11:37:55Z,simulado
pos,pedido_linea,2026-07-27T12:39:38Z,simulado
pos,pedido_linea,2026-07-27T13:45:04Z,simulado
pos,pedido_linea,2026-07-27T14:43:47Z,simulado
pos,pedido_linea,2026-07-27T15:46:23Z,simulado
pos,pedido_linea,2026-07-27T16:38:43Z,simulado
pos,pedido_linea,2026-07-27T17:41:07Z,simulado
pos,pedido_linea,2026-07-27T18:40:35Z,simulado
pos,pedido_linea,2026-07-27T19:43:19Z,simulado
pos,pedido_linea,2026-07-27T20:47:41Z,simulado
pos,pedido_linea,2026-07-27T21:48:31Z,simulado
pos,pedido_linea,2026-07-27T22:42:02Z,simulado
pos,pedido_linea,2026-07-27T23:41:45Z,simulado
pos,pedido_linea,2026-07-28T00:41:33Z,simulado
pos,pedido_linea,2026-07-28T01:41:25Z,simulado
pos,pedido_linea,2026-07-28T02:44:54Z,simulado
pos,pedido_linea,2026-07-28T03:39:44Z,simulado
pos,pedido_linea,2026-07-28T04:40:10Z,simulado
pos,pedido_linea,2026-07-28T05:41:22Z,simulado
pos,pedido_linea,2026-07-28T06:38:32Z,simulado
pos,pedido_linea,2026-07-28T08:45:58Z,simulado
pos,pedido_linea,2026-07-28T09:45:31Z,simulado
pos,pedido_linea,2026-07-28T10:45:40Z,simulado
pos,pedido_linea,2026-07-28T11:40:46Z,simulado
pos,pedido_linea,2026-07-28T12:41:27Z,simulado
pos,pedido_linea,2026-07-28T13:41:12Z,simulado
pos,pedido_linea,2026-07-28T14:39:57Z,simulado
pos,pedido_linea,2026-07-28T15:41:44Z,simulado
pos,pedido_linea,2026-07-28T16:50:07Z,simulado
pos,pedido_linea,2026-07-28T17:37:30Z,simulado
pos,pedido_linea,2026-07-28T18:39:46Z,simulado
pos,pedido_linea,2026-07-28T19:43:07Z,simulado
pos,pedido_linea,2026-07-28T20:44:58Z,simulado
pos,pedido_linea,2026-07-28T21:39:44Z,simulado
pos,pedido_linea,2026-07-28T22:40:44Z,simulado
pos,pedido_linea,2026-07-28T23:38:20Z,simulado
pos,pedido_linea,2026-07-29T00:38:44Z,simulado
pos,pedido_linea,2026-07-29T01:37:53Z,simulado
pos,pedido_linea,2026-07-29T02:39:30Z,simulado
pos,pedido_linea,2026-07-29T03:40:58Z,simulado
pos,pedido_linea,2026-07-29T04:37:52Z,simulado
pos,pedido_linea,2026-07-29T05:42:40Z,simulado
pos,pedido_linea,2026-07-29T06:39:35Z,simulado
pos,pedido_linea,2026-07-29T07:38:31Z,simulado
pos,pedido_linea,2026-07-29T08:40:09Z,simulado
pos,pedido_linea,2026-07-29T09:38:46Z,simulado
pos,pedido_linea,2026-07-29T10:43:03Z,simulado
pos,pedido_linea,2026-07-29T11:39:06Z,simulado
pos,pedido_linea,2026-07-29T12:40:56Z,simulado
pos,pedido_linea,2026-07-29T13:38:25Z,simulado
pos,pedido_linea,2026-07-29T14:54:47Z,simulado
pos,pedido_linea,2026-07-29T15:39:53Z,simulado
pos,pedido_linea,2026-07-29T16:43:38Z,simulado
pos,pedido_linea,2026-07-29T17:43:10Z,simulado
pos,pedido_linea,2026-07-29T18:45:16Z,simulado
pos,pedido_linea,2026-07-29T19:44:17Z,simulado
pos,pedido_linea,2026-07-29T20:40:08Z,simulado
pos,pedido_linea,2026-07-29T21:37:02Z,simulado
pos,pedido_linea,2026-07-29T22:39:44Z,simulado
pos,pedido_linea,2026-07-29T23:40:30Z,simulado
pos,pedido_linea,2026-07-30T00:41:37Z,simulado
pos,pedido_linea,2026-07-30T01:41:36Z,simulado
pos,pedido_linea,2026-07-30T02:40:36Z,simulado
pos,pedido_linea,2026-07-30T03:39:00Z,simulado
pos,pedido_linea,2026-07-30T04:44:39Z,simulado
pos,pedido_linea,2026-07-30T05:40:43Z,simulado
pos,pedido_linea,2026-07-30T06:46:42Z,simulado
pos,pedido_linea,2026-07-30T07:38:23Z,simulado
pos,pedido_linea,2026-07-30T08:38:41Z,simulado
pos,pedido_linea,2026-07-30T09:39:19Z,simulado
pos,pedido_linea,2026-07-30T10:38:38Z,simulado
pos,pedido_linea,2026-07-30T11:36:53Z,simulado
pos,pedido_linea,2026-07-30T12:40:11Z,simulado
pos,pedido_linea,2026-07-30T13:40:09Z,simulado
pos,pedido_linea,2026-07-30T14:42:33Z,simulado
pos,pedido_linea,2026-07-30T15:39:39Z,simulado
pos,pedido_linea,2026-07-30T16:40:22Z,simulado
pos,pedido_linea,2026-07-30T17:48:40Z,simulado
pos,pedido_linea,2026-07-30T18:41:18Z,simulado
pos,pedido_linea,2026-07-30T19:37:36Z,simulado
pos,pedido_linea,2026-07-30T20:50:28Z,simulado
pos,pedido_linea,2026-07-30T21:41:35Z,simulado
pos,pedido_linea,2026-07-30T22:43:56Z,simulado
pos,pedido_linea,2026-07-30T23:39:27Z,simulado
pos,pedido_linea,2026-07-31T00:41:09Z,simulado
pos,pedido_linea,2026-07-31T01:37:13Z,simulado
pos,pedido_linea,2026-07-31T02:47:16Z,simulado
pos,pedido_linea,2026-07-31T03:39:08Z,simulado
pos,pedido_linea,2026-07-31T04:38:49Z,simulado
pos,pedido_linea,2026-07-31T05:41:27Z,simulado
pos,pedido_linea,2026-07-31T06:37:06Z,simulado
pos,pedido_linea,2026-07-31T07:38:43Z,simulado
pos,pedido_linea,2026-07-31T08:54:31Z,simulado
pos,pedido_linea,2026-07-31T09:43:56Z,simulado
pos,pedido_linea,2026-07-31T10:40:23Z,simulado
pos,pedido_linea,2026-07-31T11:46:05Z,simulado
pos,pedido_linea,2026-07-31T12:40:43Z,simulado
pos,pedido_linea,2026-07-31T13:43:26Z,simulado
pos,pedido_linea,2026-07-31T14:40:01Z,simulado
pos,pedido_linea,2026-07-31T15:37:00Z,simulado
pos,pedido_linea,2026-07-31T16:39:06Z,simulado
pos,pedido_linea,2026-07-31T17:37:01Z,simulado
pos,pedido_linea,2026-07-31T18:38:38Z,simulado
pos,pedido_linea,2026-07-31T20:40:53Z,simulado
pos,pedido_linea,2026-07-31T21:41:38Z,simulado
pos,pedido_linea,2026-07-31T22:38:32Z,simulado
pos,pedido_linea,2026-07-31T23:42:22Z,simulado
pos,pedido_linea,2026-08-01T00:42:27Z,simulado
pos,pedido_linea,2026-08-01T01:36:43Z,simulado
pos,pedido_linea,2026-08-01T02:42:15Z,simulado
pos,pedido_linea,2026-08-01T03:42:03Z,simulado
pos,pedido_linea,2026-08-01T04:37:46Z,simulado
pos,pedido_linea,2026-08-01T05:43:20Z,simulado
pos,pedido_linea,2026-08-01T06:42:00Z,simulado
pos,pedido_linea,2026-08-01T07:39:53Z,simulado
pos,pedido_linea,2026-08-01T08:43:23Z,simulado
pos,pedido_linea,2026-08-01T09:40:29Z,simulado
pos,pedido_linea,2026-08-01T10:38:22Z,simulado
pos,pedido_linea,2026-08-01T11:38:56Z,simulado
pos,pedido_linea,2026-08-01T12:36:24Z,simulado
pos,pedido_linea,2026-08-01T13:41:54Z,simulado
pos,pedido_linea,2026-08-01T14:39:49Z,simulado
pos,pedido_linea,2026-08-01T15:39:07Z,simulado
pos,pedido_linea,2026-08-01T16:36:57Z,simulado
pos,pedido_linea,2026-08-01T17:42:25Z,simulado
pos,pedido_linea,2026-08-01T18:42:28Z,simulado
pos,pedido_linea,2026-08-01T19:44:11Z,simulado
pos,pedido_linea,2026-08-01T20:40:08Z,simulado
pos,pedido_linea,2026-08-01T21:38:45Z,simulado
pos,pedido_linea,2026-08-01T22:39:11Z,simulado
pos,pedido_linea,2026-08-01T23:39:58Z,simulado
pos,pedido_linea,2026-08-02T00:45:25Z,simulado
pos,pedido_linea,2026-08-02T01:44:19Z,simulado
pos,pedido_linea,2026-08-02T02:41:02Z,simulado
pos,pedido_linea,2026-08-02T03:41:44Z,simulado
pos,pedido_linea,2026-08-02T04:44:02Z,simulado
pos,pedido_linea,2026-08-02T05:42:28Z,simulado
pos,pedido_linea,2026-08-02T06:41:23Z,simulado
pos,pedido_linea,2026-08-02T07:45:47Z,simulado
pos,pedido_linea,2026-08-02T08:43:01Z,simulado
pos,pedido_linea,2026-08-02T09:47:43Z,simulado
pos,pedido_linea,2026-08-02T10:40:27Z,simulado
pos,pedido_linea,2026-08-02T11:42:59Z,simulado
pos,pedido_linea,2026-08-02T12:38:48Z,simulado
pos,pedido_linea,2026-08-02T13:44:00Z,simulado
pos,pedido_linea,2026-08-02T14:49:41Z,simulado
pos,pedido_linea,2026-08-02T15:43:18Z,simulado
pos,pedido_linea,2026-08-02T16:40:44Z,simulado
pos,pedido_linea,2026-08-02T17:38:20Z,simulado
pos,pedido_linea,2026-08-02T18:40:15Z,simulado
pos,pedido_linea,2026-08-02T19:46:43Z,simulado
pos,pedido_linea,2026-08-02T20:38:45Z,simulado
pos,pedido_linea,2026-08-02T21:37:55Z,simulado
pos,pedido_linea,2026-08-02T22:39:10Z,simulado
pos,pedido_linea,2026-08-02T23:39:52Z,simulado
pos,pedido_linea,2026-08-03T00:41:44Z,simulado
pos,pedido_linea,2026-08-03T01:44:22Z,simulado
pos,pedido_linea,2026-08-03T02:41:45Z,simulado
pos,pedido_linea,2026-08-03T03:42:02Z,simulado
pos,pedido_linea,2026-08-03T04:40:44Z,simulado
pos,pedido_linea,2026-08-03T05:44:39Z,simulado
pos,pedido_linea,2026-08-03T06:40:42Z,simulado
pos,pedido_linea,2026-08-03T07:42:46Z,simulado
pos,pedido_linea,2026-08-03T09:38:14Z,simulado
pos,pedido_linea,2026-08-03T10:43:03Z,simulado
pos,pedido_linea,2026-08-03T11:39:26Z,simulado
pos,pedido_linea,2026-08-03T12:40:03Z,simulado
pos,pedido_linea,2026-08-03T13:45:40Z,simulado
pos,pedido_linea,2026-08-03T14:39:47Z,simulado
pos,pedido_linea,2026-08-03T15:37:32Z,simulado
pos,pedido_linea,2026-08-03T16:41:05Z,simulado
pos,pedido_linea,2026-08-03T17:39:05Z,simulado
pos,pedido_linea,2026-08-03T18:39:08Z,simulado
pos,pedido_linea,2026-08-03T19:40:35Z,simulado
pos,pedido_linea,2026-08-03T20:42:56Z,simulado
pos,pedido_linea,2026-08-03T21:40:25Z,simulado
pos,pedido_linea,2026-08-03T22:39:37Z,simulado
pos,pedido_linea,2026-08-03T23:40:30Z,simulado
pos,pedido_linea,2026-08-04T00:38:06Z,simulado
pos,pedido_linea,2026-08-04T01:43:06Z,simulado
pos,pedido_linea,2026-08-04T02:40:25Z,simulado
pos,pedido_linea,2026-08-04T03:45:15Z,simulado
pos,pedido_linea,2026-08-04T04:40:27Z,simulado
pos,pedido_linea,2026-08-04T05:41:06Z,simulado
pos,pedido_linea,2026-08-04T06:38:49Z,simulado
pos,pedido_linea,2026-08-04T07:41:03Z,simulado
pos,pedido_linea,2026-08-04T08:44:04Z,simulado
pos,pedido_linea,2026-08-04T09:36:08Z,simulado
pos,pedido_linea,2026-08-04T10:39:05Z,simulado
pos,pedido_linea,2026-08-04T11:39:43Z,simulado
pos,pedido_linea,2026-08-04T12:38:42Z,simulado
pos,pedido_linea,2026-08-04T13:37:34Z,simulado
pos,pedido_linea,2026-08-04T14:41:46Z,simulado
pos,pedido_linea,2026-08-04T15:37:55Z,simulado
pos,pedido_linea,2026-08-04T16:39:57Z,simulado
pos,pedido_linea,2026-08-04T17:39:38Z,simulado
pos,pedido_linea,2026-08-04T18:41:33Z,simulado
pos,pedido_linea,2026-08-04T19:41:07Z,simulado
pos,pedido_linea,2026-08-04T20:41:38Z,simulado
pos,pedido_linea,2026-08-04T21:40:25Z,simulado
pos,pedido_linea,2026-08-04T22:39:53Z,simulado
pos,pedido_linea,2026-08-04T23:43:36Z,simulado
pos,pedido_linea,2026-08-05T00:44:11Z,simulado
pos,pedido_linea,2026-08-05T01:39:05Z,simulado
pos,pedido_linea,2026-08-05T02:38:53Z,simulado
pos,pedido_linea,2026-08-05T03:40:55Z,simulado
pos,pedido_linea,2026-08-05T04:40:33Z,simulado
pos,pedido_linea,2026-08-05T05:42:11Z,simulado
pos,pedido_linea,2026-08-05T06:37:56Z,simulado
pos,pedido_linea,2026-08-05T07:37:34Z,simulado
pos,pedido_linea,2026-08-05T09:00:56Z,simulado
pos,pedido_linea,2026-08-05T09:42:51Z,simulado
pos,pedido_linea,2026-08-05T10:42:52Z,simulado
pos,pedido_linea,2026-08-05T11:41:45Z,simulado
pos,pedido_linea,2026-08-05T12:39:27Z,simulado
pos,pedido_linea,2026-08-05T13:45:28Z,simulado
pos,pedido_linea,2026-08-05T14:37:23Z,simulado
pos,pedido_linea,2026-08-05T15:41:09Z,simulado
pos,pedido_linea,2026-08-05T16:44:47Z,simulado
pos,pedido_linea,2026-08-05T17:39:48Z,simulado
pos,pedido_linea,2026-08-05T18:38:29Z,simulado
pos,pedido_linea,2026-08-05T19:38:05Z,simulado
pos,pedido_linea,2026-08-05T20:42:32Z,simulado
pos,pedido_linea,2026-08-05T21:42:22Z,simulado
pos,pedido_linea,2026-08-05T22:42:49Z,simulado
pos,pedido_linea,2026-08-05T23:41:23Z,simulado
pos,pedido_linea,2026-08-06T00:41:17Z,simulado
pos,pedido_linea,2026-08-06T01:39:59Z,simulado
pos,pedido_linea,2026-08-06T02:39:52Z,simulado
pos,pedido_linea,2026-08-06T04:42:21Z,simulado
pos,pedido_linea,2026-08-06T05:40:37Z,simulado
pos,pedido_linea,2026-08-06T06:38:53Z,simulado
pos,pedido_linea,2026-08-06T07:38:30Z,simulado
pos,pedido_linea,2026-08-06T08:37:02Z,simulado
pos,pedido_linea,2026-08-06T09:42:43Z,simulado
pos,pedido_linea,2026-08-06T10:46:25Z,simulado
pos,pedido_linea,2026-08-06T11:37:57Z,simulado
pos,pedido_linea,2026-08-06T12:49:20Z,simulado
pos,pedido_linea,2026-08-06T13:40:11Z,simulado
pos,pedido_linea,2026-08-06T14:41:18Z,simulado
pos,pedido_linea,2026-08-06T15:38:33Z,simulado
pos,pedido_linea,2026-08-06T16:41:20Z,simulado
pos,pedido_linea,2026-08-06T17:44:06Z,simulado
pos,pedido_linea,2026-08-06T18:39:22Z,simulado
pos,pedido_linea,2026-08-06T19:39:37Z,simulado
pos,pedido_linea,2026-08-06T20:44:19Z,simulado
pos,pedido_linea,2026-08-06T21:43:40Z,simulado
pos,pedido_linea,2026-08-06T22:48:17Z,simulado
pos,pedido_linea,2026-08-06T23:38:35Z,simulado
pos,pedido_linea,2026-08-07T00:38:13Z,simulado
pos,pedido_linea,2026-08-07T01:40:39Z,simulado
pos,pedido_linea,2026-08-07T02:50:09Z,simulado
pos,pedido_linea,2026-08-07T03:38:37Z,simulado
pos,pedido_linea,2026-08-07T04:50:38Z,simulado
pos,pedido_linea,2026-08-07T05:40:29Z,simulado
pos,pedido_linea,2026-08-07T06:38:04Z,simulado
pos,pedido_linea,2026-08-07T07:42:01Z,simulado
pos,pedido_linea,2026-08-07T08:49:39Z,simulado
pos,pedido_linea,2026-08-07T09:41:13Z,simulado
pos,pedido_linea,2026-08-07T10:38:40Z,simulado
pos,pedido_linea,2026-08-07T11:40:30Z,simulado
pos,pedido_linea,2026-08-07T12:38:51Z,simulado
pos,pedido_linea,2026-08-07T13:41:54Z,simulado
pos,pedido_linea,2026-08-07T14:48:23Z,simulado
pos,pedido_linea,2026-08-07T15:41:48Z,simulado
pos,pedido_linea,2026-08-07T16:42:05Z,simulado
pos,pedido_linea,2026-08-07T17:37:18Z,simulado
pos,pedido_linea,2026-08-07T18:43:45Z,simulado
pos,pedido_linea,2026-08-07T19:40:15Z,simulado
pos,pedido_linea,2026-08-07T20:41:27Z,simulado
pos,pedido_linea,2026-08-07T21:39:24Z,simulado
pos,pedido_linea,2026-08-07T22:38:00Z,simulado
pos,pedido_linea,2026-08-07T23:40:47Z,simulado
pos,pedido_linea,2026-08-08T00:38:46Z,simulado
pos,pedido_linea,2026-08-08T01:43:34Z,simulado
pos,pedido_linea,2026-08-08T02:39:44Z,simulado
pos,pedido_linea,2026-08-08T03:40:03Z,simulado
pos,pedido_linea,2026-08-08T04:38:36Z,simulado
pos,pedido_linea,2026-08-08T05:42:09Z,simulado
pos,pedido_linea,2026-08-08T06:38:43Z,simulado
pos,pedido_linea,2026-08-08T07:40:42Z,simulado
pos,pedido_linea,2026-08-08T08:57:04Z,simulado
pos,pedido_linea,2026-08-08T09:45:08Z,simulado
pos,pedido_linea,2026-08-08T10:42:06Z,simulado
pos,pedido_linea,2026-08-08T11:41:10Z,simulado
pos,pedido_linea,2026-08-08T12:40:10Z,simulado
pos,pedido_linea,2026-08-08T13:44:32Z,simulado
pos,pedido_linea,2026-08-08T14:38:17Z,simulado
pos,pedido_linea,2026-08-08T15:37:44Z,simulado
pos,pedido_linea,2026-08-08T16:38:30Z,simulado
pos,pedido_linea,2026-08-08T17:41:16Z,simulado
pos,pedido_linea,2026-08-08T18:40:53Z,simulado
pos,pedido_linea,2026-08-08T19:39:46Z,simulado
pos,pedido_linea,2026-08-08T20:40:19Z,simulado
pos,pedido_linea,2026-08-08T21:47:03Z,simulado
pos,pedido_linea,2026-08-08T22:41:23Z,simulado
pos,pedido_linea,2026-08-08T23:38:23Z,simulado
pos,pedido_linea,2026-08-09T00:38:25Z,simulado
pos,pedido_linea,2026-08-09T01:39:03Z,simulado
pos,pedido_linea,2026-08-09T02:45:00Z,simulado
pos,pedido_linea,2026-08-09T03:42:29Z,simulado
pos,pedido_linea,2026-08-09T04:46:09Z,simulado
pos,pedido_linea,2026-08-09T05:44:27Z,simulado
pos,pedido_linea,2026-08-09T06:42:18Z,simulado
pos,pedido_linea,2026-08-09T07:37:48Z,simulado
pos,pedido_linea,2026-08-09T08:43:38Z,simulado
pos,pedido_linea,2026-08-09T09:48:09Z,simulado
pos,pedido_linea,2026-08-09T10:41:50Z,simulado
pos,pedido_linea,2026-08-09T11:36:36Z,simulado
pos,pedido_linea,2026-08-09T12:46:53Z,simulado
pos,pedido_linea,2026-08-09T13:38:05Z,simulado
pos,pedido_linea,2026-08-09T14:41:16Z,simulado
pos,pedido_linea,2026-08-09T15:39:01Z,simulado
pos,pedido_linea,2026-08-09T16:38:22Z,simulado
pos,pedido_linea,2026-08-09T17:53:41Z,simulado
pos,pedido_linea,2026-08-09T18:40:50Z,simulado
pos,pedido_linea,2026-08-09T19:39:48Z,simulado
pos,pedido_linea,2026-08-09T20:37:25Z,simulado
pos,pedido_linea,2026-08-09T21:42:28Z,simulado
pos,pedido_linea,2026-08-09T22:38:03Z,simulado
pos,pedido_linea,2026-08-09T23:41:54Z,simulado
pos,pedido_linea,2026-08-10T00:37:54Z,simulado
pos,pedido_linea,2026-08-10T01:44:39Z,simulado
pos,pedido_linea,2026-08-10T02:44:11Z,simulado
pos,pedido_linea,2026-08-10T03:36:38Z,simulado
pos,pedido_linea,2026-08-10T04:40:30Z,simulado
pos,pedido_linea,2026-08-10T05:41:10Z,simulado
pos,pedido_linea,2026-08-10T06:45:11Z,simulado
pos,pedido_linea,2026-08-10T07:42:25Z,simulado
pos,pedido_linea,2026-08-10T08:37:33Z,simulado
pos,pedido_linea,2026-08-10T09:40:16Z,simulado
pos,pedido_linea,2026-08-10T10:39:34Z,simulado
pos,pedido_linea,2026-08-10T11:43:47Z,simulado
pos,pedido_linea,2026-08-10T12:40:39Z,simulado
pos,pedido_linea,2026-08-10T13:41:38Z,simulado
pos,pedido_linea,2026-08-10T14:38:07Z,simulado
pos,pedido_linea,2026-08-10T15:41:29Z,simulado
pos,pedido_linea,2026-08-10T16:38:35Z,simulado
pos,pedido_linea,2026-08-10T17:41:06Z,simulado
pos,pedido_linea,2026-08-10T18:37:37Z,simulado
pos,pedido_linea,2026-08-10T19:45:37Z,simulado
pos,pedido_linea,2026-08-10T20:40:04Z,simulado
pos,pedido_linea,2026-08-10T21:44:20Z,simulado
pos,pedido_linea,2026-08-10T22:39:16Z,simulado
pos,pedido_linea,2026-08-10T23:47:37Z,simulado
pos,pedido_linea,2026-08-11T00:38:40Z,simulado
pos,pedido_linea,2026-08-11T01:38:05Z,simulado
pos,pedido_linea,2026-08-11T02:40:26Z,simulado
pos,pedido_linea,2026-08-11T03:42:17Z,simulado
pos,pedido_linea,2026-08-11T04:41:57Z,simulado
pos,pedido_linea,2026-08-11T05:38:19Z,simulado
pos,pedido_linea,2026-08-11T06:40:39Z,simulado
pos,pedido_linea,2026-08-11T07:37:24Z,simulado
pos,pedido_linea,2026-08-11T08:37:59Z,simulado
pos,pedido_linea,2026-08-11T09:47:17Z,simulado
pos,pedido_linea,2026-08-11T10:40:03Z,simulado
pos,pedido_linea,2026-08-11T11:39:37Z,simulado
pos,pedido_linea,2026-08-11T12:38:26Z,simulado
pos,pedido_linea,2026-08-11T13:40:37Z,simulado
pos,pedido_linea,2026-08-11T14:39:07Z,simulado
pos,pedido_linea,2026-08-11T15:38:05Z,simulado
pos,pedido_linea,2026-08-11T16:41:06Z,simulado
pos,pedido_linea,2026-08-11T17:40:56Z,simulado
pos,pedido_linea,2026-08-11T18:41:48Z,simulado
pos,pedido_linea,2026-08-11T19:39:03Z,simulado
pos,pedido_linea,2026-08-11T20:42:02Z,simulado
pos,pedido_linea,2026-08-11T21:43:07Z,simulado
pos,pedido_linea,2026-08-11T22:44:41Z,simulado
pos,pedido_linea,2026-08-11T23:38:14Z,simulado
pos,pedido_linea,2026-08-12T00:46:20Z,simulado
pos,pedido_linea,2026-08-12T01:46:41Z,simulado
pos,pedido_linea,2026-08-12T02:42:57Z,simulado
pos,pedido_linea,2026-08-12T03:37:25Z,simulado
pos,pedido_linea,2026-08-12T04:41:25Z,simulado
pos,pedido_linea,2026-08-12T05:38:15Z,simulado
pos,pedido_linea,2026-08-12T06:52:07Z,simulado
pos,pedido_linea,2026-08-12T07:40:22Z,simulado
pos,pedido_linea,2026-08-12T08:41:49Z,simulado
pos,pedido_linea,2026-08-12T09:39:21Z,simulado
pos,pedido_linea,2026-08-12T10:39:02Z,simulado
pos,pedido_linea,2026-08-12T11:38:33Z,simulado
pos,pedido_linea,2026-08-12T12:39:53Z,simulado
pos,pedido_linea,2026-08-12T13:41:16Z,simulado
pos,pedido_linea,2026-08-12T14:40:43Z,simulado
pos,pedido_linea,2026-08-12T15:46:18Z,simulado
pos,pedido_linea,2026-08-12T16:38:50Z,simulado
pos,pedido_linea,2026-08-12T17:38:57Z,simulado
pos,pedido_linea,2026-08-12T18:46:25Z,simulado
pos,pedido_linea,2026-08-12T19:42:05Z,simulado
pos,pedido_linea,2026-08-12T20:42:45Z,simulado
pos,pedido_linea,2026-08-12T21:40:47Z,simulado
pos,pedido_linea,2026-08-12T22:37:27Z,simulado
pos,pedido_linea,2026-08-12T23:43:43Z,simulado
pos,pedido_linea,2026-08-13T00:41:50Z,simulado
pos,pedido_linea,2026-08-13T01:38:08Z,simulado
pos,pedido_linea,2026-08-13T02:42:53Z,simulado
pos,pedido_linea,2026-08-13T03:39:12Z,simulado
pos,pedido_linea,2026-08-13T04:45:53Z,simulado
pos,pedido_linea,2026-08-13T05:39:01Z,simulado
pos,pedido_linea,2026-08-13T06:40:31Z,simulado
pos,pedido_linea,2026-08-13T07:37:56Z,simulado
pos,pedido_linea,2026-08-13T08:41:18Z,simulado
pos,pedido_linea,2026-08-13T09:44:38Z,simulado
pos,pedido_linea,2026-08-13T10:44:20Z,simulado
pos,pedido_linea,2026-08-13T11:49:06Z,simulado
pos,pedido_linea,2026-08-13T12:43:59Z,simulado
pos,pedido_linea,2026-08-13T13:42:28Z,simulado
pos,pedido_linea,2026-08-13T14:40:25Z,simulado
pos,pedido_linea,2026-08-13T15:39:43Z,simulado
pos,pedido_linea,2026-08-13T16:42:08Z,simulado
pos,pedido_linea,2026-08-13T17:47:45Z,simulado
pos,pedido_linea,2026-08-13T18:39:35Z,simulado
pos,pedido_linea,2026-08-13T19:39:49Z,simulado
pos,pedido_linea,2026-08-13T20:43:28Z,simulado
pos,pedido_linea,2026-08-13T21:52:57Z,simulado
pos,pedido_linea,2026-08-13T22:55:26Z,simulado
pos,pedido_linea,2026-08-13T23:43:51Z,simulado
pos,pedido_linea,2026-08-14T00:41:39Z,simulado
pos,pedido_linea,2026-08-14T01:39:51Z,simulado
pos,pedido_linea,2026-08-14T02:38:22Z,simulado
pos,pedido_linea,2026-08-14T03:44:59Z,simulado
pos,pedido_linea,2026-08-14T04:40:24Z,simulado
pos,pedido_linea,2026-08-14T05:49:28Z,simulado
pos,pedido_linea,2026-08-14T06:36:10Z,simulado
pos,pedido_linea,2026-08-14T07:40:36Z,simulado
pos,pedido_linea,2026-08-14T08:44:37Z,simulado
pos,pedido_linea,2026-08-14T09:38:08Z,simulado
pos,pedido_linea,2026-08-14T10:37:56Z,simulado
pos,pedido_linea,2026-08-14T11:40:08Z,simulado
pos,pedido_linea,2026-08-14T12:49:59Z,simulado
pos,pedido_linea,2026-08-14T13:38:49Z,simulado
pos,pedido_linea,2026-08-14T14:44:07Z,simulado
pos,pedido_linea,2026-08-14T15:55:50Z,simulado
pos,pedido_linea,2026-08-14T16:40:56Z,simulado
pos,pedido_linea,2026-08-14T17:38:33Z,simulado
pos,pedido_linea,2026-08-14T18:38:25Z,simulado
pos,pedido_linea,2026-08-14T19:46:39Z,simulado
pos,pedido_linea,2026-08-14T20:45:59Z,simulado
pos,pedido_linea,2026-08-14T21:36:55Z,simulado
pos,pedido_linea,2026-08-14T22:38:25Z,simulado
pos,pedido_linea,2026-08-14T23:43:09Z,simulado
pos,pedido_linea,2026-08-15T00:38:09Z,simulado
pos,pedido_linea,2026-08-15T01:41:59Z,simulado
pos,pedido_linea,2026-08-15T02:38:59Z,simulado
pos,pedido_linea,2026-08-15T03:47:36Z,simulado
pos,pedido_linea,2026-08-15T04:40:33Z,simulado
pos,pedido_linea,2026-08-15T05:39:23Z,simulado
pos,pedido_linea,2026-08-15T06:44:14Z,simulado
pos,pedido_linea,2026-08-15T07:42:44Z,simulado
pos,pedido_linea,2026-08-15T08:39:15Z,simulado
pos,pedido_linea,2026-08-15T09:38:24Z,simulado
pos,pedido_linea,2026-08-15T10:45:19Z,simulado
pos,pedido_linea,2026-08-15T11:37:30Z,simulado
pos,pedido_linea,2026-08-15T12:39:00Z,simulado
pos,pedido_linea,2026-08-15T13:47:14Z,simulado
pos,pedido_linea,2026-08-15T14:42:01Z,simulado
pos,pedido_linea,2026-08-15T15:39:16Z,simulado
pos,pedido_linea,2026-08-15T16:42:27Z,simulado
pos,pedido_linea,2026-08-15T17:46:17Z,simulado
pos,pedido_linea,2026-08-15T18:45:32Z,simulado
pos,pedido_linea,2026-08-15T19:38:49Z,simulado
pos,pedido_linea,2026-08-15T20:45:13Z,simulado
pos,pedido_linea,2026-08-15T21:40:07Z,simulado
pos,pedido_linea,2026-08-15T22:43:16Z,simulado
pos,pedido_linea,2026-08-15T23:44:25Z,simulado
pos,pedido_linea,2026-08-16T00:40:33Z,simulado
pos,pedido_linea,2026-08-16T01:42:49Z,simulado
pos,pedido_linea,2026-08-16T02:38:33Z,simulado
pos,pedido_linea,2026-08-16T03:44:14Z,simulado
pos,pedido_linea,2026-08-16T04:38:04Z,simulado
pos,pedido_linea,2026-08-16T05:38:18Z,simulado
pos,pedido_linea,2026-08-16T06:39:07Z,simulado
pos,pedido_linea,2026-08-16T07:44:39Z,simulado
pos,pedido_linea,2026-08-16T08:47:17Z,simulado
pos,pedido_linea,2026-08-16T09:42:13Z,simulado
pos,pedido_linea,2026-08-16T10:44:16Z,simulado
pos,pedido_linea,2026-08-16T11:38:09Z,simulado
pos,pedido_linea,2026-08-16T12:38:15Z,simulado
pos,pedido_linea,2026-08-16T13:43:28Z,simulado
pos,pedido_linea,2026-08-16T14:40:52Z,simulado
pos,pedido_linea,2026-08-16T15:43:57Z,simulado
pos,pedido_linea,2026-08-16T16:47:24Z,simulado
pos,pedido_linea,2026-08-16T17:38:35Z,simulado
pos,pedido_linea,2026-08-16T18:59:51Z,simulado
pos,pedido_linea,2026-08-16T19:42:25Z,simulado
pos,pedido_linea,2026-08-16T20:40:56Z,simulado
pos,pedido_linea,2026-08-16T21:44:26Z,simulado
pos,pedido_linea,2026-08-16T22:38:54Z,simulado
pos,pedido_linea,2026-08-16T23:41:04Z,simulado
pos,pedido_linea,2026-08-17T00:40:04Z,simulado
pos,pedido_linea,2026-08-17T01:39:13Z,simulado
pos,pedido_linea,2026-08-17T02:43:07Z,simulado
pos,pedido_linea,2026-08-17T03:38:51Z,simulado
pos,pedido_linea,2026-08-17T04:43:44Z,simulado
pos,pedido_linea,2026-08-17T05:41:58Z,simulado
pos,pedido_linea,2026-08-17T07:44:07Z,simulado
pos,pedido_linea,2026-08-17T08:38:23Z,simulado
pos,pedido_linea,2026-08-17T09:41:06Z,simulado
pos,pedido_linea,2026-08-17T10:37:41Z,simulado
pos,pedido_linea,2026-08-17T11:42:20Z,simulado
pos,pedido_linea,2026-08-17T12:39:44Z,simulado
pos,pedido_linea,2026-08-17T14:45:33Z,simulado
pos,pedido_linea,2026-08-17T15:39:44Z,simulado
pos,pedido_linea,2026-08-17T16:41:59Z,simulado
pos,pedido_linea,2026-08-17T17:40:15Z,simulado
pos,pedido_linea,2026-08-17T18:42:55Z,simulado
pos,pedido_linea,2026-08-17T19:37:47Z,simulado
pos,pedido_linea,2026-08-17T20:41:43Z,simulado
pos,pedido_linea,2026-08-17T21:47:34Z,simulado
pos,pedido_linea,2026-08-17T22:40:52Z,simulado
pos,pedido_linea,2026-08-17T23:40:31Z,simulado
pos,pedido_linea,2026-08-18T00:39:55Z,simulado
pos,pedido_linea,2026-08-18T01:37:03Z,simulado
pos,pedido_linea,2026-08-18T02:41:25Z,simulado
pos,pedido_linea,2026-08-18T03:45:49Z,simulado
pos,pedido_linea,2026-08-18T04:37:58Z,simulado
pos,pedido_linea,2026-08-18T05:46:11Z,simulado
pos,pedido_linea,2026-08-18T06:40:49Z,simulado
pos,pedido_linea,2026-08-18T07:37:59Z,simulado
pos,pedido_linea,2026-08-18T08:37:21Z,simulado
pos,pedido_linea,2026-08-18T09:40:34Z,simulado
pos,pedido_linea,2026-08-18T10:41:13Z,simulado
pos,pedido_linea,2026-08-18T11:41:07Z,simulado
pos,pedido_linea,2026-08-18T12:40:49Z,simulado
pos,pedido_linea,2026-08-18T13:37:25Z,simulado
pos,pedido_linea,2026-08-18T14:38:43Z,simulado
pos,pedido_linea,2026-08-18T15:46:19Z,simulado
pos,pedido_linea,2026-08-18T16:49:31Z,simulado
pos,pedido_linea,2026-08-18T17:39:43Z,simulado
pos,pedido_linea,2026-08-18T18:37:16Z,simulado
pos,pedido_linea,2026-08-18T19:44:38Z,simulado
pos,pedido_linea,2026-08-18T20:41:29Z,simulado
pos,pedido_linea,2026-08-18T21:55:24Z,simulado
pos,pedido_linea,2026-08-18T22:38:22Z,simulado
pos,pedido_linea,2026-08-18T23:42:36Z,simulado
pos,pedido_linea,2026-08-19T00:38:33Z,simulado
pos,pedido_linea,2026-08-19T01:37:34Z,simulado
pos,pedido_linea,2026-08-19T02:38:48Z,simulado
pos,pedido_linea,2026-08-19T03:43:15Z,simulado
pos,pedido_linea,2026-08-19T04:45:57Z,simulado
pos,pedido_linea,2026-08-19T05:38:28Z,simulado
pos,pedido_linea,2026-08-19T06:40:14Z,simulado
pos,pedido_linea,2026-08-19T07:38:54Z,simulado
pos,pedido_linea,2026-08-19T08:41:53Z,simulado
pos,pedido_linea,2026-08-19T09:39:43Z,simulado
pos,pedido_linea,2026-08-19T10:41:04Z,simulado
pos,pedido_linea,2026-08-19T11:39:17Z,simulado
pos,pedido_linea,2026-08-19T12:38:16Z,simulado
pos,pedido_linea,2026-08-19T13:36:27Z,simulado
pos,pedido_linea,2026-08-19T14:38:53Z,simulado
pos,pedido_linea,2026-08-19T15:41:59Z,simulado
pos,pedido_linea,2026-08-19T16:42:47Z,simulado
pos,pedido_linea,2026-08-19T17:42:52Z,simulado
pos,pedido_linea,2026-08-19T18:38:39Z,simulado
pos,pedido_linea,2026-08-19T19:49:00Z,simulado
pos,pedido_linea,2026-08-19T20:39:12Z,simulado
pos,pedido_linea,2026-08-19T21:38:14Z,simulado
pos,pedido_linea,2026-08-19T22:43:25Z,simulado
pos,pedido_linea,2026-08-19T23:42:34Z,simulado
pos,pedido_linea,2026-08-20T00:42:07Z,simulado
pos,pedido_linea,2026-08-20T01:42:02Z,simulado
pos,pedido_linea,2026-08-20T02:39:01Z,simulado
pos,pedido_linea,2026-08-20T04:39:41Z,simulado
pos,pedido_linea,2026-08-20T05:37:58Z,simulado
pos,pedido_linea,2026-08-20T06:38:15Z,simulado
pos,pedido_linea,2026-08-20T07:40:45Z,simulado
pos,pedido_linea,2026-08-20T08:47:28Z,simulado
pos,pedido_linea,2026-08-20T09:38:01Z,simulado
pos,pedido_linea,2026-08-20T10:44:38Z,simulado
pos,pedido_linea,2026-08-20T11:44:26Z,simulado
pos,pedido_linea,2026-08-20T12:37:37Z,simulado
pos,pedido_linea,2026-08-20T13:37:59Z,simulado
pos,pedido_linea,2026-08-20T14:41:28Z,simulado
pos,pedido_linea,2026-08-20T15:38:24Z,simulado
pos,pedido_linea,2026-08-20T16:42:29Z,simulado
pos,pedido_linea,2026-08-20T17:42:41Z,simulado
pos,pedido_linea,2026-08-20T18:39:48Z,simulado
pos,pedido_linea,2026-08-20T19:39:49Z,simulado
pos,pedido_linea,2026-08-20T20:52:51Z,simulado
pos,pedido_linea,2026-08-20T21:38:07Z,simulado
pos,pedido_linea,2026-08-20T22:43:13Z,simulado
pos,pedido_linea,2026-08-20T23:41:16Z,simulado
pos,pedido_linea,2026-08-21T00:43:20Z,simulado
pos,pedido_linea,2026-08-21T01:40:01Z,simulado
pos,pedido_linea,2026-08-21T02:59:14Z,simulado
pos,pedido_linea,2026-08-21T03:39:29Z,simulado
pos,pedido_linea,2026-08-21T04:38:30Z,simulado
pos,pedido_linea,2026-08-21T05:42:21Z,simulado
pos,pedido_linea,2026-08-21T06:57:57Z,simulado
pos,pedido_linea,2026-08-21T07:39:53Z,simulado
pos,pedido_linea,2026-08-21T08:49:12Z,simulado
pos,pedido_linea,2026-08-21T09:46:55Z,simulado
pos,pedido_linea,2026-08-21T10:50:58Z,simulado
pos,pedido_linea,2026-08-21T11:38:38Z,simulado
pos,pedido_linea,2026-08-21T12:43:51Z,simulado
pos,pedido_linea,2026-08-21T13:41:04Z,simulado
pos,pedido_linea,2026-08-21T14:41:51Z,simulado
pos,pedido_linea,2026-08-21T15:41:32Z,simulado
pos,pedido_linea,2026-08-21T16:38:59Z,simulado
pos,pedido_linea,2026-08-21T17:45:06Z,simulado
pos,pedido_linea,2026-08-21T18:41:03Z,simulado
pos,pedido_linea,2026-08-21T19:40:11Z,simulado
pos,pedido_linea,2026-08-21T20:40:23Z,simulado
pos,pedido_linea,2026-08-21T21:44:15Z,simulado
pos,pedido_linea,2026-08-21T22:54:47Z,simulado
pos,pedido_linea,2026-08-21T23:40:07Z,simulado
pos,pedido_linea,2026-08-22T00:39:54Z,simulado
pos,pedido_linea,2026-08-22T01:39:36Z,simulado
pos,pedido_linea,2026-08-22T02:41:41Z,simulado
pos,pedido_linea,2026-08-22T03:44:26Z,simulado
pos,pedido_linea,2026-08-22T04:39:15Z,simulado
pos,pedido_linea,2026-08-22T05:39:50Z,simulado
pos,pedido_linea,2026-08-22T06:40:08Z,simulado
pos,pedido_linea,2026-08-22T07:39:04Z,simulado
pos,pedido_linea,2026-08-22T08:38:54Z,simulado
pos,pedido_linea,2026-08-22T09:45:14Z,simulado
pos,pedido_linea,2026-08-22T10:39:32Z,simulado
pos,pedido_linea,2026-08-22T11:39:37Z,simulado
pos,pedido_linea,2026-08-22T12:45:04Z,simulado
pos,pedido_linea,2026-08-22T13:44:26Z,simulado
pos,pedido_linea,2026-08-22T14:36:43Z,simulado
pos,pedido_linea,2026-08-22T15:42:39Z,simulado
pos,pedido_linea,2026-08-22T16:36:58Z,simulado
pos,pedido_linea,2026-08-22T17:40:54Z,simulado
pos,pedido_linea,2026-08-22T18:42:26Z,simulado
pos,pedido_linea,2026-08-22T19:48:29Z,simulado
pos,pedido_linea,2026-08-22T20:43:10Z,simulado
pos,pedido_linea,2026-08-22T21:39:37Z,simulado
pos,pedido_linea,2026-08-22T22:39:18Z,simulado
pos,pedido_linea,2026-08-22T23:38:43Z,simulado
pos,pedido_linea,2026-08-23T00:41:48Z,simulado
pos,pedido_linea,2026-08-23T01:47:40Z,simulado
pos,pedido_linea,2026-08-23T02:45:03Z,simulado
pos,pedido_linea,2026-08-23T03:38:12Z,simulado
pos,pedido_linea,2026-08-23T04:39:29Z,simulado
pos,pedido_linea,2026-08-23T05:38:08Z,simulado
pos,pedido_linea,2026-08-23T06:39:55Z,simulado
pos,pedido_linea,2026-08-23T07:43:47Z,simulado
pos,pedido_linea,2026-08-23T08:39:22Z,simulado
pos,pedido_linea,2026-08-23T09:40:08Z,simulado
pos,pedido_linea,2026-08-23T10:45:38Z,simulado
pos,pedido_linea,2026-08-23T11:36:51Z,simulado
pos,pedido_linea,2026-08-23T12:41:53Z,simulado
pos,pedido_linea,2026-08-23T13:37:26Z,simulado
pos,pedido_linea,2026-08-23T14:41:58Z,simulado
pos,pedido_linea,2026-08-23T15:43:26Z,simulado
pos,pedido_linea,2026-08-23T16:44:16Z,simulado
pos,pedido_linea,2026-08-23T17:39:11Z,simulado
pos,pedido_linea,2026-08-23T18:36:41Z,simulado
pos,pedido_linea,2026-08-23T19:37:59Z,simulado
pos,pedido_linea,2026-08-23T20:40:55Z,simulado
pos,pedido_linea,2026-08-23T21:40:17Z,simulado
pos,pedido_linea,2026-08-23T22:45:19Z,simulado
pos,pedido_linea,2026-08-23T23:47:48Z,simulado
pos,pedido_linea,2026-08-24T00:42:55Z,simulado
pos,pedido_linea,2026-08-24T01:36:51Z,simulado
pos,pedido_linea,2026-08-24T02:37:54Z,simulado
pos,pedido_linea,2026-08-24T03:40:59Z,simulado
pos,pedido_linea,2026-08-24T04:40:47Z,simulado
pos,pedido_linea,2026-08-24T05:41:57Z,simulado
pos,pedido_linea,2026-08-24T06:48:40Z,simulado
pos,pedido_linea,2026-08-24T07:43:22Z,simulado
pos,pedido_linea,2026-08-24T08:40:43Z,simulado
pos,pedido_linea,2026-08-24T09:37:28Z,simulado
pos,pedido_linea,2026-08-24T10:45:23Z,simulado
pos,pedido_linea,2026-08-24T12:40:51Z,simulado
pos,pedido_linea,2026-08-24T13:40:36Z,simulado
pos,pedido_linea,2026-08-24T14:42:36Z,simulado
pos,pedido_linea,2026-08-24T15:41:39Z,simulado
pos,pedido_linea,2026-08-24T16:46:01Z,simulado
pos,pedido_linea,2026-08-24T17:43:14Z,simulado
pos,pedido_linea,2026-08-24T18:39:50Z,simulado
pos,pedido_linea,2026-08-24T19:40:11Z,simulado
pos,pedido_linea,2026-08-24T20:39:50Z,simulado
pos,pedido_linea,2026-08-24T21:43:10Z,simulado
pos,pedido_linea,2026-08-24T22:40:07Z,simulado
pos,pedido_linea,2026-08-24T23:38:25Z,simulado
pos,pedido_linea,2026-08-25T00:40:50Z,simulado
pos,pedido_linea,2026-08-25T01:39:36Z,simulado
pos,pedido_linea,2026-08-25T02:42:42Z,simulado
pos,pedido_linea,2026-08-25T03:51:25Z,simulado
pos,pedido_linea,2026-08-25T04:40:59Z,simulado
pos,pedido_linea,2026-08-25T05:41:59Z,simulado
pos,pedido_linea,2026-08-25T06:41:04Z,simulado
pos,pedido_linea,2026-08-25T07:43:24Z,simulado
pos,pedido_linea,2026-08-25T08:38:51Z,simulado
pos,pedido_linea,2026-08-25T09:40:50Z,simulado
pos,pedido_linea,2026-08-25T10:47:56Z,simulado
pos,pedido_linea,2026-08-25T11:37:27Z,simulado
pos,pedido_linea,2026-08-25T12:43:07Z,simulado
pos,pedido_linea,2026-08-25T13:42:57Z,simulado
pos,pedido_linea,2026-08-25T14:47:44Z,simulado
pos,pedido_linea,2026-08-25T15:39:46Z,simulado
pos,pedido_linea,2026-08-25T16:38:21Z,simulado
pos,pedido_linea,2026-08-25T17:40:45Z,simulado
pos,pedido_linea,2026-08-25T18:46:12Z,simulado
pos,pedido_linea,2026-08-25T19:42:43Z,simulado
pos,pedido_linea,2026-08-25T20:44:17Z,simulado
pos,pedido_linea,2026-08-25T21:38:50Z,simulado
pos,pedido_linea,2026-08-25T22:39:27Z,simulado
pos,pedido_linea,2026-08-25T23:48:06Z,simulado
pos,pedido_linea,2026-08-26T00:37:56Z,simulado
pos,pedido_linea,2026-08-26T01:39:29Z,simulado
pos,pedido_linea,2026-08-26T02:44:20Z,simulado
pos,pedido_linea,2026-08-26T03:41:04Z,simulado
pos,pedido_linea,2026-08-26T04:41:56Z,simulado
pos,pedido_linea,2026-08-26T05:45:15Z,simulado
pos,pedido_linea,2026-08-26T06:37:41Z,simulado
pos,pedido_linea,2026-08-26T07:40:10Z,simulado
pos,pedido_linea,2026-08-26T08:39:54Z,simulado
pos,pedido_linea,2026-08-26T09:51:35Z,simulado
pos,pedido_linea,2026-08-26T10:40:32Z,simulado
pos,pedido_linea,2026-08-26T12:45:02Z,simulado
pos,pedido_linea,2026-08-26T13:43:31Z,simulado
pos,pedido_linea,2026-08-26T14:40:34Z,simulado
pos,pedido_linea,2026-08-26T15:46:08Z,simulado
pos,pedido_linea,2026-08-26T16:40:52Z,simulado
pos,pedido_linea,2026-08-26T17:40:47Z,simulado
pos,pedido_linea,2026-08-26T18:46:03Z,simulado
pos,pedido_linea,2026-08-26T19:39:53Z,simulado
pos,pedido_linea,2026-08-26T20:38:58Z,simulado
pos,pedido_linea,2026-08-26T21:39:43Z,simulado
pos,pedido_linea,2026-08-26T22:40:47Z,simulado
pos,pedido_linea,2026-08-26T23:38:23Z,simulado
pos,pedido_linea,2026-08-27T00:38:00Z,simulado
pos,pedido_linea,2026-08-27T01:39:09Z,simulado
pos,pedido_linea,2026-08-27T02:39:29Z,simulado
pos,pedido_linea,2026-08-27T03:47:30Z,simulado
pos,pedido_linea,2026-08-27T04:43:20Z,simulado
pos,pedido_linea,2026-08-27T05:37:41Z,simulado
pos,pedido_linea,2026-08-27T06:40:04Z,simulado
pos,pedido_linea,2026-08-27T07:39:49Z,simulado
pos,pedido_linea,2026-08-27T08:51:02Z,simulado
pos,pedido_linea,2026-08-27T09:48:21Z,simulado
pos,pedido_linea,2026-08-27T10:40:40Z,simulado
pos,pedido_linea,2026-08-27T11:38:27Z,simulado
pos,pedido_linea,2026-08-27T12:40:17Z,simulado
pos,pedido_linea,2026-08-27T13:38:46Z,simulado
pos,pedido_linea,2026-08-27T14:44:57Z,simulado
pos,pedido_linea,2026-08-27T15:37:51Z,simulado
pos,pedido_linea,2026-08-27T16:54:58Z,simulado
pos,pedido_linea,2026-08-27T17:43:09Z,simulado
pos,pedido_linea,2026-08-27T18:46:39Z,simulado
pos,pedido_linea,2026-08-27T19:38:42Z,simulado
pos,pedido_linea,2026-08-27T20:40:10Z,simulado
pos,pedido_linea,2026-08-27T21:42:47Z,simulado
pos,pedido_linea,2026-08-27T22:39:17Z,simulado
pos,pedido_linea,2026-08-27T23:52:44Z,simulado
pos,pedido_linea,2026-08-28T00:37:05Z,simulado
pos,pedido_linea,2026-08-28T01:37:40Z,simulado
pos,pedido_linea,2026-08-28T02:38:59Z,simulado
pos,pedido_linea,2026-08-28T03:42:54Z,simulado
pos,pedido_linea,2026-08-28T04:47:10Z,simulado
pos,pedido_linea,2026-08-28T05:45:11Z,simulado
pos,pedido_linea,2026-08-28T06:54:15Z,simulado
pos,pedido_linea,2026-08-28T07:44:55Z,simulado
pos,pedido_linea,2026-08-28T08:37:54Z,simulado
pos,pedido_linea,2026-08-28T09:47:49Z,simulado
pos,pedido_linea,2026-08-28T10:42:06Z,simulado
pos,pedido_linea,2026-08-28T11:41:50Z,simulado
pos,pedido_linea,2026-08-28T12:39:18Z,simulado
pos,pedido_linea,2026-08-28T13:43:35Z,simulado
pos,pedido_linea,2026-08-28T14:47:56Z,simulado
pos,pedido_linea,2026-08-28T15:37:11Z,simulado
pos,pedido_linea,2026-08-28T16:42:47Z,simulado
pos,pedido_linea,2026-08-28T17:43:03Z,simulado
pos,pedido_linea,2026-08-28T18:38:44Z,simulado
pos,pedido_linea,2026-08-28T19:37:32Z,simulado
pos,pedido_linea,2026-08-28T20:37:58Z,simulado
pos,pedido_linea,2026-08-28T21:42:11Z,simulado
pos,pedido_linea,2026-08-28T22:39:15Z,simulado
pos,pedido_linea,2026-08-28T23:44:08Z,simulado
pos,pedido_linea,2026-08-29T00:40:07Z,simulado
pos,pedido_linea,2026-08-29T01:39:09Z,simulado
pos,pedido_linea,2026-08-29T02:40:02Z,simulado
pos,pedido_linea,2026-08-29T03:41:06Z,simulado
pos,pedido_linea,2026-08-29T04:48:21Z,simulado
pos,pedido_linea,2026-08-29T05:44:23Z,simulado
pos,pedido_linea,2026-08-29T06:43:08Z,simulado
pos,pedido_linea,2026-08-29T07:48:49Z,simulado
pos,pedido_linea,2026-08-29T08:39:11Z,simulado
pos,pedido_linea,2026-08-29T09:44:48Z,simulado
pos,pedido_linea,2026-08-29T10:44:06Z,simulado
pos,pedido_linea,2026-08-29T11:46:36Z,simulado
pos,pedido_linea,2026-08-29T12:38:20Z,simulado
pos,pedido_linea,2026-08-29T13:40:38Z,simulado
pos,pedido_linea,2026-08-29T14:40:40Z,simulado
pos,pedido_linea,2026-08-29T15:44:47Z,simulado
pos,pedido_linea,2026-08-29T16:40:58Z,simulado
pos,pedido_linea,2026-08-29T17:40:38Z,simulado
pos,pedido_linea,2026-08-29T18:38:47Z,simulado
pos,pedido_linea,2026-08-29T19:40:36Z,simulado
pos,pedido_linea,2026-08-29T20:42:03Z,simulado
pos,pedido_linea,2026-08-29T21:37:42Z,simulado
pos,pedido_linea,2026-08-29T22:45:37Z,simulado
pos,pedido_linea,2026-08-29T23:47:28Z,simulado
pos,pedido_linea,2026-08-30T00:38:14Z,simulado
pos,pedido_linea,2026-08-30T01:50:56Z,simulado
pos,pedido_linea,2026-08-30T02:43:25Z,simulado
pos,pedido_linea,2026-08-30T03:45:54Z,simulado
pos,pedido_linea,2026-08-30T04:44:55Z,simulado
pos,pedido_linea,2026-08-30T05:53:40Z,simulado
pos,pedido_linea,2026-08-30T06:38:39Z,simulado
pos,pedido_linea,2026-08-30T07:39:26Z,simulado
pos,pedido_linea,2026-08-30T08:41:30Z,simulado
pos,pedido_linea,2026-08-30T09:45:17Z,simulado
pos,pedido_linea,2026-08-30T10:39:39Z,simulado
pos,pedido_linea,2026-08-30T11:49:53Z,simulado
pos,pedido_linea,2026-08-30T12:41:10Z,simulado
pos,pedido_linea,2026-08-30T13:52:11Z,simulado
pos,pedido_linea,2026-08-30T14:42:31Z,simulado
pos,pedido_linea,2026-08-30T15:39:26Z,simulado
pos,pedido_linea,2026-08-30T16:45:18Z,simulado
pos,pedido_linea,2026-08-30T17:38:47Z,simulado
pos,pedido_linea,2026-08-30T18:41:59Z,simulado
pos,pedido_linea,2026-08-30T19:43:08Z,simulado
pos,pedido_linea,2026-08-30T20:42:36Z,simulado
pos,pedido_linea,2026-08-30T21:40:49Z,simulado
pos,pedido_linea,2026-08-30T22:40:20Z,simulado
pos,pedido_linea,2026-08-30T23:41:02Z,simulado
pos,pedido_linea,2026-08-31T00:41:04Z,simulado
pos,pedido_linea,2026-08-31T01:40:07Z,simulado
pos,pedido_linea,2026-08-31T02:38:19Z,simulado
pos,pedido_linea,2026-08-31T03:44:24Z,simulado
pos,pedido_linea,2026-08-31T04:43:26Z,simulado
pos,pedido_linea,2026-08-31T05:38:00Z,simulado
pos,pedido_linea,2026-08-31T06:44:24Z,simulado
pos,pedido_linea,2026-08-31T07:38:53Z,simulado
pos,pedido_linea,2026-08-31T08:47:27Z,simulado
pos,pedido_linea,2026-08-31T09:43:47Z,simulado
pos,pedido_linea,2026-08-31T10:38:52Z,simulado
pos,pedido_linea,2026-08-31T11:43:27Z,simulado
pos,pedido_linea,2026-08-31T12:45:25Z,simulado
pos,pedido_linea,2026-08-31T13:44:41Z,simulado
pos,pedido_linea,2026-08-31T14:38:27Z,simulado
pos,pedido_linea,2026-08-31T15:38:04Z,simulado
pos,pedido_linea,2026-08-31T16:44:42Z,simulado
pos,pedido_linea,2026-08-31T17:38:21Z,simulado
pos,pedido_linea,2026-08-31T18:49:07Z,simulado
pos,pedido_linea,2026-08-31T19:41:41Z,simulado
pos,pedido_linea,2026-08-31T20:44:45Z,simulado
pos,pedido_linea,2026-08-31T21:39:57Z,simulado
pos,pedido_linea,2026-08-31T22:41:48Z,simulado
pos,pedido_linea,2026-08-31T23:44:02Z,simulado
pos,pedido_linea,2026-09-01T00:36:47Z,simulado
pos,pedido_linea,2026-09-01T01:38:02Z,simulado
pos,pedido_linea,2026-09-01T02:37:04Z,simulado
pos,pedido_linea,2026-09-01T03:43:46Z,simulado
pos,pedido_linea,2026-09-01T04:39:50Z,simulado
pos,pedido_linea,2026-09-01T05:43:09Z,simulado
pos,pedido_linea,2026-09-01T06:37:47Z,simulado
pos,pedido_linea,2026-09-01T07:39:18Z,simulado
pos,pedido_linea,2026-09-01T08:37:05Z,simulado
pos,pedido_linea,2026-09-01T09:43:12Z,simulado
pos,pedido_linea,2026-09-01T10:43:37Z,simulado
pos,pedido_linea,2026-09-01T11:42:36Z,simulado
pos,pedido_linea,2026-09-01T12:44:49Z,simulado
pos,pedido_linea,2026-09-01T13:45:07Z,simulado
pos,pedido_linea,2026-09-01T14:42:01Z,simulado
pos,pedido_linea,2026-09-01T15:40:26Z,simulado
pos,pedido_linea,2026-09-01T16:43:04Z,simulado
pos,pedido_linea,2026-09-01T17:42:23Z,simulado
pos,pedido_linea,2026-09-01T18:44:45Z,simulado
pos,pedido_linea,2026-09-01T19:39:22Z,simulado
pos,pedido_linea,2026-09-01T20:39:07Z,simulado
pos,pedido_linea,2026-09-01T21:45:29Z,simulado
pos,pedido_linea,2026-09-01T22:43:00Z,simulado
pos,pedido_linea,2026-09-01T23:38:16Z,simulado
pos,pedido_linea,2026-09-02T00:43:14Z,simulado
pos,pedido_linea,2026-09-02T01:43:04Z,simulado
pos,pedido_linea,2026-09-02T02:39:20Z,simulado
pos,pedido_linea,2026-09-02T03:38:36Z,simulado
pos,pedido_linea,2026-09-02T04:37:56Z,simulado
pos,pedido_linea,2026-09-02T05:42:29Z,simulado
pos,pedido_linea,2026-09-02T06:51:14Z,simulado
pos,pedido_linea,2026-09-02T07:41:01Z,simulado
pos,pedido_linea,2026-09-02T08:55:00Z,simulado
pos,pedido_linea,2026-09-02T09:38:34Z,simulado
pos,pedido_linea,2026-09-02T10:45:55Z,simulado
pos,pedido_linea,2026-09-02T11:44:28Z,simulado
pos,pedido_linea,2026-09-02T12:46:09Z,simulado
pos,pedido_linea,2026-09-02T13:37:35Z,simulado
pos,pedido_linea,2026-09-02T14:39:14Z,simulado
pos,pedido_linea,2026-09-02T15:54:24Z,simulado
pos,pedido_linea,2026-09-02T16:41:17Z,simulado
pos,pedido_linea,2026-09-02T17:37:46Z,simulado
pos,pedido_linea,2026-09-02T18:40:35Z,simulado
pos,pedido_linea,2026-09-02T19:47:19Z,simulado
pos,pedido_linea,2026-09-02T20:42:23Z,simulado
pos,pedido_linea,2026-09-02T21:48:50Z,simulado
pos,pedido_linea,2026-09-02T22:41:54Z,simulado
pos,pedido_linea,2026-09-02T23:37:25Z,simulado
pos,pedido_linea,2026-09-03T00:42:06Z,simulado
pos,pedido_linea,2026-09-03T01:39:16Z,simulado
pos,pedido_linea,2026-09-03T02:41:23Z,simulado
pos,pedido_linea,2026-09-03T03:51:33Z,simulado
pos,pedido_linea,2026-09-03T04:41:27Z,simulado
pos,pedido_linea,2026-09-03T05:38:15Z,simulado
pos,pedido_linea,2026-09-03T06:44:44Z,simulado
pos,pedido_linea,2026-09-03T07:40:07Z,simulado
pos,pedido_linea,2026-09-03T08:40:52Z,simulado
pos,pedido_linea,2026-09-03T09:36:48Z,simulado
pos,pedido_linea,2026-09-03T10:39:14Z,simulado
pos,pedido_linea,2026-09-03T11:38:40Z,simulado
pos,pedido_linea,2026-09-03T12:39:03Z,simulado
pos,pedido_linea,2026-09-03T13:38:25Z,simulado
pos,pedido_linea,2026-09-03T14:39:16Z,simulado
pos,pedido_linea,2026-09-03T15:39:32Z,simulado
pos,pedido_linea,2026-09-03T16:40:02Z,simulado
pos,pedido_linea,2026-09-03T17:39:35Z,simulado
pos,pedido_linea,2026-09-03T18:39:06Z,simulado
pos,pedido_linea,2026-09-03T19:39:46Z,simulado
pos,pedido_linea,2026-09-03T20:43:46Z,simulado
pos,pedido_linea,2026-09-03T21:38:34Z,simulado
pos,pedido_linea,2026-09-03T22:40:54Z,simulado
pos,pedido_linea,2026-09-03T23:37:29Z,simulado
pos,pedido_linea,2026-09-04T00:38:40Z,simulado
pos,pedido_linea,2026-09-04T01:40:10Z,simulado
pos,pedido_linea,2026-09-04T02:44:35Z,simulado
pos,pedido_linea,2026-09-04T03:39:47Z,simulado
pos,pedido_linea,2026-09-04T04:38:45Z,simulado
pos,pedido_linea,2026-09-04T05:38:03Z,simulado
pos,pedido_linea,2026-09-04T06:40:05Z,simulado
pos,pedido_linea,2026-09-04T07:46:30Z,simulado
pos,pedido_linea,2026-09-04T08:37:32Z,simulado
pos,pedido_linea,2026-09-04T09:40:42Z,simulado
pos,pedido_linea,2026-09-04T10:40:10Z,simulado
pos,pedido_linea,2026-09-04T11:38:00Z,simulado
pos,pedido_linea,2026-09-04T12:39:32Z,simulado
pos,pedido_linea,2026-09-04T13:38:02Z,simulado
pos,pedido_linea,2026-09-04T14:41:03Z,simulado
pos,pedido_linea,2026-09-04T15:42:45Z,simulado
pos,pedido_linea,2026-09-04T16:42:50Z,simulado
pos,pedido_linea,2026-09-04T17:43:31Z,simulado
pos,pedido_linea,2026-09-04T18:37:31Z,simulado
pos,pedido_linea,2026-09-04T19:52:45Z,simulado
pos,pedido_linea,2026-09-04T20:43:14Z,simulado
pos,pedido_linea,2026-09-04T21:39:48Z,simulado
pos,pedido_linea,2026-09-04T22:37:16Z,simulado
pos,pedido_linea,2026-09-04T23:48:44Z,simulado
pos,pedido_linea,2026-09-05T00:38:43Z,simulado
pos,pedido_linea,2026-09-05T01:39:17Z,simulado
pos,pedido_linea,2026-09-05T02:38:11Z,simulado
pos,pedido_linea,2026-09-05T03:38:31Z,simulado
pos,pedido_linea,2026-09-05T04:42:40Z,simulado
pos,pedido_linea,2026-09-05T05:38:36Z,simulado
pos,pedido_linea,2026-09-05T06:40:52Z,simulado
pos,pedido_linea,2026-09-05T07:38:00Z,simulado
pos,pedido_linea,2026-09-05T08:47:34Z,simulado
pos,pedido_linea,2026-09-05T09:41:33Z,simulado
pos,pedido_linea,2026-09-05T10:38:37Z,simulado
pos,pedido_linea,2026-09-05T11:41:00Z,simulado
pos,pedido_linea,2026-09-05T12:48:46Z,simulado
pos,pedido_linea,2026-09-05T13:42:11Z,simulado
pos,pedido_linea,2026-09-05T14:39:34Z,simulado
pos,pedido_linea,2026-09-05T15:45:09Z,simulado
pos,pedido_linea,2026-09-05T16:40:47Z,simulado
pos,pedido_linea,2026-09-05T17:39:43Z,simulado
pos,pedido_linea,2026-09-05T18:43:25Z,simulado
pos,pedido_linea,2026-09-05T19:45:56Z,simulado
pos,pedido_linea,2026-09-05T20:41:27Z,simulado
pos,pedido_linea,2026-09-05T21:37:29Z,simulado
pos,pedido_linea,2026-09-05T22:42:19Z,simulado
pos,pedido_linea,2026-09-05T23:48:08Z,simulado
pos,pedido_linea,2026-09-06T00:51:26Z,simulado
pos,pedido_linea,2026-09-06T01:59:09Z,simulado
pos,pedido_linea,2026-09-06T02:38:45Z,simulado
pos,pedido_linea,2026-09-06T03:44:15Z,simulado
pos,pedido_linea,2026-09-06T04:42:42Z,simulado
pos,pedido_linea,2026-09-06T05:47:19Z,simulado
pos,pedido_linea,2026-09-06T06:43:58Z,simulado
pos,pedido_linea,2026-09-06T07:37:51Z,simulado
pos,pedido_linea,2026-09-06T08:41:17Z,simulado
pos,pedido_linea,2026-09-06T09:41:41Z,simulado
pos,pedido_linea,2026-09-06T10:38:49Z,simulado
pos,pedido_linea,2026-09-06T11:37:52Z,simulado
pos,pedido_linea,2026-09-06T12:42:52Z,simulado
pos,pedido_linea,2026-09-06T13:38:44Z,simulado
pos,pedido_linea,2026-09-06T14:38:53Z,simulado
pos,pedido_linea,2026-09-06T15:40:22Z,simulado
pos,pedido_linea,2026-09-06T16:43:23Z,simulado
pos,pedido_linea,2026-09-06T17:40:07Z,simulado
pos,pedido_linea,2026-09-06T18:38:52Z,simulado
pos,pedido_linea,2026-09-06T19:38:17Z,simulado
pos,pedido_linea,2026-09-06T20:46:32Z,simulado
pos,pedido_linea,2026-09-06T21:43:32Z,simulado
pos,pedido_linea,2026-09-06T22:39:03Z,simulado
pos,pedido_linea,2026-09-06T23:51:46Z,simulado
pos,pedido_linea,2026-09-07T00:42:38Z,simulado
pos,pedido_linea,2026-09-07T01:38:48Z,simulado
pos,pedido_linea,2026-09-07T02:39:22Z,simulado
pos,pedido_linea,2026-09-07T03:39:00Z,simulado
pos,pedido_linea,2026-09-07T04:40:55Z,simulado
pos,pedido_linea,2026-09-07T05:39:56Z,simulado
pos,pedido_linea,2026-09-07T06:42:32Z,simulado
pos,pedido_linea,2026-09-07T07:38:08Z,simulado
pos,pedido_linea,2026-09-07T08:45:15Z,simulado
pos,pedido_linea,2026-09-07T09:44:36Z,simulado
pos,pedido_linea,2026-09-07T10:38:42Z,simulado
pos,pedido_linea,2026-09-07T11:50:43Z,simulado
pos,pedido_linea,2026-09-07T12:47:37Z,simulado
pos,pedido_linea,2026-09-07T13:36:15Z,simulado
pos,pedido_linea,2026-09-07T14:40:22Z,simulado
pos,pedido_linea,2026-09-07T15:44:29Z,simulado
pos,pedido_linea,2026-09-07T16:39:21Z,simulado
pos,pedido_linea,2026-09-07T17:41:16Z,simulado
pos,pedido_linea,2026-09-07T18:40:18Z,simulado
pos,pedido_linea,2026-09-07T19:42:14Z,simulado
pos,pedido_linea,2026-09-07T20:37:59Z,simulado
pos,pedido_linea,2026-09-07T21:42:39Z,simulado
pos,pedido_linea,2026-09-07T22:38:17Z,simulado
pos,pedido_linea,2026-09-08T00:39:49Z,simulado
pos,pedido_linea,2026-09-08T01:40:44Z,simulado
pos,pedido_linea,2026-09-08T02:43:49Z,simulado
pos,pedido_linea,2026-09-08T03:38:38Z,simulado
pos,pedido_linea,2026-09-08T04:43:13Z,simulado
pos,pedido_linea,2026-09-08T05:43:46Z,simulado
pos,pedido_linea,2026-09-08T06:38:39Z,simulado
pos,pedido_linea,2026-09-08T07:40:15Z,simulado
pos,pedido_linea,2026-09-08T08:43:09Z,simulado
pos,pedido_linea,2026-09-08T09:40:41Z,simulado
pos,pedido_linea,2026-09-08T10:44:46Z,simulado
pos,pedido_linea,2026-09-08T11:45:04Z,simulado
pos,pedido_linea,2026-09-08T12:42:31Z,simulado
pos,pedido_linea,2026-09-08T13:45:09Z,simulado
pos,pedido_linea,2026-09-08T14:43:39Z,simulado
pos,pedido_linea,2026-09-08T15:38:03Z,simulado
pos,pedido_linea,2026-09-08T16:40:20Z,simulado
pos,pedido_linea,2026-09-08T17:38:45Z,simulado
pos,pedido_linea,2026-09-08T18:41:46Z,simulado
pos,pedido_linea,2026-09-08T19:38:42Z,simulado
pos,pedido_linea,2026-09-08T20:42:56Z,simulado
pos,pedido_linea,2026-09-08T21:41:55Z,simulado
pos,pedido_linea,2026-09-08T22:39:46Z,simulado
pos,pedido_linea,2026-09-08T23:37:30Z,simulado
pos,pedido_linea,2026-09-09T00:39:17Z,simulado
pos,pedido_linea,2026-09-09T01:39:04Z,simulado
pos,pedido_linea,2026-09-09T02:39:50Z,simulado
pos,pedido_linea,2026-09-09T03:39:10Z,simulado
pos,pedido_linea,2026-09-09T04:38:17Z,simulado
pos,pedido_linea,2026-09-09T05:45:08Z,simulado
pos,pedido_linea,2026-09-09T06:45:49Z,simulado
pos,pedido_linea,2026-09-09T07:39:02Z,simulado
pos,pedido_linea,2026-09-09T08:38:32Z,simulado
pos,pedido_linea,2026-09-09T09:40:20Z,simulado
pos,pedido_linea,2026-09-09T10:53:19Z,simulado
pos,pedido_linea,2026-09-09T11:42:50Z,simulado
pos,pedido_linea,2026-09-09T12:41:42Z,simulado
pos,pedido_linea,2026-09-09T13:38:14Z,simulado
pos,pedido_linea,2026-09-09T14:40:31Z,simulado
pos,pedido_linea,2026-09-09T15:37:42Z,simulado
pos,pedido_linea,2026-09-09T16:40:58Z,simulado
pos,pedido_linea,2026-09-09T17:38:41Z,simulado
pos,pedido_linea,2026-09-09T18:38:21Z,simulado
pos,pedido_linea,2026-09-09T19:41:32Z,simulado
pos,pedido_linea,2026-09-09T20:44:16Z,simulado
pos,pedido_linea,2026-09-09T21:40:04Z,simulado
pos,pedido_linea,2026-09-09T22:44:41Z,simulado
pos,pedido_linea,2026-09-09T23:40:34Z,simulado
pos,pedido_linea,2026-09-10T00:36:08Z,simulado
pos,pedido_linea,2026-09-10T01:37:31Z,simulado
pos,pedido_linea,2026-09-10T02:42:02Z,simulado
pos,pedido_linea,2026-09-10T03:37:44Z,simulado
pos,pedido_linea,2026-09-10T12:43:18Z,simulado
pos,pedido_linea,2026-09-10T13:44:18Z,simulado
pos,pedido_linea,2026-09-10T14:39:08Z,simulado
pos,pedido_linea,2026-09-10T15:39:28Z,simulado
pos,pedido_linea,2026-09-10T16:43:31Z,simulado
pos,pedido_linea,2026-09-10T17:40:14Z,simulado
pos,pedido_linea,2026-09-10T18:39:25Z,simulado
pos,pedido_linea,2026-09-10T19:39:46Z,simulado
pos,pedido_linea,2026-09-10T20:43:05Z,simulado
pos,pedido_linea,2026-09-10T21:52:26Z,simulado
pos,pedido_linea,2026-09-10T22:38:02Z,simulado
pos,pedido_linea,2026-09-10T23:41:54Z,simulado
pos,pedido_linea,2026-09-11T00:39:07Z,simulado
pos,pedido_linea,2026-09-11T01:40:05Z,simulado
pos,pedido_linea,2026-09-11T02:43:16Z,simulado
pos,pedido_linea,2026-09-11T03:38:44Z,simulado
pos,pedido_linea,2026-09-11T04:37:48Z,simulado
pos,pedido_linea,2026-09-11T05:41:02Z,simulado
pos,pedido_linea,2026-09-11T06:52:50Z,simulado
pos,pedido_linea,2026-09-11T07:42:04Z,simulado
pos,pedido_linea,2026-09-11T08:45:28Z,simulado
pos,pedido_linea,2026-09-11T09:45:11Z,simulado
pos,pedido_linea,2026-09-11T10:39:22Z,simulado
pos,pedido_linea,2026-09-11T11:38:43Z,simulado
pos,pedido_linea,2026-09-11T12:54:57Z,simulado
pos,pedido_linea,2026-09-11T13:43:49Z,simulado
pos,pedido_linea,2026-09-11T14:36:33Z,simulado
pos,pedido_linea,2026-09-11T15:41:23Z,simulado
pos,pedido_linea,2026-09-11T16:38:04Z,simulado
pos,pedido_linea,2026-09-11T17:40:09Z,simulado
pos,pedido_linea,2026-09-11T18:40:36Z,simulado
pos,pedido_linea,2026-09-11T19:39:24Z,simulado
pos,pedido_linea,2026-09-11T20:38:29Z,simulado
pos,pedido_linea,2026-09-11T21:40:20Z,simulado
pos,pedido_linea,2026-09-11T22:36:54Z,simulado
pos,pedido_linea,2026-09-11T23:45:21Z,simulado
pos,pedido_linea,2026-09-12T00:38:16Z,simulado
pos,pedido_linea,2026-09-12T01:36:52Z,simulado
pos,pedido_linea,2026-09-12T02:37:07Z,simulado
pos,pedido_linea,2026-09-12T03:39:16Z,simulado
pos,pedido_linea,2026-09-12T04:37:56Z,simulado
pos,pedido_linea,2026-09-12T05:42:07Z,simulado
pos,pedido_linea,2026-09-12T06:42:51Z,simulado
pos,pedido_linea,2026-09-12T07:36:10Z,simulado
pos,pedido_linea,2026-09-12T08:39:59Z,simulado
pos,pedido_linea,2026-09-12T09:41:08Z,simulado
pos,pedido_linea,2026-09-12T10:42:03Z,simulado
pos,pedido_linea,2026-09-12T11:41:15Z,simulado
pos,pedido_linea,2026-09-12T12:44:03Z,simulado
pos,pedido_linea,2026-09-12T13:39:33Z,simulado
pos,pedido_linea,2026-09-12T14:40:21Z,simulado
pos,pedido_linea,2026-09-12T15:38:01Z,simulado
pos,pedido_linea,2026-09-12T16:43:40Z,simulado
pos,pedido_linea,2026-09-12T17:38:56Z,simulado
pos,pedido_linea,2026-09-12T18:40:03Z,simulado
pos,pedido_linea,2026-09-12T19:37:52Z,simulado
pos,pedido_linea,2026-09-12T20:40:30Z,simulado
pos,pedido_linea,2026-09-12T21:44:03Z,simulado
pos,pedido_linea,2026-09-12T22:38:18Z,simulado
pos,pedido_linea,2026-09-12T23:38:38Z,simulado
pos,pedido_linea,2026-09-13T00:41:06Z,simulado
pos,pedido_linea,2026-09-13T01:40:23Z,simulado
pos,pedido_linea,2026-09-13T03:44:54Z,simulado
pos,pedido_linea,2026-09-13T04:36:51Z,simulado
pos,pedido_linea,2026-09-13T05:40:26Z,simulado
pos,pedido_linea,2026-09-13T06:40:53Z,simulado
pos,pedido_linea,2026-09-13T07:40:18Z,simulado
pos,pedido_linea,2026-09-13T08:43:04Z,simulado
pos,pedido_linea,2026-09-13T09:51:19Z,simulado
pos,pedido_linea,2026-09-13T10:41:11Z,simulado
pos,pedido_linea,2026-09-13T11:41:19Z,simulado
pos,pedido_linea,2026-09-13T12:38:38Z,simulado
pos,pedido_linea,2026-09-13T13:39:52Z,simulado
pos,pedido_linea,2026-09-13T14:41:03Z,simulado
pos,pedido_linea,2026-09-13T15:37:17Z,simulado
pos,pedido_linea,2026-09-13T16:38:56Z,simulado
pos,pedido_linea,2026-09-13T17:42:48Z,simulado
pos,pedido_linea,2026-09-13T18:41:47Z,simulado
pos,pedido_linea,2026-09-13T19:39:06Z,simulado
pos,pedido_linea,2026-09-13T20:43:27Z,simulado
pos,pedido_linea,2026-09-13T21:39:31Z,simulado
pos,pedido_linea,2026-09-13T22:41:34Z,simulado
pos,pedido_linea,2026-09-13T23:40:59Z,simulado
pos,pedido_linea,2026-09-14T00:38:51Z,simulado
pos,pedido_linea,2026-09-14T01:38:18Z,simulado
pos,pedido_linea,2026-09-14T02:48:25Z,simulado
pos,pedido_linea,2026-09-14T03:43:44Z,simulado
pos,pedido_linea,2026-09-14T04:41:07Z,simulado
pos,pedido_linea,2026-09-14T05:39:53Z,simulado
pos,pedido_linea,2026-09-14T06:41:31Z,simulado
pos,pedido_linea,2026-09-14T07:38:23Z,simulado
pos,pedido_linea,2026-09-14T08:39:25Z,simulado
pos,pedido_linea,2026-09-14T09:44:19Z,simulado
pos,pedido_linea,2026-09-14T10:40:17Z,simulado
pos,pedido_linea,2026-09-14T11:38:44Z,simulado
pos,pedido_linea,2026-09-14T12:43:45Z,simulado
pos,pedido_linea,2026-09-14T13:42:13Z,simulado
pos,pedido_linea,2026-09-14T14:41:42Z,simulado
pos,pedido_linea,2026-09-14T15:38:56Z,simulado
pos,pedido_linea,2026-09-14T16:39:18Z,simulado
pos,pedido_linea,2026-09-14T17:41:01Z,simulado
pos,pedido_linea,2026-09-14T18:44:46Z,simulado
pos,pedido_linea,2026-09-14T19:44:52Z,simulado
pos,pedido_linea,2026-09-14T20:46:27Z,simulado
pos,pedido_linea,2026-09-14T21:42:22Z,simulado
pos,pedido_linea,2026-09-14T22:38:58Z,simulado
pos,pedido_linea,2026-09-14T23:41:23Z,simulado
pos,pedido_linea,2026-09-15T00:40:18Z,simulado
pos,pedido_linea,2026-09-15T01:43:51Z,simulado
pos,pedido_linea,2026-09-15T02:37:50Z,simulado
pos,pedido_linea,2026-09-15T03:45:46Z,simulado
pos,pedido_linea,2026-09-15T04:37:48Z,simulado
pos,pedido_linea,2026-09-15T05:38:14Z,simulado
pos,pedido_linea,2026-09-15T06:40:22Z,simulado
pos,pedido_linea,2026-09-15T07:42:01Z,simulado
pos,pedido_linea,2026-09-15T08:37:34Z,simulado
pos,pedido_linea,2026-09-15T09:40:51Z,simulado
pos,pedido_linea,2026-09-15T11:44:59Z,simulado
pos,pedido_linea,2026-09-15T12:43:44Z,simulado
pos,pedido_linea,2026-09-15T13:39:21Z,simulado
pos,pedido_linea,2026-09-15T14:38:05Z,simulado
pos,pedido_linea,2026-09-15T15:43:14Z,simulado
pos,pedido_linea,2026-09-15T16:38:48Z,simulado
pos,pedido_linea,2026-09-15T17:39:41Z,simulado
pos,pedido_linea,2026-09-15T18:39:40Z,simulado
pos,pedido_linea,2026-09-15T19:42:02Z,simulado
pos,pedido_linea,2026-09-15T20:39:18Z,simulado
pos,pedido_linea,2026-09-15T21:43:13Z,simulado
pos,pedido_linea,2026-09-15T22:40:27Z,simulado
pos,pedido_linea,2026-09-15T23:40:31Z,simulado
pos,pedido_linea,2026-09-16T00:38:55Z,simulado
pos,pedido_linea,2026-09-16T01:47:26Z,simulado
pos,pedido_linea,2026-09-16T02:39:01Z,simulado
pos,pedido_linea,2026-09-16T03:42:37Z,simulado
pos,pedido_linea,2026-09-16T04:38:52Z,simulado
pos,pedido_linea,2026-09-16T05:40:12Z,simulado
pos,pedido_linea,2026-09-16T06:48:08Z,simulado
pos,pedido_linea,2026-09-16T07:44:19Z,simulado
pos,pedido_linea,2026-09-16T08:40:39Z,simulado
pos,pedido_linea,2026-09-16T09:37:24Z,simulado
pos,pedido_linea,2026-09-16T10:39:37Z,simulado
pos,pedido_linea,2026-09-16T11:41:54Z,simulado
pos,pedido_linea,2026-09-16T12:38:50Z,simulado
pos,pedido_linea,2026-09-16T13:40:32Z,simulado
pos,pedido_linea,2026-09-16T14:44:43Z,simulado
pos,pedido_linea,2026-09-16T15:41:31Z,simulado
pos,pedido_linea,2026-09-16T16:39:04Z,simulado
pos,pedido_linea,2026-09-16T17:40:24Z,simulado
pos,pedido_linea,2026-09-16T18:38:39Z,simulado
pos,pedido_linea,2026-09-16T19:43:11Z,simulado
pos,pedido_linea,2026-09-16T20:46:48Z,simulado
pos,pedido_linea,2026-09-16T21:39:02Z,simulado
pos,pedido_linea,2026-09-16T22:39:49Z,simulado
pos,pedido_linea,2026-09-16T23:37:36Z,simulado
pos,pedido_linea,2026-09-17T00:39:52Z,simulado
pos,pedido_linea,2026-09-17T01:44:46Z,simulado
pos,pedido_linea,2026-09-17T02:41:25Z,simulado
pos,pedido_linea,2026-09-17T03:39:56Z,simulado
pos,pedido_linea,2026-09-17T04:40:54Z,simulado
pos,pedido_linea,2026-09-17T05:36:29Z,simulado
pos,pedido_linea,2026-09-17T06:36:54Z,simulado
pos,pedido_linea,2026-09-17T07:40:33Z,simulado
pos,pedido_linea,2026-09-17T08:38:49Z,simulado
pos,pedido_linea,2026-09-17T09:58:26Z,simulado
pos,pedido_linea,2026-09-17T10:43:43Z,simulado
pos,pedido_linea,2026-09-17T11:45:52Z,simulado
pos,pedido_linea,2026-09-17T12:42:04Z,simulado
pos,pedido_linea,2026-09-17T13:41:46Z,simulado
pos,pedido_linea,2026-09-17T14:40:35Z,simulado
pos,pedido_linea,2026-09-17T15:40:30Z,simulado
pos,pedido_linea,2026-09-17T16:40:47Z,simulado
pos,pedido_linea,2026-09-17T17:39:44Z,simulado
pos,pedido_linea,2026-09-17T18:36:54Z,simulado
pos,pedido_linea,2026-09-17T19:42:51Z,simulado
pos,pedido_linea,2026-09-17T20:40:46Z,simulado
pos,pedido_linea,2026-09-17T21:41:37Z,simulado
pos,pedido_linea,2026-09-17T22:39:01Z,simulado
pos,pedido_linea,2026-09-17T23:52:39Z,simulado
pos,pedido_linea,2026-09-18T00:43:17Z,simulado
pos,pedido_linea,2026-09-18T01:45:15Z,simulado
pos,pedido_linea,2026-09-18T02:38:28Z,simulado
pos,pedido_linea,2026-09-18T03:39:32Z,simulado
pos,pedido_linea,2026-09-18T04:39:50Z,simulado
pos,pedido_linea,2026-09-18T05:46:05Z,simulado
pos,pedido_linea,2026-09-18T06:44:35Z,simulado
pos,pedido_linea,2026-09-18T07:42:13Z,simulado
pos,pedido_linea,2026-09-18T08:37:02Z,simulado
pos,pedido_linea,2026-09-18T09:40:34Z,simulado
pos,pedido_linea,2026-09-18T10:41:01Z,simulado
pos,pedido_linea,2026-09-18T11:47:06Z,simulado
pos,pedido_linea,2026-09-18T12:39:10Z,simulado
pos,pedido_linea,2026-09-18T13:40:02Z,simulado
pos,pedido_linea,2026-09-18T14:51:57Z,simulado
pos,pedido_linea,2026-09-18T15:50:14Z,simulado
pos,pedido_linea,2026-09-18T16:37:59Z,simulado
pos,pedido_linea,2026-09-18T17:40:36Z,simulado
pos,pedido_linea,2026-09-18T18:40:29Z,simulado
pos,pedido_linea,2026-09-18T19:40:26Z,simulado
pos,pedido_linea,2026-09-18T20:37:12Z,simulado
pos,pedido_linea,2026-09-18T21:41:44Z,simulado
pos,pedido_linea,2026-09-18T22:38:28Z,simulado
pos,pedido_linea,2026-09-18T23:42:15Z,simulado
pos,pedido_linea,2026-09-19T00:43:36Z,simulado
pos,pedido_linea,2026-09-19T01:42:15Z,simulado
pos,pedido_linea,2026-09-19T02:38:39Z,simulado
pos,pedido_linea,2026-09-19T03:39:24Z,simulado
pos,pedido_linea,2026-09-19T04:39:21Z,simulado
pos,pedido_linea,2026-09-19T05:39:14Z,simulado
pos,pedido_linea,2026-09-19T06:38:37Z,simulado
pos,pedido_linea,2026-09-19T07:40:49Z,simulado
pos,pedido_linea,2026-09-19T08:40:01Z,simulado
pos,pedido_linea,2026-09-19T09:38:54Z,simulado
pos,pedido_linea,2026-09-19T10:43:25Z,simulado
pos,pedido_linea,2026-09-19T11:41:18Z,simulado
pos,pedido_linea,2026-09-19T12:43:30Z,simulado
pos,pedido_linea,2026-09-19T13:45:14Z,simulado
pos,pedido_linea,2026-09-19T14:37:38Z,simulado
pos,pedido_linea,2026-09-19T15:42:21Z,simulado
pos,pedido_linea,2026-09-19T16:37:16Z,simulado
pos,pedido_linea,2026-09-19T17:49:53Z,simulado
pos,pedido_linea,2026-09-19T18:39:55Z,simulado
pos,pedido_linea,2026-09-19T19:40:40Z,simulado
pos,pedido_linea,2026-09-19T20:38:29Z,simulado
pos,pedido_linea,2026-09-19T21:40:59Z,simulado
pos,pedido_linea,2026-09-19T22:39:58Z,simulado
pos,pedido_linea,2026-09-19T23:46:19Z,simulado
pos,pedido_linea,2026-09-20T00:43:22Z,simulado
pos,pedido_linea,2026-09-20T01:37:48Z,simulado
pos,pedido_linea,2026-09-20T02:41:13Z,simulado
pos,pedido_linea,2026-09-20T03:39:30Z,simulado
pos,pedido_linea,2026-09-20T04:38:40Z,simulado
pos,pedido_linea,2026-09-20T05:51:28Z,simulado
pos,pedido_linea,2026-09-20T06:42:50Z,simulado
pos,pedido_linea,2026-09-20T07:48:05Z,simulado
pos,pedido_linea,2026-09-20T08:44:41Z,simulado
pos,pedido_linea,2026-09-20T09:40:45Z,simulado
pos,pedido_linea,2026-09-20T10:48:35Z,simulado
pos,pedido_linea,2026-09-20T11:38:14Z,simulado
pos,pedido_linea,2026-09-20T12:41:11Z,simulado
pos,pedido_linea,2026-09-20T13:47:36Z,simulado
pos,pedido_linea,2026-09-20T14:38:06Z,simulado
pos,pedido_linea,2026-09-20T15:38:14Z,simulado
pos,pedido_linea,2026-09-20T16:41:20Z,simulado
pos,pedido_linea,2026-09-20T17:40:47Z,simulado
pos,pedido_linea,2026-09-20T18:42:58Z,simulado
pos,pedido_linea,2026-09-20T19:41:06Z,simulado
pos,pedido_linea,2026-09-20T20:47:31Z,simulado
pos,pedido_linea,2026-09-20T21:47:34Z,simulado
pos,pedido_linea,2026-09-20T22:39:45Z,simulado
pos,pedido_linea,2026-09-20T23:36:34Z,simulado
pos,pedido_linea,2026-09-21T00:37:59Z,simulado
pos,pedido_linea,2026-09-21T01:38:37Z,simulado
pos,pedido_linea,2026-09-21T02:38:25Z,simulado
pos,pedido_linea,2026-09-21T03:43:56Z,simulado
pos,pedido_linea,2026-09-21T04:43:34Z,simulado
pos,pedido_linea,2026-09-21T05:40:01Z,simulado
pos,pedido_linea,2026-09-21T06:40:37Z,simulado
pos,pedido_linea,2026-09-21T07:40:26Z,simulado
pos,pedido_linea,2026-09-21T08:37:00Z,simulado
pos,pedido_linea,2026-09-21T09:45:16Z,simulado
pos,pedido_linea,2026-09-21T10:38:46Z,simulado
pos,pedido_linea,2026-09-21T11:40:58Z,simulado
pos,pedido_linea,2026-09-21T12:42:41Z,simulado
pos,pedido_linea,2026-09-21T13:41:09Z,simulado
pos,pedido_linea,2026-09-21T14:46:26Z,simulado
pos,pedido_linea,2026-09-21T15:41:02Z,simulado
pos,pedido_linea,2026-09-21T16:34:53Z,dbt
producto_analytics,evento_actividad,2026-07-09T00:57:20Z,simulado
producto_analytics,evento_actividad,2026-07-09T01:55:48Z,simulado
producto_analytics,evento_actividad,2026-07-09T02:57:32Z,simulado
producto_analytics,evento_actividad,2026-07-09T03:54:37Z,simulado
producto_analytics,evento_actividad,2026-07-09T04:58:59Z,simulado
producto_analytics,evento_actividad,2026-07-09T05:57:54Z,simulado
producto_analytics,evento_actividad,2026-07-09T06:56:55Z,simulado
producto_analytics,evento_actividad,2026-07-09T07:58:00Z,simulado
producto_analytics,evento_actividad,2026-07-09T08:56:04Z,simulado
producto_analytics,evento_actividad,2026-07-09T09:55:46Z,simulado
producto_analytics,evento_actividad,2026-07-09T10:59:01Z,simulado
producto_analytics,evento_actividad,2026-07-09T12:00:56Z,simulado
producto_analytics,evento_actividad,2026-07-09T12:57:38Z,simulado
producto_analytics,evento_actividad,2026-07-09T13:57:25Z,simulado
producto_analytics,evento_actividad,2026-07-09T14:57:45Z,simulado
producto_analytics,evento_actividad,2026-07-09T15:58:27Z,simulado
producto_analytics,evento_actividad,2026-07-09T16:58:09Z,simulado
producto_analytics,evento_actividad,2026-07-09T18:00:55Z,simulado
producto_analytics,evento_actividad,2026-07-09T18:56:15Z,simulado
producto_analytics,evento_actividad,2026-07-09T19:56:45Z,simulado
producto_analytics,evento_actividad,2026-07-09T20:55:43Z,simulado
producto_analytics,evento_actividad,2026-07-09T21:59:30Z,simulado
producto_analytics,evento_actividad,2026-07-09T22:55:42Z,simulado
producto_analytics,evento_actividad,2026-07-09T23:57:09Z,simulado
producto_analytics,evento_actividad,2026-07-10T00:57:30Z,simulado
producto_analytics,evento_actividad,2026-07-10T02:01:36Z,simulado
producto_analytics,evento_actividad,2026-07-10T02:56:15Z,simulado
producto_analytics,evento_actividad,2026-07-10T04:00:26Z,simulado
producto_analytics,evento_actividad,2026-07-10T04:57:51Z,simulado
producto_analytics,evento_actividad,2026-07-10T05:59:22Z,simulado
producto_analytics,evento_actividad,2026-07-10T06:56:22Z,simulado
producto_analytics,evento_actividad,2026-07-10T08:00:10Z,simulado
producto_analytics,evento_actividad,2026-07-10T08:56:52Z,simulado
producto_analytics,evento_actividad,2026-07-10T09:59:25Z,simulado
producto_analytics,evento_actividad,2026-07-10T10:55:50Z,simulado
producto_analytics,evento_actividad,2026-07-10T11:57:40Z,simulado
producto_analytics,evento_actividad,2026-07-10T12:54:36Z,simulado
producto_analytics,evento_actividad,2026-07-10T14:02:01Z,simulado
producto_analytics,evento_actividad,2026-07-10T14:57:54Z,simulado
producto_analytics,evento_actividad,2026-07-10T15:55:41Z,simulado
producto_analytics,evento_actividad,2026-07-10T16:56:51Z,simulado
producto_analytics,evento_actividad,2026-07-10T17:55:55Z,simulado
producto_analytics,evento_actividad,2026-07-10T18:57:11Z,simulado
producto_analytics,evento_actividad,2026-07-10T19:57:01Z,simulado
producto_analytics,evento_actividad,2026-07-10T20:57:36Z,simulado
producto_analytics,evento_actividad,2026-07-10T21:55:43Z,simulado
producto_analytics,evento_actividad,2026-07-10T22:57:41Z,simulado
producto_analytics,evento_actividad,2026-07-10T23:55:26Z,simulado
producto_analytics,evento_actividad,2026-07-11T00:58:10Z,simulado
producto_analytics,evento_actividad,2026-07-11T01:58:14Z,simulado
producto_analytics,evento_actividad,2026-07-11T02:56:18Z,simulado
producto_analytics,evento_actividad,2026-07-11T03:58:25Z,simulado
producto_analytics,evento_actividad,2026-07-11T04:58:22Z,simulado
producto_analytics,evento_actividad,2026-07-11T05:58:12Z,simulado
producto_analytics,evento_actividad,2026-07-11T06:57:58Z,simulado
producto_analytics,evento_actividad,2026-07-11T07:58:30Z,simulado
producto_analytics,evento_actividad,2026-07-11T08:54:46Z,simulado
producto_analytics,evento_actividad,2026-07-11T09:55:43Z,simulado
producto_analytics,evento_actividad,2026-07-11T10:54:39Z,simulado
producto_analytics,evento_actividad,2026-07-11T11:57:15Z,simulado
producto_analytics,evento_actividad,2026-07-11T12:57:13Z,simulado
producto_analytics,evento_actividad,2026-07-11T13:59:31Z,simulado
producto_analytics,evento_actividad,2026-07-11T14:56:53Z,simulado
producto_analytics,evento_actividad,2026-07-11T15:56:38Z,simulado
producto_analytics,evento_actividad,2026-07-11T16:56:21Z,simulado
producto_analytics,evento_actividad,2026-07-11T17:56:36Z,simulado
producto_analytics,evento_actividad,2026-07-11T18:56:55Z,simulado
producto_analytics,evento_actividad,2026-07-11T19:57:04Z,simulado
producto_analytics,evento_actividad,2026-07-11T20:55:56Z,simulado
producto_analytics,evento_actividad,2026-07-11T21:57:22Z,simulado
producto_analytics,evento_actividad,2026-07-11T22:54:29Z,simulado
producto_analytics,evento_actividad,2026-07-11T23:55:51Z,simulado
producto_analytics,evento_actividad,2026-07-12T00:58:12Z,simulado
producto_analytics,evento_actividad,2026-07-12T01:56:43Z,simulado
producto_analytics,evento_actividad,2026-07-12T02:58:40Z,simulado
producto_analytics,evento_actividad,2026-07-12T03:58:04Z,simulado
producto_analytics,evento_actividad,2026-07-12T04:55:41Z,simulado
producto_analytics,evento_actividad,2026-07-12T05:55:21Z,simulado
producto_analytics,evento_actividad,2026-07-12T06:55:54Z,simulado
producto_analytics,evento_actividad,2026-07-12T07:56:01Z,simulado
producto_analytics,evento_actividad,2026-07-12T08:56:14Z,simulado
producto_analytics,evento_actividad,2026-07-12T09:58:02Z,simulado
producto_analytics,evento_actividad,2026-07-12T11:00:19Z,simulado
producto_analytics,evento_actividad,2026-07-12T11:56:21Z,simulado
producto_analytics,evento_actividad,2026-07-12T12:55:18Z,simulado
producto_analytics,evento_actividad,2026-07-12T13:55:56Z,simulado
producto_analytics,evento_actividad,2026-07-12T14:55:49Z,simulado
producto_analytics,evento_actividad,2026-07-12T15:57:39Z,simulado
producto_analytics,evento_actividad,2026-07-12T16:57:44Z,simulado
producto_analytics,evento_actividad,2026-07-12T17:57:00Z,simulado
producto_analytics,evento_actividad,2026-07-12T18:55:46Z,simulado
producto_analytics,evento_actividad,2026-07-12T19:58:16Z,simulado
producto_analytics,evento_actividad,2026-07-12T20:55:41Z,simulado
producto_analytics,evento_actividad,2026-07-12T21:56:10Z,simulado
producto_analytics,evento_actividad,2026-07-12T22:59:30Z,simulado
producto_analytics,evento_actividad,2026-07-12T23:56:39Z,simulado
producto_analytics,evento_actividad,2026-07-13T00:57:14Z,simulado
producto_analytics,evento_actividad,2026-07-13T02:00:49Z,simulado
producto_analytics,evento_actividad,2026-07-13T02:57:16Z,simulado
producto_analytics,evento_actividad,2026-07-13T03:56:12Z,simulado
producto_analytics,evento_actividad,2026-07-13T04:57:35Z,simulado
producto_analytics,evento_actividad,2026-07-13T05:58:33Z,simulado
producto_analytics,evento_actividad,2026-07-13T07:01:04Z,simulado
producto_analytics,evento_actividad,2026-07-13T08:02:01Z,simulado
producto_analytics,evento_actividad,2026-07-13T09:01:17Z,simulado
producto_analytics,evento_actividad,2026-07-13T09:54:55Z,simulado
producto_analytics,evento_actividad,2026-07-13T10:58:11Z,simulado
producto_analytics,evento_actividad,2026-07-13T11:55:29Z,simulado
producto_analytics,evento_actividad,2026-07-13T12:56:44Z,simulado
producto_analytics,evento_actividad,2026-07-13T13:56:50Z,simulado
producto_analytics,evento_actividad,2026-07-13T15:00:06Z,simulado
producto_analytics,evento_actividad,2026-07-13T15:54:57Z,simulado
producto_analytics,evento_actividad,2026-07-13T16:54:55Z,simulado
producto_analytics,evento_actividad,2026-07-13T17:57:05Z,simulado
producto_analytics,evento_actividad,2026-07-13T18:56:30Z,simulado
producto_analytics,evento_actividad,2026-07-13T19:56:20Z,simulado
producto_analytics,evento_actividad,2026-07-13T20:59:27Z,simulado
producto_analytics,evento_actividad,2026-07-13T21:54:33Z,simulado
producto_analytics,evento_actividad,2026-07-13T22:57:00Z,simulado
producto_analytics,evento_actividad,2026-07-13T23:57:51Z,simulado
producto_analytics,evento_actividad,2026-07-14T00:55:39Z,simulado
producto_analytics,evento_actividad,2026-07-14T01:57:37Z,simulado
producto_analytics,evento_actividad,2026-07-14T02:56:42Z,simulado
producto_analytics,evento_actividad,2026-07-14T03:55:49Z,simulado
producto_analytics,evento_actividad,2026-07-14T04:55:43Z,simulado
producto_analytics,evento_actividad,2026-07-14T05:54:50Z,simulado
producto_analytics,evento_actividad,2026-07-14T06:57:32Z,simulado
producto_analytics,evento_actividad,2026-07-14T08:01:18Z,simulado
producto_analytics,evento_actividad,2026-07-14T08:56:52Z,simulado
producto_analytics,evento_actividad,2026-07-14T09:57:18Z,simulado
producto_analytics,evento_actividad,2026-07-14T10:56:50Z,simulado
producto_analytics,evento_actividad,2026-07-14T11:57:27Z,simulado
producto_analytics,evento_actividad,2026-07-14T12:56:40Z,simulado
producto_analytics,evento_actividad,2026-07-14T13:59:09Z,simulado
producto_analytics,evento_actividad,2026-07-14T15:02:10Z,simulado
producto_analytics,evento_actividad,2026-07-14T15:55:43Z,simulado
producto_analytics,evento_actividad,2026-07-14T16:56:11Z,simulado
producto_analytics,evento_actividad,2026-07-14T17:55:02Z,simulado
producto_analytics,evento_actividad,2026-07-14T19:00:31Z,simulado
producto_analytics,evento_actividad,2026-07-14T19:58:49Z,simulado
producto_analytics,evento_actividad,2026-07-14T20:56:10Z,simulado
producto_analytics,evento_actividad,2026-07-14T21:59:07Z,simulado
producto_analytics,evento_actividad,2026-07-14T22:57:05Z,simulado
producto_analytics,evento_actividad,2026-07-14T23:56:34Z,simulado
producto_analytics,evento_actividad,2026-07-15T00:54:52Z,simulado
producto_analytics,evento_actividad,2026-07-15T01:56:02Z,simulado
producto_analytics,evento_actividad,2026-07-15T02:57:25Z,simulado
producto_analytics,evento_actividad,2026-07-15T03:56:00Z,simulado
producto_analytics,evento_actividad,2026-07-15T04:55:37Z,simulado
producto_analytics,evento_actividad,2026-07-15T05:58:49Z,simulado
producto_analytics,evento_actividad,2026-07-15T06:55:22Z,simulado
producto_analytics,evento_actividad,2026-07-15T07:56:23Z,simulado
producto_analytics,evento_actividad,2026-07-15T08:55:48Z,simulado
producto_analytics,evento_actividad,2026-07-15T09:57:54Z,simulado
producto_analytics,evento_actividad,2026-07-15T10:56:31Z,simulado
producto_analytics,evento_actividad,2026-07-15T11:55:21Z,simulado
producto_analytics,evento_actividad,2026-07-15T12:57:32Z,simulado
producto_analytics,evento_actividad,2026-07-15T13:56:52Z,simulado
producto_analytics,evento_actividad,2026-07-15T14:55:47Z,simulado
producto_analytics,evento_actividad,2026-07-15T16:05:27Z,simulado
producto_analytics,evento_actividad,2026-07-15T16:58:27Z,simulado
producto_analytics,evento_actividad,2026-07-15T17:56:07Z,simulado
producto_analytics,evento_actividad,2026-07-15T18:54:39Z,simulado
producto_analytics,evento_actividad,2026-07-15T19:59:46Z,simulado
producto_analytics,evento_actividad,2026-07-15T20:56:50Z,simulado
producto_analytics,evento_actividad,2026-07-15T21:56:55Z,simulado
producto_analytics,evento_actividad,2026-07-15T23:02:07Z,simulado
producto_analytics,evento_actividad,2026-07-15T23:58:39Z,simulado
producto_analytics,evento_actividad,2026-07-16T00:55:12Z,simulado
producto_analytics,evento_actividad,2026-07-16T01:56:46Z,simulado
producto_analytics,evento_actividad,2026-07-16T02:57:38Z,simulado
producto_analytics,evento_actividad,2026-07-16T04:00:01Z,simulado
producto_analytics,evento_actividad,2026-07-16T04:56:30Z,simulado
producto_analytics,evento_actividad,2026-07-16T05:54:52Z,simulado
producto_analytics,evento_actividad,2026-07-16T06:55:23Z,simulado
producto_analytics,evento_actividad,2026-07-16T07:55:13Z,simulado
producto_analytics,evento_actividad,2026-07-16T08:54:52Z,simulado
producto_analytics,evento_actividad,2026-07-16T09:57:51Z,simulado
producto_analytics,evento_actividad,2026-07-16T10:56:10Z,simulado
producto_analytics,evento_actividad,2026-07-16T11:54:30Z,simulado
producto_analytics,evento_actividad,2026-07-16T13:01:42Z,simulado
producto_analytics,evento_actividad,2026-07-16T13:57:24Z,simulado
producto_analytics,evento_actividad,2026-07-16T14:56:22Z,simulado
producto_analytics,evento_actividad,2026-07-16T15:56:01Z,simulado
producto_analytics,evento_actividad,2026-07-16T16:54:40Z,simulado
producto_analytics,evento_actividad,2026-07-16T17:56:12Z,simulado
producto_analytics,evento_actividad,2026-07-16T18:58:22Z,simulado
producto_analytics,evento_actividad,2026-07-16T19:54:34Z,simulado
producto_analytics,evento_actividad,2026-07-16T20:56:46Z,simulado
producto_analytics,evento_actividad,2026-07-16T21:57:49Z,simulado
producto_analytics,evento_actividad,2026-07-16T22:55:01Z,simulado
producto_analytics,evento_actividad,2026-07-16T23:56:46Z,simulado
producto_analytics,evento_actividad,2026-07-17T00:57:51Z,simulado
producto_analytics,evento_actividad,2026-07-17T01:57:04Z,simulado
producto_analytics,evento_actividad,2026-07-17T02:54:19Z,simulado
producto_analytics,evento_actividad,2026-07-17T03:56:22Z,simulado
producto_analytics,evento_actividad,2026-07-17T04:57:41Z,simulado
producto_analytics,evento_actividad,2026-07-17T05:57:42Z,simulado
producto_analytics,evento_actividad,2026-07-17T06:54:29Z,simulado
producto_analytics,evento_actividad,2026-07-17T07:55:38Z,simulado
producto_analytics,evento_actividad,2026-07-17T08:55:10Z,simulado
producto_analytics,evento_actividad,2026-07-17T09:57:11Z,simulado
producto_analytics,evento_actividad,2026-07-17T10:56:19Z,simulado
producto_analytics,evento_actividad,2026-07-17T11:56:36Z,simulado
producto_analytics,evento_actividad,2026-07-17T12:57:05Z,simulado
producto_analytics,evento_actividad,2026-07-17T13:56:45Z,simulado
producto_analytics,evento_actividad,2026-07-17T14:57:23Z,simulado
producto_analytics,evento_actividad,2026-07-17T15:59:19Z,simulado
producto_analytics,evento_actividad,2026-07-17T17:02:18Z,simulado
producto_analytics,evento_actividad,2026-07-17T17:56:55Z,simulado
producto_analytics,evento_actividad,2026-07-17T18:57:41Z,simulado
producto_analytics,evento_actividad,2026-07-17T19:55:37Z,simulado
producto_analytics,evento_actividad,2026-07-17T20:57:30Z,simulado
producto_analytics,evento_actividad,2026-07-17T21:55:10Z,simulado
producto_analytics,evento_actividad,2026-07-17T22:56:37Z,simulado
producto_analytics,evento_actividad,2026-07-17T23:59:44Z,simulado
producto_analytics,evento_actividad,2026-07-18T00:55:58Z,simulado
producto_analytics,evento_actividad,2026-07-18T01:57:40Z,simulado
producto_analytics,evento_actividad,2026-07-18T02:56:21Z,simulado
producto_analytics,evento_actividad,2026-07-18T03:57:12Z,simulado
producto_analytics,evento_actividad,2026-07-18T04:57:05Z,simulado
producto_analytics,evento_actividad,2026-07-18T05:59:49Z,simulado
producto_analytics,evento_actividad,2026-07-18T06:58:26Z,simulado
producto_analytics,evento_actividad,2026-07-18T08:04:55Z,simulado
producto_analytics,evento_actividad,2026-07-18T08:55:27Z,simulado
producto_analytics,evento_actividad,2026-07-18T09:56:54Z,simulado
producto_analytics,evento_actividad,2026-07-18T10:58:17Z,simulado
producto_analytics,evento_actividad,2026-07-18T11:57:44Z,simulado
producto_analytics,evento_actividad,2026-07-18T13:00:08Z,simulado
producto_analytics,evento_actividad,2026-07-18T13:55:08Z,simulado
producto_analytics,evento_actividad,2026-07-18T14:57:59Z,simulado
producto_analytics,evento_actividad,2026-07-18T15:56:09Z,simulado
producto_analytics,evento_actividad,2026-07-18T16:57:05Z,simulado
producto_analytics,evento_actividad,2026-07-18T17:57:58Z,simulado
producto_analytics,evento_actividad,2026-07-18T18:59:50Z,simulado
producto_analytics,evento_actividad,2026-07-18T19:57:04Z,simulado
producto_analytics,evento_actividad,2026-07-18T20:57:13Z,simulado
producto_analytics,evento_actividad,2026-07-18T21:56:35Z,simulado
producto_analytics,evento_actividad,2026-07-18T22:57:02Z,simulado
producto_analytics,evento_actividad,2026-07-18T23:56:20Z,simulado
producto_analytics,evento_actividad,2026-07-19T00:58:03Z,simulado
producto_analytics,evento_actividad,2026-07-19T01:56:50Z,simulado
producto_analytics,evento_actividad,2026-07-19T02:55:07Z,simulado
producto_analytics,evento_actividad,2026-07-19T03:55:15Z,simulado
producto_analytics,evento_actividad,2026-07-19T04:56:05Z,simulado
producto_analytics,evento_actividad,2026-07-19T05:57:00Z,simulado
producto_analytics,evento_actividad,2026-07-19T07:01:05Z,simulado
producto_analytics,evento_actividad,2026-07-19T07:58:44Z,simulado
producto_analytics,evento_actividad,2026-07-19T08:55:59Z,simulado
producto_analytics,evento_actividad,2026-07-19T09:55:02Z,simulado
producto_analytics,evento_actividad,2026-07-19T10:56:14Z,simulado
producto_analytics,evento_actividad,2026-07-19T11:59:37Z,simulado
producto_analytics,evento_actividad,2026-07-19T12:55:55Z,simulado
producto_analytics,evento_actividad,2026-07-19T13:56:44Z,simulado
producto_analytics,evento_actividad,2026-07-19T14:57:03Z,simulado
producto_analytics,evento_actividad,2026-07-19T15:56:27Z,simulado
producto_analytics,evento_actividad,2026-07-19T16:59:03Z,simulado
producto_analytics,evento_actividad,2026-07-19T18:01:57Z,simulado
producto_analytics,evento_actividad,2026-07-19T18:57:35Z,simulado
producto_analytics,evento_actividad,2026-07-19T19:56:16Z,simulado
producto_analytics,evento_actividad,2026-07-19T20:58:08Z,simulado
producto_analytics,evento_actividad,2026-07-19T21:59:50Z,simulado
producto_analytics,evento_actividad,2026-07-19T22:55:06Z,simulado
producto_analytics,evento_actividad,2026-07-19T23:57:09Z,simulado
producto_analytics,evento_actividad,2026-07-20T00:57:38Z,simulado
producto_analytics,evento_actividad,2026-07-20T01:54:51Z,simulado
producto_analytics,evento_actividad,2026-07-20T02:55:28Z,simulado
producto_analytics,evento_actividad,2026-07-20T03:57:29Z,simulado
producto_analytics,evento_actividad,2026-07-20T04:55:30Z,simulado
producto_analytics,evento_actividad,2026-07-20T05:59:52Z,simulado
producto_analytics,evento_actividad,2026-07-20T06:57:29Z,simulado
producto_analytics,evento_actividad,2026-07-20T08:01:12Z,simulado
producto_analytics,evento_actividad,2026-07-20T08:54:57Z,simulado
producto_analytics,evento_actividad,2026-07-20T09:57:34Z,simulado
producto_analytics,evento_actividad,2026-07-20T11:01:40Z,simulado
producto_analytics,evento_actividad,2026-07-20T11:59:56Z,simulado
producto_analytics,evento_actividad,2026-07-20T12:56:07Z,simulado
producto_analytics,evento_actividad,2026-07-20T13:56:37Z,simulado
producto_analytics,evento_actividad,2026-07-20T14:56:14Z,simulado
producto_analytics,evento_actividad,2026-07-20T15:56:15Z,simulado
producto_analytics,evento_actividad,2026-07-20T16:57:36Z,simulado
producto_analytics,evento_actividad,2026-07-20T17:55:40Z,simulado
producto_analytics,evento_actividad,2026-07-20T18:55:11Z,simulado
producto_analytics,evento_actividad,2026-07-20T19:58:12Z,simulado
producto_analytics,evento_actividad,2026-07-20T20:55:03Z,simulado
producto_analytics,evento_actividad,2026-07-20T21:57:53Z,simulado
producto_analytics,evento_actividad,2026-07-20T23:00:55Z,simulado
producto_analytics,evento_actividad,2026-07-20T23:57:19Z,simulado
producto_analytics,evento_actividad,2026-07-21T00:55:31Z,simulado
producto_analytics,evento_actividad,2026-07-21T01:56:41Z,simulado
producto_analytics,evento_actividad,2026-07-21T03:00:42Z,simulado
producto_analytics,evento_actividad,2026-07-21T03:57:10Z,simulado
producto_analytics,evento_actividad,2026-07-21T04:55:45Z,simulado
producto_analytics,evento_actividad,2026-07-21T05:54:59Z,simulado
producto_analytics,evento_actividad,2026-07-21T06:57:13Z,simulado
producto_analytics,evento_actividad,2026-07-21T07:55:14Z,simulado
producto_analytics,evento_actividad,2026-07-21T08:56:49Z,simulado
producto_analytics,evento_actividad,2026-07-21T09:59:13Z,simulado
producto_analytics,evento_actividad,2026-07-21T10:55:28Z,simulado
producto_analytics,evento_actividad,2026-07-21T11:56:38Z,simulado
producto_analytics,evento_actividad,2026-07-21T13:57:13Z,simulado
producto_analytics,evento_actividad,2026-07-21T14:56:59Z,simulado
producto_analytics,evento_actividad,2026-07-21T15:56:04Z,simulado
producto_analytics,evento_actividad,2026-07-21T16:54:14Z,simulado
producto_analytics,evento_actividad,2026-07-21T17:55:51Z,simulado
producto_analytics,evento_actividad,2026-07-21T18:55:28Z,simulado
producto_analytics,evento_actividad,2026-07-21T19:57:17Z,simulado
producto_analytics,evento_actividad,2026-07-21T20:59:21Z,simulado
producto_analytics,evento_actividad,2026-07-21T21:57:23Z,simulado
producto_analytics,evento_actividad,2026-07-21T22:55:58Z,simulado
producto_analytics,evento_actividad,2026-07-21T23:57:42Z,simulado
producto_analytics,evento_actividad,2026-07-22T00:57:50Z,simulado
producto_analytics,evento_actividad,2026-07-22T01:57:20Z,simulado
producto_analytics,evento_actividad,2026-07-22T02:56:25Z,simulado
producto_analytics,evento_actividad,2026-07-22T03:59:55Z,simulado
producto_analytics,evento_actividad,2026-07-22T04:56:54Z,simulado
producto_analytics,evento_actividad,2026-07-22T05:57:40Z,simulado
producto_analytics,evento_actividad,2026-07-22T07:01:15Z,simulado
producto_analytics,evento_actividad,2026-07-22T07:58:24Z,simulado
producto_analytics,evento_actividad,2026-07-22T08:56:19Z,simulado
producto_analytics,evento_actividad,2026-07-22T09:56:51Z,simulado
producto_analytics,evento_actividad,2026-07-22T10:55:06Z,simulado
producto_analytics,evento_actividad,2026-07-22T11:54:33Z,simulado
producto_analytics,evento_actividad,2026-07-22T12:54:00Z,simulado
producto_analytics,evento_actividad,2026-07-22T14:01:42Z,simulado
producto_analytics,evento_actividad,2026-07-22T14:57:54Z,simulado
producto_analytics,evento_actividad,2026-07-22T16:01:09Z,simulado
producto_analytics,evento_actividad,2026-07-22T16:58:13Z,simulado
producto_analytics,evento_actividad,2026-07-22T17:56:59Z,simulado
producto_analytics,evento_actividad,2026-07-22T18:54:29Z,simulado
producto_analytics,evento_actividad,2026-07-22T19:55:28Z,simulado
producto_analytics,evento_actividad,2026-07-22T20:56:48Z,simulado
producto_analytics,evento_actividad,2026-07-22T21:55:50Z,simulado
producto_analytics,evento_actividad,2026-07-22T22:55:41Z,simulado
producto_analytics,evento_actividad,2026-07-22T23:58:05Z,simulado
producto_analytics,evento_actividad,2026-07-23T01:01:05Z,simulado
producto_analytics,evento_actividad,2026-07-23T01:55:04Z,simulado
producto_analytics,evento_actividad,2026-07-23T02:54:26Z,simulado
producto_analytics,evento_actividad,2026-07-23T03:56:34Z,simulado
producto_analytics,evento_actividad,2026-07-23T04:56:06Z,simulado
producto_analytics,evento_actividad,2026-07-23T05:57:36Z,simulado
producto_analytics,evento_actividad,2026-07-23T07:01:07Z,simulado
producto_analytics,evento_actividad,2026-07-23T07:59:30Z,simulado
producto_analytics,evento_actividad,2026-07-23T08:55:49Z,simulado
producto_analytics,evento_actividad,2026-07-23T09:54:29Z,simulado
producto_analytics,evento_actividad,2026-07-23T10:56:02Z,simulado
producto_analytics,evento_actividad,2026-07-23T11:55:14Z,simulado
producto_analytics,evento_actividad,2026-07-23T12:57:35Z,simulado
producto_analytics,evento_actividad,2026-07-23T13:57:27Z,simulado
producto_analytics,evento_actividad,2026-07-23T14:57:45Z,simulado
producto_analytics,evento_actividad,2026-07-23T16:00:11Z,simulado
producto_analytics,evento_actividad,2026-07-23T17:56:23Z,simulado
producto_analytics,evento_actividad,2026-07-23T18:58:41Z,simulado
producto_analytics,evento_actividad,2026-07-23T19:55:45Z,simulado
producto_analytics,evento_actividad,2026-07-23T20:55:39Z,simulado
producto_analytics,evento_actividad,2026-07-23T21:59:39Z,simulado
producto_analytics,evento_actividad,2026-07-23T22:55:38Z,simulado
producto_analytics,evento_actividad,2026-07-23T23:56:53Z,simulado
producto_analytics,evento_actividad,2026-07-24T00:55:53Z,simulado
producto_analytics,evento_actividad,2026-07-24T01:58:14Z,simulado
producto_analytics,evento_actividad,2026-07-24T02:58:33Z,simulado
producto_analytics,evento_actividad,2026-07-24T03:55:08Z,simulado
producto_analytics,evento_actividad,2026-07-24T04:55:26Z,simulado
producto_analytics,evento_actividad,2026-07-24T05:57:49Z,simulado
producto_analytics,evento_actividad,2026-07-24T06:59:00Z,simulado
producto_analytics,evento_actividad,2026-07-24T07:55:42Z,simulado
producto_analytics,evento_actividad,2026-07-24T08:57:31Z,simulado
producto_analytics,evento_actividad,2026-07-24T09:57:59Z,simulado
producto_analytics,evento_actividad,2026-07-24T10:55:49Z,simulado
producto_analytics,evento_actividad,2026-07-24T11:56:04Z,simulado
producto_analytics,evento_actividad,2026-07-24T12:57:45Z,simulado
producto_analytics,evento_actividad,2026-07-24T13:55:48Z,simulado
producto_analytics,evento_actividad,2026-07-24T14:55:26Z,simulado
producto_analytics,evento_actividad,2026-07-24T16:03:07Z,simulado
producto_analytics,evento_actividad,2026-07-24T16:58:29Z,simulado
producto_analytics,evento_actividad,2026-07-24T17:56:08Z,simulado
producto_analytics,evento_actividad,2026-07-24T18:55:52Z,simulado
producto_analytics,evento_actividad,2026-07-24T19:55:32Z,simulado
producto_analytics,evento_actividad,2026-07-24T20:58:56Z,simulado
producto_analytics,evento_actividad,2026-07-24T21:55:40Z,simulado
producto_analytics,evento_actividad,2026-07-24T22:56:47Z,simulado
producto_analytics,evento_actividad,2026-07-24T23:56:06Z,simulado
producto_analytics,evento_actividad,2026-07-25T00:58:32Z,simulado
producto_analytics,evento_actividad,2026-07-25T01:57:09Z,simulado
producto_analytics,evento_actividad,2026-07-25T02:54:52Z,simulado
producto_analytics,evento_actividad,2026-07-25T03:55:26Z,simulado
producto_analytics,evento_actividad,2026-07-25T04:59:12Z,simulado
producto_analytics,evento_actividad,2026-07-25T05:55:15Z,simulado
producto_analytics,evento_actividad,2026-07-25T06:56:54Z,simulado
producto_analytics,evento_actividad,2026-07-25T07:56:08Z,simulado
producto_analytics,evento_actividad,2026-07-25T08:55:58Z,simulado
producto_analytics,evento_actividad,2026-07-25T09:55:54Z,simulado
producto_analytics,evento_actividad,2026-07-25T10:58:46Z,simulado
producto_analytics,evento_actividad,2026-07-25T11:55:40Z,simulado
producto_analytics,evento_actividad,2026-07-25T12:56:21Z,simulado
producto_analytics,evento_actividad,2026-07-25T13:55:56Z,simulado
producto_analytics,evento_actividad,2026-07-25T14:56:49Z,simulado
producto_analytics,evento_actividad,2026-07-25T15:55:59Z,simulado
producto_analytics,evento_actividad,2026-07-25T16:57:47Z,simulado
producto_analytics,evento_actividad,2026-07-25T17:55:02Z,simulado
producto_analytics,evento_actividad,2026-07-25T18:55:15Z,simulado
producto_analytics,evento_actividad,2026-07-25T19:55:54Z,simulado
producto_analytics,evento_actividad,2026-07-25T20:55:21Z,simulado
producto_analytics,evento_actividad,2026-07-25T21:56:52Z,simulado
producto_analytics,evento_actividad,2026-07-25T22:54:01Z,simulado
producto_analytics,evento_actividad,2026-07-25T23:57:15Z,simulado
producto_analytics,evento_actividad,2026-07-26T00:56:19Z,simulado
producto_analytics,evento_actividad,2026-07-26T02:00:07Z,simulado
producto_analytics,evento_actividad,2026-07-26T02:55:28Z,simulado
producto_analytics,evento_actividad,2026-07-26T03:59:51Z,simulado
producto_analytics,evento_actividad,2026-07-26T04:55:37Z,simulado
producto_analytics,evento_actividad,2026-07-26T06:00:16Z,simulado
producto_analytics,evento_actividad,2026-07-26T06:57:11Z,simulado
producto_analytics,evento_actividad,2026-07-26T07:56:21Z,simulado
producto_analytics,evento_actividad,2026-07-26T08:58:50Z,simulado
producto_analytics,evento_actividad,2026-07-26T09:56:48Z,simulado
producto_analytics,evento_actividad,2026-07-26T10:57:46Z,simulado
producto_analytics,evento_actividad,2026-07-26T12:02:41Z,simulado
producto_analytics,evento_actividad,2026-07-26T12:55:28Z,simulado
producto_analytics,evento_actividad,2026-07-26T13:58:55Z,simulado
producto_analytics,evento_actividad,2026-07-26T14:56:17Z,simulado
producto_analytics,evento_actividad,2026-07-26T15:56:11Z,simulado
producto_analytics,evento_actividad,2026-07-26T16:55:00Z,simulado
producto_analytics,evento_actividad,2026-07-26T17:57:46Z,simulado
producto_analytics,evento_actividad,2026-07-26T18:56:34Z,simulado
producto_analytics,evento_actividad,2026-07-26T19:56:32Z,simulado
producto_analytics,evento_actividad,2026-07-26T20:57:31Z,simulado
producto_analytics,evento_actividad,2026-07-26T21:59:07Z,simulado
producto_analytics,evento_actividad,2026-07-26T23:08:39Z,simulado
producto_analytics,evento_actividad,2026-07-26T23:57:21Z,simulado
producto_analytics,evento_actividad,2026-07-27T00:56:11Z,simulado
producto_analytics,evento_actividad,2026-07-27T01:57:02Z,simulado
producto_analytics,evento_actividad,2026-07-27T02:58:21Z,simulado
producto_analytics,evento_actividad,2026-07-27T03:58:16Z,simulado
producto_analytics,evento_actividad,2026-07-27T04:57:20Z,simulado
producto_analytics,evento_actividad,2026-07-27T05:55:43Z,simulado
producto_analytics,evento_actividad,2026-07-27T06:55:49Z,simulado
producto_analytics,evento_actividad,2026-07-27T07:57:37Z,simulado
producto_analytics,evento_actividad,2026-07-27T09:00:26Z,simulado
producto_analytics,evento_actividad,2026-07-27T09:56:52Z,simulado
producto_analytics,evento_actividad,2026-07-27T10:55:54Z,simulado
producto_analytics,evento_actividad,2026-07-27T11:58:25Z,simulado
producto_analytics,evento_actividad,2026-07-27T12:58:14Z,simulado
producto_analytics,evento_actividad,2026-07-27T13:58:28Z,simulado
producto_analytics,evento_actividad,2026-07-27T14:57:21Z,simulado
producto_analytics,evento_actividad,2026-07-27T15:57:09Z,simulado
producto_analytics,evento_actividad,2026-07-27T16:59:00Z,simulado
producto_analytics,evento_actividad,2026-07-27T18:02:23Z,simulado
producto_analytics,evento_actividad,2026-07-27T18:56:08Z,simulado
producto_analytics,evento_actividad,2026-07-27T19:56:08Z,simulado
producto_analytics,evento_actividad,2026-07-27T20:55:32Z,simulado
producto_analytics,evento_actividad,2026-07-27T21:55:21Z,simulado
producto_analytics,evento_actividad,2026-07-27T23:05:06Z,simulado
producto_analytics,evento_actividad,2026-07-27T23:59:12Z,simulado
producto_analytics,evento_actividad,2026-07-28T00:58:25Z,simulado
producto_analytics,evento_actividad,2026-07-28T01:58:45Z,simulado
producto_analytics,evento_actividad,2026-07-28T02:56:51Z,simulado
producto_analytics,evento_actividad,2026-07-28T03:58:50Z,simulado
producto_analytics,evento_actividad,2026-07-28T04:57:56Z,simulado
producto_analytics,evento_actividad,2026-07-28T05:57:06Z,simulado
producto_analytics,evento_actividad,2026-07-28T06:58:18Z,simulado
producto_analytics,evento_actividad,2026-07-28T07:54:50Z,simulado
producto_analytics,evento_actividad,2026-07-28T08:59:54Z,simulado
producto_analytics,evento_actividad,2026-07-28T09:58:34Z,simulado
producto_analytics,evento_actividad,2026-07-28T10:57:50Z,simulado
producto_analytics,evento_actividad,2026-07-28T11:57:29Z,simulado
producto_analytics,evento_actividad,2026-07-28T12:55:32Z,simulado
producto_analytics,evento_actividad,2026-07-28T13:54:19Z,simulado
producto_analytics,evento_actividad,2026-07-28T14:54:44Z,simulado
producto_analytics,evento_actividad,2026-07-28T15:58:30Z,simulado
producto_analytics,evento_actividad,2026-07-28T16:57:26Z,simulado
producto_analytics,evento_actividad,2026-07-28T17:57:42Z,simulado
producto_analytics,evento_actividad,2026-07-28T18:55:22Z,simulado
producto_analytics,evento_actividad,2026-07-28T19:58:46Z,simulado
producto_analytics,evento_actividad,2026-07-28T20:58:02Z,simulado
producto_analytics,evento_actividad,2026-07-28T21:57:23Z,simulado
producto_analytics,evento_actividad,2026-07-28T22:57:44Z,simulado
producto_analytics,evento_actividad,2026-07-28T23:55:53Z,simulado
producto_analytics,evento_actividad,2026-07-29T00:58:53Z,simulado
producto_analytics,evento_actividad,2026-07-29T01:56:17Z,simulado
producto_analytics,evento_actividad,2026-07-29T02:56:11Z,simulado
producto_analytics,evento_actividad,2026-07-29T03:55:46Z,simulado
producto_analytics,evento_actividad,2026-07-29T04:56:21Z,simulado
producto_analytics,evento_actividad,2026-07-29T05:59:27Z,simulado
producto_analytics,evento_actividad,2026-07-29T06:57:58Z,simulado
producto_analytics,evento_actividad,2026-07-29T07:56:13Z,simulado
producto_analytics,evento_actividad,2026-07-29T08:55:38Z,simulado
producto_analytics,evento_actividad,2026-07-29T09:58:12Z,simulado
producto_analytics,evento_actividad,2026-07-29T10:55:34Z,simulado
producto_analytics,evento_actividad,2026-07-29T11:55:20Z,simulado
producto_analytics,evento_actividad,2026-07-29T12:56:29Z,simulado
producto_analytics,evento_actividad,2026-07-29T13:57:59Z,simulado
producto_analytics,evento_actividad,2026-07-29T14:55:24Z,simulado
producto_analytics,evento_actividad,2026-07-29T15:56:37Z,simulado
producto_analytics,evento_actividad,2026-07-29T16:57:50Z,simulado
producto_analytics,evento_actividad,2026-07-29T17:56:11Z,simulado
producto_analytics,evento_actividad,2026-07-29T18:59:02Z,simulado
producto_analytics,evento_actividad,2026-07-29T20:00:00Z,simulado
producto_analytics,evento_actividad,2026-07-29T20:57:57Z,simulado
producto_analytics,evento_actividad,2026-07-29T21:59:17Z,simulado
producto_analytics,evento_actividad,2026-07-29T22:58:58Z,simulado
producto_analytics,evento_actividad,2026-07-30T00:02:41Z,simulado
producto_analytics,evento_actividad,2026-07-30T00:57:11Z,simulado
producto_analytics,evento_actividad,2026-07-30T01:58:10Z,simulado
producto_analytics,evento_actividad,2026-07-30T02:56:47Z,simulado
producto_analytics,evento_actividad,2026-07-30T03:55:33Z,simulado
producto_analytics,evento_actividad,2026-07-30T04:57:03Z,simulado
producto_analytics,evento_actividad,2026-07-30T05:58:43Z,simulado
producto_analytics,evento_actividad,2026-07-30T06:58:51Z,simulado
producto_analytics,evento_actividad,2026-07-30T07:55:34Z,simulado
producto_analytics,evento_actividad,2026-07-30T08:56:30Z,simulado
producto_analytics,evento_actividad,2026-07-30T09:58:13Z,simulado
producto_analytics,evento_actividad,2026-07-30T10:55:29Z,simulado
producto_analytics,evento_actividad,2026-07-30T11:55:12Z,simulado
producto_analytics,evento_actividad,2026-07-30T12:56:37Z,simulado
producto_analytics,evento_actividad,2026-07-30T14:05:09Z,simulado
producto_analytics,evento_actividad,2026-07-30T14:55:46Z,simulado
producto_analytics,evento_actividad,2026-07-30T15:58:02Z,simulado
producto_analytics,evento_actividad,2026-07-30T16:55:40Z,simulado
producto_analytics,evento_actividad,2026-07-30T17:57:09Z,simulado
producto_analytics,evento_actividad,2026-07-30T18:57:36Z,simulado
producto_analytics,evento_actividad,2026-07-30T19:57:08Z,simulado
producto_analytics,evento_actividad,2026-07-30T21:00:39Z,simulado
producto_analytics,evento_actividad,2026-07-30T21:58:12Z,simulado
producto_analytics,evento_actividad,2026-07-30T23:01:04Z,simulado
producto_analytics,evento_actividad,2026-07-30T23:57:27Z,simulado
producto_analytics,evento_actividad,2026-07-31T00:58:59Z,simulado
producto_analytics,evento_actividad,2026-07-31T02:01:57Z,simulado
producto_analytics,evento_actividad,2026-07-31T02:56:47Z,simulado
producto_analytics,evento_actividad,2026-07-31T04:55:53Z,simulado
producto_analytics,evento_actividad,2026-07-31T05:55:33Z,simulado
producto_analytics,evento_actividad,2026-07-31T06:57:59Z,simulado
producto_analytics,evento_actividad,2026-07-31T07:59:53Z,simulado
producto_analytics,evento_actividad,2026-07-31T08:58:26Z,simulado
producto_analytics,evento_actividad,2026-07-31T09:56:58Z,simulado
producto_analytics,evento_actividad,2026-07-31T10:55:50Z,simulado
producto_analytics,evento_actividad,2026-07-31T11:59:29Z,simulado
producto_analytics,evento_actividad,2026-07-31T12:57:08Z,simulado
producto_analytics,evento_actividad,2026-07-31T13:56:33Z,simulado
producto_analytics,evento_actividad,2026-07-31T14:58:10Z,simulado
producto_analytics,evento_actividad,2026-07-31T15:55:22Z,simulado
producto_analytics,evento_actividad,2026-07-31T16:58:45Z,simulado
producto_analytics,evento_actividad,2026-07-31T17:56:23Z,simulado
producto_analytics,evento_actividad,2026-07-31T19:00:20Z,simulado
producto_analytics,evento_actividad,2026-07-31T20:58:47Z,simulado
producto_analytics,evento_actividad,2026-07-31T21:55:29Z,simulado
producto_analytics,evento_actividad,2026-07-31T22:57:30Z,simulado
producto_analytics,evento_actividad,2026-07-31T23:57:11Z,simulado
producto_analytics,evento_actividad,2026-08-01T00:55:04Z,simulado
producto_analytics,evento_actividad,2026-08-01T02:01:01Z,simulado
producto_analytics,evento_actividad,2026-08-01T03:05:40Z,simulado
producto_analytics,evento_actividad,2026-08-01T03:58:24Z,simulado
producto_analytics,evento_actividad,2026-08-01T04:59:26Z,simulado
producto_analytics,evento_actividad,2026-08-01T06:00:45Z,simulado
producto_analytics,evento_actividad,2026-08-01T06:58:26Z,simulado
producto_analytics,evento_actividad,2026-08-01T07:56:45Z,simulado
producto_analytics,evento_actividad,2026-08-01T08:56:15Z,simulado
producto_analytics,evento_actividad,2026-08-01T09:55:30Z,simulado
producto_analytics,evento_actividad,2026-08-01T10:56:16Z,simulado
producto_analytics,evento_actividad,2026-08-01T11:55:51Z,simulado
producto_analytics,evento_actividad,2026-08-01T12:56:29Z,simulado
producto_analytics,evento_actividad,2026-08-01T13:56:19Z,simulado
producto_analytics,evento_actividad,2026-08-01T14:57:56Z,simulado
producto_analytics,evento_actividad,2026-08-01T15:57:08Z,simulado
producto_analytics,evento_actividad,2026-08-01T16:55:09Z,simulado
producto_analytics,evento_actividad,2026-08-01T17:59:37Z,simulado
producto_analytics,evento_actividad,2026-08-01T18:59:40Z,simulado
producto_analytics,evento_actividad,2026-08-01T19:55:51Z,simulado
producto_analytics,evento_actividad,2026-08-01T20:59:03Z,simulado
producto_analytics,evento_actividad,2026-08-01T21:55:16Z,simulado
producto_analytics,evento_actividad,2026-08-01T22:59:23Z,simulado
producto_analytics,evento_actividad,2026-08-01T23:54:48Z,simulado
producto_analytics,evento_actividad,2026-08-02T00:57:27Z,simulado
producto_analytics,evento_actividad,2026-08-02T01:58:34Z,simulado
producto_analytics,evento_actividad,2026-08-02T02:58:02Z,simulado
producto_analytics,evento_actividad,2026-08-02T03:59:31Z,simulado
producto_analytics,evento_actividad,2026-08-02T04:56:51Z,simulado
producto_analytics,evento_actividad,2026-08-02T05:58:57Z,simulado
producto_analytics,evento_actividad,2026-08-02T06:56:08Z,simulado
producto_analytics,evento_actividad,2026-08-02T07:55:35Z,simulado
producto_analytics,evento_actividad,2026-08-02T09:58:39Z,simulado
producto_analytics,evento_actividad,2026-08-02T11:00:46Z,simulado
producto_analytics,evento_actividad,2026-08-02T11:57:03Z,simulado
producto_analytics,evento_actividad,2026-08-02T12:55:36Z,simulado
producto_analytics,evento_actividad,2026-08-02T13:56:57Z,simulado
producto_analytics,evento_actividad,2026-08-02T14:56:06Z,simulado
producto_analytics,evento_actividad,2026-08-02T15:55:32Z,simulado
producto_analytics,evento_actividad,2026-08-02T16:55:17Z,simulado
producto_analytics,evento_actividad,2026-08-02T17:58:56Z,simulado
producto_analytics,evento_actividad,2026-08-02T19:00:08Z,simulado
producto_analytics,evento_actividad,2026-08-02T19:57:52Z,simulado
producto_analytics,evento_actividad,2026-08-02T20:55:21Z,simulado
producto_analytics,evento_actividad,2026-08-02T21:55:17Z,simulado
producto_analytics,evento_actividad,2026-08-02T22:57:49Z,simulado
producto_analytics,evento_actividad,2026-08-02T23:55:11Z,simulado
producto_analytics,evento_actividad,2026-08-03T00:58:23Z,simulado
producto_analytics,evento_actividad,2026-08-03T02:00:41Z,simulado
producto_analytics,evento_actividad,2026-08-03T02:58:04Z,simulado
producto_analytics,evento_actividad,2026-08-03T03:58:31Z,simulado
producto_analytics,evento_actividad,2026-08-03T04:59:31Z,simulado
producto_analytics,evento_actividad,2026-08-03T05:56:42Z,simulado
producto_analytics,evento_actividad,2026-08-03T06:57:05Z,simulado
producto_analytics,evento_actividad,2026-08-03T07:56:18Z,simulado
producto_analytics,evento_actividad,2026-08-03T08:55:17Z,simulado
producto_analytics,evento_actividad,2026-08-03T09:54:39Z,simulado
producto_analytics,evento_actividad,2026-08-03T10:57:18Z,simulado
producto_analytics,evento_actividad,2026-08-03T11:57:06Z,simulado
producto_analytics,evento_actividad,2026-08-03T12:54:43Z,simulado
producto_analytics,evento_actividad,2026-08-03T13:56:31Z,simulado
producto_analytics,evento_actividad,2026-08-03T14:58:11Z,simulado
producto_analytics,evento_actividad,2026-08-03T16:00:02Z,simulado
producto_analytics,evento_actividad,2026-08-03T16:54:53Z,simulado
producto_analytics,evento_actividad,2026-08-03T17:56:17Z,simulado
producto_analytics,evento_actividad,2026-08-03T19:01:22Z,simulado
producto_analytics,evento_actividad,2026-08-03T19:58:25Z,simulado
producto_analytics,evento_actividad,2026-08-03T20:56:07Z,simulado
producto_analytics,evento_actividad,2026-08-03T21:58:06Z,simulado
producto_analytics,evento_actividad,2026-08-03T22:56:06Z,simulado
producto_analytics,evento_actividad,2026-08-03T23:58:21Z,simulado
producto_analytics,evento_actividad,2026-08-04T00:54:57Z,simulado
producto_analytics,evento_actividad,2026-08-04T01:58:13Z,simulado
producto_analytics,evento_actividad,2026-08-04T02:56:29Z,simulado
producto_analytics,evento_actividad,2026-08-04T03:59:42Z,simulado
producto_analytics,evento_actividad,2026-08-04T04:57:15Z,simulado
producto_analytics,evento_actividad,2026-08-04T05:55:15Z,simulado
producto_analytics,evento_actividad,2026-08-04T06:56:39Z,simulado
producto_analytics,evento_actividad,2026-08-04T07:55:47Z,simulado
producto_analytics,evento_actividad,2026-08-04T08:59:16Z,simulado
producto_analytics,evento_actividad,2026-08-04T09:56:17Z,simulado
producto_analytics,evento_actividad,2026-08-04T10:55:55Z,simulado
producto_analytics,evento_actividad,2026-08-04T11:55:50Z,simulado
producto_analytics,evento_actividad,2026-08-04T13:01:31Z,simulado
producto_analytics,evento_actividad,2026-08-04T13:55:44Z,simulado
producto_analytics,evento_actividad,2026-08-04T14:58:27Z,simulado
producto_analytics,evento_actividad,2026-08-04T15:56:16Z,simulado
producto_analytics,evento_actividad,2026-08-04T16:56:39Z,simulado
producto_analytics,evento_actividad,2026-08-04T17:58:08Z,simulado
producto_analytics,evento_actividad,2026-08-04T18:55:03Z,simulado
producto_analytics,evento_actividad,2026-08-04T19:56:55Z,simulado
producto_analytics,evento_actividad,2026-08-04T20:56:49Z,simulado
producto_analytics,evento_actividad,2026-08-04T21:58:14Z,simulado
producto_analytics,evento_actividad,2026-08-04T22:55:36Z,simulado
producto_analytics,evento_actividad,2026-08-04T23:59:24Z,simulado
producto_analytics,evento_actividad,2026-08-05T00:55:26Z,simulado
producto_analytics,evento_actividad,2026-08-05T01:55:26Z,simulado
producto_analytics,evento_actividad,2026-08-05T02:57:34Z,simulado
producto_analytics,evento_actividad,2026-08-05T03:56:42Z,simulado
producto_analytics,evento_actividad,2026-08-05T04:56:48Z,simulado
producto_analytics,evento_actividad,2026-08-05T05:57:17Z,simulado
producto_analytics,evento_actividad,2026-08-05T06:55:57Z,simulado
producto_analytics,evento_actividad,2026-08-05T07:56:33Z,simulado
producto_analytics,evento_actividad,2026-08-05T09:01:01Z,simulado
producto_analytics,evento_actividad,2026-08-05T09:58:44Z,simulado
producto_analytics,evento_actividad,2026-08-05T10:56:11Z,simulado
producto_analytics,evento_actividad,2026-08-05T11:57:44Z,simulado
producto_analytics,evento_actividad,2026-08-05T12:57:18Z,simulado
producto_analytics,evento_actividad,2026-08-05T13:56:25Z,simulado
producto_analytics,evento_actividad,2026-08-05T14:57:10Z,simulado
producto_analytics,evento_actividad,2026-08-05T15:55:59Z,simulado
producto_analytics,evento_actividad,2026-08-05T17:01:42Z,simulado
producto_analytics,evento_actividad,2026-08-05T17:56:56Z,simulado
producto_analytics,evento_actividad,2026-08-05T18:55:28Z,simulado
producto_analytics,evento_actividad,2026-08-05T19:58:37Z,simulado
producto_analytics,evento_actividad,2026-08-05T20:56:21Z,simulado
producto_analytics,evento_actividad,2026-08-05T21:56:28Z,simulado
producto_analytics,evento_actividad,2026-08-05T22:54:48Z,simulado
producto_analytics,evento_actividad,2026-08-05T23:59:21Z,simulado
producto_analytics,evento_actividad,2026-08-06T00:57:17Z,simulado
producto_analytics,evento_actividad,2026-08-06T01:55:24Z,simulado
producto_analytics,evento_actividad,2026-08-06T02:54:24Z,simulado
producto_analytics,evento_actividad,2026-08-06T03:56:07Z,simulado
producto_analytics,evento_actividad,2026-08-06T04:57:35Z,simulado
producto_analytics,evento_actividad,2026-08-06T05:57:29Z,simulado
producto_analytics,evento_actividad,2026-08-06T06:56:41Z,simulado
producto_analytics,evento_actividad,2026-08-06T07:56:21Z,simulado
producto_analytics,evento_actividad,2026-08-06T08:58:03Z,simulado
producto_analytics,evento_actividad,2026-08-06T09:56:27Z,simulado
producto_analytics,evento_actividad,2026-08-06T10:58:57Z,simulado
producto_analytics,evento_actividad,2026-08-06T11:56:22Z,simulado
producto_analytics,evento_actividad,2026-08-06T12:55:45Z,simulado
producto_analytics,evento_actividad,2026-08-06T13:56:16Z,simulado
producto_analytics,evento_actividad,2026-08-06T14:58:21Z,simulado
producto_analytics,evento_actividad,2026-08-06T16:00:20Z,simulado
producto_analytics,evento_actividad,2026-08-06T16:57:56Z,simulado
producto_analytics,evento_actividad,2026-08-06T17:56:29Z,simulado
producto_analytics,evento_actividad,2026-08-06T18:55:53Z,simulado
producto_analytics,evento_actividad,2026-08-06T19:55:07Z,simulado
producto_analytics,evento_actividad,2026-08-06T20:55:36Z,simulado
producto_analytics,evento_actividad,2026-08-06T21:56:25Z,simulado
producto_analytics,evento_actividad,2026-08-06T23:59:10Z,simulado
producto_analytics,evento_actividad,2026-08-07T00:57:16Z,simulado
producto_analytics,evento_actividad,2026-08-07T01:56:17Z,simulado
producto_analytics,evento_actividad,2026-08-07T02:55:52Z,simulado
producto_analytics,evento_actividad,2026-08-07T03:56:03Z,simulado
producto_analytics,evento_actividad,2026-08-07T04:57:12Z,simulado
producto_analytics,evento_actividad,2026-08-07T05:56:13Z,simulado
producto_analytics,evento_actividad,2026-08-07T06:56:03Z,simulado
producto_analytics,evento_actividad,2026-08-07T07:59:21Z,simulado
producto_analytics,evento_actividad,2026-08-07T08:54:55Z,simulado
producto_analytics,evento_actividad,2026-08-07T09:57:41Z,simulado
producto_analytics,evento_actividad,2026-08-07T10:56:19Z,simulado
producto_analytics,evento_actividad,2026-08-07T11:57:50Z,simulado
producto_analytics,evento_actividad,2026-08-07T13:57:54Z,simulado
producto_analytics,evento_actividad,2026-08-07T15:01:14Z,simulado
producto_analytics,evento_actividad,2026-08-07T15:57:57Z,simulado
producto_analytics,evento_actividad,2026-08-07T16:57:26Z,simulado
producto_analytics,evento_actividad,2026-08-07T18:00:50Z,simulado
producto_analytics,evento_actividad,2026-08-07T18:55:39Z,simulado
producto_analytics,evento_actividad,2026-08-07T19:58:46Z,simulado
producto_analytics,evento_actividad,2026-08-07T20:59:15Z,simulado
producto_analytics,evento_actividad,2026-08-07T21:55:43Z,simulado
producto_analytics,evento_actividad,2026-08-07T22:58:36Z,simulado
producto_analytics,evento_actividad,2026-08-07T23:55:44Z,simulado
producto_analytics,evento_actividad,2026-08-08T01:02:29Z,simulado
producto_analytics,evento_actividad,2026-08-08T01:56:51Z,simulado
producto_analytics,evento_actividad,2026-08-08T02:58:06Z,simulado
producto_analytics,evento_actividad,2026-08-08T03:54:45Z,simulado
producto_analytics,evento_actividad,2026-08-08T05:00:36Z,simulado
producto_analytics,evento_actividad,2026-08-08T05:55:17Z,simulado
producto_analytics,evento_actividad,2026-08-08T06:54:46Z,simulado
producto_analytics,evento_actividad,2026-08-08T07:56:54Z,simulado
producto_analytics,evento_actividad,2026-08-08T08:54:49Z,simulado
producto_analytics,evento_actividad,2026-08-08T09:57:02Z,simulado
producto_analytics,evento_actividad,2026-08-08T10:55:44Z,simulado
producto_analytics,evento_actividad,2026-08-08T11:55:04Z,simulado
producto_analytics,evento_actividad,2026-08-08T12:56:39Z,simulado
producto_analytics,evento_actividad,2026-08-08T13:57:15Z,simulado
producto_analytics,evento_actividad,2026-08-08T14:58:12Z,simulado
producto_analytics,evento_actividad,2026-08-08T15:58:44Z,simulado
producto_analytics,evento_actividad,2026-08-08T16:57:19Z,simulado
producto_analytics,evento_actividad,2026-08-08T17:56:38Z,simulado
producto_analytics,evento_actividad,2026-08-08T18:58:32Z,simulado
producto_analytics,evento_actividad,2026-08-08T19:56:44Z,simulado
producto_analytics,evento_actividad,2026-08-08T20:55:50Z,simulado
producto_analytics,evento_actividad,2026-08-08T21:55:43Z,simulado
producto_analytics,evento_actividad,2026-08-08T22:58:25Z,simulado
producto_analytics,evento_actividad,2026-08-08T23:55:46Z,simulado
producto_analytics,evento_actividad,2026-08-09T00:56:05Z,simulado
producto_analytics,evento_actividad,2026-08-09T01:55:45Z,simulado
producto_analytics,evento_actividad,2026-08-09T02:57:37Z,simulado
producto_analytics,evento_actividad,2026-08-09T03:56:59Z,simulado
producto_analytics,evento_actividad,2026-08-09T04:58:47Z,simulado
producto_analytics,evento_actividad,2026-08-09T05:56:35Z,simulado
producto_analytics,evento_actividad,2026-08-09T06:57:46Z,simulado
producto_analytics,evento_actividad,2026-08-09T07:54:55Z,simulado
producto_analytics,evento_actividad,2026-08-09T08:56:34Z,simulado
producto_analytics,evento_actividad,2026-08-09T10:01:22Z,simulado
producto_analytics,evento_actividad,2026-08-09T10:58:12Z,simulado
producto_analytics,evento_actividad,2026-08-09T11:55:54Z,simulado
producto_analytics,evento_actividad,2026-08-09T12:58:17Z,simulado
producto_analytics,evento_actividad,2026-08-09T13:56:22Z,simulado
producto_analytics,evento_actividad,2026-08-09T14:56:45Z,simulado
producto_analytics,evento_actividad,2026-08-09T15:56:05Z,simulado
producto_analytics,evento_actividad,2026-08-09T16:56:29Z,simulado
producto_analytics,evento_actividad,2026-08-09T17:54:32Z,simulado
producto_analytics,evento_actividad,2026-08-09T18:57:28Z,simulado
producto_analytics,evento_actividad,2026-08-09T19:58:37Z,simulado
producto_analytics,evento_actividad,2026-08-09T21:01:06Z,simulado
producto_analytics,evento_actividad,2026-08-09T21:55:34Z,simulado
producto_analytics,evento_actividad,2026-08-09T22:55:47Z,simulado
producto_analytics,evento_actividad,2026-08-09T23:56:16Z,simulado
producto_analytics,evento_actividad,2026-08-10T00:56:02Z,simulado
producto_analytics,evento_actividad,2026-08-10T01:55:50Z,simulado
producto_analytics,evento_actividad,2026-08-10T02:56:42Z,simulado
producto_analytics,evento_actividad,2026-08-10T04:01:51Z,simulado
producto_analytics,evento_actividad,2026-08-10T04:56:54Z,simulado
producto_analytics,evento_actividad,2026-08-10T05:57:08Z,simulado
producto_analytics,evento_actividad,2026-08-10T06:56:34Z,simulado
producto_analytics,evento_actividad,2026-08-10T07:57:29Z,simulado
producto_analytics,evento_actividad,2026-08-10T08:56:50Z,simulado
producto_analytics,evento_actividad,2026-08-10T09:55:54Z,simulado
producto_analytics,evento_actividad,2026-08-10T10:57:36Z,simulado
producto_analytics,evento_actividad,2026-08-10T11:56:45Z,simulado
producto_analytics,evento_actividad,2026-08-10T12:58:40Z,simulado
producto_analytics,evento_actividad,2026-08-10T14:01:18Z,simulado
producto_analytics,evento_actividad,2026-08-10T14:55:30Z,simulado
producto_analytics,evento_actividad,2026-08-10T15:57:05Z,simulado
producto_analytics,evento_actividad,2026-08-10T16:55:33Z,simulado
producto_analytics,evento_actividad,2026-08-10T17:56:30Z,simulado
producto_analytics,evento_actividad,2026-08-10T18:56:31Z,simulado
producto_analytics,evento_actividad,2026-08-10T19:57:19Z,simulado
producto_analytics,evento_actividad,2026-08-10T20:55:06Z,simulado
producto_analytics,evento_actividad,2026-08-10T21:55:58Z,simulado
producto_analytics,evento_actividad,2026-08-10T22:58:06Z,simulado
producto_analytics,evento_actividad,2026-08-10T23:57:25Z,simulado
producto_analytics,evento_actividad,2026-08-11T00:56:04Z,simulado
producto_analytics,evento_actividad,2026-08-11T01:55:56Z,simulado
producto_analytics,evento_actividad,2026-08-11T02:57:24Z,simulado
producto_analytics,evento_actividad,2026-08-11T03:57:24Z,simulado
producto_analytics,evento_actividad,2026-08-11T04:57:28Z,simulado
producto_analytics,evento_actividad,2026-08-11T05:56:22Z,simulado
producto_analytics,evento_actividad,2026-08-11T06:55:22Z,simulado
producto_analytics,evento_actividad,2026-08-11T07:59:38Z,simulado
producto_analytics,evento_actividad,2026-08-11T08:58:29Z,simulado
producto_analytics,evento_actividad,2026-08-11T10:00:16Z,simulado
producto_analytics,evento_actividad,2026-08-11T11:00:31Z,simulado
producto_analytics,evento_actividad,2026-08-11T11:57:35Z,simulado
producto_analytics,evento_actividad,2026-08-11T12:54:22Z,simulado
producto_analytics,evento_actividad,2026-08-11T13:56:42Z,simulado
producto_analytics,evento_actividad,2026-08-11T14:55:51Z,simulado
producto_analytics,evento_actividad,2026-08-11T15:56:10Z,simulado
producto_analytics,evento_actividad,2026-08-11T16:58:50Z,simulado
producto_analytics,evento_actividad,2026-08-11T17:55:49Z,simulado
producto_analytics,evento_actividad,2026-08-11T18:55:32Z,simulado
producto_analytics,evento_actividad,2026-08-11T19:58:53Z,simulado
producto_analytics,evento_actividad,2026-08-11T20:56:21Z,simulado
producto_analytics,evento_actividad,2026-08-11T21:57:36Z,simulado
producto_analytics,evento_actividad,2026-08-11T22:57:32Z,simulado
producto_analytics,evento_actividad,2026-08-11T23:57:10Z,simulado
producto_analytics,evento_actividad,2026-08-12T00:58:11Z,simulado
producto_analytics,evento_actividad,2026-08-12T01:58:09Z,simulado
producto_analytics,evento_actividad,2026-08-12T02:57:05Z,simulado
producto_analytics,evento_actividad,2026-08-12T03:55:32Z,simulado
producto_analytics,evento_actividad,2026-08-12T04:56:18Z,simulado
producto_analytics,evento_actividad,2026-08-12T05:59:59Z,simulado
producto_analytics,evento_actividad,2026-08-12T06:55:19Z,simulado
producto_analytics,evento_actividad,2026-08-12T07:56:18Z,simulado
producto_analytics,evento_actividad,2026-08-12T08:57:15Z,simulado
producto_analytics,evento_actividad,2026-08-12T09:55:55Z,simulado
producto_analytics,evento_actividad,2026-08-12T10:55:21Z,simulado
producto_analytics,evento_actividad,2026-08-12T11:58:29Z,simulado
producto_analytics,evento_actividad,2026-08-12T12:56:41Z,simulado
producto_analytics,evento_actividad,2026-08-12T13:54:55Z,simulado
producto_analytics,evento_actividad,2026-08-12T14:54:59Z,simulado
producto_analytics,evento_actividad,2026-08-12T15:57:53Z,simulado
producto_analytics,evento_actividad,2026-08-12T16:57:29Z,simulado
producto_analytics,evento_actividad,2026-08-12T17:57:38Z,simulado
producto_analytics,evento_actividad,2026-08-12T19:04:13Z,simulado
producto_analytics,evento_actividad,2026-08-12T19:56:53Z,simulado
producto_analytics,evento_actividad,2026-08-12T20:55:57Z,simulado
producto_analytics,evento_actividad,2026-08-12T21:55:48Z,simulado
producto_analytics,evento_actividad,2026-08-12T22:57:55Z,simulado
producto_analytics,evento_actividad,2026-08-12T23:55:22Z,simulado
producto_analytics,evento_actividad,2026-08-13T00:58:19Z,simulado
producto_analytics,evento_actividad,2026-08-13T01:57:55Z,simulado
producto_analytics,evento_actividad,2026-08-13T02:55:23Z,simulado
producto_analytics,evento_actividad,2026-08-13T03:56:49Z,simulado
producto_analytics,evento_actividad,2026-08-13T04:57:26Z,simulado
producto_analytics,evento_actividad,2026-08-13T06:00:12Z,simulado
producto_analytics,evento_actividad,2026-08-13T06:54:58Z,simulado
producto_analytics,evento_actividad,2026-08-13T07:55:58Z,simulado
producto_analytics,evento_actividad,2026-08-13T08:57:02Z,simulado
producto_analytics,evento_actividad,2026-08-13T09:58:47Z,simulado
producto_analytics,evento_actividad,2026-08-13T10:56:37Z,simulado
producto_analytics,evento_actividad,2026-08-13T11:55:33Z,simulado
producto_analytics,evento_actividad,2026-08-13T12:57:36Z,simulado
producto_analytics,evento_actividad,2026-08-13T13:54:58Z,simulado
producto_analytics,evento_actividad,2026-08-13T14:56:18Z,simulado
producto_analytics,evento_actividad,2026-08-13T15:58:48Z,simulado
producto_analytics,evento_actividad,2026-08-13T16:59:11Z,simulado
producto_analytics,evento_actividad,2026-08-13T17:58:04Z,simulado
producto_analytics,evento_actividad,2026-08-13T18:57:48Z,simulado
producto_analytics,evento_actividad,2026-08-13T19:55:44Z,simulado
producto_analytics,evento_actividad,2026-08-13T21:00:34Z,simulado
producto_analytics,evento_actividad,2026-08-13T21:55:34Z,simulado
producto_analytics,evento_actividad,2026-08-13T22:56:25Z,simulado
producto_analytics,evento_actividad,2026-08-13T23:56:37Z,simulado
producto_analytics,evento_actividad,2026-08-14T00:54:28Z,simulado
producto_analytics,evento_actividad,2026-08-14T01:57:26Z,simulado
producto_analytics,evento_actividad,2026-08-14T02:54:18Z,simulado
producto_analytics,evento_actividad,2026-08-14T03:57:05Z,simulado
producto_analytics,evento_actividad,2026-08-14T04:56:21Z,simulado
producto_analytics,evento_actividad,2026-08-14T05:57:58Z,simulado
producto_analytics,evento_actividad,2026-08-14T06:54:41Z,simulado
producto_analytics,evento_actividad,2026-08-14T07:56:25Z,simulado
producto_analytics,evento_actividad,2026-08-14T09:00:45Z,simulado
producto_analytics,evento_actividad,2026-08-14T09:56:23Z,simulado
producto_analytics,evento_actividad,2026-08-14T11:00:26Z,simulado
producto_analytics,evento_actividad,2026-08-14T11:55:20Z,simulado
producto_analytics,evento_actividad,2026-08-14T12:56:38Z,simulado
producto_analytics,evento_actividad,2026-08-14T13:59:20Z,simulado
producto_analytics,evento_actividad,2026-08-14T14:56:37Z,simulado
producto_analytics,evento_actividad,2026-08-14T15:57:41Z,simulado
producto_analytics,evento_actividad,2026-08-14T16:55:42Z,simulado
producto_analytics,evento_actividad,2026-08-14T17:56:17Z,simulado
producto_analytics,evento_actividad,2026-08-14T18:58:27Z,simulado
producto_analytics,evento_actividad,2026-08-14T19:55:28Z,simulado
producto_analytics,evento_actividad,2026-08-14T20:56:45Z,simulado
producto_analytics,evento_actividad,2026-08-14T21:55:01Z,simulado
producto_analytics,evento_actividad,2026-08-14T22:56:09Z,simulado
producto_analytics,evento_actividad,2026-08-14T23:56:39Z,simulado
producto_analytics,evento_actividad,2026-08-15T01:00:01Z,simulado
producto_analytics,evento_actividad,2026-08-15T01:57:18Z,simulado
producto_analytics,evento_actividad,2026-08-15T03:06:42Z,simulado
producto_analytics,evento_actividad,2026-08-15T03:57:25Z,simulado
producto_analytics,evento_actividad,2026-08-15T04:55:58Z,simulado
producto_analytics,evento_actividad,2026-08-15T05:57:40Z,simulado
producto_analytics,evento_actividad,2026-08-15T06:56:03Z,simulado
producto_analytics,evento_actividad,2026-08-15T07:57:11Z,simulado
producto_analytics,evento_actividad,2026-08-15T08:55:32Z,simulado
producto_analytics,evento_actividad,2026-08-15T09:54:35Z,simulado
producto_analytics,evento_actividad,2026-08-15T10:56:10Z,simulado
producto_analytics,evento_actividad,2026-08-15T11:55:29Z,simulado
producto_analytics,evento_actividad,2026-08-15T12:55:38Z,simulado
producto_analytics,evento_actividad,2026-08-15T13:55:24Z,simulado
producto_analytics,evento_actividad,2026-08-15T14:55:28Z,simulado
producto_analytics,evento_actividad,2026-08-15T15:57:22Z,simulado
producto_analytics,evento_actividad,2026-08-15T16:58:27Z,simulado
producto_analytics,evento_actividad,2026-08-15T18:00:33Z,simulado
producto_analytics,evento_actividad,2026-08-15T18:56:07Z,simulado
producto_analytics,evento_actividad,2026-08-15T19:57:31Z,simulado
producto_analytics,evento_actividad,2026-08-15T20:58:02Z,simulado
producto_analytics,evento_actividad,2026-08-15T21:55:08Z,simulado
producto_analytics,evento_actividad,2026-08-15T22:59:15Z,simulado
producto_analytics,evento_actividad,2026-08-15T23:57:03Z,simulado
producto_analytics,evento_actividad,2026-08-16T00:55:32Z,simulado
producto_analytics,evento_actividad,2026-08-16T01:56:22Z,simulado
producto_analytics,evento_actividad,2026-08-16T02:57:35Z,simulado
producto_analytics,evento_actividad,2026-08-16T03:56:21Z,simulado
producto_analytics,evento_actividad,2026-08-16T04:57:40Z,simulado
producto_analytics,evento_actividad,2026-08-16T05:54:38Z,simulado
producto_analytics,evento_actividad,2026-08-16T06:56:15Z,simulado
producto_analytics,evento_actividad,2026-08-16T07:57:23Z,simulado
producto_analytics,evento_actividad,2026-08-16T08:55:47Z,simulado
producto_analytics,evento_actividad,2026-08-16T09:54:51Z,simulado
producto_analytics,evento_actividad,2026-08-16T10:55:41Z,simulado
producto_analytics,evento_actividad,2026-08-16T12:00:54Z,simulado
producto_analytics,evento_actividad,2026-08-16T12:57:50Z,simulado
producto_analytics,evento_actividad,2026-08-16T13:56:37Z,simulado
producto_analytics,evento_actividad,2026-08-16T14:58:07Z,simulado
producto_analytics,evento_actividad,2026-08-16T15:57:33Z,simulado
producto_analytics,evento_actividad,2026-08-16T16:56:51Z,simulado
producto_analytics,evento_actividad,2026-08-16T17:56:00Z,simulado
producto_analytics,evento_actividad,2026-08-16T18:56:19Z,simulado
producto_analytics,evento_actividad,2026-08-16T20:01:30Z,simulado
producto_analytics,evento_actividad,2026-08-16T20:58:08Z,simulado
producto_analytics,evento_actividad,2026-08-16T21:57:20Z,simulado
producto_analytics,evento_actividad,2026-08-16T22:54:57Z,simulado
producto_analytics,evento_actividad,2026-08-16T23:55:51Z,simulado
producto_analytics,evento_actividad,2026-08-17T01:01:02Z,simulado
producto_analytics,evento_actividad,2026-08-17T01:54:42Z,simulado
producto_analytics,evento_actividad,2026-08-17T03:01:51Z,simulado
producto_analytics,evento_actividad,2026-08-17T03:56:10Z,simulado
producto_analytics,evento_actividad,2026-08-17T04:57:05Z,simulado
producto_analytics,evento_actividad,2026-08-17T05:55:52Z,simulado
producto_analytics,evento_actividad,2026-08-17T06:55:57Z,simulado
producto_analytics,evento_actividad,2026-08-17T07:56:30Z,simulado
producto_analytics,evento_actividad,2026-08-17T08:59:38Z,simulado
producto_analytics,evento_actividad,2026-08-17T09:55:54Z,simulado
producto_analytics,evento_actividad,2026-08-17T10:58:01Z,simulado
producto_analytics,evento_actividad,2026-08-17T11:55:04Z,simulado
producto_analytics,evento_actividad,2026-08-17T12:56:51Z,simulado
producto_analytics,evento_actividad,2026-08-17T13:58:44Z,simulado
producto_analytics,evento_actividad,2026-08-17T14:56:31Z,simulado
producto_analytics,evento_actividad,2026-08-17T15:55:38Z,simulado
producto_analytics,evento_actividad,2026-08-17T16:58:04Z,simulado
producto_analytics,evento_actividad,2026-08-17T17:56:14Z,simulado
producto_analytics,evento_actividad,2026-08-17T18:56:07Z,simulado
producto_analytics,evento_actividad,2026-08-17T19:55:40Z,simulado
producto_analytics,evento_actividad,2026-08-17T20:57:16Z,simulado
producto_analytics,evento_actividad,2026-08-17T21:56:47Z,simulado
producto_analytics,evento_actividad,2026-08-17T22:57:36Z,simulado
producto_analytics,evento_actividad,2026-08-17T23:59:32Z,simulado
producto_analytics,evento_actividad,2026-08-18T00:56:27Z,simulado
producto_analytics,evento_actividad,2026-08-18T01:55:54Z,simulado
producto_analytics,evento_actividad,2026-08-18T02:56:19Z,simulado
producto_analytics,evento_actividad,2026-08-18T03:55:57Z,simulado
producto_analytics,evento_actividad,2026-08-18T04:55:06Z,simulado
producto_analytics,evento_actividad,2026-08-18T05:58:21Z,simulado
producto_analytics,evento_actividad,2026-08-18T06:57:14Z,simulado
producto_analytics,evento_actividad,2026-08-18T08:56:40Z,simulado
producto_analytics,evento_actividad,2026-08-18T09:56:46Z,simulado
producto_analytics,evento_actividad,2026-08-18T10:57:54Z,simulado
producto_analytics,evento_actividad,2026-08-18T11:58:16Z,simulado
producto_analytics,evento_actividad,2026-08-18T12:59:11Z,simulado
producto_analytics,evento_actividad,2026-08-18T13:57:14Z,simulado
producto_analytics,evento_actividad,2026-08-18T14:56:31Z,simulado
producto_analytics,evento_actividad,2026-08-18T15:58:32Z,simulado
producto_analytics,evento_actividad,2026-08-18T16:55:26Z,simulado
producto_analytics,evento_actividad,2026-08-18T17:55:19Z,simulado
producto_analytics,evento_actividad,2026-08-18T18:57:49Z,simulado
producto_analytics,evento_actividad,2026-08-18T19:57:11Z,simulado
producto_analytics,evento_actividad,2026-08-18T20:56:48Z,simulado
producto_analytics,evento_actividad,2026-08-18T22:00:27Z,simulado
producto_analytics,evento_actividad,2026-08-18T22:58:16Z,simulado
producto_analytics,evento_actividad,2026-08-18T23:57:42Z,simulado
producto_analytics,evento_actividad,2026-08-19T00:56:00Z,simulado
producto_analytics,evento_actividad,2026-08-19T01:54:53Z,simulado
producto_analytics,evento_actividad,2026-08-19T02:55:41Z,simulado
producto_analytics,evento_actividad,2026-08-19T03:57:19Z,simulado
producto_analytics,evento_actividad,2026-08-19T04:56:39Z,simulado
producto_analytics,evento_actividad,2026-08-19T06:02:54Z,simulado
producto_analytics,evento_actividad,2026-08-19T06:57:58Z,simulado
producto_analytics,evento_actividad,2026-08-19T08:00:32Z,simulado
producto_analytics,evento_actividad,2026-08-19T08:56:22Z,simulado
producto_analytics,evento_actividad,2026-08-19T09:59:21Z,simulado
producto_analytics,evento_actividad,2026-08-19T10:56:07Z,simulado
producto_analytics,evento_actividad,2026-08-19T11:58:05Z,simulado
producto_analytics,evento_actividad,2026-08-19T12:58:32Z,simulado
producto_analytics,evento_actividad,2026-08-19T13:56:06Z,simulado
producto_analytics,evento_actividad,2026-08-19T14:56:44Z,simulado
producto_analytics,evento_actividad,2026-08-19T15:58:07Z,simulado
producto_analytics,evento_actividad,2026-08-19T16:57:01Z,simulado
producto_analytics,evento_actividad,2026-08-19T17:54:40Z,simulado
producto_analytics,evento_actividad,2026-08-19T18:55:46Z,simulado
producto_analytics,evento_actividad,2026-08-19T19:58:16Z,simulado
producto_analytics,evento_actividad,2026-08-19T20:56:40Z,simulado
producto_analytics,evento_actividad,2026-08-19T22:01:08Z,simulado
producto_analytics,evento_actividad,2026-08-19T22:57:51Z,simulado
producto_analytics,evento_actividad,2026-08-19T23:57:14Z,simulado
producto_analytics,evento_actividad,2026-08-20T00:58:00Z,simulado
producto_analytics,evento_actividad,2026-08-20T02:02:10Z,simulado
producto_analytics,evento_actividad,2026-08-20T02:55:07Z,simulado
producto_analytics,evento_actividad,2026-08-20T03:55:47Z,simulado
producto_analytics,evento_actividad,2026-08-20T04:56:57Z,simulado
producto_analytics,evento_actividad,2026-08-20T05:56:52Z,simulado
producto_analytics,evento_actividad,2026-08-20T06:59:27Z,simulado
producto_analytics,evento_actividad,2026-08-20T07:58:33Z,simulado
producto_analytics,evento_actividad,2026-08-20T08:56:46Z,simulado
producto_analytics,evento_actividad,2026-08-20T09:59:09Z,simulado
producto_analytics,evento_actividad,2026-08-20T10:56:08Z,simulado
producto_analytics,evento_actividad,2026-08-20T11:57:14Z,simulado
producto_analytics,evento_actividad,2026-08-20T12:59:56Z,simulado
producto_analytics,evento_actividad,2026-08-20T14:01:15Z,simulado
producto_analytics,evento_actividad,2026-08-20T14:59:09Z,simulado
producto_analytics,evento_actividad,2026-08-20T15:56:43Z,simulado
producto_analytics,evento_actividad,2026-08-20T16:59:35Z,simulado
producto_analytics,evento_actividad,2026-08-20T18:01:34Z,simulado
producto_analytics,evento_actividad,2026-08-20T18:56:27Z,simulado
producto_analytics,evento_actividad,2026-08-20T19:58:09Z,simulado
producto_analytics,evento_actividad,2026-08-20T20:55:46Z,simulado
producto_analytics,evento_actividad,2026-08-20T21:58:40Z,simulado
producto_analytics,evento_actividad,2026-08-20T22:55:40Z,simulado
producto_analytics,evento_actividad,2026-08-20T23:56:02Z,simulado
producto_analytics,evento_actividad,2026-08-21T00:55:45Z,simulado
producto_analytics,evento_actividad,2026-08-21T01:57:22Z,simulado
producto_analytics,evento_actividad,2026-08-21T02:54:46Z,simulado
producto_analytics,evento_actividad,2026-08-21T03:56:39Z,simulado
producto_analytics,evento_actividad,2026-08-21T04:58:21Z,simulado
producto_analytics,evento_actividad,2026-08-21T05:55:19Z,simulado
producto_analytics,evento_actividad,2026-08-21T06:56:59Z,simulado
producto_analytics,evento_actividad,2026-08-21T07:55:31Z,simulado
producto_analytics,evento_actividad,2026-08-21T08:55:07Z,simulado
producto_analytics,evento_actividad,2026-08-21T09:54:57Z,simulado
producto_analytics,evento_actividad,2026-08-21T10:57:16Z,simulado
producto_analytics,evento_actividad,2026-08-21T11:57:50Z,simulado
producto_analytics,evento_actividad,2026-08-21T12:55:47Z,simulado
producto_analytics,evento_actividad,2026-08-21T13:57:59Z,simulado
producto_analytics,evento_actividad,2026-08-21T14:59:43Z,simulado
producto_analytics,evento_actividad,2026-08-21T15:57:55Z,simulado
producto_analytics,evento_actividad,2026-08-21T16:55:22Z,simulado
producto_analytics,evento_actividad,2026-08-21T17:57:14Z,simulado
producto_analytics,evento_actividad,2026-08-21T18:57:30Z,simulado
producto_analytics,evento_actividad,2026-08-21T19:56:42Z,simulado
producto_analytics,evento_actividad,2026-08-21T20:58:28Z,simulado
producto_analytics,evento_actividad,2026-08-21T21:54:19Z,simulado
producto_analytics,evento_actividad,2026-08-21T23:00:40Z,simulado
producto_analytics,evento_actividad,2026-08-21T23:57:31Z,simulado
producto_analytics,evento_actividad,2026-08-22T00:56:36Z,simulado
producto_analytics,evento_actividad,2026-08-22T01:56:44Z,simulado
producto_analytics,evento_actividad,2026-08-22T02:55:24Z,simulado
producto_analytics,evento_actividad,2026-08-22T03:56:19Z,simulado
producto_analytics,evento_actividad,2026-08-22T04:55:25Z,simulado
producto_analytics,evento_actividad,2026-08-22T05:56:55Z,simulado
producto_analytics,evento_actividad,2026-08-22T06:58:33Z,simulado
producto_analytics,evento_actividad,2026-08-22T07:57:31Z,simulado
producto_analytics,evento_actividad,2026-08-22T09:04:28Z,simulado
producto_analytics,evento_actividad,2026-08-22T09:54:50Z,simulado
producto_analytics,evento_actividad,2026-08-22T10:57:02Z,simulado
producto_analytics,evento_actividad,2026-08-22T11:54:58Z,simulado
producto_analytics,evento_actividad,2026-08-22T12:57:11Z,simulado
producto_analytics,evento_actividad,2026-08-22T14:01:46Z,simulado
producto_analytics,evento_actividad,2026-08-22T14:58:24Z,simulado
producto_analytics,evento_actividad,2026-08-22T15:59:07Z,simulado
producto_analytics,evento_actividad,2026-08-22T16:55:54Z,simulado
producto_analytics,evento_actividad,2026-08-22T17:57:46Z,simulado
producto_analytics,evento_actividad,2026-08-22T18:58:42Z,simulado
producto_analytics,evento_actividad,2026-08-22T19:58:04Z,simulado
producto_analytics,evento_actividad,2026-08-22T20:57:13Z,simulado
producto_analytics,evento_actividad,2026-08-22T21:58:07Z,simulado
producto_analytics,evento_actividad,2026-08-22T22:56:22Z,simulado
producto_analytics,evento_actividad,2026-08-22T23:56:06Z,simulado
producto_analytics,evento_actividad,2026-08-23T00:56:11Z,simulado
producto_analytics,evento_actividad,2026-08-23T01:56:02Z,simulado
producto_analytics,evento_actividad,2026-08-23T02:57:43Z,simulado
producto_analytics,evento_actividad,2026-08-23T03:58:00Z,simulado
producto_analytics,evento_actividad,2026-08-23T04:57:51Z,simulado
producto_analytics,evento_actividad,2026-08-23T05:57:28Z,simulado
producto_analytics,evento_actividad,2026-08-23T06:56:04Z,simulado
producto_analytics,evento_actividad,2026-08-23T07:55:04Z,simulado
producto_analytics,evento_actividad,2026-08-23T08:58:13Z,simulado
producto_analytics,evento_actividad,2026-08-23T10:05:04Z,simulado
producto_analytics,evento_actividad,2026-08-23T10:56:51Z,simulado
producto_analytics,evento_actividad,2026-08-23T11:59:59Z,simulado
producto_analytics,evento_actividad,2026-08-23T12:58:55Z,simulado
producto_analytics,evento_actividad,2026-08-23T13:58:01Z,simulado
producto_analytics,evento_actividad,2026-08-23T14:58:43Z,simulado
producto_analytics,evento_actividad,2026-08-23T16:00:14Z,simulado
producto_analytics,evento_actividad,2026-08-23T16:57:46Z,simulado
producto_analytics,evento_actividad,2026-08-23T17:58:14Z,simulado
producto_analytics,evento_actividad,2026-08-23T18:56:55Z,simulado
producto_analytics,evento_actividad,2026-08-23T19:57:57Z,simulado
producto_analytics,evento_actividad,2026-08-23T20:57:30Z,simulado
producto_analytics,evento_actividad,2026-08-23T21:57:18Z,simulado
producto_analytics,evento_actividad,2026-08-23T22:59:36Z,simulado
producto_analytics,evento_actividad,2026-08-23T23:57:50Z,simulado
producto_analytics,evento_actividad,2026-08-24T00:57:16Z,simulado
producto_analytics,evento_actividad,2026-08-24T01:57:41Z,simulado
producto_analytics,evento_actividad,2026-08-24T02:55:46Z,simulado
producto_analytics,evento_actividad,2026-08-24T03:58:21Z,simulado
producto_analytics,evento_actividad,2026-08-24T04:56:26Z,simulado
producto_analytics,evento_actividad,2026-08-24T05:55:18Z,simulado
producto_analytics,evento_actividad,2026-08-24T06:58:42Z,simulado
producto_analytics,evento_actividad,2026-08-24T07:57:33Z,simulado
producto_analytics,evento_actividad,2026-08-24T08:57:11Z,simulado
producto_analytics,evento_actividad,2026-08-24T09:57:51Z,simulado
producto_analytics,evento_actividad,2026-08-24T10:56:28Z,simulado
producto_analytics,evento_actividad,2026-08-24T11:58:15Z,simulado
producto_analytics,evento_actividad,2026-08-24T12:56:52Z,simulado
producto_analytics,evento_actividad,2026-08-24T13:59:37Z,simulado
producto_analytics,evento_actividad,2026-08-24T14:55:33Z,simulado
producto_analytics,evento_actividad,2026-08-24T15:57:27Z,simulado
producto_analytics,evento_actividad,2026-08-24T16:54:45Z,simulado
producto_analytics,evento_actividad,2026-08-24T18:00:58Z,simulado
producto_analytics,evento_actividad,2026-08-24T18:55:40Z,simulado
producto_analytics,evento_actividad,2026-08-24T19:55:18Z,simulado
producto_analytics,evento_actividad,2026-08-24T20:56:12Z,simulado
producto_analytics,evento_actividad,2026-08-24T21:55:52Z,simulado
producto_analytics,evento_actividad,2026-08-24T22:57:40Z,simulado
producto_analytics,evento_actividad,2026-08-24T23:58:10Z,simulado
producto_analytics,evento_actividad,2026-08-25T00:56:32Z,simulado
producto_analytics,evento_actividad,2026-08-25T02:01:09Z,simulado
producto_analytics,evento_actividad,2026-08-25T02:59:07Z,simulado
producto_analytics,evento_actividad,2026-08-25T03:54:53Z,simulado
producto_analytics,evento_actividad,2026-08-25T04:56:58Z,simulado
producto_analytics,evento_actividad,2026-08-25T05:55:18Z,simulado
producto_analytics,evento_actividad,2026-08-25T06:55:13Z,simulado
producto_analytics,evento_actividad,2026-08-25T07:56:31Z,simulado
producto_analytics,evento_actividad,2026-08-25T08:56:36Z,simulado
producto_analytics,evento_actividad,2026-08-25T09:57:45Z,simulado
producto_analytics,evento_actividad,2026-08-25T10:56:26Z,simulado
producto_analytics,evento_actividad,2026-08-25T11:55:13Z,simulado
producto_analytics,evento_actividad,2026-08-25T13:01:06Z,simulado
producto_analytics,evento_actividad,2026-08-25T13:54:40Z,simulado
producto_analytics,evento_actividad,2026-08-25T15:00:06Z,simulado
producto_analytics,evento_actividad,2026-08-25T15:59:30Z,simulado
producto_analytics,evento_actividad,2026-08-25T16:57:24Z,simulado
producto_analytics,evento_actividad,2026-08-25T18:00:16Z,simulado
producto_analytics,evento_actividad,2026-08-25T18:56:07Z,simulado
producto_analytics,evento_actividad,2026-08-25T19:55:35Z,simulado
producto_analytics,evento_actividad,2026-08-25T20:56:25Z,simulado
producto_analytics,evento_actividad,2026-08-25T21:57:36Z,simulado
producto_analytics,evento_actividad,2026-08-25T22:56:36Z,simulado
producto_analytics,evento_actividad,2026-08-25T23:55:40Z,simulado
producto_analytics,evento_actividad,2026-08-26T00:55:56Z,simulado
producto_analytics,evento_actividad,2026-08-26T01:56:27Z,simulado
producto_analytics,evento_actividad,2026-08-26T03:03:15Z,simulado
producto_analytics,evento_actividad,2026-08-26T03:57:17Z,simulado
producto_analytics,evento_actividad,2026-08-26T04:59:11Z,simulado
producto_analytics,evento_actividad,2026-08-26T05:54:53Z,simulado
producto_analytics,evento_actividad,2026-08-26T06:55:45Z,simulado
producto_analytics,evento_actividad,2026-08-26T07:54:55Z,simulado
producto_analytics,evento_actividad,2026-08-26T08:57:39Z,simulado
producto_analytics,evento_actividad,2026-08-26T09:57:29Z,simulado
producto_analytics,evento_actividad,2026-08-26T10:56:53Z,simulado
producto_analytics,evento_actividad,2026-08-26T11:57:11Z,simulado
producto_analytics,evento_actividad,2026-08-26T12:57:07Z,simulado
producto_analytics,evento_actividad,2026-08-26T13:55:46Z,simulado
producto_analytics,evento_actividad,2026-08-26T14:57:16Z,simulado
producto_analytics,evento_actividad,2026-08-26T15:59:03Z,simulado
producto_analytics,evento_actividad,2026-08-26T16:56:08Z,simulado
producto_analytics,evento_actividad,2026-08-26T17:58:53Z,simulado
producto_analytics,evento_actividad,2026-08-26T18:57:29Z,simulado
producto_analytics,evento_actividad,2026-08-26T19:57:36Z,simulado
producto_analytics,evento_actividad,2026-08-26T20:55:13Z,simulado
producto_analytics,evento_actividad,2026-08-26T21:55:54Z,simulado
producto_analytics,evento_actividad,2026-08-26T22:57:25Z,simulado
producto_analytics,evento_actividad,2026-08-26T23:55:58Z,simulado
producto_analytics,evento_actividad,2026-08-27T00:57:02Z,simulado
producto_analytics,evento_actividad,2026-08-27T01:55:15Z,simulado
producto_analytics,evento_actividad,2026-08-27T02:55:29Z,simulado
producto_analytics,evento_actividad,2026-08-27T03:54:55Z,simulado
producto_analytics,evento_actividad,2026-08-27T04:55:52Z,simulado
producto_analytics,evento_actividad,2026-08-27T05:55:45Z,simulado
producto_analytics,evento_actividad,2026-08-27T06:58:34Z,simulado
producto_analytics,evento_actividad,2026-08-27T07:56:42Z,simulado
producto_analytics,evento_actividad,2026-08-27T08:55:49Z,simulado
producto_analytics,evento_actividad,2026-08-27T09:59:30Z,simulado
producto_analytics,evento_actividad,2026-08-27T10:54:54Z,simulado
producto_analytics,evento_actividad,2026-08-27T11:57:13Z,simulado
producto_analytics,evento_actividad,2026-08-27T12:56:45Z,simulado
producto_analytics,evento_actividad,2026-08-27T13:56:23Z,simulado
producto_analytics,evento_actividad,2026-08-27T14:55:53Z,simulado
producto_analytics,evento_actividad,2026-08-27T15:55:47Z,simulado
producto_analytics,evento_actividad,2026-08-27T16:58:38Z,simulado
producto_analytics,evento_actividad,2026-08-27T17:59:24Z,simulado
producto_analytics,evento_actividad,2026-08-27T18:57:54Z,simulado
producto_analytics,evento_actividad,2026-08-27T19:57:18Z,simulado
producto_analytics,evento_actividad,2026-08-27T20:58:16Z,simulado
producto_analytics,evento_actividad,2026-08-27T21:59:43Z,simulado
producto_analytics,evento_actividad,2026-08-27T22:58:58Z,simulado
producto_analytics,evento_actividad,2026-08-27T23:55:49Z,simulado
producto_analytics,evento_actividad,2026-08-28T01:00:53Z,simulado
producto_analytics,evento_actividad,2026-08-28T01:55:10Z,simulado
producto_analytics,evento_actividad,2026-08-28T02:56:31Z,simulado
producto_analytics,evento_actividad,2026-08-28T03:56:26Z,simulado
producto_analytics,evento_actividad,2026-08-28T04:56:42Z,simulado
producto_analytics,evento_actividad,2026-08-28T05:54:28Z,simulado
producto_analytics,evento_actividad,2026-08-28T06:55:39Z,simulado
producto_analytics,evento_actividad,2026-08-28T07:59:26Z,simulado
producto_analytics,evento_actividad,2026-08-28T08:55:36Z,simulado
producto_analytics,evento_actividad,2026-08-28T09:55:51Z,simulado
producto_analytics,evento_actividad,2026-08-28T10:57:14Z,simulado
producto_analytics,evento_actividad,2026-08-28T11:58:40Z,simulado
producto_analytics,evento_actividad,2026-08-28T13:06:41Z,simulado
producto_analytics,evento_actividad,2026-08-28T13:57:28Z,simulado
producto_analytics,evento_actividad,2026-08-28T14:56:51Z,simulado
producto_analytics,evento_actividad,2026-08-28T15:59:31Z,simulado
producto_analytics,evento_actividad,2026-08-28T16:55:53Z,simulado
producto_analytics,evento_actividad,2026-08-28T17:55:53Z,simulado
producto_analytics,evento_actividad,2026-08-28T18:54:47Z,simulado
producto_analytics,evento_actividad,2026-08-28T19:54:11Z,simulado
producto_analytics,evento_actividad,2026-08-28T20:57:32Z,simulado
producto_analytics,evento_actividad,2026-08-28T21:56:29Z,simulado
producto_analytics,evento_actividad,2026-08-28T23:56:06Z,simulado
producto_analytics,evento_actividad,2026-08-29T01:01:43Z,simulado
producto_analytics,evento_actividad,2026-08-29T01:56:48Z,simulado
producto_analytics,evento_actividad,2026-08-29T02:56:44Z,simulado
producto_analytics,evento_actividad,2026-08-29T03:56:30Z,simulado
producto_analytics,evento_actividad,2026-08-29T04:55:59Z,simulado
producto_analytics,evento_actividad,2026-08-29T06:00:13Z,simulado
producto_analytics,evento_actividad,2026-08-29T06:57:37Z,simulado
producto_analytics,evento_actividad,2026-08-29T07:57:36Z,simulado
producto_analytics,evento_actividad,2026-08-29T08:57:24Z,simulado
producto_analytics,evento_actividad,2026-08-29T10:06:04Z,simulado
producto_analytics,evento_actividad,2026-08-29T10:55:31Z,simulado
producto_analytics,evento_actividad,2026-08-29T11:56:12Z,simulado
producto_analytics,evento_actividad,2026-08-29T12:59:15Z,simulado
producto_analytics,evento_actividad,2026-08-29T13:58:12Z,simulado
producto_analytics,evento_actividad,2026-08-29T14:55:18Z,simulado
producto_analytics,evento_actividad,2026-08-29T15:59:38Z,simulado
producto_analytics,evento_actividad,2026-08-29T16:55:46Z,simulado
producto_analytics,evento_actividad,2026-08-29T17:58:38Z,simulado
producto_analytics,evento_actividad,2026-08-29T18:55:30Z,simulado
producto_analytics,evento_actividad,2026-08-29T19:55:40Z,simulado
producto_analytics,evento_actividad,2026-08-29T20:56:08Z,simulado
producto_analytics,evento_actividad,2026-08-29T21:56:42Z,simulado
producto_analytics,evento_actividad,2026-08-29T22:58:18Z,simulado
producto_analytics,evento_actividad,2026-08-29T23:57:59Z,simulado
producto_analytics,evento_actividad,2026-08-30T00:57:05Z,simulado
producto_analytics,evento_actividad,2026-08-30T01:56:37Z,simulado
producto_analytics,evento_actividad,2026-08-30T03:01:30Z,simulado
producto_analytics,evento_actividad,2026-08-30T03:55:31Z,simulado
producto_analytics,evento_actividad,2026-08-30T04:56:42Z,simulado
producto_analytics,evento_actividad,2026-08-30T05:55:57Z,simulado
producto_analytics,evento_actividad,2026-08-30T06:58:18Z,simulado
producto_analytics,evento_actividad,2026-08-30T07:55:43Z,simulado
producto_analytics,evento_actividad,2026-08-30T08:57:18Z,simulado
producto_analytics,evento_actividad,2026-08-30T10:01:05Z,simulado
producto_analytics,evento_actividad,2026-08-30T10:57:17Z,simulado
producto_analytics,evento_actividad,2026-08-30T11:56:04Z,simulado
producto_analytics,evento_actividad,2026-08-30T12:57:30Z,simulado
producto_analytics,evento_actividad,2026-08-30T13:55:56Z,simulado
producto_analytics,evento_actividad,2026-08-30T14:57:04Z,simulado
producto_analytics,evento_actividad,2026-08-30T15:58:23Z,simulado
producto_analytics,evento_actividad,2026-08-30T16:56:13Z,simulado
producto_analytics,evento_actividad,2026-08-30T17:56:00Z,simulado
producto_analytics,evento_actividad,2026-08-30T18:59:54Z,simulado
producto_analytics,evento_actividad,2026-08-30T19:55:48Z,simulado
producto_analytics,evento_actividad,2026-08-30T20:58:26Z,simulado
producto_analytics,evento_actividad,2026-08-30T21:55:34Z,simulado
producto_analytics,evento_actividad,2026-08-30T22:57:21Z,simulado
producto_analytics,evento_actividad,2026-08-30T23:57:26Z,simulado
producto_analytics,evento_actividad,2026-08-31T00:58:12Z,simulado
producto_analytics,evento_actividad,2026-08-31T02:04:46Z,simulado
producto_analytics,evento_actividad,2026-08-31T02:56:30Z,simulado
producto_analytics,evento_actividad,2026-08-31T03:57:05Z,simulado
producto_analytics,evento_actividad,2026-08-31T04:56:59Z,simulado
producto_analytics,evento_actividad,2026-08-31T05:58:41Z,simulado
producto_analytics,evento_actividad,2026-08-31T06:59:26Z,simulado
producto_analytics,evento_actividad,2026-08-31T07:57:07Z,simulado
producto_analytics,evento_actividad,2026-08-31T08:56:38Z,simulado
producto_analytics,evento_actividad,2026-08-31T09:57:46Z,simulado
producto_analytics,evento_actividad,2026-08-31T10:57:14Z,simulado
producto_analytics,evento_actividad,2026-08-31T11:58:52Z,simulado
producto_analytics,evento_actividad,2026-08-31T12:57:35Z,simulado
producto_analytics,evento_actividad,2026-08-31T13:59:50Z,simulado
producto_analytics,evento_actividad,2026-08-31T14:55:40Z,simulado
producto_analytics,evento_actividad,2026-08-31T15:56:59Z,simulado
producto_analytics,evento_actividad,2026-08-31T16:56:30Z,simulado
producto_analytics,evento_actividad,2026-08-31T17:57:33Z,simulado
producto_analytics,evento_actividad,2026-08-31T18:55:01Z,simulado
producto_analytics,evento_actividad,2026-08-31T20:01:04Z,simulado
producto_analytics,evento_actividad,2026-08-31T20:56:30Z,simulado
producto_analytics,evento_actividad,2026-08-31T21:57:33Z,simulado
producto_analytics,evento_actividad,2026-08-31T22:56:40Z,simulado
producto_analytics,evento_actividad,2026-08-31T23:56:35Z,simulado
producto_analytics,evento_actividad,2026-09-01T00:57:12Z,simulado
producto_analytics,evento_actividad,2026-09-01T01:55:02Z,simulado
producto_analytics,evento_actividad,2026-09-01T02:55:20Z,simulado
producto_analytics,evento_actividad,2026-09-01T16:56:57Z,simulado
producto_analytics,evento_actividad,2026-09-01T17:56:30Z,simulado
producto_analytics,evento_actividad,2026-09-01T18:57:16Z,simulado
producto_analytics,evento_actividad,2026-09-01T19:58:01Z,simulado
producto_analytics,evento_actividad,2026-09-01T20:56:10Z,simulado
producto_analytics,evento_actividad,2026-09-01T21:55:34Z,simulado
producto_analytics,evento_actividad,2026-09-01T22:57:22Z,simulado
producto_analytics,evento_actividad,2026-09-01T23:56:55Z,simulado
producto_analytics,evento_actividad,2026-09-02T00:59:13Z,simulado
producto_analytics,evento_actividad,2026-09-02T01:57:44Z,simulado
producto_analytics,evento_actividad,2026-09-02T03:00:32Z,simulado
producto_analytics,evento_actividad,2026-09-02T03:58:38Z,simulado
producto_analytics,evento_actividad,2026-09-02T04:54:57Z,simulado
producto_analytics,evento_actividad,2026-09-02T05:56:58Z,simulado
producto_analytics,evento_actividad,2026-09-02T06:58:08Z,simulado
producto_analytics,evento_actividad,2026-09-02T07:56:08Z,simulado
producto_analytics,evento_actividad,2026-09-02T08:56:14Z,simulado
producto_analytics,evento_actividad,2026-09-02T09:54:45Z,simulado
producto_analytics,evento_actividad,2026-09-02T10:56:01Z,simulado
producto_analytics,evento_actividad,2026-09-02T12:06:22Z,simulado
producto_analytics,evento_actividad,2026-09-02T12:58:04Z,simulado
producto_analytics,evento_actividad,2026-09-02T13:54:42Z,simulado
producto_analytics,evento_actividad,2026-09-02T14:59:46Z,simulado
producto_analytics,evento_actividad,2026-09-02T15:56:26Z,simulado
producto_analytics,evento_actividad,2026-09-02T16:59:50Z,simulado
producto_analytics,evento_actividad,2026-09-02T17:55:25Z,simulado
producto_analytics,evento_actividad,2026-09-02T18:54:53Z,simulado
producto_analytics,evento_actividad,2026-09-02T19:55:36Z,simulado
producto_analytics,evento_actividad,2026-09-02T20:57:21Z,simulado
producto_analytics,evento_actividad,2026-09-02T22:02:56Z,simulado
producto_analytics,evento_actividad,2026-09-02T22:58:33Z,simulado
producto_analytics,evento_actividad,2026-09-02T23:55:18Z,simulado
producto_analytics,evento_actividad,2026-09-03T00:56:40Z,simulado
producto_analytics,evento_actividad,2026-09-03T01:56:27Z,simulado
producto_analytics,evento_actividad,2026-09-03T02:57:08Z,simulado
producto_analytics,evento_actividad,2026-09-03T03:55:48Z,simulado
producto_analytics,evento_actividad,2026-09-03T04:57:08Z,simulado
producto_analytics,evento_actividad,2026-09-03T05:58:44Z,simulado
producto_analytics,evento_actividad,2026-09-03T06:57:22Z,simulado
producto_analytics,evento_actividad,2026-09-03T07:56:02Z,simulado
producto_analytics,evento_actividad,2026-09-03T08:56:12Z,simulado
producto_analytics,evento_actividad,2026-09-03T09:57:56Z,simulado
producto_analytics,evento_actividad,2026-09-03T11:00:02Z,simulado
producto_analytics,evento_actividad,2026-09-03T11:56:47Z,simulado
producto_analytics,evento_actividad,2026-09-03T12:57:48Z,simulado
producto_analytics,evento_actividad,2026-09-03T13:55:12Z,simulado
producto_analytics,evento_actividad,2026-09-03T14:59:20Z,simulado
producto_analytics,evento_actividad,2026-09-03T15:55:39Z,simulado
producto_analytics,evento_actividad,2026-09-03T16:55:39Z,simulado
producto_analytics,evento_actividad,2026-09-03T17:57:55Z,simulado
producto_analytics,evento_actividad,2026-09-03T18:58:24Z,simulado
producto_analytics,evento_actividad,2026-09-03T19:55:01Z,simulado
producto_analytics,evento_actividad,2026-09-03T21:00:40Z,simulado
producto_analytics,evento_actividad,2026-09-03T21:55:16Z,simulado
producto_analytics,evento_actividad,2026-09-03T22:55:57Z,simulado
producto_analytics,evento_actividad,2026-09-03T23:56:27Z,simulado
producto_analytics,evento_actividad,2026-09-04T00:57:27Z,simulado
producto_analytics,evento_actividad,2026-09-04T01:55:45Z,simulado
producto_analytics,evento_actividad,2026-09-04T02:57:02Z,simulado
producto_analytics,evento_actividad,2026-09-04T03:56:52Z,simulado
producto_analytics,evento_actividad,2026-09-04T04:55:06Z,simulado
producto_analytics,evento_actividad,2026-09-04T05:57:34Z,simulado
producto_analytics,evento_actividad,2026-09-04T06:57:47Z,simulado
producto_analytics,evento_actividad,2026-09-04T07:56:39Z,simulado
producto_analytics,evento_actividad,2026-09-04T08:56:27Z,simulado
producto_analytics,evento_actividad,2026-09-04T09:56:24Z,simulado
producto_analytics,evento_actividad,2026-09-04T10:56:42Z,simulado
producto_analytics,evento_actividad,2026-09-04T11:56:51Z,simulado
producto_analytics,evento_actividad,2026-09-04T12:56:56Z,simulado
producto_analytics,evento_actividad,2026-09-04T13:54:37Z,simulado
producto_analytics,evento_actividad,2026-09-04T14:54:59Z,simulado
producto_analytics,evento_actividad,2026-09-04T15:55:15Z,simulado
producto_analytics,evento_actividad,2026-09-04T16:57:00Z,simulado
producto_analytics,evento_actividad,2026-09-04T17:56:54Z,simulado
producto_analytics,evento_actividad,2026-09-04T18:55:20Z,simulado
producto_analytics,evento_actividad,2026-09-04T19:56:22Z,simulado
producto_analytics,evento_actividad,2026-09-04T20:56:31Z,simulado
producto_analytics,evento_actividad,2026-09-04T21:57:23Z,simulado
producto_analytics,evento_actividad,2026-09-04T22:55:03Z,simulado
producto_analytics,evento_actividad,2026-09-04T23:55:33Z,simulado
producto_analytics,evento_actividad,2026-09-05T00:55:54Z,simulado
producto_analytics,evento_actividad,2026-09-05T01:58:35Z,simulado
producto_analytics,evento_actividad,2026-09-05T02:55:43Z,simulado
producto_analytics,evento_actividad,2026-09-05T03:55:12Z,simulado
producto_analytics,evento_actividad,2026-09-05T04:58:25Z,simulado
producto_analytics,evento_actividad,2026-09-05T05:55:57Z,simulado
producto_analytics,evento_actividad,2026-09-05T06:57:05Z,simulado
producto_analytics,evento_actividad,2026-09-05T07:56:35Z,simulado
producto_analytics,evento_actividad,2026-09-05T08:56:30Z,simulado
producto_analytics,evento_actividad,2026-09-05T10:00:21Z,simulado
producto_analytics,evento_actividad,2026-09-05T10:55:49Z,simulado
producto_analytics,evento_actividad,2026-09-05T11:56:43Z,simulado
producto_analytics,evento_actividad,2026-09-05T12:57:59Z,simulado
producto_analytics,evento_actividad,2026-09-05T13:57:56Z,simulado
producto_analytics,evento_actividad,2026-09-05T14:58:24Z,simulado
producto_analytics,evento_actividad,2026-09-05T15:55:54Z,simulado
producto_analytics,evento_actividad,2026-09-05T16:57:47Z,simulado
producto_analytics,evento_actividad,2026-09-05T17:57:22Z,simulado
producto_analytics,evento_actividad,2026-09-05T18:57:40Z,simulado
producto_analytics,evento_actividad,2026-09-05T19:56:09Z,simulado
producto_analytics,evento_actividad,2026-09-05T20:58:58Z,simulado
producto_analytics,evento_actividad,2026-09-05T21:55:36Z,simulado
producto_analytics,evento_actividad,2026-09-05T22:55:24Z,simulado
producto_analytics,evento_actividad,2026-09-05T23:57:26Z,simulado
producto_analytics,evento_actividad,2026-09-06T00:58:31Z,simulado
producto_analytics,evento_actividad,2026-09-06T01:58:38Z,simulado
producto_analytics,evento_actividad,2026-09-06T02:58:04Z,simulado
producto_analytics,evento_actividad,2026-09-06T03:57:06Z,simulado
producto_analytics,evento_actividad,2026-09-06T04:59:43Z,simulado
producto_analytics,evento_actividad,2026-09-06T05:57:39Z,simulado
producto_analytics,evento_actividad,2026-09-06T06:55:20Z,simulado
producto_analytics,evento_actividad,2026-09-06T07:54:43Z,simulado
producto_analytics,evento_actividad,2026-09-06T08:57:52Z,simulado
producto_analytics,evento_actividad,2026-09-06T09:56:31Z,simulado
producto_analytics,evento_actividad,2026-09-06T10:56:40Z,simulado
producto_analytics,evento_actividad,2026-09-06T11:56:33Z,simulado
producto_analytics,evento_actividad,2026-09-06T12:56:02Z,simulado
producto_analytics,evento_actividad,2026-09-06T13:58:33Z,simulado
producto_analytics,evento_actividad,2026-09-06T14:59:06Z,simulado
producto_analytics,evento_actividad,2026-09-06T15:55:48Z,simulado
producto_analytics,evento_actividad,2026-09-06T16:54:45Z,simulado
producto_analytics,evento_actividad,2026-09-06T17:57:25Z,simulado
producto_analytics,evento_actividad,2026-09-06T18:55:28Z,simulado
producto_analytics,evento_actividad,2026-09-06T19:59:45Z,simulado
producto_analytics,evento_actividad,2026-09-06T20:56:14Z,simulado
producto_analytics,evento_actividad,2026-09-06T22:00:42Z,simulado
producto_analytics,evento_actividad,2026-09-06T22:55:49Z,simulado
producto_analytics,evento_actividad,2026-09-06T23:56:02Z,simulado
producto_analytics,evento_actividad,2026-09-07T01:02:19Z,simulado
producto_analytics,evento_actividad,2026-09-07T01:56:15Z,simulado
producto_analytics,evento_actividad,2026-09-07T02:58:05Z,simulado
producto_analytics,evento_actividad,2026-09-07T03:58:15Z,simulado
producto_analytics,evento_actividad,2026-09-07T04:59:08Z,simulado
producto_analytics,evento_actividad,2026-09-07T05:57:49Z,simulado
producto_analytics,evento_actividad,2026-09-07T06:55:52Z,simulado
producto_analytics,evento_actividad,2026-09-07T07:58:42Z,simulado
producto_analytics,evento_actividad,2026-09-07T08:57:47Z,simulado
producto_analytics,evento_actividad,2026-09-07T09:57:20Z,simulado
producto_analytics,evento_actividad,2026-09-07T10:56:58Z,simulado
producto_analytics,evento_actividad,2026-09-07T11:56:51Z,simulado
producto_analytics,evento_actividad,2026-09-07T12:56:58Z,simulado
producto_analytics,evento_actividad,2026-09-07T13:56:22Z,simulado
producto_analytics,evento_actividad,2026-09-07T14:55:39Z,simulado
producto_analytics,evento_actividad,2026-09-07T15:57:04Z,simulado
producto_analytics,evento_actividad,2026-09-07T17:01:11Z,simulado
producto_analytics,evento_actividad,2026-09-07T18:02:19Z,simulado
producto_analytics,evento_actividad,2026-09-07T18:55:36Z,simulado
producto_analytics,evento_actividad,2026-09-07T20:01:41Z,simulado
producto_analytics,evento_actividad,2026-09-07T20:54:40Z,simulado
producto_analytics,evento_actividad,2026-09-07T21:56:56Z,simulado
producto_analytics,evento_actividad,2026-09-07T22:55:22Z,simulado
producto_analytics,evento_actividad,2026-09-07T23:54:46Z,simulado
producto_analytics,evento_actividad,2026-09-08T00:55:51Z,simulado
producto_analytics,evento_actividad,2026-09-08T01:58:06Z,simulado
producto_analytics,evento_actividad,2026-09-08T02:58:23Z,simulado
producto_analytics,evento_actividad,2026-09-08T03:55:33Z,simulado
producto_analytics,evento_actividad,2026-09-08T04:59:03Z,simulado
producto_analytics,evento_actividad,2026-09-08T05:56:46Z,simulado
producto_analytics,evento_actividad,2026-09-08T06:55:18Z,simulado
producto_analytics,evento_actividad,2026-09-08T08:00:55Z,simulado
producto_analytics,evento_actividad,2026-09-08T08:55:08Z,simulado
producto_analytics,evento_actividad,2026-09-08T09:55:40Z,simulado
producto_analytics,evento_actividad,2026-09-08T10:56:36Z,simulado
producto_analytics,evento_actividad,2026-09-08T11:57:26Z,simulado
producto_analytics,evento_actividad,2026-09-08T12:56:01Z,simulado
producto_analytics,evento_actividad,2026-09-08T13:54:27Z,simulado
producto_analytics,evento_actividad,2026-09-08T14:54:43Z,simulado
producto_analytics,evento_actividad,2026-09-08T16:00:56Z,simulado
producto_analytics,evento_actividad,2026-09-08T16:58:41Z,simulado
producto_analytics,evento_actividad,2026-09-08T17:55:16Z,simulado
producto_analytics,evento_actividad,2026-09-08T18:56:46Z,simulado
producto_analytics,evento_actividad,2026-09-08T19:59:50Z,simulado
producto_analytics,evento_actividad,2026-09-08T20:59:24Z,simulado
producto_analytics,evento_actividad,2026-09-08T21:56:51Z,simulado
producto_analytics,evento_actividad,2026-09-08T23:06:19Z,simulado
producto_analytics,evento_actividad,2026-09-08T23:58:14Z,simulado
producto_analytics,evento_actividad,2026-09-09T00:56:08Z,simulado
producto_analytics,evento_actividad,2026-09-09T01:55:37Z,simulado
producto_analytics,evento_actividad,2026-09-09T02:56:22Z,simulado
producto_analytics,evento_actividad,2026-09-09T03:58:59Z,simulado
producto_analytics,evento_actividad,2026-09-09T04:56:03Z,simulado
producto_analytics,evento_actividad,2026-09-09T05:59:05Z,simulado
producto_analytics,evento_actividad,2026-09-09T06:59:19Z,simulado
producto_analytics,evento_actividad,2026-09-09T07:55:33Z,simulado
producto_analytics,evento_actividad,2026-09-09T08:57:00Z,simulado
producto_analytics,evento_actividad,2026-09-09T09:55:07Z,simulado
producto_analytics,evento_actividad,2026-09-09T10:56:07Z,simulado
producto_analytics,evento_actividad,2026-09-09T11:55:42Z,simulado
producto_analytics,evento_actividad,2026-09-09T12:56:05Z,simulado
producto_analytics,evento_actividad,2026-09-09T13:56:44Z,simulado
producto_analytics,evento_actividad,2026-09-09T14:56:28Z,simulado
producto_analytics,evento_actividad,2026-09-09T15:56:22Z,simulado
producto_analytics,evento_actividad,2026-09-09T16:58:41Z,simulado
producto_analytics,evento_actividad,2026-09-09T17:57:03Z,simulado
producto_analytics,evento_actividad,2026-09-09T18:59:05Z,simulado
producto_analytics,evento_actividad,2026-09-09T19:59:52Z,simulado
producto_analytics,evento_actividad,2026-09-09T20:57:07Z,simulado
producto_analytics,evento_actividad,2026-09-09T21:56:03Z,simulado
producto_analytics,evento_actividad,2026-09-09T22:56:21Z,simulado
producto_analytics,evento_actividad,2026-09-09T23:58:16Z,simulado
producto_analytics,evento_actividad,2026-09-10T00:59:03Z,simulado
producto_analytics,evento_actividad,2026-09-10T01:58:42Z,simulado
producto_analytics,evento_actividad,2026-09-10T02:56:46Z,simulado
producto_analytics,evento_actividad,2026-09-10T04:00:04Z,simulado
producto_analytics,evento_actividad,2026-09-10T04:57:08Z,simulado
producto_analytics,evento_actividad,2026-09-10T05:59:34Z,simulado
producto_analytics,evento_actividad,2026-09-10T06:55:21Z,simulado
producto_analytics,evento_actividad,2026-09-10T08:01:59Z,simulado
producto_analytics,evento_actividad,2026-09-10T08:56:21Z,simulado
producto_analytics,evento_actividad,2026-09-10T09:55:34Z,simulado
producto_analytics,evento_actividad,2026-09-10T10:56:42Z,simulado
producto_analytics,evento_actividad,2026-09-10T11:57:59Z,simulado
producto_analytics,evento_actividad,2026-09-10T12:55:36Z,simulado
producto_analytics,evento_actividad,2026-09-10T13:56:14Z,simulado
producto_analytics,evento_actividad,2026-09-10T15:00:35Z,simulado
producto_analytics,evento_actividad,2026-09-10T15:57:09Z,simulado
producto_analytics,evento_actividad,2026-09-10T16:56:55Z,simulado
producto_analytics,evento_actividad,2026-09-10T17:56:35Z,simulado
producto_analytics,evento_actividad,2026-09-10T18:55:28Z,simulado
producto_analytics,evento_actividad,2026-09-10T19:57:29Z,simulado
producto_analytics,evento_actividad,2026-09-10T20:56:59Z,simulado
producto_analytics,evento_actividad,2026-09-10T21:57:04Z,simulado
producto_analytics,evento_actividad,2026-09-10T23:05:11Z,simulado
producto_analytics,evento_actividad,2026-09-10T23:56:49Z,simulado
producto_analytics,evento_actividad,2026-09-11T00:58:36Z,simulado
producto_analytics,evento_actividad,2026-09-11T02:00:16Z,simulado
producto_analytics,evento_actividad,2026-09-11T02:58:29Z,simulado
producto_analytics,evento_actividad,2026-09-11T03:58:52Z,simulado
producto_analytics,evento_actividad,2026-09-11T04:54:33Z,simulado
producto_analytics,evento_actividad,2026-09-11T05:59:32Z,simulado
producto_analytics,evento_actividad,2026-09-11T06:58:22Z,simulado
producto_analytics,evento_actividad,2026-09-11T07:55:12Z,simulado
producto_analytics,evento_actividad,2026-09-11T08:57:38Z,simulado
producto_analytics,evento_actividad,2026-09-11T09:57:37Z,simulado
producto_analytics,evento_actividad,2026-09-11T10:56:43Z,simulado
producto_analytics,evento_actividad,2026-09-11T11:59:19Z,simulado
producto_analytics,evento_actividad,2026-09-11T12:57:43Z,simulado
producto_analytics,evento_actividad,2026-09-11T13:55:28Z,simulado
producto_analytics,evento_actividad,2026-09-11T14:58:22Z,simulado
producto_analytics,evento_actividad,2026-09-11T15:56:42Z,simulado
producto_analytics,evento_actividad,2026-09-11T16:58:06Z,simulado
producto_analytics,evento_actividad,2026-09-11T17:59:03Z,simulado
producto_analytics,evento_actividad,2026-09-11T18:55:59Z,simulado
producto_analytics,evento_actividad,2026-09-11T19:56:49Z,simulado
producto_analytics,evento_actividad,2026-09-11T20:56:30Z,simulado
producto_analytics,evento_actividad,2026-09-11T21:58:49Z,simulado
producto_analytics,evento_actividad,2026-09-11T22:56:18Z,simulado
producto_analytics,evento_actividad,2026-09-11T23:58:34Z,simulado
producto_analytics,evento_actividad,2026-09-12T00:57:51Z,simulado
producto_analytics,evento_actividad,2026-09-12T01:54:35Z,simulado
producto_analytics,evento_actividad,2026-09-12T02:57:54Z,simulado
producto_analytics,evento_actividad,2026-09-12T03:56:43Z,simulado
producto_analytics,evento_actividad,2026-09-12T04:57:03Z,simulado
producto_analytics,evento_actividad,2026-09-12T05:56:28Z,simulado
producto_analytics,evento_actividad,2026-09-12T06:58:06Z,simulado
producto_analytics,evento_actividad,2026-09-12T07:59:05Z,simulado
producto_analytics,evento_actividad,2026-09-12T08:55:59Z,simulado
producto_analytics,evento_actividad,2026-09-12T09:56:39Z,simulado
producto_analytics,evento_actividad,2026-09-12T10:57:44Z,simulado
producto_analytics,evento_actividad,2026-09-12T11:58:01Z,simulado
producto_analytics,evento_actividad,2026-09-12T12:55:57Z,simulado
producto_analytics,evento_actividad,2026-09-12T13:54:48Z,simulado
producto_analytics,evento_actividad,2026-09-12T14:58:16Z,simulado
producto_analytics,evento_actividad,2026-09-12T15:54:50Z,simulado
producto_analytics,evento_actividad,2026-09-12T16:55:58Z,simulado
producto_analytics,evento_actividad,2026-09-12T17:57:51Z,simulado
producto_analytics,evento_actividad,2026-09-12T19:03:24Z,simulado
producto_analytics,evento_actividad,2026-09-12T20:04:10Z,simulado
producto_analytics,evento_actividad,2026-09-12T20:58:01Z,simulado
producto_analytics,evento_actividad,2026-09-12T22:00:06Z,simulado
producto_analytics,evento_actividad,2026-09-12T22:58:21Z,simulado
producto_analytics,evento_actividad,2026-09-12T23:57:04Z,simulado
producto_analytics,evento_actividad,2026-09-13T00:55:14Z,simulado
producto_analytics,evento_actividad,2026-09-13T01:55:48Z,simulado
producto_analytics,evento_actividad,2026-09-13T02:55:14Z,simulado
producto_analytics,evento_actividad,2026-09-13T03:58:23Z,simulado
producto_analytics,evento_actividad,2026-09-13T04:56:09Z,simulado
producto_analytics,evento_actividad,2026-09-13T05:55:43Z,simulado
producto_analytics,evento_actividad,2026-09-13T06:56:41Z,simulado
producto_analytics,evento_actividad,2026-09-13T07:55:59Z,simulado
producto_analytics,evento_actividad,2026-09-13T08:55:54Z,simulado
producto_analytics,evento_actividad,2026-09-13T09:57:31Z,simulado
producto_analytics,evento_actividad,2026-09-13T10:58:19Z,simulado
producto_analytics,evento_actividad,2026-09-13T12:00:20Z,simulado
producto_analytics,evento_actividad,2026-09-13T12:56:59Z,simulado
producto_analytics,evento_actividad,2026-09-13T13:58:22Z,simulado
producto_analytics,evento_actividad,2026-09-13T14:54:24Z,simulado
producto_analytics,evento_actividad,2026-09-13T15:56:09Z,simulado
producto_analytics,evento_actividad,2026-09-13T16:56:40Z,simulado
producto_analytics,evento_actividad,2026-09-13T17:56:38Z,simulado
producto_analytics,evento_actividad,2026-09-13T18:54:51Z,simulado
producto_analytics,evento_actividad,2026-09-13T20:01:30Z,simulado
producto_analytics,evento_actividad,2026-09-13T20:58:44Z,simulado
producto_analytics,evento_actividad,2026-09-13T21:56:50Z,simulado
producto_analytics,evento_actividad,2026-09-13T22:56:04Z,simulado
producto_analytics,evento_actividad,2026-09-13T23:57:12Z,simulado
producto_analytics,evento_actividad,2026-09-14T00:56:24Z,simulado
producto_analytics,evento_actividad,2026-09-14T01:58:10Z,simulado
producto_analytics,evento_actividad,2026-09-14T02:56:42Z,simulado
producto_analytics,evento_actividad,2026-09-14T03:57:23Z,simulado
producto_analytics,evento_actividad,2026-09-14T04:55:56Z,simulado
producto_analytics,evento_actividad,2026-09-14T05:56:34Z,simulado
producto_analytics,evento_actividad,2026-09-14T06:55:12Z,simulado
producto_analytics,evento_actividad,2026-09-14T07:57:25Z,simulado
producto_analytics,evento_actividad,2026-09-14T08:57:57Z,simulado
producto_analytics,evento_actividad,2026-09-14T09:56:52Z,simulado
producto_analytics,evento_actividad,2026-09-14T10:56:45Z,simulado
producto_analytics,evento_actividad,2026-09-14T11:55:41Z,simulado
producto_analytics,evento_actividad,2026-09-14T12:59:16Z,simulado
producto_analytics,evento_actividad,2026-09-14T13:56:51Z,simulado
producto_analytics,evento_actividad,2026-09-14T14:57:13Z,simulado
producto_analytics,evento_actividad,2026-09-14T15:55:12Z,simulado
producto_analytics,evento_actividad,2026-09-14T16:58:20Z,simulado
producto_analytics,evento_actividad,2026-09-14T17:55:59Z,simulado
producto_analytics,evento_actividad,2026-09-14T18:57:12Z,simulado
producto_analytics,evento_actividad,2026-09-14T19:58:26Z,simulado
producto_analytics,evento_actividad,2026-09-14T20:56:55Z,simulado
producto_analytics,evento_actividad,2026-09-14T21:55:38Z,simulado
producto_analytics,evento_actividad,2026-09-14T22:54:58Z,simulado
producto_analytics,evento_actividad,2026-09-14T23:55:35Z,simulado
producto_analytics,evento_actividad,2026-09-15T00:57:05Z,simulado
producto_analytics,evento_actividad,2026-09-15T01:57:45Z,simulado
producto_analytics,evento_actividad,2026-09-15T02:56:15Z,simulado
producto_analytics,evento_actividad,2026-09-15T03:55:46Z,simulado
producto_analytics,evento_actividad,2026-09-15T04:55:35Z,simulado
producto_analytics,evento_actividad,2026-09-15T05:57:37Z,simulado
producto_analytics,evento_actividad,2026-09-15T06:55:58Z,simulado
producto_analytics,evento_actividad,2026-09-15T07:57:51Z,simulado
producto_analytics,evento_actividad,2026-09-15T09:01:00Z,simulado
producto_analytics,evento_actividad,2026-09-15T09:58:42Z,simulado
producto_analytics,evento_actividad,2026-09-15T10:55:22Z,simulado
producto_analytics,evento_actividad,2026-09-15T11:58:49Z,simulado
producto_analytics,evento_actividad,2026-09-15T13:00:35Z,simulado
producto_analytics,evento_actividad,2026-09-15T13:56:41Z,simulado
producto_analytics,evento_actividad,2026-09-15T14:58:10Z,simulado
producto_analytics,evento_actividad,2026-09-15T15:56:03Z,simulado
producto_analytics,evento_actividad,2026-09-15T17:02:07Z,simulado
producto_analytics,evento_actividad,2026-09-15T17:57:23Z,simulado
producto_analytics,evento_actividad,2026-09-15T18:54:57Z,simulado
producto_analytics,evento_actividad,2026-09-15T19:56:55Z,simulado
producto_analytics,evento_actividad,2026-09-15T20:56:59Z,simulado
producto_analytics,evento_actividad,2026-09-15T21:56:13Z,simulado
producto_analytics,evento_actividad,2026-09-15T22:55:53Z,simulado
producto_analytics,evento_actividad,2026-09-15T23:57:48Z,simulado
producto_analytics,evento_actividad,2026-09-16T00:56:32Z,simulado
producto_analytics,evento_actividad,2026-09-16T01:57:31Z,simulado
producto_analytics,evento_actividad,2026-09-16T02:56:12Z,simulado
producto_analytics,evento_actividad,2026-09-16T03:58:14Z,simulado
producto_analytics,evento_actividad,2026-09-16T04:56:11Z,simulado
producto_analytics,evento_actividad,2026-09-16T05:57:01Z,simulado
producto_analytics,evento_actividad,2026-09-16T06:55:53Z,simulado
producto_analytics,evento_actividad,2026-09-16T07:59:59Z,simulado
producto_analytics,evento_actividad,2026-09-16T08:54:46Z,simulado
producto_analytics,evento_actividad,2026-09-16T10:00:37Z,simulado
producto_analytics,evento_actividad,2026-09-16T10:58:33Z,simulado
producto_analytics,evento_actividad,2026-09-16T11:58:48Z,simulado
producto_analytics,evento_actividad,2026-09-16T12:57:07Z,simulado
producto_analytics,evento_actividad,2026-09-16T13:58:04Z,simulado
producto_analytics,evento_actividad,2026-09-16T14:58:54Z,simulado
producto_analytics,evento_actividad,2026-09-16T15:58:37Z,simulado
producto_analytics,evento_actividad,2026-09-16T16:56:38Z,simulado
producto_analytics,evento_actividad,2026-09-16T18:02:50Z,simulado
producto_analytics,evento_actividad,2026-09-16T18:58:18Z,simulado
producto_analytics,evento_actividad,2026-09-16T19:57:55Z,simulado
producto_analytics,evento_actividad,2026-09-16T20:56:04Z,simulado
producto_analytics,evento_actividad,2026-09-16T21:55:22Z,simulado
producto_analytics,evento_actividad,2026-09-16T22:54:58Z,simulado
producto_analytics,evento_actividad,2026-09-16T23:56:15Z,simulado
producto_analytics,evento_actividad,2026-09-17T00:57:58Z,simulado
producto_analytics,evento_actividad,2026-09-17T01:56:34Z,simulado
producto_analytics,evento_actividad,2026-09-17T02:57:14Z,simulado
producto_analytics,evento_actividad,2026-09-17T03:56:01Z,simulado
producto_analytics,evento_actividad,2026-09-17T04:57:14Z,simulado
producto_analytics,evento_actividad,2026-09-17T05:58:39Z,simulado
producto_analytics,evento_actividad,2026-09-17T06:55:28Z,simulado
producto_analytics,evento_actividad,2026-09-17T07:57:27Z,simulado
producto_analytics,evento_actividad,2026-09-17T08:57:27Z,simulado
producto_analytics,evento_actividad,2026-09-17T09:58:05Z,simulado
producto_analytics,evento_actividad,2026-09-17T10:56:13Z,simulado
producto_analytics,evento_actividad,2026-09-17T11:56:03Z,simulado
producto_analytics,evento_actividad,2026-09-17T12:55:30Z,simulado
producto_analytics,evento_actividad,2026-09-17T13:56:26Z,simulado
producto_analytics,evento_actividad,2026-09-17T14:55:36Z,simulado
producto_analytics,evento_actividad,2026-09-17T15:58:56Z,simulado
producto_analytics,evento_actividad,2026-09-17T16:55:57Z,simulado
producto_analytics,evento_actividad,2026-09-17T17:58:04Z,simulado
producto_analytics,evento_actividad,2026-09-17T18:55:29Z,simulado
producto_analytics,evento_actividad,2026-09-17T19:56:15Z,simulado
producto_analytics,evento_actividad,2026-09-17T20:55:41Z,simulado
producto_analytics,evento_actividad,2026-09-17T21:57:16Z,simulado
producto_analytics,evento_actividad,2026-09-17T22:58:42Z,simulado
producto_analytics,evento_actividad,2026-09-17T23:57:05Z,simulado
producto_analytics,evento_actividad,2026-09-18T00:55:08Z,simulado
producto_analytics,evento_actividad,2026-09-18T01:56:21Z,simulado
producto_analytics,evento_actividad,2026-09-18T02:57:06Z,simulado
producto_analytics,evento_actividad,2026-09-18T03:57:59Z,simulado
producto_analytics,evento_actividad,2026-09-18T04:55:59Z,simulado
producto_analytics,evento_actividad,2026-09-18T05:56:14Z,simulado
producto_analytics,evento_actividad,2026-09-18T06:56:48Z,simulado
producto_analytics,evento_actividad,2026-09-18T07:56:39Z,simulado
producto_analytics,evento_actividad,2026-09-18T08:56:18Z,simulado
producto_analytics,evento_actividad,2026-09-18T09:56:58Z,simulado
producto_analytics,evento_actividad,2026-09-18T11:00:12Z,simulado
producto_analytics,evento_actividad,2026-09-18T11:59:13Z,simulado
producto_analytics,evento_actividad,2026-09-18T12:56:56Z,simulado
producto_analytics,evento_actividad,2026-09-18T13:58:36Z,simulado
producto_analytics,evento_actividad,2026-09-18T14:58:23Z,simulado
producto_analytics,evento_actividad,2026-09-18T15:58:23Z,simulado
producto_analytics,evento_actividad,2026-09-18T16:56:59Z,simulado
producto_analytics,evento_actividad,2026-09-18T17:56:58Z,simulado
producto_analytics,evento_actividad,2026-09-18T18:57:09Z,simulado
producto_analytics,evento_actividad,2026-09-18T19:55:49Z,simulado
producto_analytics,evento_actividad,2026-09-18T21:03:13Z,simulado
producto_analytics,evento_actividad,2026-09-18T21:56:51Z,simulado
producto_analytics,evento_actividad,2026-09-18T22:57:21Z,simulado
producto_analytics,evento_actividad,2026-09-18T23:54:31Z,simulado
producto_analytics,evento_actividad,2026-09-19T00:57:47Z,simulado
producto_analytics,evento_actividad,2026-09-19T02:00:44Z,simulado
producto_analytics,evento_actividad,2026-09-19T02:58:02Z,simulado
producto_analytics,evento_actividad,2026-09-19T03:59:27Z,simulado
producto_analytics,evento_actividad,2026-09-19T04:59:02Z,simulado
producto_analytics,evento_actividad,2026-09-19T05:55:32Z,simulado
producto_analytics,evento_actividad,2026-09-19T06:55:09Z,simulado
producto_analytics,evento_actividad,2026-09-19T07:57:48Z,simulado
producto_analytics,evento_actividad,2026-09-19T08:54:34Z,simulado
producto_analytics,evento_actividad,2026-09-19T09:58:24Z,simulado
producto_analytics,evento_actividad,2026-09-19T10:57:42Z,simulado
producto_analytics,evento_actividad,2026-09-19T11:57:05Z,simulado
producto_analytics,evento_actividad,2026-09-19T12:55:47Z,simulado
producto_analytics,evento_actividad,2026-09-19T13:56:00Z,simulado
producto_analytics,evento_actividad,2026-09-19T14:56:45Z,simulado
producto_analytics,evento_actividad,2026-09-19T16:59:03Z,simulado
producto_analytics,evento_actividad,2026-09-19T17:57:16Z,simulado
producto_analytics,evento_actividad,2026-09-19T19:01:33Z,simulado
producto_analytics,evento_actividad,2026-09-19T19:55:48Z,simulado
producto_analytics,evento_actividad,2026-09-19T20:55:57Z,simulado
producto_analytics,evento_actividad,2026-09-19T21:56:16Z,simulado
producto_analytics,evento_actividad,2026-09-19T22:59:06Z,simulado
producto_analytics,evento_actividad,2026-09-19T23:57:25Z,simulado
producto_analytics,evento_actividad,2026-09-20T00:56:52Z,simulado
producto_analytics,evento_actividad,2026-09-20T01:56:32Z,simulado
producto_analytics,evento_actividad,2026-09-20T02:56:34Z,simulado
producto_analytics,evento_actividad,2026-09-20T03:56:59Z,simulado
producto_analytics,evento_actividad,2026-09-20T05:02:24Z,simulado
producto_analytics,evento_actividad,2026-09-20T05:57:49Z,simulado
producto_analytics,evento_actividad,2026-09-20T06:59:01Z,simulado
producto_analytics,evento_actividad,2026-09-20T07:58:13Z,simulado
producto_analytics,evento_actividad,2026-09-20T08:56:05Z,simulado
producto_analytics,evento_actividad,2026-09-20T10:02:11Z,simulado
producto_analytics,evento_actividad,2026-09-20T10:55:44Z,simulado
producto_analytics,evento_actividad,2026-09-20T11:53:53Z,simulado
producto_analytics,evento_actividad,2026-09-20T12:59:36Z,simulado
producto_analytics,evento_actividad,2026-09-20T13:56:30Z,simulado
producto_analytics,evento_actividad,2026-09-20T14:57:59Z,simulado
producto_analytics,evento_actividad,2026-09-20T15:56:30Z,simulado
producto_analytics,evento_actividad,2026-09-20T17:00:24Z,simulado
producto_analytics,evento_actividad,2026-09-20T17:57:09Z,simulado
producto_analytics,evento_actividad,2026-09-20T19:02:27Z,simulado
producto_analytics,evento_actividad,2026-09-20T19:54:50Z,simulado
producto_analytics,evento_actividad,2026-09-20T20:56:00Z,simulado
producto_analytics,evento_actividad,2026-09-20T22:01:09Z,simulado
producto_analytics,evento_actividad,2026-09-20T22:56:23Z,simulado
producto_analytics,evento_actividad,2026-09-20T23:56:40Z,simulado
producto_analytics,evento_actividad,2026-09-21T00:54:03Z,simulado
producto_analytics,evento_actividad,2026-09-21T01:56:30Z,simulado
producto_analytics,evento_actividad,2026-09-21T02:59:29Z,simulado
producto_analytics,evento_actividad,2026-09-21T03:56:39Z,simulado
producto_analytics,evento_actividad,2026-09-21T04:57:03Z,simulado
producto_analytics,evento_actividad,2026-09-21T05:59:22Z,simulado
producto_analytics,evento_actividad,2026-09-21T07:00:38Z,simulado
producto_analytics,evento_actividad,2026-09-21T07:54:48Z,simulado
producto_analytics,evento_actividad,2026-09-21T08:55:14Z,simulado
producto_analytics,evento_actividad,2026-09-21T09:55:49Z,simulado
producto_analytics,evento_actividad,2026-09-21T10:56:10Z,simulado
producto_analytics,evento_actividad,2026-09-21T11:56:22Z,simulado
producto_analytics,evento_actividad,2026-09-21T12:56:33Z,simulado
producto_analytics,evento_actividad,2026-09-21T13:55:32Z,simulado
producto_analytics,evento_actividad,2026-09-21T14:56:23Z,simulado
producto_analytics,evento_actividad,2026-09-21T16:01:06Z,simulado
producto_analytics,evento_actividad,2026-09-21T17:00:08Z,simulado
producto_analytics,evento_actividad,2026-09-21T17:52:52Z,dbt
scorecard,kpi_captura_manual,2026-07-13T17:43:05Z,simulado
scorecard,kpi_captura_manual,2026-08-14T19:04:52Z,dbt
scorecard,kpi_meta,2026-07-21T19:04:52Z,dbt
sucursales,pedido_sucursal_cdmx,2026-07-09T15:44:32Z,simulado
sucursales,pedido_sucursal_cdmx,2026-07-10T16:39:23Z,simulado
sucursales,pedido_sucursal_cdmx,2026-07-13T19:58:38Z,simulado
sucursales,pedido_sucursal_cdmx,2026-07-15T18:33:35Z,simulado
sucursales,pedido_sucursal_cdmx,2026-07-16T14:51:08Z,simulado
sucursales,pedido_sucursal_cdmx,2026-07-17T16:05:41Z,simulado
sucursales,pedido_sucursal_cdmx,2026-07-20T20:34:46Z,simulado
sucursales,pedido_sucursal_cdmx,2026-07-21T17:31:28Z,simulado
sucursales,pedido_sucursal_cdmx,2026-07-22T14:51:49Z,simulado
sucursales,pedido_sucursal_cdmx,2026-07-23T15:37:03Z,simulado
sucursales,pedido_sucursal_cdmx,2026-07-24T19:26:40Z,simulado
sucursales,pedido_sucursal_cdmx,2026-07-27T18:04:17Z,simulado
sucursales,pedido_sucursal_cdmx,2026-07-28T16:36:33Z,simulado
sucursales,pedido_sucursal_cdmx,2026-07-29T15:15:00Z,simulado
sucursales,pedido_sucursal_cdmx,2026-07-30T18:01:12Z,simulado
sucursales,pedido_sucursal_cdmx,2026-08-03T15:13:13Z,simulado
sucursales,pedido_sucursal_cdmx,2026-08-04T16:51:56Z,simulado
sucursales,pedido_sucursal_cdmx,2026-08-05T16:07:23Z,simulado
sucursales,pedido_sucursal_cdmx,2026-08-10T14:28:37Z,simulado
sucursales,pedido_sucursal_cdmx,2026-08-11T17:38:46Z,simulado
sucursales,pedido_sucursal_cdmx,2026-08-12T19:07:17Z,simulado
sucursales,pedido_sucursal_cdmx,2026-08-13T20:37:52Z,simulado
sucursales,pedido_sucursal_cdmx,2026-08-14T14:43:18Z,simulado
sucursales,pedido_sucursal_cdmx,2026-08-17T15:30:07Z,simulado
sucursales,pedido_sucursal_cdmx,2026-08-18T22:51:29Z,simulado
sucursales,pedido_sucursal_cdmx,2026-08-19T16:21:52Z,simulado
sucursales,pedido_sucursal_cdmx,2026-08-20T17:27:42Z,simulado
sucursales,pedido_sucursal_cdmx,2026-08-21T19:38:47Z,simulado
sucursales,pedido_sucursal_cdmx,2026-08-24T16:24:37Z,simulado
sucursales,pedido_sucursal_cdmx,2026-08-25T16:18:14Z,simulado
sucursales,pedido_sucursal_cdmx,2026-08-26T18:40:51Z,simulado
sucursales,pedido_sucursal_cdmx,2026-08-27T18:50:00Z,simulado
sucursales,pedido_sucursal_cdmx,2026-08-28T16:56:44Z,simulado
sucursales,pedido_sucursal_cdmx,2026-08-31T15:05:42Z,simulado
sucursales,pedido_sucursal_cdmx,2026-09-01T14:35:26Z,simulado
sucursales,pedido_sucursal_cdmx,2026-09-02T18:51:54Z,simulado
sucursales,pedido_sucursal_cdmx,2026-09-03T19:47:38Z,simulado
sucursales,pedido_sucursal_cdmx,2026-09-04T15:48:44Z,simulado
sucursales,pedido_sucursal_cdmx,2026-09-07T15:05:25Z,simulado
sucursales,pedido_sucursal_cdmx,2026-09-08T17:44:06Z,simulado
sucursales,pedido_sucursal_cdmx,2026-09-09T14:37:27Z,simulado
sucursales,pedido_sucursal_cdmx,2026-09-10T16:17:02Z,simulado
sucursales,pedido_sucursal_cdmx,2026-09-11T15:43:20Z,simulado
sucursales,pedido_sucursal_cdmx,2026-09-14T17:25:38Z,simulado
sucursales,pedido_sucursal_cdmx,2026-09-15T15:20:32Z,simulado
sucursales,pedido_sucursal_cdmx,2026-09-16T19:30:55Z,simulado
sucursales,pedido_sucursal_cdmx,2026-09-17T15:27:05Z,simulado
sucursales,pedido_sucursal_cdmx,2026-09-18T15:43:28Z,simulado
sucursales,pedido_sucursal_cdmx,2026-09-21T14:04:53Z,dbt
sucursales,pedido_sucursal_guadalajara,2026-07-11T02:58:18Z,simulado
sucursales,pedido_sucursal_guadalajara,2026-07-13T21:30:42Z,simulado
sucursales,pedido_sucursal_guadalajara,2026-07-15T04:35:40Z,simulado
sucursales,pedido_sucursal_guadalajara,2026-07-16T21:42:59Z,simulado
sucursales,pedido_sucursal_guadalajara,2026-07-17T21:39:48Z,simulado
sucursales,pedido_sucursal_guadalajara,2026-07-21T01:40:39Z,simulado
sucursales,pedido_sucursal_guadalajara,2026-07-21T22:53:15Z,simulado
sucursales,pedido_sucursal_guadalajara,2026-07-22T23:27:38Z,simulado
sucursales,pedido_sucursal_guadalajara,2026-07-24T21:34:06Z,simulado
sucursales,pedido_sucursal_guadalajara,2026-07-24T22:02:36Z,simulado
sucursales,pedido_sucursal_guadalajara,2026-07-28T02:21:26Z,simulado
sucursales,pedido_sucursal_guadalajara,2026-07-29T04:11:50Z,simulado
sucursales,pedido_sucursal_guadalajara,2026-07-29T21:57:37Z,simulado
sucursales,pedido_sucursal_guadalajara,2026-07-30T21:51:44Z,simulado
sucursales,pedido_sucursal_guadalajara,2026-08-01T20:23:20Z,simulado
sucursales,pedido_sucursal_guadalajara,2026-08-03T23:58:29Z,simulado
sucursales,pedido_sucursal_guadalajara,2026-08-04T21:40:10Z,simulado
sucursales,pedido_sucursal_guadalajara,2026-08-05T23:34:42Z,simulado
sucursales,pedido_sucursal_guadalajara,2026-08-07T01:49:34Z,simulado
sucursales,pedido_sucursal_guadalajara,2026-08-07T23:39:02Z,simulado
sucursales,pedido_sucursal_guadalajara,2026-08-11T00:07:48Z,simulado
sucursales,pedido_sucursal_guadalajara,2026-08-12T00:49:32Z,simulado
sucursales,pedido_sucursal_guadalajara,2026-08-13T01:14:07Z,simulado
sucursales,pedido_sucursal_guadalajara,2026-08-14T00:20:43Z,simulado
sucursales,pedido_sucursal_guadalajara,2026-08-14T22:27:26Z,simulado
sucursales,pedido_sucursal_guadalajara,2026-08-17T23:13:21Z,simulado
sucursales,pedido_sucursal_guadalajara,2026-08-19T02:22:05Z,simulado
sucursales,pedido_sucursal_guadalajara,2026-08-20T22:13:18Z,simulado
sucursales,pedido_sucursal_guadalajara,2026-08-21T21:43:14Z,simulado
sucursales,pedido_sucursal_guadalajara,2026-08-24T21:52:08Z,simulado
sucursales,pedido_sucursal_guadalajara,2026-08-25T21:58:33Z,simulado
sucursales,pedido_sucursal_guadalajara,2026-08-28T10:10:44Z,simulado
sucursales,pedido_sucursal_guadalajara,2026-08-29T00:53:00Z,simulado
sucursales,pedido_sucursal_guadalajara,2026-09-01T01:07:25Z,simulado
sucursales,pedido_sucursal_guadalajara,2026-09-01T21:55:19Z,simulado
sucursales,pedido_sucursal_guadalajara,2026-09-02T22:03:46Z,simulado
sucursales,pedido_sucursal_guadalajara,2026-09-03T22:16:02Z,simulado
sucursales,pedido_sucursal_guadalajara,2026-09-04T21:49:33Z,simulado
sucursales,pedido_sucursal_guadalajara,2026-09-08T15:47:29Z,simulado
sucursales,pedido_sucursal_guadalajara,2026-09-08T22:04:02Z,simulado
sucursales,pedido_sucursal_guadalajara,2026-09-09T22:30:44Z,simulado
sucursales,pedido_sucursal_guadalajara,2026-09-11T02:39:07Z,simulado
sucursales,pedido_sucursal_guadalajara,2026-09-11T22:44:01Z,simulado
sucursales,pedido_sucursal_guadalajara,2026-09-14T22:47:07Z,simulado
sucursales,pedido_sucursal_guadalajara,2026-09-16T00:47:39Z,simulado
sucursales,pedido_sucursal_guadalajara,2026-09-18T02:15:13Z,simulado
sucursales,pedido_sucursal_guadalajara,2026-09-18T21:04:53Z,dbt
sucursales,pedido_sucursal_monterrey,2026-07-09T18:49:02Z,simulado
sucursales,pedido_sucursal_monterrey,2026-07-10T15:40:06Z,simulado
sucursales,pedido_sucursal_monterrey,2026-07-14T02:54:39Z,simulado
sucursales,pedido_sucursal_monterrey,2026-07-14T12:50:52Z,simulado
sucursales,pedido_sucursal_monterrey,2026-07-15T12:43:40Z,simulado
sucursales,pedido_sucursal_monterrey,2026-07-16T12:39:57Z,simulado
sucursales,pedido_sucursal_monterrey,2026-07-17T13:59:29Z,simulado
sucursales,pedido_sucursal_monterrey,2026-07-20T13:05:42Z,simulado
sucursales,pedido_sucursal_monterrey,2026-07-21T14:19:39Z,simulado
sucursales,pedido_sucursal_monterrey,2026-07-22T17:51:41Z,simulado
sucursales,pedido_sucursal_monterrey,2026-07-23T13:07:48Z,simulado
sucursales,pedido_sucursal_monterrey,2026-07-24T13:06:42Z,simulado
sucursales,pedido_sucursal_monterrey,2026-07-27T18:42:09Z,simulado
sucursales,pedido_sucursal_monterrey,2026-07-28T14:53:42Z,simulado
sucursales,pedido_sucursal_monterrey,2026-07-31T13:58:06Z,simulado
sucursales,pedido_sucursal_monterrey,2026-08-03T14:11:08Z,simulado
sucursales,pedido_sucursal_monterrey,2026-08-04T15:32:13Z,simulado
sucursales,pedido_sucursal_monterrey,2026-08-05T15:37:13Z,simulado
sucursales,pedido_sucursal_monterrey,2026-08-07T12:28:43Z,simulado
sucursales,pedido_sucursal_monterrey,2026-08-08T21:30:31Z,simulado
sucursales,pedido_sucursal_monterrey,2026-08-10T13:48:46Z,simulado
sucursales,pedido_sucursal_monterrey,2026-08-11T12:46:14Z,simulado
sucursales,pedido_sucursal_monterrey,2026-08-14T16:14:25Z,simulado
sucursales,pedido_sucursal_monterrey,2026-08-15T06:22:20Z,simulado
sucursales,pedido_sucursal_monterrey,2026-08-17T13:47:45Z,simulado
sucursales,pedido_sucursal_monterrey,2026-08-18T13:40:55Z,simulado
sucursales,pedido_sucursal_monterrey,2026-08-19T17:17:58Z,simulado
sucursales,pedido_sucursal_monterrey,2026-08-20T15:18:54Z,simulado
sucursales,pedido_sucursal_monterrey,2026-08-24T14:34:17Z,simulado
sucursales,pedido_sucursal_monterrey,2026-08-25T15:16:25Z,simulado
sucursales,pedido_sucursal_monterrey,2026-08-26T15:33:23Z,simulado
sucursales,pedido_sucursal_monterrey,2026-08-27T13:14:20Z,simulado
sucursales,pedido_sucursal_monterrey,2026-08-28T13:14:02Z,simulado
sucursales,pedido_sucursal_monterrey,2026-08-31T15:57:41Z,simulado
sucursales,pedido_sucursal_monterrey,2026-09-01T19:30:20Z,simulado
sucursales,pedido_sucursal_monterrey,2026-09-02T17:31:21Z,simulado
sucursales,pedido_sucursal_monterrey,2026-09-04T13:51:11Z,simulado
sucursales,pedido_sucursal_monterrey,2026-09-08T02:16:12Z,simulado
sucursales,pedido_sucursal_monterrey,2026-09-08T13:56:08Z,simulado
sucursales,pedido_sucursal_monterrey,2026-09-09T13:02:17Z,simulado
sucursales,pedido_sucursal_monterrey,2026-09-10T14:09:07Z,simulado
sucursales,pedido_sucursal_monterrey,2026-09-15T13:25:29Z,simulado
sucursales,pedido_sucursal_monterrey,2026-09-16T14:57:34Z,simulado
sucursales,pedido_sucursal_monterrey,2026-09-17T15:17:38Z,simulado
sucursales,pedido_sucursal_monterrey,2026-09-18T12:04:53Z,dbt
wms,inventario_snapshot,2026-07-09T12:23:28Z,simulado
wms,inventario_snapshot,2026-07-10T12:18:35Z,simulado
wms,inventario_snapshot,2026-07-11T12:25:56Z,simulado
wms,inventario_snapshot,2026-07-12T12:21:54Z,simulado
wms,inventario_snapshot,2026-07-13T12:29:32Z,simulado
wms,inventario_snapshot,2026-07-14T12:18:22Z,simulado
wms,inventario_snapshot,2026-07-15T13:12:18Z,simulado
wms,inventario_snapshot,2026-07-16T12:53:26Z,simulado
wms,inventario_snapshot,2026-07-17T12:51:15Z,simulado
wms,inventario_snapshot,2026-07-18T12:24:40Z,simulado
wms,inventario_snapshot,2026-07-19T12:31:34Z,simulado
wms,inventario_snapshot,2026-07-20T12:32:22Z,simulado
wms,inventario_snapshot,2026-07-21T12:15:17Z,simulado
wms,inventario_snapshot,2026-07-22T12:34:09Z,simulado
wms,inventario_snapshot,2026-07-23T12:31:45Z,simulado
wms,inventario_snapshot,2026-07-24T12:21:03Z,simulado
wms,inventario_snapshot,2026-07-25T12:21:18Z,simulado
wms,inventario_snapshot,2026-07-26T12:24:56Z,simulado
wms,inventario_snapshot,2026-07-27T12:36:17Z,simulado
wms,inventario_snapshot,2026-07-28T12:33:21Z,simulado
wms,inventario_snapshot,2026-07-29T12:19:40Z,simulado
wms,inventario_snapshot,2026-07-30T12:39:34Z,simulado
wms,inventario_snapshot,2026-07-31T12:17:04Z,simulado
wms,inventario_snapshot,2026-08-01T12:27:45Z,simulado
wms,inventario_snapshot,2026-08-02T12:42:49Z,simulado
wms,inventario_snapshot,2026-08-03T12:36:39Z,simulado
wms,inventario_snapshot,2026-08-04T12:34:39Z,simulado
wms,inventario_snapshot,2026-08-05T12:56:09Z,simulado
wms,inventario_snapshot,2026-08-06T12:28:42Z,simulado
wms,inventario_snapshot,2026-08-07T12:14:21Z,simulado
wms,inventario_snapshot,2026-08-08T12:42:59Z,simulado
wms,inventario_snapshot,2026-08-09T12:43:18Z,simulado
wms,inventario_snapshot,2026-08-10T12:13:33Z,simulado
wms,inventario_snapshot,2026-08-11T12:18:56Z,simulado
wms,inventario_snapshot,2026-08-12T12:23:52Z,simulado
wms,inventario_snapshot,2026-08-13T12:31:45Z,simulado
wms,inventario_snapshot,2026-08-14T12:35:03Z,simulado
wms,inventario_snapshot,2026-08-16T12:26:10Z,simulado
wms,inventario_snapshot,2026-08-17T12:31:40Z,simulado
wms,inventario_snapshot,2026-08-18T12:30:21Z,simulado
wms,inventario_snapshot,2026-08-19T12:14:38Z,simulado
wms,inventario_snapshot,2026-08-20T12:24:05Z,simulado
wms,inventario_snapshot,2026-08-21T12:31:35Z,simulado
wms,inventario_snapshot,2026-08-22T12:27:32Z,simulado
wms,inventario_snapshot,2026-08-23T12:31:09Z,simulado
wms,inventario_snapshot,2026-08-24T12:30:45Z,simulado
wms,inventario_snapshot,2026-08-25T12:54:31Z,simulado
wms,inventario_snapshot,2026-08-26T12:11:45Z,simulado
wms,inventario_snapshot,2026-08-27T12:20:34Z,simulado
wms,inventario_snapshot,2026-08-28T12:51:28Z,simulado
wms,inventario_snapshot,2026-08-29T12:53:48Z,simulado
wms,inventario_snapshot,2026-08-30T12:30:35Z,simulado
wms,inventario_snapshot,2026-08-31T12:21:08Z,simulado
wms,inventario_snapshot,2026-09-01T12:25:39Z,simulado
wms,inventario_snapshot,2026-09-03T12:32:23Z,simulado
wms,inventario_snapshot,2026-09-04T12:23:59Z,simulado
wms,inventario_snapshot,2026-09-06T12:17:13Z,simulado
wms,inventario_snapshot,2026-09-07T12:24:03Z,simulado
wms,inventario_snapshot,2026-09-08T12:21:46Z,simulado
wms,inventario_snapshot,2026-09-09T12:28:54Z,simulado
wms,inventario_snapshot,2026-09-10T12:35:00Z,simulado
wms,inventario_snapshot,2026-09-11T12:47:01Z,simulado
wms,inventario_snapshot,2026-09-12T12:23:08Z,simulado
wms,inventario_snapshot,2026-09-13T12:30:07Z,simulado
wms,inventario_snapshot,2026-09-14T12:15:55Z,simulado
wms,inventario_snapshot,2026-09-15T12:25:19Z,simulado
wms,inventario_snapshot,2026-09-16T12:39:02Z,simulado
wms,inventario_snapshot,2026-09-17T12:20:50Z,simulado
wms,inventario_snapshot,2026-09-20T12:04:52Z,dbt
