fecha,equipo,vendedor,linea_producto,monto_mxn
2026-01-01,Centro,CEN-03,Servicios,1401.39
2026-01-01,Centro,CEN-05,Hardware,7220.22
2026-01-01,Centro,CEN-02,Servicios,7398.18
2026-01-01,Centro,CEN-04,Servicios,7384.07
2026-01-01,Centro,CEN-02,Software,8771.97
2026-01-01,Norte,NOR-01,Hardware,6340.81
2026-01-01,Norte,NOR-01,Hardware,12079.74
2026-01-01,Norte,NOR-03,Software,2803.47
2026-01-01,Norte,NOR-04,Software,8318.77
2026-01-01,Norte,NOR-02,Soporte,1018.68
2026-01-01,Occidente,OCC-05,Software,2139.75
2026-01-01,Occidente,OCC-04,Software,4588.51
2026-01-01,Occidente,OCC-05,Hardware,12198.89
2026-01-01,Occidente,OCC-05,Servicios,14747.77
2026-01-01,Occidente,OCC-04,Software,10340.83
2026-01-01,Sureste,SUR-03,Servicios,10545.37
2026-01-01,Sureste,SUR-03,Software,500.0
2026-01-01,Sureste,SUR-01,Servicios,9616.19
2026-01-01,Sureste,SUR-05,Software,3654.88
2026-01-01,Sureste,SUR-03,Hardware,1424.67
2026-01-01,Sureste,SUR-02,Hardware,7857.15
2026-01-02,Centro,CEN-01,Software,22371.09
2026-01-02,Centro,CEN-05,Software,500.0
2026-01-02,Centro,CEN-04,Software,13517.33
2026-01-02,Centro,CEN-01,Software,6246.79
2026-01-02,Centro,CEN-02,Software,9506.78
2026-01-02,Centro,CEN-01,Servicios,7531.15
2026-01-02,Norte,NOR-03,Hardware,6733.97
2026-01-02,Norte,NOR-05,Software,17352.87
2026-01-02,Norte,NOR-01,Servicios,17231.34
2026-01-02,Norte,NOR-05,Hardware,5196.43
2026-01-02,Norte,NOR-03,Software,12670.91
2026-01-02,Occidente,OCC-02,Soporte,8268.6
2026-01-02,Occidente,OCC-04,Hardware,10669.93
2026-01-02,Occidente,OCC-01,Hardware,15442.13
2026-01-02,Occidente,OCC-01,Software,3321.67
2026-01-02,Occidente,OCC-04,Software,9623.0
2026-01-02,Occidente,OCC-03,Software,14392.68
2026-01-02,Occidente,OCC-02,Software,4257.32
2026-01-02,Occidente,OCC-05,Hardware,5718.66
2026-01-02,Occidente,OCC-01,Servicios,3167.56
2026-01-02,Sureste,SUR-01,Hardware,4549.1
2026-01-02,Sureste,SUR-03,Hardware,25590.54
2026-01-02,Sureste,SUR-01,Hardware,5510.66
2026-01-02,Sureste,SUR-04,Soporte,6369.57
2026-01-02,Sureste,SUR-01,Software,14520.85
2026-01-02,Sureste,SUR-01,Soporte,2577.67
2026-01-02,Sureste,SUR-02,Software,3721.27
2026-01-05,Centro,CEN-02,Software,18917.88
2026-01-05,Centro,CEN-05,Servicios,21217.15
2026-01-05,Centro,CEN-02,Servicios,15123.96
2026-01-05,Centro,CEN-04,Servicios,11142.77
2026-01-05,Norte,NOR-03,Servicios,5226.33
2026-01-05,Norte,NOR-05,Servicios,15574.77
2026-01-05,Norte,NOR-03,Hardware,6402.07
2026-01-05,Norte,NOR-05,Hardware,6618.75
2026-01-05,Norte,NOR-02,Soporte,4906.66
2026-01-05,Norte,NOR-01,Servicios,5402.33
2026-01-05,Occidente,OCC-05,Soporte,9169.19
2026-01-05,Occidente,OCC-05,Software,2533.3
2026-01-05,Sureste,SUR-05,Software,16936.89
2026-01-05,Sureste,SUR-04,Servicios,8914.01
2026-01-06,Centro,CEN-03,Hardware,15973.8
2026-01-06,Centro,CEN-05,Soporte,20084.84
2026-01-06,Centro,CEN-04,Soporte,27673.91
2026-01-06,Centro,CEN-04,Servicios,28289.57
2026-01-06,Centro,CEN-05,Hardware,3605.94
2026-01-06,Norte,NOR-05,Software,8743.68
2026-01-06,Norte,NOR-02,Software,4371.28
2026-01-06,Norte,NOR-03,Servicios,4373.03
2026-01-06,Norte,NOR-05,Servicios,5458.84
2026-01-06,Occidente,OCC-05,Software,13680.86
2026-01-06,Occidente,OCC-01,Servicios,3171.8
2026-01-06,Occidente,OCC-01,Software,12996.16
2026-01-06,Occidente,OCC-01,Software,6467.52
2026-01-06,Occidente,OCC-04,Software,25834.07
2026-01-06,Occidente,OCC-01,Software,16379.18
2026-01-06,Occidente,OCC-05,Servicios,12530.19
2026-01-06,Sureste,SUR-02,Servicios,8525.47
2026-01-06,Sureste,SUR-02,Hardware,2839.1
2026-01-06,Sureste,SUR-02,Hardware,6609.02
2026-01-06,Sureste,SUR-02,Soporte,11699.91
2026-01-07,Centro,CEN-02,Servicios,7313.25
2026-01-07,Centro,CEN-05,Software,10460.37
2026-01-07,Centro,CEN-05,Hardware,8517.22
2026-01-07,Centro,CEN-03,Software,14905.13
2026-01-07,Centro,CEN-01,Soporte,11308.2
2026-01-07,Norte,NOR-05,Software,6320.51
2026-01-07,Norte,NOR-01,Software,8768.76
2026-01-07,Occidente,OCC-04,Software,3583.13
2026-01-07,Occidente,OCC-04,Software,5584.61
2026-01-07,Occidente,OCC-01,Software,6400.63
2026-01-07,Occidente,OCC-05,Servicios,1724.99
2026-01-07,Occidente,OCC-05,Soporte,7475.97
2026-01-07,Occidente,OCC-02,Hardware,12728.41
2026-01-07,Occidente,OCC-05,Servicios,6470.21
2026-01-07,Sureste,SUR-01,Software,2028.0
2026-01-07,Sureste,SUR-04,Soporte,5579.0
2026-01-07,Sureste,SUR-02,Software,5750.95
2026-01-07,Sureste,SUR-01,Servicios,1642.5
2026-01-07,Sureste,SUR-04,Software,8032.89
2026-01-07,Sureste,SUR-02,Hardware,14556.49
2026-01-08,Centro,CEN-05,Hardware,11526.72
2026-01-08,Centro,CEN-03,Servicios,12520.48
2026-01-08,Centro,CEN-02,Servicios,18132.2
2026-01-08,Centro,CEN-02,Software,12233.7
2026-01-08,Centro,CEN-02,Servicios,10489.59
2026-01-08,Norte,NOR-01,Servicios,12208.07
2026-01-08,Norte,NOR-03,Software,9266.47
2026-01-08,Norte,NOR-03,Servicios,3280.56
2026-01-08,Norte,NOR-02,Software,2124.78
2026-01-08,Norte,NOR-02,Software,10149.17
2026-01-08,Occidente,OCC-02,Servicios,7594.14
2026-01-08,Occidente,OCC-03,Software,8445.4
2026-01-08,Occidente,OCC-02,Soporte,9305.11
2026-01-08,Sureste,SUR-03,Hardware,5703.87
2026-01-08,Sureste,SUR-03,Servicios,2466.65
2026-01-08,Sureste,SUR-01,Software,5887.27
2026-01-08,Sureste,SUR-01,Servicios,1319.91
2026-01-09,Centro,CEN-05,Servicios,12289.75
2026-01-09,Centro,CEN-02,Soporte,10516.51
2026-01-09,Centro,CEN-05,Software,2294.58
2026-01-09,Centro,CEN-04,Soporte,18074.91
2026-01-09,Centro,CEN-03,Hardware,11770.71
2026-01-09,Centro,CEN-03,Software,2207.83
2026-01-09,Centro,CEN-04,Servicios,15404.1
2026-01-09,Centro,CEN-01,Software,32367.09
2026-01-09,Norte,NOR-02,Hardware,8653.93
2026-01-09,Norte,NOR-01,Hardware,6797.02
2026-01-09,Norte,NOR-01,Hardware,3025.93
2026-01-09,Norte,NOR-02,Software,9294.81
2026-01-09,Norte,NOR-03,Hardware,4442.27
2026-01-09,Norte,NOR-04,Software,6555.99
2026-01-09,Norte,NOR-03,Hardware,7779.69
2026-01-09,Occidente,OCC-03,Servicios,13209.12
2026-01-09,Occidente,OCC-01,Software,29843.36
2026-01-09,Occidente,OCC-05,Soporte,9685.39
2026-01-09,Occidente,OCC-03,Software,13734.84
2026-01-09,Occidente,OCC-05,Soporte,23262.13
2026-01-09,Occidente,OCC-01,Software,7997.93
2026-01-09,Occidente,OCC-01,Hardware,8626.76
2026-01-09,Sureste,SUR-05,Servicios,3832.28
2026-01-09,Sureste,SUR-04,Servicios,10472.63
2026-01-09,Sureste,SUR-04,Servicios,10532.99
2026-01-09,Sureste,SUR-04,Soporte,1007.92
2026-01-12,Centro,CEN-04,Software,26967.51
2026-01-12,Centro,CEN-04,Software,22973.69
2026-01-12,Centro,CEN-03,Soporte,16724.99
2026-01-12,Centro,CEN-03,Hardware,4628.25
2026-01-12,Norte,NOR-01,Hardware,6526.69
2026-01-12,Norte,NOR-02,Soporte,3060.64
2026-01-12,Norte,NOR-02,Servicios,1519.16
2026-01-12,Norte,NOR-03,Software,1820.8
2026-01-12,Norte,NOR-01,Servicios,5883.96
2026-01-12,Norte,NOR-01,Software,14458.98
2026-01-12,Occidente,OCC-05,Software,1361.82
2026-01-12,Occidente,OCC-05,Software,2436.22
2026-01-12,Occidente,OCC-05,Software,1245.06
2026-01-12,Occidente,OCC-03,Servicios,19652.71
2026-01-12,Occidente,OCC-03,Software,500.0
2026-01-12,Sureste,SUR-04,Software,12159.14
2026-01-12,Sureste,SUR-05,Software,575.24
2026-01-12,Sureste,SUR-05,Software,7852.18
2026-01-12,Sureste,SUR-03,Soporte,2279.88
2026-01-12,Sureste,SUR-05,Servicios,1123.44
2026-01-12,Sureste,SUR-01,Software,2640.36
2026-01-13,Centro,CEN-02,Software,8247.36
2026-01-13,Centro,CEN-01,Software,9869.56
2026-01-13,Centro,CEN-04,Servicios,11948.08
2026-01-13,Centro,CEN-01,Servicios,4689.37
2026-01-13,Centro,CEN-01,Software,37666.84
2026-01-13,Centro,CEN-03,Software,16723.22
2026-01-13,Norte,NOR-05,Software,14033.54
2026-01-13,Norte,NOR-05,Software,9942.16
2026-01-13,Norte,NOR-03,Software,19470.24
2026-01-13,Norte,NOR-05,Servicios,18963.66
2026-01-13,Norte,NOR-02,Software,3128.13
2026-01-13,Norte,NOR-03,Software,4413.6
2026-01-13,Norte,NOR-01,Servicios,2030.59
2026-01-13,Occidente,OCC-03,Servicios,5201.42
2026-01-13,Occidente,OCC-02,Servicios,8943.61
2026-01-13,Occidente,OCC-01,Servicios,9316.32
2026-01-13,Occidente,OCC-02,Software,6342.43
2026-01-13,Occidente,OCC-02,Servicios,12596.27
2026-01-13,Occidente,OCC-03,Hardware,15513.09
2026-01-13,Sureste,SUR-05,Servicios,9686.83
2026-01-13,Sureste,SUR-03,Soporte,7642.56
2026-01-13,Sureste,SUR-02,Software,1864.01
2026-01-13,Sureste,SUR-01,Software,24326.31
2026-01-13,Sureste,SUR-03,Hardware,5398.29
2026-01-13,Sureste,SUR-02,Servicios,8816.32
2026-01-13,Sureste,SUR-03,Servicios,2752.77
2026-01-13,Sureste,SUR-02,Software,25835.73
2026-01-14,Centro,CEN-03,Hardware,11254.91
2026-01-14,Centro,CEN-04,Software,21208.3
2026-01-14,Centro,CEN-05,Software,46240.46
2026-01-14,Centro,CEN-01,Servicios,6314.48
2026-01-14,Centro,CEN-01,Software,7665.26
2026-01-14,Centro,CEN-04,Servicios,8563.4
2026-01-14,Centro,CEN-01,Soporte,8812.9
2026-01-14,Norte,NOR-04,Software,3460.47
2026-01-14,Norte,NOR-03,Software,1683.04
2026-01-14,Norte,NOR-01,Hardware,7561.44
2026-01-14,Norte,NOR-05,Software,17497.98
2026-01-14,Norte,NOR-03,Software,4570.23
2026-01-14,Norte,NOR-01,Hardware,18733.89
2026-01-14,Norte,NOR-03,Servicios,21316.47
2026-01-14,Norte,NOR-03,Software,10411.98
2026-01-14,Norte,NOR-04,Software,14485.38
2026-01-14,Occidente,OCC-05,Servicios,8452.36
2026-01-14,Occidente,OCC-02,Hardware,16050.7
2026-01-14,Occidente,OCC-01,Hardware,9714.97
2026-01-14,Occidente,OCC-03,Software,10161.84
2026-01-14,Sureste,SUR-05,Software,4183.26
2026-01-14,Sureste,SUR-04,Hardware,2809.73
2026-01-14,Sureste,SUR-04,Software,6371.8
2026-01-14,Sureste,SUR-04,Hardware,5748.69
2026-01-15,Centro,CEN-01,Soporte,9880.89
2026-01-15,Centro,CEN-05,Software,12919.62
2026-01-15,Norte,NOR-03,Servicios,4509.09
2026-01-15,Norte,NOR-04,Software,22587.75
2026-01-15,Norte,NOR-03,Software,6589.95
2026-01-15,Norte,NOR-01,Hardware,2470.19
2026-01-15,Norte,NOR-05,Software,12492.16
2026-01-15,Norte,NOR-03,Soporte,4872.16
2026-01-15,Occidente,OCC-03,Hardware,3154.56
2026-01-15,Occidente,OCC-03,Servicios,2983.97
2026-01-15,Occidente,OCC-04,Software,3008.88
2026-01-15,Occidente,OCC-01,Hardware,13207.4
2026-01-15,Occidente,OCC-03,Software,13329.98
2026-01-15,Occidente,OCC-04,Servicios,22457.52
2026-01-15,Sureste,SUR-02,Software,14172.58
2026-01-15,Sureste,SUR-05,Software,5087.51
2026-01-15,Sureste,SUR-03,Hardware,2011.27
2026-01-16,Centro,CEN-01,Servicios,11917.41
2026-01-16,Centro,CEN-04,Servicios,4984.5
2026-01-16,Centro,CEN-02,Software,12304.26
2026-01-16,Norte,NOR-02,Software,11019.7
2026-01-16,Occidente,OCC-04,Hardware,3612.44
2026-01-16,Occidente,OCC-04,Hardware,16230.48
2026-01-16,Occidente,OCC-04,Hardware,5382.43
2026-01-16,Occidente,OCC-03,Servicios,23020.4
2026-01-16,Occidente,OCC-01,Software,5729.19
2026-01-16,Occidente,OCC-04,Software,12113.65
2026-01-16,Occidente,OCC-04,Hardware,10651.94
2026-01-16,Sureste,SUR-01,Servicios,4297.72
2026-01-16,Sureste,SUR-04,Hardware,7114.82
2026-01-16,Sureste,SUR-04,Servicios,30170.63
2026-01-16,Sureste,SUR-02,Servicios,7093.96
2026-01-16,Sureste,SUR-02,Soporte,12820.25
2026-01-16,Sureste,SUR-02,Software,7543.0
2026-01-19,Centro,CEN-04,Software,12496.0
2026-01-19,Centro,CEN-01,Hardware,859.84
2026-01-19,Centro,CEN-01,Software,6122.19
2026-01-19,Centro,CEN-04,Servicios,12888.69
2026-01-19,Centro,CEN-01,Servicios,7372.06
2026-01-19,Centro,CEN-03,Servicios,13526.33
2026-01-19,Norte,NOR-03,Software,2290.2
2026-01-19,Norte,NOR-04,Hardware,1800.19
2026-01-19,Norte,NOR-04,Servicios,14579.28
2026-01-19,Norte,NOR-04,Software,6353.67
2026-01-19,Occidente,OCC-05,Software,7103.25
2026-01-19,Occidente,OCC-02,Servicios,11182.92
2026-01-19,Occidente,OCC-03,Servicios,15002.8
2026-01-19,Sureste,SUR-05,Soporte,7089.59
2026-01-19,Sureste,SUR-04,Hardware,6760.29
2026-01-19,Sureste,SUR-02,Soporte,3308.67
2026-01-20,Centro,CEN-02,Soporte,12241.94
2026-01-20,Centro,CEN-04,Software,21026.17
2026-01-20,Norte,NOR-01,Software,5551.15
2026-01-20,Norte,NOR-02,Software,8303.29
2026-01-20,Norte,NOR-03,Servicios,10778.88
2026-01-20,Norte,NOR-03,Software,11509.34
2026-01-20,Norte,NOR-01,Servicios,14701.53
2026-01-20,Norte,NOR-03,Servicios,1907.85
2026-01-20,Occidente,OCC-03,Servicios,11202.89
2026-01-20,Occidente,OCC-05,Servicios,3373.92
2026-01-20,Occidente,OCC-04,Servicios,2365.15
2026-01-20,Sureste,SUR-03,Servicios,1191.85
2026-01-20,Sureste,SUR-04,Software,6100.41
2026-01-20,Sureste,SUR-05,Software,7251.37
2026-01-20,Sureste,SUR-05,Soporte,7655.22
2026-01-20,Sureste,SUR-04,Software,21615.39
2026-01-21,Centro,CEN-04,Software,11442.42
2026-01-21,Centro,CEN-02,Soporte,3254.25
2026-01-21,Centro,CEN-04,Software,25566.3
2026-01-21,Centro,CEN-02,Software,10030.85
2026-01-21,Centro,CEN-05,Servicios,8548.89
2026-01-21,Norte,NOR-03,Servicios,9483.51
2026-01-21,Norte,NOR-01,Servicios,8497.39
2026-01-21,Norte,NOR-01,Hardware,3797.37
2026-01-21,Norte,NOR-05,Software,15699.95
2026-01-21,Norte,NOR-05,Servicios,19499.49
2026-01-21,Norte,NOR-02,Servicios,11265.13
2026-01-21,Occidente,OCC-04,Servicios,1970.46
2026-01-21,Occidente,OCC-02,Servicios,9246.46
2026-01-21,Sureste,SUR-04,Hardware,6645.08
2026-01-21,Sureste,SUR-03,Servicios,1684.77
2026-01-21,Sureste,SUR-04,Software,9628.58
2026-01-21,Sureste,SUR-02,Software,15515.29
2026-01-21,Sureste,SUR-04,Soporte,7442.31
2026-01-22,Centro,CEN-04,Software,10448.8
2026-01-22,Centro,CEN-03,Soporte,13867.91
2026-01-22,Centro,CEN-04,Software,17806.28
2026-01-22,Centro,CEN-01,Servicios,3927.52
2026-01-22,Centro,CEN-04,Software,4275.92
2026-01-22,Centro,CEN-03,Servicios,5088.67
2026-01-22,Norte,NOR-04,Hardware,5103.3
2026-01-22,Norte,NOR-03,Software,15189.91
2026-01-22,Norte,NOR-01,Servicios,5122.05
2026-01-22,Norte,NOR-02,Software,4675.83
2026-01-22,Norte,NOR-01,Hardware,7035.97
2026-01-22,Norte,NOR-05,Soporte,12368.58
2026-01-22,Norte,NOR-01,Servicios,3737.51
2026-01-22,Norte,NOR-04,Hardware,9173.09
2026-01-22,Occidente,OCC-03,Software,21220.14
2026-01-22,Occidente,OCC-03,Software,17883.98
2026-01-22,Occidente,OCC-03,Servicios,12704.49
2026-01-22,Occidente,OCC-01,Software,19499.76
2026-01-22,Occidente,OCC-03,Servicios,11938.13
2026-01-22,Occidente,OCC-01,Software,3811.67
2026-01-22,Sureste,SUR-03,Hardware,12060.73
2026-01-22,Sureste,SUR-02,Servicios,4366.53
2026-01-22,Sureste,SUR-05,Software,3618.62
2026-01-22,Sureste,SUR-05,Servicios,7308.62
2026-01-22,Sureste,SUR-05,Servicios,2415.32
2026-01-22,Sureste,SUR-04,Software,5432.74
2026-01-22,Sureste,SUR-04,Hardware,4118.72
2026-01-23,Centro,CEN-01,Hardware,15508.59
2026-01-23,Centro,CEN-05,Hardware,13332.58
2026-01-23,Centro,CEN-04,Servicios,9361.4
2026-01-23,Centro,CEN-03,Servicios,2673.36
2026-01-23,Centro,CEN-05,Hardware,8604.24
2026-01-23,Norte,NOR-03,Software,14564.84
2026-01-23,Norte,NOR-04,Software,10627.9
2026-01-23,Norte,NOR-04,Software,15487.06
2026-01-23,Occidente,OCC-04,Hardware,4849.77
2026-01-23,Occidente,OCC-01,Servicios,6987.53
2026-01-23,Occidente,OCC-02,Software,7506.41
2026-01-23,Occidente,OCC-03,Hardware,8536.77
2026-01-23,Sureste,SUR-01,Servicios,6723.38
2026-01-23,Sureste,SUR-02,Software,8263.61
2026-01-23,Sureste,SUR-03,Servicios,6180.37
2026-01-23,Sureste,SUR-03,Software,1940.72
2026-01-23,Sureste,SUR-02,Software,11574.29
2026-01-26,Centro,CEN-03,Software,13057.36
2026-01-26,Centro,CEN-05,Hardware,2079.29
2026-01-26,Centro,CEN-03,Hardware,7640.21
2026-01-26,Centro,CEN-01,Software,4852.64
2026-01-26,Norte,NOR-01,Software,10382.62
2026-01-26,Norte,NOR-02,Software,9111.89
2026-01-26,Norte,NOR-05,Software,11644.13
2026-01-26,Norte,NOR-05,Servicios,17746.43
2026-01-26,Norte,NOR-02,Software,3787.48
2026-01-26,Norte,NOR-03,Hardware,11133.04
2026-01-26,Norte,NOR-03,Servicios,20577.55
2026-01-26,Occidente,OCC-04,Software,6020.54
2026-01-26,Occidente,OCC-01,Software,5307.46
2026-01-26,Occidente,OCC-02,Servicios,35088.37
2026-01-26,Sureste,SUR-05,Software,8125.7
2026-01-26,Sureste,SUR-01,Software,3781.38
2026-01-26,Sureste,SUR-04,Software,9332.91
2026-01-26,Sureste,SUR-04,Software,9974.14
2026-01-26,Sureste,SUR-04,Software,11998.33
2026-01-26,Sureste,SUR-05,Servicios,7909.99
2026-01-27,Centro,CEN-05,Servicios,5254.16
2026-01-27,Centro,CEN-05,Soporte,19340.76
2026-01-27,Centro,CEN-03,Hardware,25995.94
2026-01-27,Centro,CEN-01,Hardware,13602.01
2026-01-27,Centro,CEN-01,Software,4161.44
2026-01-27,Centro,CEN-04,Soporte,4788.8
2026-01-27,Norte,NOR-04,Software,3237.98
2026-01-27,Norte,NOR-02,Hardware,1035.61
2026-01-27,Norte,NOR-02,Servicios,12113.4
2026-01-27,Norte,NOR-05,Hardware,6607.04
2026-01-27,Occidente,OCC-01,Software,5076.76
2026-01-27,Occidente,OCC-05,Servicios,4528.69
2026-01-27,Occidente,OCC-01,Software,4229.96
2026-01-27,Occidente,OCC-04,Servicios,6543.23
2026-01-27,Occidente,OCC-02,Software,9137.64
2026-01-27,Occidente,OCC-02,Hardware,3130.17
2026-01-27,Occidente,OCC-03,Servicios,12738.84
2026-01-27,Sureste,SUR-01,Software,3322.37
2026-01-27,Sureste,SUR-04,Software,2899.39
2026-01-27,Sureste,SUR-05,Soporte,2462.47
2026-01-27,Sureste,SUR-02,Servicios,7644.15
2026-01-28,Centro,CEN-03,Software,13095.1
2026-01-28,Centro,CEN-03,Software,5773.57
2026-01-28,Centro,CEN-04,Servicios,1796.46
2026-01-28,Centro,CEN-05,Servicios,12238.12
2026-01-28,Norte,NOR-03,Servicios,12152.0
2026-01-28,Norte,NOR-04,Software,5832.71
2026-01-28,Norte,NOR-05,Hardware,12099.12
2026-01-28,Norte,NOR-03,Hardware,10575.58
2026-01-28,Norte,NOR-01,Servicios,8648.58
2026-01-28,Occidente,OCC-01,Software,7923.25
2026-01-28,Occidente,OCC-04,Hardware,4248.82
2026-01-28,Occidente,OCC-02,Hardware,12311.19
2026-01-28,Occidente,OCC-01,Software,18894.8
2026-01-28,Sureste,SUR-05,Soporte,5091.07
2026-01-28,Sureste,SUR-03,Servicios,15058.56
2026-01-28,Sureste,SUR-01,Servicios,4346.92
2026-01-28,Sureste,SUR-03,Software,2632.52
2026-01-28,Sureste,SUR-04,Software,6984.24
2026-01-28,Sureste,SUR-04,Servicios,8302.09
2026-01-29,Centro,CEN-05,Hardware,7328.27
2026-01-29,Centro,CEN-04,Servicios,13564.03
2026-01-29,Centro,CEN-02,Hardware,14871.08
2026-01-29,Centro,CEN-03,Servicios,4733.05
2026-01-29,Norte,NOR-02,Software,7983.15
2026-01-29,Norte,NOR-01,Hardware,10208.81
2026-01-29,Norte,NOR-04,Servicios,5889.43
2026-01-29,Norte,NOR-01,Hardware,12911.4
2026-01-29,Norte,NOR-05,Software,4743.33
2026-01-29,Norte,NOR-01,Servicios,7065.06
2026-01-29,Occidente,OCC-04,Hardware,6503.89
2026-01-29,Occidente,OCC-05,Software,14878.77
2026-01-29,Occidente,OCC-05,Software,9544.2
2026-01-29,Sureste,SUR-05,Soporte,2574.49
2026-01-29,Sureste,SUR-04,Software,6584.76
2026-01-29,Sureste,SUR-01,Software,2132.35
2026-01-29,Sureste,SUR-05,Servicios,5122.33
2026-01-29,Sureste,SUR-05,Software,13430.65
2026-01-30,Centro,CEN-01,Software,21749.68
2026-01-30,Centro,CEN-02,Servicios,9158.79
2026-01-30,Centro,CEN-05,Software,13147.96
2026-01-30,Centro,CEN-03,Servicios,3419.69
2026-01-30,Centro,CEN-01,Software,500.0
2026-01-30,Centro,CEN-03,Servicios,7267.39
2026-01-30,Centro,CEN-02,Soporte,17831.93
2026-01-30,Norte,NOR-03,Servicios,8240.87
2026-01-30,Norte,NOR-03,Soporte,13734.43
2026-01-30,Norte,NOR-05,Soporte,2096.83
2026-01-30,Occidente,OCC-03,Hardware,1338.24
2026-01-30,Occidente,OCC-01,Software,22154.82
2026-01-30,Occidente,OCC-04,Software,14828.58
2026-01-30,Occidente,OCC-04,Software,15033.51
2026-01-30,Occidente,OCC-01,Servicios,8892.28
2026-01-30,Occidente,OCC-01,Servicios,14059.92
2026-01-30,Sureste,SUR-03,Software,6894.43
2026-01-30,Sureste,SUR-02,Servicios,6046.73
2026-02-02,Centro,CEN-01,Servicios,19158.36
2026-02-02,Centro,CEN-02,Software,24617.93
2026-02-02,Centro,CEN-01,Hardware,20891.75
2026-02-02,Centro,CEN-03,Servicios,6347.61
2026-02-02,Centro,CEN-01,Software,1866.08
2026-02-02,Centro,CEN-01,Software,6223.08
2026-02-02,Norte,NOR-01,Servicios,3278.98
2026-02-02,Norte,NOR-04,Software,5257.69
2026-02-02,Norte,NOR-03,Servicios,1500.45
2026-02-02,Norte,NOR-02,Servicios,3802.11
2026-02-02,Occidente,OCC-03,Software,3233.61
2026-02-02,Occidente,OCC-03,Software,8993.43
2026-02-02,Occidente,OCC-02,Software,4218.55
2026-02-02,Occidente,OCC-02,Soporte,5942.88
2026-02-02,Sureste,SUR-04,Software,5610.55
2026-02-02,Sureste,SUR-05,Servicios,7505.14
2026-02-02,Sureste,SUR-02,Servicios,8258.06
2026-02-02,Sureste,SUR-04,Hardware,10000.98
2026-02-02,Sureste,SUR-04,Servicios,10699.82
2026-02-02,Sureste,SUR-02,Servicios,971.13
2026-02-02,Sureste,SUR-01,Hardware,2697.59
2026-02-02,Sureste,SUR-03,Software,11341.65
2026-02-03,Centro,CEN-03,Hardware,12991.21
2026-02-03,Centro,CEN-05,Servicios,15002.72
2026-02-03,Centro,CEN-05,Soporte,6376.18
2026-02-03,Norte,NOR-03,Hardware,13087.76
2026-02-03,Norte,NOR-03,Hardware,805.59
2026-02-03,Norte,NOR-03,Hardware,40353.03
2026-02-03,Norte,NOR-04,Software,6774.84
2026-02-03,Norte,NOR-05,Hardware,17612.23
2026-02-03,Norte,NOR-03,Soporte,2865.02
2026-02-03,Occidente,OCC-03,Software,4173.21
2026-02-03,Occidente,OCC-05,Software,17551.22
2026-02-03,Occidente,OCC-01,Soporte,5524.18
2026-02-03,Occidente,OCC-02,Software,15690.72
2026-02-03,Sureste,SUR-01,Software,8100.33
2026-02-03,Sureste,SUR-04,Software,3313.77
2026-02-03,Sureste,SUR-04,Servicios,5105.86
2026-02-03,Sureste,SUR-05,Software,5812.97
2026-02-03,Sureste,SUR-02,Hardware,8614.16
2026-02-03,Sureste,SUR-04,Software,7759.12
2026-02-03,Sureste,SUR-02,Hardware,3085.96
2026-02-03,Sureste,SUR-03,Servicios,5937.87
2026-02-03,Sureste,SUR-05,Software,4378.84
2026-02-04,Centro,CEN-02,Hardware,18603.05
2026-02-04,Centro,CEN-04,Hardware,4809.22
2026-02-04,Centro,CEN-02,Hardware,4151.48
2026-02-04,Centro,CEN-03,Servicios,8472.76
2026-02-04,Centro,CEN-01,Software,10850.68
2026-02-04,Centro,CEN-01,Hardware,10775.35
2026-02-04,Centro,CEN-01,Soporte,15122.24
2026-02-04,Centro,CEN-01,Software,9526.01
2026-02-04,Norte,NOR-02,Hardware,7761.02
2026-02-04,Norte,NOR-02,Software,4739.5
2026-02-04,Norte,NOR-03,Soporte,8409.0
2026-02-04,Norte,NOR-01,Software,7705.54
2026-02-04,Norte,NOR-03,Hardware,7313.64
2026-02-04,Norte,NOR-03,Software,3261.44
2026-02-04,Norte,NOR-03,Servicios,4929.48
2026-02-04,Norte,NOR-05,Hardware,6567.6
2026-02-04,Occidente,OCC-01,Software,10907.16
2026-02-04,Occidente,OCC-04,Servicios,3975.53
2026-02-04,Occidente,OCC-01,Software,6521.65
2026-02-04,Occidente,OCC-02,Software,12650.75
2026-02-04,Occidente,OCC-02,Servicios,7054.58
2026-02-04,Occidente,OCC-01,Software,3641.02
2026-02-04,Sureste,SUR-01,Servicios,11295.35
2026-02-04,Sureste,SUR-02,Servicios,3175.53
2026-02-04,Sureste,SUR-02,Software,8971.73
2026-02-05,Centro,CEN-02,Servicios,16259.64
2026-02-05,Centro,CEN-04,Software,12210.64
2026-02-05,Norte,NOR-01,Servicios,7608.96
2026-02-05,Norte,NOR-05,Soporte,6428.59
2026-02-05,Norte,NOR-01,Servicios,20352.11
2026-02-05,Norte,NOR-04,Software,10609.12
2026-02-05,Norte,NOR-03,Servicios,7613.02
2026-02-05,Norte,NOR-01,Software,16585.74
2026-02-05,Occidente,OCC-04,Software,12287.06
2026-02-05,Occidente,OCC-02,Software,11451.18
2026-02-05,Occidente,OCC-01,Servicios,9657.26
2026-02-05,Occidente,OCC-05,Servicios,13070.73
2026-02-05,Occidente,OCC-05,Servicios,9564.3
2026-02-05,Occidente,OCC-05,Software,15695.81
2026-02-05,Occidente,OCC-03,Hardware,8108.37
2026-02-05,Sureste,SUR-01,Software,2904.31
2026-02-05,Sureste,SUR-02,Software,13117.35
2026-02-05,Sureste,SUR-02,Servicios,16987.11
2026-02-05,Sureste,SUR-01,Servicios,4928.28
2026-02-05,Sureste,SUR-05,Software,4480.42
2026-02-05,Sureste,SUR-04,Servicios,5683.44
2026-02-05,Sureste,SUR-02,Software,10205.92
2026-02-05,Sureste,SUR-05,Servicios,4004.69
2026-02-06,Centro,CEN-04,Soporte,5874.54
2026-02-06,Norte,NOR-05,Software,1729.41
2026-02-06,Norte,NOR-03,Software,12387.3
2026-02-06,Norte,NOR-05,Servicios,2001.9
2026-02-06,Occidente,OCC-02,Soporte,11737.18
2026-02-06,Occidente,OCC-02,Software,13094.42
2026-02-06,Occidente,OCC-04,Servicios,2038.22
2026-02-06,Sureste,SUR-02,Servicios,18580.09
2026-02-06,Sureste,SUR-01,Servicios,9391.22
2026-02-06,Sureste,SUR-03,Soporte,1250.08
2026-02-06,Sureste,SUR-05,Software,2694.41
2026-02-06,Sureste,SUR-04,Hardware,5323.06
2026-02-06,Sureste,SUR-02,Software,5953.42
2026-02-06,Sureste,SUR-04,Software,13069.64
2026-02-06,Sureste,SUR-05,Soporte,9070.1
2026-02-09,Centro,CEN-03,Software,575.89
2026-02-09,Centro,CEN-04,Hardware,17187.3
2026-02-09,Centro,CEN-02,Software,4044.71
2026-02-09,Norte,NOR-01,Software,2359.64
2026-02-09,Norte,NOR-02,Servicios,1294.44
2026-02-09,Norte,NOR-03,Soporte,5723.92
2026-02-09,Norte,NOR-01,Servicios,27903.42
2026-02-09,Norte,NOR-01,Soporte,24103.96
2026-02-09,Norte,NOR-02,Hardware,39889.26
2026-02-09,Norte,NOR-03,Hardware,5956.0
2026-02-09,Norte,NOR-01,Hardware,8579.93
2026-02-09,Norte,NOR-05,Software,5528.48
2026-02-09,Occidente,OCC-02,Hardware,5864.64
2026-02-09,Occidente,OCC-04,Software,6703.12
2026-02-09,Occidente,OCC-02,Hardware,7948.42
2026-02-09,Occidente,OCC-04,Servicios,8715.04
2026-02-09,Occidente,OCC-03,Software,42139.07
2026-02-09,Sureste,SUR-03,Servicios,2188.96
2026-02-09,Sureste,SUR-05,Software,2428.57
2026-02-09,Sureste,SUR-03,Software,1723.58
2026-02-09,Sureste,SUR-04,Software,9023.72
2026-02-09,Sureste,SUR-03,Hardware,8991.2
2026-02-10,Centro,CEN-01,Software,9794.49
2026-02-10,Centro,CEN-02,Hardware,7324.49
2026-02-10,Centro,CEN-03,Servicios,3642.28
2026-02-10,Norte,NOR-05,Software,9619.2
2026-02-10,Norte,NOR-04,Software,7542.26
2026-02-10,Norte,NOR-04,Hardware,8304.59
2026-02-10,Norte,NOR-02,Servicios,4175.82
2026-02-10,Occidente,OCC-04,Servicios,5454.22
2026-02-10,Occidente,OCC-02,Software,6821.74
2026-02-10,Occidente,OCC-03,Servicios,16204.3
2026-02-10,Sureste,SUR-04,Hardware,4838.01
2026-02-10,Sureste,SUR-01,Servicios,6917.96
2026-02-10,Sureste,SUR-05,Soporte,1397.95
2026-02-11,Centro,CEN-02,Software,15466.34
2026-02-11,Centro,CEN-04,Software,13561.69
2026-02-11,Centro,CEN-05,Servicios,12425.84
2026-02-11,Centro,CEN-03,Software,31515.95
2026-02-11,Centro,CEN-04,Servicios,25931.32
2026-02-11,Norte,NOR-01,Software,4185.9
2026-02-11,Norte,NOR-05,Software,3582.55
2026-02-11,Norte,NOR-01,Hardware,4639.19
2026-02-11,Occidente,OCC-02,Software,9935.77
2026-02-11,Occidente,OCC-03,Hardware,1642.66
2026-02-11,Occidente,OCC-01,Hardware,10251.43
2026-02-11,Occidente,OCC-02,Servicios,2559.1
2026-02-11,Occidente,OCC-04,Software,13388.93
2026-02-11,Occidente,OCC-04,Servicios,8396.43
2026-02-11,Occidente,OCC-05,Servicios,500.0
2026-02-11,Occidente,OCC-05,Software,5799.9
2026-02-11,Occidente,OCC-03,Servicios,8193.84
2026-02-11,Sureste,SUR-05,Servicios,10045.27
2026-02-11,Sureste,SUR-04,Software,10676.79
2026-02-12,Centro,CEN-05,Soporte,4058.12
2026-02-12,Centro,CEN-01,Soporte,3224.73
2026-02-12,Centro,CEN-03,Hardware,7499.31
2026-02-12,Centro,CEN-01,Servicios,21294.21
2026-02-12,Centro,CEN-01,Software,884.3
2026-02-12,Centro,CEN-05,Software,4396.22
2026-02-12,Centro,CEN-02,Servicios,27087.76
2026-02-12,Norte,NOR-02,Servicios,8231.19
2026-02-12,Norte,NOR-03,Soporte,15831.67
2026-02-12,Norte,NOR-01,Servicios,3857.61
2026-02-12,Norte,NOR-03,Software,3661.71
2026-02-12,Norte,NOR-02,Hardware,20977.16
2026-02-12,Norte,NOR-02,Servicios,7108.29
2026-02-12,Occidente,OCC-03,Servicios,26685.58
2026-02-12,Occidente,OCC-02,Hardware,10221.77
2026-02-12,Occidente,OCC-01,Software,24456.37
2026-02-12,Occidente,OCC-01,Servicios,16554.63
2026-02-12,Occidente,OCC-03,Servicios,45815.35
2026-02-12,Occidente,OCC-01,Soporte,6800.12
2026-02-12,Occidente,OCC-04,Soporte,15575.2
2026-02-12,Occidente,OCC-02,Soporte,18106.08
2026-02-12,Occidente,OCC-03,Servicios,5710.47
2026-02-12,Occidente,OCC-03,Software,2800.83
2026-02-12,Sureste,SUR-03,Hardware,1498.6
2026-02-12,Sureste,SUR-01,Hardware,6878.85
2026-02-12,Sureste,SUR-02,Servicios,14594.09
2026-02-12,Sureste,SUR-02,Servicios,8948.0
2026-02-13,Centro,CEN-05,Hardware,5070.19
2026-02-13,Centro,CEN-05,Servicios,28993.01
2026-02-13,Centro,CEN-03,Software,13013.77
2026-02-13,Centro,CEN-03,Hardware,14246.11
2026-02-13,Norte,NOR-01,Servicios,2517.76
2026-02-13,Norte,NOR-03,Software,8293.88
2026-02-13,Norte,NOR-04,Software,10720.46
2026-02-13,Norte,NOR-03,Hardware,1813.55
2026-02-13,Norte,NOR-04,Soporte,11173.46
2026-02-13,Norte,NOR-04,Software,12058.86
2026-02-13,Occidente,OCC-05,Servicios,14450.39
2026-02-13,Occidente,OCC-02,Software,5819.22
2026-02-13,Occidente,OCC-03,Software,12988.2
2026-02-13,Occidente,OCC-03,Software,10850.16
2026-02-13,Occidente,OCC-05,Soporte,10469.44
2026-02-13,Occidente,OCC-03,Software,18257.37
2026-02-13,Occidente,OCC-05,Software,5223.15
2026-02-13,Occidente,OCC-02,Servicios,3511.06
2026-02-13,Occidente,OCC-02,Servicios,17231.6
2026-02-13,Sureste,SUR-03,Servicios,4475.64
2026-02-13,Sureste,SUR-03,Servicios,10679.95
2026-02-13,Sureste,SUR-02,Servicios,11727.21
2026-02-13,Sureste,SUR-03,Hardware,8292.74
2026-02-13,Sureste,SUR-03,Software,2319.74
2026-02-13,Sureste,SUR-05,Servicios,14350.9
2026-02-13,Sureste,SUR-01,Servicios,1787.84
2026-02-13,Sureste,SUR-04,Software,10115.82
2026-02-16,Centro,CEN-02,Hardware,15555.26
2026-02-16,Centro,CEN-04,Servicios,25219.83
2026-02-16,Centro,CEN-02,Software,4235.24
2026-02-16,Centro,CEN-04,Hardware,8551.67
2026-02-16,Norte,NOR-02,Hardware,8429.7
2026-02-16,Norte,NOR-03,Hardware,3969.35
2026-02-16,Norte,NOR-03,Soporte,3499.83
2026-02-16,Occidente,OCC-04,Servicios,16093.7
2026-02-16,Occidente,OCC-04,Software,10665.18
2026-02-16,Occidente,OCC-03,Servicios,10417.76
2026-02-16,Occidente,OCC-02,Software,7341.79
2026-02-16,Occidente,OCC-04,Servicios,2018.28
2026-02-16,Occidente,OCC-05,Software,1675.12
2026-02-16,Sureste,SUR-04,Servicios,3969.46
2026-02-16,Sureste,SUR-04,Software,8539.83
2026-02-17,Centro,CEN-04,Software,6997.4
2026-02-17,Centro,CEN-02,Software,3975.68
2026-02-17,Centro,CEN-01,Soporte,10992.93
2026-02-17,Centro,CEN-02,Servicios,3894.15
2026-02-17,Norte,NOR-02,Servicios,597.34
2026-02-17,Norte,NOR-04,Hardware,16266.43
2026-02-17,Norte,NOR-02,Servicios,7004.7
2026-02-17,Norte,NOR-03,Soporte,4998.08
2026-02-17,Norte,NOR-05,Hardware,9343.87
2026-02-17,Norte,NOR-04,Servicios,26849.33
2026-02-17,Norte,NOR-01,Software,6511.58
2026-02-17,Norte,NOR-04,Servicios,8652.92
2026-02-17,Norte,NOR-05,Servicios,6215.19
2026-02-17,Occidente,OCC-04,Hardware,3274.27
2026-02-17,Occidente,OCC-04,Hardware,13292.27
2026-02-17,Occidente,OCC-02,Software,7508.56
2026-02-17,Occidente,OCC-01,Software,5519.06
2026-02-17,Occidente,OCC-02,Hardware,9282.03
2026-02-17,Occidente,OCC-05,Servicios,12422.21
2026-02-17,Occidente,OCC-01,Servicios,14879.61
2026-02-17,Occidente,OCC-05,Software,21574.72
2026-02-17,Sureste,SUR-05,Servicios,6251.09
2026-02-17,Sureste,SUR-04,Servicios,4153.48
2026-02-18,Centro,CEN-01,Servicios,5772.81
2026-02-18,Norte,NOR-03,Software,11718.29
2026-02-18,Norte,NOR-02,Software,11661.04
2026-02-18,Norte,NOR-02,Hardware,22400.84
2026-02-18,Norte,NOR-03,Software,19029.18
2026-02-18,Norte,NOR-01,Software,8097.39
2026-02-18,Norte,NOR-03,Software,15918.03
2026-02-18,Norte,NOR-04,Soporte,20793.63
2026-02-18,Occidente,OCC-01,Software,14983.43
2026-02-18,Occidente,OCC-03,Software,21046.61
2026-02-18,Occidente,OCC-04,Soporte,4288.88
2026-02-18,Occidente,OCC-02,Software,2809.46
2026-02-18,Occidente,OCC-01,Software,14285.76
2026-02-18,Sureste,SUR-02,Servicios,2488.46
2026-02-18,Sureste,SUR-02,Soporte,3673.45
2026-02-18,Sureste,SUR-01,Software,2775.31
2026-02-19,Centro,CEN-01,Hardware,12063.29
2026-02-19,Centro,CEN-04,Hardware,11471.93
2026-02-19,Centro,CEN-01,Software,13856.36
2026-02-19,Centro,CEN-01,Software,6010.22
2026-02-19,Centro,CEN-05,Software,7901.36
2026-02-19,Centro,CEN-03,Hardware,9842.08
2026-02-19,Centro,CEN-03,Software,26089.08
2026-02-19,Centro,CEN-03,Software,1356.66
2026-02-19,Norte,NOR-01,Servicios,8404.35
2026-02-19,Norte,NOR-03,Software,8855.84
2026-02-19,Norte,NOR-02,Software,11603.6
2026-02-19,Norte,NOR-04,Software,12445.73
2026-02-19,Occidente,OCC-04,Software,9176.66
2026-02-19,Occidente,OCC-02,Servicios,16929.2
2026-02-19,Occidente,OCC-05,Software,5809.72
2026-02-19,Occidente,OCC-01,Servicios,3354.35
2026-02-19,Sureste,SUR-01,Software,3426.85
2026-02-19,Sureste,SUR-04,Servicios,7202.94
2026-02-19,Sureste,SUR-04,Servicios,18340.9
2026-02-19,Sureste,SUR-02,Software,5935.43
2026-02-19,Sureste,SUR-04,Servicios,7756.42
2026-02-19,Sureste,SUR-03,Software,6009.63
2026-02-20,Centro,CEN-03,Servicios,9483.02
2026-02-20,Centro,CEN-04,Software,31279.75
2026-02-20,Centro,CEN-04,Software,5368.71
2026-02-20,Centro,CEN-04,Servicios,3838.28
2026-02-20,Norte,NOR-03,Software,5873.15
2026-02-20,Norte,NOR-02,Hardware,4060.04
2026-02-20,Norte,NOR-05,Software,22057.45
2026-02-20,Norte,NOR-02,Servicios,5402.65
2026-02-20,Norte,NOR-02,Servicios,5996.58
2026-02-20,Norte,NOR-01,Software,11569.41
2026-02-20,Norte,NOR-03,Hardware,1354.22
2026-02-20,Norte,NOR-04,Hardware,2815.76
2026-02-20,Norte,NOR-03,Servicios,4038.42
2026-02-20,Occidente,OCC-04,Software,7333.68
2026-02-20,Occidente,OCC-01,Servicios,2488.44
2026-02-20,Occidente,OCC-05,Software,11458.69
2026-02-20,Sureste,SUR-02,Hardware,914.5
2026-02-20,Sureste,SUR-01,Software,11263.12
2026-02-20,Sureste,SUR-03,Soporte,15733.48
2026-02-20,Sureste,SUR-01,Servicios,7985.6
2026-02-23,Centro,CEN-01,Hardware,8247.14
2026-02-23,Norte,NOR-02,Hardware,7646.91
2026-02-23,Norte,NOR-04,Hardware,4123.19
2026-02-23,Norte,NOR-01,Software,4180.78
2026-02-23,Norte,NOR-02,Servicios,2966.11
2026-02-23,Norte,NOR-05,Software,1997.23
2026-02-23,Norte,NOR-05,Hardware,12963.09
2026-02-23,Norte,NOR-05,Software,3051.76
2026-02-23,Occidente,OCC-04,Software,1828.32
2026-02-23,Occidente,OCC-02,Servicios,22143.15
2026-02-23,Occidente,OCC-05,Software,4136.4
2026-02-23,Occidente,OCC-04,Software,14860.76
2026-02-23,Occidente,OCC-04,Software,10646.76
2026-02-23,Sureste,SUR-04,Software,10271.34
2026-02-23,Sureste,SUR-05,Servicios,17206.22
2026-02-23,Sureste,SUR-02,Hardware,956.66
2026-02-24,Centro,CEN-02,Servicios,5735.86
2026-02-24,Centro,CEN-03,Hardware,17016.01
2026-02-24,Centro,CEN-04,Software,6054.36
2026-02-24,Centro,CEN-02,Servicios,19684.45
2026-02-24,Centro,CEN-01,Hardware,14841.0
2026-02-24,Centro,CEN-02,Hardware,2119.56
2026-02-24,Norte,NOR-05,Software,22165.2
2026-02-24,Norte,NOR-01,Soporte,3661.92
2026-02-24,Norte,NOR-01,Software,16291.34
2026-02-24,Norte,NOR-01,Software,2956.12
2026-02-24,Norte,NOR-03,Hardware,23118.09
2026-02-24,Occidente,OCC-05,Servicios,1746.6
2026-02-24,Occidente,OCC-04,Hardware,16695.41
2026-02-24,Occidente,OCC-05,Servicios,9081.16
2026-02-24,Occidente,OCC-02,Software,9350.1
2026-02-24,Sureste,SUR-04,Software,12044.09
2026-02-24,Sureste,SUR-04,Servicios,1918.06
2026-02-24,Sureste,SUR-04,Hardware,3073.0
2026-02-24,Sureste,SUR-03,Hardware,6967.12
2026-02-25,Centro,CEN-04,Servicios,23046.59
2026-02-25,Norte,NOR-04,Software,8077.07
2026-02-25,Norte,NOR-01,Soporte,4453.14
2026-02-25,Norte,NOR-03,Hardware,5892.69
2026-02-25,Norte,NOR-03,Servicios,6858.05
2026-02-25,Occidente,OCC-04,Hardware,15917.23
2026-02-25,Occidente,OCC-04,Hardware,9123.98
2026-02-25,Occidente,OCC-04,Servicios,7372.29
2026-02-25,Occidente,OCC-03,Software,6692.14
2026-02-25,Occidente,OCC-02,Software,6991.59
2026-02-25,Occidente,OCC-01,Software,9641.4
2026-02-25,Occidente,OCC-02,Soporte,3968.01
2026-02-25,Occidente,OCC-02,Software,27212.41
2026-02-25,Sureste,SUR-02,Software,5605.75
2026-02-25,Sureste,SUR-03,Hardware,4266.89
2026-02-25,Sureste,SUR-01,Servicios,5063.19
2026-02-25,Sureste,SUR-01,Servicios,2031.97
2026-02-25,Sureste,SUR-05,Servicios,11518.74
2026-02-25,Sureste,SUR-01,Servicios,3555.7
2026-02-25,Sureste,SUR-03,Soporte,5024.51
2026-02-25,Sureste,SUR-04,Servicios,2633.06
2026-02-26,Centro,CEN-01,Servicios,9057.07
2026-02-26,Centro,CEN-02,Servicios,7221.99
2026-02-26,Centro,CEN-02,Software,7391.98
2026-02-26,Centro,CEN-01,Servicios,15151.06
2026-02-26,Norte,NOR-02,Servicios,3396.13
2026-02-26,Norte,NOR-05,Servicios,3632.55
2026-02-26,Occidente,OCC-05,Soporte,3524.12
2026-02-26,Occidente,OCC-02,Software,10192.81
2026-02-26,Occidente,OCC-02,Soporte,11769.96
2026-02-26,Occidente,OCC-01,Soporte,12382.85
2026-02-26,Occidente,OCC-02,Servicios,12302.0
2026-02-26,Occidente,OCC-05,Soporte,4315.02
2026-02-27,Centro,CEN-05,Servicios,6323.68
2026-02-27,Centro,CEN-05,Software,7952.78
2026-02-27,Centro,CEN-03,Hardware,29442.09
2026-02-27,Centro,CEN-02,Software,8905.37
2026-02-27,Centro,CEN-04,Hardware,22671.59
2026-02-27,Centro,CEN-02,Servicios,6986.1
2026-02-27,Norte,NOR-05,Software,17708.39
2026-02-27,Norte,NOR-02,Servicios,10727.19
2026-02-27,Norte,NOR-03,Software,4892.33
2026-02-27,Norte,NOR-05,Hardware,4766.46
2026-02-27,Norte,NOR-02,Software,7433.91
2026-02-27,Norte,NOR-05,Soporte,4377.22
2026-02-27,Norte,NOR-02,Servicios,3828.78
2026-02-27,Occidente,OCC-04,Software,14175.65
2026-02-27,Occidente,OCC-05,Software,17260.53
2026-02-27,Occidente,OCC-05,Software,6870.6
2026-02-27,Occidente,OCC-04,Servicios,5665.64
2026-02-27,Occidente,OCC-01,Software,6353.46
2026-02-27,Sureste,SUR-05,Software,5423.42
2026-02-27,Sureste,SUR-02,Servicios,8680.97
2026-02-27,Sureste,SUR-04,Software,11207.29
2026-02-27,Sureste,SUR-01,Servicios,10883.38
2026-02-27,Sureste,SUR-05,Software,7643.76
2026-03-02,Centro,CEN-03,Soporte,6044.33
2026-03-02,Centro,CEN-03,Servicios,11502.77
2026-03-02,Centro,CEN-05,Servicios,23336.26
2026-03-02,Centro,CEN-03,Software,36309.08
2026-03-02,Centro,CEN-04,Software,15885.76
2026-03-02,Centro,CEN-01,Software,30547.41
2026-03-02,Centro,CEN-03,Software,18350.91
2026-03-02,Norte,NOR-03,Software,20948.95
2026-03-02,Norte,NOR-02,Hardware,7820.97
2026-03-02,Norte,NOR-01,Hardware,6981.74
2026-03-02,Norte,NOR-05,Servicios,2926.22
2026-03-02,Occidente,OCC-03,Hardware,8414.56
2026-03-02,Occidente,OCC-05,Servicios,5018.26
2026-03-02,Occidente,OCC-01,Servicios,6816.15
2026-03-02,Sureste,SUR-04,Servicios,6895.64
2026-03-02,Sureste,SUR-03,Software,2585.55
2026-03-02,Sureste,SUR-01,Software,1926.95
2026-03-02,Sureste,SUR-02,Servicios,7181.72
2026-03-02,Sureste,SUR-05,Software,18565.48
2026-03-03,Centro,CEN-01,Software,3863.4
2026-03-03,Centro,CEN-01,Software,4325.27
2026-03-03,Centro,CEN-01,Servicios,4692.7
2026-03-03,Centro,CEN-04,Software,12704.01
2026-03-03,Norte,NOR-01,Software,8371.0
2026-03-03,Norte,NOR-05,Hardware,25517.65
2026-03-03,Norte,NOR-04,Servicios,7563.01
2026-03-03,Norte,NOR-04,Hardware,11098.05
2026-03-03,Occidente,OCC-03,Servicios,9880.05
2026-03-03,Occidente,OCC-04,Software,4364.54
2026-03-03,Occidente,OCC-01,Hardware,14426.71
2026-03-03,Occidente,OCC-03,Software,6667.31
2026-03-03,Occidente,OCC-03,Soporte,11196.71
2026-03-03,Occidente,OCC-03,Hardware,4458.75
2026-03-03,Occidente,OCC-05,Hardware,3335.97
2026-03-03,Occidente,OCC-02,Hardware,11705.44
2026-03-03,Sureste,SUR-03,Software,4891.61
2026-03-03,Sureste,SUR-03,Hardware,5326.4
2026-03-03,Sureste,SUR-03,Software,7448.76
2026-03-04,Centro,CEN-03,Servicios,16204.16
2026-03-04,Centro,CEN-05,Servicios,21257.66
2026-03-04,Centro,CEN-03,Soporte,6016.68
2026-03-04,Centro,CEN-01,Software,799.8
2026-03-04,Centro,CEN-02,Soporte,20694.44
2026-03-04,Centro,CEN-02,Software,9458.6
2026-03-04,Centro,CEN-03,Soporte,21011.79
2026-03-04,Norte,NOR-04,Software,9613.1
2026-03-04,Norte,NOR-02,Servicios,14660.13
2026-03-04,Norte,NOR-03,Software,6717.53
2026-03-04,Norte,NOR-01,Hardware,1810.33
2026-03-04,Occidente,OCC-02,Servicios,25048.48
2026-03-04,Occidente,OCC-01,Software,8621.74
2026-03-04,Occidente,OCC-01,Servicios,8772.97
2026-03-04,Occidente,OCC-02,Software,4862.22
2026-03-04,Occidente,OCC-02,Software,12372.24
2026-03-04,Sureste,SUR-03,Software,14588.26
2026-03-04,Sureste,SUR-02,Software,10054.21
2026-03-04,Sureste,SUR-01,Servicios,13048.41
2026-03-05,Centro,CEN-02,Software,7901.92
2026-03-05,Centro,CEN-02,Hardware,13342.61
2026-03-05,Centro,CEN-03,Servicios,2457.1
2026-03-05,Centro,CEN-01,Hardware,17556.15
2026-03-05,Occidente,OCC-03,Software,5593.33
2026-03-05,Occidente,OCC-04,Soporte,1462.94
2026-03-05,Occidente,OCC-05,Servicios,2966.91
2026-03-05,Sureste,SUR-01,Software,8199.23
2026-03-05,Sureste,SUR-03,Hardware,4075.35
2026-03-05,Sureste,SUR-04,Software,3072.94
2026-03-05,Sureste,SUR-04,Software,5185.03
2026-03-05,Sureste,SUR-05,Servicios,6820.2
2026-03-05,Sureste,SUR-03,Hardware,2698.18
2026-03-05,Sureste,SUR-01,Software,8910.89
2026-03-05,Sureste,SUR-05,Software,13502.02
2026-03-05,Sureste,SUR-02,Software,4164.26
2026-03-06,Centro,CEN-05,Software,24126.33
2026-03-06,Centro,CEN-01,Hardware,2930.27
2026-03-06,Centro,CEN-02,Software,23917.89
2026-03-06,Centro,CEN-04,Software,15601.39
2026-03-06,Centro,CEN-02,Software,24683.62
2026-03-06,Centro,CEN-02,Servicios,14590.4
2026-03-06,Centro,CEN-03,Software,23937.37
2026-03-06,Centro,CEN-03,Software,31245.56
2026-03-06,Centro,CEN-03,Hardware,7415.87
2026-03-06,Norte,NOR-02,Software,10632.68
2026-03-06,Norte,NOR-05,Servicios,4303.08
2026-03-06,Occidente,OCC-01,Software,7223.93
2026-03-06,Occidente,OCC-02,Servicios,10821.13
2026-03-06,Occidente,OCC-05,Hardware,23880.98
2026-03-06,Occidente,OCC-04,Hardware,7173.75
2026-03-06,Occidente,OCC-04,Hardware,12979.82
2026-03-06,Sureste,SUR-04,Servicios,9668.5
2026-03-06,Sureste,SUR-02,Servicios,2966.06
2026-03-06,Sureste,SUR-05,Software,1019.67
2026-03-09,Centro,CEN-01,Servicios,15623.43
2026-03-09,Centro,CEN-02,Servicios,4693.39
2026-03-09,Centro,CEN-01,Software,44596.46
2026-03-09,Centro,CEN-01,Soporte,10257.64
2026-03-09,Centro,CEN-05,Servicios,31098.03
2026-03-09,Centro,CEN-04,Hardware,20898.27
2026-03-09,Centro,CEN-02,Servicios,10705.2
2026-03-09,Centro,CEN-04,Software,3253.65
2026-03-09,Norte,NOR-04,Software,2727.18
2026-03-09,Norte,NOR-03,Servicios,1784.43
2026-03-09,Norte,NOR-03,Hardware,14774.69
2026-03-09,Norte,NOR-03,Software,6336.89
2026-03-09,Norte,NOR-03,Hardware,4401.58
2026-03-09,Norte,NOR-05,Hardware,8451.44
2026-03-09,Norte,NOR-02,Servicios,1274.58
2026-03-09,Norte,NOR-02,Software,7835.34
2026-03-09,Norte,NOR-02,Hardware,12660.87
2026-03-09,Norte,NOR-03,Hardware,4329.23
2026-03-09,Occidente,OCC-02,Software,8464.35
2026-03-09,Occidente,OCC-03,Servicios,6099.67
2026-03-09,Occidente,OCC-02,Servicios,8562.95
2026-03-09,Occidente,OCC-02,Software,5414.51
2026-03-09,Sureste,SUR-04,Servicios,9784.91
2026-03-09,Sureste,SUR-01,Software,9798.13
2026-03-09,Sureste,SUR-02,Software,8340.91
2026-03-09,Sureste,SUR-01,Servicios,3653.3
2026-03-09,Sureste,SUR-05,Servicios,6617.7
2026-03-10,Centro,CEN-01,Software,24069.68
2026-03-10,Centro,CEN-01,Software,10008.32
2026-03-10,Centro,CEN-02,Servicios,27724.31
2026-03-10,Norte,NOR-05,Servicios,6670.23
2026-03-10,Norte,NOR-02,Servicios,17180.54
2026-03-10,Norte,NOR-04,Servicios,2431.67
2026-03-10,Norte,NOR-01,Software,9220.01
2026-03-10,Norte,NOR-03,Software,14689.88
2026-03-10,Occidente,OCC-02,Servicios,8498.88
2026-03-10,Occidente,OCC-05,Software,4974.26
2026-03-10,Occidente,OCC-03,Hardware,10412.56
2026-03-10,Sureste,SUR-02,Software,4253.43
2026-03-10,Sureste,SUR-04,Software,4093.79
2026-03-10,Sureste,SUR-04,Software,7810.82
2026-03-11,Centro,CEN-05,Soporte,3813.37
2026-03-11,Centro,CEN-05,Software,7325.66
2026-03-11,Centro,CEN-01,Servicios,8974.3
2026-03-11,Centro,CEN-05,Software,8477.67
2026-03-11,Centro,CEN-02,Servicios,11848.13
2026-03-11,Centro,CEN-04,Hardware,11728.13
2026-03-11,Norte,NOR-01,Soporte,11106.57
2026-03-11,Norte,NOR-03,Hardware,2528.94
2026-03-11,Norte,NOR-05,Soporte,2081.39
2026-03-11,Norte,NOR-02,Software,4862.66
2026-03-11,Norte,NOR-04,Hardware,11766.0
2026-03-11,Norte,NOR-03,Software,2357.84
2026-03-11,Norte,NOR-02,Servicios,4749.71
2026-03-11,Occidente,OCC-02,Servicios,21067.79
2026-03-11,Occidente,OCC-01,Hardware,5338.33
2026-03-11,Occidente,OCC-02,Servicios,7799.64
2026-03-11,Sureste,SUR-03,Software,12375.6
2026-03-11,Sureste,SUR-01,Hardware,6066.56
2026-03-11,Sureste,SUR-04,Hardware,5239.36
2026-03-11,Sureste,SUR-01,Hardware,7357.33
2026-03-12,Centro,CEN-05,Hardware,5546.0
2026-03-12,Centro,CEN-03,Software,2415.29
2026-03-12,Centro,CEN-04,Software,21358.39
2026-03-12,Centro,CEN-04,Software,6309.96
2026-03-12,Centro,CEN-02,Servicios,3450.68
2026-03-12,Norte,NOR-04,Servicios,7225.71
2026-03-12,Norte,NOR-05,Software,11945.72
2026-03-12,Norte,NOR-02,Hardware,6848.84
2026-03-12,Occidente,OCC-04,Servicios,6497.71
2026-03-12,Occidente,OCC-01,Software,5031.68
2026-03-12,Occidente,OCC-05,Servicios,2025.0
2026-03-12,Occidente,OCC-01,Software,12154.88
2026-03-12,Occidente,OCC-05,Software,26059.77
2026-03-12,Occidente,OCC-01,Software,7220.45
2026-03-12,Occidente,OCC-02,Servicios,9818.75
2026-03-12,Occidente,OCC-03,Software,11692.6
2026-03-12,Occidente,OCC-02,Soporte,26499.91
2026-03-12,Sureste,SUR-01,Servicios,4028.58
2026-03-12,Sureste,SUR-05,Servicios,6973.77
2026-03-12,Sureste,SUR-01,Software,1458.05
2026-03-12,Sureste,SUR-03,Servicios,4320.89
2026-03-13,Centro,CEN-01,Software,4246.14
2026-03-13,Centro,CEN-04,Hardware,24401.92
2026-03-13,Centro,CEN-03,Servicios,11560.45
2026-03-13,Centro,CEN-04,Software,18849.43
2026-03-13,Centro,CEN-04,Software,10454.02
2026-03-13,Centro,CEN-03,Servicios,6669.38
2026-03-13,Centro,CEN-04,Hardware,14562.48
2026-03-13,Norte,NOR-04,Software,5750.57
2026-03-13,Norte,NOR-01,Soporte,6284.65
2026-03-13,Norte,NOR-04,Servicios,4708.1
2026-03-13,Norte,NOR-02,Servicios,3373.33
2026-03-13,Occidente,OCC-03,Software,4589.84
2026-03-13,Occidente,OCC-05,Software,9988.99
2026-03-13,Sureste,SUR-03,Software,6664.64
2026-03-13,Sureste,SUR-05,Servicios,7973.64
2026-03-13,Sureste,SUR-02,Software,4370.41
2026-03-16,Centro,CEN-03,Servicios,6487.54
2026-03-16,Centro,CEN-05,Servicios,12037.82
2026-03-16,Centro,CEN-01,Hardware,12071.97
2026-03-16,Centro,CEN-01,Hardware,6380.02
2026-03-16,Centro,CEN-03,Software,18045.55
2026-03-16,Centro,CEN-02,Servicios,12553.99
2026-03-16,Centro,CEN-01,Servicios,5204.44
2026-03-16,Centro,CEN-05,Servicios,33190.32
2026-03-16,Norte,NOR-05,Software,8404.15
2026-03-16,Norte,NOR-04,Software,2804.08
2026-03-16,Norte,NOR-01,Software,3781.17
2026-03-16,Occidente,OCC-05,Software,4585.19
2026-03-16,Occidente,OCC-02,Software,15494.54
2026-03-16,Occidente,OCC-03,Servicios,11394.33
2026-03-16,Occidente,OCC-02,Software,1507.49
2026-03-16,Occidente,OCC-03,Software,46660.54
2026-03-16,Occidente,OCC-05,Hardware,2293.61
2026-03-16,Sureste,SUR-03,Software,4706.77
2026-03-16,Sureste,SUR-05,Servicios,1548.55
2026-03-16,Sureste,SUR-02,Software,7090.34
2026-03-17,Centro,CEN-01,Software,15666.86
2026-03-17,Centro,CEN-04,Soporte,22454.64
2026-03-17,Centro,CEN-04,Hardware,10267.58
2026-03-17,Centro,CEN-02,Servicios,8320.02
2026-03-17,Centro,CEN-04,Software,6409.15
2026-03-17,Centro,CEN-01,Servicios,22027.54
2026-03-17,Norte,NOR-03,Software,10890.67
2026-03-17,Norte,NOR-03,Servicios,1366.6
2026-03-17,Occidente,OCC-05,Servicios,818.19
2026-03-17,Occidente,OCC-05,Servicios,7363.89
2026-03-17,Occidente,OCC-02,Hardware,18443.64
2026-03-17,Occidente,OCC-04,Servicios,5887.88
2026-03-17,Occidente,OCC-05,Software,5918.32
2026-03-17,Occidente,OCC-05,Software,3193.63
2026-03-17,Occidente,OCC-02,Software,2653.98
2026-03-17,Sureste,SUR-02,Servicios,635.87
2026-03-17,Sureste,SUR-02,Hardware,6648.55
2026-03-17,Sureste,SUR-02,Servicios,11738.54
2026-03-17,Sureste,SUR-04,Software,8573.43
2026-03-17,Sureste,SUR-01,Software,9007.76
2026-03-17,Sureste,SUR-04,Servicios,3542.56
2026-03-17,Sureste,SUR-02,Software,5878.93
2026-03-17,Sureste,SUR-01,Hardware,15940.68
2026-03-17,Sureste,SUR-01,Soporte,11454.36
2026-03-18,Centro,CEN-02,Software,7826.25
2026-03-18,Centro,CEN-03,Software,2340.64
2026-03-18,Norte,NOR-05,Software,6058.3
2026-03-18,Norte,NOR-04,Software,17842.76
2026-03-18,Norte,NOR-03,Hardware,5764.09
2026-03-18,Norte,NOR-04,Servicios,5169.2
2026-03-18,Norte,NOR-05,Software,15197.41
2026-03-18,Norte,NOR-05,Servicios,7269.19
2026-03-18,Occidente,OCC-03,Hardware,5602.51
2026-03-18,Occidente,OCC-04,Software,3589.78
2026-03-18,Occidente,OCC-01,Servicios,27699.6
2026-03-18,Occidente,OCC-03,Software,9502.2
2026-03-18,Occidente,OCC-04,Software,7933.85
2026-03-18,Occidente,OCC-05,Hardware,20782.03
2026-03-18,Occidente,OCC-05,Software,15107.51
2026-03-18,Occidente,OCC-02,Servicios,10521.04
2026-03-18,Occidente,OCC-03,Software,6850.92
2026-03-18,Occidente,OCC-05,Software,14919.73
2026-03-18,Sureste,SUR-04,Servicios,6566.47
2026-03-18,Sureste,SUR-05,Software,3946.16
2026-03-18,Sureste,SUR-03,Software,2921.0
2026-03-18,Sureste,SUR-01,Soporte,2123.54
2026-03-19,Centro,CEN-04,Software,33687.74
2026-03-19,Centro,CEN-05,Hardware,9713.12
2026-03-19,Centro,CEN-03,Hardware,24070.7
2026-03-19,Norte,NOR-01,Servicios,6125.27
2026-03-19,Norte,NOR-02,Hardware,17190.68
2026-03-19,Norte,NOR-03,Software,2775.26
2026-03-19,Norte,NOR-04,Software,22896.34
2026-03-19,Occidente,OCC-01,Software,13133.27
2026-03-19,Occidente,OCC-03,Software,4226.16
2026-03-19,Occidente,OCC-02,Hardware,16809.28
2026-03-19,Occidente,OCC-04,Hardware,24052.83
2026-03-19,Sureste,SUR-05,Servicios,4268.05
2026-03-19,Sureste,SUR-01,Software,1587.62
2026-03-19,Sureste,SUR-01,Servicios,5611.9
2026-03-19,Sureste,SUR-02,Servicios,17020.79
2026-03-19,Sureste,SUR-02,Software,4340.47
2026-03-20,Centro,CEN-01,Software,5264.4
2026-03-20,Centro,CEN-04,Soporte,38821.25
2026-03-20,Centro,CEN-03,Software,8739.77
2026-03-20,Centro,CEN-01,Servicios,10535.45
2026-03-20,Centro,CEN-01,Hardware,15594.77
2026-03-20,Centro,CEN-05,Software,4579.83
2026-03-20,Centro,CEN-05,Hardware,5890.91
2026-03-20,Centro,CEN-02,Servicios,6522.64
2026-03-20,Norte,NOR-02,Hardware,4145.24
2026-03-20,Occidente,OCC-05,Hardware,2212.13
2026-03-20,Occidente,OCC-01,Hardware,16236.74
2026-03-20,Occidente,OCC-03,Hardware,20938.55
2026-03-20,Occidente,OCC-03,Soporte,5925.28
2026-03-20,Occidente,OCC-04,Soporte,5607.39
2026-03-20,Occidente,OCC-05,Soporte,13097.54
2026-03-20,Occidente,OCC-03,Software,17467.36
2026-03-20,Occidente,OCC-03,Hardware,14063.1
2026-03-20,Sureste,SUR-05,Hardware,6355.16
2026-03-23,Centro,CEN-03,Servicios,4620.52
2026-03-23,Centro,CEN-01,Servicios,15524.86
2026-03-23,Centro,CEN-05,Software,2624.04
2026-03-23,Centro,CEN-04,Servicios,16537.11
2026-03-23,Norte,NOR-04,Software,6874.59
2026-03-23,Norte,NOR-02,Software,8011.99
2026-03-23,Norte,NOR-02,Software,4738.63
2026-03-23,Norte,NOR-02,Software,9268.71
2026-03-23,Norte,NOR-04,Software,3284.18
2026-03-23,Occidente,OCC-04,Hardware,10315.08
2026-03-23,Occidente,OCC-05,Servicios,5522.01
2026-03-23,Occidente,OCC-01,Servicios,17377.0
2026-03-23,Occidente,OCC-01,Soporte,13307.71
2026-03-23,Occidente,OCC-05,Hardware,34301.01
2026-03-23,Occidente,OCC-05,Software,1348.46
2026-03-23,Occidente,OCC-02,Software,6422.64
2026-03-23,Occidente,OCC-03,Software,12258.04
2026-03-23,Sureste,SUR-03,Software,5619.42
2026-03-23,Sureste,SUR-01,Servicios,2374.27
2026-03-23,Sureste,SUR-02,Software,23140.97
2026-03-23,Sureste,SUR-05,Software,5208.91
2026-03-23,Sureste,SUR-05,Hardware,5108.25
2026-03-24,Centro,CEN-05,Software,21614.18
2026-03-24,Centro,CEN-02,Software,25306.04
2026-03-24,Norte,NOR-03,Software,17767.05
2026-03-24,Norte,NOR-02,Servicios,4488.69
2026-03-24,Norte,NOR-02,Software,29482.95
2026-03-24,Norte,NOR-02,Servicios,7823.55
2026-03-24,Norte,NOR-03,Servicios,2462.79
2026-03-24,Norte,NOR-03,Hardware,13472.83
2026-03-24,Occidente,OCC-04,Servicios,16134.61
2026-03-24,Occidente,OCC-01,Servicios,5682.19
2026-03-24,Occidente,OCC-03,Servicios,9628.92
2026-03-24,Sureste,SUR-04,Software,3296.09
2026-03-24,Sureste,SUR-02,Software,4875.88
2026-03-24,Sureste,SUR-01,Hardware,6397.13
2026-03-24,Sureste,SUR-03,Software,8261.53
2026-03-25,Centro,CEN-02,Soporte,14152.05
2026-03-25,Centro,CEN-01,Software,17674.59
2026-03-25,Centro,CEN-02,Software,14601.99
2026-03-25,Centro,CEN-04,Software,7923.22
2026-03-25,Norte,NOR-05,Hardware,2479.86
2026-03-25,Norte,NOR-04,Hardware,8790.2
2026-03-25,Norte,NOR-05,Servicios,4435.72
2026-03-25,Norte,NOR-03,Software,4384.35
2026-03-25,Occidente,OCC-03,Servicios,8320.26
2026-03-25,Occidente,OCC-05,Soporte,7170.16
2026-03-25,Occidente,OCC-02,Servicios,27594.68
2026-03-25,Occidente,OCC-02,Hardware,500.0
2026-03-25,Sureste,SUR-05,Software,15173.86
2026-03-25,Sureste,SUR-05,Servicios,7573.87
2026-03-25,Sureste,SUR-02,Soporte,2217.97
2026-03-25,Sureste,SUR-05,Servicios,5235.01
2026-03-25,Sureste,SUR-03,Software,3474.94
2026-03-25,Sureste,SUR-03,Software,4907.93
2026-03-25,Sureste,SUR-03,Software,3792.11
2026-03-25,Sureste,SUR-02,Hardware,13461.39
2026-03-25,Sureste,SUR-01,Software,5685.53
2026-03-25,Sureste,SUR-01,Hardware,11293.64
2026-03-25,Sureste,SUR-05,Hardware,3772.39
2026-03-25,Sureste,SUR-05,Software,4854.04
2026-03-26,Centro,CEN-01,Software,2992.52
2026-03-26,Centro,CEN-01,Servicios,6311.72
2026-03-26,Centro,CEN-04,Hardware,18320.23
2026-03-26,Centro,CEN-04,Hardware,3660.18
2026-03-26,Norte,NOR-03,Servicios,12805.64
2026-03-26,Norte,NOR-01,Software,8298.83
2026-03-26,Norte,NOR-04,Hardware,27081.68
2026-03-26,Norte,NOR-01,Servicios,12119.05
2026-03-26,Norte,NOR-01,Servicios,10190.68
2026-03-26,Occidente,OCC-05,Software,2932.58
2026-03-26,Occidente,OCC-03,Soporte,10751.07
2026-03-26,Occidente,OCC-05,Servicios,12376.78
2026-03-26,Occidente,OCC-01,Servicios,14852.33
2026-03-26,Sureste,SUR-05,Hardware,13990.61
2026-03-26,Sureste,SUR-04,Software,3736.54
2026-03-26,Sureste,SUR-04,Hardware,3829.11
2026-03-26,Sureste,SUR-02,Hardware,10848.62
2026-03-26,Sureste,SUR-01,Servicios,1087.8
2026-03-26,Sureste,SUR-03,Servicios,5600.04
2026-03-26,Sureste,SUR-04,Software,1214.54
2026-03-26,Sureste,SUR-03,Software,7663.42
2026-03-26,Sureste,SUR-04,Servicios,9343.28
2026-03-26,Sureste,SUR-02,Software,1160.84
2026-03-27,Centro,CEN-01,Software,7216.39
2026-03-27,Norte,NOR-03,Soporte,9018.08
2026-03-27,Norte,NOR-05,Servicios,7999.73
2026-03-27,Norte,NOR-04,Servicios,9008.1
2026-03-27,Norte,NOR-03,Software,3281.42
2026-03-27,Norte,NOR-02,Software,16862.72
2026-03-27,Norte,NOR-05,Servicios,7403.41
2026-03-27,Norte,NOR-01,Servicios,3069.91
2026-03-27,Norte,NOR-02,Software,872.8
2026-03-27,Norte,NOR-01,Servicios,8070.02
2026-03-27,Norte,NOR-05,Servicios,6187.8
2026-03-27,Norte,NOR-01,Software,9946.33
2026-03-27,Norte,NOR-05,Software,10356.79
2026-03-27,Occidente,OCC-05,Software,6349.56
2026-03-27,Occidente,OCC-02,Software,12489.67
2026-03-27,Occidente,OCC-03,Software,8009.27
2026-03-27,Occidente,OCC-01,Software,16532.31
2026-03-27,Occidente,OCC-01,Software,9418.05
2026-03-27,Occidente,OCC-04,Software,4351.94
2026-03-27,Occidente,OCC-05,Hardware,8070.61
2026-03-27,Occidente,OCC-03,Software,8740.85
2026-03-27,Occidente,OCC-04,Software,3762.0
2026-03-27,Sureste,SUR-04,Soporte,3792.98
2026-03-27,Sureste,SUR-04,Servicios,9213.92
2026-03-27,Sureste,SUR-02,Software,5068.95
2026-03-27,Sureste,SUR-02,Software,873.92
2026-03-27,Sureste,SUR-05,Servicios,3200.19
2026-03-27,Sureste,SUR-03,Software,11481.57
2026-03-30,Centro,CEN-03,Servicios,8647.13
2026-03-30,Centro,CEN-02,Software,12085.03
2026-03-30,Centro,CEN-03,Software,4474.99
2026-03-30,Centro,CEN-01,Software,13739.58
2026-03-30,Centro,CEN-02,Software,7526.3
2026-03-30,Centro,CEN-05,Soporte,23917.46
2026-03-30,Norte,NOR-02,Servicios,11698.24
2026-03-30,Norte,NOR-04,Software,12560.91
2026-03-30,Occidente,OCC-03,Hardware,9199.44
2026-03-30,Occidente,OCC-03,Servicios,15458.98
2026-03-30,Occidente,OCC-02,Software,7453.62
2026-03-30,Occidente,OCC-02,Servicios,3858.21
2026-03-30,Occidente,OCC-02,Software,5661.49
2026-03-30,Sureste,SUR-04,Software,3466.7
2026-03-30,Sureste,SUR-04,Software,8078.83
2026-03-30,Sureste,SUR-05,Software,8380.27
2026-03-30,Sureste,SUR-01,Hardware,23433.86
2026-03-30,Sureste,SUR-03,Software,28452.27
2026-03-30,Sureste,SUR-05,Software,16037.22
2026-03-30,Sureste,SUR-03,Software,4426.02
2026-03-31,Centro,CEN-04,Servicios,25712.05
2026-03-31,Centro,CEN-01,Software,6669.26
2026-03-31,Centro,CEN-05,Software,19469.59
2026-03-31,Centro,CEN-02,Software,13674.81
2026-03-31,Centro,CEN-05,Hardware,13428.43
2026-03-31,Centro,CEN-03,Servicios,27001.17
2026-03-31,Norte,NOR-03,Software,9774.7
2026-03-31,Norte,NOR-04,Hardware,16789.37
2026-03-31,Occidente,OCC-03,Software,16471.62
2026-03-31,Occidente,OCC-01,Software,3018.12
2026-03-31,Occidente,OCC-02,Software,10861.09
2026-03-31,Occidente,OCC-01,Soporte,23437.05
2026-03-31,Occidente,OCC-05,Servicios,22733.15
2026-03-31,Occidente,OCC-05,Hardware,6624.5
2026-03-31,Occidente,OCC-04,Software,14487.07
2026-03-31,Occidente,OCC-02,Servicios,3537.12
2026-03-31,Sureste,SUR-02,Software,7036.24
2026-03-31,Sureste,SUR-01,Soporte,2283.0
2026-03-31,Sureste,SUR-05,Servicios,10424.36
2026-03-31,Sureste,SUR-05,Servicios,17993.69
2026-03-31,Sureste,SUR-01,Servicios,12378.28
2026-03-31,Sureste,SUR-05,Software,1910.5
2026-03-31,Sureste,SUR-03,Servicios,7043.85
2026-04-01,Centro,CEN-03,Software,19106.24
2026-04-01,Centro,CEN-02,Soporte,19926.73
2026-04-01,Centro,CEN-02,Soporte,11730.48
2026-04-01,Centro,CEN-02,Software,5556.86
2026-04-01,Centro,CEN-03,Software,3548.35
2026-04-01,Centro,CEN-02,Software,1185.63
2026-04-01,Norte,NOR-01,Software,1213.89
2026-04-01,Norte,NOR-01,Servicios,9699.44
2026-04-01,Norte,NOR-05,Software,3829.31
2026-04-01,Norte,NOR-02,Servicios,17091.45
2026-04-01,Norte,NOR-02,Software,13939.4
2026-04-01,Norte,NOR-03,Software,4169.45
2026-04-01,Norte,NOR-04,Servicios,3430.87
2026-04-01,Occidente,OCC-02,Software,6559.23
2026-04-01,Occidente,OCC-03,Hardware,11393.0
2026-04-01,Occidente,OCC-01,Hardware,16928.64
2026-04-01,Occidente,OCC-01,Software,5896.02
2026-04-01,Occidente,OCC-03,Software,15004.87
2026-04-01,Occidente,OCC-04,Software,18731.28
2026-04-01,Sureste,SUR-02,Servicios,835.0
2026-04-01,Sureste,SUR-05,Hardware,4925.93
2026-04-01,Sureste,SUR-05,Hardware,9386.11
2026-04-01,Sureste,SUR-02,Soporte,4597.18
2026-04-01,Sureste,SUR-04,Hardware,9211.74
2026-04-01,Sureste,SUR-03,Software,668.31
2026-04-01,Sureste,SUR-03,Hardware,17456.76
2026-04-01,Sureste,SUR-04,Servicios,3409.11
2026-04-01,Sureste,SUR-01,Hardware,605.64
2026-04-02,Centro,CEN-01,Hardware,30954.05
2026-04-02,Centro,CEN-05,Software,4735.32
2026-04-02,Centro,CEN-04,Hardware,26744.87
2026-04-02,Norte,NOR-05,Software,3247.55
2026-04-02,Norte,NOR-05,Servicios,14989.32
2026-04-02,Norte,NOR-05,Hardware,5455.76
2026-04-02,Norte,NOR-02,Software,7895.97
2026-04-02,Norte,NOR-04,Hardware,2248.28
2026-04-02,Norte,NOR-01,Hardware,17946.3
2026-04-02,Occidente,OCC-04,Hardware,10340.84
2026-04-02,Occidente,OCC-04,Hardware,25056.56
2026-04-02,Occidente,OCC-02,Software,13412.71
2026-04-02,Occidente,OCC-02,Software,2145.0
2026-04-02,Sureste,SUR-01,Servicios,13467.96
2026-04-02,Sureste,SUR-01,Software,5196.71
2026-04-03,Centro,CEN-03,Servicios,3314.84
2026-04-03,Centro,CEN-04,Soporte,7136.08
2026-04-03,Centro,CEN-05,Servicios,3481.58
2026-04-03,Centro,CEN-01,Software,11652.85
2026-04-03,Centro,CEN-04,Software,6896.45
2026-04-03,Centro,CEN-03,Soporte,7456.98
2026-04-03,Centro,CEN-04,Software,9508.76
2026-04-03,Centro,CEN-02,Software,24335.15
2026-04-03,Centro,CEN-01,Software,14432.38
2026-04-03,Norte,NOR-03,Soporte,2556.88
2026-04-03,Norte,NOR-04,Software,5821.7
2026-04-03,Norte,NOR-05,Servicios,13762.14
2026-04-03,Norte,NOR-03,Servicios,8679.95
2026-04-03,Norte,NOR-01,Soporte,2494.15
2026-04-03,Norte,NOR-02,Software,7316.33
2026-04-03,Norte,NOR-01,Soporte,9965.19
2026-04-03,Norte,NOR-03,Hardware,5402.65
2026-04-03,Norte,NOR-05,Software,6578.11
2026-04-03,Occidente,OCC-04,Servicios,6079.96
2026-04-03,Occidente,OCC-04,Software,8766.01
2026-04-03,Occidente,OCC-04,Software,12457.36
2026-04-03,Occidente,OCC-05,Software,7257.88
2026-04-03,Occidente,OCC-02,Software,9593.09
2026-04-03,Occidente,OCC-05,Servicios,11110.33
2026-04-03,Sureste,SUR-03,Hardware,7460.91
2026-04-03,Sureste,SUR-03,Software,4258.97
2026-04-03,Sureste,SUR-03,Servicios,1198.8
2026-04-03,Sureste,SUR-02,Soporte,4996.35
2026-04-03,Sureste,SUR-03,Software,3831.53
2026-04-03,Sureste,SUR-02,Soporte,3328.7
2026-04-03,Sureste,SUR-05,Servicios,2177.55
2026-04-06,Centro,CEN-01,Servicios,11779.51
2026-04-06,Centro,CEN-02,Software,6220.17
2026-04-06,Centro,CEN-03,Servicios,12471.09
2026-04-06,Centro,CEN-03,Soporte,5642.63
2026-04-06,Centro,CEN-04,Software,16343.56
2026-04-06,Centro,CEN-03,Software,54039.71
2026-04-06,Centro,CEN-01,Software,2758.3
2026-04-06,Centro,CEN-03,Software,16872.28
2026-04-06,Norte,NOR-05,Software,1193.89
2026-04-06,Norte,NOR-02,Software,8586.18
2026-04-06,Norte,NOR-02,Software,7490.61
2026-04-06,Norte,NOR-04,Hardware,5672.84
2026-04-06,Norte,NOR-05,Servicios,8643.39
2026-04-06,Occidente,OCC-01,Servicios,18098.51
2026-04-06,Occidente,OCC-03,Servicios,26281.41
2026-04-06,Occidente,OCC-01,Software,1882.75
2026-04-06,Occidente,OCC-04,Hardware,5961.31
2026-04-06,Occidente,OCC-02,Software,9091.35
2026-04-06,Occidente,OCC-05,Servicios,12705.09
2026-04-06,Sureste,SUR-01,Hardware,1879.4
2026-04-06,Sureste,SUR-05,Software,4294.54
2026-04-06,Sureste,SUR-01,Software,6169.15
2026-04-07,Centro,CEN-05,Soporte,4253.88
2026-04-07,Centro,CEN-05,Hardware,13513.19
2026-04-07,Centro,CEN-02,Software,7597.55
2026-04-07,Norte,NOR-01,Servicios,2502.77
2026-04-07,Norte,NOR-04,Servicios,9812.56
2026-04-07,Norte,NOR-05,Software,520.47
2026-04-07,Norte,NOR-05,Hardware,12371.9
2026-04-07,Occidente,OCC-05,Hardware,11383.73
2026-04-07,Occidente,OCC-03,Software,3004.51
2026-04-07,Occidente,OCC-03,Software,14037.24
2026-04-07,Occidente,OCC-04,Servicios,26130.21
2026-04-07,Occidente,OCC-01,Software,2383.61
2026-04-07,Sureste,SUR-02,Servicios,18607.49
2026-04-07,Sureste,SUR-04,Software,1759.13
2026-04-07,Sureste,SUR-01,Software,1067.68
2026-04-07,Sureste,SUR-02,Software,2051.62
2026-04-07,Sureste,SUR-03,Hardware,11355.98
2026-04-08,Centro,CEN-02,Soporte,9400.29
2026-04-08,Centro,CEN-03,Hardware,29367.76
2026-04-08,Centro,CEN-04,Servicios,5910.98
2026-04-08,Norte,NOR-01,Servicios,9764.25
2026-04-08,Norte,NOR-03,Hardware,2245.88
2026-04-08,Norte,NOR-03,Software,2108.04
2026-04-08,Norte,NOR-05,Servicios,2592.56
2026-04-08,Norte,NOR-01,Servicios,3122.99
2026-04-08,Norte,NOR-02,Software,6601.5
2026-04-08,Norte,NOR-01,Servicios,7898.82
2026-04-08,Occidente,OCC-05,Software,15171.72
2026-04-08,Occidente,OCC-01,Software,1424.07
2026-04-08,Occidente,OCC-04,Hardware,12437.04
2026-04-08,Occidente,OCC-02,Servicios,8940.81
2026-04-08,Occidente,OCC-02,Servicios,2799.49
2026-04-08,Occidente,OCC-02,Hardware,10676.62
2026-04-08,Sureste,SUR-03,Soporte,11000.49
2026-04-08,Sureste,SUR-05,Servicios,13581.52
2026-04-08,Sureste,SUR-01,Software,1879.7
2026-04-09,Centro,CEN-01,Hardware,19325.39
2026-04-09,Centro,CEN-04,Soporte,18523.25
2026-04-09,Centro,CEN-02,Hardware,7618.98
2026-04-09,Centro,CEN-01,Servicios,5937.29
2026-04-09,Centro,CEN-02,Software,39950.7
2026-04-09,Centro,CEN-05,Hardware,14611.12
2026-04-09,Centro,CEN-01,Software,7213.22
2026-04-09,Norte,NOR-04,Hardware,21519.28
2026-04-09,Norte,NOR-03,Software,11903.98
2026-04-09,Norte,NOR-01,Software,7238.01
2026-04-09,Norte,NOR-05,Software,24177.89
2026-04-09,Occidente,OCC-03,Software,14862.87
2026-04-09,Occidente,OCC-02,Soporte,4331.43
2026-04-09,Occidente,OCC-02,Hardware,10514.54
2026-04-09,Occidente,OCC-01,Software,10480.17
2026-04-09,Occidente,OCC-01,Servicios,8275.46
2026-04-09,Occidente,OCC-04,Soporte,19555.45
2026-04-09,Sureste,SUR-04,Servicios,4863.25
2026-04-09,Sureste,SUR-05,Software,2420.14
2026-04-09,Sureste,SUR-03,Soporte,6784.44
2026-04-09,Sureste,SUR-01,Software,2467.08
2026-04-09,Sureste,SUR-05,Servicios,9720.16
2026-04-09,Sureste,SUR-04,Software,13699.56
2026-04-10,Centro,CEN-04,Hardware,14496.55
2026-04-10,Centro,CEN-05,Software,7320.92
2026-04-10,Centro,CEN-01,Software,9193.85
2026-04-10,Centro,CEN-03,Servicios,24539.44
2026-04-10,Norte,NOR-04,Hardware,5884.36
2026-04-10,Norte,NOR-03,Servicios,30862.55
2026-04-10,Norte,NOR-01,Hardware,20997.38
2026-04-10,Norte,NOR-03,Servicios,10773.08
2026-04-10,Norte,NOR-03,Software,14159.0
2026-04-10,Occidente,OCC-03,Software,3818.2
2026-04-10,Occidente,OCC-05,Software,2842.64
2026-04-10,Occidente,OCC-05,Servicios,5267.59
2026-04-10,Occidente,OCC-02,Soporte,10732.7
2026-04-13,Centro,CEN-03,Servicios,11183.36
2026-04-13,Centro,CEN-04,Hardware,10596.16
2026-04-13,Centro,CEN-05,Software,15754.84
2026-04-13,Centro,CEN-04,Software,4171.83
2026-04-13,Norte,NOR-05,Servicios,9483.3
2026-04-13,Norte,NOR-01,Servicios,17959.7
2026-04-13,Norte,NOR-02,Software,6565.67
2026-04-13,Norte,NOR-05,Software,16844.41
2026-04-13,Occidente,OCC-05,Software,30417.02
2026-04-13,Occidente,OCC-03,Soporte,20817.88
2026-04-13,Occidente,OCC-04,Software,14299.95
2026-04-13,Occidente,OCC-03,Software,8904.8
2026-04-13,Occidente,OCC-05,Servicios,19038.58
2026-04-13,Occidente,OCC-03,Hardware,3901.89
2026-04-13,Occidente,OCC-05,Software,13137.99
2026-04-13,Occidente,OCC-04,Software,9176.51
2026-04-13,Occidente,OCC-01,Servicios,1891.19
2026-04-13,Occidente,OCC-01,Soporte,9513.59
2026-04-13,Occidente,OCC-05,Servicios,2103.02
2026-04-13,Sureste,SUR-04,Software,1834.9
2026-04-13,Sureste,SUR-01,Soporte,4453.1
2026-04-13,Sureste,SUR-01,Hardware,500.0
2026-04-13,Sureste,SUR-03,Hardware,3143.17
2026-04-13,Sureste,SUR-03,Servicios,1968.41
2026-04-13,Sureste,SUR-05,Servicios,9967.05
2026-04-13,Sureste,SUR-05,Software,10290.36
2026-04-13,Sureste,SUR-02,Servicios,7653.14
2026-04-14,Centro,CEN-03,Hardware,5986.65
2026-04-14,Centro,CEN-05,Software,24457.61
2026-04-14,Centro,CEN-04,Software,3433.77
2026-04-14,Centro,CEN-04,Servicios,2021.78
2026-04-14,Centro,CEN-03,Servicios,7950.97
2026-04-14,Norte,NOR-05,Servicios,2466.72
2026-04-14,Norte,NOR-03,Software,12495.85
2026-04-14,Norte,NOR-05,Hardware,12981.15
2026-04-14,Norte,NOR-04,Servicios,15378.2
2026-04-14,Norte,NOR-01,Servicios,7665.0
2026-04-14,Norte,NOR-01,Servicios,4223.7
2026-04-14,Norte,NOR-01,Soporte,10026.01
2026-04-14,Occidente,OCC-03,Hardware,5511.43
2026-04-14,Occidente,OCC-05,Software,12550.01
2026-04-14,Sureste,SUR-02,Soporte,2211.81
2026-04-14,Sureste,SUR-05,Hardware,9058.79
2026-04-14,Sureste,SUR-03,Hardware,6730.51
2026-04-14,Sureste,SUR-02,Soporte,3627.33
2026-04-14,Sureste,SUR-03,Servicios,3221.41
2026-04-15,Centro,CEN-02,Software,8560.19
2026-04-15,Centro,CEN-03,Software,4675.03
2026-04-15,Norte,NOR-05,Hardware,1435.93
2026-04-15,Norte,NOR-01,Servicios,11498.45
2026-04-15,Norte,NOR-02,Software,9345.6
2026-04-15,Norte,NOR-04,Software,15267.09
2026-04-15,Norte,NOR-03,Soporte,3226.4
2026-04-15,Norte,NOR-01,Software,4643.28
2026-04-15,Norte,NOR-03,Servicios,7007.8
2026-04-15,Occidente,OCC-04,Hardware,8863.98
2026-04-15,Occidente,OCC-05,Hardware,16885.76
2026-04-15,Occidente,OCC-02,Hardware,5938.75
2026-04-15,Occidente,OCC-04,Software,13569.54
2026-04-15,Occidente,OCC-05,Servicios,4934.89
2026-04-15,Occidente,OCC-01,Soporte,15926.2
2026-04-15,Sureste,SUR-04,Software,11442.31
2026-04-15,Sureste,SUR-04,Software,9236.4
2026-04-15,Sureste,SUR-04,Servicios,5979.39
2026-04-15,Sureste,SUR-02,Software,4646.66
2026-04-15,Sureste,SUR-01,Software,10942.15
2026-04-16,Centro,CEN-01,Hardware,23844.69
2026-04-16,Centro,CEN-04,Software,15189.43
2026-04-16,Centro,CEN-04,Software,12751.77
2026-04-16,Centro,CEN-04,Soporte,14806.67
2026-04-16,Centro,CEN-04,Hardware,12072.62
2026-04-16,Norte,NOR-03,Servicios,10568.45
2026-04-16,Norte,NOR-02,Servicios,17477.63
2026-04-16,Norte,NOR-02,Hardware,3461.91
2026-04-16,Norte,NOR-04,Servicios,22363.33
2026-04-16,Occidente,OCC-05,Servicios,14384.41
2026-04-16,Occidente,OCC-04,Soporte,6027.25
2026-04-16,Occidente,OCC-05,Servicios,6512.73
2026-04-16,Occidente,OCC-05,Software,11158.08
2026-04-16,Occidente,OCC-02,Servicios,1657.61
2026-04-16,Sureste,SUR-03,Hardware,1489.89
2026-04-16,Sureste,SUR-03,Servicios,8937.46
2026-04-16,Sureste,SUR-03,Software,2977.51
2026-04-16,Sureste,SUR-01,Software,500.0
2026-04-17,Centro,CEN-01,Hardware,8754.28
2026-04-17,Centro,CEN-05,Servicios,6739.13
2026-04-17,Centro,CEN-01,Servicios,4241.32
2026-04-17,Centro,CEN-02,Software,6529.29
2026-04-17,Centro,CEN-05,Servicios,14862.82
2026-04-17,Centro,CEN-03,Soporte,27955.34
2026-04-17,Centro,CEN-01,Software,7879.56
2026-04-17,Norte,NOR-04,Servicios,4100.79
2026-04-17,Norte,NOR-04,Soporte,18528.21
2026-04-17,Occidente,OCC-01,Servicios,4285.18
2026-04-17,Occidente,OCC-05,Software,6903.24
2026-04-17,Occidente,OCC-05,Software,16709.5
2026-04-17,Occidente,OCC-01,Servicios,13957.26
2026-04-17,Sureste,SUR-03,Software,1987.64
2026-04-17,Sureste,SUR-01,Software,17875.63
2026-04-17,Sureste,SUR-03,Servicios,2085.0
2026-04-17,Sureste,SUR-02,Software,14776.1
2026-04-17,Sureste,SUR-02,Software,7536.91
2026-04-20,Centro,CEN-03,Servicios,19820.11
2026-04-20,Centro,CEN-03,Servicios,18425.83
2026-04-20,Centro,CEN-04,Software,14249.39
2026-04-20,Norte,NOR-02,Software,13941.67
2026-04-20,Norte,NOR-04,Soporte,3317.91
2026-04-20,Norte,NOR-03,Servicios,16778.76
2026-04-20,Norte,NOR-02,Software,6804.84
2026-04-20,Norte,NOR-03,Software,12126.49
2026-04-20,Occidente,OCC-05,Servicios,7067.82
2026-04-20,Occidente,OCC-03,Servicios,20859.68
2026-04-20,Occidente,OCC-02,Servicios,10397.76
2026-04-20,Occidente,OCC-05,Software,20208.74
2026-04-20,Occidente,OCC-04,Servicios,12735.97
2026-04-20,Occidente,OCC-01,Software,8439.43
2026-04-20,Occidente,OCC-03,Soporte,8427.6
2026-04-20,Occidente,OCC-01,Software,16901.56
2026-04-20,Sureste,SUR-05,Servicios,771.62
2026-04-20,Sureste,SUR-02,Software,2043.88
2026-04-20,Sureste,SUR-03,Servicios,4238.84
2026-04-20,Sureste,SUR-04,Servicios,2682.18
2026-04-20,Sureste,SUR-04,Soporte,2475.61
2026-04-20,Sureste,SUR-05,Soporte,11805.13
2026-04-21,Centro,CEN-05,Servicios,12042.39
2026-04-21,Centro,CEN-03,Hardware,18884.36
2026-04-21,Centro,CEN-03,Software,19253.48
2026-04-21,Centro,CEN-05,Servicios,42882.46
2026-04-21,Centro,CEN-02,Software,8036.43
2026-04-21,Centro,CEN-05,Software,500.0
2026-04-21,Centro,CEN-03,Software,10741.42
2026-04-21,Centro,CEN-03,Software,17323.52
2026-04-21,Centro,CEN-01,Hardware,4349.04
2026-04-21,Centro,CEN-01,Servicios,18017.24
2026-04-21,Centro,CEN-05,Software,23301.78
2026-04-21,Centro,CEN-01,Hardware,15725.88
2026-04-21,Norte,NOR-03,Software,5748.3
2026-04-21,Norte,NOR-02,Servicios,9368.98
2026-04-21,Norte,NOR-02,Soporte,10859.56
2026-04-21,Norte,NOR-05,Hardware,8634.36
2026-04-21,Norte,NOR-04,Hardware,7313.17
2026-04-21,Norte,NOR-01,Software,4626.29
2026-04-21,Occidente,OCC-04,Servicios,5776.4
2026-04-21,Occidente,OCC-02,Software,19781.73
2026-04-21,Occidente,OCC-04,Software,17969.36
2026-04-21,Occidente,OCC-05,Software,8107.08
2026-04-21,Occidente,OCC-04,Soporte,17172.16
2026-04-21,Occidente,OCC-02,Servicios,4645.93
2026-04-21,Occidente,OCC-05,Software,2786.45
2026-04-21,Sureste,SUR-03,Software,14853.93
2026-04-21,Sureste,SUR-05,Soporte,7386.04
2026-04-21,Sureste,SUR-02,Hardware,7079.74
2026-04-21,Sureste,SUR-03,Software,11510.91
2026-04-21,Sureste,SUR-04,Soporte,8187.54
2026-04-21,Sureste,SUR-05,Servicios,7895.2
2026-04-22,Centro,CEN-03,Soporte,19882.47
2026-04-22,Centro,CEN-01,Servicios,4030.61
2026-04-22,Centro,CEN-05,Software,2278.73
2026-04-22,Centro,CEN-04,Software,8513.34
2026-04-22,Norte,NOR-02,Servicios,10382.4
2026-04-22,Norte,NOR-02,Servicios,9543.3
2026-04-22,Norte,NOR-03,Servicios,13454.08
2026-04-22,Norte,NOR-05,Software,6724.33
2026-04-22,Norte,NOR-01,Hardware,3524.16
2026-04-22,Occidente,OCC-01,Software,26678.8
2026-04-22,Occidente,OCC-05,Software,25320.64
2026-04-22,Occidente,OCC-04,Servicios,1520.03
2026-04-22,Occidente,OCC-05,Hardware,10512.57
2026-04-22,Sureste,SUR-05,Servicios,6215.22
2026-04-22,Sureste,SUR-03,Servicios,8739.19
2026-04-22,Sureste,SUR-02,Servicios,8826.66
2026-04-22,Sureste,SUR-05,Software,20953.48
2026-04-22,Sureste,SUR-01,Software,18332.39
2026-04-23,Centro,CEN-05,Soporte,21611.55
2026-04-23,Centro,CEN-02,Servicios,11098.22
2026-04-23,Centro,CEN-03,Software,16070.46
2026-04-23,Centro,CEN-02,Servicios,4849.19
2026-04-23,Norte,NOR-02,Soporte,3082.88
2026-04-23,Norte,NOR-05,Software,9564.61
2026-04-23,Occidente,OCC-05,Hardware,12892.0
2026-04-23,Occidente,OCC-02,Servicios,35634.09
2026-04-23,Occidente,OCC-01,Servicios,5546.6
2026-04-23,Occidente,OCC-01,Hardware,7840.42
2026-04-23,Sureste,SUR-03,Servicios,7989.05
2026-04-23,Sureste,SUR-04,Servicios,10546.71
2026-04-23,Sureste,SUR-05,Software,9506.11
2026-04-24,Centro,CEN-02,Software,15942.79
2026-04-24,Centro,CEN-02,Soporte,9165.2
2026-04-24,Centro,CEN-04,Software,2525.56
2026-04-24,Centro,CEN-05,Servicios,32483.8
2026-04-24,Centro,CEN-02,Software,30078.62
2026-04-24,Centro,CEN-01,Software,3890.35
2026-04-24,Centro,CEN-03,Software,15744.47
2026-04-24,Centro,CEN-01,Hardware,30476.06
2026-04-24,Centro,CEN-01,Servicios,7499.85
2026-04-24,Centro,CEN-05,Software,8693.0
2026-04-24,Norte,NOR-02,Software,9542.43
2026-04-24,Norte,NOR-04,Software,15859.8
2026-04-24,Norte,NOR-05,Servicios,5169.45
2026-04-24,Norte,NOR-05,Software,7147.94
2026-04-24,Norte,NOR-01,Servicios,7015.2
2026-04-24,Occidente,OCC-04,Hardware,3555.3
2026-04-24,Occidente,OCC-04,Servicios,9026.4
2026-04-24,Sureste,SUR-05,Servicios,3220.54
2026-04-24,Sureste,SUR-01,Servicios,6954.47
2026-04-24,Sureste,SUR-04,Servicios,4375.14
2026-04-24,Sureste,SUR-02,Software,905.78
2026-04-27,Centro,CEN-02,Servicios,12358.89
2026-04-27,Centro,CEN-02,Software,9962.47
2026-04-27,Centro,CEN-05,Servicios,11720.05
2026-04-27,Centro,CEN-01,Servicios,7715.23
2026-04-27,Centro,CEN-01,Servicios,13090.41
2026-04-27,Norte,NOR-04,Hardware,7175.96
2026-04-27,Norte,NOR-04,Servicios,3531.36
2026-04-27,Occidente,OCC-05,Hardware,9691.92
2026-04-27,Occidente,OCC-05,Soporte,15380.08
2026-04-27,Occidente,OCC-01,Servicios,8752.97
2026-04-27,Occidente,OCC-04,Software,8526.18
2026-04-27,Occidente,OCC-04,Software,3230.73
2026-04-27,Occidente,OCC-04,Software,6659.79
2026-04-27,Sureste,SUR-03,Software,12163.83
2026-04-27,Sureste,SUR-02,Software,6450.49
2026-04-27,Sureste,SUR-02,Hardware,15328.84
2026-04-27,Sureste,SUR-03,Hardware,9448.83
2026-04-27,Sureste,SUR-03,Software,16414.36
2026-04-27,Sureste,SUR-04,Servicios,16522.14
2026-04-28,Centro,CEN-04,Software,2700.81
2026-04-28,Centro,CEN-03,Hardware,5311.21
2026-04-28,Centro,CEN-05,Software,14758.6
2026-04-28,Norte,NOR-05,Software,10685.33
2026-04-28,Norte,NOR-05,Software,4703.32
2026-04-28,Norte,NOR-03,Software,2933.5
2026-04-28,Occidente,OCC-05,Software,2178.58
2026-04-28,Occidente,OCC-04,Hardware,23404.11
2026-04-28,Occidente,OCC-04,Servicios,15892.88
2026-04-28,Occidente,OCC-04,Software,4639.83
2026-04-28,Occidente,OCC-04,Servicios,9783.86
2026-04-28,Occidente,OCC-05,Servicios,28885.28
2026-04-28,Sureste,SUR-02,Servicios,17718.82
2026-04-28,Sureste,SUR-01,Servicios,6963.45
2026-04-28,Sureste,SUR-01,Software,27688.42
2026-04-28,Sureste,SUR-01,Soporte,5760.77
2026-04-28,Sureste,SUR-03,Software,8962.19
2026-04-29,Centro,CEN-03,Servicios,26845.26
2026-04-29,Centro,CEN-05,Servicios,14913.82
2026-04-29,Centro,CEN-02,Hardware,2733.76
2026-04-29,Centro,CEN-05,Servicios,9833.51
2026-04-29,Norte,NOR-01,Soporte,3096.44
2026-04-29,Norte,NOR-03,Servicios,5148.05
2026-04-29,Norte,NOR-02,Soporte,18322.4
2026-04-29,Norte,NOR-03,Software,5405.66
2026-04-29,Norte,NOR-02,Hardware,20182.45
2026-04-29,Norte,NOR-01,Software,4826.34
2026-04-29,Norte,NOR-01,Hardware,3044.67
2026-04-29,Occidente,OCC-05,Hardware,27865.87
2026-04-29,Occidente,OCC-04,Hardware,8177.44
2026-04-29,Occidente,OCC-04,Software,9770.36
2026-04-29,Occidente,OCC-02,Hardware,23325.02
2026-04-29,Occidente,OCC-05,Hardware,1696.85
2026-04-29,Sureste,SUR-03,Servicios,5813.88
2026-04-30,Centro,CEN-05,Servicios,23616.2
2026-04-30,Centro,CEN-03,Software,24498.46
2026-04-30,Centro,CEN-05,Servicios,16763.32
2026-04-30,Centro,CEN-02,Hardware,10111.8
2026-04-30,Centro,CEN-03,Hardware,13987.49
2026-04-30,Centro,CEN-01,Servicios,500.0
2026-04-30,Centro,CEN-04,Soporte,3727.84
2026-04-30,Centro,CEN-05,Software,11392.1
2026-04-30,Centro,CEN-02,Software,13712.94
2026-04-30,Centro,CEN-04,Software,18799.22
2026-04-30,Centro,CEN-03,Software,7531.34
2026-04-30,Centro,CEN-05,Hardware,6143.59
2026-04-30,Centro,CEN-01,Hardware,5716.36
2026-04-30,Norte,NOR-01,Software,4665.73
2026-04-30,Occidente,OCC-01,Hardware,12056.52
2026-04-30,Occidente,OCC-04,Servicios,11775.43
2026-04-30,Occidente,OCC-02,Servicios,8368.04
2026-04-30,Occidente,OCC-03,Software,13828.73
2026-04-30,Occidente,OCC-03,Soporte,17325.07
2026-04-30,Sureste,SUR-03,Hardware,9407.28
2026-04-30,Sureste,SUR-05,Software,8727.12
2026-04-30,Sureste,SUR-04,Soporte,21935.96
2026-05-01,Centro,CEN-02,Software,8241.21
2026-05-01,Centro,CEN-03,Software,15500.39
2026-05-01,Centro,CEN-05,Software,12191.66
2026-05-01,Centro,CEN-04,Software,25925.32
2026-05-01,Centro,CEN-01,Hardware,9056.37
2026-05-01,Centro,CEN-05,Software,24853.26
2026-05-01,Centro,CEN-04,Servicios,5656.72
2026-05-01,Norte,NOR-02,Servicios,3924.52
2026-05-01,Norte,NOR-05,Servicios,14161.87
2026-05-01,Norte,NOR-05,Hardware,5584.74
2026-05-01,Norte,NOR-04,Servicios,9464.64
2026-05-01,Norte,NOR-04,Servicios,32722.77
2026-05-01,Norte,NOR-05,Hardware,3124.27
2026-05-01,Occidente,OCC-05,Hardware,13228.57
2026-05-01,Occidente,OCC-03,Software,5369.99
2026-05-01,Occidente,OCC-03,Servicios,16426.8
2026-05-01,Occidente,OCC-01,Software,9921.62
2026-05-01,Occidente,OCC-04,Servicios,11280.23
2026-05-01,Sureste,SUR-01,Hardware,5181.63
2026-05-01,Sureste,SUR-01,Servicios,14907.43
2026-05-01,Sureste,SUR-03,Servicios,3137.53
2026-05-01,Sureste,SUR-01,Servicios,502.54
2026-05-04,Centro,CEN-02,Hardware,7617.81
2026-05-04,Centro,CEN-04,Software,4002.62
2026-05-04,Centro,CEN-03,Hardware,14860.34
2026-05-04,Centro,CEN-04,Servicios,7322.56
2026-05-04,Centro,CEN-02,Hardware,19204.51
2026-05-04,Centro,CEN-02,Software,37526.92
2026-05-04,Norte,NOR-01,Software,13625.73
2026-05-04,Occidente,OCC-01,Servicios,10740.51
2026-05-04,Occidente,OCC-03,Software,23987.4
2026-05-04,Occidente,OCC-04,Software,7453.6
2026-05-04,Occidente,OCC-01,Software,8317.21
2026-05-04,Occidente,OCC-05,Software,11069.2
2026-05-04,Occidente,OCC-05,Software,15336.73
2026-05-04,Occidente,OCC-02,Software,23196.46
2026-05-04,Occidente,OCC-04,Soporte,5270.15
2026-05-04,Occidente,OCC-03,Software,9705.01
2026-05-04,Sureste,SUR-02,Software,4703.42
2026-05-04,Sureste,SUR-04,Hardware,6996.4
2026-05-04,Sureste,SUR-05,Software,8111.43
2026-05-04,Sureste,SUR-03,Software,4287.63
2026-05-05,Centro,CEN-04,Soporte,27877.88
2026-05-05,Centro,CEN-04,Hardware,11284.92
2026-05-05,Centro,CEN-05,Soporte,18939.44
2026-05-05,Centro,CEN-05,Hardware,15030.02
2026-05-05,Centro,CEN-01,Software,29606.81
2026-05-05,Centro,CEN-01,Hardware,5142.46
2026-05-05,Norte,NOR-04,Software,6510.49
2026-05-05,Occidente,OCC-05,Software,4849.69
2026-05-05,Occidente,OCC-04,Software,13952.82
2026-05-05,Occidente,OCC-01,Software,9517.64
2026-05-05,Occidente,OCC-03,Servicios,4729.66
2026-05-05,Occidente,OCC-03,Servicios,9500.44
2026-05-05,Sureste,SUR-03,Soporte,2989.63
2026-05-05,Sureste,SUR-02,Servicios,5364.82
2026-05-05,Sureste,SUR-03,Servicios,9225.91
2026-05-06,Centro,CEN-04,Software,3804.45
2026-05-06,Centro,CEN-05,Software,3735.61
2026-05-06,Norte,NOR-02,Software,13082.96
2026-05-06,Norte,NOR-04,Software,22282.56
2026-05-06,Norte,NOR-04,Servicios,7783.67
2026-05-06,Norte,NOR-02,Software,6663.85
2026-05-06,Norte,NOR-01,Hardware,7163.16
2026-05-06,Norte,NOR-01,Software,5270.35
2026-05-06,Norte,NOR-05,Software,1576.16
2026-05-06,Norte,NOR-02,Software,3459.15
2026-05-06,Occidente,OCC-01,Software,4776.93
2026-05-06,Occidente,OCC-02,Software,12621.14
2026-05-06,Occidente,OCC-01,Servicios,22902.0
2026-05-06,Occidente,OCC-01,Hardware,9788.52
2026-05-06,Occidente,OCC-03,Servicios,5569.84
2026-05-06,Sureste,SUR-04,Software,4332.52
2026-05-06,Sureste,SUR-01,Servicios,3597.73
2026-05-06,Sureste,SUR-01,Software,15166.74
2026-05-06,Sureste,SUR-03,Soporte,8569.26
2026-05-06,Sureste,SUR-02,Soporte,10961.18
2026-05-06,Sureste,SUR-05,Software,13817.53
2026-05-07,Centro,CEN-03,Servicios,15869.09
2026-05-07,Centro,CEN-05,Servicios,23920.9
2026-05-07,Centro,CEN-05,Soporte,19938.66
2026-05-07,Centro,CEN-05,Hardware,9755.95
2026-05-07,Norte,NOR-04,Servicios,12857.26
2026-05-07,Norte,NOR-05,Servicios,3540.25
2026-05-07,Norte,NOR-05,Servicios,3149.01
2026-05-07,Occidente,OCC-03,Software,7658.05
2026-05-07,Occidente,OCC-03,Hardware,11324.15
2026-05-07,Occidente,OCC-02,Software,4902.67
2026-05-07,Occidente,OCC-04,Software,7595.52
2026-05-07,Occidente,OCC-04,Hardware,4219.31
2026-05-07,Sureste,SUR-01,Software,6166.56
2026-05-07,Sureste,SUR-01,Software,12741.67
2026-05-08,Centro,CEN-03,Hardware,8719.44
2026-05-08,Centro,CEN-05,Hardware,14649.86
2026-05-08,Centro,CEN-01,Software,4877.05
2026-05-08,Centro,CEN-04,Hardware,13693.62
2026-05-08,Norte,NOR-01,Servicios,11079.65
2026-05-08,Norte,NOR-05,Hardware,15286.36
2026-05-08,Norte,NOR-02,Software,7834.8
2026-05-08,Norte,NOR-04,Software,3509.67
2026-05-08,Norte,NOR-01,Software,10049.99
2026-05-08,Norte,NOR-04,Hardware,2442.85
2026-05-08,Norte,NOR-03,Soporte,11806.73
2026-05-08,Occidente,OCC-03,Servicios,3119.2
2026-05-08,Occidente,OCC-04,Software,24907.55
2026-05-08,Occidente,OCC-02,Software,2504.85
2026-05-08,Occidente,OCC-02,Servicios,7646.06
2026-05-08,Sureste,SUR-05,Software,6868.36
2026-05-11,Centro,CEN-01,Servicios,9026.34
2026-05-11,Centro,CEN-02,Software,9503.14
2026-05-11,Centro,CEN-05,Hardware,11955.25
2026-05-11,Centro,CEN-03,Hardware,14711.72
2026-05-11,Centro,CEN-04,Servicios,11778.89
2026-05-11,Centro,CEN-05,Servicios,8466.91
2026-05-11,Norte,NOR-04,Hardware,6378.52
2026-05-11,Norte,NOR-03,Servicios,10827.3
2026-05-11,Norte,NOR-02,Hardware,4791.69
2026-05-11,Norte,NOR-03,Software,10155.04
2026-05-11,Norte,NOR-01,Software,15974.93
2026-05-11,Norte,NOR-05,Servicios,9293.47
2026-05-11,Norte,NOR-01,Servicios,13186.7
2026-05-11,Sureste,SUR-02,Servicios,6337.79
2026-05-11,Sureste,SUR-02,Hardware,6047.2
2026-05-11,Sureste,SUR-02,Hardware,1203.96
2026-05-11,Sureste,SUR-05,Software,9942.97
2026-05-12,Centro,CEN-02,Hardware,5414.85
2026-05-12,Centro,CEN-04,Hardware,14474.13
2026-05-12,Centro,CEN-05,Servicios,7714.36
2026-05-12,Norte,NOR-03,Soporte,2859.07
2026-05-12,Norte,NOR-04,Servicios,7404.87
2026-05-12,Norte,NOR-05,Servicios,9693.89
2026-05-12,Norte,NOR-03,Servicios,15182.79
2026-05-12,Norte,NOR-01,Servicios,4734.37
2026-05-12,Norte,NOR-05,Software,6198.32
2026-05-12,Norte,NOR-04,Servicios,3224.39
2026-05-12,Norte,NOR-01,Servicios,6782.41
2026-05-12,Norte,NOR-02,Hardware,4587.61
2026-05-12,Occidente,OCC-04,Servicios,6092.15
2026-05-12,Occidente,OCC-02,Soporte,5740.09
2026-05-12,Occidente,OCC-02,Hardware,12009.17
2026-05-12,Occidente,OCC-04,Servicios,711.31
2026-05-12,Occidente,OCC-03,Servicios,5478.4
2026-05-12,Occidente,OCC-04,Software,13625.85
2026-05-12,Occidente,OCC-01,Soporte,8567.05
2026-05-12,Sureste,SUR-04,Software,8210.97
2026-05-12,Sureste,SUR-01,Hardware,5427.28
2026-05-12,Sureste,SUR-03,Servicios,6593.43
2026-05-12,Sureste,SUR-05,Software,4729.65
2026-05-12,Sureste,SUR-02,Hardware,5448.91
2026-05-12,Sureste,SUR-05,Servicios,6308.32
2026-05-13,Centro,CEN-01,Soporte,12369.49
2026-05-13,Norte,NOR-02,Servicios,9708.76
2026-05-13,Norte,NOR-05,Servicios,14509.52
2026-05-13,Norte,NOR-02,Software,7441.48
2026-05-13,Norte,NOR-02,Software,8401.78
2026-05-13,Norte,NOR-02,Software,14014.32
2026-05-13,Norte,NOR-05,Hardware,11226.92
2026-05-13,Occidente,OCC-03,Software,7010.44
2026-05-13,Occidente,OCC-03,Software,2136.64
2026-05-13,Occidente,OCC-04,Servicios,12921.79
2026-05-13,Occidente,OCC-01,Software,23060.67
2026-05-13,Sureste,SUR-01,Software,4234.69
2026-05-13,Sureste,SUR-02,Software,6534.66
2026-05-13,Sureste,SUR-04,Software,7731.83
2026-05-13,Sureste,SUR-01,Servicios,12561.46
2026-05-13,Sureste,SUR-03,Software,15230.12
2026-05-14,Centro,CEN-02,Software,16179.57
2026-05-14,Centro,CEN-05,Hardware,9406.89
2026-05-14,Centro,CEN-01,Software,17845.22
2026-05-14,Centro,CEN-04,Hardware,3672.48
2026-05-14,Norte,NOR-05,Hardware,21872.68
2026-05-14,Norte,NOR-03,Hardware,2404.26
2026-05-14,Norte,NOR-05,Software,6390.48
2026-05-14,Occidente,OCC-04,Servicios,12267.14
2026-05-14,Occidente,OCC-01,Servicios,1578.28
2026-05-14,Occidente,OCC-02,Software,4117.62
2026-05-14,Occidente,OCC-05,Hardware,5176.34
2026-05-14,Occidente,OCC-02,Servicios,5788.75
2026-05-14,Occidente,OCC-02,Software,7083.99
2026-05-14,Occidente,OCC-04,Software,29724.01
2026-05-14,Sureste,SUR-05,Hardware,1679.62
2026-05-15,Centro,CEN-03,Hardware,21936.33
2026-05-15,Centro,CEN-05,Servicios,27268.63
2026-05-15,Centro,CEN-01,Software,20571.83
2026-05-15,Centro,CEN-02,Hardware,11956.16
2026-05-15,Centro,CEN-02,Soporte,37127.53
2026-05-15,Centro,CEN-05,Servicios,14875.66
2026-05-15,Norte,NOR-04,Hardware,14742.04
2026-05-15,Norte,NOR-02,Software,6415.77
2026-05-15,Norte,NOR-04,Hardware,7679.23
2026-05-15,Norte,NOR-01,Servicios,12448.46
2026-05-15,Norte,NOR-03,Software,7124.81
2026-05-15,Norte,NOR-05,Hardware,16693.29
2026-05-15,Occidente,OCC-04,Hardware,19907.48
2026-05-15,Occidente,OCC-02,Software,34956.33
2026-05-15,Occidente,OCC-04,Soporte,6836.54
2026-05-15,Sureste,SUR-03,Soporte,12878.16
2026-05-15,Sureste,SUR-04,Software,2226.39
2026-05-15,Sureste,SUR-03,Software,5297.17
2026-05-15,Sureste,SUR-01,Software,6988.67
2026-05-15,Sureste,SUR-05,Servicios,6630.71
2026-05-15,Sureste,SUR-04,Hardware,5250.68
2026-05-15,Sureste,SUR-05,Software,7865.81
2026-05-15,Sureste,SUR-02,Hardware,1670.94
2026-05-18,Centro,CEN-01,Servicios,8197.93
2026-05-18,Centro,CEN-04,Soporte,6565.92
2026-05-18,Centro,CEN-01,Soporte,2721.6
2026-05-18,Centro,CEN-02,Servicios,9151.57
2026-05-18,Norte,NOR-05,Software,10874.65
2026-05-18,Norte,NOR-04,Hardware,12084.24
2026-05-18,Norte,NOR-01,Software,20162.45
2026-05-18,Norte,NOR-01,Software,2527.79
2026-05-18,Norte,NOR-01,Software,2703.86
2026-05-18,Occidente,OCC-04,Hardware,13322.85
2026-05-18,Occidente,OCC-01,Software,13975.37
2026-05-18,Occidente,OCC-05,Software,31400.72
2026-05-18,Sureste,SUR-04,Software,9274.88
2026-05-18,Sureste,SUR-01,Software,9363.84
2026-05-18,Sureste,SUR-04,Software,1466.45
2026-05-18,Sureste,SUR-04,Servicios,4151.1
2026-05-18,Sureste,SUR-03,Servicios,7314.18
2026-05-19,Centro,CEN-04,Software,8419.45
2026-05-19,Centro,CEN-03,Servicios,42410.15
2026-05-19,Centro,CEN-05,Soporte,23405.15
2026-05-19,Centro,CEN-03,Servicios,19943.51
2026-05-19,Centro,CEN-01,Software,2786.25
2026-05-19,Centro,CEN-02,Software,19179.88
2026-05-19,Norte,NOR-05,Servicios,5884.72
2026-05-19,Norte,NOR-03,Servicios,7768.05
2026-05-19,Occidente,OCC-03,Soporte,7439.84
2026-05-19,Occidente,OCC-01,Servicios,13923.86
2026-05-19,Occidente,OCC-05,Software,4812.94
2026-05-19,Occidente,OCC-02,Servicios,8065.72
2026-05-19,Occidente,OCC-02,Software,5988.0
2026-05-19,Occidente,OCC-02,Software,6740.65
2026-05-19,Occidente,OCC-03,Servicios,5466.55
2026-05-19,Sureste,SUR-01,Software,9590.24
2026-05-19,Sureste,SUR-01,Servicios,3598.04
2026-05-19,Sureste,SUR-04,Soporte,12667.94
2026-05-19,Sureste,SUR-03,Hardware,5359.8
2026-05-19,Sureste,SUR-03,Hardware,12100.91
2026-05-20,Centro,CEN-04,Hardware,12647.36
2026-05-20,Centro,CEN-04,Software,16601.57
2026-05-20,Centro,CEN-02,Software,17179.17
2026-05-20,Centro,CEN-05,Servicios,10842.58
2026-05-20,Centro,CEN-03,Servicios,35206.78
2026-05-20,Norte,NOR-03,Soporte,21842.21
2026-05-20,Norte,NOR-05,Software,7990.2
2026-05-20,Norte,NOR-02,Servicios,8740.62
2026-05-20,Norte,NOR-02,Soporte,12950.69
2026-05-20,Occidente,OCC-02,Software,7467.34
2026-05-20,Occidente,OCC-03,Servicios,6807.06
2026-05-20,Occidente,OCC-03,Servicios,11356.71
2026-05-20,Occidente,OCC-05,Software,12316.69
2026-05-20,Occidente,OCC-04,Software,27545.44
2026-05-20,Occidente,OCC-01,Software,14180.34
2026-05-20,Occidente,OCC-05,Software,10906.93
2026-05-20,Sureste,SUR-04,Servicios,4302.73
2026-05-20,Sureste,SUR-04,Servicios,2500.27
2026-05-20,Sureste,SUR-04,Software,27573.74
2026-05-20,Sureste,SUR-05,Hardware,13244.15
2026-05-20,Sureste,SUR-01,Software,16350.18
2026-05-20,Sureste,SUR-01,Servicios,4733.61
2026-05-20,Sureste,SUR-01,Hardware,8391.95
2026-05-21,Centro,CEN-05,Hardware,13404.68
2026-05-21,Centro,CEN-03,Soporte,20297.5
2026-05-21,Centro,CEN-03,Software,5000.01
2026-05-21,Centro,CEN-03,Servicios,8640.5
2026-05-21,Centro,CEN-01,Software,31366.94
2026-05-21,Centro,CEN-01,Software,2131.81
2026-05-21,Centro,CEN-02,Soporte,7746.72
2026-05-21,Centro,CEN-04,Soporte,13710.61
2026-05-21,Norte,NOR-05,Software,6992.42
2026-05-21,Norte,NOR-03,Software,4196.3
2026-05-21,Norte,NOR-02,Soporte,10047.63
2026-05-21,Norte,NOR-01,Servicios,13399.25
2026-05-21,Norte,NOR-02,Hardware,3045.38
2026-05-21,Occidente,OCC-02,Software,13724.29
2026-05-21,Occidente,OCC-03,Servicios,21961.39
2026-05-21,Occidente,OCC-05,Servicios,12653.93
2026-05-21,Occidente,OCC-05,Software,5763.78
2026-05-21,Occidente,OCC-04,Servicios,8162.9
2026-05-21,Sureste,SUR-03,Hardware,12460.94
2026-05-21,Sureste,SUR-05,Hardware,16847.72
2026-05-21,Sureste,SUR-01,Software,3414.74
2026-05-21,Sureste,SUR-02,Hardware,16252.75
2026-05-21,Sureste,SUR-05,Hardware,6056.66
2026-05-22,Centro,CEN-01,Hardware,24693.87
2026-05-22,Centro,CEN-03,Software,7171.38
2026-05-22,Centro,CEN-02,Software,2228.88
2026-05-22,Centro,CEN-02,Servicios,4816.78
2026-05-22,Centro,CEN-03,Hardware,9691.03
2026-05-22,Centro,CEN-02,Software,7924.69
2026-05-22,Norte,NOR-05,Software,6227.28
2026-05-22,Norte,NOR-04,Hardware,2367.08
2026-05-22,Norte,NOR-02,Hardware,5571.32
2026-05-22,Norte,NOR-05,Software,7987.11
2026-05-22,Norte,NOR-03,Software,8291.01
2026-05-22,Occidente,OCC-02,Servicios,13188.16
2026-05-22,Occidente,OCC-04,Soporte,11945.36
2026-05-22,Occidente,OCC-02,Hardware,4684.74
2026-05-22,Occidente,OCC-03,Hardware,5333.17
2026-05-22,Sureste,SUR-01,Hardware,11138.1
2026-05-22,Sureste,SUR-02,Servicios,560.62
2026-05-22,Sureste,SUR-01,Hardware,8324.06
2026-05-22,Sureste,SUR-05,Software,4268.73
2026-05-22,Sureste,SUR-04,Servicios,1027.9
2026-05-25,Centro,CEN-05,Software,26482.03
2026-05-25,Centro,CEN-02,Software,2733.52
2026-05-25,Centro,CEN-01,Software,29066.52
2026-05-25,Centro,CEN-01,Servicios,13465.04
2026-05-25,Centro,CEN-05,Hardware,9158.08
2026-05-25,Centro,CEN-01,Hardware,8962.05
2026-05-25,Norte,NOR-02,Servicios,5275.55
2026-05-25,Norte,NOR-04,Servicios,28158.7
2026-05-25,Occidente,OCC-04,Servicios,3115.9
2026-05-25,Occidente,OCC-02,Software,5934.15
2026-05-25,Occidente,OCC-02,Software,8163.33
2026-05-25,Occidente,OCC-02,Soporte,9050.95
2026-05-25,Sureste,SUR-01,Hardware,16723.91
2026-05-25,Sureste,SUR-02,Hardware,3302.1
2026-05-25,Sureste,SUR-02,Software,10489.48
2026-05-25,Sureste,SUR-04,Software,4923.79
2026-05-25,Sureste,SUR-03,Servicios,10401.32
2026-05-25,Sureste,SUR-03,Servicios,2240.22
2026-05-25,Sureste,SUR-02,Software,10764.7
2026-05-26,Centro,CEN-05,Servicios,6139.54
2026-05-26,Centro,CEN-04,Hardware,24728.5
2026-05-26,Centro,CEN-05,Servicios,14848.73
2026-05-26,Centro,CEN-03,Software,12579.68
2026-05-26,Centro,CEN-03,Servicios,20451.01
2026-05-26,Norte,NOR-02,Hardware,8814.05
2026-05-26,Norte,NOR-05,Software,5902.16
2026-05-26,Norte,NOR-01,Software,9661.11
2026-05-26,Norte,NOR-03,Hardware,5204.11
2026-05-26,Norte,NOR-05,Soporte,8794.34
2026-05-26,Norte,NOR-03,Hardware,11782.38
2026-05-26,Norte,NOR-05,Software,3860.28
2026-05-26,Norte,NOR-01,Software,19367.28
2026-05-26,Norte,NOR-01,Software,16298.64
2026-05-26,Norte,NOR-04,Software,11726.68
2026-05-26,Norte,NOR-02,Hardware,14966.36
2026-05-26,Occidente,OCC-01,Software,15715.84
2026-05-26,Occidente,OCC-02,Software,1769.12
2026-05-26,Sureste,SUR-04,Hardware,7314.5
2026-05-26,Sureste,SUR-05,Hardware,2488.85
2026-05-27,Centro,CEN-03,Soporte,2861.18
2026-05-27,Centro,CEN-05,Software,17942.85
2026-05-27,Centro,CEN-03,Hardware,8819.2
2026-05-27,Centro,CEN-03,Servicios,31941.11
2026-05-27,Centro,CEN-04,Hardware,32101.82
2026-05-27,Centro,CEN-04,Servicios,13430.38
2026-05-27,Centro,CEN-05,Soporte,14518.6
2026-05-27,Norte,NOR-02,Soporte,13719.5
2026-05-27,Norte,NOR-02,Software,3346.65
2026-05-27,Norte,NOR-01,Servicios,10165.43
2026-05-27,Norte,NOR-04,Software,1964.54
2026-05-27,Norte,NOR-05,Soporte,5892.84
2026-05-27,Norte,NOR-04,Hardware,4085.78
2026-05-27,Norte,NOR-01,Servicios,2949.86
2026-05-27,Norte,NOR-02,Servicios,11138.2
2026-05-27,Occidente,OCC-03,Servicios,15207.06
2026-05-27,Occidente,OCC-02,Servicios,10968.39
2026-05-27,Occidente,OCC-02,Software,5418.51
2026-05-27,Occidente,OCC-04,Hardware,4152.55
2026-05-27,Occidente,OCC-03,Software,11295.55
2026-05-27,Sureste,SUR-03,Soporte,4047.67
2026-05-27,Sureste,SUR-04,Servicios,4739.05
2026-05-27,Sureste,SUR-05,Software,4126.07
2026-05-27,Sureste,SUR-02,Servicios,10754.87
2026-05-27,Sureste,SUR-01,Servicios,2918.07
2026-05-28,Centro,CEN-02,Servicios,10396.73
2026-05-28,Centro,CEN-05,Servicios,4347.45
2026-05-28,Centro,CEN-03,Servicios,16316.6
2026-05-28,Norte,NOR-03,Soporte,3000.69
2026-05-28,Norte,NOR-03,Hardware,12795.02
2026-05-28,Occidente,OCC-03,Software,7222.03
2026-05-28,Occidente,OCC-04,Software,13096.32
2026-05-28,Occidente,OCC-04,Soporte,11306.35
2026-05-28,Occidente,OCC-05,Servicios,14600.31
2026-05-28,Occidente,OCC-03,Hardware,3675.55
2026-05-28,Occidente,OCC-02,Software,4012.23
2026-05-28,Sureste,SUR-02,Servicios,6829.89
2026-05-29,Centro,CEN-01,Software,7633.09
2026-05-29,Centro,CEN-01,Hardware,6055.63
2026-05-29,Centro,CEN-03,Software,9195.66
2026-05-29,Centro,CEN-02,Software,28520.02
2026-05-29,Centro,CEN-02,Hardware,10733.16
2026-05-29,Norte,NOR-05,Software,3462.8
2026-05-29,Norte,NOR-03,Servicios,10393.19
2026-05-29,Norte,NOR-04,Software,4334.19
2026-05-29,Norte,NOR-03,Hardware,11337.26
2026-05-29,Norte,NOR-02,Hardware,8151.39
2026-05-29,Norte,NOR-03,Soporte,17078.14
2026-05-29,Occidente,OCC-03,Software,11337.17
2026-05-29,Occidente,OCC-02,Servicios,6601.35
2026-05-29,Occidente,OCC-03,Servicios,2784.5
2026-05-29,Occidente,OCC-01,Soporte,5324.53
2026-05-29,Sureste,SUR-04,Software,1505.58
2026-05-29,Sureste,SUR-02,Servicios,2769.39
2026-05-29,Sureste,SUR-04,Servicios,20527.74
2026-05-29,Sureste,SUR-02,Software,13078.05
2026-05-29,Sureste,SUR-02,Software,16474.14
2026-05-29,Sureste,SUR-05,Hardware,13300.35
2026-05-29,Sureste,SUR-02,Servicios,5028.08
2026-05-29,Sureste,SUR-01,Software,2808.99
2026-06-01,Centro,CEN-02,Software,9801.79
2026-06-01,Centro,CEN-05,Software,26663.17
2026-06-01,Centro,CEN-04,Software,12885.97
2026-06-01,Centro,CEN-04,Soporte,23330.8
2026-06-01,Norte,NOR-05,Servicios,5102.41
2026-06-01,Norte,NOR-03,Hardware,6931.53
2026-06-01,Norte,NOR-05,Software,14506.97
2026-06-01,Norte,NOR-01,Servicios,9052.43
2026-06-01,Norte,NOR-04,Hardware,7808.24
2026-06-01,Norte,NOR-04,Software,1271.12
2026-06-01,Occidente,OCC-01,Hardware,13708.05
2026-06-01,Occidente,OCC-04,Servicios,10262.72
2026-06-01,Occidente,OCC-01,Software,8956.57
2026-06-01,Occidente,OCC-05,Software,3252.93
2026-06-01,Occidente,OCC-02,Soporte,11123.11
2026-06-01,Occidente,OCC-02,Hardware,8240.4
2026-06-01,Occidente,OCC-02,Soporte,11336.94
2026-06-01,Sureste,SUR-04,Soporte,4852.02
2026-06-01,Sureste,SUR-02,Software,10944.81
2026-06-01,Sureste,SUR-03,Software,2128.67
2026-06-01,Sureste,SUR-04,Soporte,1317.71
2026-06-01,Sureste,SUR-02,Hardware,16113.9
2026-06-02,Centro,CEN-03,Soporte,15892.04
2026-06-02,Centro,CEN-02,Servicios,32616.25
2026-06-02,Centro,CEN-02,Servicios,14813.14
2026-06-02,Centro,CEN-04,Servicios,14947.02
2026-06-02,Centro,CEN-01,Hardware,20143.71
2026-06-02,Norte,NOR-05,Software,11252.69
2026-06-02,Norte,NOR-02,Software,6314.36
2026-06-02,Norte,NOR-05,Servicios,4258.18
2026-06-02,Norte,NOR-01,Software,6644.79
2026-06-02,Occidente,OCC-03,Software,6302.45
2026-06-02,Occidente,OCC-05,Hardware,14431.5
2026-06-02,Occidente,OCC-01,Hardware,18343.02
2026-06-02,Occidente,OCC-03,Servicios,3591.03
2026-06-02,Occidente,OCC-01,Hardware,9459.46
2026-06-02,Occidente,OCC-05,Software,11201.35
2026-06-02,Occidente,OCC-05,Hardware,15824.89
2026-06-02,Sureste,SUR-01,Software,5136.34
2026-06-02,Sureste,SUR-05,Software,5636.94
2026-06-02,Sureste,SUR-01,Soporte,2845.41
2026-06-02,Sureste,SUR-03,Software,1084.4
2026-06-02,Sureste,SUR-05,Servicios,16157.0
2026-06-02,Sureste,SUR-03,Software,15119.77
2026-06-03,Centro,CEN-05,Soporte,14133.38
2026-06-03,Centro,CEN-05,Software,21332.95
2026-06-03,Centro,CEN-05,Software,24099.07
2026-06-03,Centro,CEN-01,Hardware,4705.55
2026-06-03,Centro,CEN-01,Servicios,6751.53
2026-06-03,Norte,NOR-04,Hardware,3356.33
2026-06-03,Norte,NOR-02,Hardware,6033.63
2026-06-03,Norte,NOR-05,Hardware,9475.8
2026-06-03,Occidente,OCC-04,Servicios,11647.66
2026-06-03,Occidente,OCC-02,Servicios,9007.34
2026-06-03,Occidente,OCC-01,Servicios,18241.78
2026-06-03,Occidente,OCC-03,Servicios,11274.04
2026-06-03,Occidente,OCC-02,Software,3709.52
2026-06-03,Occidente,OCC-05,Software,16044.53
2026-06-03,Sureste,SUR-03,Hardware,3987.68
2026-06-03,Sureste,SUR-04,Servicios,8054.97
2026-06-04,Centro,CEN-05,Hardware,8276.54
2026-06-04,Centro,CEN-04,Servicios,9385.86
2026-06-04,Centro,CEN-01,Soporte,28329.14
2026-06-04,Centro,CEN-01,Software,12163.21
2026-06-04,Centro,CEN-03,Servicios,2794.22
2026-06-04,Centro,CEN-01,Hardware,15750.62
2026-06-04,Centro,CEN-04,Soporte,9568.72
2026-06-04,Centro,CEN-02,Software,8553.25
2026-06-04,Centro,CEN-05,Servicios,15899.54
2026-06-04,Centro,CEN-04,Hardware,20826.85
2026-06-04,Centro,CEN-05,Hardware,2507.79
2026-06-04,Occidente,OCC-04,Software,28197.91
2026-06-04,Occidente,OCC-05,Servicios,6466.13
2026-06-04,Occidente,OCC-01,Hardware,6696.27
2026-06-04,Occidente,OCC-04,Soporte,8206.15
2026-06-04,Occidente,OCC-05,Software,4521.94
2026-06-04,Occidente,OCC-02,Hardware,7911.28
2026-06-04,Sureste,SUR-02,Hardware,15547.1
2026-06-04,Sureste,SUR-01,Hardware,9417.2
2026-06-04,Sureste,SUR-02,Servicios,4823.53
2026-06-04,Sureste,SUR-04,Hardware,3636.03
2026-06-04,Sureste,SUR-02,Soporte,11038.58
2026-06-05,Centro,CEN-02,Servicios,23650.13
2026-06-05,Centro,CEN-02,Hardware,22661.08
2026-06-05,Centro,CEN-04,Servicios,6878.49
2026-06-05,Occidente,OCC-03,Servicios,6602.86
2026-06-05,Occidente,OCC-01,Servicios,7629.75
2026-06-05,Occidente,OCC-02,Servicios,2103.38
2026-06-05,Occidente,OCC-05,Hardware,4792.5
2026-06-05,Occidente,OCC-04,Software,26559.83
2026-06-05,Occidente,OCC-04,Servicios,12445.25
2026-06-05,Occidente,OCC-02,Hardware,14781.3
2026-06-05,Occidente,OCC-04,Software,15743.59
2026-06-05,Sureste,SUR-02,Servicios,2981.2
2026-06-05,Sureste,SUR-05,Servicios,2202.78
2026-06-05,Sureste,SUR-02,Software,4468.78
2026-06-08,Centro,CEN-04,Hardware,8336.72
2026-06-08,Centro,CEN-02,Software,21724.96
2026-06-08,Centro,CEN-03,Servicios,5233.31
2026-06-08,Centro,CEN-04,Software,7295.87
2026-06-08,Centro,CEN-02,Software,20182.37
2026-06-08,Centro,CEN-03,Hardware,4519.46
2026-06-08,Norte,NOR-04,Soporte,1225.55
2026-06-08,Norte,NOR-03,Hardware,19459.93
2026-06-08,Norte,NOR-04,Software,11351.25
2026-06-08,Norte,NOR-02,Software,13852.19
2026-06-08,Norte,NOR-04,Servicios,7292.31
2026-06-08,Occidente,OCC-03,Soporte,7841.66
2026-06-08,Occidente,OCC-02,Servicios,17860.06
2026-06-08,Occidente,OCC-04,Software,13673.75
2026-06-08,Occidente,OCC-03,Software,17146.85
2026-06-08,Occidente,OCC-02,Servicios,5263.19
2026-06-08,Occidente,OCC-03,Software,26203.94
2026-06-08,Occidente,OCC-03,Software,6979.42
2026-06-08,Occidente,OCC-02,Servicios,17055.17
2026-06-08,Occidente,OCC-03,Software,9529.95
2026-06-08,Occidente,OCC-03,Servicios,13749.79
2026-06-08,Sureste,SUR-03,Servicios,6607.38
2026-06-08,Sureste,SUR-04,Servicios,11286.98
2026-06-08,Sureste,SUR-02,Servicios,13792.37
2026-06-08,Sureste,SUR-02,Software,9145.04
2026-06-08,Sureste,SUR-05,Servicios,4043.98
2026-06-08,Sureste,SUR-01,Hardware,13938.28
2026-06-08,Sureste,SUR-05,Software,9503.92
2026-06-08,Sureste,SUR-02,Software,3149.57
2026-06-09,Centro,CEN-02,Hardware,9242.98
2026-06-09,Centro,CEN-03,Software,8918.98
2026-06-09,Centro,CEN-02,Software,19021.04
2026-06-09,Centro,CEN-05,Servicios,3518.1
2026-06-09,Centro,CEN-01,Software,15328.4
2026-06-09,Centro,CEN-03,Hardware,8136.96
2026-06-09,Centro,CEN-02,Servicios,17866.43
2026-06-09,Centro,CEN-02,Servicios,30320.34
2026-06-09,Centro,CEN-01,Software,9721.6
2026-06-09,Centro,CEN-01,Soporte,21307.78
2026-06-09,Centro,CEN-03,Software,24205.0
2026-06-09,Norte,NOR-05,Software,1574.03
2026-06-09,Norte,NOR-01,Servicios,5838.69
2026-06-09,Norte,NOR-03,Servicios,9929.8
2026-06-09,Norte,NOR-05,Hardware,799.76
2026-06-09,Norte,NOR-05,Hardware,17994.27
2026-06-09,Norte,NOR-01,Soporte,26146.18
2026-06-09,Norte,NOR-01,Hardware,2271.78
2026-06-09,Norte,NOR-05,Software,5413.65
2026-06-09,Norte,NOR-01,Servicios,4100.54
2026-06-09,Occidente,OCC-02,Software,5406.3
2026-06-09,Occidente,OCC-01,Software,11337.78
2026-06-09,Occidente,OCC-03,Software,5485.67
2026-06-09,Occidente,OCC-01,Servicios,825.41
2026-06-09,Occidente,OCC-01,Software,6055.31
2026-06-09,Occidente,OCC-04,Hardware,4094.33
2026-06-09,Occidente,OCC-01,Servicios,4664.27
2026-06-09,Occidente,OCC-01,Software,12042.8
2026-06-09,Occidente,OCC-01,Software,3357.92
2026-06-09,Occidente,OCC-01,Software,13889.04
2026-06-09,Occidente,OCC-04,Servicios,20982.86
2026-06-09,Occidente,OCC-02,Hardware,10093.7
2026-06-09,Sureste,SUR-02,Hardware,11266.53
2026-06-09,Sureste,SUR-04,Software,19584.91
2026-06-10,Centro,CEN-01,Servicios,4446.82
2026-06-10,Centro,CEN-05,Servicios,2453.9
2026-06-10,Centro,CEN-02,Soporte,10144.21
2026-06-10,Centro,CEN-05,Servicios,12963.67
2026-06-10,Centro,CEN-04,Servicios,18032.61
2026-06-10,Centro,CEN-01,Hardware,35503.64
2026-06-10,Centro,CEN-05,Software,6050.17
2026-06-10,Centro,CEN-05,Soporte,21412.78
2026-06-10,Centro,CEN-05,Servicios,11118.18
2026-06-10,Centro,CEN-04,Servicios,17376.32
2026-06-10,Norte,NOR-02,Software,1777.16
2026-06-10,Occidente,OCC-01,Software,12258.76
2026-06-10,Occidente,OCC-03,Software,6215.69
2026-06-10,Occidente,OCC-02,Servicios,9127.71
2026-06-10,Occidente,OCC-02,Servicios,13919.21
2026-06-10,Occidente,OCC-03,Servicios,19551.39
2026-06-10,Occidente,OCC-02,Software,2496.93
2026-06-10,Occidente,OCC-05,Hardware,3205.15
2026-06-10,Occidente,OCC-04,Servicios,10904.74
2026-06-10,Occidente,OCC-02,Servicios,9347.34
2026-06-10,Occidente,OCC-01,Hardware,42959.77
2026-06-10,Sureste,SUR-05,Software,16328.29
2026-06-10,Sureste,SUR-05,Servicios,9133.51
2026-06-10,Sureste,SUR-03,Software,5071.57
2026-06-10,Sureste,SUR-03,Hardware,7981.23
2026-06-10,Sureste,SUR-01,Servicios,3895.57
2026-06-10,Sureste,SUR-01,Software,13770.91
2026-06-11,Centro,CEN-05,Software,15667.9
2026-06-11,Centro,CEN-02,Servicios,4755.46
2026-06-11,Centro,CEN-05,Software,5641.97
2026-06-11,Centro,CEN-02,Servicios,26072.46
2026-06-11,Centro,CEN-04,Hardware,14548.13
2026-06-11,Centro,CEN-04,Software,7545.98
2026-06-11,Centro,CEN-02,Soporte,21638.28
2026-06-11,Norte,NOR-03,Servicios,10621.96
2026-06-11,Norte,NOR-01,Software,6203.8
2026-06-11,Norte,NOR-02,Servicios,1968.12
2026-06-11,Norte,NOR-03,Software,2104.48
2026-06-11,Norte,NOR-03,Servicios,9767.36
2026-06-11,Norte,NOR-02,Servicios,16948.92
2026-06-11,Norte,NOR-04,Hardware,21042.18
2026-06-11,Norte,NOR-04,Servicios,9548.65
2026-06-11,Norte,NOR-03,Software,5871.68
2026-06-11,Occidente,OCC-03,Software,15846.17
2026-06-11,Occidente,OCC-05,Servicios,8011.79
2026-06-11,Occidente,OCC-01,Servicios,9384.49
2026-06-11,Occidente,OCC-02,Software,1229.58
2026-06-11,Occidente,OCC-05,Software,21560.93
2026-06-11,Occidente,OCC-03,Software,14039.13
2026-06-11,Occidente,OCC-05,Software,8478.45
2026-06-11,Sureste,SUR-04,Servicios,4523.85
2026-06-12,Centro,CEN-02,Soporte,6674.48
2026-06-12,Centro,CEN-01,Servicios,9123.35
2026-06-12,Centro,CEN-05,Software,62725.04
2026-06-12,Centro,CEN-03,Software,5773.01
2026-06-12,Centro,CEN-04,Soporte,13255.59
2026-06-12,Centro,CEN-03,Soporte,6002.76
2026-06-12,Centro,CEN-03,Servicios,6911.14
2026-06-12,Centro,CEN-05,Software,13954.95
2026-06-12,Centro,CEN-04,Servicios,6477.3
2026-06-12,Centro,CEN-03,Servicios,7285.73
2026-06-12,Norte,NOR-01,Hardware,18306.78
2026-06-12,Norte,NOR-04,Hardware,8538.12
2026-06-12,Norte,NOR-04,Software,5044.77
2026-06-12,Norte,NOR-01,Software,21828.79
2026-06-12,Occidente,OCC-05,Servicios,14713.97
2026-06-12,Occidente,OCC-01,Soporte,4350.89
2026-06-12,Occidente,OCC-04,Software,3908.76
2026-06-12,Occidente,OCC-02,Software,1701.38
2026-06-12,Sureste,SUR-03,Servicios,6259.78
2026-06-12,Sureste,SUR-03,Servicios,10677.82
2026-06-12,Sureste,SUR-03,Hardware,836.25
2026-06-15,Centro,CEN-01,Software,6728.08
2026-06-15,Centro,CEN-04,Software,6544.24
2026-06-15,Norte,NOR-01,Servicios,11070.9
2026-06-15,Norte,NOR-03,Hardware,4509.21
2026-06-15,Norte,NOR-04,Hardware,23817.5
2026-06-15,Norte,NOR-01,Software,4993.79
2026-06-15,Occidente,OCC-02,Hardware,6655.21
2026-06-15,Occidente,OCC-03,Software,7854.04
2026-06-15,Occidente,OCC-02,Software,22269.04
2026-06-15,Sureste,SUR-04,Soporte,3156.78
2026-06-15,Sureste,SUR-01,Hardware,6776.87
2026-06-15,Sureste,SUR-02,Software,7482.69
2026-06-15,Sureste,SUR-03,Servicios,13687.04
2026-06-16,Centro,CEN-05,Servicios,7021.88
2026-06-16,Centro,CEN-04,Software,27067.53
2026-06-16,Centro,CEN-01,Hardware,22659.74
2026-06-16,Centro,CEN-02,Software,16303.46
2026-06-16,Centro,CEN-03,Software,15599.18
2026-06-16,Centro,CEN-03,Soporte,1977.3
2026-06-16,Norte,NOR-03,Servicios,5221.39
2026-06-16,Norte,NOR-05,Software,5183.45
2026-06-16,Norte,NOR-05,Hardware,5887.8
2026-06-16,Norte,NOR-03,Servicios,5056.19
2026-06-16,Norte,NOR-02,Hardware,2350.78
2026-06-16,Occidente,OCC-05,Hardware,4215.46
2026-06-16,Occidente,OCC-03,Servicios,4980.33
2026-06-16,Occidente,OCC-05,Software,3504.7
2026-06-16,Occidente,OCC-01,Soporte,10428.62
2026-06-16,Occidente,OCC-04,Servicios,9175.24
2026-06-16,Occidente,OCC-01,Software,6470.91
2026-06-16,Occidente,OCC-04,Software,4537.03
2026-06-16,Occidente,OCC-05,Software,7443.17
2026-06-16,Sureste,SUR-01,Servicios,9266.41
2026-06-16,Sureste,SUR-04,Software,6466.03
2026-06-16,Sureste,SUR-04,Servicios,4746.98
2026-06-16,Sureste,SUR-03,Servicios,3078.34
2026-06-16,Sureste,SUR-02,Servicios,7592.72
2026-06-16,Sureste,SUR-04,Hardware,5761.29
2026-06-17,Centro,CEN-04,Servicios,11192.25
2026-06-17,Centro,CEN-02,Hardware,17292.55
2026-06-17,Centro,CEN-02,Software,14750.37
2026-06-17,Centro,CEN-02,Hardware,15521.38
2026-06-17,Centro,CEN-03,Hardware,13112.38
2026-06-17,Norte,NOR-02,Hardware,3779.35
2026-06-17,Norte,NOR-05,Servicios,8789.89
2026-06-17,Norte,NOR-04,Soporte,9092.51
2026-06-17,Norte,NOR-02,Hardware,19551.33
2026-06-17,Norte,NOR-03,Soporte,5315.48
2026-06-17,Norte,NOR-05,Soporte,6323.88
2026-06-17,Occidente,OCC-02,Software,12128.98
2026-06-17,Occidente,OCC-03,Soporte,5630.95
2026-06-17,Occidente,OCC-01,Software,10356.38
2026-06-17,Occidente,OCC-04,Software,4378.05
2026-06-17,Occidente,OCC-05,Servicios,3571.87
2026-06-17,Occidente,OCC-05,Software,5923.11
2026-06-17,Occidente,OCC-01,Software,1507.2
2026-06-17,Occidente,OCC-01,Software,12214.94
2026-06-17,Sureste,SUR-05,Software,6028.33
2026-06-17,Sureste,SUR-05,Software,3318.65
2026-06-17,Sureste,SUR-01,Software,8787.21
2026-06-17,Sureste,SUR-04,Software,5799.65
2026-06-17,Sureste,SUR-04,Software,3482.68
2026-06-17,Sureste,SUR-04,Software,3230.99
2026-06-17,Sureste,SUR-02,Software,6373.48
2026-06-18,Centro,CEN-03,Hardware,14296.96
2026-06-18,Centro,CEN-05,Software,3840.28
2026-06-18,Centro,CEN-03,Hardware,15594.26
2026-06-18,Centro,CEN-04,Software,2809.12
2026-06-18,Centro,CEN-04,Servicios,16900.72
2026-06-18,Centro,CEN-05,Servicios,9236.85
2026-06-18,Centro,CEN-01,Software,4375.3
2026-06-18,Norte,NOR-01,Servicios,3972.38
2026-06-18,Norte,NOR-02,Servicios,3680.06
2026-06-18,Norte,NOR-03,Software,10774.97
2026-06-18,Norte,NOR-04,Servicios,3989.24
2026-06-18,Norte,NOR-02,Software,20587.99
2026-06-18,Norte,NOR-01,Servicios,17535.56
2026-06-18,Norte,NOR-04,Software,1669.84
2026-06-18,Occidente,OCC-03,Hardware,4884.11
2026-06-18,Occidente,OCC-05,Software,6031.41
2026-06-18,Occidente,OCC-05,Software,13278.96
2026-06-18,Occidente,OCC-04,Software,22674.45
2026-06-18,Occidente,OCC-05,Soporte,11812.05
2026-06-18,Occidente,OCC-05,Software,6049.29
2026-06-18,Sureste,SUR-03,Hardware,3651.67
2026-06-18,Sureste,SUR-04,Servicios,5140.65
2026-06-18,Sureste,SUR-03,Software,9135.38
2026-06-18,Sureste,SUR-04,Servicios,7486.67
2026-06-18,Sureste,SUR-04,Servicios,9404.99
2026-06-19,Centro,CEN-03,Soporte,4766.31
2026-06-19,Centro,CEN-01,Servicios,15305.41
2026-06-19,Centro,CEN-02,Servicios,10783.16
2026-06-19,Centro,CEN-01,Software,7471.13
2026-06-19,Norte,NOR-03,Software,1474.77
2026-06-19,Norte,NOR-05,Servicios,14441.62
2026-06-19,Norte,NOR-02,Servicios,8495.28
2026-06-19,Norte,NOR-03,Software,14315.51
2026-06-19,Norte,NOR-03,Software,12703.61
2026-06-19,Norte,NOR-04,Hardware,5337.3
2026-06-19,Occidente,OCC-03,Software,3610.54
2026-06-19,Occidente,OCC-04,Servicios,12663.56
2026-06-19,Occidente,OCC-04,Hardware,5366.59
2026-06-19,Occidente,OCC-02,Servicios,10869.23
2026-06-19,Sureste,SUR-02,Servicios,1504.82
2026-06-19,Sureste,SUR-04,Software,10494.01
2026-06-19,Sureste,SUR-02,Servicios,12264.43
2026-06-19,Sureste,SUR-03,Software,8931.71
2026-06-22,Centro,CEN-01,Software,2482.01
2026-06-22,Centro,CEN-04,Software,23567.41
2026-06-22,Centro,CEN-01,Servicios,22079.15
2026-06-22,Centro,CEN-03,Software,5362.56
2026-06-22,Centro,CEN-02,Software,6869.29
2026-06-22,Norte,NOR-05,Servicios,9945.41
2026-06-22,Norte,NOR-01,Servicios,8172.97
2026-06-22,Norte,NOR-03,Servicios,10726.63
2026-06-22,Norte,NOR-05,Software,1174.0
2026-06-22,Norte,NOR-01,Soporte,2449.45
2026-06-22,Norte,NOR-05,Software,12165.93
2026-06-22,Occidente,OCC-02,Hardware,14488.77
2026-06-22,Occidente,OCC-02,Servicios,10942.75
2026-06-22,Occidente,OCC-01,Servicios,11966.53
2026-06-22,Occidente,OCC-02,Software,18765.0
2026-06-22,Sureste,SUR-01,Servicios,2784.84
2026-06-22,Sureste,SUR-05,Servicios,6215.01
2026-06-22,Sureste,SUR-02,Servicios,10795.17
2026-06-23,Centro,CEN-05,Servicios,1912.43
2026-06-23,Centro,CEN-01,Software,9973.61
2026-06-23,Centro,CEN-01,Soporte,16731.08
2026-06-23,Norte,NOR-02,Software,12119.36
2026-06-23,Norte,NOR-01,Software,5916.47
2026-06-23,Norte,NOR-02,Software,5948.31
2026-06-23,Norte,NOR-04,Software,12959.93
2026-06-23,Norte,NOR-05,Servicios,18052.15
2026-06-23,Occidente,OCC-05,Software,15787.58
2026-06-23,Occidente,OCC-02,Servicios,12928.96
2026-06-23,Occidente,OCC-03,Hardware,5099.98
2026-06-23,Occidente,OCC-02,Software,3539.62
2026-06-23,Occidente,OCC-01,Hardware,12377.6
2026-06-23,Occidente,OCC-01,Software,3627.22
2026-06-23,Occidente,OCC-04,Servicios,43690.56
2026-06-23,Sureste,SUR-01,Servicios,6872.56
2026-06-23,Sureste,SUR-05,Servicios,8551.47
2026-06-23,Sureste,SUR-05,Software,19465.96
2026-06-23,Sureste,SUR-05,Hardware,6698.01
2026-06-24,Centro,CEN-01,Software,9608.95
2026-06-24,Centro,CEN-05,Hardware,16728.22
2026-06-24,Centro,CEN-01,Software,30202.75
2026-06-24,Centro,CEN-05,Servicios,6802.62
2026-06-24,Centro,CEN-02,Hardware,17359.36
2026-06-24,Centro,CEN-05,Hardware,7320.78
2026-06-24,Centro,CEN-03,Servicios,8122.46
2026-06-24,Norte,NOR-05,Software,1978.33
2026-06-24,Norte,NOR-04,Servicios,2033.93
2026-06-24,Norte,NOR-03,Software,3660.07
2026-06-24,Norte,NOR-03,Servicios,9199.02
2026-06-24,Norte,NOR-05,Software,18013.35
2026-06-24,Occidente,OCC-02,Servicios,18562.98
2026-06-24,Occidente,OCC-03,Hardware,3511.08
2026-06-24,Occidente,OCC-03,Hardware,19443.85
2026-06-24,Occidente,OCC-01,Software,2039.78
2026-06-24,Occidente,OCC-04,Software,36990.9
2026-06-24,Occidente,OCC-02,Hardware,19987.71
2026-06-24,Occidente,OCC-04,Soporte,17990.38
2026-06-24,Sureste,SUR-01,Software,13512.68
2026-06-24,Sureste,SUR-01,Software,4186.97
2026-06-24,Sureste,SUR-03,Servicios,5196.62
2026-06-24,Sureste,SUR-01,Software,7831.68
2026-06-25,Centro,CEN-05,Servicios,8871.24
2026-06-25,Centro,CEN-05,Servicios,12712.58
2026-06-25,Centro,CEN-01,Hardware,9852.9
2026-06-25,Centro,CEN-02,Servicios,2958.04
2026-06-25,Centro,CEN-03,Software,49893.29
2026-06-25,Centro,CEN-03,Servicios,33291.1
2026-06-25,Norte,NOR-04,Soporte,2796.86
2026-06-25,Norte,NOR-01,Software,687.14
2026-06-25,Norte,NOR-03,Servicios,3111.4
2026-06-25,Norte,NOR-01,Software,7281.03
2026-06-25,Norte,NOR-05,Servicios,2261.29
2026-06-25,Norte,NOR-02,Hardware,12814.57
2026-06-25,Occidente,OCC-01,Hardware,7043.23
2026-06-25,Occidente,OCC-02,Software,842.42
2026-06-25,Occidente,OCC-04,Servicios,8219.36
2026-06-25,Occidente,OCC-04,Hardware,8365.81
2026-06-25,Occidente,OCC-02,Software,4521.51
2026-06-25,Occidente,OCC-03,Software,5097.82
2026-06-25,Occidente,OCC-02,Soporte,9093.36
2026-06-25,Sureste,SUR-04,Software,698.55
2026-06-25,Sureste,SUR-03,Software,4559.61
2026-06-25,Sureste,SUR-02,Hardware,8814.41
2026-06-25,Sureste,SUR-02,Hardware,5336.62
2026-06-25,Sureste,SUR-01,Software,5699.38
2026-06-26,Centro,CEN-05,Servicios,4138.51
2026-06-26,Centro,CEN-01,Soporte,15979.6
2026-06-26,Centro,CEN-01,Software,4731.72
2026-06-26,Centro,CEN-04,Software,36857.47
2026-06-26,Centro,CEN-01,Soporte,2631.76
2026-06-26,Centro,CEN-03,Software,15769.0
2026-06-26,Centro,CEN-03,Software,8027.47
2026-06-26,Centro,CEN-02,Servicios,9533.4
2026-06-26,Centro,CEN-05,Software,23215.22
2026-06-26,Centro,CEN-01,Hardware,3857.52
2026-06-26,Centro,CEN-02,Soporte,4531.46
2026-06-26,Norte,NOR-05,Software,10795.73
2026-06-26,Norte,NOR-04,Hardware,9089.21
2026-06-26,Norte,NOR-03,Software,6871.19
2026-06-26,Norte,NOR-02,Soporte,5953.1
2026-06-26,Occidente,OCC-05,Hardware,7037.92
2026-06-26,Occidente,OCC-05,Software,3983.72
2026-06-26,Sureste,SUR-05,Servicios,15160.56
2026-06-26,Sureste,SUR-03,Software,895.84
2026-06-26,Sureste,SUR-02,Hardware,2759.41
2026-06-26,Sureste,SUR-05,Hardware,2966.93
2026-06-29,Centro,CEN-05,Hardware,12589.34
2026-06-29,Centro,CEN-03,Software,16455.59
2026-06-29,Centro,CEN-04,Software,9172.02
2026-06-29,Centro,CEN-03,Software,14344.5
2026-06-29,Centro,CEN-03,Hardware,4493.51
2026-06-29,Norte,NOR-04,Software,7583.23
2026-06-29,Norte,NOR-04,Software,10201.54
2026-06-29,Norte,NOR-04,Servicios,591.05
2026-06-29,Norte,NOR-01,Servicios,4431.97
2026-06-29,Occidente,OCC-03,Software,9396.6
2026-06-29,Occidente,OCC-03,Hardware,3634.18
2026-06-29,Occidente,OCC-05,Hardware,10703.89
2026-06-29,Sureste,SUR-04,Hardware,5154.65
2026-06-29,Sureste,SUR-04,Software,1289.43
2026-06-29,Sureste,SUR-03,Servicios,3221.81
2026-06-30,Centro,CEN-05,Software,5622.33
2026-06-30,Centro,CEN-04,Hardware,5260.52
2026-06-30,Centro,CEN-02,Software,14047.69
2026-06-30,Centro,CEN-02,Servicios,17724.14
2026-06-30,Centro,CEN-01,Servicios,12667.9
2026-06-30,Centro,CEN-02,Software,19569.63
2026-06-30,Centro,CEN-04,Hardware,12280.85
2026-06-30,Centro,CEN-02,Soporte,5486.57
2026-06-30,Norte,NOR-05,Hardware,14923.99
2026-06-30,Norte,NOR-04,Software,9212.72
2026-06-30,Norte,NOR-05,Software,2642.24
2026-06-30,Occidente,OCC-05,Hardware,7844.45
2026-06-30,Occidente,OCC-02,Software,3375.51
2026-06-30,Occidente,OCC-02,Servicios,13816.4
2026-06-30,Sureste,SUR-05,Soporte,13931.34
2026-06-30,Sureste,SUR-02,Hardware,10553.76
2026-06-30,Sureste,SUR-03,Hardware,4150.76
2026-06-30,Sureste,SUR-01,Hardware,7438.52
2026-06-30,Sureste,SUR-01,Servicios,1911.49
2026-07-01,Centro,CEN-03,Hardware,27006.16
2026-07-01,Centro,CEN-02,Software,7297.55
2026-07-01,Centro,CEN-03,Software,17428.44
2026-07-01,Centro,CEN-03,Soporte,8074.07
2026-07-01,Centro,CEN-01,Hardware,18718.65
2026-07-01,Centro,CEN-01,Hardware,3908.15
2026-07-01,Centro,CEN-04,Servicios,15333.56
2026-07-01,Centro,CEN-02,Software,16575.45
2026-07-01,Norte,NOR-05,Soporte,6545.96
2026-07-01,Norte,NOR-05,Software,8666.86
2026-07-01,Norte,NOR-01,Servicios,9285.47
2026-07-01,Occidente,OCC-03,Servicios,12167.42
2026-07-01,Occidente,OCC-01,Servicios,2632.25
2026-07-01,Occidente,OCC-02,Software,20435.36
2026-07-01,Occidente,OCC-01,Software,7081.4
2026-07-01,Sureste,SUR-05,Software,13628.92
2026-07-01,Sureste,SUR-04,Software,7080.46
2026-07-01,Sureste,SUR-05,Software,16205.72
2026-07-02,Centro,CEN-05,Software,4876.98
2026-07-02,Centro,CEN-05,Servicios,4076.07
2026-07-02,Centro,CEN-01,Soporte,4371.32
2026-07-02,Centro,CEN-02,Software,10182.24
2026-07-02,Centro,CEN-01,Software,3589.5
2026-07-02,Centro,CEN-01,Hardware,15981.4
2026-07-02,Centro,CEN-04,Soporte,11131.39
2026-07-02,Centro,CEN-01,Software,14692.1
2026-07-02,Centro,CEN-02,Software,18000.04
2026-07-02,Centro,CEN-05,Software,21579.39
2026-07-02,Centro,CEN-03,Software,3481.2
2026-07-02,Centro,CEN-01,Software,11263.43
2026-07-02,Centro,CEN-03,Software,6271.16
2026-07-02,Norte,NOR-01,Software,3505.05
2026-07-02,Norte,NOR-04,Hardware,4016.98
2026-07-02,Norte,NOR-02,Servicios,8289.7
2026-07-02,Norte,NOR-03,Software,1930.74
2026-07-02,Norte,NOR-01,Software,5739.06
2026-07-02,Norte,NOR-01,Servicios,6486.11
2026-07-02,Occidente,OCC-04,Servicios,10995.12
2026-07-02,Sureste,SUR-04,Servicios,4122.4
2026-07-02,Sureste,SUR-03,Software,6469.68
2026-07-02,Sureste,SUR-04,Soporte,2307.08
2026-07-02,Sureste,SUR-01,Servicios,10468.89
2026-07-03,Centro,CEN-02,Hardware,1689.49
2026-07-03,Centro,CEN-03,Servicios,19876.43
2026-07-03,Centro,CEN-01,Soporte,21651.64
2026-07-03,Centro,CEN-02,Servicios,3760.35
2026-07-03,Norte,NOR-01,Software,4257.93
2026-07-03,Norte,NOR-03,Hardware,9141.17
2026-07-03,Norte,NOR-01,Hardware,3158.02
2026-07-03,Occidente,OCC-05,Soporte,4141.66
2026-07-03,Occidente,OCC-03,Software,14186.16
2026-07-03,Occidente,OCC-03,Hardware,2851.67
2026-07-03,Occidente,OCC-04,Software,9353.78
2026-07-03,Occidente,OCC-04,Soporte,20736.72
2026-07-03,Occidente,OCC-04,Software,8570.19
2026-07-03,Occidente,OCC-05,Software,9726.04
2026-07-03,Sureste,SUR-04,Software,11334.49
2026-07-03,Sureste,SUR-01,Servicios,3991.61
2026-07-03,Sureste,SUR-02,Hardware,3922.9
2026-07-03,Sureste,SUR-03,Software,16626.31
2026-07-06,Centro,CEN-01,Hardware,16347.52
2026-07-06,Centro,CEN-02,Software,36773.12
2026-07-06,Centro,CEN-03,Software,14796.78
2026-07-06,Centro,CEN-02,Software,41397.77
2026-07-06,Centro,CEN-02,Servicios,9098.99
2026-07-06,Norte,NOR-04,Software,8905.24
2026-07-06,Norte,NOR-04,Servicios,9964.78
2026-07-06,Norte,NOR-04,Hardware,8380.98
2026-07-06,Norte,NOR-02,Software,8353.88
2026-07-06,Occidente,OCC-03,Software,9671.65
2026-07-06,Sureste,SUR-03,Servicios,8741.05
2026-07-06,Sureste,SUR-02,Software,5117.51
2026-07-06,Sureste,SUR-02,Software,2344.13
2026-07-07,Centro,CEN-05,Soporte,15369.64
2026-07-07,Centro,CEN-01,Hardware,24848.67
2026-07-07,Centro,CEN-04,Software,17259.89
2026-07-07,Centro,CEN-05,Soporte,10780.44
2026-07-07,Norte,NOR-01,Software,12229.46
2026-07-07,Norte,NOR-01,Soporte,26010.48
2026-07-07,Norte,NOR-01,Servicios,14096.86
2026-07-07,Norte,NOR-04,Servicios,13059.42
2026-07-07,Occidente,OCC-04,Servicios,2717.74
2026-07-07,Occidente,OCC-04,Software,17580.74
2026-07-07,Sureste,SUR-04,Software,7359.4
2026-07-07,Sureste,SUR-01,Hardware,2978.12
2026-07-07,Sureste,SUR-03,Software,20252.74
2026-07-08,Centro,CEN-02,Software,16023.93
2026-07-08,Centro,CEN-03,Servicios,8384.35
2026-07-08,Centro,CEN-03,Software,12857.31
2026-07-08,Centro,CEN-02,Servicios,9283.69
2026-07-08,Norte,NOR-01,Servicios,11074.43
2026-07-08,Norte,NOR-04,Hardware,2859.12
2026-07-08,Norte,NOR-05,Soporte,5126.02
2026-07-08,Norte,NOR-05,Servicios,6985.9
2026-07-08,Norte,NOR-05,Soporte,2319.12
2026-07-08,Occidente,OCC-02,Hardware,12113.81
2026-07-08,Occidente,OCC-05,Servicios,4591.26
2026-07-08,Sureste,SUR-03,Soporte,3544.01
2026-07-09,Centro,CEN-04,Hardware,6067.57
2026-07-09,Centro,CEN-05,Soporte,19019.52
2026-07-09,Centro,CEN-04,Soporte,7057.04
2026-07-09,Norte,NOR-01,Soporte,11914.27
2026-07-09,Norte,NOR-03,Software,6900.52
2026-07-09,Occidente,OCC-05,Servicios,4206.95
2026-07-09,Occidente,OCC-05,Software,18612.15
2026-07-09,Occidente,OCC-05,Servicios,27983.4
2026-07-09,Sureste,SUR-05,Soporte,4839.23
2026-07-09,Sureste,SUR-02,Servicios,7988.47
2026-07-09,Sureste,SUR-03,Software,639.89
2026-07-09,Sureste,SUR-05,Software,1324.16
2026-07-09,Sureste,SUR-01,Hardware,20582.35
2026-07-10,Centro,CEN-01,Servicios,3953.77
2026-07-10,Centro,CEN-04,Software,9004.38
2026-07-10,Centro,CEN-01,Software,8825.5
2026-07-10,Centro,CEN-03,Soporte,8096.19
2026-07-10,Centro,CEN-04,Hardware,15053.35
2026-07-10,Centro,CEN-05,Hardware,4029.71
2026-07-10,Norte,NOR-03,Software,13375.8
2026-07-10,Norte,NOR-02,Servicios,5724.17
2026-07-10,Norte,NOR-04,Soporte,4811.34
2026-07-10,Norte,NOR-05,Servicios,2839.37
2026-07-10,Occidente,OCC-01,Hardware,16410.02
2026-07-10,Occidente,OCC-04,Servicios,2962.35
2026-07-10,Occidente,OCC-05,Servicios,3154.69
2026-07-10,Occidente,OCC-03,Hardware,11987.36
2026-07-10,Occidente,OCC-05,Hardware,15070.6
2026-07-10,Sureste,SUR-04,Hardware,10420.96
2026-07-10,Sureste,SUR-03,Hardware,2539.87
2026-07-10,Sureste,SUR-01,Software,9801.64
2026-07-10,Sureste,SUR-02,Servicios,2277.93
2026-07-10,Sureste,SUR-02,Hardware,6752.35
2026-07-10,Sureste,SUR-04,Software,3516.05
2026-07-13,Centro,CEN-02,Software,13683.35
2026-07-13,Centro,CEN-03,Soporte,12915.48
2026-07-13,Centro,CEN-03,Hardware,9128.23
2026-07-13,Centro,CEN-05,Software,6435.72
2026-07-13,Norte,NOR-05,Software,5841.41
2026-07-13,Norte,NOR-04,Servicios,1524.28
2026-07-13,Norte,NOR-05,Servicios,6776.22
2026-07-13,Occidente,OCC-03,Software,5927.11
2026-07-13,Occidente,OCC-02,Servicios,3638.93
2026-07-13,Occidente,OCC-05,Servicios,4650.31
2026-07-13,Sureste,SUR-05,Hardware,8536.8
2026-07-13,Sureste,SUR-02,Servicios,5475.16
2026-07-13,Sureste,SUR-02,Software,2892.18
2026-07-13,Sureste,SUR-05,Servicios,7669.24
2026-07-14,Centro,CEN-02,Software,24435.67
2026-07-14,Centro,CEN-01,Servicios,19102.37
2026-07-14,Centro,CEN-05,Software,10442.09
2026-07-14,Centro,CEN-05,Hardware,11064.48
2026-07-14,Norte,NOR-03,Soporte,16195.08
2026-07-14,Norte,NOR-03,Hardware,2131.76
2026-07-14,Occidente,OCC-05,Servicios,31493.03
2026-07-14,Occidente,OCC-03,Soporte,10673.4
2026-07-14,Occidente,OCC-01,Servicios,12425.93
2026-07-14,Sureste,SUR-05,Software,2186.77
2026-07-15,Centro,CEN-04,Software,3645.84
2026-07-15,Centro,CEN-03,Servicios,40798.37
2026-07-15,Centro,CEN-01,Servicios,6525.52
2026-07-15,Norte,NOR-02,Servicios,1982.48
2026-07-15,Norte,NOR-03,Servicios,4821.66
2026-07-15,Norte,NOR-02,Hardware,2719.12
2026-07-15,Norte,NOR-05,Hardware,10853.34
2026-07-15,Norte,NOR-02,Hardware,2373.09
2026-07-15,Norte,NOR-03,Servicios,8026.12
2026-07-15,Norte,NOR-01,Servicios,16577.56
2026-07-15,Norte,NOR-05,Servicios,16276.97
2026-07-15,Norte,NOR-03,Software,14480.35
2026-07-15,Occidente,OCC-01,Software,12996.53
2026-07-15,Occidente,OCC-04,Hardware,6233.32
2026-07-15,Sureste,SUR-04,Hardware,4756.06
2026-07-15,Sureste,SUR-03,Software,19848.99
2026-07-15,Sureste,SUR-02,Software,2489.39
2026-07-15,Sureste,SUR-03,Software,5199.26
2026-07-15,Sureste,SUR-02,Software,8257.54
2026-07-16,Centro,CEN-05,Servicios,12701.37
2026-07-16,Centro,CEN-05,Software,1495.37
2026-07-16,Centro,CEN-04,Software,13385.76
2026-07-16,Centro,CEN-03,Servicios,10951.4
2026-07-16,Centro,CEN-02,Hardware,13680.32
2026-07-16,Norte,NOR-05,Servicios,11927.15
2026-07-16,Norte,NOR-05,Servicios,5379.5
2026-07-16,Norte,NOR-05,Software,7448.46
2026-07-16,Norte,NOR-03,Servicios,11724.26
2026-07-16,Norte,NOR-03,Software,15436.64
2026-07-16,Norte,NOR-05,Hardware,16545.16
2026-07-16,Norte,NOR-04,Servicios,7991.19
2026-07-16,Norte,NOR-05,Servicios,3925.05
2026-07-16,Occidente,OCC-05,Servicios,20562.72
2026-07-16,Occidente,OCC-04,Hardware,7325.71
2026-07-16,Occidente,OCC-01,Servicios,24014.11
2026-07-16,Sureste,SUR-02,Hardware,2371.32
2026-07-16,Sureste,SUR-05,Servicios,10670.43
2026-07-16,Sureste,SUR-03,Hardware,10715.27
2026-07-16,Sureste,SUR-03,Soporte,2229.3
2026-07-16,Sureste,SUR-04,Soporte,10742.48
2026-07-17,Centro,CEN-04,Software,16961.29
2026-07-17,Centro,CEN-04,Soporte,1022.53
2026-07-17,Centro,CEN-03,Servicios,10021.78
2026-07-17,Centro,CEN-01,Hardware,8244.83
2026-07-17,Norte,NOR-01,Software,17302.36
2026-07-17,Norte,NOR-03,Software,3152.75
2026-07-17,Occidente,OCC-03,Hardware,10868.53
2026-07-17,Occidente,OCC-03,Software,18472.08
2026-07-17,Occidente,OCC-03,Servicios,8151.01
2026-07-17,Sureste,SUR-04,Soporte,9024.53
2026-07-17,Sureste,SUR-04,Soporte,1899.61
2026-07-17,Sureste,SUR-01,Software,16715.63
2026-07-17,Sureste,SUR-04,Servicios,2618.27
2026-07-17,Sureste,SUR-04,Software,7461.51
2026-07-17,Sureste,SUR-03,Servicios,2593.06
2026-07-20,Centro,CEN-05,Hardware,14088.37
2026-07-20,Centro,CEN-02,Servicios,3687.04
2026-07-20,Centro,CEN-01,Soporte,15804.1
2026-07-20,Centro,CEN-02,Hardware,7550.95
2026-07-20,Centro,CEN-05,Software,5314.9
2026-07-20,Centro,CEN-02,Software,7741.8
2026-07-20,Norte,NOR-02,Hardware,3628.55
2026-07-20,Norte,NOR-04,Soporte,3690.26
2026-07-20,Norte,NOR-03,Software,3259.92
2026-07-20,Norte,NOR-02,Hardware,12976.42
2026-07-20,Norte,NOR-02,Servicios,26426.18
2026-07-20,Occidente,OCC-05,Software,9383.23
2026-07-20,Occidente,OCC-03,Software,11651.58
2026-07-20,Sureste,SUR-05,Software,1935.74
2026-07-20,Sureste,SUR-01,Software,8833.95
2026-07-20,Sureste,SUR-02,Software,3784.95
2026-07-20,Sureste,SUR-02,Software,7429.94
2026-07-20,Sureste,SUR-03,Software,1664.3
2026-07-21,Centro,CEN-05,Software,9359.81
2026-07-21,Centro,CEN-01,Hardware,18537.33
2026-07-21,Centro,CEN-02,Software,8864.67
2026-07-21,Centro,CEN-02,Soporte,15920.77
2026-07-21,Centro,CEN-02,Software,23282.86
2026-07-21,Centro,CEN-05,Servicios,1058.69
2026-07-21,Centro,CEN-04,Software,27365.04
2026-07-21,Norte,NOR-05,Hardware,19040.7
2026-07-21,Norte,NOR-05,Software,5802.25
2026-07-21,Norte,NOR-01,Servicios,3432.96
2026-07-21,Norte,NOR-05,Servicios,5865.04
2026-07-21,Occidente,OCC-04,Hardware,4395.64
2026-07-21,Occidente,OCC-03,Software,6321.39
2026-07-21,Occidente,OCC-03,Servicios,5310.01
2026-07-21,Occidente,OCC-04,Soporte,21452.79
2026-07-21,Occidente,OCC-02,Servicios,2247.55
2026-07-21,Occidente,OCC-05,Servicios,22070.57
2026-07-21,Sureste,SUR-04,Software,5437.83
2026-07-21,Sureste,SUR-01,Servicios,7312.13
2026-07-21,Sureste,SUR-01,Servicios,16086.96
2026-07-21,Sureste,SUR-02,Software,2214.63
2026-07-21,Sureste,SUR-05,Software,1829.05
2026-07-21,Sureste,SUR-04,Software,7058.0
2026-07-21,Sureste,SUR-01,Servicios,1873.6
2026-07-22,Centro,CEN-01,Software,2272.19
2026-07-22,Centro,CEN-02,Servicios,4438.29
2026-07-22,Centro,CEN-02,Software,16733.87
2026-07-22,Centro,CEN-01,Software,1738.88
2026-07-22,Norte,NOR-02,Hardware,3745.24
2026-07-22,Occidente,OCC-01,Servicios,10718.76
2026-07-22,Occidente,OCC-01,Servicios,5772.14
2026-07-22,Occidente,OCC-01,Software,14750.38
2026-07-22,Sureste,SUR-02,Software,4772.89
2026-07-22,Sureste,SUR-03,Servicios,2097.45
2026-07-23,Centro,CEN-01,Soporte,8725.95
2026-07-23,Centro,CEN-01,Software,13288.41
2026-07-23,Centro,CEN-05,Servicios,16423.46
2026-07-23,Centro,CEN-05,Servicios,21326.3
2026-07-23,Centro,CEN-02,Servicios,7269.32
2026-07-23,Centro,CEN-03,Software,4875.87
2026-07-23,Norte,NOR-01,Servicios,10299.21
2026-07-23,Norte,NOR-03,Software,5983.31
2026-07-23,Norte,NOR-02,Servicios,7252.92
2026-07-23,Norte,NOR-05,Software,9338.69
2026-07-23,Norte,NOR-04,Software,4248.71
2026-07-23,Occidente,OCC-03,Servicios,9432.89
2026-07-23,Occidente,OCC-01,Soporte,3121.38
2026-07-23,Occidente,OCC-03,Software,1242.4
2026-07-23,Occidente,OCC-01,Software,4435.87
2026-07-23,Occidente,OCC-02,Hardware,12949.66
2026-07-23,Sureste,SUR-02,Servicios,19548.25
2026-07-23,Sureste,SUR-02,Servicios,3075.48
2026-07-23,Sureste,SUR-03,Servicios,6245.87
2026-07-23,Sureste,SUR-01,Software,3215.05
2026-07-23,Sureste,SUR-01,Servicios,5218.02
2026-07-23,Sureste,SUR-03,Hardware,18667.15
2026-07-23,Sureste,SUR-05,Servicios,7933.39
2026-07-23,Sureste,SUR-05,Soporte,6404.67
2026-07-24,Centro,CEN-01,Servicios,12895.25
2026-07-24,Centro,CEN-04,Software,5802.15
2026-07-24,Centro,CEN-04,Soporte,11152.56
2026-07-24,Centro,CEN-01,Hardware,12824.73
2026-07-24,Centro,CEN-03,Hardware,25265.25
2026-07-24,Centro,CEN-04,Software,9977.29
2026-07-24,Norte,NOR-03,Soporte,19729.49
2026-07-24,Norte,NOR-02,Hardware,4693.78
2026-07-24,Norte,NOR-01,Hardware,5322.67
2026-07-24,Norte,NOR-03,Software,2010.7
2026-07-24,Norte,NOR-04,Servicios,8833.75
2026-07-24,Norte,NOR-01,Servicios,6438.75
2026-07-24,Norte,NOR-05,Servicios,8874.31
2026-07-24,Occidente,OCC-01,Software,500.0
2026-07-24,Occidente,OCC-04,Servicios,10987.25
2026-07-24,Occidente,OCC-01,Servicios,3830.61
2026-07-24,Occidente,OCC-03,Software,7790.93
2026-07-24,Occidente,OCC-02,Software,9403.64
2026-07-24,Occidente,OCC-05,Servicios,5668.57
2026-07-24,Sureste,SUR-05,Software,500.0
2026-07-24,Sureste,SUR-02,Hardware,2046.81
2026-07-24,Sureste,SUR-05,Servicios,18402.86
2026-07-24,Sureste,SUR-05,Servicios,5291.56
2026-07-24,Sureste,SUR-05,Software,1759.2
2026-07-24,Sureste,SUR-04,Hardware,5900.32
2026-07-27,Centro,CEN-04,Hardware,8231.07
2026-07-27,Centro,CEN-03,Software,10940.99
2026-07-27,Centro,CEN-05,Servicios,9439.01
2026-07-27,Centro,CEN-02,Hardware,1106.58
2026-07-27,Centro,CEN-02,Software,6774.22
2026-07-27,Centro,CEN-01,Hardware,43326.81
2026-07-27,Centro,CEN-01,Software,4718.08
2026-07-27,Centro,CEN-03,Software,5299.01
2026-07-27,Centro,CEN-05,Servicios,14491.73
2026-07-27,Norte,NOR-02,Servicios,6866.38
2026-07-27,Norte,NOR-01,Soporte,25271.84
2026-07-27,Norte,NOR-02,Servicios,8020.98
2026-07-27,Occidente,OCC-03,Servicios,11763.18
2026-07-27,Sureste,SUR-03,Servicios,26150.4
2026-07-27,Sureste,SUR-01,Software,3879.63
2026-07-27,Sureste,SUR-03,Servicios,6614.57
2026-07-27,Sureste,SUR-05,Servicios,10924.6
2026-07-27,Sureste,SUR-02,Hardware,3119.73
2026-07-27,Sureste,SUR-05,Software,7167.38
2026-07-28,Centro,CEN-04,Software,9961.45
2026-07-28,Centro,CEN-03,Hardware,14908.46
2026-07-28,Centro,CEN-01,Software,18550.76
2026-07-28,Centro,CEN-03,Software,25999.55
2026-07-28,Centro,CEN-02,Software,20026.92
2026-07-28,Norte,NOR-02,Servicios,4823.3
2026-07-28,Norte,NOR-03,Software,2171.23
2026-07-28,Norte,NOR-01,Soporte,8741.65
2026-07-28,Norte,NOR-01,Software,15560.92
2026-07-28,Norte,NOR-03,Servicios,10467.62
2026-07-28,Norte,NOR-01,Servicios,13104.04
2026-07-28,Norte,NOR-03,Hardware,3551.74
2026-07-28,Occidente,OCC-02,Servicios,8053.3
2026-07-28,Occidente,OCC-04,Soporte,22896.86
2026-07-28,Sureste,SUR-02,Hardware,2546.38
2026-07-28,Sureste,SUR-05,Hardware,8658.18
2026-07-29,Centro,CEN-05,Servicios,16535.48
2026-07-29,Centro,CEN-01,Servicios,18950.35
2026-07-29,Centro,CEN-05,Servicios,11703.5
2026-07-29,Centro,CEN-05,Hardware,12706.97
2026-07-29,Norte,NOR-04,Software,5193.13
2026-07-29,Norte,NOR-01,Software,5728.43
2026-07-29,Norte,NOR-02,Hardware,7738.39
2026-07-29,Norte,NOR-01,Soporte,4219.78
2026-07-29,Occidente,OCC-04,Hardware,9892.34
2026-07-29,Occidente,OCC-04,Hardware,1239.47
2026-07-29,Occidente,OCC-01,Servicios,9291.9
2026-07-29,Sureste,SUR-03,Software,13122.89
2026-07-29,Sureste,SUR-02,Hardware,6170.82
2026-07-30,Centro,CEN-04,Servicios,11577.12
2026-07-30,Norte,NOR-01,Soporte,8435.63
2026-07-30,Norte,NOR-04,Software,7668.5
2026-07-30,Sureste,SUR-03,Servicios,5535.86
2026-07-30,Sureste,SUR-05,Software,4517.54
2026-07-30,Sureste,SUR-04,Software,10891.92
2026-07-30,Sureste,SUR-01,Software,4468.69
2026-07-31,Centro,CEN-02,Software,11061.96
2026-07-31,Centro,CEN-04,Software,9789.59
2026-07-31,Centro,CEN-03,Hardware,9963.55
2026-07-31,Centro,CEN-02,Software,13803.07
2026-07-31,Centro,CEN-05,Software,15900.72
2026-07-31,Norte,NOR-05,Software,13187.32
2026-07-31,Norte,NOR-01,Hardware,6978.54
2026-07-31,Norte,NOR-01,Hardware,1437.13
2026-07-31,Norte,NOR-05,Servicios,12097.33
2026-07-31,Norte,NOR-05,Software,8399.04
2026-07-31,Occidente,OCC-04,Software,12744.13
2026-07-31,Occidente,OCC-05,Servicios,5531.77
2026-07-31,Occidente,OCC-01,Soporte,18043.31
2026-07-31,Occidente,OCC-01,Soporte,11171.78
2026-07-31,Sureste,SUR-03,Hardware,6288.77
2026-07-31,Sureste,SUR-02,Hardware,8227.06
2026-07-31,Sureste,SUR-01,Soporte,4802.35
2026-07-31,Sureste,SUR-02,Hardware,1094.84
2026-07-31,Sureste,SUR-04,Software,14773.31
2026-07-31,Sureste,SUR-03,Soporte,2490.54
2026-08-03,Centro,CEN-04,Servicios,20333.36
2026-08-03,Centro,CEN-04,Soporte,8182.69
2026-08-03,Centro,CEN-02,Servicios,24087.55
2026-08-03,Centro,CEN-03,Software,11039.67
2026-08-03,Centro,CEN-03,Servicios,12413.28
2026-08-03,Norte,NOR-03,Hardware,12090.38
2026-08-03,Norte,NOR-05,Soporte,10950.82
2026-08-03,Norte,NOR-03,Software,16902.47
2026-08-03,Norte,NOR-04,Servicios,3252.91
2026-08-03,Norte,NOR-05,Hardware,8104.84
2026-08-03,Norte,NOR-02,Software,4859.86
2026-08-03,Norte,NOR-04,Servicios,4482.32
2026-08-03,Occidente,OCC-01,Hardware,9531.25
2026-08-03,Occidente,OCC-01,Servicios,14648.98
2026-08-03,Occidente,OCC-01,Servicios,3906.78
2026-08-03,Sureste,SUR-03,Software,19291.9
2026-08-03,Sureste,SUR-05,Software,2759.71
2026-08-03,Sureste,SUR-03,Hardware,5929.85
2026-08-03,Sureste,SUR-01,Servicios,8739.67
2026-08-04,Centro,CEN-03,Software,8434.84
2026-08-04,Centro,CEN-04,Servicios,10030.52
2026-08-04,Centro,CEN-02,Soporte,24794.64
2026-08-04,Centro,CEN-02,Servicios,9307.93
2026-08-04,Centro,CEN-05,Soporte,21459.82
2026-08-04,Norte,NOR-03,Servicios,10378.57
2026-08-04,Norte,NOR-04,Soporte,10446.77
2026-08-04,Norte,NOR-01,Servicios,3968.31
2026-08-04,Norte,NOR-01,Servicios,12228.08
2026-08-04,Occidente,OCC-02,Soporte,10948.71
2026-08-04,Occidente,OCC-01,Software,11752.33
2026-08-04,Sureste,SUR-02,Software,2208.77
2026-08-04,Sureste,SUR-04,Servicios,9311.92
2026-08-04,Sureste,SUR-01,Servicios,6068.64
2026-08-04,Sureste,SUR-05,Hardware,4674.92
2026-08-04,Sureste,SUR-04,Servicios,7517.66
2026-08-05,Centro,CEN-05,Software,4499.28
2026-08-05,Centro,CEN-02,Servicios,8338.19
2026-08-05,Centro,CEN-02,Software,5993.59
2026-08-05,Centro,CEN-05,Software,27007.2
2026-08-05,Centro,CEN-03,Servicios,22615.58
2026-08-05,Centro,CEN-02,Soporte,3153.67
2026-08-05,Norte,NOR-05,Software,2462.56
2026-08-05,Norte,NOR-04,Servicios,8546.74
2026-08-05,Norte,NOR-02,Hardware,16578.35
2026-08-05,Norte,NOR-03,Software,11099.34
2026-08-05,Norte,NOR-02,Soporte,13850.74
2026-08-05,Norte,NOR-04,Soporte,12946.76
2026-08-05,Norte,NOR-03,Software,2750.13
2026-08-05,Norte,NOR-01,Servicios,16053.22
2026-08-05,Occidente,OCC-05,Software,11769.6
2026-08-05,Occidente,OCC-05,Software,11214.66
2026-08-05,Sureste,SUR-04,Software,5234.64
2026-08-06,Centro,CEN-05,Software,14155.73
2026-08-06,Centro,CEN-03,Software,20974.13
2026-08-06,Centro,CEN-01,Hardware,20084.36
2026-08-06,Centro,CEN-04,Hardware,4850.49
2026-08-06,Centro,CEN-05,Servicios,13017.6
2026-08-06,Centro,CEN-04,Software,10110.48
2026-08-06,Centro,CEN-04,Hardware,19416.06
2026-08-06,Centro,CEN-02,Software,11167.38
2026-08-06,Centro,CEN-03,Servicios,10020.74
2026-08-06,Norte,NOR-01,Servicios,9096.22
2026-08-06,Norte,NOR-02,Servicios,8601.98
2026-08-06,Norte,NOR-03,Software,22339.66
2026-08-06,Norte,NOR-03,Software,8806.13
2026-08-06,Occidente,OCC-05,Software,12459.86
2026-08-06,Occidente,OCC-04,Software,7308.62
2026-08-06,Occidente,OCC-03,Software,9476.01
2026-08-06,Sureste,SUR-02,Servicios,12304.77
2026-08-06,Sureste,SUR-05,Servicios,7875.44
2026-08-06,Sureste,SUR-01,Hardware,6608.18
2026-08-07,Centro,CEN-02,Servicios,7049.4
2026-08-07,Centro,CEN-02,Soporte,19532.7
2026-08-07,Centro,CEN-05,Servicios,3084.98
2026-08-07,Centro,CEN-04,Hardware,7014.31
2026-08-07,Centro,CEN-04,Software,10013.63
2026-08-07,Centro,CEN-04,Software,20060.67
2026-08-07,Norte,NOR-05,Software,6040.85
2026-08-07,Norte,NOR-03,Servicios,9888.56
2026-08-07,Norte,NOR-03,Software,11545.83
2026-08-07,Norte,NOR-02,Hardware,12731.7
2026-08-07,Occidente,OCC-03,Hardware,20336.32
2026-08-07,Sureste,SUR-03,Software,7589.82
2026-08-07,Sureste,SUR-02,Software,6068.76
2026-08-10,Centro,CEN-02,Servicios,8866.41
2026-08-10,Centro,CEN-05,Software,18128.71
2026-08-10,Centro,CEN-04,Servicios,12650.37
2026-08-10,Norte,NOR-01,Software,12986.04
2026-08-10,Norte,NOR-05,Soporte,2864.28
2026-08-10,Norte,NOR-04,Soporte,3615.75
2026-08-10,Norte,NOR-03,Servicios,16401.68
2026-08-10,Norte,NOR-04,Servicios,11023.45
2026-08-10,Occidente,OCC-04,Software,10544.23
2026-08-10,Occidente,OCC-05,Servicios,31787.75
2026-08-10,Occidente,OCC-01,Hardware,11716.76
2026-08-10,Sureste,SUR-04,Software,3291.63
2026-08-10,Sureste,SUR-03,Soporte,2153.61
2026-08-11,Centro,CEN-01,Soporte,10153.0
2026-08-11,Centro,CEN-05,Servicios,36492.76
2026-08-11,Centro,CEN-01,Hardware,11929.45
2026-08-11,Centro,CEN-04,Servicios,24003.23
2026-08-11,Centro,CEN-04,Servicios,9871.79
2026-08-11,Norte,NOR-03,Software,3221.6
2026-08-11,Norte,NOR-03,Software,15206.75
2026-08-11,Norte,NOR-01,Servicios,8434.87
2026-08-11,Occidente,OCC-02,Software,2466.08
2026-08-11,Sureste,SUR-05,Servicios,3583.46
2026-08-11,Sureste,SUR-01,Hardware,4236.49
2026-08-11,Sureste,SUR-04,Software,4320.81
2026-08-12,Centro,CEN-04,Hardware,2039.34
2026-08-12,Centro,CEN-01,Hardware,44418.64
2026-08-12,Centro,CEN-04,Software,8087.57
2026-08-12,Centro,CEN-01,Servicios,17465.98
2026-08-12,Norte,NOR-01,Software,6991.29
2026-08-12,Occidente,OCC-02,Software,4204.95
2026-08-12,Occidente,OCC-01,Servicios,20408.47
2026-08-12,Occidente,OCC-02,Soporte,7981.17
2026-08-12,Occidente,OCC-03,Hardware,8582.54
2026-08-12,Occidente,OCC-04,Servicios,4212.14
2026-08-12,Occidente,OCC-01,Software,4572.49
2026-08-12,Sureste,SUR-01,Soporte,16050.25
2026-08-12,Sureste,SUR-04,Servicios,8564.39
2026-08-12,Sureste,SUR-05,Software,10539.02
2026-08-12,Sureste,SUR-01,Software,9319.66
2026-08-12,Sureste,SUR-03,Software,4026.09
2026-08-12,Sureste,SUR-02,Hardware,1085.14
2026-08-12,Sureste,SUR-05,Servicios,5570.71
2026-08-13,Centro,CEN-05,Hardware,27921.72
2026-08-13,Centro,CEN-02,Hardware,7096.53
2026-08-13,Centro,CEN-05,Servicios,19003.21
2026-08-13,Centro,CEN-05,Servicios,10130.46
2026-08-13,Centro,CEN-05,Hardware,33785.78
2026-08-13,Centro,CEN-02,Servicios,2595.19
2026-08-13,Norte,NOR-03,Hardware,8791.84
2026-08-13,Norte,NOR-02,Servicios,3007.02
2026-08-13,Norte,NOR-03,Software,8050.01
2026-08-13,Norte,NOR-02,Servicios,16405.62
2026-08-13,Norte,NOR-02,Servicios,5650.25
2026-08-13,Norte,NOR-01,Hardware,6655.54
2026-08-13,Norte,NOR-04,Software,3618.37
2026-08-13,Norte,NOR-02,Hardware,7942.58
2026-08-13,Norte,NOR-04,Software,12337.18
2026-08-13,Occidente,OCC-03,Software,5934.89
2026-08-13,Sureste,SUR-04,Software,8865.12
2026-08-13,Sureste,SUR-04,Hardware,4947.96
2026-08-14,Centro,CEN-01,Soporte,16182.53
2026-08-14,Centro,CEN-04,Software,6536.24
2026-08-14,Centro,CEN-01,Hardware,9853.59
2026-08-14,Centro,CEN-01,Servicios,35502.49
2026-08-14,Norte,NOR-01,Software,5543.38
2026-08-14,Norte,NOR-02,Hardware,14167.78
2026-08-14,Norte,NOR-05,Servicios,6440.79
2026-08-14,Norte,NOR-04,Servicios,30085.11
2026-08-14,Occidente,OCC-03,Servicios,11796.9
2026-08-14,Occidente,OCC-03,Hardware,4059.17
2026-08-14,Sureste,SUR-05,Software,2637.75
2026-08-14,Sureste,SUR-03,Soporte,751.02
2026-08-14,Sureste,SUR-05,Software,3367.59
2026-08-14,Sureste,SUR-05,Software,6639.31
2026-08-14,Sureste,SUR-02,Servicios,7785.79
2026-08-14,Sureste,SUR-05,Hardware,2679.43
2026-08-14,Sureste,SUR-02,Servicios,8340.98
2026-08-14,Sureste,SUR-02,Servicios,5280.65
2026-08-14,Sureste,SUR-01,Hardware,5626.21
2026-08-17,Centro,CEN-05,Software,8827.98
2026-08-17,Centro,CEN-01,Hardware,25686.7
2026-08-17,Centro,CEN-04,Servicios,16918.11
2026-08-17,Centro,CEN-04,Servicios,44729.74
2026-08-17,Centro,CEN-04,Hardware,8624.35
2026-08-17,Norte,NOR-02,Software,2612.83
2026-08-17,Norte,NOR-02,Software,12726.45
2026-08-17,Norte,NOR-02,Software,5447.75
2026-08-17,Norte,NOR-05,Soporte,13175.43
2026-08-17,Norte,NOR-01,Software,33115.32
2026-08-17,Norte,NOR-04,Soporte,1962.17
2026-08-17,Norte,NOR-04,Servicios,9672.27
2026-08-17,Occidente,OCC-04,Servicios,2470.16
2026-08-17,Sureste,SUR-02,Hardware,2273.7
2026-08-17,Sureste,SUR-03,Software,14689.95
2026-08-17,Sureste,SUR-02,Servicios,3877.03
2026-08-17,Sureste,SUR-05,Servicios,2505.5
2026-08-17,Sureste,SUR-02,Hardware,13336.39
2026-08-17,Sureste,SUR-05,Hardware,6828.4
2026-08-17,Sureste,SUR-02,Servicios,17715.43
2026-08-18,Centro,CEN-01,Servicios,14721.19
2026-08-18,Centro,CEN-04,Servicios,4939.17
2026-08-18,Centro,CEN-04,Software,15617.98
2026-08-18,Centro,CEN-01,Servicios,7748.54
2026-08-18,Centro,CEN-04,Hardware,12057.92
2026-08-18,Norte,NOR-04,Software,15623.22
2026-08-18,Norte,NOR-01,Servicios,5310.04
2026-08-18,Norte,NOR-05,Servicios,19184.73
2026-08-18,Norte,NOR-04,Servicios,12813.43
2026-08-18,Norte,NOR-05,Hardware,1582.98
2026-08-18,Norte,NOR-02,Servicios,4803.34
2026-08-18,Norte,NOR-05,Software,10175.81
2026-08-18,Norte,NOR-04,Software,15056.77
2026-08-18,Norte,NOR-04,Servicios,13026.42
2026-08-18,Occidente,OCC-02,Software,12882.13
2026-08-18,Occidente,OCC-05,Software,12312.12
2026-08-18,Occidente,OCC-03,Hardware,5829.37
2026-08-18,Occidente,OCC-05,Soporte,13000.3
2026-08-18,Sureste,SUR-03,Soporte,1888.61
2026-08-18,Sureste,SUR-02,Software,2947.96
2026-08-18,Sureste,SUR-04,Software,14598.45
2026-08-18,Sureste,SUR-02,Servicios,4010.17
2026-08-18,Sureste,SUR-02,Servicios,5679.01
2026-08-18,Sureste,SUR-03,Software,4003.53
2026-08-18,Sureste,SUR-05,Hardware,10065.6
2026-08-18,Sureste,SUR-03,Soporte,12172.28
2026-08-18,Sureste,SUR-02,Software,3226.51
2026-08-18,Sureste,SUR-04,Software,4331.64
2026-08-18,Sureste,SUR-03,Software,1805.33
2026-08-18,Sureste,SUR-01,Servicios,3740.62
2026-08-19,Centro,CEN-02,Software,1362.04
2026-08-19,Centro,CEN-05,Servicios,5967.52
2026-08-19,Centro,CEN-05,Servicios,9627.46
2026-08-19,Norte,NOR-03,Software,6915.3
2026-08-19,Norte,NOR-04,Soporte,15456.69
2026-08-19,Occidente,OCC-02,Hardware,10044.92
2026-08-19,Occidente,OCC-01,Servicios,4497.84
2026-08-19,Occidente,OCC-04,Software,9355.31
2026-08-19,Occidente,OCC-02,Software,4565.0
2026-08-19,Sureste,SUR-02,Servicios,3076.82
2026-08-19,Sureste,SUR-03,Hardware,9307.19
2026-08-19,Sureste,SUR-04,Hardware,21698.43
2026-08-19,Sureste,SUR-03,Servicios,5980.41
2026-08-19,Sureste,SUR-04,Software,12611.94
2026-08-20,Centro,CEN-01,Software,14127.55
2026-08-20,Centro,CEN-04,Servicios,5432.61
2026-08-20,Centro,CEN-04,Hardware,5569.03
2026-08-20,Centro,CEN-02,Software,3392.45
2026-08-20,Norte,NOR-02,Hardware,11783.11
2026-08-20,Norte,NOR-02,Software,3722.2
2026-08-20,Occidente,OCC-02,Servicios,25939.32
2026-08-20,Sureste,SUR-03,Hardware,15775.08
2026-08-20,Sureste,SUR-01,Hardware,10724.2
2026-08-20,Sureste,SUR-04,Hardware,3454.06
2026-08-20,Sureste,SUR-04,Software,10893.31
2026-08-20,Sureste,SUR-01,Hardware,3026.11
2026-08-20,Sureste,SUR-03,Servicios,2596.28
2026-08-20,Sureste,SUR-01,Servicios,9593.19
2026-08-21,Centro,CEN-01,Servicios,22581.04
2026-08-21,Centro,CEN-03,Servicios,10836.47
2026-08-21,Centro,CEN-05,Software,1545.38
2026-08-21,Centro,CEN-05,Soporte,10286.43
2026-08-21,Centro,CEN-02,Hardware,5461.3
2026-08-21,Norte,NOR-05,Software,13583.88
2026-08-21,Norte,NOR-04,Software,3131.5
2026-08-21,Norte,NOR-04,Hardware,9541.74
2026-08-21,Norte,NOR-03,Servicios,13999.81
2026-08-21,Occidente,OCC-01,Software,1615.22
2026-08-21,Occidente,OCC-04,Hardware,17346.56
2026-08-21,Sureste,SUR-02,Servicios,10450.35
2026-08-21,Sureste,SUR-03,Soporte,4164.67
2026-08-21,Sureste,SUR-05,Servicios,3766.56
2026-08-21,Sureste,SUR-04,Software,5184.98
2026-08-24,Centro,CEN-04,Hardware,11064.63
2026-08-24,Centro,CEN-03,Hardware,12027.5
2026-08-24,Centro,CEN-01,Software,18967.14
2026-08-24,Centro,CEN-04,Software,1128.46
2026-08-24,Centro,CEN-04,Software,3519.35
2026-08-24,Centro,CEN-02,Software,11767.8
2026-08-24,Norte,NOR-02,Hardware,28811.78
2026-08-24,Norte,NOR-03,Software,13442.38
2026-08-24,Norte,NOR-03,Hardware,6227.41
2026-08-24,Norte,NOR-02,Software,3551.37
2026-08-24,Norte,NOR-04,Software,1188.72
2026-08-24,Norte,NOR-04,Soporte,26546.19
2026-08-24,Occidente,OCC-02,Hardware,28507.78
2026-08-24,Occidente,OCC-05,Servicios,9264.36
2026-08-24,Occidente,OCC-05,Servicios,14691.87
2026-08-24,Sureste,SUR-04,Software,6356.67
2026-08-24,Sureste,SUR-01,Servicios,7466.16
2026-08-24,Sureste,SUR-03,Servicios,566.4
2026-08-24,Sureste,SUR-04,Servicios,5908.66
2026-08-24,Sureste,SUR-02,Software,15089.74
2026-08-24,Sureste,SUR-05,Software,5393.85
2026-08-24,Sureste,SUR-03,Hardware,7245.06
2026-08-24,Sureste,SUR-02,Servicios,2989.9
2026-08-25,Centro,CEN-02,Soporte,12484.01
2026-08-25,Centro,CEN-02,Software,5918.36
2026-08-25,Centro,CEN-05,Software,9380.83
2026-08-25,Centro,CEN-03,Servicios,17415.28
2026-08-25,Centro,CEN-01,Software,8319.71
2026-08-25,Centro,CEN-05,Servicios,15894.86
2026-08-25,Centro,CEN-01,Hardware,17003.69
2026-08-25,Centro,CEN-01,Servicios,6565.38
2026-08-25,Centro,CEN-05,Software,10078.8
2026-08-25,Centro,CEN-03,Software,6708.93
2026-08-25,Norte,NOR-02,Soporte,18016.4
2026-08-25,Norte,NOR-03,Servicios,27621.98
2026-08-25,Norte,NOR-05,Servicios,5385.4
2026-08-25,Norte,NOR-05,Servicios,27565.72
2026-08-25,Sureste,SUR-05,Software,3798.21
2026-08-25,Sureste,SUR-01,Soporte,7004.02
2026-08-25,Sureste,SUR-05,Hardware,4442.32
2026-08-25,Sureste,SUR-02,Software,8068.6
2026-08-26,Centro,CEN-03,Soporte,2932.56
2026-08-26,Centro,CEN-01,Hardware,13906.07
2026-08-26,Norte,NOR-03,Servicios,6515.18
2026-08-26,Norte,NOR-05,Software,7602.91
2026-08-26,Norte,NOR-02,Soporte,11471.69
2026-08-26,Norte,NOR-04,Software,10655.63
2026-08-26,Norte,NOR-01,Hardware,13190.1
2026-08-26,Norte,NOR-04,Software,8578.63
2026-08-26,Norte,NOR-02,Software,10248.6
2026-08-26,Norte,NOR-05,Software,10313.46
2026-08-26,Occidente,OCC-01,Servicios,8447.24
2026-08-26,Occidente,OCC-04,Software,2743.83
2026-08-26,Sureste,SUR-01,Servicios,2009.47
2026-08-26,Sureste,SUR-01,Servicios,3327.34
2026-08-26,Sureste,SUR-05,Servicios,5389.4
2026-08-26,Sureste,SUR-04,Servicios,8578.92
2026-08-26,Sureste,SUR-03,Software,12972.06
2026-08-26,Sureste,SUR-04,Soporte,2730.33
2026-08-26,Sureste,SUR-05,Servicios,11147.12
2026-08-27,Centro,CEN-04,Servicios,23746.99
2026-08-27,Centro,CEN-04,Servicios,16290.91
2026-08-27,Centro,CEN-04,Hardware,7684.14
2026-08-27,Centro,CEN-01,Servicios,27855.01
2026-08-27,Norte,NOR-01,Software,8519.5
2026-08-27,Norte,NOR-05,Hardware,4123.71
2026-08-27,Norte,NOR-03,Servicios,4019.71
2026-08-27,Norte,NOR-05,Software,3566.97
2026-08-27,Norte,NOR-03,Software,7525.67
2026-08-27,Occidente,OCC-02,Hardware,6412.91
2026-08-27,Occidente,OCC-01,Hardware,17441.16
2026-08-27,Occidente,OCC-05,Software,13166.78
2026-08-27,Occidente,OCC-05,Software,33265.22
2026-08-27,Occidente,OCC-01,Servicios,5999.3
2026-08-27,Sureste,SUR-03,Servicios,4205.62
2026-08-27,Sureste,SUR-01,Hardware,5849.36
2026-08-27,Sureste,SUR-05,Soporte,586.26
2026-08-27,Sureste,SUR-03,Software,11148.9
2026-08-27,Sureste,SUR-04,Servicios,16028.37
2026-08-27,Sureste,SUR-04,Hardware,14377.19
2026-08-28,Centro,CEN-02,Software,6073.8
2026-08-28,Centro,CEN-05,Servicios,7994.47
2026-08-28,Centro,CEN-05,Software,5112.22
2026-08-28,Centro,CEN-04,Servicios,31412.14
2026-08-28,Centro,CEN-02,Hardware,8518.18
2026-08-28,Norte,NOR-04,Software,7585.17
2026-08-28,Norte,NOR-01,Servicios,18385.21
2026-08-28,Norte,NOR-01,Soporte,3299.9
2026-08-28,Norte,NOR-05,Software,8065.91
2026-08-28,Norte,NOR-04,Hardware,15742.31
2026-08-28,Occidente,OCC-05,Servicios,2775.13
2026-08-28,Sureste,SUR-05,Software,892.71
2026-08-31,Centro,CEN-01,Software,15374.85
2026-08-31,Centro,CEN-01,Software,16592.08
2026-08-31,Centro,CEN-01,Servicios,15568.51
2026-08-31,Centro,CEN-03,Software,17361.59
2026-08-31,Centro,CEN-01,Software,19305.16
2026-08-31,Norte,NOR-01,Software,14791.65
2026-08-31,Norte,NOR-02,Software,8932.19
2026-08-31,Norte,NOR-01,Software,20840.96
2026-08-31,Norte,NOR-04,Servicios,7639.69
2026-08-31,Norte,NOR-01,Soporte,6744.23
2026-08-31,Occidente,OCC-03,Servicios,5705.54
2026-08-31,Sureste,SUR-02,Software,6883.41
2026-08-31,Sureste,SUR-03,Servicios,3057.1
2026-08-31,Sureste,SUR-03,Software,9065.05
