mes,region,cliente_id,perfil,categoria,subcategoria,ingreso_mxn
2025-02,Norte,CLI-001,Ocasional (alto volumen / baja frecuencia),Línea Premium,Premium Hogar,770.31
2025-06,Norte,CLI-001,Ocasional (alto volumen / baja frecuencia),Línea Premium,Premium Hogar,1050.78
2025-08,Norte,CLI-001,Ocasional (alto volumen / baja frecuencia),Línea Premium,Premium Hogar,780.33
2025-11,Norte,CLI-001,Ocasional (alto volumen / baja frecuencia),Línea Premium,Premium Hogar,1312.51
2026-01,Norte,CLI-001,Ocasional (alto volumen / baja frecuencia),Línea Premium,Premium Hogar,1160.34
2026-05,Norte,CLI-001,Ocasional (alto volumen / baja frecuencia),Línea Premium,Premium Hogar,1431.82
2025-07,Norte,CLI-001,Ocasional (alto volumen / baja frecuencia),Línea Estándar,Estándar Retail,638.97
2026-03,Norte,CLI-001,Ocasional (alto volumen / baja frecuencia),Línea Estándar,Estándar Retail,883.89
2026-04,Norte,CLI-001,Ocasional (alto volumen / baja frecuencia),Línea Estándar,Estándar Retail,854.24
2026-07,Norte,CLI-001,Ocasional (alto volumen / baja frecuencia),Línea Estándar,Estándar Retail,863.61
2025-01,Norte,CLI-002,Recurrente (bajo volumen / alta frecuencia),Línea Premium,Premium Oficina,361.66
2025-04,Norte,CLI-002,Recurrente (bajo volumen / alta frecuencia),Línea Premium,Premium Oficina,412.55
2025-05,Norte,CLI-002,Recurrente (bajo volumen / alta frecuencia),Línea Premium,Premium Oficina,322.99
2025-06,Norte,CLI-002,Recurrente (bajo volumen / alta frecuencia),Línea Premium,Premium Oficina,403.8
2025-09,Norte,CLI-002,Recurrente (bajo volumen / alta frecuencia),Línea Premium,Premium Oficina,308.67
2025-10,Norte,CLI-002,Recurrente (bajo volumen / alta frecuencia),Línea Premium,Premium Oficina,381.26
2025-11,Norte,CLI-002,Recurrente (bajo volumen / alta frecuencia),Línea Premium,Premium Oficina,358.65
2025-12,Norte,CLI-002,Recurrente (bajo volumen / alta frecuencia),Línea Premium,Premium Oficina,424.5
2026-01,Norte,CLI-002,Recurrente (bajo volumen / alta frecuencia),Línea Premium,Premium Oficina,392.51
2026-02,Norte,CLI-002,Recurrente (bajo volumen / alta frecuencia),Línea Premium,Premium Oficina,434.51
2026-03,Norte,CLI-002,Recurrente (bajo volumen / alta frecuencia),Línea Premium,Premium Oficina,457.75
2026-04,Norte,CLI-002,Recurrente (bajo volumen / alta frecuencia),Línea Premium,Premium Oficina,410.49
2026-05,Norte,CLI-002,Recurrente (bajo volumen / alta frecuencia),Línea Premium,Premium Oficina,353.37
2026-06,Norte,CLI-002,Recurrente (bajo volumen / alta frecuencia),Línea Premium,Premium Oficina,486.0
2026-07,Norte,CLI-002,Recurrente (bajo volumen / alta frecuencia),Línea Premium,Premium Oficina,471.2
2025-02,Norte,CLI-002,Recurrente (bajo volumen / alta frecuencia),Línea Económica,Económica Promocional,158.0
2025-03,Norte,CLI-002,Recurrente (bajo volumen / alta frecuencia),Línea Económica,Económica Promocional,171.88
2025-04,Norte,CLI-002,Recurrente (bajo volumen / alta frecuencia),Línea Económica,Económica Promocional,207.48
2025-05,Norte,CLI-002,Recurrente (bajo volumen / alta frecuencia),Línea Económica,Económica Promocional,211.19
2025-08,Norte,CLI-002,Recurrente (bajo volumen / alta frecuencia),Línea Económica,Económica Promocional,168.44
2025-09,Norte,CLI-002,Recurrente (bajo volumen / alta frecuencia),Línea Económica,Económica Promocional,182.58
2025-11,Norte,CLI-002,Recurrente (bajo volumen / alta frecuencia),Línea Económica,Económica Promocional,191.55
2026-01,Norte,CLI-002,Recurrente (bajo volumen / alta frecuencia),Línea Económica,Económica Promocional,202.53
2026-02,Norte,CLI-002,Recurrente (bajo volumen / alta frecuencia),Línea Económica,Económica Promocional,174.58
2026-03,Norte,CLI-002,Recurrente (bajo volumen / alta frecuencia),Línea Económica,Económica Promocional,148.67
2026-05,Norte,CLI-002,Recurrente (bajo volumen / alta frecuencia),Línea Económica,Económica Promocional,178.54
2026-06,Norte,CLI-002,Recurrente (bajo volumen / alta frecuencia),Línea Económica,Económica Promocional,160.66
2026-08,Norte,CLI-002,Recurrente (bajo volumen / alta frecuencia),Línea Económica,Económica Promocional,155.39
2025-02,Norte,CLI-002,Recurrente (bajo volumen / alta frecuencia),Servicios postventa,Soporte y Mantenimiento,112.09
2025-03,Norte,CLI-002,Recurrente (bajo volumen / alta frecuencia),Servicios postventa,Soporte y Mantenimiento,123.77
2025-04,Norte,CLI-002,Recurrente (bajo volumen / alta frecuencia),Servicios postventa,Soporte y Mantenimiento,134.42
2025-05,Norte,CLI-002,Recurrente (bajo volumen / alta frecuencia),Servicios postventa,Soporte y Mantenimiento,131.5
2025-06,Norte,CLI-002,Recurrente (bajo volumen / alta frecuencia),Servicios postventa,Soporte y Mantenimiento,140.5
2025-07,Norte,CLI-002,Recurrente (bajo volumen / alta frecuencia),Servicios postventa,Soporte y Mantenimiento,129.78
2025-08,Norte,CLI-002,Recurrente (bajo volumen / alta frecuencia),Servicios postventa,Soporte y Mantenimiento,129.34
2025-09,Norte,CLI-002,Recurrente (bajo volumen / alta frecuencia),Servicios postventa,Soporte y Mantenimiento,123.85
2025-10,Norte,CLI-002,Recurrente (bajo volumen / alta frecuencia),Servicios postventa,Soporte y Mantenimiento,133.65
2025-12,Norte,CLI-002,Recurrente (bajo volumen / alta frecuencia),Servicios postventa,Soporte y Mantenimiento,135.14
2026-01,Norte,CLI-002,Recurrente (bajo volumen / alta frecuencia),Servicios postventa,Soporte y Mantenimiento,132.75
2026-02,Norte,CLI-002,Recurrente (bajo volumen / alta frecuencia),Servicios postventa,Soporte y Mantenimiento,174.85
2026-03,Norte,CLI-002,Recurrente (bajo volumen / alta frecuencia),Servicios postventa,Soporte y Mantenimiento,140.81
2026-04,Norte,CLI-002,Recurrente (bajo volumen / alta frecuencia),Servicios postventa,Soporte y Mantenimiento,186.78
2026-05,Norte,CLI-002,Recurrente (bajo volumen / alta frecuencia),Servicios postventa,Soporte y Mantenimiento,152.03
2026-06,Norte,CLI-002,Recurrente (bajo volumen / alta frecuencia),Servicios postventa,Soporte y Mantenimiento,195.87
2026-07,Norte,CLI-002,Recurrente (bajo volumen / alta frecuencia),Servicios postventa,Soporte y Mantenimiento,165.22
2025-01,Norte,CLI-002,Recurrente (bajo volumen / alta frecuencia),Línea Estándar,Estándar Retail,294.75
2025-02,Norte,CLI-002,Recurrente (bajo volumen / alta frecuencia),Línea Estándar,Estándar Retail,310.61
2025-03,Norte,CLI-002,Recurrente (bajo volumen / alta frecuencia),Línea Estándar,Estándar Retail,306.32
2025-07,Norte,CLI-002,Recurrente (bajo volumen / alta frecuencia),Línea Estándar,Estándar Retail,360.21
2025-08,Norte,CLI-002,Recurrente (bajo volumen / alta frecuencia),Línea Estándar,Estándar Retail,430.63
2025-09,Norte,CLI-002,Recurrente (bajo volumen / alta frecuencia),Línea Estándar,Estándar Retail,309.9
2025-10,Norte,CLI-002,Recurrente (bajo volumen / alta frecuencia),Línea Estándar,Estándar Retail,318.89
2025-11,Norte,CLI-002,Recurrente (bajo volumen / alta frecuencia),Línea Estándar,Estándar Retail,290.25
2025-12,Norte,CLI-002,Recurrente (bajo volumen / alta frecuencia),Línea Estándar,Estándar Retail,324.6
2026-01,Norte,CLI-002,Recurrente (bajo volumen / alta frecuencia),Línea Estándar,Estándar Retail,392.26
2026-02,Norte,CLI-002,Recurrente (bajo volumen / alta frecuencia),Línea Estándar,Estándar Retail,380.1
2026-04,Norte,CLI-002,Recurrente (bajo volumen / alta frecuencia),Línea Estándar,Estándar Retail,323.99
2026-06,Norte,CLI-002,Recurrente (bajo volumen / alta frecuencia),Línea Estándar,Estándar Retail,397.21
2026-07,Norte,CLI-002,Recurrente (bajo volumen / alta frecuencia),Línea Estándar,Estándar Retail,243.25
2026-08,Norte,CLI-002,Recurrente (bajo volumen / alta frecuencia),Línea Estándar,Estándar Retail,354.82
2025-08,Centro,CLI-003,Ocasional (alto volumen / baja frecuencia),Línea Premium,Premium Oficina,944.98
2025-10,Centro,CLI-003,Ocasional (alto volumen / baja frecuencia),Línea Premium,Premium Oficina,770.21
2026-05,Centro,CLI-003,Ocasional (alto volumen / baja frecuencia),Línea Premium,Premium Oficina,789.65
2026-08,Centro,CLI-003,Ocasional (alto volumen / baja frecuencia),Línea Premium,Premium Oficina,1145.81
2025-03,Centro,CLI-003,Ocasional (alto volumen / baja frecuencia),Línea Estándar,Estándar Retail,645.55
2025-07,Centro,CLI-003,Ocasional (alto volumen / baja frecuencia),Línea Estándar,Estándar Retail,785.34
2026-01,Centro,CLI-003,Ocasional (alto volumen / baja frecuencia),Línea Estándar,Estándar Retail,549.99
2026-04,Centro,CLI-003,Ocasional (alto volumen / baja frecuencia),Línea Estándar,Estándar Retail,594.54
2026-06,Centro,CLI-003,Ocasional (alto volumen / baja frecuencia),Línea Estándar,Estándar Retail,763.87
2026-07,Centro,CLI-003,Ocasional (alto volumen / baja frecuencia),Línea Estándar,Estándar Retail,697.7
2025-01,Centro,CLI-003,Ocasional (alto volumen / baja frecuencia),Línea Premium,Premium Exportación,829.66
2025-10,Centro,CLI-003,Ocasional (alto volumen / baja frecuencia),Línea Premium,Premium Exportación,983.23
2026-05,Centro,CLI-003,Ocasional (alto volumen / baja frecuencia),Línea Premium,Premium Exportación,1027.24
2026-06,Centro,CLI-003,Ocasional (alto volumen / baja frecuencia),Línea Premium,Premium Exportación,949.32
2025-01,Centro,CLI-004,VIP (alto volumen / alta frecuencia),Línea Económica,Económica Promocional,481.71
2025-02,Centro,CLI-004,VIP (alto volumen / alta frecuencia),Línea Económica,Económica Promocional,494.53
2025-05,Centro,CLI-004,VIP (alto volumen / alta frecuencia),Línea Económica,Económica Promocional,453.69
2025-07,Centro,CLI-004,VIP (alto volumen / alta frecuencia),Línea Económica,Económica Promocional,604.92
2025-08,Centro,CLI-004,VIP (alto volumen / alta frecuencia),Línea Económica,Económica Promocional,461.62
2025-09,Centro,CLI-004,VIP (alto volumen / alta frecuencia),Línea Económica,Económica Promocional,476.13
2025-10,Centro,CLI-004,VIP (alto volumen / alta frecuencia),Línea Económica,Económica Promocional,476.33
2025-11,Centro,CLI-004,VIP (alto volumen / alta frecuencia),Línea Económica,Económica Promocional,498.25
2025-12,Centro,CLI-004,VIP (alto volumen / alta frecuencia),Línea Económica,Económica Promocional,562.86
2026-01,Centro,CLI-004,VIP (alto volumen / alta frecuencia),Línea Económica,Económica Promocional,535.21
2026-02,Centro,CLI-004,VIP (alto volumen / alta frecuencia),Línea Económica,Económica Promocional,514.99
2026-04,Centro,CLI-004,VIP (alto volumen / alta frecuencia),Línea Económica,Económica Promocional,611.13
2026-06,Centro,CLI-004,VIP (alto volumen / alta frecuencia),Línea Económica,Económica Promocional,570.03
2026-07,Centro,CLI-004,VIP (alto volumen / alta frecuencia),Línea Económica,Económica Promocional,581.9
2026-08,Centro,CLI-004,VIP (alto volumen / alta frecuencia),Línea Económica,Económica Promocional,485.8
2025-01,Centro,CLI-004,VIP (alto volumen / alta frecuencia),Línea Estándar,Estándar Retail,822.92
2025-02,Centro,CLI-004,VIP (alto volumen / alta frecuencia),Línea Estándar,Estándar Retail,1026.08
2025-03,Centro,CLI-004,VIP (alto volumen / alta frecuencia),Línea Estándar,Estándar Retail,824.22
2025-04,Centro,CLI-004,VIP (alto volumen / alta frecuencia),Línea Estándar,Estándar Retail,770.56
2025-05,Centro,CLI-004,VIP (alto volumen / alta frecuencia),Línea Estándar,Estándar Retail,914.9
2025-07,Centro,CLI-004,VIP (alto volumen / alta frecuencia),Línea Estándar,Estándar Retail,673.9
2025-09,Centro,CLI-004,VIP (alto volumen / alta frecuencia),Línea Estándar,Estándar Retail,1005.55
2025-10,Centro,CLI-004,VIP (alto volumen / alta frecuencia),Línea Estándar,Estándar Retail,1103.01
2025-11,Centro,CLI-004,VIP (alto volumen / alta frecuencia),Línea Estándar,Estándar Retail,1114.81
2025-12,Centro,CLI-004,VIP (alto volumen / alta frecuencia),Línea Estándar,Estándar Retail,909.4
2026-01,Centro,CLI-004,VIP (alto volumen / alta frecuencia),Línea Estándar,Estándar Retail,868.54
2026-02,Centro,CLI-004,VIP (alto volumen / alta frecuencia),Línea Estándar,Estándar Retail,894.58
2026-03,Centro,CLI-004,VIP (alto volumen / alta frecuencia),Línea Estándar,Estándar Retail,1305.23
2026-04,Centro,CLI-004,VIP (alto volumen / alta frecuencia),Línea Estándar,Estándar Retail,961.5
2026-05,Centro,CLI-004,VIP (alto volumen / alta frecuencia),Línea Estándar,Estándar Retail,1136.48
2026-06,Centro,CLI-004,VIP (alto volumen / alta frecuencia),Línea Estándar,Estándar Retail,988.84
2026-08,Centro,CLI-004,VIP (alto volumen / alta frecuencia),Línea Estándar,Estándar Retail,1112.86
2025-01,Centro,CLI-004,VIP (alto volumen / alta frecuencia),Línea Premium,Premium Hogar,1066.76
2025-03,Centro,CLI-004,VIP (alto volumen / alta frecuencia),Línea Premium,Premium Hogar,1300.15
2025-05,Centro,CLI-004,VIP (alto volumen / alta frecuencia),Línea Premium,Premium Hogar,1136.08
2025-06,Centro,CLI-004,VIP (alto volumen / alta frecuencia),Línea Premium,Premium Hogar,1064.9
2025-07,Centro,CLI-004,VIP (alto volumen / alta frecuencia),Línea Premium,Premium Hogar,1207.47
2025-08,Centro,CLI-004,VIP (alto volumen / alta frecuencia),Línea Premium,Premium Hogar,1234.87
2025-10,Centro,CLI-004,VIP (alto volumen / alta frecuencia),Línea Premium,Premium Hogar,1347.75
2025-11,Centro,CLI-004,VIP (alto volumen / alta frecuencia),Línea Premium,Premium Hogar,1239.3
2025-12,Centro,CLI-004,VIP (alto volumen / alta frecuencia),Línea Premium,Premium Hogar,1519.61
2026-01,Centro,CLI-004,VIP (alto volumen / alta frecuencia),Línea Premium,Premium Hogar,1461.38
2026-03,Centro,CLI-004,VIP (alto volumen / alta frecuencia),Línea Premium,Premium Hogar,1195.45
2026-04,Centro,CLI-004,VIP (alto volumen / alta frecuencia),Línea Premium,Premium Hogar,1087.77
2026-05,Centro,CLI-004,VIP (alto volumen / alta frecuencia),Línea Premium,Premium Hogar,1467.82
2026-06,Centro,CLI-004,VIP (alto volumen / alta frecuencia),Línea Premium,Premium Hogar,1349.4
2026-07,Centro,CLI-004,VIP (alto volumen / alta frecuencia),Línea Premium,Premium Hogar,1155.31
2025-01,Centro,CLI-004,VIP (alto volumen / alta frecuencia),Línea Premium,Premium Oficina,1025.55
2025-02,Centro,CLI-004,VIP (alto volumen / alta frecuencia),Línea Premium,Premium Oficina,954.67
2025-03,Centro,CLI-004,VIP (alto volumen / alta frecuencia),Línea Premium,Premium Oficina,961.68
2025-04,Centro,CLI-004,VIP (alto volumen / alta frecuencia),Línea Premium,Premium Oficina,971.51
2025-05,Centro,CLI-004,VIP (alto volumen / alta frecuencia),Línea Premium,Premium Oficina,1144.12
2025-06,Centro,CLI-004,VIP (alto volumen / alta frecuencia),Línea Premium,Premium Oficina,963.12
2025-07,Centro,CLI-004,VIP (alto volumen / alta frecuencia),Línea Premium,Premium Oficina,1001.21
2025-08,Centro,CLI-004,VIP (alto volumen / alta frecuencia),Línea Premium,Premium Oficina,933.68
2025-10,Centro,CLI-004,VIP (alto volumen / alta frecuencia),Línea Premium,Premium Oficina,955.31
2025-11,Centro,CLI-004,VIP (alto volumen / alta frecuencia),Línea Premium,Premium Oficina,1040.32
2026-01,Centro,CLI-004,VIP (alto volumen / alta frecuencia),Línea Premium,Premium Oficina,784.38
2026-02,Centro,CLI-004,VIP (alto volumen / alta frecuencia),Línea Premium,Premium Oficina,1031.64
2026-03,Centro,CLI-004,VIP (alto volumen / alta frecuencia),Línea Premium,Premium Oficina,1098.21
2026-04,Centro,CLI-004,VIP (alto volumen / alta frecuencia),Línea Premium,Premium Oficina,1106.65
2026-05,Centro,CLI-004,VIP (alto volumen / alta frecuencia),Línea Premium,Premium Oficina,1053.09
2026-06,Centro,CLI-004,VIP (alto volumen / alta frecuencia),Línea Premium,Premium Oficina,1118.78
2026-07,Centro,CLI-004,VIP (alto volumen / alta frecuencia),Línea Premium,Premium Oficina,1008.94
2026-08,Centro,CLI-004,VIP (alto volumen / alta frecuencia),Línea Premium,Premium Oficina,1016.55
2025-01,Centro,CLI-004,VIP (alto volumen / alta frecuencia),Línea Estándar,Estándar Mayoreo,1232.13
2025-02,Centro,CLI-004,VIP (alto volumen / alta frecuencia),Línea Estándar,Estándar Mayoreo,642.91
2025-03,Centro,CLI-004,VIP (alto volumen / alta frecuencia),Línea Estándar,Estándar Mayoreo,1061.46
2025-04,Centro,CLI-004,VIP (alto volumen / alta frecuencia),Línea Estándar,Estándar Mayoreo,927.97
2025-05,Centro,CLI-004,VIP (alto volumen / alta frecuencia),Línea Estándar,Estándar Mayoreo,1057.95
2025-06,Centro,CLI-004,VIP (alto volumen / alta frecuencia),Línea Estándar,Estándar Mayoreo,1071.82
2025-07,Centro,CLI-004,VIP (alto volumen / alta frecuencia),Línea Estándar,Estándar Mayoreo,915.78
2025-08,Centro,CLI-004,VIP (alto volumen / alta frecuencia),Línea Estándar,Estándar Mayoreo,1023.06
2025-09,Centro,CLI-004,VIP (alto volumen / alta frecuencia),Línea Estándar,Estándar Mayoreo,969.28
2025-10,Centro,CLI-004,VIP (alto volumen / alta frecuencia),Línea Estándar,Estándar Mayoreo,1047.66
2025-11,Centro,CLI-004,VIP (alto volumen / alta frecuencia),Línea Estándar,Estándar Mayoreo,1028.67
2025-12,Centro,CLI-004,VIP (alto volumen / alta frecuencia),Línea Estándar,Estándar Mayoreo,1180.41
2026-01,Centro,CLI-004,VIP (alto volumen / alta frecuencia),Línea Estándar,Estándar Mayoreo,1200.98
2026-02,Centro,CLI-004,VIP (alto volumen / alta frecuencia),Línea Estándar,Estándar Mayoreo,1007.63
2026-03,Centro,CLI-004,VIP (alto volumen / alta frecuencia),Línea Estándar,Estándar Mayoreo,828.26
2026-04,Centro,CLI-004,VIP (alto volumen / alta frecuencia),Línea Estándar,Estándar Mayoreo,948.95
2026-05,Centro,CLI-004,VIP (alto volumen / alta frecuencia),Línea Estándar,Estándar Mayoreo,885.14
2026-06,Centro,CLI-004,VIP (alto volumen / alta frecuencia),Línea Estándar,Estándar Mayoreo,932.16
2026-07,Centro,CLI-004,VIP (alto volumen / alta frecuencia),Línea Estándar,Estándar Mayoreo,905.32
2026-08,Centro,CLI-004,VIP (alto volumen / alta frecuencia),Línea Estándar,Estándar Mayoreo,703.58
2025-01,Centro,CLI-004,VIP (alto volumen / alta frecuencia),Servicios postventa,Soporte y Mantenimiento,276.0
2025-02,Centro,CLI-004,VIP (alto volumen / alta frecuencia),Servicios postventa,Soporte y Mantenimiento,387.95
2025-03,Centro,CLI-004,VIP (alto volumen / alta frecuencia),Servicios postventa,Soporte y Mantenimiento,321.73
2025-04,Centro,CLI-004,VIP (alto volumen / alta frecuencia),Servicios postventa,Soporte y Mantenimiento,355.46
2025-05,Centro,CLI-004,VIP (alto volumen / alta frecuencia),Servicios postventa,Soporte y Mantenimiento,360.5
2025-06,Centro,CLI-004,VIP (alto volumen / alta frecuencia),Servicios postventa,Soporte y Mantenimiento,350.47
2025-07,Centro,CLI-004,VIP (alto volumen / alta frecuencia),Servicios postventa,Soporte y Mantenimiento,422.31
2025-09,Centro,CLI-004,VIP (alto volumen / alta frecuencia),Servicios postventa,Soporte y Mantenimiento,388.38
2025-11,Centro,CLI-004,VIP (alto volumen / alta frecuencia),Servicios postventa,Soporte y Mantenimiento,343.51
2025-12,Centro,CLI-004,VIP (alto volumen / alta frecuencia),Servicios postventa,Soporte y Mantenimiento,319.22
2026-01,Centro,CLI-004,VIP (alto volumen / alta frecuencia),Servicios postventa,Soporte y Mantenimiento,444.31
2026-02,Centro,CLI-004,VIP (alto volumen / alta frecuencia),Servicios postventa,Soporte y Mantenimiento,275.71
2026-03,Centro,CLI-004,VIP (alto volumen / alta frecuencia),Servicios postventa,Soporte y Mantenimiento,364.93
2026-04,Centro,CLI-004,VIP (alto volumen / alta frecuencia),Servicios postventa,Soporte y Mantenimiento,390.13
2026-05,Centro,CLI-004,VIP (alto volumen / alta frecuencia),Servicios postventa,Soporte y Mantenimiento,417.08
2026-06,Centro,CLI-004,VIP (alto volumen / alta frecuencia),Servicios postventa,Soporte y Mantenimiento,489.75
2026-07,Centro,CLI-004,VIP (alto volumen / alta frecuencia),Servicios postventa,Soporte y Mantenimiento,496.83
2026-08,Centro,CLI-004,VIP (alto volumen / alta frecuencia),Servicios postventa,Soporte y Mantenimiento,453.01
2025-05,Occidente,CLI-005,Esporádico (bajo volumen / baja frecuencia),Línea Estándar,Estándar Retail,225.27
2026-01,Occidente,CLI-005,Esporádico (bajo volumen / baja frecuencia),Línea Estándar,Estándar Retail,198.62
2025-02,Occidente,CLI-005,Esporádico (bajo volumen / baja frecuencia),Línea Económica,Económica Básica,177.76
2026-02,Occidente,CLI-005,Esporádico (bajo volumen / baja frecuencia),Línea Económica,Económica Básica,138.08
2026-03,Occidente,CLI-005,Esporádico (bajo volumen / baja frecuencia),Línea Económica,Económica Básica,164.18
2026-04,Occidente,CLI-005,Esporádico (bajo volumen / baja frecuencia),Línea Económica,Económica Básica,169.08
2026-01,Occidente,CLI-005,Esporádico (bajo volumen / baja frecuencia),Línea Económica,Económica Promocional,106.86
2026-04,Occidente,CLI-005,Esporádico (bajo volumen / baja frecuencia),Línea Económica,Económica Promocional,155.44
2026-07,Occidente,CLI-005,Esporádico (bajo volumen / baja frecuencia),Línea Económica,Económica Promocional,143.72
2026-08,Occidente,CLI-005,Esporádico (bajo volumen / baja frecuencia),Línea Económica,Económica Promocional,114.56
2025-04,Sureste,CLI-006,Ocasional (alto volumen / baja frecuencia),Línea Premium,Premium Exportación,1019.81
2025-07,Sureste,CLI-006,Ocasional (alto volumen / baja frecuencia),Línea Premium,Premium Exportación,1335.27
2025-12,Sureste,CLI-006,Ocasional (alto volumen / baja frecuencia),Línea Premium,Premium Exportación,1572.78
2026-03,Sureste,CLI-006,Ocasional (alto volumen / baja frecuencia),Línea Premium,Premium Exportación,1362.45
2026-06,Sureste,CLI-006,Ocasional (alto volumen / baja frecuencia),Línea Premium,Premium Exportación,1592.47
2025-04,Sureste,CLI-006,Ocasional (alto volumen / baja frecuencia),Línea Económica,Económica Básica,477.22
2025-05,Sureste,CLI-006,Ocasional (alto volumen / baja frecuencia),Línea Económica,Económica Básica,460.66
2025-08,Sureste,CLI-006,Ocasional (alto volumen / baja frecuencia),Línea Económica,Económica Básica,619.81
2025-11,Sureste,CLI-006,Ocasional (alto volumen / baja frecuencia),Línea Económica,Económica Básica,640.55
2025-12,Sureste,CLI-006,Ocasional (alto volumen / baja frecuencia),Línea Económica,Económica Básica,603.93
2026-01,Sureste,CLI-006,Ocasional (alto volumen / baja frecuencia),Línea Económica,Económica Básica,475.99
2026-06,Sureste,CLI-006,Ocasional (alto volumen / baja frecuencia),Línea Económica,Económica Básica,503.62
2026-07,Sureste,CLI-006,Ocasional (alto volumen / baja frecuencia),Línea Económica,Económica Básica,547.3
2025-12,Sureste,CLI-006,Ocasional (alto volumen / baja frecuencia),Línea Estándar,Estándar Mayoreo,971.28
2025-01,Norte,CLI-007,Recurrente (bajo volumen / alta frecuencia),Línea Estándar,Estándar Retail,249.16
2025-02,Norte,CLI-007,Recurrente (bajo volumen / alta frecuencia),Línea Estándar,Estándar Retail,225.86
2025-03,Norte,CLI-007,Recurrente (bajo volumen / alta frecuencia),Línea Estándar,Estándar Retail,264.35
2025-04,Norte,CLI-007,Recurrente (bajo volumen / alta frecuencia),Línea Estándar,Estándar Retail,245.87
2025-05,Norte,CLI-007,Recurrente (bajo volumen / alta frecuencia),Línea Estándar,Estándar Retail,266.65
2025-07,Norte,CLI-007,Recurrente (bajo volumen / alta frecuencia),Línea Estándar,Estándar Retail,257.86
2025-08,Norte,CLI-007,Recurrente (bajo volumen / alta frecuencia),Línea Estándar,Estándar Retail,238.83
2025-11,Norte,CLI-007,Recurrente (bajo volumen / alta frecuencia),Línea Estándar,Estándar Retail,238.56
2026-02,Norte,CLI-007,Recurrente (bajo volumen / alta frecuencia),Línea Estándar,Estándar Retail,238.24
2026-03,Norte,CLI-007,Recurrente (bajo volumen / alta frecuencia),Línea Estándar,Estándar Retail,254.27
2026-04,Norte,CLI-007,Recurrente (bajo volumen / alta frecuencia),Línea Estándar,Estándar Retail,231.38
2026-05,Norte,CLI-007,Recurrente (bajo volumen / alta frecuencia),Línea Estándar,Estándar Retail,212.89
2026-06,Norte,CLI-007,Recurrente (bajo volumen / alta frecuencia),Línea Estándar,Estándar Retail,220.36
2026-07,Norte,CLI-007,Recurrente (bajo volumen / alta frecuencia),Línea Estándar,Estándar Retail,219.22
2026-08,Norte,CLI-007,Recurrente (bajo volumen / alta frecuencia),Línea Estándar,Estándar Retail,202.23
2025-01,Norte,CLI-007,Recurrente (bajo volumen / alta frecuencia),Línea Económica,Económica Básica,208.27
2025-02,Norte,CLI-007,Recurrente (bajo volumen / alta frecuencia),Línea Económica,Económica Básica,163.46
2025-03,Norte,CLI-007,Recurrente (bajo volumen / alta frecuencia),Línea Económica,Económica Básica,185.48
2025-04,Norte,CLI-007,Recurrente (bajo volumen / alta frecuencia),Línea Económica,Económica Básica,173.82
2025-05,Norte,CLI-007,Recurrente (bajo volumen / alta frecuencia),Línea Económica,Económica Básica,166.51
2025-06,Norte,CLI-007,Recurrente (bajo volumen / alta frecuencia),Línea Económica,Económica Básica,194.74
2025-09,Norte,CLI-007,Recurrente (bajo volumen / alta frecuencia),Línea Económica,Económica Básica,202.09
2025-10,Norte,CLI-007,Recurrente (bajo volumen / alta frecuencia),Línea Económica,Económica Básica,160.89
2025-12,Norte,CLI-007,Recurrente (bajo volumen / alta frecuencia),Línea Económica,Económica Básica,153.14
2026-01,Norte,CLI-007,Recurrente (bajo volumen / alta frecuencia),Línea Económica,Económica Básica,128.11
2026-02,Norte,CLI-007,Recurrente (bajo volumen / alta frecuencia),Línea Económica,Económica Básica,208.7
2026-03,Norte,CLI-007,Recurrente (bajo volumen / alta frecuencia),Línea Económica,Económica Básica,210.94
2026-04,Norte,CLI-007,Recurrente (bajo volumen / alta frecuencia),Línea Económica,Económica Básica,173.6
2026-07,Norte,CLI-007,Recurrente (bajo volumen / alta frecuencia),Línea Económica,Económica Básica,151.99
2026-08,Norte,CLI-007,Recurrente (bajo volumen / alta frecuencia),Línea Económica,Económica Básica,212.45
2025-01,Norte,CLI-007,Recurrente (bajo volumen / alta frecuencia),Servicios postventa,Soporte y Mantenimiento,95.08
2025-04,Norte,CLI-007,Recurrente (bajo volumen / alta frecuencia),Servicios postventa,Soporte y Mantenimiento,101.92
2025-05,Norte,CLI-007,Recurrente (bajo volumen / alta frecuencia),Servicios postventa,Soporte y Mantenimiento,108.84
2025-06,Norte,CLI-007,Recurrente (bajo volumen / alta frecuencia),Servicios postventa,Soporte y Mantenimiento,88.79
2025-07,Norte,CLI-007,Recurrente (bajo volumen / alta frecuencia),Servicios postventa,Soporte y Mantenimiento,96.31
2025-08,Norte,CLI-007,Recurrente (bajo volumen / alta frecuencia),Servicios postventa,Soporte y Mantenimiento,86.01
2025-10,Norte,CLI-007,Recurrente (bajo volumen / alta frecuencia),Servicios postventa,Soporte y Mantenimiento,98.38
2025-11,Norte,CLI-007,Recurrente (bajo volumen / alta frecuencia),Servicios postventa,Soporte y Mantenimiento,120.29
2025-12,Norte,CLI-007,Recurrente (bajo volumen / alta frecuencia),Servicios postventa,Soporte y Mantenimiento,115.56
2026-01,Norte,CLI-007,Recurrente (bajo volumen / alta frecuencia),Servicios postventa,Soporte y Mantenimiento,111.59
2026-02,Norte,CLI-007,Recurrente (bajo volumen / alta frecuencia),Servicios postventa,Soporte y Mantenimiento,108.07
2026-03,Norte,CLI-007,Recurrente (bajo volumen / alta frecuencia),Servicios postventa,Soporte y Mantenimiento,132.6
2026-04,Norte,CLI-007,Recurrente (bajo volumen / alta frecuencia),Servicios postventa,Soporte y Mantenimiento,107.77
2026-05,Norte,CLI-007,Recurrente (bajo volumen / alta frecuencia),Servicios postventa,Soporte y Mantenimiento,107.37
2026-06,Norte,CLI-007,Recurrente (bajo volumen / alta frecuencia),Servicios postventa,Soporte y Mantenimiento,127.7
2026-08,Norte,CLI-007,Recurrente (bajo volumen / alta frecuencia),Servicios postventa,Soporte y Mantenimiento,95.42
2025-01,Norte,CLI-007,Recurrente (bajo volumen / alta frecuencia),Línea Premium,Premium Oficina,297.71
2025-02,Norte,CLI-007,Recurrente (bajo volumen / alta frecuencia),Línea Premium,Premium Oficina,279.8
2025-03,Norte,CLI-007,Recurrente (bajo volumen / alta frecuencia),Línea Premium,Premium Oficina,339.69
2025-05,Norte,CLI-007,Recurrente (bajo volumen / alta frecuencia),Línea Premium,Premium Oficina,322.46
2025-06,Norte,CLI-007,Recurrente (bajo volumen / alta frecuencia),Línea Premium,Premium Oficina,288.86
2025-07,Norte,CLI-007,Recurrente (bajo volumen / alta frecuencia),Línea Premium,Premium Oficina,316.2
2025-08,Norte,CLI-007,Recurrente (bajo volumen / alta frecuencia),Línea Premium,Premium Oficina,298.46
2025-09,Norte,CLI-007,Recurrente (bajo volumen / alta frecuencia),Línea Premium,Premium Oficina,352.71
2025-11,Norte,CLI-007,Recurrente (bajo volumen / alta frecuencia),Línea Premium,Premium Oficina,293.58
2025-12,Norte,CLI-007,Recurrente (bajo volumen / alta frecuencia),Línea Premium,Premium Oficina,339.73
2026-02,Norte,CLI-007,Recurrente (bajo volumen / alta frecuencia),Línea Premium,Premium Oficina,331.58
2026-04,Norte,CLI-007,Recurrente (bajo volumen / alta frecuencia),Línea Premium,Premium Oficina,357.57
2026-06,Norte,CLI-007,Recurrente (bajo volumen / alta frecuencia),Línea Premium,Premium Oficina,300.13
2026-07,Norte,CLI-007,Recurrente (bajo volumen / alta frecuencia),Línea Premium,Premium Oficina,389.67
2026-08,Norte,CLI-007,Recurrente (bajo volumen / alta frecuencia),Línea Premium,Premium Oficina,320.06
2025-01,Norte,CLI-007,Recurrente (bajo volumen / alta frecuencia),Línea Económica,Económica Promocional,127.78
2025-02,Norte,CLI-007,Recurrente (bajo volumen / alta frecuencia),Línea Económica,Económica Promocional,163.01
2025-05,Norte,CLI-007,Recurrente (bajo volumen / alta frecuencia),Línea Económica,Económica Promocional,142.84
2025-06,Norte,CLI-007,Recurrente (bajo volumen / alta frecuencia),Línea Económica,Económica Promocional,162.22
2025-07,Norte,CLI-007,Recurrente (bajo volumen / alta frecuencia),Línea Económica,Económica Promocional,135.9
2025-08,Norte,CLI-007,Recurrente (bajo volumen / alta frecuencia),Línea Económica,Económica Promocional,142.17
2025-09,Norte,CLI-007,Recurrente (bajo volumen / alta frecuencia),Línea Económica,Económica Promocional,121.95
2025-10,Norte,CLI-007,Recurrente (bajo volumen / alta frecuencia),Línea Económica,Económica Promocional,141.51
2025-11,Norte,CLI-007,Recurrente (bajo volumen / alta frecuencia),Línea Económica,Económica Promocional,162.38
2026-01,Norte,CLI-007,Recurrente (bajo volumen / alta frecuencia),Línea Económica,Económica Promocional,118.54
2026-04,Norte,CLI-007,Recurrente (bajo volumen / alta frecuencia),Línea Económica,Económica Promocional,149.23
2026-05,Norte,CLI-007,Recurrente (bajo volumen / alta frecuencia),Línea Económica,Económica Promocional,151.83
2026-06,Norte,CLI-007,Recurrente (bajo volumen / alta frecuencia),Línea Económica,Económica Promocional,138.67
2026-08,Norte,CLI-007,Recurrente (bajo volumen / alta frecuencia),Línea Económica,Económica Promocional,122.74
2025-01,Sureste,CLI-008,Recurrente (bajo volumen / alta frecuencia),Línea Estándar,Estándar Retail,331.19
2025-02,Sureste,CLI-008,Recurrente (bajo volumen / alta frecuencia),Línea Estándar,Estándar Retail,256.88
2025-03,Sureste,CLI-008,Recurrente (bajo volumen / alta frecuencia),Línea Estándar,Estándar Retail,308.9
2025-04,Sureste,CLI-008,Recurrente (bajo volumen / alta frecuencia),Línea Estándar,Estándar Retail,208.26
2025-05,Sureste,CLI-008,Recurrente (bajo volumen / alta frecuencia),Línea Estándar,Estándar Retail,300.6
2025-06,Sureste,CLI-008,Recurrente (bajo volumen / alta frecuencia),Línea Estándar,Estándar Retail,273.57
2025-08,Sureste,CLI-008,Recurrente (bajo volumen / alta frecuencia),Línea Estándar,Estándar Retail,252.8
2025-09,Sureste,CLI-008,Recurrente (bajo volumen / alta frecuencia),Línea Estándar,Estándar Retail,285.12
2025-10,Sureste,CLI-008,Recurrente (bajo volumen / alta frecuencia),Línea Estándar,Estándar Retail,244.26
2025-12,Sureste,CLI-008,Recurrente (bajo volumen / alta frecuencia),Línea Estándar,Estándar Retail,260.89
2026-03,Sureste,CLI-008,Recurrente (bajo volumen / alta frecuencia),Línea Estándar,Estándar Retail,260.58
2026-05,Sureste,CLI-008,Recurrente (bajo volumen / alta frecuencia),Línea Estándar,Estándar Retail,329.63
2026-07,Sureste,CLI-008,Recurrente (bajo volumen / alta frecuencia),Línea Estándar,Estándar Retail,311.71
2026-08,Sureste,CLI-008,Recurrente (bajo volumen / alta frecuencia),Línea Estándar,Estándar Retail,303.19
2025-01,Sureste,CLI-008,Recurrente (bajo volumen / alta frecuencia),Línea Premium,Premium Oficina,316.68
2025-02,Sureste,CLI-008,Recurrente (bajo volumen / alta frecuencia),Línea Premium,Premium Oficina,310.25
2025-03,Sureste,CLI-008,Recurrente (bajo volumen / alta frecuencia),Línea Premium,Premium Oficina,259.96
2025-04,Sureste,CLI-008,Recurrente (bajo volumen / alta frecuencia),Línea Premium,Premium Oficina,353.46
2025-06,Sureste,CLI-008,Recurrente (bajo volumen / alta frecuencia),Línea Premium,Premium Oficina,400.13
2025-08,Sureste,CLI-008,Recurrente (bajo volumen / alta frecuencia),Línea Premium,Premium Oficina,351.84
2025-09,Sureste,CLI-008,Recurrente (bajo volumen / alta frecuencia),Línea Premium,Premium Oficina,402.54
2025-10,Sureste,CLI-008,Recurrente (bajo volumen / alta frecuencia),Línea Premium,Premium Oficina,418.44
2025-11,Sureste,CLI-008,Recurrente (bajo volumen / alta frecuencia),Línea Premium,Premium Oficina,405.06
2026-02,Sureste,CLI-008,Recurrente (bajo volumen / alta frecuencia),Línea Premium,Premium Oficina,471.86
2026-03,Sureste,CLI-008,Recurrente (bajo volumen / alta frecuencia),Línea Premium,Premium Oficina,439.69
2026-06,Sureste,CLI-008,Recurrente (bajo volumen / alta frecuencia),Línea Premium,Premium Oficina,507.75
2026-08,Sureste,CLI-008,Recurrente (bajo volumen / alta frecuencia),Línea Premium,Premium Oficina,331.74
2025-01,Sureste,CLI-008,Recurrente (bajo volumen / alta frecuencia),Línea Estándar,Estándar Mayoreo,329.44
2025-02,Sureste,CLI-008,Recurrente (bajo volumen / alta frecuencia),Línea Estándar,Estándar Mayoreo,387.81
2025-04,Sureste,CLI-008,Recurrente (bajo volumen / alta frecuencia),Línea Estándar,Estándar Mayoreo,332.46
2025-05,Sureste,CLI-008,Recurrente (bajo volumen / alta frecuencia),Línea Estándar,Estándar Mayoreo,293.67
2025-06,Sureste,CLI-008,Recurrente (bajo volumen / alta frecuencia),Línea Estándar,Estándar Mayoreo,407.26
2025-07,Sureste,CLI-008,Recurrente (bajo volumen / alta frecuencia),Línea Estándar,Estándar Mayoreo,343.84
2025-08,Sureste,CLI-008,Recurrente (bajo volumen / alta frecuencia),Línea Estándar,Estándar Mayoreo,336.12
2025-09,Sureste,CLI-008,Recurrente (bajo volumen / alta frecuencia),Línea Estándar,Estándar Mayoreo,329.13
2025-10,Sureste,CLI-008,Recurrente (bajo volumen / alta frecuencia),Línea Estándar,Estándar Mayoreo,328.77
2025-11,Sureste,CLI-008,Recurrente (bajo volumen / alta frecuencia),Línea Estándar,Estándar Mayoreo,331.43
2025-12,Sureste,CLI-008,Recurrente (bajo volumen / alta frecuencia),Línea Estándar,Estándar Mayoreo,325.64
2026-03,Sureste,CLI-008,Recurrente (bajo volumen / alta frecuencia),Línea Estándar,Estándar Mayoreo,364.37
2026-04,Sureste,CLI-008,Recurrente (bajo volumen / alta frecuencia),Línea Estándar,Estándar Mayoreo,309.77
2026-05,Sureste,CLI-008,Recurrente (bajo volumen / alta frecuencia),Línea Estándar,Estándar Mayoreo,276.25
2026-06,Sureste,CLI-008,Recurrente (bajo volumen / alta frecuencia),Línea Estándar,Estándar Mayoreo,311.01
2026-07,Sureste,CLI-008,Recurrente (bajo volumen / alta frecuencia),Línea Estándar,Estándar Mayoreo,357.72
2026-08,Sureste,CLI-008,Recurrente (bajo volumen / alta frecuencia),Línea Estándar,Estándar Mayoreo,198.08
2025-01,Sureste,CLI-008,Recurrente (bajo volumen / alta frecuencia),Línea Económica,Económica Básica,149.81
2025-02,Sureste,CLI-008,Recurrente (bajo volumen / alta frecuencia),Línea Económica,Económica Básica,197.13
2025-03,Sureste,CLI-008,Recurrente (bajo volumen / alta frecuencia),Línea Económica,Económica Básica,174.01
2025-05,Sureste,CLI-008,Recurrente (bajo volumen / alta frecuencia),Línea Económica,Económica Básica,186.61
2025-06,Sureste,CLI-008,Recurrente (bajo volumen / alta frecuencia),Línea Económica,Económica Básica,171.94
2025-08,Sureste,CLI-008,Recurrente (bajo volumen / alta frecuencia),Línea Económica,Económica Básica,229.36
2025-09,Sureste,CLI-008,Recurrente (bajo volumen / alta frecuencia),Línea Económica,Económica Básica,181.6
2025-10,Sureste,CLI-008,Recurrente (bajo volumen / alta frecuencia),Línea Económica,Económica Básica,216.78
2025-11,Sureste,CLI-008,Recurrente (bajo volumen / alta frecuencia),Línea Económica,Económica Básica,173.5
2025-12,Sureste,CLI-008,Recurrente (bajo volumen / alta frecuencia),Línea Económica,Económica Básica,186.29
2026-01,Sureste,CLI-008,Recurrente (bajo volumen / alta frecuencia),Línea Económica,Económica Básica,185.12
2026-03,Sureste,CLI-008,Recurrente (bajo volumen / alta frecuencia),Línea Económica,Económica Básica,191.38
2026-04,Sureste,CLI-008,Recurrente (bajo volumen / alta frecuencia),Línea Económica,Económica Básica,194.81
2026-07,Sureste,CLI-008,Recurrente (bajo volumen / alta frecuencia),Línea Económica,Económica Básica,155.85
2026-08,Sureste,CLI-008,Recurrente (bajo volumen / alta frecuencia),Línea Económica,Económica Básica,169.82
2025-01,Occidente,CLI-009,Recurrente (bajo volumen / alta frecuencia),Línea Económica,Económica Básica,282.19
2025-02,Occidente,CLI-009,Recurrente (bajo volumen / alta frecuencia),Línea Económica,Económica Básica,256.18
2025-03,Occidente,CLI-009,Recurrente (bajo volumen / alta frecuencia),Línea Económica,Económica Básica,296.39
2025-04,Occidente,CLI-009,Recurrente (bajo volumen / alta frecuencia),Línea Económica,Económica Básica,278.78
2025-05,Occidente,CLI-009,Recurrente (bajo volumen / alta frecuencia),Línea Económica,Económica Básica,225.21
2025-07,Occidente,CLI-009,Recurrente (bajo volumen / alta frecuencia),Línea Económica,Económica Básica,324.64
2025-08,Occidente,CLI-009,Recurrente (bajo volumen / alta frecuencia),Línea Económica,Económica Básica,222.38
2025-09,Occidente,CLI-009,Recurrente (bajo volumen / alta frecuencia),Línea Económica,Económica Básica,223.49
2025-10,Occidente,CLI-009,Recurrente (bajo volumen / alta frecuencia),Línea Económica,Económica Básica,217.81
2026-01,Occidente,CLI-009,Recurrente (bajo volumen / alta frecuencia),Línea Económica,Económica Básica,267.15
2026-02,Occidente,CLI-009,Recurrente (bajo volumen / alta frecuencia),Línea Económica,Económica Básica,200.7
2026-03,Occidente,CLI-009,Recurrente (bajo volumen / alta frecuencia),Línea Económica,Económica Básica,273.77
2026-06,Occidente,CLI-009,Recurrente (bajo volumen / alta frecuencia),Línea Económica,Económica Básica,255.82
2026-07,Occidente,CLI-009,Recurrente (bajo volumen / alta frecuencia),Línea Económica,Económica Básica,236.14
2025-02,Occidente,CLI-009,Recurrente (bajo volumen / alta frecuencia),Línea Económica,Económica Promocional,251.19
2025-03,Occidente,CLI-009,Recurrente (bajo volumen / alta frecuencia),Línea Económica,Económica Promocional,183.35
2025-04,Occidente,CLI-009,Recurrente (bajo volumen / alta frecuencia),Línea Económica,Económica Promocional,217.75
2025-06,Occidente,CLI-009,Recurrente (bajo volumen / alta frecuencia),Línea Económica,Económica Promocional,171.55
2025-08,Occidente,CLI-009,Recurrente (bajo volumen / alta frecuencia),Línea Económica,Económica Promocional,258.16
2025-09,Occidente,CLI-009,Recurrente (bajo volumen / alta frecuencia),Línea Económica,Económica Promocional,206.0
2025-10,Occidente,CLI-009,Recurrente (bajo volumen / alta frecuencia),Línea Económica,Económica Promocional,202.25
2025-11,Occidente,CLI-009,Recurrente (bajo volumen / alta frecuencia),Línea Económica,Económica Promocional,251.55
2026-01,Occidente,CLI-009,Recurrente (bajo volumen / alta frecuencia),Línea Económica,Económica Promocional,264.55
2026-02,Occidente,CLI-009,Recurrente (bajo volumen / alta frecuencia),Línea Económica,Económica Promocional,185.14
2026-04,Occidente,CLI-009,Recurrente (bajo volumen / alta frecuencia),Línea Económica,Económica Promocional,240.97
2026-05,Occidente,CLI-009,Recurrente (bajo volumen / alta frecuencia),Línea Económica,Económica Promocional,201.34
2026-06,Occidente,CLI-009,Recurrente (bajo volumen / alta frecuencia),Línea Económica,Económica Promocional,218.22
2025-01,Occidente,CLI-009,Recurrente (bajo volumen / alta frecuencia),Servicios postventa,Soporte y Mantenimiento,118.23
2025-02,Occidente,CLI-009,Recurrente (bajo volumen / alta frecuencia),Servicios postventa,Soporte y Mantenimiento,135.32
2025-03,Occidente,CLI-009,Recurrente (bajo volumen / alta frecuencia),Servicios postventa,Soporte y Mantenimiento,140.1
2025-04,Occidente,CLI-009,Recurrente (bajo volumen / alta frecuencia),Servicios postventa,Soporte y Mantenimiento,139.52
2025-07,Occidente,CLI-009,Recurrente (bajo volumen / alta frecuencia),Servicios postventa,Soporte y Mantenimiento,132.28
2025-08,Occidente,CLI-009,Recurrente (bajo volumen / alta frecuencia),Servicios postventa,Soporte y Mantenimiento,140.51
2025-09,Occidente,CLI-009,Recurrente (bajo volumen / alta frecuencia),Servicios postventa,Soporte y Mantenimiento,169.04
2025-11,Occidente,CLI-009,Recurrente (bajo volumen / alta frecuencia),Servicios postventa,Soporte y Mantenimiento,163.86
2025-12,Occidente,CLI-009,Recurrente (bajo volumen / alta frecuencia),Servicios postventa,Soporte y Mantenimiento,200.85
2026-01,Occidente,CLI-009,Recurrente (bajo volumen / alta frecuencia),Servicios postventa,Soporte y Mantenimiento,165.98
2026-02,Occidente,CLI-009,Recurrente (bajo volumen / alta frecuencia),Servicios postventa,Soporte y Mantenimiento,141.66
2026-03,Occidente,CLI-009,Recurrente (bajo volumen / alta frecuencia),Servicios postventa,Soporte y Mantenimiento,146.02
2026-04,Occidente,CLI-009,Recurrente (bajo volumen / alta frecuencia),Servicios postventa,Soporte y Mantenimiento,192.02
2026-05,Occidente,CLI-009,Recurrente (bajo volumen / alta frecuencia),Servicios postventa,Soporte y Mantenimiento,201.41
2026-06,Occidente,CLI-009,Recurrente (bajo volumen / alta frecuencia),Servicios postventa,Soporte y Mantenimiento,194.62
2025-01,Occidente,CLI-009,Recurrente (bajo volumen / alta frecuencia),Línea Estándar,Estándar Retail,352.14
2025-02,Occidente,CLI-009,Recurrente (bajo volumen / alta frecuencia),Línea Estándar,Estándar Retail,335.42
2025-03,Occidente,CLI-009,Recurrente (bajo volumen / alta frecuencia),Línea Estándar,Estándar Retail,271.29
2025-05,Occidente,CLI-009,Recurrente (bajo volumen / alta frecuencia),Línea Estándar,Estándar Retail,394.12
2025-06,Occidente,CLI-009,Recurrente (bajo volumen / alta frecuencia),Línea Estándar,Estándar Retail,354.91
2025-07,Occidente,CLI-009,Recurrente (bajo volumen / alta frecuencia),Línea Estándar,Estándar Retail,297.69
2025-09,Occidente,CLI-009,Recurrente (bajo volumen / alta frecuencia),Línea Estándar,Estándar Retail,329.55
2025-10,Occidente,CLI-009,Recurrente (bajo volumen / alta frecuencia),Línea Estándar,Estándar Retail,354.92
2025-11,Occidente,CLI-009,Recurrente (bajo volumen / alta frecuencia),Línea Estándar,Estándar Retail,301.67
2025-12,Occidente,CLI-009,Recurrente (bajo volumen / alta frecuencia),Línea Estándar,Estándar Retail,401.9
2026-02,Occidente,CLI-009,Recurrente (bajo volumen / alta frecuencia),Línea Estándar,Estándar Retail,388.87
2026-04,Occidente,CLI-009,Recurrente (bajo volumen / alta frecuencia),Línea Estándar,Estándar Retail,318.18
2026-05,Occidente,CLI-009,Recurrente (bajo volumen / alta frecuencia),Línea Estándar,Estándar Retail,327.56
2026-06,Occidente,CLI-009,Recurrente (bajo volumen / alta frecuencia),Línea Estándar,Estándar Retail,416.46
2026-07,Occidente,CLI-009,Recurrente (bajo volumen / alta frecuencia),Línea Estándar,Estándar Retail,358.35
2026-08,Occidente,CLI-009,Recurrente (bajo volumen / alta frecuencia),Línea Estándar,Estándar Retail,345.13
2025-01,Occidente,CLI-009,Recurrente (bajo volumen / alta frecuencia),Línea Estándar,Estándar Mayoreo,504.76
2025-02,Occidente,CLI-009,Recurrente (bajo volumen / alta frecuencia),Línea Estándar,Estándar Mayoreo,500.04
2025-03,Occidente,CLI-009,Recurrente (bajo volumen / alta frecuencia),Línea Estándar,Estándar Mayoreo,417.3
2025-04,Occidente,CLI-009,Recurrente (bajo volumen / alta frecuencia),Línea Estándar,Estándar Mayoreo,347.35
2025-05,Occidente,CLI-009,Recurrente (bajo volumen / alta frecuencia),Línea Estándar,Estándar Mayoreo,417.85
2025-08,Occidente,CLI-009,Recurrente (bajo volumen / alta frecuencia),Línea Estándar,Estándar Mayoreo,381.44
2025-11,Occidente,CLI-009,Recurrente (bajo volumen / alta frecuencia),Línea Estándar,Estándar Mayoreo,391.33
2026-03,Occidente,CLI-009,Recurrente (bajo volumen / alta frecuencia),Línea Estándar,Estándar Mayoreo,446.69
2026-05,Occidente,CLI-009,Recurrente (bajo volumen / alta frecuencia),Línea Estándar,Estándar Mayoreo,424.58
2026-06,Occidente,CLI-009,Recurrente (bajo volumen / alta frecuencia),Línea Estándar,Estándar Mayoreo,455.61
2026-07,Occidente,CLI-009,Recurrente (bajo volumen / alta frecuencia),Línea Estándar,Estándar Mayoreo,425.0
2025-02,Occidente,CLI-009,Recurrente (bajo volumen / alta frecuencia),Línea Premium,Premium Oficina,439.98
2025-03,Occidente,CLI-009,Recurrente (bajo volumen / alta frecuencia),Línea Premium,Premium Oficina,429.01
2025-04,Occidente,CLI-009,Recurrente (bajo volumen / alta frecuencia),Línea Premium,Premium Oficina,369.27
2025-05,Occidente,CLI-009,Recurrente (bajo volumen / alta frecuencia),Línea Premium,Premium Oficina,498.64
2025-06,Occidente,CLI-009,Recurrente (bajo volumen / alta frecuencia),Línea Premium,Premium Oficina,420.24
2025-07,Occidente,CLI-009,Recurrente (bajo volumen / alta frecuencia),Línea Premium,Premium Oficina,461.3
2025-09,Occidente,CLI-009,Recurrente (bajo volumen / alta frecuencia),Línea Premium,Premium Oficina,488.67
2025-10,Occidente,CLI-009,Recurrente (bajo volumen / alta frecuencia),Línea Premium,Premium Oficina,497.29
2025-11,Occidente,CLI-009,Recurrente (bajo volumen / alta frecuencia),Línea Premium,Premium Oficina,433.49
2025-12,Occidente,CLI-009,Recurrente (bajo volumen / alta frecuencia),Línea Premium,Premium Oficina,452.15
2026-01,Occidente,CLI-009,Recurrente (bajo volumen / alta frecuencia),Línea Premium,Premium Oficina,435.87
2026-02,Occidente,CLI-009,Recurrente (bajo volumen / alta frecuencia),Línea Premium,Premium Oficina,407.96
2026-03,Occidente,CLI-009,Recurrente (bajo volumen / alta frecuencia),Línea Premium,Premium Oficina,438.23
2026-04,Occidente,CLI-009,Recurrente (bajo volumen / alta frecuencia),Línea Premium,Premium Oficina,405.46
2026-05,Occidente,CLI-009,Recurrente (bajo volumen / alta frecuencia),Línea Premium,Premium Oficina,417.6
2026-06,Occidente,CLI-009,Recurrente (bajo volumen / alta frecuencia),Línea Premium,Premium Oficina,519.85
2026-08,Occidente,CLI-009,Recurrente (bajo volumen / alta frecuencia),Línea Premium,Premium Oficina,609.95
2025-01,Centro,CLI-010,Recurrente (bajo volumen / alta frecuencia),Línea Estándar,Estándar Retail,282.84
2025-03,Centro,CLI-010,Recurrente (bajo volumen / alta frecuencia),Línea Estándar,Estándar Retail,263.88
2025-04,Centro,CLI-010,Recurrente (bajo volumen / alta frecuencia),Línea Estándar,Estándar Retail,239.92
2025-05,Centro,CLI-010,Recurrente (bajo volumen / alta frecuencia),Línea Estándar,Estándar Retail,258.84
2025-06,Centro,CLI-010,Recurrente (bajo volumen / alta frecuencia),Línea Estándar,Estándar Retail,297.85
2025-07,Centro,CLI-010,Recurrente (bajo volumen / alta frecuencia),Línea Estándar,Estándar Retail,279.67
2025-08,Centro,CLI-010,Recurrente (bajo volumen / alta frecuencia),Línea Estándar,Estándar Retail,262.07
2025-09,Centro,CLI-010,Recurrente (bajo volumen / alta frecuencia),Línea Estándar,Estándar Retail,267.98
2025-10,Centro,CLI-010,Recurrente (bajo volumen / alta frecuencia),Línea Estándar,Estándar Retail,327.03
2025-11,Centro,CLI-010,Recurrente (bajo volumen / alta frecuencia),Línea Estándar,Estándar Retail,252.5
2026-02,Centro,CLI-010,Recurrente (bajo volumen / alta frecuencia),Línea Estándar,Estándar Retail,243.84
2026-03,Centro,CLI-010,Recurrente (bajo volumen / alta frecuencia),Línea Estándar,Estándar Retail,248.31
2026-04,Centro,CLI-010,Recurrente (bajo volumen / alta frecuencia),Línea Estándar,Estándar Retail,280.66
2026-05,Centro,CLI-010,Recurrente (bajo volumen / alta frecuencia),Línea Estándar,Estándar Retail,317.36
2026-06,Centro,CLI-010,Recurrente (bajo volumen / alta frecuencia),Línea Estándar,Estándar Retail,242.39
2025-02,Centro,CLI-010,Recurrente (bajo volumen / alta frecuencia),Servicios postventa,Soporte y Mantenimiento,98.92
2025-03,Centro,CLI-010,Recurrente (bajo volumen / alta frecuencia),Servicios postventa,Soporte y Mantenimiento,97.14
2025-05,Centro,CLI-010,Recurrente (bajo volumen / alta frecuencia),Servicios postventa,Soporte y Mantenimiento,99.09
2025-06,Centro,CLI-010,Recurrente (bajo volumen / alta frecuencia),Servicios postventa,Soporte y Mantenimiento,116.98
2025-08,Centro,CLI-010,Recurrente (bajo volumen / alta frecuencia),Servicios postventa,Soporte y Mantenimiento,113.19
2025-09,Centro,CLI-010,Recurrente (bajo volumen / alta frecuencia),Servicios postventa,Soporte y Mantenimiento,127.94
2025-10,Centro,CLI-010,Recurrente (bajo volumen / alta frecuencia),Servicios postventa,Soporte y Mantenimiento,111.28
2025-11,Centro,CLI-010,Recurrente (bajo volumen / alta frecuencia),Servicios postventa,Soporte y Mantenimiento,108.92
2025-12,Centro,CLI-010,Recurrente (bajo volumen / alta frecuencia),Servicios postventa,Soporte y Mantenimiento,120.13
2026-01,Centro,CLI-010,Recurrente (bajo volumen / alta frecuencia),Servicios postventa,Soporte y Mantenimiento,112.78
2026-02,Centro,CLI-010,Recurrente (bajo volumen / alta frecuencia),Servicios postventa,Soporte y Mantenimiento,105.6
2026-03,Centro,CLI-010,Recurrente (bajo volumen / alta frecuencia),Servicios postventa,Soporte y Mantenimiento,97.76
2026-04,Centro,CLI-010,Recurrente (bajo volumen / alta frecuencia),Servicios postventa,Soporte y Mantenimiento,124.6
2026-05,Centro,CLI-010,Recurrente (bajo volumen / alta frecuencia),Servicios postventa,Soporte y Mantenimiento,146.8
2026-06,Centro,CLI-010,Recurrente (bajo volumen / alta frecuencia),Servicios postventa,Soporte y Mantenimiento,141.76
2026-07,Centro,CLI-010,Recurrente (bajo volumen / alta frecuencia),Servicios postventa,Soporte y Mantenimiento,137.19
2026-08,Centro,CLI-010,Recurrente (bajo volumen / alta frecuencia),Servicios postventa,Soporte y Mantenimiento,135.6
2025-01,Centro,CLI-010,Recurrente (bajo volumen / alta frecuencia),Línea Premium,Premium Hogar,350.47
2025-03,Centro,CLI-010,Recurrente (bajo volumen / alta frecuencia),Línea Premium,Premium Hogar,390.44
2025-04,Centro,CLI-010,Recurrente (bajo volumen / alta frecuencia),Línea Premium,Premium Hogar,293.67
2025-05,Centro,CLI-010,Recurrente (bajo volumen / alta frecuencia),Línea Premium,Premium Hogar,410.87
2025-06,Centro,CLI-010,Recurrente (bajo volumen / alta frecuencia),Línea Premium,Premium Hogar,336.86
2025-07,Centro,CLI-010,Recurrente (bajo volumen / alta frecuencia),Línea Premium,Premium Hogar,311.66
2025-08,Centro,CLI-010,Recurrente (bajo volumen / alta frecuencia),Línea Premium,Premium Hogar,349.69
2025-10,Centro,CLI-010,Recurrente (bajo volumen / alta frecuencia),Línea Premium,Premium Hogar,461.79
2025-11,Centro,CLI-010,Recurrente (bajo volumen / alta frecuencia),Línea Premium,Premium Hogar,457.02
2026-01,Centro,CLI-010,Recurrente (bajo volumen / alta frecuencia),Línea Premium,Premium Hogar,345.25
2026-02,Centro,CLI-010,Recurrente (bajo volumen / alta frecuencia),Línea Premium,Premium Hogar,363.37
2026-04,Centro,CLI-010,Recurrente (bajo volumen / alta frecuencia),Línea Premium,Premium Hogar,423.27
2026-05,Centro,CLI-010,Recurrente (bajo volumen / alta frecuencia),Línea Premium,Premium Hogar,401.26
2026-06,Centro,CLI-010,Recurrente (bajo volumen / alta frecuencia),Línea Premium,Premium Hogar,452.89
2026-07,Centro,CLI-010,Recurrente (bajo volumen / alta frecuencia),Línea Premium,Premium Hogar,374.47
2026-08,Centro,CLI-010,Recurrente (bajo volumen / alta frecuencia),Línea Premium,Premium Hogar,442.41
2025-04,Centro,CLI-010,Recurrente (bajo volumen / alta frecuencia),Línea Económica,Económica Promocional,186.03
2025-05,Centro,CLI-010,Recurrente (bajo volumen / alta frecuencia),Línea Económica,Económica Promocional,170.73
2025-06,Centro,CLI-010,Recurrente (bajo volumen / alta frecuencia),Línea Económica,Económica Promocional,153.85
2025-08,Centro,CLI-010,Recurrente (bajo volumen / alta frecuencia),Línea Económica,Económica Promocional,156.16
2025-09,Centro,CLI-010,Recurrente (bajo volumen / alta frecuencia),Línea Económica,Económica Promocional,156.15
2025-10,Centro,CLI-010,Recurrente (bajo volumen / alta frecuencia),Línea Económica,Económica Promocional,189.58
2025-11,Centro,CLI-010,Recurrente (bajo volumen / alta frecuencia),Línea Económica,Económica Promocional,176.5
2025-12,Centro,CLI-010,Recurrente (bajo volumen / alta frecuencia),Línea Económica,Económica Promocional,119.27
2026-01,Centro,CLI-010,Recurrente (bajo volumen / alta frecuencia),Línea Económica,Económica Promocional,150.06
2026-02,Centro,CLI-010,Recurrente (bajo volumen / alta frecuencia),Línea Económica,Económica Promocional,180.06
2026-05,Centro,CLI-010,Recurrente (bajo volumen / alta frecuencia),Línea Económica,Económica Promocional,161.19
2026-06,Centro,CLI-010,Recurrente (bajo volumen / alta frecuencia),Línea Económica,Económica Promocional,149.98
2026-07,Centro,CLI-010,Recurrente (bajo volumen / alta frecuencia),Línea Económica,Económica Promocional,152.22
2026-08,Centro,CLI-010,Recurrente (bajo volumen / alta frecuencia),Línea Económica,Económica Promocional,128.82
2025-01,Centro,CLI-010,Recurrente (bajo volumen / alta frecuencia),Línea Premium,Premium Exportación,445.13
2025-02,Centro,CLI-010,Recurrente (bajo volumen / alta frecuencia),Línea Premium,Premium Exportación,360.76
2025-05,Centro,CLI-010,Recurrente (bajo volumen / alta frecuencia),Línea Premium,Premium Exportación,281.74
2025-06,Centro,CLI-010,Recurrente (bajo volumen / alta frecuencia),Línea Premium,Premium Exportación,341.57
2025-07,Centro,CLI-010,Recurrente (bajo volumen / alta frecuencia),Línea Premium,Premium Exportación,374.25
2025-10,Centro,CLI-010,Recurrente (bajo volumen / alta frecuencia),Línea Premium,Premium Exportación,434.33
2025-11,Centro,CLI-010,Recurrente (bajo volumen / alta frecuencia),Línea Premium,Premium Exportación,269.62
2026-01,Centro,CLI-010,Recurrente (bajo volumen / alta frecuencia),Línea Premium,Premium Exportación,332.83
2026-02,Centro,CLI-010,Recurrente (bajo volumen / alta frecuencia),Línea Premium,Premium Exportación,446.42
2026-03,Centro,CLI-010,Recurrente (bajo volumen / alta frecuencia),Línea Premium,Premium Exportación,389.69
2026-04,Centro,CLI-010,Recurrente (bajo volumen / alta frecuencia),Línea Premium,Premium Exportación,326.91
2026-05,Centro,CLI-010,Recurrente (bajo volumen / alta frecuencia),Línea Premium,Premium Exportación,322.13
2026-06,Centro,CLI-010,Recurrente (bajo volumen / alta frecuencia),Línea Premium,Premium Exportación,378.5
2026-07,Centro,CLI-010,Recurrente (bajo volumen / alta frecuencia),Línea Premium,Premium Exportación,291.18
2025-01,Centro,CLI-010,Recurrente (bajo volumen / alta frecuencia),Línea Premium,Premium Oficina,367.39
2025-04,Centro,CLI-010,Recurrente (bajo volumen / alta frecuencia),Línea Premium,Premium Oficina,341.33
2025-06,Centro,CLI-010,Recurrente (bajo volumen / alta frecuencia),Línea Premium,Premium Oficina,287.34
2025-07,Centro,CLI-010,Recurrente (bajo volumen / alta frecuencia),Línea Premium,Premium Oficina,329.61
2025-08,Centro,CLI-010,Recurrente (bajo volumen / alta frecuencia),Línea Premium,Premium Oficina,295.93
2025-09,Centro,CLI-010,Recurrente (bajo volumen / alta frecuencia),Línea Premium,Premium Oficina,277.02
2025-10,Centro,CLI-010,Recurrente (bajo volumen / alta frecuencia),Línea Premium,Premium Oficina,265.01
2025-11,Centro,CLI-010,Recurrente (bajo volumen / alta frecuencia),Línea Premium,Premium Oficina,337.66
2025-12,Centro,CLI-010,Recurrente (bajo volumen / alta frecuencia),Línea Premium,Premium Oficina,333.24
2026-01,Centro,CLI-010,Recurrente (bajo volumen / alta frecuencia),Línea Premium,Premium Oficina,332.91
2026-02,Centro,CLI-010,Recurrente (bajo volumen / alta frecuencia),Línea Premium,Premium Oficina,234.57
2026-03,Centro,CLI-010,Recurrente (bajo volumen / alta frecuencia),Línea Premium,Premium Oficina,278.47
2026-04,Centro,CLI-010,Recurrente (bajo volumen / alta frecuencia),Línea Premium,Premium Oficina,365.05
2026-05,Centro,CLI-010,Recurrente (bajo volumen / alta frecuencia),Línea Premium,Premium Oficina,297.1
2026-06,Centro,CLI-010,Recurrente (bajo volumen / alta frecuencia),Línea Premium,Premium Oficina,333.59
2026-07,Centro,CLI-010,Recurrente (bajo volumen / alta frecuencia),Línea Premium,Premium Oficina,289.97
2025-12,Norte,CLI-011,Esporádico (bajo volumen / baja frecuencia),Línea Económica,Económica Básica,168.69
2025-01,Norte,CLI-011,Esporádico (bajo volumen / baja frecuencia),Línea Económica,Económica Promocional,157.95
2025-06,Norte,CLI-011,Esporádico (bajo volumen / baja frecuencia),Línea Económica,Económica Promocional,131.32
2025-08,Norte,CLI-011,Esporádico (bajo volumen / baja frecuencia),Línea Económica,Económica Promocional,150.23
2026-06,Norte,CLI-011,Esporádico (bajo volumen / baja frecuencia),Línea Económica,Económica Promocional,124.32
2026-07,Norte,CLI-011,Esporádico (bajo volumen / baja frecuencia),Línea Económica,Económica Promocional,151.5
2025-05,Norte,CLI-012,Esporádico (bajo volumen / baja frecuencia),Línea Premium,Premium Oficina,237.89
2025-06,Norte,CLI-012,Esporádico (bajo volumen / baja frecuencia),Línea Premium,Premium Oficina,255.64
2026-08,Norte,CLI-012,Esporádico (bajo volumen / baja frecuencia),Línea Premium,Premium Oficina,291.74
2025-02,Centro,CLI-013,Ocasional (alto volumen / baja frecuencia),Línea Premium,Premium Oficina,615.91
2026-06,Centro,CLI-013,Ocasional (alto volumen / baja frecuencia),Línea Premium,Premium Oficina,802.94
2026-07,Centro,CLI-013,Ocasional (alto volumen / baja frecuencia),Línea Premium,Premium Oficina,827.11
2026-08,Centro,CLI-013,Ocasional (alto volumen / baja frecuencia),Línea Premium,Premium Oficina,1079.57
2025-08,Centro,CLI-013,Ocasional (alto volumen / baja frecuencia),Línea Económica,Económica Promocional,381.73
2025-10,Centro,CLI-013,Ocasional (alto volumen / baja frecuencia),Línea Económica,Económica Promocional,370.66
2026-04,Centro,CLI-013,Ocasional (alto volumen / baja frecuencia),Línea Económica,Económica Promocional,356.89
2026-05,Centro,CLI-013,Ocasional (alto volumen / baja frecuencia),Línea Económica,Económica Promocional,353.91
2026-06,Centro,CLI-013,Ocasional (alto volumen / baja frecuencia),Línea Económica,Económica Promocional,356.51
2025-02,Centro,CLI-013,Ocasional (alto volumen / baja frecuencia),Línea Estándar,Estándar Mayoreo,860.68
2025-04,Centro,CLI-013,Ocasional (alto volumen / baja frecuencia),Línea Estándar,Estándar Mayoreo,701.47
2025-06,Centro,CLI-013,Ocasional (alto volumen / baja frecuencia),Línea Estándar,Estándar Mayoreo,921.88
2025-12,Centro,CLI-013,Ocasional (alto volumen / baja frecuencia),Línea Estándar,Estándar Mayoreo,810.79
2026-05,Centro,CLI-013,Ocasional (alto volumen / baja frecuencia),Línea Estándar,Estándar Mayoreo,904.32
2026-07,Centro,CLI-013,Ocasional (alto volumen / baja frecuencia),Línea Estándar,Estándar Mayoreo,843.77
2025-06,Centro,CLI-013,Ocasional (alto volumen / baja frecuencia),Línea Económica,Económica Básica,434.35
2025-07,Centro,CLI-013,Ocasional (alto volumen / baja frecuencia),Línea Económica,Económica Básica,351.36
2025-09,Centro,CLI-013,Ocasional (alto volumen / baja frecuencia),Línea Económica,Económica Básica,349.18
2025-10,Centro,CLI-013,Ocasional (alto volumen / baja frecuencia),Línea Económica,Económica Básica,360.54
2026-01,Centro,CLI-013,Ocasional (alto volumen / baja frecuencia),Línea Económica,Económica Básica,370.95
2026-02,Centro,CLI-013,Ocasional (alto volumen / baja frecuencia),Línea Económica,Económica Básica,440.65
2026-03,Centro,CLI-013,Ocasional (alto volumen / baja frecuencia),Línea Económica,Económica Básica,387.82
2026-08,Centro,CLI-013,Ocasional (alto volumen / baja frecuencia),Línea Económica,Económica Básica,345.85
2025-05,Occidente,CLI-014,Ocasional (alto volumen / baja frecuencia),Línea Premium,Premium Exportación,1372.91
2025-06,Occidente,CLI-014,Ocasional (alto volumen / baja frecuencia),Línea Premium,Premium Exportación,1463.48
2025-08,Occidente,CLI-014,Ocasional (alto volumen / baja frecuencia),Línea Premium,Premium Exportación,1221.63
2025-10,Occidente,CLI-014,Ocasional (alto volumen / baja frecuencia),Línea Premium,Premium Exportación,1526.94
2026-02,Occidente,CLI-014,Ocasional (alto volumen / baja frecuencia),Línea Premium,Premium Exportación,1446.65
2026-03,Occidente,CLI-014,Ocasional (alto volumen / baja frecuencia),Línea Premium,Premium Exportación,1362.23
2026-04,Occidente,CLI-014,Ocasional (alto volumen / baja frecuencia),Línea Premium,Premium Exportación,1753.5
2026-07,Occidente,CLI-014,Ocasional (alto volumen / baja frecuencia),Línea Premium,Premium Exportación,1820.73
2025-02,Occidente,CLI-014,Ocasional (alto volumen / baja frecuencia),Línea Premium,Premium Oficina,1027.17
2025-06,Occidente,CLI-014,Ocasional (alto volumen / baja frecuencia),Línea Premium,Premium Oficina,816.82
2025-08,Occidente,CLI-014,Ocasional (alto volumen / baja frecuencia),Línea Premium,Premium Oficina,1235.02
2026-06,Occidente,CLI-014,Ocasional (alto volumen / baja frecuencia),Línea Premium,Premium Oficina,1125.06
2025-01,Bajío,CLI-015,VIP (alto volumen / alta frecuencia),Línea Premium,Premium Hogar,1255.59
2025-02,Bajío,CLI-015,VIP (alto volumen / alta frecuencia),Línea Premium,Premium Hogar,1226.28
2025-03,Bajío,CLI-015,VIP (alto volumen / alta frecuencia),Línea Premium,Premium Hogar,1235.5
2025-04,Bajío,CLI-015,VIP (alto volumen / alta frecuencia),Línea Premium,Premium Hogar,1324.83
2025-06,Bajío,CLI-015,VIP (alto volumen / alta frecuencia),Línea Premium,Premium Hogar,1248.79
2025-07,Bajío,CLI-015,VIP (alto volumen / alta frecuencia),Línea Premium,Premium Hogar,1211.36
2025-09,Bajío,CLI-015,VIP (alto volumen / alta frecuencia),Línea Premium,Premium Hogar,1180.93
2025-10,Bajío,CLI-015,VIP (alto volumen / alta frecuencia),Línea Premium,Premium Hogar,1650.63
2025-11,Bajío,CLI-015,VIP (alto volumen / alta frecuencia),Línea Premium,Premium Hogar,1204.16
2026-02,Bajío,CLI-015,VIP (alto volumen / alta frecuencia),Línea Premium,Premium Hogar,1354.55
2026-04,Bajío,CLI-015,VIP (alto volumen / alta frecuencia),Línea Premium,Premium Hogar,1457.34
2026-05,Bajío,CLI-015,VIP (alto volumen / alta frecuencia),Línea Premium,Premium Hogar,1723.51
2026-06,Bajío,CLI-015,VIP (alto volumen / alta frecuencia),Línea Premium,Premium Hogar,1827.78
2026-07,Bajío,CLI-015,VIP (alto volumen / alta frecuencia),Línea Premium,Premium Hogar,1438.74
2026-08,Bajío,CLI-015,VIP (alto volumen / alta frecuencia),Línea Premium,Premium Hogar,950.11
2025-01,Bajío,CLI-015,VIP (alto volumen / alta frecuencia),Línea Estándar,Estándar Retail,1021.91
2025-02,Bajío,CLI-015,VIP (alto volumen / alta frecuencia),Línea Estándar,Estándar Retail,894.41
2025-03,Bajío,CLI-015,VIP (alto volumen / alta frecuencia),Línea Estándar,Estándar Retail,1112.87
2025-04,Bajío,CLI-015,VIP (alto volumen / alta frecuencia),Línea Estándar,Estándar Retail,1013.88
2025-05,Bajío,CLI-015,VIP (alto volumen / alta frecuencia),Línea Estándar,Estándar Retail,1006.23
2025-06,Bajío,CLI-015,VIP (alto volumen / alta frecuencia),Línea Estándar,Estándar Retail,860.74
2025-07,Bajío,CLI-015,VIP (alto volumen / alta frecuencia),Línea Estándar,Estándar Retail,951.15
2025-08,Bajío,CLI-015,VIP (alto volumen / alta frecuencia),Línea Estándar,Estándar Retail,799.19
2025-09,Bajío,CLI-015,VIP (alto volumen / alta frecuencia),Línea Estándar,Estándar Retail,1021.63
2025-10,Bajío,CLI-015,VIP (alto volumen / alta frecuencia),Línea Estándar,Estándar Retail,833.97
2025-11,Bajío,CLI-015,VIP (alto volumen / alta frecuencia),Línea Estándar,Estándar Retail,1038.35
2025-12,Bajío,CLI-015,VIP (alto volumen / alta frecuencia),Línea Estándar,Estándar Retail,751.97
2026-01,Bajío,CLI-015,VIP (alto volumen / alta frecuencia),Línea Estándar,Estándar Retail,887.8
2026-02,Bajío,CLI-015,VIP (alto volumen / alta frecuencia),Línea Estándar,Estándar Retail,986.25
2026-03,Bajío,CLI-015,VIP (alto volumen / alta frecuencia),Línea Estándar,Estándar Retail,818.74
2026-04,Bajío,CLI-015,VIP (alto volumen / alta frecuencia),Línea Estándar,Estándar Retail,972.53
2026-05,Bajío,CLI-015,VIP (alto volumen / alta frecuencia),Línea Estándar,Estándar Retail,894.74
2026-06,Bajío,CLI-015,VIP (alto volumen / alta frecuencia),Línea Estándar,Estándar Retail,954.51
2026-07,Bajío,CLI-015,VIP (alto volumen / alta frecuencia),Línea Estándar,Estándar Retail,955.1
2026-08,Bajío,CLI-015,VIP (alto volumen / alta frecuencia),Línea Estándar,Estándar Retail,843.15
2025-01,Bajío,CLI-015,VIP (alto volumen / alta frecuencia),Servicios postventa,Soporte y Mantenimiento,296.95
2025-02,Bajío,CLI-015,VIP (alto volumen / alta frecuencia),Servicios postventa,Soporte y Mantenimiento,376.3
2025-03,Bajío,CLI-015,VIP (alto volumen / alta frecuencia),Servicios postventa,Soporte y Mantenimiento,363.99
2025-04,Bajío,CLI-015,VIP (alto volumen / alta frecuencia),Servicios postventa,Soporte y Mantenimiento,306.06
2025-05,Bajío,CLI-015,VIP (alto volumen / alta frecuencia),Servicios postventa,Soporte y Mantenimiento,316.33
2025-06,Bajío,CLI-015,VIP (alto volumen / alta frecuencia),Servicios postventa,Soporte y Mantenimiento,414.32
2025-07,Bajío,CLI-015,VIP (alto volumen / alta frecuencia),Servicios postventa,Soporte y Mantenimiento,406.25
2025-08,Bajío,CLI-015,VIP (alto volumen / alta frecuencia),Servicios postventa,Soporte y Mantenimiento,348.44
2025-09,Bajío,CLI-015,VIP (alto volumen / alta frecuencia),Servicios postventa,Soporte y Mantenimiento,396.96
2025-10,Bajío,CLI-015,VIP (alto volumen / alta frecuencia),Servicios postventa,Soporte y Mantenimiento,440.93
2025-11,Bajío,CLI-015,VIP (alto volumen / alta frecuencia),Servicios postventa,Soporte y Mantenimiento,417.15
2025-12,Bajío,CLI-015,VIP (alto volumen / alta frecuencia),Servicios postventa,Soporte y Mantenimiento,526.25
2026-01,Bajío,CLI-015,VIP (alto volumen / alta frecuencia),Servicios postventa,Soporte y Mantenimiento,434.96
2026-03,Bajío,CLI-015,VIP (alto volumen / alta frecuencia),Servicios postventa,Soporte y Mantenimiento,477.88
2026-04,Bajío,CLI-015,VIP (alto volumen / alta frecuencia),Servicios postventa,Soporte y Mantenimiento,450.59
2026-05,Bajío,CLI-015,VIP (alto volumen / alta frecuencia),Servicios postventa,Soporte y Mantenimiento,597.8
2026-06,Bajío,CLI-015,VIP (alto volumen / alta frecuencia),Servicios postventa,Soporte y Mantenimiento,670.73
2025-01,Bajío,CLI-015,VIP (alto volumen / alta frecuencia),Línea Premium,Premium Oficina,1053.45
2025-02,Bajío,CLI-015,VIP (alto volumen / alta frecuencia),Línea Premium,Premium Oficina,828.4
2025-03,Bajío,CLI-015,VIP (alto volumen / alta frecuencia),Línea Premium,Premium Oficina,1020.21
2025-04,Bajío,CLI-015,VIP (alto volumen / alta frecuencia),Línea Premium,Premium Oficina,1192.16
2025-05,Bajío,CLI-015,VIP (alto volumen / alta frecuencia),Línea Premium,Premium Oficina,1037.76
2025-06,Bajío,CLI-015,VIP (alto volumen / alta frecuencia),Línea Premium,Premium Oficina,1064.25
2025-07,Bajío,CLI-015,VIP (alto volumen / alta frecuencia),Línea Premium,Premium Oficina,1241.69
2025-08,Bajío,CLI-015,VIP (alto volumen / alta frecuencia),Línea Premium,Premium Oficina,1186.66
2025-09,Bajío,CLI-015,VIP (alto volumen / alta frecuencia),Línea Premium,Premium Oficina,1092.57
2025-10,Bajío,CLI-015,VIP (alto volumen / alta frecuencia),Línea Premium,Premium Oficina,1168.5
2025-11,Bajío,CLI-015,VIP (alto volumen / alta frecuencia),Línea Premium,Premium Oficina,1167.41
2025-12,Bajío,CLI-015,VIP (alto volumen / alta frecuencia),Línea Premium,Premium Oficina,1355.18
2026-01,Bajío,CLI-015,VIP (alto volumen / alta frecuencia),Línea Premium,Premium Oficina,1292.85
2026-02,Bajío,CLI-015,VIP (alto volumen / alta frecuencia),Línea Premium,Premium Oficina,1145.92
2026-03,Bajío,CLI-015,VIP (alto volumen / alta frecuencia),Línea Premium,Premium Oficina,1298.14
2026-04,Bajío,CLI-015,VIP (alto volumen / alta frecuencia),Línea Premium,Premium Oficina,1194.68
2026-07,Bajío,CLI-015,VIP (alto volumen / alta frecuencia),Línea Premium,Premium Oficina,866.41
2026-08,Bajío,CLI-015,VIP (alto volumen / alta frecuencia),Línea Premium,Premium Oficina,1055.43
2025-01,Bajío,CLI-015,VIP (alto volumen / alta frecuencia),Línea Premium,Premium Exportación,1321.31
2025-02,Bajío,CLI-015,VIP (alto volumen / alta frecuencia),Línea Premium,Premium Exportación,1172.56
2025-03,Bajío,CLI-015,VIP (alto volumen / alta frecuencia),Línea Premium,Premium Exportación,1500.97
2025-04,Bajío,CLI-015,VIP (alto volumen / alta frecuencia),Línea Premium,Premium Exportación,1566.87
2025-05,Bajío,CLI-015,VIP (alto volumen / alta frecuencia),Línea Premium,Premium Exportación,1607.84
2025-06,Bajío,CLI-015,VIP (alto volumen / alta frecuencia),Línea Premium,Premium Exportación,1361.28
2025-07,Bajío,CLI-015,VIP (alto volumen / alta frecuencia),Línea Premium,Premium Exportación,1492.23
2025-08,Bajío,CLI-015,VIP (alto volumen / alta frecuencia),Línea Premium,Premium Exportación,1556.83
2025-10,Bajío,CLI-015,VIP (alto volumen / alta frecuencia),Línea Premium,Premium Exportación,2041.01
2025-12,Bajío,CLI-015,VIP (alto volumen / alta frecuencia),Línea Premium,Premium Exportación,1423.13
2026-02,Bajío,CLI-015,VIP (alto volumen / alta frecuencia),Línea Premium,Premium Exportación,2033.77
2026-03,Bajío,CLI-015,VIP (alto volumen / alta frecuencia),Línea Premium,Premium Exportación,1610.4
2026-04,Bajío,CLI-015,VIP (alto volumen / alta frecuencia),Línea Premium,Premium Exportación,1662.98
2026-05,Bajío,CLI-015,VIP (alto volumen / alta frecuencia),Línea Premium,Premium Exportación,1958.23
2026-06,Bajío,CLI-015,VIP (alto volumen / alta frecuencia),Línea Premium,Premium Exportación,1870.72
2026-07,Bajío,CLI-015,VIP (alto volumen / alta frecuencia),Línea Premium,Premium Exportación,2037.64
2026-08,Bajío,CLI-015,VIP (alto volumen / alta frecuencia),Línea Premium,Premium Exportación,2194.48
2025-01,Bajío,CLI-015,VIP (alto volumen / alta frecuencia),Línea Estándar,Estándar Mayoreo,1154.73
2025-02,Bajío,CLI-015,VIP (alto volumen / alta frecuencia),Línea Estándar,Estándar Mayoreo,1235.37
2025-03,Bajío,CLI-015,VIP (alto volumen / alta frecuencia),Línea Estándar,Estándar Mayoreo,1297.69
2025-04,Bajío,CLI-015,VIP (alto volumen / alta frecuencia),Línea Estándar,Estándar Mayoreo,1016.94
2025-05,Bajío,CLI-015,VIP (alto volumen / alta frecuencia),Línea Estándar,Estándar Mayoreo,1055.59
2025-06,Bajío,CLI-015,VIP (alto volumen / alta frecuencia),Línea Estándar,Estándar Mayoreo,1348.51
2025-07,Bajío,CLI-015,VIP (alto volumen / alta frecuencia),Línea Estándar,Estándar Mayoreo,1211.89
2025-08,Bajío,CLI-015,VIP (alto volumen / alta frecuencia),Línea Estándar,Estándar Mayoreo,1153.34
2025-09,Bajío,CLI-015,VIP (alto volumen / alta frecuencia),Línea Estándar,Estándar Mayoreo,1224.12
2025-10,Bajío,CLI-015,VIP (alto volumen / alta frecuencia),Línea Estándar,Estándar Mayoreo,1419.91
2025-12,Bajío,CLI-015,VIP (alto volumen / alta frecuencia),Línea Estándar,Estándar Mayoreo,1245.44
2026-01,Bajío,CLI-015,VIP (alto volumen / alta frecuencia),Línea Estándar,Estándar Mayoreo,1326.25
2026-02,Bajío,CLI-015,VIP (alto volumen / alta frecuencia),Línea Estándar,Estándar Mayoreo,1279.92
2026-03,Bajío,CLI-015,VIP (alto volumen / alta frecuencia),Línea Estándar,Estándar Mayoreo,1161.3
2026-04,Bajío,CLI-015,VIP (alto volumen / alta frecuencia),Línea Estándar,Estándar Mayoreo,1436.84
2026-05,Bajío,CLI-015,VIP (alto volumen / alta frecuencia),Línea Estándar,Estándar Mayoreo,1232.04
2026-06,Bajío,CLI-015,VIP (alto volumen / alta frecuencia),Línea Estándar,Estándar Mayoreo,1385.15
2026-07,Bajío,CLI-015,VIP (alto volumen / alta frecuencia),Línea Estándar,Estándar Mayoreo,1361.73
2026-08,Bajío,CLI-015,VIP (alto volumen / alta frecuencia),Línea Estándar,Estándar Mayoreo,875.8
2025-03,Centro,CLI-016,Ocasional (alto volumen / baja frecuencia),Servicios postventa,Soporte y Mantenimiento,266.1
2025-07,Centro,CLI-016,Ocasional (alto volumen / baja frecuencia),Servicios postventa,Soporte y Mantenimiento,289.96
2025-08,Centro,CLI-016,Ocasional (alto volumen / baja frecuencia),Servicios postventa,Soporte y Mantenimiento,353.76
2025-10,Centro,CLI-016,Ocasional (alto volumen / baja frecuencia),Servicios postventa,Soporte y Mantenimiento,351.6
2026-03,Centro,CLI-016,Ocasional (alto volumen / baja frecuencia),Servicios postventa,Soporte y Mantenimiento,431.96
2026-06,Centro,CLI-016,Ocasional (alto volumen / baja frecuencia),Servicios postventa,Soporte y Mantenimiento,339.5
2026-08,Centro,CLI-016,Ocasional (alto volumen / baja frecuencia),Servicios postventa,Soporte y Mantenimiento,500.25
2025-01,Centro,CLI-016,Ocasional (alto volumen / baja frecuencia),Línea Premium,Premium Oficina,815.21
2025-02,Centro,CLI-016,Ocasional (alto volumen / baja frecuencia),Línea Premium,Premium Oficina,831.31
2025-05,Centro,CLI-016,Ocasional (alto volumen / baja frecuencia),Línea Premium,Premium Oficina,679.6
2025-06,Centro,CLI-016,Ocasional (alto volumen / baja frecuencia),Línea Premium,Premium Oficina,756.84
2025-09,Centro,CLI-016,Ocasional (alto volumen / baja frecuencia),Línea Premium,Premium Oficina,839.38
2026-02,Centro,CLI-016,Ocasional (alto volumen / baja frecuencia),Línea Premium,Premium Oficina,1046.2
2026-04,Centro,CLI-016,Ocasional (alto volumen / baja frecuencia),Línea Premium,Premium Oficina,848.91
2026-07,Centro,CLI-016,Ocasional (alto volumen / baja frecuencia),Línea Premium,Premium Oficina,930.89
2026-08,Centro,CLI-016,Ocasional (alto volumen / baja frecuencia),Línea Premium,Premium Oficina,1078.29
2025-02,Centro,CLI-016,Ocasional (alto volumen / baja frecuencia),Línea Estándar,Estándar Mayoreo,969.9
2025-04,Centro,CLI-016,Ocasional (alto volumen / baja frecuencia),Línea Estándar,Estándar Mayoreo,752.84
2025-05,Centro,CLI-016,Ocasional (alto volumen / baja frecuencia),Línea Estándar,Estándar Mayoreo,1021.72
2025-10,Centro,CLI-016,Ocasional (alto volumen / baja frecuencia),Línea Estándar,Estándar Mayoreo,875.25
2025-12,Centro,CLI-016,Ocasional (alto volumen / baja frecuencia),Línea Estándar,Estándar Mayoreo,944.62
2026-01,Centro,CLI-016,Ocasional (alto volumen / baja frecuencia),Línea Estándar,Estándar Mayoreo,794.86
2026-03,Centro,CLI-016,Ocasional (alto volumen / baja frecuencia),Línea Estándar,Estándar Mayoreo,844.96
2026-05,Centro,CLI-016,Ocasional (alto volumen / baja frecuencia),Línea Estándar,Estándar Mayoreo,1033.67
2025-02,Centro,CLI-017,Esporádico (bajo volumen / baja frecuencia),Línea Económica,Económica Promocional,124.18
2025-05,Centro,CLI-017,Esporádico (bajo volumen / baja frecuencia),Línea Económica,Económica Promocional,95.02
2025-10,Centro,CLI-017,Esporádico (bajo volumen / baja frecuencia),Línea Económica,Económica Promocional,104.78
2025-12,Centro,CLI-017,Esporádico (bajo volumen / baja frecuencia),Línea Económica,Económica Promocional,132.55
2026-05,Centro,CLI-017,Esporádico (bajo volumen / baja frecuencia),Línea Económica,Económica Promocional,127.92
2025-01,Centro,CLI-017,Esporádico (bajo volumen / baja frecuencia),Servicios postventa,Soporte y Mantenimiento,71.16
2025-10,Centro,CLI-017,Esporádico (bajo volumen / baja frecuencia),Servicios postventa,Soporte y Mantenimiento,65.4
2026-03,Centro,CLI-017,Esporádico (bajo volumen / baja frecuencia),Servicios postventa,Soporte y Mantenimiento,85.35
2025-02,Centro,CLI-017,Esporádico (bajo volumen / baja frecuencia),Línea Económica,Económica Básica,148.78
2025-08,Centro,CLI-017,Esporádico (bajo volumen / baja frecuencia),Línea Económica,Económica Básica,132.21
2026-02,Centro,CLI-017,Esporádico (bajo volumen / baja frecuencia),Línea Económica,Económica Básica,155.8
2026-04,Centro,CLI-017,Esporádico (bajo volumen / baja frecuencia),Línea Económica,Económica Básica,133.09
2026-07,Centro,CLI-017,Esporádico (bajo volumen / baja frecuencia),Línea Económica,Económica Básica,132.76
2025-04,Norte,CLI-018,Ocasional (alto volumen / baja frecuencia),Línea Estándar,Estándar Retail,734.87
2025-06,Norte,CLI-018,Ocasional (alto volumen / baja frecuencia),Línea Estándar,Estándar Retail,610.09
2026-06,Norte,CLI-018,Ocasional (alto volumen / baja frecuencia),Línea Estándar,Estándar Retail,650.12
2026-08,Norte,CLI-018,Ocasional (alto volumen / baja frecuencia),Línea Estándar,Estándar Retail,671.66
2025-01,Norte,CLI-018,Ocasional (alto volumen / baja frecuencia),Línea Premium,Premium Hogar,780.29
2025-03,Norte,CLI-018,Ocasional (alto volumen / baja frecuencia),Línea Premium,Premium Hogar,1077.06
2025-04,Norte,CLI-018,Ocasional (alto volumen / baja frecuencia),Línea Premium,Premium Hogar,895.95
2025-07,Norte,CLI-018,Ocasional (alto volumen / baja frecuencia),Línea Premium,Premium Hogar,1001.35
2026-04,Norte,CLI-018,Ocasional (alto volumen / baja frecuencia),Línea Premium,Premium Hogar,1009.61
2025-03,Norte,CLI-018,Ocasional (alto volumen / baja frecuencia),Línea Premium,Premium Oficina,841.55
2025-04,Norte,CLI-018,Ocasional (alto volumen / baja frecuencia),Línea Premium,Premium Oficina,755.41
2025-05,Norte,CLI-018,Ocasional (alto volumen / baja frecuencia),Línea Premium,Premium Oficina,828.97
2025-07,Norte,CLI-018,Ocasional (alto volumen / baja frecuencia),Línea Premium,Premium Oficina,663.43
2025-11,Norte,CLI-018,Ocasional (alto volumen / baja frecuencia),Línea Premium,Premium Oficina,844.96
2026-06,Norte,CLI-018,Ocasional (alto volumen / baja frecuencia),Línea Premium,Premium Oficina,898.19
2026-07,Norte,CLI-018,Ocasional (alto volumen / baja frecuencia),Línea Premium,Premium Oficina,946.18
2025-02,Occidente,CLI-019,Esporádico (bajo volumen / baja frecuencia),Línea Estándar,Estándar Retail,271.25
2025-06,Occidente,CLI-019,Esporádico (bajo volumen / baja frecuencia),Línea Estándar,Estándar Retail,263.23
2025-12,Occidente,CLI-019,Esporádico (bajo volumen / baja frecuencia),Línea Estándar,Estándar Retail,377.06
2026-02,Occidente,CLI-019,Esporádico (bajo volumen / baja frecuencia),Línea Estándar,Estándar Retail,308.83
2025-02,Occidente,CLI-019,Esporádico (bajo volumen / baja frecuencia),Línea Económica,Económica Promocional,161.93
2025-06,Occidente,CLI-019,Esporádico (bajo volumen / baja frecuencia),Línea Económica,Económica Promocional,188.2
2025-10,Occidente,CLI-019,Esporádico (bajo volumen / baja frecuencia),Línea Económica,Económica Promocional,219.34
2026-03,Occidente,CLI-019,Esporádico (bajo volumen / baja frecuencia),Línea Económica,Económica Promocional,183.19
2026-05,Occidente,CLI-019,Esporádico (bajo volumen / baja frecuencia),Línea Económica,Económica Promocional,205.43
2025-08,Centro,CLI-020,Esporádico (bajo volumen / baja frecuencia),Línea Económica,Económica Promocional,193.89
2025-11,Centro,CLI-020,Esporádico (bajo volumen / baja frecuencia),Línea Económica,Económica Promocional,132.08
2026-02,Centro,CLI-020,Esporádico (bajo volumen / baja frecuencia),Línea Económica,Económica Promocional,133.96
2026-07,Centro,CLI-020,Esporádico (bajo volumen / baja frecuencia),Línea Económica,Económica Promocional,184.59
2025-02,Centro,CLI-020,Esporádico (bajo volumen / baja frecuencia),Línea Económica,Económica Básica,219.04
2026-07,Centro,CLI-020,Esporádico (bajo volumen / baja frecuencia),Línea Económica,Económica Básica,200.81
2025-01,Occidente,CLI-021,Recurrente (bajo volumen / alta frecuencia),Línea Estándar,Estándar Retail,345.27
2025-02,Occidente,CLI-021,Recurrente (bajo volumen / alta frecuencia),Línea Estándar,Estándar Retail,303.18
2025-03,Occidente,CLI-021,Recurrente (bajo volumen / alta frecuencia),Línea Estándar,Estándar Retail,289.36
2025-05,Occidente,CLI-021,Recurrente (bajo volumen / alta frecuencia),Línea Estándar,Estándar Retail,310.09
2025-06,Occidente,CLI-021,Recurrente (bajo volumen / alta frecuencia),Línea Estándar,Estándar Retail,304.9
2025-07,Occidente,CLI-021,Recurrente (bajo volumen / alta frecuencia),Línea Estándar,Estándar Retail,271.24
2025-08,Occidente,CLI-021,Recurrente (bajo volumen / alta frecuencia),Línea Estándar,Estándar Retail,308.36
2025-12,Occidente,CLI-021,Recurrente (bajo volumen / alta frecuencia),Línea Estándar,Estándar Retail,270.48
2026-01,Occidente,CLI-021,Recurrente (bajo volumen / alta frecuencia),Línea Estándar,Estándar Retail,304.54
2026-02,Occidente,CLI-021,Recurrente (bajo volumen / alta frecuencia),Línea Estándar,Estándar Retail,287.26
2026-04,Occidente,CLI-021,Recurrente (bajo volumen / alta frecuencia),Línea Estándar,Estándar Retail,283.05
2026-05,Occidente,CLI-021,Recurrente (bajo volumen / alta frecuencia),Línea Estándar,Estándar Retail,296.79
2026-06,Occidente,CLI-021,Recurrente (bajo volumen / alta frecuencia),Línea Estándar,Estándar Retail,283.68
2026-07,Occidente,CLI-021,Recurrente (bajo volumen / alta frecuencia),Línea Estándar,Estándar Retail,337.29
2025-01,Occidente,CLI-021,Recurrente (bajo volumen / alta frecuencia),Servicios postventa,Soporte y Mantenimiento,109.15
2025-02,Occidente,CLI-021,Recurrente (bajo volumen / alta frecuencia),Servicios postventa,Soporte y Mantenimiento,117.97
2025-03,Occidente,CLI-021,Recurrente (bajo volumen / alta frecuencia),Servicios postventa,Soporte y Mantenimiento,136.49
2025-04,Occidente,CLI-021,Recurrente (bajo volumen / alta frecuencia),Servicios postventa,Soporte y Mantenimiento,113.54
2025-05,Occidente,CLI-021,Recurrente (bajo volumen / alta frecuencia),Servicios postventa,Soporte y Mantenimiento,118.13
2025-07,Occidente,CLI-021,Recurrente (bajo volumen / alta frecuencia),Servicios postventa,Soporte y Mantenimiento,109.68
2025-08,Occidente,CLI-021,Recurrente (bajo volumen / alta frecuencia),Servicios postventa,Soporte y Mantenimiento,116.58
2025-09,Occidente,CLI-021,Recurrente (bajo volumen / alta frecuencia),Servicios postventa,Soporte y Mantenimiento,119.81
2025-10,Occidente,CLI-021,Recurrente (bajo volumen / alta frecuencia),Servicios postventa,Soporte y Mantenimiento,131.74
2025-11,Occidente,CLI-021,Recurrente (bajo volumen / alta frecuencia),Servicios postventa,Soporte y Mantenimiento,136.52
2025-12,Occidente,CLI-021,Recurrente (bajo volumen / alta frecuencia),Servicios postventa,Soporte y Mantenimiento,148.61
2026-01,Occidente,CLI-021,Recurrente (bajo volumen / alta frecuencia),Servicios postventa,Soporte y Mantenimiento,132.76
2026-02,Occidente,CLI-021,Recurrente (bajo volumen / alta frecuencia),Servicios postventa,Soporte y Mantenimiento,141.61
2026-03,Occidente,CLI-021,Recurrente (bajo volumen / alta frecuencia),Servicios postventa,Soporte y Mantenimiento,149.48
2026-05,Occidente,CLI-021,Recurrente (bajo volumen / alta frecuencia),Servicios postventa,Soporte y Mantenimiento,129.84
2026-06,Occidente,CLI-021,Recurrente (bajo volumen / alta frecuencia),Servicios postventa,Soporte y Mantenimiento,161.76
2026-07,Occidente,CLI-021,Recurrente (bajo volumen / alta frecuencia),Servicios postventa,Soporte y Mantenimiento,140.07
2026-08,Occidente,CLI-021,Recurrente (bajo volumen / alta frecuencia),Servicios postventa,Soporte y Mantenimiento,158.36
2025-02,Occidente,CLI-021,Recurrente (bajo volumen / alta frecuencia),Línea Económica,Económica Básica,240.37
2025-03,Occidente,CLI-021,Recurrente (bajo volumen / alta frecuencia),Línea Económica,Económica Básica,243.29
2025-05,Occidente,CLI-021,Recurrente (bajo volumen / alta frecuencia),Línea Económica,Económica Básica,191.13
2025-06,Occidente,CLI-021,Recurrente (bajo volumen / alta frecuencia),Línea Económica,Económica Básica,190.35
2025-07,Occidente,CLI-021,Recurrente (bajo volumen / alta frecuencia),Línea Económica,Económica Básica,230.05
2025-08,Occidente,CLI-021,Recurrente (bajo volumen / alta frecuencia),Línea Económica,Económica Básica,206.36
2025-10,Occidente,CLI-021,Recurrente (bajo volumen / alta frecuencia),Línea Económica,Económica Básica,242.01
2025-11,Occidente,CLI-021,Recurrente (bajo volumen / alta frecuencia),Línea Económica,Económica Básica,251.59
2025-12,Occidente,CLI-021,Recurrente (bajo volumen / alta frecuencia),Línea Económica,Económica Básica,229.16
2026-01,Occidente,CLI-021,Recurrente (bajo volumen / alta frecuencia),Línea Económica,Económica Básica,234.6
2026-02,Occidente,CLI-021,Recurrente (bajo volumen / alta frecuencia),Línea Económica,Económica Básica,247.58
2026-05,Occidente,CLI-021,Recurrente (bajo volumen / alta frecuencia),Línea Económica,Económica Básica,166.76
2026-06,Occidente,CLI-021,Recurrente (bajo volumen / alta frecuencia),Línea Económica,Económica Básica,236.6
2026-07,Occidente,CLI-021,Recurrente (bajo volumen / alta frecuencia),Línea Económica,Económica Básica,195.13
2026-08,Occidente,CLI-021,Recurrente (bajo volumen / alta frecuencia),Línea Económica,Económica Básica,214.32
2025-02,Occidente,CLI-021,Recurrente (bajo volumen / alta frecuencia),Línea Estándar,Estándar Mayoreo,416.02
2025-03,Occidente,CLI-021,Recurrente (bajo volumen / alta frecuencia),Línea Estándar,Estándar Mayoreo,348.79
2025-04,Occidente,CLI-021,Recurrente (bajo volumen / alta frecuencia),Línea Estándar,Estándar Mayoreo,354.38
2025-06,Occidente,CLI-021,Recurrente (bajo volumen / alta frecuencia),Línea Estándar,Estándar Mayoreo,341.65
2025-08,Occidente,CLI-021,Recurrente (bajo volumen / alta frecuencia),Línea Estándar,Estándar Mayoreo,412.51
2025-09,Occidente,CLI-021,Recurrente (bajo volumen / alta frecuencia),Línea Estándar,Estándar Mayoreo,401.49
2025-11,Occidente,CLI-021,Recurrente (bajo volumen / alta frecuencia),Línea Estándar,Estándar Mayoreo,319.62
2025-12,Occidente,CLI-021,Recurrente (bajo volumen / alta frecuencia),Línea Estándar,Estándar Mayoreo,408.3
2026-01,Occidente,CLI-021,Recurrente (bajo volumen / alta frecuencia),Línea Estándar,Estándar Mayoreo,371.52
2026-02,Occidente,CLI-021,Recurrente (bajo volumen / alta frecuencia),Línea Estándar,Estándar Mayoreo,450.61
2026-03,Occidente,CLI-021,Recurrente (bajo volumen / alta frecuencia),Línea Estándar,Estándar Mayoreo,417.17
2026-04,Occidente,CLI-021,Recurrente (bajo volumen / alta frecuencia),Línea Estándar,Estándar Mayoreo,369.83
2026-05,Occidente,CLI-021,Recurrente (bajo volumen / alta frecuencia),Línea Estándar,Estándar Mayoreo,316.12
2026-06,Occidente,CLI-021,Recurrente (bajo volumen / alta frecuencia),Línea Estándar,Estándar Mayoreo,334.1
2026-07,Occidente,CLI-021,Recurrente (bajo volumen / alta frecuencia),Línea Estándar,Estándar Mayoreo,387.16
2026-08,Occidente,CLI-021,Recurrente (bajo volumen / alta frecuencia),Línea Estándar,Estándar Mayoreo,229.35
2025-01,Occidente,CLI-021,Recurrente (bajo volumen / alta frecuencia),Línea Premium,Premium Exportación,373.04
2025-02,Occidente,CLI-021,Recurrente (bajo volumen / alta frecuencia),Línea Premium,Premium Exportación,408.88
2025-03,Occidente,CLI-021,Recurrente (bajo volumen / alta frecuencia),Línea Premium,Premium Exportación,494.41
2025-04,Occidente,CLI-021,Recurrente (bajo volumen / alta frecuencia),Línea Premium,Premium Exportación,431.61
2025-05,Occidente,CLI-021,Recurrente (bajo volumen / alta frecuencia),Línea Premium,Premium Exportación,451.81
2025-06,Occidente,CLI-021,Recurrente (bajo volumen / alta frecuencia),Línea Premium,Premium Exportación,509.4
2025-07,Occidente,CLI-021,Recurrente (bajo volumen / alta frecuencia),Línea Premium,Premium Exportación,552.34
2025-08,Occidente,CLI-021,Recurrente (bajo volumen / alta frecuencia),Línea Premium,Premium Exportación,403.59
2025-09,Occidente,CLI-021,Recurrente (bajo volumen / alta frecuencia),Línea Premium,Premium Exportación,426.86
2025-10,Occidente,CLI-021,Recurrente (bajo volumen / alta frecuencia),Línea Premium,Premium Exportación,466.42
2025-12,Occidente,CLI-021,Recurrente (bajo volumen / alta frecuencia),Línea Premium,Premium Exportación,358.85
2026-01,Occidente,CLI-021,Recurrente (bajo volumen / alta frecuencia),Línea Premium,Premium Exportación,483.48
2026-02,Occidente,CLI-021,Recurrente (bajo volumen / alta frecuencia),Línea Premium,Premium Exportación,501.08
2026-05,Occidente,CLI-021,Recurrente (bajo volumen / alta frecuencia),Línea Premium,Premium Exportación,446.62
2026-06,Occidente,CLI-021,Recurrente (bajo volumen / alta frecuencia),Línea Premium,Premium Exportación,605.88
2026-07,Occidente,CLI-021,Recurrente (bajo volumen / alta frecuencia),Línea Premium,Premium Exportación,539.56
2026-08,Occidente,CLI-021,Recurrente (bajo volumen / alta frecuencia),Línea Premium,Premium Exportación,427.86
2025-03,Occidente,CLI-021,Recurrente (bajo volumen / alta frecuencia),Línea Económica,Económica Promocional,147.46
2025-04,Occidente,CLI-021,Recurrente (bajo volumen / alta frecuencia),Línea Económica,Económica Promocional,140.68
2025-06,Occidente,CLI-021,Recurrente (bajo volumen / alta frecuencia),Línea Económica,Económica Promocional,137.86
2025-08,Occidente,CLI-021,Recurrente (bajo volumen / alta frecuencia),Línea Económica,Económica Promocional,181.77
2025-09,Occidente,CLI-021,Recurrente (bajo volumen / alta frecuencia),Línea Económica,Económica Promocional,173.8
2025-10,Occidente,CLI-021,Recurrente (bajo volumen / alta frecuencia),Línea Económica,Económica Promocional,142.73
2025-11,Occidente,CLI-021,Recurrente (bajo volumen / alta frecuencia),Línea Económica,Económica Promocional,159.88
2025-12,Occidente,CLI-021,Recurrente (bajo volumen / alta frecuencia),Línea Económica,Económica Promocional,150.32
2026-01,Occidente,CLI-021,Recurrente (bajo volumen / alta frecuencia),Línea Económica,Económica Promocional,142.34
2026-02,Occidente,CLI-021,Recurrente (bajo volumen / alta frecuencia),Línea Económica,Económica Promocional,168.42
2026-03,Occidente,CLI-021,Recurrente (bajo volumen / alta frecuencia),Línea Económica,Económica Promocional,187.34
2026-04,Occidente,CLI-021,Recurrente (bajo volumen / alta frecuencia),Línea Económica,Económica Promocional,122.8
2026-05,Occidente,CLI-021,Recurrente (bajo volumen / alta frecuencia),Línea Económica,Económica Promocional,150.33
2026-06,Occidente,CLI-021,Recurrente (bajo volumen / alta frecuencia),Línea Económica,Económica Promocional,147.0
2026-07,Occidente,CLI-021,Recurrente (bajo volumen / alta frecuencia),Línea Económica,Económica Promocional,131.87
2026-08,Occidente,CLI-021,Recurrente (bajo volumen / alta frecuencia),Línea Económica,Económica Promocional,160.65
2025-04,Norte,CLI-022,Ocasional (alto volumen / baja frecuencia),Línea Premium,Premium Oficina,1110.03
2026-04,Norte,CLI-022,Ocasional (alto volumen / baja frecuencia),Línea Premium,Premium Oficina,1102.16
2026-08,Norte,CLI-022,Ocasional (alto volumen / baja frecuencia),Línea Premium,Premium Oficina,1089.67
2025-01,Norte,CLI-022,Ocasional (alto volumen / baja frecuencia),Servicios postventa,Soporte y Mantenimiento,262.98
2025-02,Norte,CLI-022,Ocasional (alto volumen / baja frecuencia),Servicios postventa,Soporte y Mantenimiento,298.34
2025-09,Norte,CLI-022,Ocasional (alto volumen / baja frecuencia),Servicios postventa,Soporte y Mantenimiento,388.41
2026-08,Norte,CLI-022,Ocasional (alto volumen / baja frecuencia),Servicios postventa,Soporte y Mantenimiento,432.91
2025-02,Centro,CLI-023,Esporádico (bajo volumen / baja frecuencia),Línea Económica,Económica Promocional,199.83
2025-07,Centro,CLI-023,Esporádico (bajo volumen / baja frecuencia),Línea Económica,Económica Promocional,187.63
2025-04,Centro,CLI-023,Esporádico (bajo volumen / baja frecuencia),Línea Premium,Premium Exportación,519.11
2025-06,Centro,CLI-023,Esporádico (bajo volumen / baja frecuencia),Línea Premium,Premium Exportación,482.84
2025-08,Centro,CLI-023,Esporádico (bajo volumen / baja frecuencia),Línea Premium,Premium Exportación,481.82
2025-09,Centro,CLI-023,Esporádico (bajo volumen / baja frecuencia),Línea Premium,Premium Exportación,528.67
2025-12,Centro,CLI-023,Esporádico (bajo volumen / baja frecuencia),Línea Premium,Premium Exportación,486.99
2026-06,Centro,CLI-023,Esporádico (bajo volumen / baja frecuencia),Línea Premium,Premium Exportación,588.33
2025-01,Centro,CLI-024,VIP (alto volumen / alta frecuencia),Línea Estándar,Estándar Retail,724.0
2025-03,Centro,CLI-024,VIP (alto volumen / alta frecuencia),Línea Estándar,Estándar Retail,890.76
2025-04,Centro,CLI-024,VIP (alto volumen / alta frecuencia),Línea Estándar,Estándar Retail,784.6
2025-05,Centro,CLI-024,VIP (alto volumen / alta frecuencia),Línea Estándar,Estándar Retail,840.97
2025-06,Centro,CLI-024,VIP (alto volumen / alta frecuencia),Línea Estándar,Estándar Retail,599.65
2025-08,Centro,CLI-024,VIP (alto volumen / alta frecuencia),Línea Estándar,Estándar Retail,751.9
2025-09,Centro,CLI-024,VIP (alto volumen / alta frecuencia),Línea Estándar,Estándar Retail,882.89
2025-10,Centro,CLI-024,VIP (alto volumen / alta frecuencia),Línea Estándar,Estándar Retail,924.42
2025-12,Centro,CLI-024,VIP (alto volumen / alta frecuencia),Línea Estándar,Estándar Retail,736.86
2026-01,Centro,CLI-024,VIP (alto volumen / alta frecuencia),Línea Estándar,Estándar Retail,913.79
2026-02,Centro,CLI-024,VIP (alto volumen / alta frecuencia),Línea Estándar,Estándar Retail,855.42
2026-03,Centro,CLI-024,VIP (alto volumen / alta frecuencia),Línea Estándar,Estándar Retail,717.41
2026-04,Centro,CLI-024,VIP (alto volumen / alta frecuencia),Línea Estándar,Estándar Retail,1082.82
2026-05,Centro,CLI-024,VIP (alto volumen / alta frecuencia),Línea Estándar,Estándar Retail,880.64
2026-06,Centro,CLI-024,VIP (alto volumen / alta frecuencia),Línea Estándar,Estándar Retail,808.31
2026-07,Centro,CLI-024,VIP (alto volumen / alta frecuencia),Línea Estándar,Estándar Retail,1001.56
2026-08,Centro,CLI-024,VIP (alto volumen / alta frecuencia),Línea Estándar,Estándar Retail,637.78
2025-01,Centro,CLI-024,VIP (alto volumen / alta frecuencia),Línea Premium,Premium Oficina,972.34
2025-02,Centro,CLI-024,VIP (alto volumen / alta frecuencia),Línea Premium,Premium Oficina,740.68
2025-03,Centro,CLI-024,VIP (alto volumen / alta frecuencia),Línea Premium,Premium Oficina,858.0
2025-04,Centro,CLI-024,VIP (alto volumen / alta frecuencia),Línea Premium,Premium Oficina,954.03
2025-05,Centro,CLI-024,VIP (alto volumen / alta frecuencia),Línea Premium,Premium Oficina,1076.33
2025-06,Centro,CLI-024,VIP (alto volumen / alta frecuencia),Línea Premium,Premium Oficina,811.98
2025-07,Centro,CLI-024,VIP (alto volumen / alta frecuencia),Línea Premium,Premium Oficina,1011.71
2025-08,Centro,CLI-024,VIP (alto volumen / alta frecuencia),Línea Premium,Premium Oficina,754.84
2025-09,Centro,CLI-024,VIP (alto volumen / alta frecuencia),Línea Premium,Premium Oficina,854.86
2025-10,Centro,CLI-024,VIP (alto volumen / alta frecuencia),Línea Premium,Premium Oficina,1156.11
2025-11,Centro,CLI-024,VIP (alto volumen / alta frecuencia),Línea Premium,Premium Oficina,1184.06
2025-12,Centro,CLI-024,VIP (alto volumen / alta frecuencia),Línea Premium,Premium Oficina,1010.05
2026-01,Centro,CLI-024,VIP (alto volumen / alta frecuencia),Línea Premium,Premium Oficina,1129.43
2026-03,Centro,CLI-024,VIP (alto volumen / alta frecuencia),Línea Premium,Premium Oficina,952.45
2026-04,Centro,CLI-024,VIP (alto volumen / alta frecuencia),Línea Premium,Premium Oficina,967.81
2026-05,Centro,CLI-024,VIP (alto volumen / alta frecuencia),Línea Premium,Premium Oficina,1196.98
2026-06,Centro,CLI-024,VIP (alto volumen / alta frecuencia),Línea Premium,Premium Oficina,1065.59
2026-07,Centro,CLI-024,VIP (alto volumen / alta frecuencia),Línea Premium,Premium Oficina,1228.36
2025-01,Centro,CLI-024,VIP (alto volumen / alta frecuencia),Línea Premium,Premium Exportación,1026.75
2025-02,Centro,CLI-024,VIP (alto volumen / alta frecuencia),Línea Premium,Premium Exportación,999.84
2025-03,Centro,CLI-024,VIP (alto volumen / alta frecuencia),Línea Premium,Premium Exportación,1169.65
2025-04,Centro,CLI-024,VIP (alto volumen / alta frecuencia),Línea Premium,Premium Exportación,1189.5
2025-05,Centro,CLI-024,VIP (alto volumen / alta frecuencia),Línea Premium,Premium Exportación,908.79
2025-06,Centro,CLI-024,VIP (alto volumen / alta frecuencia),Línea Premium,Premium Exportación,1126.64
2025-08,Centro,CLI-024,VIP (alto volumen / alta frecuencia),Línea Premium,Premium Exportación,1134.72
2025-09,Centro,CLI-024,VIP (alto volumen / alta frecuencia),Línea Premium,Premium Exportación,1108.0
2025-11,Centro,CLI-024,VIP (alto volumen / alta frecuencia),Línea Premium,Premium Exportación,1004.06
2025-12,Centro,CLI-024,VIP (alto volumen / alta frecuencia),Línea Premium,Premium Exportación,1370.22
2026-01,Centro,CLI-024,VIP (alto volumen / alta frecuencia),Línea Premium,Premium Exportación,1158.27
2026-02,Centro,CLI-024,VIP (alto volumen / alta frecuencia),Línea Premium,Premium Exportación,743.04
2026-03,Centro,CLI-024,VIP (alto volumen / alta frecuencia),Línea Premium,Premium Exportación,1218.36
2026-05,Centro,CLI-024,VIP (alto volumen / alta frecuencia),Línea Premium,Premium Exportación,1225.79
2026-06,Centro,CLI-024,VIP (alto volumen / alta frecuencia),Línea Premium,Premium Exportación,1159.87
2026-07,Centro,CLI-024,VIP (alto volumen / alta frecuencia),Línea Premium,Premium Exportación,1380.84
2026-08,Centro,CLI-024,VIP (alto volumen / alta frecuencia),Línea Premium,Premium Exportación,1161.37
2025-01,Centro,CLI-024,VIP (alto volumen / alta frecuencia),Línea Premium,Premium Hogar,918.32
2025-02,Centro,CLI-024,VIP (alto volumen / alta frecuencia),Línea Premium,Premium Hogar,739.78
2025-03,Centro,CLI-024,VIP (alto volumen / alta frecuencia),Línea Premium,Premium Hogar,833.72
2025-04,Centro,CLI-024,VIP (alto volumen / alta frecuencia),Línea Premium,Premium Hogar,1104.58
2025-05,Centro,CLI-024,VIP (alto volumen / alta frecuencia),Línea Premium,Premium Hogar,904.81
2025-06,Centro,CLI-024,VIP (alto volumen / alta frecuencia),Línea Premium,Premium Hogar,1003.92
2025-07,Centro,CLI-024,VIP (alto volumen / alta frecuencia),Línea Premium,Premium Hogar,976.09
2025-08,Centro,CLI-024,VIP (alto volumen / alta frecuencia),Línea Premium,Premium Hogar,1256.6
2025-09,Centro,CLI-024,VIP (alto volumen / alta frecuencia),Línea Premium,Premium Hogar,978.4
2025-10,Centro,CLI-024,VIP (alto volumen / alta frecuencia),Línea Premium,Premium Hogar,827.69
2025-11,Centro,CLI-024,VIP (alto volumen / alta frecuencia),Línea Premium,Premium Hogar,1021.53
2025-12,Centro,CLI-024,VIP (alto volumen / alta frecuencia),Línea Premium,Premium Hogar,991.88
2026-01,Centro,CLI-024,VIP (alto volumen / alta frecuencia),Línea Premium,Premium Hogar,1196.13
2026-02,Centro,CLI-024,VIP (alto volumen / alta frecuencia),Línea Premium,Premium Hogar,1293.22
2026-03,Centro,CLI-024,VIP (alto volumen / alta frecuencia),Línea Premium,Premium Hogar,1075.46
2026-04,Centro,CLI-024,VIP (alto volumen / alta frecuencia),Línea Premium,Premium Hogar,1088.6
2026-05,Centro,CLI-024,VIP (alto volumen / alta frecuencia),Línea Premium,Premium Hogar,1064.53
2026-06,Centro,CLI-024,VIP (alto volumen / alta frecuencia),Línea Premium,Premium Hogar,1064.64
2026-07,Centro,CLI-024,VIP (alto volumen / alta frecuencia),Línea Premium,Premium Hogar,1159.13
2026-08,Centro,CLI-024,VIP (alto volumen / alta frecuencia),Línea Premium,Premium Hogar,1470.07
2025-01,Centro,CLI-024,VIP (alto volumen / alta frecuencia),Servicios postventa,Soporte y Mantenimiento,296.55
2025-02,Centro,CLI-024,VIP (alto volumen / alta frecuencia),Servicios postventa,Soporte y Mantenimiento,311.16
2025-03,Centro,CLI-024,VIP (alto volumen / alta frecuencia),Servicios postventa,Soporte y Mantenimiento,246.59
2025-04,Centro,CLI-024,VIP (alto volumen / alta frecuencia),Servicios postventa,Soporte y Mantenimiento,271.26
2025-05,Centro,CLI-024,VIP (alto volumen / alta frecuencia),Servicios postventa,Soporte y Mantenimiento,275.51
2025-06,Centro,CLI-024,VIP (alto volumen / alta frecuencia),Servicios postventa,Soporte y Mantenimiento,324.19
2025-08,Centro,CLI-024,VIP (alto volumen / alta frecuencia),Servicios postventa,Soporte y Mantenimiento,225.37
2025-09,Centro,CLI-024,VIP (alto volumen / alta frecuencia),Servicios postventa,Soporte y Mantenimiento,289.72
2025-10,Centro,CLI-024,VIP (alto volumen / alta frecuencia),Servicios postventa,Soporte y Mantenimiento,343.9
2025-11,Centro,CLI-024,VIP (alto volumen / alta frecuencia),Servicios postventa,Soporte y Mantenimiento,362.7
2025-12,Centro,CLI-024,VIP (alto volumen / alta frecuencia),Servicios postventa,Soporte y Mantenimiento,392.21
2026-01,Centro,CLI-024,VIP (alto volumen / alta frecuencia),Servicios postventa,Soporte y Mantenimiento,340.59
2026-02,Centro,CLI-024,VIP (alto volumen / alta frecuencia),Servicios postventa,Soporte y Mantenimiento,298.06
2026-03,Centro,CLI-024,VIP (alto volumen / alta frecuencia),Servicios postventa,Soporte y Mantenimiento,388.79
2026-04,Centro,CLI-024,VIP (alto volumen / alta frecuencia),Servicios postventa,Soporte y Mantenimiento,320.64
2026-05,Centro,CLI-024,VIP (alto volumen / alta frecuencia),Servicios postventa,Soporte y Mantenimiento,352.63
2026-06,Centro,CLI-024,VIP (alto volumen / alta frecuencia),Servicios postventa,Soporte y Mantenimiento,401.97
2026-07,Centro,CLI-024,VIP (alto volumen / alta frecuencia),Servicios postventa,Soporte y Mantenimiento,323.47
2026-08,Centro,CLI-024,VIP (alto volumen / alta frecuencia),Servicios postventa,Soporte y Mantenimiento,365.71
2025-01,Centro,CLI-024,VIP (alto volumen / alta frecuencia),Línea Económica,Económica Promocional,500.85
2025-02,Centro,CLI-024,VIP (alto volumen / alta frecuencia),Línea Económica,Económica Promocional,386.94
2025-03,Centro,CLI-024,VIP (alto volumen / alta frecuencia),Línea Económica,Económica Promocional,471.3
2025-04,Centro,CLI-024,VIP (alto volumen / alta frecuencia),Línea Económica,Económica Promocional,456.26
2025-06,Centro,CLI-024,VIP (alto volumen / alta frecuencia),Línea Económica,Económica Promocional,458.41
2025-07,Centro,CLI-024,VIP (alto volumen / alta frecuencia),Línea Económica,Económica Promocional,447.11
2025-08,Centro,CLI-024,VIP (alto volumen / alta frecuencia),Línea Económica,Económica Promocional,501.14
2025-09,Centro,CLI-024,VIP (alto volumen / alta frecuencia),Línea Económica,Económica Promocional,531.23
2025-11,Centro,CLI-024,VIP (alto volumen / alta frecuencia),Línea Económica,Económica Promocional,552.04
2026-03,Centro,CLI-024,VIP (alto volumen / alta frecuencia),Línea Económica,Económica Promocional,461.94
2026-04,Centro,CLI-024,VIP (alto volumen / alta frecuencia),Línea Económica,Económica Promocional,408.23
2026-05,Centro,CLI-024,VIP (alto volumen / alta frecuencia),Línea Económica,Económica Promocional,478.38
2026-07,Centro,CLI-024,VIP (alto volumen / alta frecuencia),Línea Económica,Económica Promocional,494.72
2026-08,Centro,CLI-024,VIP (alto volumen / alta frecuencia),Línea Económica,Económica Promocional,454.99
2025-01,Centro,CLI-024,VIP (alto volumen / alta frecuencia),Línea Estándar,Estándar Mayoreo,875.29
2025-02,Centro,CLI-024,VIP (alto volumen / alta frecuencia),Línea Estándar,Estándar Mayoreo,911.12
2025-03,Centro,CLI-024,VIP (alto volumen / alta frecuencia),Línea Estándar,Estándar Mayoreo,949.0
2025-04,Centro,CLI-024,VIP (alto volumen / alta frecuencia),Línea Estándar,Estándar Mayoreo,756.61
2025-05,Centro,CLI-024,VIP (alto volumen / alta frecuencia),Línea Estándar,Estándar Mayoreo,999.57
2025-06,Centro,CLI-024,VIP (alto volumen / alta frecuencia),Línea Estándar,Estándar Mayoreo,946.43
2025-07,Centro,CLI-024,VIP (alto volumen / alta frecuencia),Línea Estándar,Estándar Mayoreo,1018.48
2025-08,Centro,CLI-024,VIP (alto volumen / alta frecuencia),Línea Estándar,Estándar Mayoreo,680.08
2025-09,Centro,CLI-024,VIP (alto volumen / alta frecuencia),Línea Estándar,Estándar Mayoreo,882.72
2025-10,Centro,CLI-024,VIP (alto volumen / alta frecuencia),Línea Estándar,Estándar Mayoreo,585.8
2025-12,Centro,CLI-024,VIP (alto volumen / alta frecuencia),Línea Estándar,Estándar Mayoreo,1025.66
2026-02,Centro,CLI-024,VIP (alto volumen / alta frecuencia),Línea Estándar,Estándar Mayoreo,861.95
2026-04,Centro,CLI-024,VIP (alto volumen / alta frecuencia),Línea Estándar,Estándar Mayoreo,845.54
2026-05,Centro,CLI-024,VIP (alto volumen / alta frecuencia),Línea Estándar,Estándar Mayoreo,849.65
2026-06,Centro,CLI-024,VIP (alto volumen / alta frecuencia),Línea Estándar,Estándar Mayoreo,812.13
2026-07,Centro,CLI-024,VIP (alto volumen / alta frecuencia),Línea Estándar,Estándar Mayoreo,958.82
2026-08,Centro,CLI-024,VIP (alto volumen / alta frecuencia),Línea Estándar,Estándar Mayoreo,607.49
2025-03,Centro,CLI-025,Esporádico (bajo volumen / baja frecuencia),Línea Premium,Premium Oficina,382.96
2025-04,Centro,CLI-025,Esporádico (bajo volumen / baja frecuencia),Línea Premium,Premium Oficina,376.37
2025-07,Centro,CLI-025,Esporádico (bajo volumen / baja frecuencia),Línea Estándar,Estándar Mayoreo,386.24
2026-02,Centro,CLI-025,Esporádico (bajo volumen / baja frecuencia),Línea Estándar,Estándar Mayoreo,378.07
2026-08,Centro,CLI-025,Esporádico (bajo volumen / baja frecuencia),Línea Estándar,Estándar Mayoreo,207.72
2025-01,Bajío,CLI-026,Esporádico (bajo volumen / baja frecuencia),Línea Económica,Económica Básica,221.31
2025-02,Bajío,CLI-026,Esporádico (bajo volumen / baja frecuencia),Línea Económica,Económica Básica,265.39
2025-12,Bajío,CLI-026,Esporádico (bajo volumen / baja frecuencia),Línea Económica,Económica Básica,225.39
2026-07,Bajío,CLI-026,Esporádico (bajo volumen / baja frecuencia),Línea Económica,Económica Básica,265.39
2025-02,Bajío,CLI-026,Esporádico (bajo volumen / baja frecuencia),Línea Estándar,Estándar Mayoreo,483.15
2025-03,Bajío,CLI-026,Esporádico (bajo volumen / baja frecuencia),Línea Estándar,Estándar Mayoreo,300.73
2025-01,Norte,CLI-027,VIP (alto volumen / alta frecuencia),Línea Premium,Premium Exportación,1385.29
2025-02,Norte,CLI-027,VIP (alto volumen / alta frecuencia),Línea Premium,Premium Exportación,1189.03
2025-04,Norte,CLI-027,VIP (alto volumen / alta frecuencia),Línea Premium,Premium Exportación,1287.34
2025-05,Norte,CLI-027,VIP (alto volumen / alta frecuencia),Línea Premium,Premium Exportación,1240.89
2025-06,Norte,CLI-027,VIP (alto volumen / alta frecuencia),Línea Premium,Premium Exportación,962.12
2025-07,Norte,CLI-027,VIP (alto volumen / alta frecuencia),Línea Premium,Premium Exportación,1408.47
2025-08,Norte,CLI-027,VIP (alto volumen / alta frecuencia),Línea Premium,Premium Exportación,1545.41
2025-09,Norte,CLI-027,VIP (alto volumen / alta frecuencia),Línea Premium,Premium Exportación,1394.18
2025-10,Norte,CLI-027,VIP (alto volumen / alta frecuencia),Línea Premium,Premium Exportación,1590.96
2025-12,Norte,CLI-027,VIP (alto volumen / alta frecuencia),Línea Premium,Premium Exportación,1554.54
2026-01,Norte,CLI-027,VIP (alto volumen / alta frecuencia),Línea Premium,Premium Exportación,1308.82
2026-02,Norte,CLI-027,VIP (alto volumen / alta frecuencia),Línea Premium,Premium Exportación,1331.78
2026-03,Norte,CLI-027,VIP (alto volumen / alta frecuencia),Línea Premium,Premium Exportación,1288.36
2026-04,Norte,CLI-027,VIP (alto volumen / alta frecuencia),Línea Premium,Premium Exportación,1654.79
2026-05,Norte,CLI-027,VIP (alto volumen / alta frecuencia),Línea Premium,Premium Exportación,1379.68
2026-06,Norte,CLI-027,VIP (alto volumen / alta frecuencia),Línea Premium,Premium Exportación,1399.64
2026-07,Norte,CLI-027,VIP (alto volumen / alta frecuencia),Línea Premium,Premium Exportación,1572.37
2026-08,Norte,CLI-027,VIP (alto volumen / alta frecuencia),Línea Premium,Premium Exportación,1593.11
2025-01,Norte,CLI-027,VIP (alto volumen / alta frecuencia),Línea Premium,Premium Hogar,1126.69
2025-02,Norte,CLI-027,VIP (alto volumen / alta frecuencia),Línea Premium,Premium Hogar,883.73
2025-04,Norte,CLI-027,VIP (alto volumen / alta frecuencia),Línea Premium,Premium Hogar,1281.96
2025-06,Norte,CLI-027,VIP (alto volumen / alta frecuencia),Línea Premium,Premium Hogar,1219.23
2025-07,Norte,CLI-027,VIP (alto volumen / alta frecuencia),Línea Premium,Premium Hogar,1325.56
2025-08,Norte,CLI-027,VIP (alto volumen / alta frecuencia),Línea Premium,Premium Hogar,1303.25
2025-09,Norte,CLI-027,VIP (alto volumen / alta frecuencia),Línea Premium,Premium Hogar,1033.42
2025-11,Norte,CLI-027,VIP (alto volumen / alta frecuencia),Línea Premium,Premium Hogar,1234.16
2025-12,Norte,CLI-027,VIP (alto volumen / alta frecuencia),Línea Premium,Premium Hogar,1265.07
2026-01,Norte,CLI-027,VIP (alto volumen / alta frecuencia),Línea Premium,Premium Hogar,1141.54
2026-02,Norte,CLI-027,VIP (alto volumen / alta frecuencia),Línea Premium,Premium Hogar,1133.19
2026-03,Norte,CLI-027,VIP (alto volumen / alta frecuencia),Línea Premium,Premium Hogar,1227.63
2026-04,Norte,CLI-027,VIP (alto volumen / alta frecuencia),Línea Premium,Premium Hogar,1395.53
2026-05,Norte,CLI-027,VIP (alto volumen / alta frecuencia),Línea Premium,Premium Hogar,1213.7
2026-08,Norte,CLI-027,VIP (alto volumen / alta frecuencia),Línea Premium,Premium Hogar,985.77
2025-01,Norte,CLI-027,VIP (alto volumen / alta frecuencia),Línea Premium,Premium Oficina,1169.74
2025-02,Norte,CLI-027,VIP (alto volumen / alta frecuencia),Línea Premium,Premium Oficina,1160.84
2025-04,Norte,CLI-027,VIP (alto volumen / alta frecuencia),Línea Premium,Premium Oficina,1070.03
2025-05,Norte,CLI-027,VIP (alto volumen / alta frecuencia),Línea Premium,Premium Oficina,921.0
2025-06,Norte,CLI-027,VIP (alto volumen / alta frecuencia),Línea Premium,Premium Oficina,1152.0
2025-07,Norte,CLI-027,VIP (alto volumen / alta frecuencia),Línea Premium,Premium Oficina,1213.21
2025-08,Norte,CLI-027,VIP (alto volumen / alta frecuencia),Línea Premium,Premium Oficina,1098.47
2025-09,Norte,CLI-027,VIP (alto volumen / alta frecuencia),Línea Premium,Premium Oficina,1200.52
2025-12,Norte,CLI-027,VIP (alto volumen / alta frecuencia),Línea Premium,Premium Oficina,1182.07
2026-01,Norte,CLI-027,VIP (alto volumen / alta frecuencia),Línea Premium,Premium Oficina,1119.36
2026-02,Norte,CLI-027,VIP (alto volumen / alta frecuencia),Línea Premium,Premium Oficina,1282.77
2026-03,Norte,CLI-027,VIP (alto volumen / alta frecuencia),Línea Premium,Premium Oficina,1257.45
2026-04,Norte,CLI-027,VIP (alto volumen / alta frecuencia),Línea Premium,Premium Oficina,1363.42
2026-05,Norte,CLI-027,VIP (alto volumen / alta frecuencia),Línea Premium,Premium Oficina,1351.85
2026-06,Norte,CLI-027,VIP (alto volumen / alta frecuencia),Línea Premium,Premium Oficina,1234.34
2026-08,Norte,CLI-027,VIP (alto volumen / alta frecuencia),Línea Premium,Premium Oficina,1301.94
2025-01,Norte,CLI-027,VIP (alto volumen / alta frecuencia),Servicios postventa,Soporte y Mantenimiento,322.98
2025-02,Norte,CLI-027,VIP (alto volumen / alta frecuencia),Servicios postventa,Soporte y Mantenimiento,320.38
2025-03,Norte,CLI-027,VIP (alto volumen / alta frecuencia),Servicios postventa,Soporte y Mantenimiento,371.56
2025-04,Norte,CLI-027,VIP (alto volumen / alta frecuencia),Servicios postventa,Soporte y Mantenimiento,322.49
2025-05,Norte,CLI-027,VIP (alto volumen / alta frecuencia),Servicios postventa,Soporte y Mantenimiento,356.95
2025-06,Norte,CLI-027,VIP (alto volumen / alta frecuencia),Servicios postventa,Soporte y Mantenimiento,356.69
2025-08,Norte,CLI-027,VIP (alto volumen / alta frecuencia),Servicios postventa,Soporte y Mantenimiento,346.87
2025-09,Norte,CLI-027,VIP (alto volumen / alta frecuencia),Servicios postventa,Soporte y Mantenimiento,337.48
2025-10,Norte,CLI-027,VIP (alto volumen / alta frecuencia),Servicios postventa,Soporte y Mantenimiento,418.32
2025-11,Norte,CLI-027,VIP (alto volumen / alta frecuencia),Servicios postventa,Soporte y Mantenimiento,378.6
2026-01,Norte,CLI-027,VIP (alto volumen / alta frecuencia),Servicios postventa,Soporte y Mantenimiento,410.68
2026-02,Norte,CLI-027,VIP (alto volumen / alta frecuencia),Servicios postventa,Soporte y Mantenimiento,338.81
2026-03,Norte,CLI-027,VIP (alto volumen / alta frecuencia),Servicios postventa,Soporte y Mantenimiento,375.69
2026-04,Norte,CLI-027,VIP (alto volumen / alta frecuencia),Servicios postventa,Soporte y Mantenimiento,492.91
2026-05,Norte,CLI-027,VIP (alto volumen / alta frecuencia),Servicios postventa,Soporte y Mantenimiento,461.36
2026-07,Norte,CLI-027,VIP (alto volumen / alta frecuencia),Servicios postventa,Soporte y Mantenimiento,478.11
2026-08,Norte,CLI-027,VIP (alto volumen / alta frecuencia),Servicios postventa,Soporte y Mantenimiento,439.63
2025-01,Norte,CLI-027,VIP (alto volumen / alta frecuencia),Línea Estándar,Estándar Retail,693.46
2025-02,Norte,CLI-027,VIP (alto volumen / alta frecuencia),Línea Estándar,Estándar Retail,849.04
2025-03,Norte,CLI-027,VIP (alto volumen / alta frecuencia),Línea Estándar,Estándar Retail,768.88
2025-04,Norte,CLI-027,VIP (alto volumen / alta frecuencia),Línea Estándar,Estándar Retail,927.63
2025-05,Norte,CLI-027,VIP (alto volumen / alta frecuencia),Línea Estándar,Estándar Retail,892.36
2025-06,Norte,CLI-027,VIP (alto volumen / alta frecuencia),Línea Estándar,Estándar Retail,931.32
2025-07,Norte,CLI-027,VIP (alto volumen / alta frecuencia),Línea Estándar,Estándar Retail,830.65
2025-08,Norte,CLI-027,VIP (alto volumen / alta frecuencia),Línea Estándar,Estándar Retail,822.14
2025-09,Norte,CLI-027,VIP (alto volumen / alta frecuencia),Línea Estándar,Estándar Retail,1038.09
2025-10,Norte,CLI-027,VIP (alto volumen / alta frecuencia),Línea Estándar,Estándar Retail,865.31
2025-11,Norte,CLI-027,VIP (alto volumen / alta frecuencia),Línea Estándar,Estándar Retail,853.98
2025-12,Norte,CLI-027,VIP (alto volumen / alta frecuencia),Línea Estándar,Estándar Retail,985.01
2026-01,Norte,CLI-027,VIP (alto volumen / alta frecuencia),Línea Estándar,Estándar Retail,1137.97
2026-02,Norte,CLI-027,VIP (alto volumen / alta frecuencia),Línea Estándar,Estándar Retail,1076.6
2026-03,Norte,CLI-027,VIP (alto volumen / alta frecuencia),Línea Estándar,Estándar Retail,975.44
2026-04,Norte,CLI-027,VIP (alto volumen / alta frecuencia),Línea Estándar,Estándar Retail,794.3
2026-05,Norte,CLI-027,VIP (alto volumen / alta frecuencia),Línea Estándar,Estándar Retail,885.91
2026-06,Norte,CLI-027,VIP (alto volumen / alta frecuencia),Línea Estándar,Estándar Retail,959.73
2026-07,Norte,CLI-027,VIP (alto volumen / alta frecuencia),Línea Estándar,Estándar Retail,1091.34
2026-08,Norte,CLI-027,VIP (alto volumen / alta frecuencia),Línea Estándar,Estándar Retail,1034.0
2025-01,Norte,CLI-028,Recurrente (bajo volumen / alta frecuencia),Línea Premium,Premium Oficina,345.57
2025-02,Norte,CLI-028,Recurrente (bajo volumen / alta frecuencia),Línea Premium,Premium Oficina,354.42
2025-03,Norte,CLI-028,Recurrente (bajo volumen / alta frecuencia),Línea Premium,Premium Oficina,317.57
2025-04,Norte,CLI-028,Recurrente (bajo volumen / alta frecuencia),Línea Premium,Premium Oficina,280.81
2025-06,Norte,CLI-028,Recurrente (bajo volumen / alta frecuencia),Línea Premium,Premium Oficina,355.43
2025-07,Norte,CLI-028,Recurrente (bajo volumen / alta frecuencia),Línea Premium,Premium Oficina,342.4
2025-08,Norte,CLI-028,Recurrente (bajo volumen / alta frecuencia),Línea Premium,Premium Oficina,412.38
2025-12,Norte,CLI-028,Recurrente (bajo volumen / alta frecuencia),Línea Premium,Premium Oficina,259.0
2026-01,Norte,CLI-028,Recurrente (bajo volumen / alta frecuencia),Línea Premium,Premium Oficina,350.79
2026-02,Norte,CLI-028,Recurrente (bajo volumen / alta frecuencia),Línea Premium,Premium Oficina,315.97
2026-03,Norte,CLI-028,Recurrente (bajo volumen / alta frecuencia),Línea Premium,Premium Oficina,314.83
2026-04,Norte,CLI-028,Recurrente (bajo volumen / alta frecuencia),Línea Premium,Premium Oficina,347.11
2026-05,Norte,CLI-028,Recurrente (bajo volumen / alta frecuencia),Línea Premium,Premium Oficina,275.27
2026-06,Norte,CLI-028,Recurrente (bajo volumen / alta frecuencia),Línea Premium,Premium Oficina,374.69
2026-07,Norte,CLI-028,Recurrente (bajo volumen / alta frecuencia),Línea Premium,Premium Oficina,429.26
2026-08,Norte,CLI-028,Recurrente (bajo volumen / alta frecuencia),Línea Premium,Premium Oficina,357.01
2025-01,Norte,CLI-028,Recurrente (bajo volumen / alta frecuencia),Línea Estándar,Estándar Retail,308.17
2025-02,Norte,CLI-028,Recurrente (bajo volumen / alta frecuencia),Línea Estándar,Estándar Retail,309.2
2025-03,Norte,CLI-028,Recurrente (bajo volumen / alta frecuencia),Línea Estándar,Estándar Retail,310.76
2025-04,Norte,CLI-028,Recurrente (bajo volumen / alta frecuencia),Línea Estándar,Estándar Retail,307.98
2025-05,Norte,CLI-028,Recurrente (bajo volumen / alta frecuencia),Línea Estándar,Estándar Retail,260.14
2025-08,Norte,CLI-028,Recurrente (bajo volumen / alta frecuencia),Línea Estándar,Estándar Retail,252.63
2025-09,Norte,CLI-028,Recurrente (bajo volumen / alta frecuencia),Línea Estándar,Estándar Retail,296.96
2025-10,Norte,CLI-028,Recurrente (bajo volumen / alta frecuencia),Línea Estándar,Estándar Retail,339.66
2025-11,Norte,CLI-028,Recurrente (bajo volumen / alta frecuencia),Línea Estándar,Estándar Retail,302.36
2025-12,Norte,CLI-028,Recurrente (bajo volumen / alta frecuencia),Línea Estándar,Estándar Retail,284.23
2026-02,Norte,CLI-028,Recurrente (bajo volumen / alta frecuencia),Línea Estándar,Estándar Retail,296.53
2026-05,Norte,CLI-028,Recurrente (bajo volumen / alta frecuencia),Línea Estándar,Estándar Retail,298.71
2026-06,Norte,CLI-028,Recurrente (bajo volumen / alta frecuencia),Línea Estándar,Estándar Retail,250.5
2025-03,Norte,CLI-028,Recurrente (bajo volumen / alta frecuencia),Línea Estándar,Estándar Mayoreo,303.94
2025-04,Norte,CLI-028,Recurrente (bajo volumen / alta frecuencia),Línea Estándar,Estándar Mayoreo,289.16
2025-05,Norte,CLI-028,Recurrente (bajo volumen / alta frecuencia),Línea Estándar,Estándar Mayoreo,301.76
2025-06,Norte,CLI-028,Recurrente (bajo volumen / alta frecuencia),Línea Estándar,Estándar Mayoreo,288.95
2025-07,Norte,CLI-028,Recurrente (bajo volumen / alta frecuencia),Línea Estándar,Estándar Mayoreo,389.5
2025-08,Norte,CLI-028,Recurrente (bajo volumen / alta frecuencia),Línea Estándar,Estándar Mayoreo,232.99
2025-09,Norte,CLI-028,Recurrente (bajo volumen / alta frecuencia),Línea Estándar,Estándar Mayoreo,269.2
2025-10,Norte,CLI-028,Recurrente (bajo volumen / alta frecuencia),Línea Estándar,Estándar Mayoreo,270.18
2025-11,Norte,CLI-028,Recurrente (bajo volumen / alta frecuencia),Línea Estándar,Estándar Mayoreo,383.89
2025-12,Norte,CLI-028,Recurrente (bajo volumen / alta frecuencia),Línea Estándar,Estándar Mayoreo,307.52
2026-01,Norte,CLI-028,Recurrente (bajo volumen / alta frecuencia),Línea Estándar,Estándar Mayoreo,343.0
2026-03,Norte,CLI-028,Recurrente (bajo volumen / alta frecuencia),Línea Estándar,Estándar Mayoreo,321.45
2026-04,Norte,CLI-028,Recurrente (bajo volumen / alta frecuencia),Línea Estándar,Estándar Mayoreo,269.3
2026-05,Norte,CLI-028,Recurrente (bajo volumen / alta frecuencia),Línea Estándar,Estándar Mayoreo,330.33
2026-07,Norte,CLI-028,Recurrente (bajo volumen / alta frecuencia),Línea Estándar,Estándar Mayoreo,232.9
2025-02,Norte,CLI-028,Recurrente (bajo volumen / alta frecuencia),Línea Económica,Económica Promocional,154.59
2025-04,Norte,CLI-028,Recurrente (bajo volumen / alta frecuencia),Línea Económica,Económica Promocional,148.75
2025-05,Norte,CLI-028,Recurrente (bajo volumen / alta frecuencia),Línea Económica,Económica Promocional,195.34
2025-06,Norte,CLI-028,Recurrente (bajo volumen / alta frecuencia),Línea Económica,Económica Promocional,157.84
2025-07,Norte,CLI-028,Recurrente (bajo volumen / alta frecuencia),Línea Económica,Económica Promocional,172.81
2025-09,Norte,CLI-028,Recurrente (bajo volumen / alta frecuencia),Línea Económica,Económica Promocional,154.3
2025-10,Norte,CLI-028,Recurrente (bajo volumen / alta frecuencia),Línea Económica,Económica Promocional,144.54
2025-11,Norte,CLI-028,Recurrente (bajo volumen / alta frecuencia),Línea Económica,Económica Promocional,175.38
2025-12,Norte,CLI-028,Recurrente (bajo volumen / alta frecuencia),Línea Económica,Económica Promocional,190.87
2026-01,Norte,CLI-028,Recurrente (bajo volumen / alta frecuencia),Línea Económica,Económica Promocional,122.98
2026-05,Norte,CLI-028,Recurrente (bajo volumen / alta frecuencia),Línea Económica,Económica Promocional,156.44
2026-06,Norte,CLI-028,Recurrente (bajo volumen / alta frecuencia),Línea Económica,Económica Promocional,183.87
2026-07,Norte,CLI-028,Recurrente (bajo volumen / alta frecuencia),Línea Económica,Económica Promocional,137.28
2026-08,Norte,CLI-028,Recurrente (bajo volumen / alta frecuencia),Línea Económica,Económica Promocional,141.13
2025-03,Norte,CLI-028,Recurrente (bajo volumen / alta frecuencia),Línea Económica,Económica Básica,215.6
2025-05,Norte,CLI-028,Recurrente (bajo volumen / alta frecuencia),Línea Económica,Económica Básica,170.02
2025-06,Norte,CLI-028,Recurrente (bajo volumen / alta frecuencia),Línea Económica,Económica Básica,210.72
2025-08,Norte,CLI-028,Recurrente (bajo volumen / alta frecuencia),Línea Económica,Económica Básica,210.78
2025-09,Norte,CLI-028,Recurrente (bajo volumen / alta frecuencia),Línea Económica,Económica Básica,156.32
2025-10,Norte,CLI-028,Recurrente (bajo volumen / alta frecuencia),Línea Económica,Económica Básica,183.21
2025-11,Norte,CLI-028,Recurrente (bajo volumen / alta frecuencia),Línea Económica,Económica Básica,190.87
2026-01,Norte,CLI-028,Recurrente (bajo volumen / alta frecuencia),Línea Económica,Económica Básica,185.9
2026-02,Norte,CLI-028,Recurrente (bajo volumen / alta frecuencia),Línea Económica,Económica Básica,198.0
2026-03,Norte,CLI-028,Recurrente (bajo volumen / alta frecuencia),Línea Económica,Económica Básica,203.69
2026-04,Norte,CLI-028,Recurrente (bajo volumen / alta frecuencia),Línea Económica,Económica Básica,207.0
2026-05,Norte,CLI-028,Recurrente (bajo volumen / alta frecuencia),Línea Económica,Económica Básica,177.56
2026-06,Norte,CLI-028,Recurrente (bajo volumen / alta frecuencia),Línea Económica,Económica Básica,245.56
2026-07,Norte,CLI-028,Recurrente (bajo volumen / alta frecuencia),Línea Económica,Económica Básica,164.09
2026-08,Norte,CLI-028,Recurrente (bajo volumen / alta frecuencia),Línea Económica,Económica Básica,168.25
2025-01,Norte,CLI-028,Recurrente (bajo volumen / alta frecuencia),Línea Premium,Premium Hogar,499.5
2025-02,Norte,CLI-028,Recurrente (bajo volumen / alta frecuencia),Línea Premium,Premium Hogar,439.55
2025-03,Norte,CLI-028,Recurrente (bajo volumen / alta frecuencia),Línea Premium,Premium Hogar,337.16
2025-04,Norte,CLI-028,Recurrente (bajo volumen / alta frecuencia),Línea Premium,Premium Hogar,361.17
2025-05,Norte,CLI-028,Recurrente (bajo volumen / alta frecuencia),Línea Premium,Premium Hogar,407.96
2025-06,Norte,CLI-028,Recurrente (bajo volumen / alta frecuencia),Línea Premium,Premium Hogar,442.99
2025-07,Norte,CLI-028,Recurrente (bajo volumen / alta frecuencia),Línea Premium,Premium Hogar,446.7
2025-08,Norte,CLI-028,Recurrente (bajo volumen / alta frecuencia),Línea Premium,Premium Hogar,367.99
2025-09,Norte,CLI-028,Recurrente (bajo volumen / alta frecuencia),Línea Premium,Premium Hogar,384.92
2025-10,Norte,CLI-028,Recurrente (bajo volumen / alta frecuencia),Línea Premium,Premium Hogar,389.37
2025-12,Norte,CLI-028,Recurrente (bajo volumen / alta frecuencia),Línea Premium,Premium Hogar,360.67
2026-01,Norte,CLI-028,Recurrente (bajo volumen / alta frecuencia),Línea Premium,Premium Hogar,439.99
2026-02,Norte,CLI-028,Recurrente (bajo volumen / alta frecuencia),Línea Premium,Premium Hogar,484.25
2026-04,Norte,CLI-028,Recurrente (bajo volumen / alta frecuencia),Línea Premium,Premium Hogar,389.7
2026-05,Norte,CLI-028,Recurrente (bajo volumen / alta frecuencia),Línea Premium,Premium Hogar,622.94
2026-06,Norte,CLI-028,Recurrente (bajo volumen / alta frecuencia),Línea Premium,Premium Hogar,588.08
2025-01,Occidente,CLI-029,Recurrente (bajo volumen / alta frecuencia),Línea Estándar,Estándar Retail,275.33
2025-02,Occidente,CLI-029,Recurrente (bajo volumen / alta frecuencia),Línea Estándar,Estándar Retail,338.4
2025-03,Occidente,CLI-029,Recurrente (bajo volumen / alta frecuencia),Línea Estándar,Estándar Retail,255.33
2025-05,Occidente,CLI-029,Recurrente (bajo volumen / alta frecuencia),Línea Estándar,Estándar Retail,329.71
2025-06,Occidente,CLI-029,Recurrente (bajo volumen / alta frecuencia),Línea Estándar,Estándar Retail,372.72
2025-08,Occidente,CLI-029,Recurrente (bajo volumen / alta frecuencia),Línea Estándar,Estándar Retail,285.51
2025-09,Occidente,CLI-029,Recurrente (bajo volumen / alta frecuencia),Línea Estándar,Estándar Retail,365.13
2025-10,Occidente,CLI-029,Recurrente (bajo volumen / alta frecuencia),Línea Estándar,Estándar Retail,225.06
2025-12,Occidente,CLI-029,Recurrente (bajo volumen / alta frecuencia),Línea Estándar,Estándar Retail,328.9
2026-03,Occidente,CLI-029,Recurrente (bajo volumen / alta frecuencia),Línea Estándar,Estándar Retail,300.4
2026-05,Occidente,CLI-029,Recurrente (bajo volumen / alta frecuencia),Línea Estándar,Estándar Retail,267.95
2026-06,Occidente,CLI-029,Recurrente (bajo volumen / alta frecuencia),Línea Estándar,Estándar Retail,314.83
2026-07,Occidente,CLI-029,Recurrente (bajo volumen / alta frecuencia),Línea Estándar,Estándar Retail,267.56
2026-08,Occidente,CLI-029,Recurrente (bajo volumen / alta frecuencia),Línea Estándar,Estándar Retail,238.12
2025-01,Occidente,CLI-029,Recurrente (bajo volumen / alta frecuencia),Línea Económica,Económica Promocional,189.75
2025-02,Occidente,CLI-029,Recurrente (bajo volumen / alta frecuencia),Línea Económica,Económica Promocional,170.94
2025-06,Occidente,CLI-029,Recurrente (bajo volumen / alta frecuencia),Línea Económica,Económica Promocional,176.37
2025-07,Occidente,CLI-029,Recurrente (bajo volumen / alta frecuencia),Línea Económica,Económica Promocional,186.0
2025-08,Occidente,CLI-029,Recurrente (bajo volumen / alta frecuencia),Línea Económica,Económica Promocional,199.33
2025-09,Occidente,CLI-029,Recurrente (bajo volumen / alta frecuencia),Línea Económica,Económica Promocional,188.33
2025-10,Occidente,CLI-029,Recurrente (bajo volumen / alta frecuencia),Línea Económica,Económica Promocional,227.31
2025-11,Occidente,CLI-029,Recurrente (bajo volumen / alta frecuencia),Línea Económica,Económica Promocional,175.56
2025-12,Occidente,CLI-029,Recurrente (bajo volumen / alta frecuencia),Línea Económica,Económica Promocional,156.76
2026-01,Occidente,CLI-029,Recurrente (bajo volumen / alta frecuencia),Línea Económica,Económica Promocional,197.96
2026-02,Occidente,CLI-029,Recurrente (bajo volumen / alta frecuencia),Línea Económica,Económica Promocional,166.49
2026-04,Occidente,CLI-029,Recurrente (bajo volumen / alta frecuencia),Línea Económica,Económica Promocional,183.0
2026-05,Occidente,CLI-029,Recurrente (bajo volumen / alta frecuencia),Línea Económica,Económica Promocional,171.12
2026-08,Occidente,CLI-029,Recurrente (bajo volumen / alta frecuencia),Línea Económica,Económica Promocional,168.24
2025-01,Occidente,CLI-029,Recurrente (bajo volumen / alta frecuencia),Línea Estándar,Estándar Mayoreo,383.42
2025-02,Occidente,CLI-029,Recurrente (bajo volumen / alta frecuencia),Línea Estándar,Estándar Mayoreo,393.79
2025-05,Occidente,CLI-029,Recurrente (bajo volumen / alta frecuencia),Línea Estándar,Estándar Mayoreo,419.69
2025-06,Occidente,CLI-029,Recurrente (bajo volumen / alta frecuencia),Línea Estándar,Estándar Mayoreo,359.95
2025-07,Occidente,CLI-029,Recurrente (bajo volumen / alta frecuencia),Línea Estándar,Estándar Mayoreo,363.83
2025-08,Occidente,CLI-029,Recurrente (bajo volumen / alta frecuencia),Línea Estándar,Estándar Mayoreo,397.45
2025-09,Occidente,CLI-029,Recurrente (bajo volumen / alta frecuencia),Línea Estándar,Estándar Mayoreo,303.24
2025-10,Occidente,CLI-029,Recurrente (bajo volumen / alta frecuencia),Línea Estándar,Estándar Mayoreo,270.32
2025-11,Occidente,CLI-029,Recurrente (bajo volumen / alta frecuencia),Línea Estándar,Estándar Mayoreo,329.78
2025-12,Occidente,CLI-029,Recurrente (bajo volumen / alta frecuencia),Línea Estándar,Estándar Mayoreo,345.84
2026-02,Occidente,CLI-029,Recurrente (bajo volumen / alta frecuencia),Línea Estándar,Estándar Mayoreo,278.96
2026-03,Occidente,CLI-029,Recurrente (bajo volumen / alta frecuencia),Línea Estándar,Estándar Mayoreo,372.37
2026-04,Occidente,CLI-029,Recurrente (bajo volumen / alta frecuencia),Línea Estándar,Estándar Mayoreo,369.48
2026-05,Occidente,CLI-029,Recurrente (bajo volumen / alta frecuencia),Línea Estándar,Estándar Mayoreo,362.36
2026-06,Occidente,CLI-029,Recurrente (bajo volumen / alta frecuencia),Línea Estándar,Estándar Mayoreo,381.98
2026-08,Occidente,CLI-029,Recurrente (bajo volumen / alta frecuencia),Línea Estándar,Estándar Mayoreo,214.35
2025-01,Occidente,CLI-029,Recurrente (bajo volumen / alta frecuencia),Línea Económica,Económica Básica,215.34
2025-02,Occidente,CLI-029,Recurrente (bajo volumen / alta frecuencia),Línea Económica,Económica Básica,227.13
2025-03,Occidente,CLI-029,Recurrente (bajo volumen / alta frecuencia),Línea Económica,Económica Básica,263.86
2025-04,Occidente,CLI-029,Recurrente (bajo volumen / alta frecuencia),Línea Económica,Económica Básica,258.43
2025-06,Occidente,CLI-029,Recurrente (bajo volumen / alta frecuencia),Línea Económica,Económica Básica,165.54
2025-07,Occidente,CLI-029,Recurrente (bajo volumen / alta frecuencia),Línea Económica,Económica Básica,240.71
2025-09,Occidente,CLI-029,Recurrente (bajo volumen / alta frecuencia),Línea Económica,Económica Básica,203.76
2025-10,Occidente,CLI-029,Recurrente (bajo volumen / alta frecuencia),Línea Económica,Económica Básica,189.98
2025-12,Occidente,CLI-029,Recurrente (bajo volumen / alta frecuencia),Línea Económica,Económica Básica,244.98
2026-01,Occidente,CLI-029,Recurrente (bajo volumen / alta frecuencia),Línea Económica,Económica Básica,191.85
2026-02,Occidente,CLI-029,Recurrente (bajo volumen / alta frecuencia),Línea Económica,Económica Básica,211.7
2026-03,Occidente,CLI-029,Recurrente (bajo volumen / alta frecuencia),Línea Económica,Económica Básica,211.57
2026-04,Occidente,CLI-029,Recurrente (bajo volumen / alta frecuencia),Línea Económica,Económica Básica,198.85
2026-05,Occidente,CLI-029,Recurrente (bajo volumen / alta frecuencia),Línea Económica,Económica Básica,221.72
2026-06,Occidente,CLI-029,Recurrente (bajo volumen / alta frecuencia),Línea Económica,Económica Básica,212.25
2026-07,Occidente,CLI-029,Recurrente (bajo volumen / alta frecuencia),Línea Económica,Económica Básica,205.34
2026-08,Occidente,CLI-029,Recurrente (bajo volumen / alta frecuencia),Línea Económica,Económica Básica,175.55
2025-01,Occidente,CLI-029,Recurrente (bajo volumen / alta frecuencia),Servicios postventa,Soporte y Mantenimiento,130.08
2025-02,Occidente,CLI-029,Recurrente (bajo volumen / alta frecuencia),Servicios postventa,Soporte y Mantenimiento,140.61
2025-03,Occidente,CLI-029,Recurrente (bajo volumen / alta frecuencia),Servicios postventa,Soporte y Mantenimiento,132.75
2025-04,Occidente,CLI-029,Recurrente (bajo volumen / alta frecuencia),Servicios postventa,Soporte y Mantenimiento,128.4
2025-05,Occidente,CLI-029,Recurrente (bajo volumen / alta frecuencia),Servicios postventa,Soporte y Mantenimiento,134.86
2025-07,Occidente,CLI-029,Recurrente (bajo volumen / alta frecuencia),Servicios postventa,Soporte y Mantenimiento,132.84
2025-08,Occidente,CLI-029,Recurrente (bajo volumen / alta frecuencia),Servicios postventa,Soporte y Mantenimiento,144.35
2025-09,Occidente,CLI-029,Recurrente (bajo volumen / alta frecuencia),Servicios postventa,Soporte y Mantenimiento,135.29
2025-11,Occidente,CLI-029,Recurrente (bajo volumen / alta frecuencia),Servicios postventa,Soporte y Mantenimiento,130.99
2025-12,Occidente,CLI-029,Recurrente (bajo volumen / alta frecuencia),Servicios postventa,Soporte y Mantenimiento,159.8
2026-03,Occidente,CLI-029,Recurrente (bajo volumen / alta frecuencia),Servicios postventa,Soporte y Mantenimiento,145.34
2026-05,Occidente,CLI-029,Recurrente (bajo volumen / alta frecuencia),Servicios postventa,Soporte y Mantenimiento,175.18
2026-06,Occidente,CLI-029,Recurrente (bajo volumen / alta frecuencia),Servicios postventa,Soporte y Mantenimiento,143.72
2026-07,Occidente,CLI-029,Recurrente (bajo volumen / alta frecuencia),Servicios postventa,Soporte y Mantenimiento,182.33
2026-08,Occidente,CLI-029,Recurrente (bajo volumen / alta frecuencia),Servicios postventa,Soporte y Mantenimiento,171.49
2025-05,Norte,CLI-030,Ocasional (alto volumen / baja frecuencia),Línea Premium,Premium Exportación,1383.79
2025-06,Norte,CLI-030,Ocasional (alto volumen / baja frecuencia),Línea Premium,Premium Exportación,1163.32
2025-08,Norte,CLI-030,Ocasional (alto volumen / baja frecuencia),Línea Premium,Premium Exportación,1125.43
2025-11,Norte,CLI-030,Ocasional (alto volumen / baja frecuencia),Línea Premium,Premium Exportación,1370.42
2025-12,Norte,CLI-030,Ocasional (alto volumen / baja frecuencia),Línea Premium,Premium Exportación,1130.84
2026-02,Norte,CLI-030,Ocasional (alto volumen / baja frecuencia),Línea Premium,Premium Exportación,1133.86
2026-03,Norte,CLI-030,Ocasional (alto volumen / baja frecuencia),Línea Premium,Premium Exportación,1103.52
2026-04,Norte,CLI-030,Ocasional (alto volumen / baja frecuencia),Línea Premium,Premium Exportación,1143.45
2026-06,Norte,CLI-030,Ocasional (alto volumen / baja frecuencia),Línea Premium,Premium Exportación,1243.92
2026-08,Norte,CLI-030,Ocasional (alto volumen / baja frecuencia),Línea Premium,Premium Exportación,1288.21
2025-07,Norte,CLI-030,Ocasional (alto volumen / baja frecuencia),Línea Estándar,Estándar Mayoreo,972.61
2025-11,Norte,CLI-030,Ocasional (alto volumen / baja frecuencia),Línea Estándar,Estándar Mayoreo,907.28
2026-02,Norte,CLI-030,Ocasional (alto volumen / baja frecuencia),Línea Estándar,Estándar Mayoreo,1236.61
2026-03,Norte,CLI-030,Ocasional (alto volumen / baja frecuencia),Línea Estándar,Estándar Mayoreo,984.52
2026-06,Norte,CLI-030,Ocasional (alto volumen / baja frecuencia),Línea Estándar,Estándar Mayoreo,993.77
2025-02,Sureste,CLI-031,Recurrente (bajo volumen / alta frecuencia),Línea Estándar,Estándar Retail,227.02
2025-03,Sureste,CLI-031,Recurrente (bajo volumen / alta frecuencia),Línea Estándar,Estándar Retail,330.9
2025-04,Sureste,CLI-031,Recurrente (bajo volumen / alta frecuencia),Línea Estándar,Estándar Retail,300.74
2025-05,Sureste,CLI-031,Recurrente (bajo volumen / alta frecuencia),Línea Estándar,Estándar Retail,298.81
2025-07,Sureste,CLI-031,Recurrente (bajo volumen / alta frecuencia),Línea Estándar,Estándar Retail,294.71
2025-08,Sureste,CLI-031,Recurrente (bajo volumen / alta frecuencia),Línea Estándar,Estándar Retail,304.35
2025-09,Sureste,CLI-031,Recurrente (bajo volumen / alta frecuencia),Línea Estándar,Estándar Retail,309.98
2025-11,Sureste,CLI-031,Recurrente (bajo volumen / alta frecuencia),Línea Estándar,Estándar Retail,293.56
2025-12,Sureste,CLI-031,Recurrente (bajo volumen / alta frecuencia),Línea Estándar,Estándar Retail,231.16
2026-02,Sureste,CLI-031,Recurrente (bajo volumen / alta frecuencia),Línea Estándar,Estándar Retail,258.2
2026-03,Sureste,CLI-031,Recurrente (bajo volumen / alta frecuencia),Línea Estándar,Estándar Retail,326.61
2026-04,Sureste,CLI-031,Recurrente (bajo volumen / alta frecuencia),Línea Estándar,Estándar Retail,342.77
2026-05,Sureste,CLI-031,Recurrente (bajo volumen / alta frecuencia),Línea Estándar,Estándar Retail,340.02
2026-06,Sureste,CLI-031,Recurrente (bajo volumen / alta frecuencia),Línea Estándar,Estándar Retail,312.97
2026-07,Sureste,CLI-031,Recurrente (bajo volumen / alta frecuencia),Línea Estándar,Estándar Retail,297.27
2026-08,Sureste,CLI-031,Recurrente (bajo volumen / alta frecuencia),Línea Estándar,Estándar Retail,294.69
2025-01,Sureste,CLI-031,Recurrente (bajo volumen / alta frecuencia),Línea Premium,Premium Hogar,384.33
2025-02,Sureste,CLI-031,Recurrente (bajo volumen / alta frecuencia),Línea Premium,Premium Hogar,464.56
2025-05,Sureste,CLI-031,Recurrente (bajo volumen / alta frecuencia),Línea Premium,Premium Hogar,430.78
2025-06,Sureste,CLI-031,Recurrente (bajo volumen / alta frecuencia),Línea Premium,Premium Hogar,505.12
2025-07,Sureste,CLI-031,Recurrente (bajo volumen / alta frecuencia),Línea Premium,Premium Hogar,440.48
2025-08,Sureste,CLI-031,Recurrente (bajo volumen / alta frecuencia),Línea Premium,Premium Hogar,492.54
2025-09,Sureste,CLI-031,Recurrente (bajo volumen / alta frecuencia),Línea Premium,Premium Hogar,449.81
2025-10,Sureste,CLI-031,Recurrente (bajo volumen / alta frecuencia),Línea Premium,Premium Hogar,424.46
2025-11,Sureste,CLI-031,Recurrente (bajo volumen / alta frecuencia),Línea Premium,Premium Hogar,516.03
2025-12,Sureste,CLI-031,Recurrente (bajo volumen / alta frecuencia),Línea Premium,Premium Hogar,477.99
2026-01,Sureste,CLI-031,Recurrente (bajo volumen / alta frecuencia),Línea Premium,Premium Hogar,429.23
2026-03,Sureste,CLI-031,Recurrente (bajo volumen / alta frecuencia),Línea Premium,Premium Hogar,531.8
2026-04,Sureste,CLI-031,Recurrente (bajo volumen / alta frecuencia),Línea Premium,Premium Hogar,616.36
2026-05,Sureste,CLI-031,Recurrente (bajo volumen / alta frecuencia),Línea Premium,Premium Hogar,712.64
2026-06,Sureste,CLI-031,Recurrente (bajo volumen / alta frecuencia),Línea Premium,Premium Hogar,424.53
2026-07,Sureste,CLI-031,Recurrente (bajo volumen / alta frecuencia),Línea Premium,Premium Hogar,450.15
2026-08,Sureste,CLI-031,Recurrente (bajo volumen / alta frecuencia),Línea Premium,Premium Hogar,590.95
2025-02,Sureste,CLI-031,Recurrente (bajo volumen / alta frecuencia),Línea Económica,Económica Básica,193.78
2025-03,Sureste,CLI-031,Recurrente (bajo volumen / alta frecuencia),Línea Económica,Económica Básica,195.93
2025-04,Sureste,CLI-031,Recurrente (bajo volumen / alta frecuencia),Línea Económica,Económica Básica,216.45
2025-05,Sureste,CLI-031,Recurrente (bajo volumen / alta frecuencia),Línea Económica,Económica Básica,192.52
2025-06,Sureste,CLI-031,Recurrente (bajo volumen / alta frecuencia),Línea Económica,Económica Básica,176.09
2025-07,Sureste,CLI-031,Recurrente (bajo volumen / alta frecuencia),Línea Económica,Económica Básica,194.38
2025-08,Sureste,CLI-031,Recurrente (bajo volumen / alta frecuencia),Línea Económica,Económica Básica,238.09
2025-09,Sureste,CLI-031,Recurrente (bajo volumen / alta frecuencia),Línea Económica,Económica Básica,147.28
2025-10,Sureste,CLI-031,Recurrente (bajo volumen / alta frecuencia),Línea Económica,Económica Básica,183.22
2025-11,Sureste,CLI-031,Recurrente (bajo volumen / alta frecuencia),Línea Económica,Económica Básica,204.99
2025-12,Sureste,CLI-031,Recurrente (bajo volumen / alta frecuencia),Línea Económica,Económica Básica,182.75
2026-01,Sureste,CLI-031,Recurrente (bajo volumen / alta frecuencia),Línea Económica,Económica Básica,238.54
2026-02,Sureste,CLI-031,Recurrente (bajo volumen / alta frecuencia),Línea Económica,Económica Básica,248.32
2026-04,Sureste,CLI-031,Recurrente (bajo volumen / alta frecuencia),Línea Económica,Económica Básica,202.76
2026-05,Sureste,CLI-031,Recurrente (bajo volumen / alta frecuencia),Línea Económica,Económica Básica,193.08
2026-07,Sureste,CLI-031,Recurrente (bajo volumen / alta frecuencia),Línea Económica,Económica Básica,215.16
2025-03,Sureste,CLI-031,Recurrente (bajo volumen / alta frecuencia),Línea Económica,Económica Promocional,194.21
2025-04,Sureste,CLI-031,Recurrente (bajo volumen / alta frecuencia),Línea Económica,Económica Promocional,140.36
2025-06,Sureste,CLI-031,Recurrente (bajo volumen / alta frecuencia),Línea Económica,Económica Promocional,216.54
2025-07,Sureste,CLI-031,Recurrente (bajo volumen / alta frecuencia),Línea Económica,Económica Promocional,196.01
2025-09,Sureste,CLI-031,Recurrente (bajo volumen / alta frecuencia),Línea Económica,Económica Promocional,226.52
2025-11,Sureste,CLI-031,Recurrente (bajo volumen / alta frecuencia),Línea Económica,Económica Promocional,165.71
2026-01,Sureste,CLI-031,Recurrente (bajo volumen / alta frecuencia),Línea Económica,Económica Promocional,201.53
2026-03,Sureste,CLI-031,Recurrente (bajo volumen / alta frecuencia),Línea Económica,Económica Promocional,164.0
2026-05,Sureste,CLI-031,Recurrente (bajo volumen / alta frecuencia),Línea Económica,Económica Promocional,184.76
2026-06,Sureste,CLI-031,Recurrente (bajo volumen / alta frecuencia),Línea Económica,Económica Promocional,205.71
2026-07,Sureste,CLI-031,Recurrente (bajo volumen / alta frecuencia),Línea Económica,Económica Promocional,152.4
2026-08,Sureste,CLI-031,Recurrente (bajo volumen / alta frecuencia),Línea Económica,Económica Promocional,182.99
2025-01,Occidente,CLI-032,Recurrente (bajo volumen / alta frecuencia),Línea Premium,Premium Exportación,382.94
2025-02,Occidente,CLI-032,Recurrente (bajo volumen / alta frecuencia),Línea Premium,Premium Exportación,374.73
2025-04,Occidente,CLI-032,Recurrente (bajo volumen / alta frecuencia),Línea Premium,Premium Exportación,380.93
2025-05,Occidente,CLI-032,Recurrente (bajo volumen / alta frecuencia),Línea Premium,Premium Exportación,295.25
2025-07,Occidente,CLI-032,Recurrente (bajo volumen / alta frecuencia),Línea Premium,Premium Exportación,386.46
2025-08,Occidente,CLI-032,Recurrente (bajo volumen / alta frecuencia),Línea Premium,Premium Exportación,402.4
2025-09,Occidente,CLI-032,Recurrente (bajo volumen / alta frecuencia),Línea Premium,Premium Exportación,435.53
2025-10,Occidente,CLI-032,Recurrente (bajo volumen / alta frecuencia),Línea Premium,Premium Exportación,299.6
2025-11,Occidente,CLI-032,Recurrente (bajo volumen / alta frecuencia),Línea Premium,Premium Exportación,387.08
2025-12,Occidente,CLI-032,Recurrente (bajo volumen / alta frecuencia),Línea Premium,Premium Exportación,361.78
2026-03,Occidente,CLI-032,Recurrente (bajo volumen / alta frecuencia),Línea Premium,Premium Exportación,415.47
2026-04,Occidente,CLI-032,Recurrente (bajo volumen / alta frecuencia),Línea Premium,Premium Exportación,350.84
2026-06,Occidente,CLI-032,Recurrente (bajo volumen / alta frecuencia),Línea Premium,Premium Exportación,449.25
2026-07,Occidente,CLI-032,Recurrente (bajo volumen / alta frecuencia),Línea Premium,Premium Exportación,454.63
2026-08,Occidente,CLI-032,Recurrente (bajo volumen / alta frecuencia),Línea Premium,Premium Exportación,332.59
2025-01,Occidente,CLI-032,Recurrente (bajo volumen / alta frecuencia),Línea Premium,Premium Oficina,282.19
2025-02,Occidente,CLI-032,Recurrente (bajo volumen / alta frecuencia),Línea Premium,Premium Oficina,276.39
2025-03,Occidente,CLI-032,Recurrente (bajo volumen / alta frecuencia),Línea Premium,Premium Oficina,287.25
2025-04,Occidente,CLI-032,Recurrente (bajo volumen / alta frecuencia),Línea Premium,Premium Oficina,308.48
2025-05,Occidente,CLI-032,Recurrente (bajo volumen / alta frecuencia),Línea Premium,Premium Oficina,285.6
2025-06,Occidente,CLI-032,Recurrente (bajo volumen / alta frecuencia),Línea Premium,Premium Oficina,315.8
2025-07,Occidente,CLI-032,Recurrente (bajo volumen / alta frecuencia),Línea Premium,Premium Oficina,234.11
2025-09,Occidente,CLI-032,Recurrente (bajo volumen / alta frecuencia),Línea Premium,Premium Oficina,283.96
2025-11,Occidente,CLI-032,Recurrente (bajo volumen / alta frecuencia),Línea Premium,Premium Oficina,289.06
2025-12,Occidente,CLI-032,Recurrente (bajo volumen / alta frecuencia),Línea Premium,Premium Oficina,369.99
2026-01,Occidente,CLI-032,Recurrente (bajo volumen / alta frecuencia),Línea Premium,Premium Oficina,293.86
2026-02,Occidente,CLI-032,Recurrente (bajo volumen / alta frecuencia),Línea Premium,Premium Oficina,309.88
2026-05,Occidente,CLI-032,Recurrente (bajo volumen / alta frecuencia),Línea Premium,Premium Oficina,285.63
2026-06,Occidente,CLI-032,Recurrente (bajo volumen / alta frecuencia),Línea Premium,Premium Oficina,303.27
2026-07,Occidente,CLI-032,Recurrente (bajo volumen / alta frecuencia),Línea Premium,Premium Oficina,360.92
2026-08,Occidente,CLI-032,Recurrente (bajo volumen / alta frecuencia),Línea Premium,Premium Oficina,259.14
2025-01,Occidente,CLI-032,Recurrente (bajo volumen / alta frecuencia),Línea Estándar,Estándar Retail,195.09
2025-02,Occidente,CLI-032,Recurrente (bajo volumen / alta frecuencia),Línea Estándar,Estándar Retail,209.7
2025-05,Occidente,CLI-032,Recurrente (bajo volumen / alta frecuencia),Línea Estándar,Estándar Retail,276.38
2025-06,Occidente,CLI-032,Recurrente (bajo volumen / alta frecuencia),Línea Estándar,Estándar Retail,234.37
2025-07,Occidente,CLI-032,Recurrente (bajo volumen / alta frecuencia),Línea Estándar,Estándar Retail,198.08
2025-09,Occidente,CLI-032,Recurrente (bajo volumen / alta frecuencia),Línea Estándar,Estándar Retail,282.45
2025-10,Occidente,CLI-032,Recurrente (bajo volumen / alta frecuencia),Línea Estándar,Estándar Retail,245.93
2025-12,Occidente,CLI-032,Recurrente (bajo volumen / alta frecuencia),Línea Estándar,Estándar Retail,221.69
2026-01,Occidente,CLI-032,Recurrente (bajo volumen / alta frecuencia),Línea Estándar,Estándar Retail,214.72
2026-03,Occidente,CLI-032,Recurrente (bajo volumen / alta frecuencia),Línea Estándar,Estándar Retail,209.98
2026-04,Occidente,CLI-032,Recurrente (bajo volumen / alta frecuencia),Línea Estándar,Estándar Retail,217.87
2026-05,Occidente,CLI-032,Recurrente (bajo volumen / alta frecuencia),Línea Estándar,Estándar Retail,260.41
2026-06,Occidente,CLI-032,Recurrente (bajo volumen / alta frecuencia),Línea Estándar,Estándar Retail,265.72
2026-07,Occidente,CLI-032,Recurrente (bajo volumen / alta frecuencia),Línea Estándar,Estándar Retail,199.5
2026-08,Occidente,CLI-032,Recurrente (bajo volumen / alta frecuencia),Línea Estándar,Estándar Retail,235.1
2025-01,Occidente,CLI-032,Recurrente (bajo volumen / alta frecuencia),Línea Estándar,Estándar Mayoreo,275.56
2025-02,Occidente,CLI-032,Recurrente (bajo volumen / alta frecuencia),Línea Estándar,Estándar Mayoreo,322.34
2025-03,Occidente,CLI-032,Recurrente (bajo volumen / alta frecuencia),Línea Estándar,Estándar Mayoreo,277.45
2025-05,Occidente,CLI-032,Recurrente (bajo volumen / alta frecuencia),Línea Estándar,Estándar Mayoreo,234.17
2025-06,Occidente,CLI-032,Recurrente (bajo volumen / alta frecuencia),Línea Estándar,Estándar Mayoreo,273.67
2025-08,Occidente,CLI-032,Recurrente (bajo volumen / alta frecuencia),Línea Estándar,Estándar Mayoreo,329.52
2025-09,Occidente,CLI-032,Recurrente (bajo volumen / alta frecuencia),Línea Estándar,Estándar Mayoreo,317.29
2025-10,Occidente,CLI-032,Recurrente (bajo volumen / alta frecuencia),Línea Estándar,Estándar Mayoreo,346.0
2025-11,Occidente,CLI-032,Recurrente (bajo volumen / alta frecuencia),Línea Estándar,Estándar Mayoreo,270.72
2026-02,Occidente,CLI-032,Recurrente (bajo volumen / alta frecuencia),Línea Estándar,Estándar Mayoreo,225.89
2026-04,Occidente,CLI-032,Recurrente (bajo volumen / alta frecuencia),Línea Estándar,Estándar Mayoreo,274.32
2026-05,Occidente,CLI-032,Recurrente (bajo volumen / alta frecuencia),Línea Estándar,Estándar Mayoreo,330.52
2025-01,Occidente,CLI-032,Recurrente (bajo volumen / alta frecuencia),Línea Económica,Económica Básica,201.84
2025-03,Occidente,CLI-032,Recurrente (bajo volumen / alta frecuencia),Línea Económica,Económica Básica,191.45
2025-05,Occidente,CLI-032,Recurrente (bajo volumen / alta frecuencia),Línea Económica,Económica Básica,168.66
2025-06,Occidente,CLI-032,Recurrente (bajo volumen / alta frecuencia),Línea Económica,Económica Básica,170.92
2025-07,Occidente,CLI-032,Recurrente (bajo volumen / alta frecuencia),Línea Económica,Económica Básica,208.38
2025-09,Occidente,CLI-032,Recurrente (bajo volumen / alta frecuencia),Línea Económica,Económica Básica,167.63
2025-10,Occidente,CLI-032,Recurrente (bajo volumen / alta frecuencia),Línea Económica,Económica Básica,179.72
2025-11,Occidente,CLI-032,Recurrente (bajo volumen / alta frecuencia),Línea Económica,Económica Básica,145.58
2025-12,Occidente,CLI-032,Recurrente (bajo volumen / alta frecuencia),Línea Económica,Económica Básica,166.89
2026-01,Occidente,CLI-032,Recurrente (bajo volumen / alta frecuencia),Línea Económica,Económica Básica,180.99
2026-02,Occidente,CLI-032,Recurrente (bajo volumen / alta frecuencia),Línea Económica,Económica Básica,194.26
2026-03,Occidente,CLI-032,Recurrente (bajo volumen / alta frecuencia),Línea Económica,Económica Básica,167.32
2026-05,Occidente,CLI-032,Recurrente (bajo volumen / alta frecuencia),Línea Económica,Económica Básica,198.87
2026-06,Occidente,CLI-032,Recurrente (bajo volumen / alta frecuencia),Línea Económica,Económica Básica,138.26
2026-07,Occidente,CLI-032,Recurrente (bajo volumen / alta frecuencia),Línea Económica,Económica Básica,163.52
2026-08,Occidente,CLI-032,Recurrente (bajo volumen / alta frecuencia),Línea Económica,Económica Básica,169.18
2025-01,Norte,CLI-033,Recurrente (bajo volumen / alta frecuencia),Línea Estándar,Estándar Retail,263.53
2025-02,Norte,CLI-033,Recurrente (bajo volumen / alta frecuencia),Línea Estándar,Estándar Retail,274.61
2025-03,Norte,CLI-033,Recurrente (bajo volumen / alta frecuencia),Línea Estándar,Estándar Retail,276.2
2025-04,Norte,CLI-033,Recurrente (bajo volumen / alta frecuencia),Línea Estándar,Estándar Retail,282.43
2025-05,Norte,CLI-033,Recurrente (bajo volumen / alta frecuencia),Línea Estándar,Estándar Retail,273.6
2025-08,Norte,CLI-033,Recurrente (bajo volumen / alta frecuencia),Línea Estándar,Estándar Retail,266.79
2025-09,Norte,CLI-033,Recurrente (bajo volumen / alta frecuencia),Línea Estándar,Estándar Retail,304.5
2025-10,Norte,CLI-033,Recurrente (bajo volumen / alta frecuencia),Línea Estándar,Estándar Retail,333.6
2025-11,Norte,CLI-033,Recurrente (bajo volumen / alta frecuencia),Línea Estándar,Estándar Retail,282.67
2025-12,Norte,CLI-033,Recurrente (bajo volumen / alta frecuencia),Línea Estándar,Estándar Retail,219.55
2026-01,Norte,CLI-033,Recurrente (bajo volumen / alta frecuencia),Línea Estándar,Estándar Retail,311.02
2026-02,Norte,CLI-033,Recurrente (bajo volumen / alta frecuencia),Línea Estándar,Estándar Retail,361.71
2026-04,Norte,CLI-033,Recurrente (bajo volumen / alta frecuencia),Línea Estándar,Estándar Retail,323.94
2026-05,Norte,CLI-033,Recurrente (bajo volumen / alta frecuencia),Línea Estándar,Estándar Retail,346.49
2026-06,Norte,CLI-033,Recurrente (bajo volumen / alta frecuencia),Línea Estándar,Estándar Retail,240.94
2026-07,Norte,CLI-033,Recurrente (bajo volumen / alta frecuencia),Línea Estándar,Estándar Retail,261.19
2025-02,Norte,CLI-033,Recurrente (bajo volumen / alta frecuencia),Línea Premium,Premium Oficina,325.48
2025-05,Norte,CLI-033,Recurrente (bajo volumen / alta frecuencia),Línea Premium,Premium Oficina,347.93
2025-06,Norte,CLI-033,Recurrente (bajo volumen / alta frecuencia),Línea Premium,Premium Oficina,258.75
2025-08,Norte,CLI-033,Recurrente (bajo volumen / alta frecuencia),Línea Premium,Premium Oficina,316.83
2025-09,Norte,CLI-033,Recurrente (bajo volumen / alta frecuencia),Línea Premium,Premium Oficina,315.73
2025-11,Norte,CLI-033,Recurrente (bajo volumen / alta frecuencia),Línea Premium,Premium Oficina,344.64
2025-12,Norte,CLI-033,Recurrente (bajo volumen / alta frecuencia),Línea Premium,Premium Oficina,365.45
2026-01,Norte,CLI-033,Recurrente (bajo volumen / alta frecuencia),Línea Premium,Premium Oficina,384.97
2026-02,Norte,CLI-033,Recurrente (bajo volumen / alta frecuencia),Línea Premium,Premium Oficina,333.34
2026-05,Norte,CLI-033,Recurrente (bajo volumen / alta frecuencia),Línea Premium,Premium Oficina,329.62
2026-06,Norte,CLI-033,Recurrente (bajo volumen / alta frecuencia),Línea Premium,Premium Oficina,430.55
2026-07,Norte,CLI-033,Recurrente (bajo volumen / alta frecuencia),Línea Premium,Premium Oficina,421.17
2026-08,Norte,CLI-033,Recurrente (bajo volumen / alta frecuencia),Línea Premium,Premium Oficina,458.23
2025-01,Norte,CLI-033,Recurrente (bajo volumen / alta frecuencia),Línea Económica,Económica Básica,172.57
2025-02,Norte,CLI-033,Recurrente (bajo volumen / alta frecuencia),Línea Económica,Económica Básica,180.16
2025-03,Norte,CLI-033,Recurrente (bajo volumen / alta frecuencia),Línea Económica,Económica Básica,179.97
2025-04,Norte,CLI-033,Recurrente (bajo volumen / alta frecuencia),Línea Económica,Económica Básica,182.2
2025-05,Norte,CLI-033,Recurrente (bajo volumen / alta frecuencia),Línea Económica,Económica Básica,202.13
2025-06,Norte,CLI-033,Recurrente (bajo volumen / alta frecuencia),Línea Económica,Económica Básica,176.37
2025-07,Norte,CLI-033,Recurrente (bajo volumen / alta frecuencia),Línea Económica,Económica Básica,188.93
2025-08,Norte,CLI-033,Recurrente (bajo volumen / alta frecuencia),Línea Económica,Económica Básica,149.69
2025-10,Norte,CLI-033,Recurrente (bajo volumen / alta frecuencia),Línea Económica,Económica Básica,244.22
2025-11,Norte,CLI-033,Recurrente (bajo volumen / alta frecuencia),Línea Económica,Económica Básica,170.29
2026-03,Norte,CLI-033,Recurrente (bajo volumen / alta frecuencia),Línea Económica,Económica Básica,121.48
2026-04,Norte,CLI-033,Recurrente (bajo volumen / alta frecuencia),Línea Económica,Económica Básica,193.85
2026-05,Norte,CLI-033,Recurrente (bajo volumen / alta frecuencia),Línea Económica,Económica Básica,181.86
2026-06,Norte,CLI-033,Recurrente (bajo volumen / alta frecuencia),Línea Económica,Económica Básica,200.08
2026-07,Norte,CLI-033,Recurrente (bajo volumen / alta frecuencia),Línea Económica,Económica Básica,164.45
2026-08,Norte,CLI-033,Recurrente (bajo volumen / alta frecuencia),Línea Económica,Económica Básica,191.86
2025-01,Norte,CLI-033,Recurrente (bajo volumen / alta frecuencia),Línea Económica,Económica Promocional,150.52
2025-02,Norte,CLI-033,Recurrente (bajo volumen / alta frecuencia),Línea Económica,Económica Promocional,136.37
2025-04,Norte,CLI-033,Recurrente (bajo volumen / alta frecuencia),Línea Económica,Económica Promocional,160.03
2025-05,Norte,CLI-033,Recurrente (bajo volumen / alta frecuencia),Línea Económica,Económica Promocional,149.66
2025-07,Norte,CLI-033,Recurrente (bajo volumen / alta frecuencia),Línea Económica,Económica Promocional,157.05
2025-09,Norte,CLI-033,Recurrente (bajo volumen / alta frecuencia),Línea Económica,Económica Promocional,142.95
2025-12,Norte,CLI-033,Recurrente (bajo volumen / alta frecuencia),Línea Económica,Económica Promocional,158.46
2026-01,Norte,CLI-033,Recurrente (bajo volumen / alta frecuencia),Línea Económica,Económica Promocional,151.75
2026-02,Norte,CLI-033,Recurrente (bajo volumen / alta frecuencia),Línea Económica,Económica Promocional,157.04
2026-03,Norte,CLI-033,Recurrente (bajo volumen / alta frecuencia),Línea Económica,Económica Promocional,138.07
2026-04,Norte,CLI-033,Recurrente (bajo volumen / alta frecuencia),Línea Económica,Económica Promocional,163.06
2026-05,Norte,CLI-033,Recurrente (bajo volumen / alta frecuencia),Línea Económica,Económica Promocional,152.41
2026-06,Norte,CLI-033,Recurrente (bajo volumen / alta frecuencia),Línea Económica,Económica Promocional,132.76
2026-07,Norte,CLI-033,Recurrente (bajo volumen / alta frecuencia),Línea Económica,Económica Promocional,131.39
2025-03,Norte,CLI-034,Ocasional (alto volumen / baja frecuencia),Línea Estándar,Estándar Mayoreo,765.26
2025-04,Norte,CLI-034,Ocasional (alto volumen / baja frecuencia),Línea Estándar,Estándar Mayoreo,834.35
2026-02,Norte,CLI-034,Ocasional (alto volumen / baja frecuencia),Línea Estándar,Estándar Mayoreo,694.57
2026-03,Norte,CLI-034,Ocasional (alto volumen / baja frecuencia),Línea Estándar,Estándar Mayoreo,725.48
2025-07,Norte,CLI-034,Ocasional (alto volumen / baja frecuencia),Servicios postventa,Soporte y Mantenimiento,265.27
2025-10,Norte,CLI-034,Ocasional (alto volumen / baja frecuencia),Servicios postventa,Soporte y Mantenimiento,276.4
2026-01,Norte,CLI-034,Ocasional (alto volumen / baja frecuencia),Servicios postventa,Soporte y Mantenimiento,281.25
2026-04,Norte,CLI-034,Ocasional (alto volumen / baja frecuencia),Servicios postventa,Soporte y Mantenimiento,409.05
2025-05,Norte,CLI-034,Ocasional (alto volumen / baja frecuencia),Línea Premium,Premium Hogar,767.46
2025-07,Norte,CLI-034,Ocasional (alto volumen / baja frecuencia),Línea Premium,Premium Hogar,997.31
2026-03,Norte,CLI-034,Ocasional (alto volumen / baja frecuencia),Línea Premium,Premium Hogar,964.04
2026-04,Norte,CLI-034,Ocasional (alto volumen / baja frecuencia),Línea Premium,Premium Hogar,982.59
2025-02,Bajío,CLI-035,Recurrente (bajo volumen / alta frecuencia),Línea Premium,Premium Oficina,395.95
2025-03,Bajío,CLI-035,Recurrente (bajo volumen / alta frecuencia),Línea Premium,Premium Oficina,298.66
2025-04,Bajío,CLI-035,Recurrente (bajo volumen / alta frecuencia),Línea Premium,Premium Oficina,395.15
2025-05,Bajío,CLI-035,Recurrente (bajo volumen / alta frecuencia),Línea Premium,Premium Oficina,333.82
2025-07,Bajío,CLI-035,Recurrente (bajo volumen / alta frecuencia),Línea Premium,Premium Oficina,387.5
2025-08,Bajío,CLI-035,Recurrente (bajo volumen / alta frecuencia),Línea Premium,Premium Oficina,437.08
2025-09,Bajío,CLI-035,Recurrente (bajo volumen / alta frecuencia),Línea Premium,Premium Oficina,507.48
2025-10,Bajío,CLI-035,Recurrente (bajo volumen / alta frecuencia),Línea Premium,Premium Oficina,323.15
2025-11,Bajío,CLI-035,Recurrente (bajo volumen / alta frecuencia),Línea Premium,Premium Oficina,430.34
2025-12,Bajío,CLI-035,Recurrente (bajo volumen / alta frecuencia),Línea Premium,Premium Oficina,352.77
2026-01,Bajío,CLI-035,Recurrente (bajo volumen / alta frecuencia),Línea Premium,Premium Oficina,430.64
2026-02,Bajío,CLI-035,Recurrente (bajo volumen / alta frecuencia),Línea Premium,Premium Oficina,390.34
2026-03,Bajío,CLI-035,Recurrente (bajo volumen / alta frecuencia),Línea Premium,Premium Oficina,435.16
2026-04,Bajío,CLI-035,Recurrente (bajo volumen / alta frecuencia),Línea Premium,Premium Oficina,361.42
2026-07,Bajío,CLI-035,Recurrente (bajo volumen / alta frecuencia),Línea Premium,Premium Oficina,309.0
2026-08,Bajío,CLI-035,Recurrente (bajo volumen / alta frecuencia),Línea Premium,Premium Oficina,423.84
2025-01,Bajío,CLI-035,Recurrente (bajo volumen / alta frecuencia),Línea Estándar,Estándar Retail,359.72
2025-02,Bajío,CLI-035,Recurrente (bajo volumen / alta frecuencia),Línea Estándar,Estándar Retail,342.69
2025-03,Bajío,CLI-035,Recurrente (bajo volumen / alta frecuencia),Línea Estándar,Estándar Retail,394.71
2025-04,Bajío,CLI-035,Recurrente (bajo volumen / alta frecuencia),Línea Estándar,Estándar Retail,317.3
2025-06,Bajío,CLI-035,Recurrente (bajo volumen / alta frecuencia),Línea Estándar,Estándar Retail,377.96
2025-07,Bajío,CLI-035,Recurrente (bajo volumen / alta frecuencia),Línea Estándar,Estándar Retail,306.4
2025-08,Bajío,CLI-035,Recurrente (bajo volumen / alta frecuencia),Línea Estándar,Estándar Retail,294.92
2025-09,Bajío,CLI-035,Recurrente (bajo volumen / alta frecuencia),Línea Estándar,Estándar Retail,318.91
2025-10,Bajío,CLI-035,Recurrente (bajo volumen / alta frecuencia),Línea Estándar,Estándar Retail,328.63
2025-11,Bajío,CLI-035,Recurrente (bajo volumen / alta frecuencia),Línea Estándar,Estándar Retail,339.81
2026-01,Bajío,CLI-035,Recurrente (bajo volumen / alta frecuencia),Línea Estándar,Estándar Retail,300.73
2026-02,Bajío,CLI-035,Recurrente (bajo volumen / alta frecuencia),Línea Estándar,Estándar Retail,415.95
2026-05,Bajío,CLI-035,Recurrente (bajo volumen / alta frecuencia),Línea Estándar,Estándar Retail,350.64
2026-06,Bajío,CLI-035,Recurrente (bajo volumen / alta frecuencia),Línea Estándar,Estándar Retail,352.06
2026-07,Bajío,CLI-035,Recurrente (bajo volumen / alta frecuencia),Línea Estándar,Estándar Retail,312.68
2026-08,Bajío,CLI-035,Recurrente (bajo volumen / alta frecuencia),Línea Estándar,Estándar Retail,256.48
2025-01,Bajío,CLI-035,Recurrente (bajo volumen / alta frecuencia),Línea Económica,Económica Promocional,231.09
2025-03,Bajío,CLI-035,Recurrente (bajo volumen / alta frecuencia),Línea Económica,Económica Promocional,273.88
2025-05,Bajío,CLI-035,Recurrente (bajo volumen / alta frecuencia),Línea Económica,Económica Promocional,189.29
2025-07,Bajío,CLI-035,Recurrente (bajo volumen / alta frecuencia),Línea Económica,Económica Promocional,187.59
2025-08,Bajío,CLI-035,Recurrente (bajo volumen / alta frecuencia),Línea Económica,Económica Promocional,191.14
2025-10,Bajío,CLI-035,Recurrente (bajo volumen / alta frecuencia),Línea Económica,Económica Promocional,160.94
2025-11,Bajío,CLI-035,Recurrente (bajo volumen / alta frecuencia),Línea Económica,Económica Promocional,194.57
2026-02,Bajío,CLI-035,Recurrente (bajo volumen / alta frecuencia),Línea Económica,Económica Promocional,166.13
2026-03,Bajío,CLI-035,Recurrente (bajo volumen / alta frecuencia),Línea Económica,Económica Promocional,190.89
2026-04,Bajío,CLI-035,Recurrente (bajo volumen / alta frecuencia),Línea Económica,Económica Promocional,208.28
2026-05,Bajío,CLI-035,Recurrente (bajo volumen / alta frecuencia),Línea Económica,Económica Promocional,119.21
2026-06,Bajío,CLI-035,Recurrente (bajo volumen / alta frecuencia),Línea Económica,Económica Promocional,193.26
2026-07,Bajío,CLI-035,Recurrente (bajo volumen / alta frecuencia),Línea Económica,Económica Promocional,180.8
2026-08,Bajío,CLI-035,Recurrente (bajo volumen / alta frecuencia),Línea Económica,Económica Promocional,210.79
2025-01,Bajío,CLI-035,Recurrente (bajo volumen / alta frecuencia),Línea Premium,Premium Exportación,533.63
2025-02,Bajío,CLI-035,Recurrente (bajo volumen / alta frecuencia),Línea Premium,Premium Exportación,550.93
2025-03,Bajío,CLI-035,Recurrente (bajo volumen / alta frecuencia),Línea Premium,Premium Exportación,578.05
2025-04,Bajío,CLI-035,Recurrente (bajo volumen / alta frecuencia),Línea Premium,Premium Exportación,488.91
2025-05,Bajío,CLI-035,Recurrente (bajo volumen / alta frecuencia),Línea Premium,Premium Exportación,520.75
2025-07,Bajío,CLI-035,Recurrente (bajo volumen / alta frecuencia),Línea Premium,Premium Exportación,564.34
2025-08,Bajío,CLI-035,Recurrente (bajo volumen / alta frecuencia),Línea Premium,Premium Exportación,498.06
2025-09,Bajío,CLI-035,Recurrente (bajo volumen / alta frecuencia),Línea Premium,Premium Exportación,510.14
2025-11,Bajío,CLI-035,Recurrente (bajo volumen / alta frecuencia),Línea Premium,Premium Exportación,511.42
2025-12,Bajío,CLI-035,Recurrente (bajo volumen / alta frecuencia),Línea Premium,Premium Exportación,598.78
2026-01,Bajío,CLI-035,Recurrente (bajo volumen / alta frecuencia),Línea Premium,Premium Exportación,530.93
2026-02,Bajío,CLI-035,Recurrente (bajo volumen / alta frecuencia),Línea Premium,Premium Exportación,641.39
2026-04,Bajío,CLI-035,Recurrente (bajo volumen / alta frecuencia),Línea Premium,Premium Exportación,499.02
2026-05,Bajío,CLI-035,Recurrente (bajo volumen / alta frecuencia),Línea Premium,Premium Exportación,732.94
2026-06,Bajío,CLI-035,Recurrente (bajo volumen / alta frecuencia),Línea Premium,Premium Exportación,607.39
2026-07,Bajío,CLI-035,Recurrente (bajo volumen / alta frecuencia),Línea Premium,Premium Exportación,622.3
2026-08,Bajío,CLI-035,Recurrente (bajo volumen / alta frecuencia),Línea Premium,Premium Exportación,799.97
2025-02,Bajío,CLI-035,Recurrente (bajo volumen / alta frecuencia),Línea Estándar,Estándar Mayoreo,335.46
2025-03,Bajío,CLI-035,Recurrente (bajo volumen / alta frecuencia),Línea Estándar,Estándar Mayoreo,373.75
2025-05,Bajío,CLI-035,Recurrente (bajo volumen / alta frecuencia),Línea Estándar,Estándar Mayoreo,407.19
2025-06,Bajío,CLI-035,Recurrente (bajo volumen / alta frecuencia),Línea Estándar,Estándar Mayoreo,418.03
2025-07,Bajío,CLI-035,Recurrente (bajo volumen / alta frecuencia),Línea Estándar,Estándar Mayoreo,483.05
2025-08,Bajío,CLI-035,Recurrente (bajo volumen / alta frecuencia),Línea Estándar,Estándar Mayoreo,385.04
2025-10,Bajío,CLI-035,Recurrente (bajo volumen / alta frecuencia),Línea Estándar,Estándar Mayoreo,314.26
2025-11,Bajío,CLI-035,Recurrente (bajo volumen / alta frecuencia),Línea Estándar,Estándar Mayoreo,414.42
2025-12,Bajío,CLI-035,Recurrente (bajo volumen / alta frecuencia),Línea Estándar,Estándar Mayoreo,402.06
2026-01,Bajío,CLI-035,Recurrente (bajo volumen / alta frecuencia),Línea Estándar,Estándar Mayoreo,412.35
2026-02,Bajío,CLI-035,Recurrente (bajo volumen / alta frecuencia),Línea Estándar,Estándar Mayoreo,446.31
2026-03,Bajío,CLI-035,Recurrente (bajo volumen / alta frecuencia),Línea Estándar,Estándar Mayoreo,453.56
2026-04,Bajío,CLI-035,Recurrente (bajo volumen / alta frecuencia),Línea Estándar,Estándar Mayoreo,467.4
2026-05,Bajío,CLI-035,Recurrente (bajo volumen / alta frecuencia),Línea Estándar,Estándar Mayoreo,428.04
2026-06,Bajío,CLI-035,Recurrente (bajo volumen / alta frecuencia),Línea Estándar,Estándar Mayoreo,499.89
2026-07,Bajío,CLI-035,Recurrente (bajo volumen / alta frecuencia),Línea Estándar,Estándar Mayoreo,384.27
2026-08,Bajío,CLI-035,Recurrente (bajo volumen / alta frecuencia),Línea Estándar,Estándar Mayoreo,193.73
2026-03,Norte,CLI-036,Esporádico (bajo volumen / baja frecuencia),Servicios postventa,Soporte y Mantenimiento,78.92
2026-08,Norte,CLI-036,Esporádico (bajo volumen / baja frecuencia),Servicios postventa,Soporte y Mantenimiento,92.68
2026-05,Norte,CLI-036,Esporádico (bajo volumen / baja frecuencia),Línea Económica,Económica Básica,146.33
2026-07,Norte,CLI-036,Esporádico (bajo volumen / baja frecuencia),Línea Económica,Económica Básica,114.18
2026-08,Norte,CLI-036,Esporádico (bajo volumen / baja frecuencia),Línea Económica,Económica Promocional,112.7
2025-08,Sureste,CLI-037,Esporádico (bajo volumen / baja frecuencia),Línea Estándar,Estándar Retail,336.39
2025-11,Sureste,CLI-037,Esporádico (bajo volumen / baja frecuencia),Línea Estándar,Estándar Retail,285.54
2025-01,Sureste,CLI-038,VIP (alto volumen / alta frecuencia),Línea Premium,Premium Hogar,1326.39
2025-02,Sureste,CLI-038,VIP (alto volumen / alta frecuencia),Línea Premium,Premium Hogar,919.11
2025-03,Sureste,CLI-038,VIP (alto volumen / alta frecuencia),Línea Premium,Premium Hogar,1158.63
2025-04,Sureste,CLI-038,VIP (alto volumen / alta frecuencia),Línea Premium,Premium Hogar,1238.95
2025-05,Sureste,CLI-038,VIP (alto volumen / alta frecuencia),Línea Premium,Premium Hogar,1017.5
2025-06,Sureste,CLI-038,VIP (alto volumen / alta frecuencia),Línea Premium,Premium Hogar,1048.38
2025-07,Sureste,CLI-038,VIP (alto volumen / alta frecuencia),Línea Premium,Premium Hogar,1033.34
2025-09,Sureste,CLI-038,VIP (alto volumen / alta frecuencia),Línea Premium,Premium Hogar,1294.78
2025-10,Sureste,CLI-038,VIP (alto volumen / alta frecuencia),Línea Premium,Premium Hogar,1212.09
2025-11,Sureste,CLI-038,VIP (alto volumen / alta frecuencia),Línea Premium,Premium Hogar,1027.41
2025-12,Sureste,CLI-038,VIP (alto volumen / alta frecuencia),Línea Premium,Premium Hogar,1120.03
2026-01,Sureste,CLI-038,VIP (alto volumen / alta frecuencia),Línea Premium,Premium Hogar,974.34
2026-02,Sureste,CLI-038,VIP (alto volumen / alta frecuencia),Línea Premium,Premium Hogar,1054.45
2026-03,Sureste,CLI-038,VIP (alto volumen / alta frecuencia),Línea Premium,Premium Hogar,1288.71
2026-04,Sureste,CLI-038,VIP (alto volumen / alta frecuencia),Línea Premium,Premium Hogar,1306.58
2026-06,Sureste,CLI-038,VIP (alto volumen / alta frecuencia),Línea Premium,Premium Hogar,1010.46
2026-07,Sureste,CLI-038,VIP (alto volumen / alta frecuencia),Línea Premium,Premium Hogar,1497.36
2026-08,Sureste,CLI-038,VIP (alto volumen / alta frecuencia),Línea Premium,Premium Hogar,1402.57
2025-02,Sureste,CLI-038,VIP (alto volumen / alta frecuencia),Línea Económica,Económica Promocional,540.49
2025-03,Sureste,CLI-038,VIP (alto volumen / alta frecuencia),Línea Económica,Económica Promocional,542.78
2025-04,Sureste,CLI-038,VIP (alto volumen / alta frecuencia),Línea Económica,Económica Promocional,394.42
2025-05,Sureste,CLI-038,VIP (alto volumen / alta frecuencia),Línea Económica,Económica Promocional,505.32
2025-06,Sureste,CLI-038,VIP (alto volumen / alta frecuencia),Línea Económica,Económica Promocional,404.31
2025-07,Sureste,CLI-038,VIP (alto volumen / alta frecuencia),Línea Económica,Económica Promocional,436.83
2025-08,Sureste,CLI-038,VIP (alto volumen / alta frecuencia),Línea Económica,Económica Promocional,432.47
2025-11,Sureste,CLI-038,VIP (alto volumen / alta frecuencia),Línea Económica,Económica Promocional,361.57
2025-12,Sureste,CLI-038,VIP (alto volumen / alta frecuencia),Línea Económica,Económica Promocional,337.98
2026-01,Sureste,CLI-038,VIP (alto volumen / alta frecuencia),Línea Económica,Económica Promocional,380.0
2026-02,Sureste,CLI-038,VIP (alto volumen / alta frecuencia),Línea Económica,Económica Promocional,459.94
2026-03,Sureste,CLI-038,VIP (alto volumen / alta frecuencia),Línea Económica,Económica Promocional,442.66
2026-05,Sureste,CLI-038,VIP (alto volumen / alta frecuencia),Línea Económica,Económica Promocional,451.27
2026-06,Sureste,CLI-038,VIP (alto volumen / alta frecuencia),Línea Económica,Económica Promocional,440.64
2026-08,Sureste,CLI-038,VIP (alto volumen / alta frecuencia),Línea Económica,Económica Promocional,437.6
2025-02,Sureste,CLI-038,VIP (alto volumen / alta frecuencia),Línea Premium,Premium Oficina,1104.67
2025-03,Sureste,CLI-038,VIP (alto volumen / alta frecuencia),Línea Premium,Premium Oficina,805.1
2025-04,Sureste,CLI-038,VIP (alto volumen / alta frecuencia),Línea Premium,Premium Oficina,1028.29
2025-05,Sureste,CLI-038,VIP (alto volumen / alta frecuencia),Línea Premium,Premium Oficina,924.07
2025-06,Sureste,CLI-038,VIP (alto volumen / alta frecuencia),Línea Premium,Premium Oficina,999.02
2025-07,Sureste,CLI-038,VIP (alto volumen / alta frecuencia),Línea Premium,Premium Oficina,922.93
2025-08,Sureste,CLI-038,VIP (alto volumen / alta frecuencia),Línea Premium,Premium Oficina,1087.76
2025-09,Sureste,CLI-038,VIP (alto volumen / alta frecuencia),Línea Premium,Premium Oficina,1228.25
2025-11,Sureste,CLI-038,VIP (alto volumen / alta frecuencia),Línea Premium,Premium Oficina,1334.12
2025-12,Sureste,CLI-038,VIP (alto volumen / alta frecuencia),Línea Premium,Premium Oficina,1142.08
2026-01,Sureste,CLI-038,VIP (alto volumen / alta frecuencia),Línea Premium,Premium Oficina,1272.02
2026-02,Sureste,CLI-038,VIP (alto volumen / alta frecuencia),Línea Premium,Premium Oficina,1058.65
2026-03,Sureste,CLI-038,VIP (alto volumen / alta frecuencia),Línea Premium,Premium Oficina,1212.27
2026-04,Sureste,CLI-038,VIP (alto volumen / alta frecuencia),Línea Premium,Premium Oficina,1350.27
2026-05,Sureste,CLI-038,VIP (alto volumen / alta frecuencia),Línea Premium,Premium Oficina,1282.34
2026-06,Sureste,CLI-038,VIP (alto volumen / alta frecuencia),Línea Premium,Premium Oficina,1283.42
2026-07,Sureste,CLI-038,VIP (alto volumen / alta frecuencia),Línea Premium,Premium Oficina,1188.49
2026-08,Sureste,CLI-038,VIP (alto volumen / alta frecuencia),Línea Premium,Premium Oficina,1326.95
2025-01,Sureste,CLI-038,VIP (alto volumen / alta frecuencia),Línea Económica,Económica Básica,647.82
2025-02,Sureste,CLI-038,VIP (alto volumen / alta frecuencia),Línea Económica,Económica Básica,592.29
2025-03,Sureste,CLI-038,VIP (alto volumen / alta frecuencia),Línea Económica,Económica Básica,571.27
2025-04,Sureste,CLI-038,VIP (alto volumen / alta frecuencia),Línea Económica,Económica Básica,480.04
2025-05,Sureste,CLI-038,VIP (alto volumen / alta frecuencia),Línea Económica,Económica Básica,597.48
2025-06,Sureste,CLI-038,VIP (alto volumen / alta frecuencia),Línea Económica,Económica Básica,666.42
2025-07,Sureste,CLI-038,VIP (alto volumen / alta frecuencia),Línea Económica,Económica Básica,687.11
2025-08,Sureste,CLI-038,VIP (alto volumen / alta frecuencia),Línea Económica,Económica Básica,582.68
2025-09,Sureste,CLI-038,VIP (alto volumen / alta frecuencia),Línea Económica,Económica Básica,629.07
2025-10,Sureste,CLI-038,VIP (alto volumen / alta frecuencia),Línea Económica,Económica Básica,573.56
2025-11,Sureste,CLI-038,VIP (alto volumen / alta frecuencia),Línea Económica,Económica Básica,658.82
2025-12,Sureste,CLI-038,VIP (alto volumen / alta frecuencia),Línea Económica,Económica Básica,644.36
2026-02,Sureste,CLI-038,VIP (alto volumen / alta frecuencia),Línea Económica,Económica Básica,484.12
2026-03,Sureste,CLI-038,VIP (alto volumen / alta frecuencia),Línea Económica,Económica Básica,515.27
2026-04,Sureste,CLI-038,VIP (alto volumen / alta frecuencia),Línea Económica,Económica Básica,582.27
2026-05,Sureste,CLI-038,VIP (alto volumen / alta frecuencia),Línea Económica,Económica Básica,479.98
2026-06,Sureste,CLI-038,VIP (alto volumen / alta frecuencia),Línea Económica,Económica Básica,523.9
2026-07,Sureste,CLI-038,VIP (alto volumen / alta frecuencia),Línea Económica,Económica Básica,534.42
2026-08,Sureste,CLI-038,VIP (alto volumen / alta frecuencia),Línea Económica,Económica Básica,521.78
2025-01,Sureste,CLI-038,VIP (alto volumen / alta frecuencia),Línea Premium,Premium Exportación,1075.56
2025-03,Sureste,CLI-038,VIP (alto volumen / alta frecuencia),Línea Premium,Premium Exportación,1179.37
2025-04,Sureste,CLI-038,VIP (alto volumen / alta frecuencia),Línea Premium,Premium Exportación,1087.79
2025-05,Sureste,CLI-038,VIP (alto volumen / alta frecuencia),Línea Premium,Premium Exportación,967.18
2025-06,Sureste,CLI-038,VIP (alto volumen / alta frecuencia),Línea Premium,Premium Exportación,1332.38
2025-07,Sureste,CLI-038,VIP (alto volumen / alta frecuencia),Línea Premium,Premium Exportación,977.95
2025-08,Sureste,CLI-038,VIP (alto volumen / alta frecuencia),Línea Premium,Premium Exportación,1324.8
2025-09,Sureste,CLI-038,VIP (alto volumen / alta frecuencia),Línea Premium,Premium Exportación,1273.79
2025-10,Sureste,CLI-038,VIP (alto volumen / alta frecuencia),Línea Premium,Premium Exportación,1268.8
2025-11,Sureste,CLI-038,VIP (alto volumen / alta frecuencia),Línea Premium,Premium Exportación,1116.5
2025-12,Sureste,CLI-038,VIP (alto volumen / alta frecuencia),Línea Premium,Premium Exportación,1108.9
2026-01,Sureste,CLI-038,VIP (alto volumen / alta frecuencia),Línea Premium,Premium Exportación,1163.69
2026-02,Sureste,CLI-038,VIP (alto volumen / alta frecuencia),Línea Premium,Premium Exportación,1282.77
2026-03,Sureste,CLI-038,VIP (alto volumen / alta frecuencia),Línea Premium,Premium Exportación,1295.32
2026-04,Sureste,CLI-038,VIP (alto volumen / alta frecuencia),Línea Premium,Premium Exportación,913.24
2026-05,Sureste,CLI-038,VIP (alto volumen / alta frecuencia),Línea Premium,Premium Exportación,1250.47
2026-06,Sureste,CLI-038,VIP (alto volumen / alta frecuencia),Línea Premium,Premium Exportación,1150.46
2026-07,Sureste,CLI-038,VIP (alto volumen / alta frecuencia),Línea Premium,Premium Exportación,1090.97
2026-08,Sureste,CLI-038,VIP (alto volumen / alta frecuencia),Línea Premium,Premium Exportación,1144.34
2025-01,Sureste,CLI-038,VIP (alto volumen / alta frecuencia),Línea Estándar,Estándar Retail,878.6
2025-02,Sureste,CLI-038,VIP (alto volumen / alta frecuencia),Línea Estándar,Estándar Retail,826.54
2025-05,Sureste,CLI-038,VIP (alto volumen / alta frecuencia),Línea Estándar,Estándar Retail,925.61
2025-07,Sureste,CLI-038,VIP (alto volumen / alta frecuencia),Línea Estándar,Estándar Retail,941.02
2025-08,Sureste,CLI-038,VIP (alto volumen / alta frecuencia),Línea Estándar,Estándar Retail,856.03
2025-09,Sureste,CLI-038,VIP (alto volumen / alta frecuencia),Línea Estándar,Estándar Retail,851.16
2025-10,Sureste,CLI-038,VIP (alto volumen / alta frecuencia),Línea Estándar,Estándar Retail,742.3
2025-11,Sureste,CLI-038,VIP (alto volumen / alta frecuencia),Línea Estándar,Estándar Retail,908.04
2025-12,Sureste,CLI-038,VIP (alto volumen / alta frecuencia),Línea Estándar,Estándar Retail,787.34
2026-01,Sureste,CLI-038,VIP (alto volumen / alta frecuencia),Línea Estándar,Estándar Retail,708.42
2026-02,Sureste,CLI-038,VIP (alto volumen / alta frecuencia),Línea Estándar,Estándar Retail,747.71
2026-03,Sureste,CLI-038,VIP (alto volumen / alta frecuencia),Línea Estándar,Estándar Retail,834.15
2026-04,Sureste,CLI-038,VIP (alto volumen / alta frecuencia),Línea Estándar,Estándar Retail,866.19
2026-05,Sureste,CLI-038,VIP (alto volumen / alta frecuencia),Línea Estándar,Estándar Retail,971.34
2026-06,Sureste,CLI-038,VIP (alto volumen / alta frecuencia),Línea Estándar,Estándar Retail,706.33
2026-07,Sureste,CLI-038,VIP (alto volumen / alta frecuencia),Línea Estándar,Estándar Retail,819.04
2025-06,Norte,CLI-039,Esporádico (bajo volumen / baja frecuencia),Servicios postventa,Soporte y Mantenimiento,141.17
2025-07,Norte,CLI-039,Esporádico (bajo volumen / baja frecuencia),Servicios postventa,Soporte y Mantenimiento,148.86
2025-10,Norte,CLI-039,Esporádico (bajo volumen / baja frecuencia),Servicios postventa,Soporte y Mantenimiento,190.18
2026-07,Norte,CLI-039,Esporádico (bajo volumen / baja frecuencia),Servicios postventa,Soporte y Mantenimiento,171.28
2026-03,Norte,CLI-039,Esporádico (bajo volumen / baja frecuencia),Línea Estándar,Estándar Retail,327.87
2026-07,Norte,CLI-039,Esporádico (bajo volumen / baja frecuencia),Línea Estándar,Estándar Retail,377.7
2025-04,Norte,CLI-039,Esporádico (bajo volumen / baja frecuencia),Línea Económica,Económica Promocional,249.01
2025-09,Norte,CLI-039,Esporádico (bajo volumen / baja frecuencia),Línea Económica,Económica Promocional,213.07
2026-08,Norte,CLI-039,Esporádico (bajo volumen / baja frecuencia),Línea Económica,Económica Promocional,245.95
2025-07,Sureste,CLI-040,Esporádico (bajo volumen / baja frecuencia),Línea Estándar,Estándar Retail,277.17
2025-10,Sureste,CLI-040,Esporádico (bajo volumen / baja frecuencia),Línea Estándar,Estándar Retail,271.11
2026-01,Sureste,CLI-040,Esporádico (bajo volumen / baja frecuencia),Línea Estándar,Estándar Retail,271.24
2026-06,Sureste,CLI-040,Esporádico (bajo volumen / baja frecuencia),Línea Estándar,Estándar Retail,274.79
2025-01,Centro,CLI-041,Ocasional (alto volumen / baja frecuencia),Línea Premium,Premium Oficina,932.59
2025-02,Centro,CLI-041,Ocasional (alto volumen / baja frecuencia),Línea Premium,Premium Oficina,935.58
2025-05,Centro,CLI-041,Ocasional (alto volumen / baja frecuencia),Línea Premium,Premium Oficina,810.31
2026-07,Centro,CLI-041,Ocasional (alto volumen / baja frecuencia),Línea Premium,Premium Oficina,989.8
2026-08,Centro,CLI-041,Ocasional (alto volumen / baja frecuencia),Línea Premium,Premium Oficina,1002.08
2025-07,Centro,CLI-041,Ocasional (alto volumen / baja frecuencia),Línea Estándar,Estándar Retail,784.74
2025-10,Centro,CLI-041,Ocasional (alto volumen / baja frecuencia),Línea Estándar,Estándar Retail,929.06
2025-11,Centro,CLI-041,Ocasional (alto volumen / baja frecuencia),Línea Estándar,Estándar Retail,746.18
2025-12,Centro,CLI-041,Ocasional (alto volumen / baja frecuencia),Línea Estándar,Estándar Retail,945.57
2026-02,Centro,CLI-041,Ocasional (alto volumen / baja frecuencia),Línea Estándar,Estándar Retail,912.12
2026-06,Centro,CLI-041,Ocasional (alto volumen / baja frecuencia),Línea Estándar,Estándar Retail,910.58
2026-08,Centro,CLI-041,Ocasional (alto volumen / baja frecuencia),Línea Estándar,Estándar Retail,917.06
2025-03,Centro,CLI-041,Ocasional (alto volumen / baja frecuencia),Línea Económica,Económica Básica,536.31
2025-05,Centro,CLI-041,Ocasional (alto volumen / baja frecuencia),Línea Económica,Económica Básica,396.1
2025-07,Centro,CLI-041,Ocasional (alto volumen / baja frecuencia),Línea Económica,Económica Básica,470.14
2026-01,Centro,CLI-041,Ocasional (alto volumen / baja frecuencia),Línea Económica,Económica Básica,516.18
2026-02,Centro,CLI-041,Ocasional (alto volumen / baja frecuencia),Línea Económica,Económica Básica,600.25
2026-03,Centro,CLI-041,Ocasional (alto volumen / baja frecuencia),Línea Económica,Económica Básica,533.25
2026-04,Centro,CLI-041,Ocasional (alto volumen / baja frecuencia),Línea Económica,Económica Básica,596.39
2026-05,Centro,CLI-041,Ocasional (alto volumen / baja frecuencia),Línea Económica,Económica Básica,487.75
2025-01,Centro,CLI-042,Ocasional (alto volumen / baja frecuencia),Línea Premium,Premium Hogar,1091.96
2025-03,Centro,CLI-042,Ocasional (alto volumen / baja frecuencia),Línea Premium,Premium Hogar,1133.99
2025-05,Centro,CLI-042,Ocasional (alto volumen / baja frecuencia),Línea Premium,Premium Hogar,1165.39
2026-06,Centro,CLI-042,Ocasional (alto volumen / baja frecuencia),Línea Premium,Premium Hogar,1332.81
2026-08,Centro,CLI-042,Ocasional (alto volumen / baja frecuencia),Línea Premium,Premium Hogar,1229.43
2025-01,Centro,CLI-042,Ocasional (alto volumen / baja frecuencia),Línea Estándar,Estándar Retail,872.58
2025-02,Centro,CLI-042,Ocasional (alto volumen / baja frecuencia),Línea Estándar,Estándar Retail,754.93
2025-08,Centro,CLI-042,Ocasional (alto volumen / baja frecuencia),Línea Estándar,Estándar Retail,784.51
2025-09,Centro,CLI-042,Ocasional (alto volumen / baja frecuencia),Línea Estándar,Estándar Retail,946.65
2025-12,Centro,CLI-042,Ocasional (alto volumen / baja frecuencia),Línea Estándar,Estándar Retail,874.43
2026-05,Centro,CLI-042,Ocasional (alto volumen / baja frecuencia),Línea Estándar,Estándar Retail,819.58
2026-06,Centro,CLI-042,Ocasional (alto volumen / baja frecuencia),Línea Estándar,Estándar Retail,836.07
2025-02,Occidente,CLI-043,Esporádico (bajo volumen / baja frecuencia),Línea Estándar,Estándar Retail,222.01
2026-03,Occidente,CLI-043,Esporádico (bajo volumen / baja frecuencia),Línea Estándar,Estándar Retail,294.16
2026-04,Occidente,CLI-043,Esporádico (bajo volumen / baja frecuencia),Línea Estándar,Estándar Retail,375.85
2025-01,Sureste,CLI-044,Recurrente (bajo volumen / alta frecuencia),Línea Estándar,Estándar Retail,302.72
2025-02,Sureste,CLI-044,Recurrente (bajo volumen / alta frecuencia),Línea Estándar,Estándar Retail,325.3
2025-03,Sureste,CLI-044,Recurrente (bajo volumen / alta frecuencia),Línea Estándar,Estándar Retail,256.26
2025-04,Sureste,CLI-044,Recurrente (bajo volumen / alta frecuencia),Línea Estándar,Estándar Retail,352.45
2025-05,Sureste,CLI-044,Recurrente (bajo volumen / alta frecuencia),Línea Estándar,Estándar Retail,266.12
2025-06,Sureste,CLI-044,Recurrente (bajo volumen / alta frecuencia),Línea Estándar,Estándar Retail,296.66
2025-07,Sureste,CLI-044,Recurrente (bajo volumen / alta frecuencia),Línea Estándar,Estándar Retail,251.17
2025-08,Sureste,CLI-044,Recurrente (bajo volumen / alta frecuencia),Línea Estándar,Estándar Retail,328.74
2025-09,Sureste,CLI-044,Recurrente (bajo volumen / alta frecuencia),Línea Estándar,Estándar Retail,305.87
2025-10,Sureste,CLI-044,Recurrente (bajo volumen / alta frecuencia),Línea Estándar,Estándar Retail,382.65
2025-12,Sureste,CLI-044,Recurrente (bajo volumen / alta frecuencia),Línea Estándar,Estándar Retail,316.21
2026-01,Sureste,CLI-044,Recurrente (bajo volumen / alta frecuencia),Línea Estándar,Estándar Retail,326.14
2026-04,Sureste,CLI-044,Recurrente (bajo volumen / alta frecuencia),Línea Estándar,Estándar Retail,321.4
2026-05,Sureste,CLI-044,Recurrente (bajo volumen / alta frecuencia),Línea Estándar,Estándar Retail,410.26
2026-06,Sureste,CLI-044,Recurrente (bajo volumen / alta frecuencia),Línea Estándar,Estándar Retail,310.11
2026-07,Sureste,CLI-044,Recurrente (bajo volumen / alta frecuencia),Línea Estándar,Estándar Retail,282.36
2026-08,Sureste,CLI-044,Recurrente (bajo volumen / alta frecuencia),Línea Estándar,Estándar Retail,309.4
2025-01,Sureste,CLI-044,Recurrente (bajo volumen / alta frecuencia),Línea Económica,Económica Básica,201.79
2025-03,Sureste,CLI-044,Recurrente (bajo volumen / alta frecuencia),Línea Económica,Económica Básica,228.44
2025-04,Sureste,CLI-044,Recurrente (bajo volumen / alta frecuencia),Línea Económica,Económica Básica,231.2
2025-05,Sureste,CLI-044,Recurrente (bajo volumen / alta frecuencia),Línea Económica,Económica Básica,198.4
2025-06,Sureste,CLI-044,Recurrente (bajo volumen / alta frecuencia),Línea Económica,Económica Básica,220.81
2025-07,Sureste,CLI-044,Recurrente (bajo volumen / alta frecuencia),Línea Económica,Económica Básica,223.5
2025-08,Sureste,CLI-044,Recurrente (bajo volumen / alta frecuencia),Línea Económica,Económica Básica,204.55
2025-09,Sureste,CLI-044,Recurrente (bajo volumen / alta frecuencia),Línea Económica,Económica Básica,207.47
2025-10,Sureste,CLI-044,Recurrente (bajo volumen / alta frecuencia),Línea Económica,Económica Básica,137.69
2025-11,Sureste,CLI-044,Recurrente (bajo volumen / alta frecuencia),Línea Económica,Económica Básica,237.18
2026-04,Sureste,CLI-044,Recurrente (bajo volumen / alta frecuencia),Línea Económica,Económica Básica,202.27
2026-05,Sureste,CLI-044,Recurrente (bajo volumen / alta frecuencia),Línea Económica,Económica Básica,198.12
2026-06,Sureste,CLI-044,Recurrente (bajo volumen / alta frecuencia),Línea Económica,Económica Básica,242.03
2026-07,Sureste,CLI-044,Recurrente (bajo volumen / alta frecuencia),Línea Económica,Económica Básica,172.29
2026-08,Sureste,CLI-044,Recurrente (bajo volumen / alta frecuencia),Línea Económica,Económica Básica,214.92
2025-01,Sureste,CLI-044,Recurrente (bajo volumen / alta frecuencia),Línea Premium,Premium Oficina,340.0
2025-02,Sureste,CLI-044,Recurrente (bajo volumen / alta frecuencia),Línea Premium,Premium Oficina,374.68
2025-03,Sureste,CLI-044,Recurrente (bajo volumen / alta frecuencia),Línea Premium,Premium Oficina,439.73
2025-04,Sureste,CLI-044,Recurrente (bajo volumen / alta frecuencia),Línea Premium,Premium Oficina,362.05
2025-05,Sureste,CLI-044,Recurrente (bajo volumen / alta frecuencia),Línea Premium,Premium Oficina,339.85
2025-06,Sureste,CLI-044,Recurrente (bajo volumen / alta frecuencia),Línea Premium,Premium Oficina,338.93
2025-10,Sureste,CLI-044,Recurrente (bajo volumen / alta frecuencia),Línea Premium,Premium Oficina,360.42
2025-11,Sureste,CLI-044,Recurrente (bajo volumen / alta frecuencia),Línea Premium,Premium Oficina,334.56
2025-12,Sureste,CLI-044,Recurrente (bajo volumen / alta frecuencia),Línea Premium,Premium Oficina,268.11
2026-01,Sureste,CLI-044,Recurrente (bajo volumen / alta frecuencia),Línea Premium,Premium Oficina,348.29
2026-03,Sureste,CLI-044,Recurrente (bajo volumen / alta frecuencia),Línea Premium,Premium Oficina,410.92
2026-06,Sureste,CLI-044,Recurrente (bajo volumen / alta frecuencia),Línea Premium,Premium Oficina,355.44
2026-08,Sureste,CLI-044,Recurrente (bajo volumen / alta frecuencia),Línea Premium,Premium Oficina,396.01
2025-01,Sureste,CLI-044,Recurrente (bajo volumen / alta frecuencia),Línea Premium,Premium Exportación,479.4
2025-02,Sureste,CLI-044,Recurrente (bajo volumen / alta frecuencia),Línea Premium,Premium Exportación,444.49
2025-03,Sureste,CLI-044,Recurrente (bajo volumen / alta frecuencia),Línea Premium,Premium Exportación,505.02
2025-04,Sureste,CLI-044,Recurrente (bajo volumen / alta frecuencia),Línea Premium,Premium Exportación,507.81
2025-05,Sureste,CLI-044,Recurrente (bajo volumen / alta frecuencia),Línea Premium,Premium Exportación,465.64
2025-06,Sureste,CLI-044,Recurrente (bajo volumen / alta frecuencia),Línea Premium,Premium Exportación,368.01
2025-07,Sureste,CLI-044,Recurrente (bajo volumen / alta frecuencia),Línea Premium,Premium Exportación,503.19
2025-11,Sureste,CLI-044,Recurrente (bajo volumen / alta frecuencia),Línea Premium,Premium Exportación,467.68
2025-12,Sureste,CLI-044,Recurrente (bajo volumen / alta frecuencia),Línea Premium,Premium Exportación,504.36
2026-01,Sureste,CLI-044,Recurrente (bajo volumen / alta frecuencia),Línea Premium,Premium Exportación,491.87
2026-02,Sureste,CLI-044,Recurrente (bajo volumen / alta frecuencia),Línea Premium,Premium Exportación,633.48
2026-03,Sureste,CLI-044,Recurrente (bajo volumen / alta frecuencia),Línea Premium,Premium Exportación,529.65
2026-04,Sureste,CLI-044,Recurrente (bajo volumen / alta frecuencia),Línea Premium,Premium Exportación,508.51
2026-06,Sureste,CLI-044,Recurrente (bajo volumen / alta frecuencia),Línea Premium,Premium Exportación,622.75
2026-08,Sureste,CLI-044,Recurrente (bajo volumen / alta frecuencia),Línea Premium,Premium Exportación,602.58
2025-01,Sureste,CLI-044,Recurrente (bajo volumen / alta frecuencia),Línea Económica,Económica Promocional,149.48
2025-02,Sureste,CLI-044,Recurrente (bajo volumen / alta frecuencia),Línea Económica,Económica Promocional,195.8
2025-03,Sureste,CLI-044,Recurrente (bajo volumen / alta frecuencia),Línea Económica,Económica Promocional,180.09
2025-04,Sureste,CLI-044,Recurrente (bajo volumen / alta frecuencia),Línea Económica,Económica Promocional,169.77
2025-05,Sureste,CLI-044,Recurrente (bajo volumen / alta frecuencia),Línea Económica,Económica Promocional,209.39
2025-07,Sureste,CLI-044,Recurrente (bajo volumen / alta frecuencia),Línea Económica,Económica Promocional,158.54
2025-08,Sureste,CLI-044,Recurrente (bajo volumen / alta frecuencia),Línea Económica,Económica Promocional,214.65
2025-09,Sureste,CLI-044,Recurrente (bajo volumen / alta frecuencia),Línea Económica,Económica Promocional,175.09
2025-11,Sureste,CLI-044,Recurrente (bajo volumen / alta frecuencia),Línea Económica,Económica Promocional,210.98
2026-01,Sureste,CLI-044,Recurrente (bajo volumen / alta frecuencia),Línea Económica,Económica Promocional,197.31
2026-02,Sureste,CLI-044,Recurrente (bajo volumen / alta frecuencia),Línea Económica,Económica Promocional,171.42
2026-07,Sureste,CLI-044,Recurrente (bajo volumen / alta frecuencia),Línea Económica,Económica Promocional,202.79
2026-08,Sureste,CLI-044,Recurrente (bajo volumen / alta frecuencia),Línea Económica,Económica Promocional,158.35
2025-01,Sureste,CLI-044,Recurrente (bajo volumen / alta frecuencia),Servicios postventa,Soporte y Mantenimiento,110.0
2025-04,Sureste,CLI-044,Recurrente (bajo volumen / alta frecuencia),Servicios postventa,Soporte y Mantenimiento,114.27
2025-06,Sureste,CLI-044,Recurrente (bajo volumen / alta frecuencia),Servicios postventa,Soporte y Mantenimiento,98.79
2025-07,Sureste,CLI-044,Recurrente (bajo volumen / alta frecuencia),Servicios postventa,Soporte y Mantenimiento,128.61
2025-08,Sureste,CLI-044,Recurrente (bajo volumen / alta frecuencia),Servicios postventa,Soporte y Mantenimiento,112.73
2025-09,Sureste,CLI-044,Recurrente (bajo volumen / alta frecuencia),Servicios postventa,Soporte y Mantenimiento,141.5
2025-10,Sureste,CLI-044,Recurrente (bajo volumen / alta frecuencia),Servicios postventa,Soporte y Mantenimiento,93.11
2025-11,Sureste,CLI-044,Recurrente (bajo volumen / alta frecuencia),Servicios postventa,Soporte y Mantenimiento,150.39
2026-02,Sureste,CLI-044,Recurrente (bajo volumen / alta frecuencia),Servicios postventa,Soporte y Mantenimiento,145.59
2026-03,Sureste,CLI-044,Recurrente (bajo volumen / alta frecuencia),Servicios postventa,Soporte y Mantenimiento,112.65
2026-04,Sureste,CLI-044,Recurrente (bajo volumen / alta frecuencia),Servicios postventa,Soporte y Mantenimiento,179.3
2026-05,Sureste,CLI-044,Recurrente (bajo volumen / alta frecuencia),Servicios postventa,Soporte y Mantenimiento,129.43
2026-06,Sureste,CLI-044,Recurrente (bajo volumen / alta frecuencia),Servicios postventa,Soporte y Mantenimiento,149.28
2025-01,Centro,CLI-045,Recurrente (bajo volumen / alta frecuencia),Línea Económica,Económica Promocional,126.1
2025-02,Centro,CLI-045,Recurrente (bajo volumen / alta frecuencia),Línea Económica,Económica Promocional,123.88
2025-03,Centro,CLI-045,Recurrente (bajo volumen / alta frecuencia),Línea Económica,Económica Promocional,101.73
2025-04,Centro,CLI-045,Recurrente (bajo volumen / alta frecuencia),Línea Económica,Económica Promocional,131.24
2025-05,Centro,CLI-045,Recurrente (bajo volumen / alta frecuencia),Línea Económica,Económica Promocional,151.27
2025-06,Centro,CLI-045,Recurrente (bajo volumen / alta frecuencia),Línea Económica,Económica Promocional,154.18
2025-07,Centro,CLI-045,Recurrente (bajo volumen / alta frecuencia),Línea Económica,Económica Promocional,105.07
2025-08,Centro,CLI-045,Recurrente (bajo volumen / alta frecuencia),Línea Económica,Económica Promocional,136.05
2025-11,Centro,CLI-045,Recurrente (bajo volumen / alta frecuencia),Línea Económica,Económica Promocional,121.68
2026-01,Centro,CLI-045,Recurrente (bajo volumen / alta frecuencia),Línea Económica,Económica Promocional,118.99
2026-02,Centro,CLI-045,Recurrente (bajo volumen / alta frecuencia),Línea Económica,Económica Promocional,114.59
2026-03,Centro,CLI-045,Recurrente (bajo volumen / alta frecuencia),Línea Económica,Económica Promocional,136.75
2026-07,Centro,CLI-045,Recurrente (bajo volumen / alta frecuencia),Línea Económica,Económica Promocional,138.96
2026-08,Centro,CLI-045,Recurrente (bajo volumen / alta frecuencia),Línea Económica,Económica Promocional,140.48
2025-01,Centro,CLI-045,Recurrente (bajo volumen / alta frecuencia),Línea Premium,Premium Oficina,283.05
2025-03,Centro,CLI-045,Recurrente (bajo volumen / alta frecuencia),Línea Premium,Premium Oficina,276.22
2025-04,Centro,CLI-045,Recurrente (bajo volumen / alta frecuencia),Línea Premium,Premium Oficina,250.42
2025-05,Centro,CLI-045,Recurrente (bajo volumen / alta frecuencia),Línea Premium,Premium Oficina,261.48
2025-07,Centro,CLI-045,Recurrente (bajo volumen / alta frecuencia),Línea Premium,Premium Oficina,226.13
2025-08,Centro,CLI-045,Recurrente (bajo volumen / alta frecuencia),Línea Premium,Premium Oficina,273.29
2025-09,Centro,CLI-045,Recurrente (bajo volumen / alta frecuencia),Línea Premium,Premium Oficina,350.11
2025-10,Centro,CLI-045,Recurrente (bajo volumen / alta frecuencia),Línea Premium,Premium Oficina,249.93
2025-11,Centro,CLI-045,Recurrente (bajo volumen / alta frecuencia),Línea Premium,Premium Oficina,358.8
2026-02,Centro,CLI-045,Recurrente (bajo volumen / alta frecuencia),Línea Premium,Premium Oficina,311.46
2026-04,Centro,CLI-045,Recurrente (bajo volumen / alta frecuencia),Línea Premium,Premium Oficina,370.46
2026-05,Centro,CLI-045,Recurrente (bajo volumen / alta frecuencia),Línea Premium,Premium Oficina,276.53
2026-06,Centro,CLI-045,Recurrente (bajo volumen / alta frecuencia),Línea Premium,Premium Oficina,259.18
2026-07,Centro,CLI-045,Recurrente (bajo volumen / alta frecuencia),Línea Premium,Premium Oficina,305.19
2025-01,Centro,CLI-045,Recurrente (bajo volumen / alta frecuencia),Servicios postventa,Soporte y Mantenimiento,84.93
2025-03,Centro,CLI-045,Recurrente (bajo volumen / alta frecuencia),Servicios postventa,Soporte y Mantenimiento,83.05
2025-06,Centro,CLI-045,Recurrente (bajo volumen / alta frecuencia),Servicios postventa,Soporte y Mantenimiento,82.63
2025-07,Centro,CLI-045,Recurrente (bajo volumen / alta frecuencia),Servicios postventa,Soporte y Mantenimiento,88.09
2025-08,Centro,CLI-045,Recurrente (bajo volumen / alta frecuencia),Servicios postventa,Soporte y Mantenimiento,87.67
2025-10,Centro,CLI-045,Recurrente (bajo volumen / alta frecuencia),Servicios postventa,Soporte y Mantenimiento,93.98
2025-11,Centro,CLI-045,Recurrente (bajo volumen / alta frecuencia),Servicios postventa,Soporte y Mantenimiento,68.42
2025-12,Centro,CLI-045,Recurrente (bajo volumen / alta frecuencia),Servicios postventa,Soporte y Mantenimiento,84.57
2026-02,Centro,CLI-045,Recurrente (bajo volumen / alta frecuencia),Servicios postventa,Soporte y Mantenimiento,99.64
2026-03,Centro,CLI-045,Recurrente (bajo volumen / alta frecuencia),Servicios postventa,Soporte y Mantenimiento,111.24
2026-04,Centro,CLI-045,Recurrente (bajo volumen / alta frecuencia),Servicios postventa,Soporte y Mantenimiento,99.15
2026-05,Centro,CLI-045,Recurrente (bajo volumen / alta frecuencia),Servicios postventa,Soporte y Mantenimiento,113.5
2026-06,Centro,CLI-045,Recurrente (bajo volumen / alta frecuencia),Servicios postventa,Soporte y Mantenimiento,96.08
2026-07,Centro,CLI-045,Recurrente (bajo volumen / alta frecuencia),Servicios postventa,Soporte y Mantenimiento,114.15
2025-01,Centro,CLI-045,Recurrente (bajo volumen / alta frecuencia),Línea Estándar,Estándar Mayoreo,222.75
2025-03,Centro,CLI-045,Recurrente (bajo volumen / alta frecuencia),Línea Estándar,Estándar Mayoreo,249.93
2025-04,Centro,CLI-045,Recurrente (bajo volumen / alta frecuencia),Línea Estándar,Estándar Mayoreo,260.78
2025-05,Centro,CLI-045,Recurrente (bajo volumen / alta frecuencia),Línea Estándar,Estándar Mayoreo,315.6
2025-08,Centro,CLI-045,Recurrente (bajo volumen / alta frecuencia),Línea Estándar,Estándar Mayoreo,281.77
2025-09,Centro,CLI-045,Recurrente (bajo volumen / alta frecuencia),Línea Estándar,Estándar Mayoreo,280.06
2025-10,Centro,CLI-045,Recurrente (bajo volumen / alta frecuencia),Línea Estándar,Estándar Mayoreo,249.94
2025-11,Centro,CLI-045,Recurrente (bajo volumen / alta frecuencia),Línea Estándar,Estándar Mayoreo,300.06
2025-12,Centro,CLI-045,Recurrente (bajo volumen / alta frecuencia),Línea Estándar,Estándar Mayoreo,264.85
2026-01,Centro,CLI-045,Recurrente (bajo volumen / alta frecuencia),Línea Estándar,Estándar Mayoreo,262.56
2026-02,Centro,CLI-045,Recurrente (bajo volumen / alta frecuencia),Línea Estándar,Estándar Mayoreo,252.09
2026-03,Centro,CLI-045,Recurrente (bajo volumen / alta frecuencia),Línea Estándar,Estándar Mayoreo,302.8
2026-04,Centro,CLI-045,Recurrente (bajo volumen / alta frecuencia),Línea Estándar,Estándar Mayoreo,237.77
2026-05,Centro,CLI-045,Recurrente (bajo volumen / alta frecuencia),Línea Estándar,Estándar Mayoreo,291.43
2026-06,Centro,CLI-045,Recurrente (bajo volumen / alta frecuencia),Línea Estándar,Estándar Mayoreo,350.69
2026-07,Centro,CLI-045,Recurrente (bajo volumen / alta frecuencia),Línea Estándar,Estándar Mayoreo,267.54
2025-01,Centro,CLI-045,Recurrente (bajo volumen / alta frecuencia),Línea Estándar,Estándar Retail,216.11
2025-02,Centro,CLI-045,Recurrente (bajo volumen / alta frecuencia),Línea Estándar,Estándar Retail,260.91
2025-03,Centro,CLI-045,Recurrente (bajo volumen / alta frecuencia),Línea Estándar,Estándar Retail,232.32
2025-04,Centro,CLI-045,Recurrente (bajo volumen / alta frecuencia),Línea Estándar,Estándar Retail,174.07
2025-06,Centro,CLI-045,Recurrente (bajo volumen / alta frecuencia),Línea Estándar,Estándar Retail,253.39
2025-08,Centro,CLI-045,Recurrente (bajo volumen / alta frecuencia),Línea Estándar,Estándar Retail,220.45
2025-09,Centro,CLI-045,Recurrente (bajo volumen / alta frecuencia),Línea Estándar,Estándar Retail,175.77
2025-12,Centro,CLI-045,Recurrente (bajo volumen / alta frecuencia),Línea Estándar,Estándar Retail,258.22
2026-01,Centro,CLI-045,Recurrente (bajo volumen / alta frecuencia),Línea Estándar,Estándar Retail,203.12
2026-02,Centro,CLI-045,Recurrente (bajo volumen / alta frecuencia),Línea Estándar,Estándar Retail,177.09
2026-05,Centro,CLI-045,Recurrente (bajo volumen / alta frecuencia),Línea Estándar,Estándar Retail,215.59
2026-06,Centro,CLI-045,Recurrente (bajo volumen / alta frecuencia),Línea Estándar,Estándar Retail,242.36
2026-07,Centro,CLI-045,Recurrente (bajo volumen / alta frecuencia),Línea Estándar,Estándar Retail,225.14
2026-08,Centro,CLI-045,Recurrente (bajo volumen / alta frecuencia),Línea Estándar,Estándar Retail,246.84
2025-01,Centro,CLI-045,Recurrente (bajo volumen / alta frecuencia),Línea Económica,Económica Básica,134.23
2025-02,Centro,CLI-045,Recurrente (bajo volumen / alta frecuencia),Línea Económica,Económica Básica,142.52
2025-03,Centro,CLI-045,Recurrente (bajo volumen / alta frecuencia),Línea Económica,Económica Básica,175.89
2025-04,Centro,CLI-045,Recurrente (bajo volumen / alta frecuencia),Línea Económica,Económica Básica,161.75
2025-05,Centro,CLI-045,Recurrente (bajo volumen / alta frecuencia),Línea Económica,Económica Básica,139.89
2025-06,Centro,CLI-045,Recurrente (bajo volumen / alta frecuencia),Línea Económica,Económica Básica,162.1
2025-07,Centro,CLI-045,Recurrente (bajo volumen / alta frecuencia),Línea Económica,Económica Básica,134.33
2025-08,Centro,CLI-045,Recurrente (bajo volumen / alta frecuencia),Línea Económica,Económica Básica,171.94
2025-09,Centro,CLI-045,Recurrente (bajo volumen / alta frecuencia),Línea Económica,Económica Básica,169.31
2025-10,Centro,CLI-045,Recurrente (bajo volumen / alta frecuencia),Línea Económica,Económica Básica,148.84
2025-11,Centro,CLI-045,Recurrente (bajo volumen / alta frecuencia),Línea Económica,Económica Básica,159.81
2025-12,Centro,CLI-045,Recurrente (bajo volumen / alta frecuencia),Línea Económica,Económica Básica,150.28
2026-01,Centro,CLI-045,Recurrente (bajo volumen / alta frecuencia),Línea Económica,Económica Básica,147.83
2026-03,Centro,CLI-045,Recurrente (bajo volumen / alta frecuencia),Línea Económica,Económica Básica,153.82
2026-04,Centro,CLI-045,Recurrente (bajo volumen / alta frecuencia),Línea Económica,Económica Básica,137.78
2026-05,Centro,CLI-045,Recurrente (bajo volumen / alta frecuencia),Línea Económica,Económica Básica,163.05
2026-07,Centro,CLI-045,Recurrente (bajo volumen / alta frecuencia),Línea Económica,Económica Básica,152.9
2026-08,Centro,CLI-045,Recurrente (bajo volumen / alta frecuencia),Línea Económica,Económica Básica,159.72
2025-01,Centro,CLI-046,Recurrente (bajo volumen / alta frecuencia),Línea Económica,Económica Básica,198.55
2025-02,Centro,CLI-046,Recurrente (bajo volumen / alta frecuencia),Línea Económica,Económica Básica,221.15
2025-03,Centro,CLI-046,Recurrente (bajo volumen / alta frecuencia),Línea Económica,Económica Básica,221.94
2025-04,Centro,CLI-046,Recurrente (bajo volumen / alta frecuencia),Línea Económica,Económica Básica,244.15
2025-05,Centro,CLI-046,Recurrente (bajo volumen / alta frecuencia),Línea Económica,Económica Básica,215.46
2025-07,Centro,CLI-046,Recurrente (bajo volumen / alta frecuencia),Línea Económica,Económica Básica,225.47
2025-08,Centro,CLI-046,Recurrente (bajo volumen / alta frecuencia),Línea Económica,Económica Básica,225.46
2025-09,Centro,CLI-046,Recurrente (bajo volumen / alta frecuencia),Línea Económica,Económica Básica,224.28
2025-10,Centro,CLI-046,Recurrente (bajo volumen / alta frecuencia),Línea Económica,Económica Básica,202.18
2025-11,Centro,CLI-046,Recurrente (bajo volumen / alta frecuencia),Línea Económica,Económica Básica,171.45
2025-12,Centro,CLI-046,Recurrente (bajo volumen / alta frecuencia),Línea Económica,Económica Básica,208.47
2026-01,Centro,CLI-046,Recurrente (bajo volumen / alta frecuencia),Línea Económica,Económica Básica,234.44
2026-04,Centro,CLI-046,Recurrente (bajo volumen / alta frecuencia),Línea Económica,Económica Básica,203.11
2026-05,Centro,CLI-046,Recurrente (bajo volumen / alta frecuencia),Línea Económica,Económica Básica,211.16
2026-07,Centro,CLI-046,Recurrente (bajo volumen / alta frecuencia),Línea Económica,Económica Básica,181.13
2026-08,Centro,CLI-046,Recurrente (bajo volumen / alta frecuencia),Línea Económica,Económica Básica,200.96
2025-01,Centro,CLI-046,Recurrente (bajo volumen / alta frecuencia),Línea Económica,Económica Promocional,197.92
2025-02,Centro,CLI-046,Recurrente (bajo volumen / alta frecuencia),Línea Económica,Económica Promocional,134.11
2025-03,Centro,CLI-046,Recurrente (bajo volumen / alta frecuencia),Línea Económica,Económica Promocional,233.89
2025-04,Centro,CLI-046,Recurrente (bajo volumen / alta frecuencia),Línea Económica,Económica Promocional,175.11
2025-05,Centro,CLI-046,Recurrente (bajo volumen / alta frecuencia),Línea Económica,Económica Promocional,161.8
2025-06,Centro,CLI-046,Recurrente (bajo volumen / alta frecuencia),Línea Económica,Económica Promocional,159.7
2025-07,Centro,CLI-046,Recurrente (bajo volumen / alta frecuencia),Línea Económica,Económica Promocional,187.0
2025-08,Centro,CLI-046,Recurrente (bajo volumen / alta frecuencia),Línea Económica,Económica Promocional,197.46
2025-09,Centro,CLI-046,Recurrente (bajo volumen / alta frecuencia),Línea Económica,Económica Promocional,227.61
2025-11,Centro,CLI-046,Recurrente (bajo volumen / alta frecuencia),Línea Económica,Económica Promocional,127.91
2025-12,Centro,CLI-046,Recurrente (bajo volumen / alta frecuencia),Línea Económica,Económica Promocional,179.76
2026-01,Centro,CLI-046,Recurrente (bajo volumen / alta frecuencia),Línea Económica,Económica Promocional,185.9
2026-02,Centro,CLI-046,Recurrente (bajo volumen / alta frecuencia),Línea Económica,Económica Promocional,234.69
2026-03,Centro,CLI-046,Recurrente (bajo volumen / alta frecuencia),Línea Económica,Económica Promocional,197.44
2026-04,Centro,CLI-046,Recurrente (bajo volumen / alta frecuencia),Línea Económica,Económica Promocional,198.82
2026-05,Centro,CLI-046,Recurrente (bajo volumen / alta frecuencia),Línea Económica,Económica Promocional,178.29
2026-07,Centro,CLI-046,Recurrente (bajo volumen / alta frecuencia),Línea Económica,Económica Promocional,176.0
2026-08,Centro,CLI-046,Recurrente (bajo volumen / alta frecuencia),Línea Económica,Económica Promocional,200.55
2025-01,Centro,CLI-046,Recurrente (bajo volumen / alta frecuencia),Línea Premium,Premium Exportación,495.8
2025-02,Centro,CLI-046,Recurrente (bajo volumen / alta frecuencia),Línea Premium,Premium Exportación,431.14
2025-04,Centro,CLI-046,Recurrente (bajo volumen / alta frecuencia),Línea Premium,Premium Exportación,472.5
2025-05,Centro,CLI-046,Recurrente (bajo volumen / alta frecuencia),Línea Premium,Premium Exportación,557.23
2025-07,Centro,CLI-046,Recurrente (bajo volumen / alta frecuencia),Línea Premium,Premium Exportación,441.02
2025-10,Centro,CLI-046,Recurrente (bajo volumen / alta frecuencia),Línea Premium,Premium Exportación,593.4
2025-11,Centro,CLI-046,Recurrente (bajo volumen / alta frecuencia),Línea Premium,Premium Exportación,430.49
2025-12,Centro,CLI-046,Recurrente (bajo volumen / alta frecuencia),Línea Premium,Premium Exportación,478.1
2026-02,Centro,CLI-046,Recurrente (bajo volumen / alta frecuencia),Línea Premium,Premium Exportación,350.95
2026-03,Centro,CLI-046,Recurrente (bajo volumen / alta frecuencia),Línea Premium,Premium Exportación,455.5
2026-05,Centro,CLI-046,Recurrente (bajo volumen / alta frecuencia),Línea Premium,Premium Exportación,461.63
2026-06,Centro,CLI-046,Recurrente (bajo volumen / alta frecuencia),Línea Premium,Premium Exportación,402.25
2026-07,Centro,CLI-046,Recurrente (bajo volumen / alta frecuencia),Línea Premium,Premium Exportación,555.09
2025-01,Centro,CLI-046,Recurrente (bajo volumen / alta frecuencia),Línea Estándar,Estándar Retail,369.14
2025-02,Centro,CLI-046,Recurrente (bajo volumen / alta frecuencia),Línea Estándar,Estándar Retail,280.45
2025-03,Centro,CLI-046,Recurrente (bajo volumen / alta frecuencia),Línea Estándar,Estándar Retail,266.13
2025-05,Centro,CLI-046,Recurrente (bajo volumen / alta frecuencia),Línea Estándar,Estándar Retail,319.66
2025-07,Centro,CLI-046,Recurrente (bajo volumen / alta frecuencia),Línea Estándar,Estándar Retail,290.76
2025-08,Centro,CLI-046,Recurrente (bajo volumen / alta frecuencia),Línea Estándar,Estándar Retail,281.19
2025-09,Centro,CLI-046,Recurrente (bajo volumen / alta frecuencia),Línea Estándar,Estándar Retail,301.83
2025-10,Centro,CLI-046,Recurrente (bajo volumen / alta frecuencia),Línea Estándar,Estándar Retail,276.79
2025-11,Centro,CLI-046,Recurrente (bajo volumen / alta frecuencia),Línea Estándar,Estándar Retail,280.36
2025-12,Centro,CLI-046,Recurrente (bajo volumen / alta frecuencia),Línea Estándar,Estándar Retail,234.28
2026-03,Centro,CLI-046,Recurrente (bajo volumen / alta frecuencia),Línea Estándar,Estándar Retail,274.31
2026-04,Centro,CLI-046,Recurrente (bajo volumen / alta frecuencia),Línea Estándar,Estándar Retail,193.98
2026-05,Centro,CLI-046,Recurrente (bajo volumen / alta frecuencia),Línea Estándar,Estándar Retail,313.95
2026-06,Centro,CLI-046,Recurrente (bajo volumen / alta frecuencia),Línea Estándar,Estándar Retail,256.45
2026-08,Centro,CLI-046,Recurrente (bajo volumen / alta frecuencia),Línea Estándar,Estándar Retail,234.13
2025-01,Centro,CLI-046,Recurrente (bajo volumen / alta frecuencia),Servicios postventa,Soporte y Mantenimiento,100.38
2025-03,Centro,CLI-046,Recurrente (bajo volumen / alta frecuencia),Servicios postventa,Soporte y Mantenimiento,151.56
2025-05,Centro,CLI-046,Recurrente (bajo volumen / alta frecuencia),Servicios postventa,Soporte y Mantenimiento,124.72
2025-06,Centro,CLI-046,Recurrente (bajo volumen / alta frecuencia),Servicios postventa,Soporte y Mantenimiento,128.89
2025-08,Centro,CLI-046,Recurrente (bajo volumen / alta frecuencia),Servicios postventa,Soporte y Mantenimiento,99.47
2025-09,Centro,CLI-046,Recurrente (bajo volumen / alta frecuencia),Servicios postventa,Soporte y Mantenimiento,126.11
2025-10,Centro,CLI-046,Recurrente (bajo volumen / alta frecuencia),Servicios postventa,Soporte y Mantenimiento,143.21
2025-11,Centro,CLI-046,Recurrente (bajo volumen / alta frecuencia),Servicios postventa,Soporte y Mantenimiento,128.22
2025-12,Centro,CLI-046,Recurrente (bajo volumen / alta frecuencia),Servicios postventa,Soporte y Mantenimiento,141.64
2026-01,Centro,CLI-046,Recurrente (bajo volumen / alta frecuencia),Servicios postventa,Soporte y Mantenimiento,175.24
2026-02,Centro,CLI-046,Recurrente (bajo volumen / alta frecuencia),Servicios postventa,Soporte y Mantenimiento,137.78
2026-03,Centro,CLI-046,Recurrente (bajo volumen / alta frecuencia),Servicios postventa,Soporte y Mantenimiento,168.58
2026-05,Centro,CLI-046,Recurrente (bajo volumen / alta frecuencia),Servicios postventa,Soporte y Mantenimiento,156.86
2026-08,Centro,CLI-046,Recurrente (bajo volumen / alta frecuencia),Servicios postventa,Soporte y Mantenimiento,188.54
2025-02,Centro,CLI-046,Recurrente (bajo volumen / alta frecuencia),Línea Estándar,Estándar Mayoreo,323.89
2025-03,Centro,CLI-046,Recurrente (bajo volumen / alta frecuencia),Línea Estándar,Estándar Mayoreo,339.7
2025-04,Centro,CLI-046,Recurrente (bajo volumen / alta frecuencia),Línea Estándar,Estándar Mayoreo,381.42
2025-05,Centro,CLI-046,Recurrente (bajo volumen / alta frecuencia),Línea Estándar,Estándar Mayoreo,329.19
2025-06,Centro,CLI-046,Recurrente (bajo volumen / alta frecuencia),Línea Estándar,Estándar Mayoreo,302.34
2025-07,Centro,CLI-046,Recurrente (bajo volumen / alta frecuencia),Línea Estándar,Estándar Mayoreo,378.55
2025-08,Centro,CLI-046,Recurrente (bajo volumen / alta frecuencia),Línea Estándar,Estándar Mayoreo,340.6
2025-09,Centro,CLI-046,Recurrente (bajo volumen / alta frecuencia),Línea Estándar,Estándar Mayoreo,347.38
2025-10,Centro,CLI-046,Recurrente (bajo volumen / alta frecuencia),Línea Estándar,Estándar Mayoreo,410.1
2025-11,Centro,CLI-046,Recurrente (bajo volumen / alta frecuencia),Línea Estándar,Estándar Mayoreo,464.41
2025-12,Centro,CLI-046,Recurrente (bajo volumen / alta frecuencia),Línea Estándar,Estándar Mayoreo,376.76
2026-01,Centro,CLI-046,Recurrente (bajo volumen / alta frecuencia),Línea Estándar,Estándar Mayoreo,333.06
2026-02,Centro,CLI-046,Recurrente (bajo volumen / alta frecuencia),Línea Estándar,Estándar Mayoreo,406.92
2026-04,Centro,CLI-046,Recurrente (bajo volumen / alta frecuencia),Línea Estándar,Estándar Mayoreo,429.69
2026-05,Centro,CLI-046,Recurrente (bajo volumen / alta frecuencia),Línea Estándar,Estándar Mayoreo,300.97
2026-06,Centro,CLI-046,Recurrente (bajo volumen / alta frecuencia),Línea Estándar,Estándar Mayoreo,394.49
2026-07,Centro,CLI-046,Recurrente (bajo volumen / alta frecuencia),Línea Estándar,Estándar Mayoreo,403.83
2026-08,Centro,CLI-046,Recurrente (bajo volumen / alta frecuencia),Línea Estándar,Estándar Mayoreo,198.22
2025-02,Norte,CLI-047,Recurrente (bajo volumen / alta frecuencia),Línea Estándar,Estándar Retail,306.9
2025-03,Norte,CLI-047,Recurrente (bajo volumen / alta frecuencia),Línea Estándar,Estándar Retail,321.96
2025-06,Norte,CLI-047,Recurrente (bajo volumen / alta frecuencia),Línea Estándar,Estándar Retail,320.94
2025-07,Norte,CLI-047,Recurrente (bajo volumen / alta frecuencia),Línea Estándar,Estándar Retail,277.34
2025-08,Norte,CLI-047,Recurrente (bajo volumen / alta frecuencia),Línea Estándar,Estándar Retail,302.61
2025-09,Norte,CLI-047,Recurrente (bajo volumen / alta frecuencia),Línea Estándar,Estándar Retail,278.48
2025-10,Norte,CLI-047,Recurrente (bajo volumen / alta frecuencia),Línea Estándar,Estándar Retail,331.64
2026-01,Norte,CLI-047,Recurrente (bajo volumen / alta frecuencia),Línea Estándar,Estándar Retail,294.39
2026-03,Norte,CLI-047,Recurrente (bajo volumen / alta frecuencia),Línea Estándar,Estándar Retail,303.86
2026-04,Norte,CLI-047,Recurrente (bajo volumen / alta frecuencia),Línea Estándar,Estándar Retail,290.51
2026-06,Norte,CLI-047,Recurrente (bajo volumen / alta frecuencia),Línea Estándar,Estándar Retail,324.16
2026-07,Norte,CLI-047,Recurrente (bajo volumen / alta frecuencia),Línea Estándar,Estándar Retail,450.27
2025-01,Norte,CLI-047,Recurrente (bajo volumen / alta frecuencia),Línea Económica,Económica Básica,239.09
2025-02,Norte,CLI-047,Recurrente (bajo volumen / alta frecuencia),Línea Económica,Económica Básica,232.2
2025-04,Norte,CLI-047,Recurrente (bajo volumen / alta frecuencia),Línea Económica,Económica Básica,222.9
2025-06,Norte,CLI-047,Recurrente (bajo volumen / alta frecuencia),Línea Económica,Económica Básica,260.11
2025-07,Norte,CLI-047,Recurrente (bajo volumen / alta frecuencia),Línea Económica,Económica Básica,209.69
2025-09,Norte,CLI-047,Recurrente (bajo volumen / alta frecuencia),Línea Económica,Económica Básica,268.62
2025-10,Norte,CLI-047,Recurrente (bajo volumen / alta frecuencia),Línea Económica,Económica Básica,190.57
2025-11,Norte,CLI-047,Recurrente (bajo volumen / alta frecuencia),Línea Económica,Económica Básica,271.11
2025-12,Norte,CLI-047,Recurrente (bajo volumen / alta frecuencia),Línea Económica,Económica Básica,212.07
2026-01,Norte,CLI-047,Recurrente (bajo volumen / alta frecuencia),Línea Económica,Económica Básica,236.67
2026-02,Norte,CLI-047,Recurrente (bajo volumen / alta frecuencia),Línea Económica,Económica Básica,271.16
2026-03,Norte,CLI-047,Recurrente (bajo volumen / alta frecuencia),Línea Económica,Económica Básica,237.53
2026-04,Norte,CLI-047,Recurrente (bajo volumen / alta frecuencia),Línea Económica,Económica Básica,217.24
2026-05,Norte,CLI-047,Recurrente (bajo volumen / alta frecuencia),Línea Económica,Económica Básica,202.92
2026-06,Norte,CLI-047,Recurrente (bajo volumen / alta frecuencia),Línea Económica,Económica Básica,196.27
2026-07,Norte,CLI-047,Recurrente (bajo volumen / alta frecuencia),Línea Económica,Económica Básica,229.88
2026-08,Norte,CLI-047,Recurrente (bajo volumen / alta frecuencia),Línea Económica,Económica Básica,226.6
2025-01,Norte,CLI-047,Recurrente (bajo volumen / alta frecuencia),Línea Económica,Económica Promocional,198.55
2025-03,Norte,CLI-047,Recurrente (bajo volumen / alta frecuencia),Línea Económica,Económica Promocional,194.03
2025-04,Norte,CLI-047,Recurrente (bajo volumen / alta frecuencia),Línea Económica,Económica Promocional,137.52
2025-05,Norte,CLI-047,Recurrente (bajo volumen / alta frecuencia),Línea Económica,Económica Promocional,182.03
2025-08,Norte,CLI-047,Recurrente (bajo volumen / alta frecuencia),Línea Económica,Económica Promocional,205.82
2025-09,Norte,CLI-047,Recurrente (bajo volumen / alta frecuencia),Línea Económica,Económica Promocional,193.72
2025-10,Norte,CLI-047,Recurrente (bajo volumen / alta frecuencia),Línea Económica,Económica Promocional,179.95
2025-11,Norte,CLI-047,Recurrente (bajo volumen / alta frecuencia),Línea Económica,Económica Promocional,177.21
2025-12,Norte,CLI-047,Recurrente (bajo volumen / alta frecuencia),Línea Económica,Económica Promocional,203.66
2026-01,Norte,CLI-047,Recurrente (bajo volumen / alta frecuencia),Línea Económica,Económica Promocional,188.14
2026-03,Norte,CLI-047,Recurrente (bajo volumen / alta frecuencia),Línea Económica,Económica Promocional,193.27
2026-04,Norte,CLI-047,Recurrente (bajo volumen / alta frecuencia),Línea Económica,Económica Promocional,195.12
2026-06,Norte,CLI-047,Recurrente (bajo volumen / alta frecuencia),Línea Económica,Económica Promocional,193.6
2026-07,Norte,CLI-047,Recurrente (bajo volumen / alta frecuencia),Línea Económica,Económica Promocional,201.76
2026-08,Norte,CLI-047,Recurrente (bajo volumen / alta frecuencia),Línea Económica,Económica Promocional,173.19
2025-01,Norte,CLI-047,Recurrente (bajo volumen / alta frecuencia),Línea Estándar,Estándar Mayoreo,416.67
2025-02,Norte,CLI-047,Recurrente (bajo volumen / alta frecuencia),Línea Estándar,Estándar Mayoreo,409.74
2025-03,Norte,CLI-047,Recurrente (bajo volumen / alta frecuencia),Línea Estándar,Estándar Mayoreo,416.99
2025-04,Norte,CLI-047,Recurrente (bajo volumen / alta frecuencia),Línea Estándar,Estándar Mayoreo,403.16
2025-06,Norte,CLI-047,Recurrente (bajo volumen / alta frecuencia),Línea Estándar,Estándar Mayoreo,349.57
2025-07,Norte,CLI-047,Recurrente (bajo volumen / alta frecuencia),Línea Estándar,Estándar Mayoreo,429.09
2025-08,Norte,CLI-047,Recurrente (bajo volumen / alta frecuencia),Línea Estándar,Estándar Mayoreo,471.61
2025-09,Norte,CLI-047,Recurrente (bajo volumen / alta frecuencia),Línea Estándar,Estándar Mayoreo,331.21
2025-11,Norte,CLI-047,Recurrente (bajo volumen / alta frecuencia),Línea Estándar,Estándar Mayoreo,438.01
2025-12,Norte,CLI-047,Recurrente (bajo volumen / alta frecuencia),Línea Estándar,Estándar Mayoreo,395.27
2026-01,Norte,CLI-047,Recurrente (bajo volumen / alta frecuencia),Línea Estándar,Estándar Mayoreo,445.12
2026-02,Norte,CLI-047,Recurrente (bajo volumen / alta frecuencia),Línea Estándar,Estándar Mayoreo,519.1
2026-03,Norte,CLI-047,Recurrente (bajo volumen / alta frecuencia),Línea Estándar,Estándar Mayoreo,417.83
2026-04,Norte,CLI-047,Recurrente (bajo volumen / alta frecuencia),Línea Estándar,Estándar Mayoreo,464.77
2026-05,Norte,CLI-047,Recurrente (bajo volumen / alta frecuencia),Línea Estándar,Estándar Mayoreo,549.99
2026-07,Norte,CLI-047,Recurrente (bajo volumen / alta frecuencia),Línea Estándar,Estándar Mayoreo,500.94
2026-08,Norte,CLI-047,Recurrente (bajo volumen / alta frecuencia),Línea Estándar,Estándar Mayoreo,269.59
2025-04,Centro,CLI-048,Esporádico (bajo volumen / baja frecuencia),Línea Económica,Económica Promocional,141.28
2026-02,Centro,CLI-048,Esporádico (bajo volumen / baja frecuencia),Línea Económica,Económica Promocional,192.74
2025-04,Occidente,CLI-049,Esporádico (bajo volumen / baja frecuencia),Línea Premium,Premium Exportación,454.22
2025-08,Occidente,CLI-049,Esporádico (bajo volumen / baja frecuencia),Línea Premium,Premium Exportación,468.92
2026-03,Occidente,CLI-049,Esporádico (bajo volumen / baja frecuencia),Línea Premium,Premium Exportación,457.85
2026-04,Occidente,CLI-049,Esporádico (bajo volumen / baja frecuencia),Línea Premium,Premium Exportación,536.69
2026-06,Occidente,CLI-049,Esporádico (bajo volumen / baja frecuencia),Línea Premium,Premium Exportación,446.21
2026-08,Occidente,CLI-049,Esporádico (bajo volumen / baja frecuencia),Línea Premium,Premium Exportación,685.8
2025-04,Norte,CLI-050,Ocasional (alto volumen / baja frecuencia),Línea Estándar,Estándar Mayoreo,787.4
2025-05,Norte,CLI-050,Ocasional (alto volumen / baja frecuencia),Línea Estándar,Estándar Mayoreo,928.51
2025-07,Norte,CLI-050,Ocasional (alto volumen / baja frecuencia),Línea Estándar,Estándar Mayoreo,908.1
2026-02,Norte,CLI-050,Ocasional (alto volumen / baja frecuencia),Línea Estándar,Estándar Mayoreo,703.38
2026-04,Norte,CLI-050,Ocasional (alto volumen / baja frecuencia),Línea Estándar,Estándar Mayoreo,735.73
2026-06,Norte,CLI-050,Ocasional (alto volumen / baja frecuencia),Línea Estándar,Estándar Mayoreo,931.23
2025-05,Norte,CLI-050,Ocasional (alto volumen / baja frecuencia),Servicios postventa,Soporte y Mantenimiento,253.04
2025-12,Norte,CLI-050,Ocasional (alto volumen / baja frecuencia),Servicios postventa,Soporte y Mantenimiento,281.03
2025-01,Norte,CLI-050,Ocasional (alto volumen / baja frecuencia),Línea Premium,Premium Oficina,979.03
2025-05,Norte,CLI-050,Ocasional (alto volumen / baja frecuencia),Línea Premium,Premium Oficina,602.46
2025-09,Norte,CLI-050,Ocasional (alto volumen / baja frecuencia),Línea Premium,Premium Oficina,1025.26
2025-12,Norte,CLI-050,Ocasional (alto volumen / baja frecuencia),Línea Premium,Premium Oficina,870.06
2026-02,Norte,CLI-050,Ocasional (alto volumen / baja frecuencia),Línea Premium,Premium Oficina,1050.0
2026-03,Norte,CLI-050,Ocasional (alto volumen / baja frecuencia),Línea Premium,Premium Oficina,941.08
2026-05,Norte,CLI-050,Ocasional (alto volumen / baja frecuencia),Línea Premium,Premium Oficina,1011.55
2026-08,Norte,CLI-050,Ocasional (alto volumen / baja frecuencia),Línea Premium,Premium Oficina,1086.6
2025-01,Occidente,CLI-051,VIP (alto volumen / alta frecuencia),Línea Premium,Premium Hogar,1054.44
2025-02,Occidente,CLI-051,VIP (alto volumen / alta frecuencia),Línea Premium,Premium Hogar,914.32
2025-03,Occidente,CLI-051,VIP (alto volumen / alta frecuencia),Línea Premium,Premium Hogar,977.39
2025-05,Occidente,CLI-051,VIP (alto volumen / alta frecuencia),Línea Premium,Premium Hogar,1073.4
2025-06,Occidente,CLI-051,VIP (alto volumen / alta frecuencia),Línea Premium,Premium Hogar,850.35
2025-07,Occidente,CLI-051,VIP (alto volumen / alta frecuencia),Línea Premium,Premium Hogar,859.68
2025-08,Occidente,CLI-051,VIP (alto volumen / alta frecuencia),Línea Premium,Premium Hogar,922.7
2025-09,Occidente,CLI-051,VIP (alto volumen / alta frecuencia),Línea Premium,Premium Hogar,1181.24
2025-10,Occidente,CLI-051,VIP (alto volumen / alta frecuencia),Línea Premium,Premium Hogar,1150.37
2025-11,Occidente,CLI-051,VIP (alto volumen / alta frecuencia),Línea Premium,Premium Hogar,1167.95
2026-01,Occidente,CLI-051,VIP (alto volumen / alta frecuencia),Línea Premium,Premium Hogar,1116.72
2026-02,Occidente,CLI-051,VIP (alto volumen / alta frecuencia),Línea Premium,Premium Hogar,1163.43
2026-03,Occidente,CLI-051,VIP (alto volumen / alta frecuencia),Línea Premium,Premium Hogar,958.06
2026-04,Occidente,CLI-051,VIP (alto volumen / alta frecuencia),Línea Premium,Premium Hogar,1308.42
2026-05,Occidente,CLI-051,VIP (alto volumen / alta frecuencia),Línea Premium,Premium Hogar,1366.12
2026-06,Occidente,CLI-051,VIP (alto volumen / alta frecuencia),Línea Premium,Premium Hogar,1067.46
2026-07,Occidente,CLI-051,VIP (alto volumen / alta frecuencia),Línea Premium,Premium Hogar,1002.87
2026-08,Occidente,CLI-051,VIP (alto volumen / alta frecuencia),Línea Premium,Premium Hogar,1155.28
2025-01,Occidente,CLI-051,VIP (alto volumen / alta frecuencia),Línea Económica,Económica Básica,478.52
2025-02,Occidente,CLI-051,VIP (alto volumen / alta frecuencia),Línea Económica,Económica Básica,436.45
2025-03,Occidente,CLI-051,VIP (alto volumen / alta frecuencia),Línea Económica,Económica Básica,431.55
2025-04,Occidente,CLI-051,VIP (alto volumen / alta frecuencia),Línea Económica,Económica Básica,636.49
2025-05,Occidente,CLI-051,VIP (alto volumen / alta frecuencia),Línea Económica,Económica Básica,472.98
2025-06,Occidente,CLI-051,VIP (alto volumen / alta frecuencia),Línea Económica,Económica Básica,618.29
2025-07,Occidente,CLI-051,VIP (alto volumen / alta frecuencia),Línea Económica,Económica Básica,426.87
2025-08,Occidente,CLI-051,VIP (alto volumen / alta frecuencia),Línea Económica,Económica Básica,475.26
2025-09,Occidente,CLI-051,VIP (alto volumen / alta frecuencia),Línea Económica,Económica Básica,602.06
2025-10,Occidente,CLI-051,VIP (alto volumen / alta frecuencia),Línea Económica,Económica Básica,426.48
2025-12,Occidente,CLI-051,VIP (alto volumen / alta frecuencia),Línea Económica,Económica Básica,560.71
2026-01,Occidente,CLI-051,VIP (alto volumen / alta frecuencia),Línea Económica,Económica Básica,571.55
2026-02,Occidente,CLI-051,VIP (alto volumen / alta frecuencia),Línea Económica,Económica Básica,489.4
2026-03,Occidente,CLI-051,VIP (alto volumen / alta frecuencia),Línea Económica,Económica Básica,586.37
2026-04,Occidente,CLI-051,VIP (alto volumen / alta frecuencia),Línea Económica,Económica Básica,483.09
2026-05,Occidente,CLI-051,VIP (alto volumen / alta frecuencia),Línea Económica,Económica Básica,509.76
2026-06,Occidente,CLI-051,VIP (alto volumen / alta frecuencia),Línea Económica,Económica Básica,559.43
2026-07,Occidente,CLI-051,VIP (alto volumen / alta frecuencia),Línea Económica,Económica Básica,387.12
2026-08,Occidente,CLI-051,VIP (alto volumen / alta frecuencia),Línea Económica,Económica Básica,395.73
2025-01,Occidente,CLI-051,VIP (alto volumen / alta frecuencia),Línea Económica,Económica Promocional,374.96
2025-02,Occidente,CLI-051,VIP (alto volumen / alta frecuencia),Línea Económica,Económica Promocional,426.61
2025-03,Occidente,CLI-051,VIP (alto volumen / alta frecuencia),Línea Económica,Económica Promocional,335.49
2025-04,Occidente,CLI-051,VIP (alto volumen / alta frecuencia),Línea Económica,Económica Promocional,327.25
2025-05,Occidente,CLI-051,VIP (alto volumen / alta frecuencia),Línea Económica,Económica Promocional,357.03
2025-06,Occidente,CLI-051,VIP (alto volumen / alta frecuencia),Línea Económica,Económica Promocional,414.45
2025-07,Occidente,CLI-051,VIP (alto volumen / alta frecuencia),Línea Económica,Económica Promocional,342.22
2025-08,Occidente,CLI-051,VIP (alto volumen / alta frecuencia),Línea Económica,Económica Promocional,472.39
2025-09,Occidente,CLI-051,VIP (alto volumen / alta frecuencia),Línea Económica,Económica Promocional,368.34
2025-10,Occidente,CLI-051,VIP (alto volumen / alta frecuencia),Línea Económica,Económica Promocional,342.05
2025-12,Occidente,CLI-051,VIP (alto volumen / alta frecuencia),Línea Económica,Económica Promocional,394.79
2026-01,Occidente,CLI-051,VIP (alto volumen / alta frecuencia),Línea Económica,Económica Promocional,364.51
2026-02,Occidente,CLI-051,VIP (alto volumen / alta frecuencia),Línea Económica,Económica Promocional,374.86
2026-03,Occidente,CLI-051,VIP (alto volumen / alta frecuencia),Línea Económica,Económica Promocional,395.86
2026-04,Occidente,CLI-051,VIP (alto volumen / alta frecuencia),Línea Económica,Económica Promocional,352.65
2026-05,Occidente,CLI-051,VIP (alto volumen / alta frecuencia),Línea Económica,Económica Promocional,365.89
2026-06,Occidente,CLI-051,VIP (alto volumen / alta frecuencia),Línea Económica,Económica Promocional,384.93
2026-07,Occidente,CLI-051,VIP (alto volumen / alta frecuencia),Línea Económica,Económica Promocional,309.03
2026-08,Occidente,CLI-051,VIP (alto volumen / alta frecuencia),Línea Económica,Económica Promocional,367.47
2025-01,Occidente,CLI-051,VIP (alto volumen / alta frecuencia),Línea Premium,Premium Oficina,1019.08
2025-02,Occidente,CLI-051,VIP (alto volumen / alta frecuencia),Línea Premium,Premium Oficina,818.11
2025-03,Occidente,CLI-051,VIP (alto volumen / alta frecuencia),Línea Premium,Premium Oficina,754.64
2025-04,Occidente,CLI-051,VIP (alto volumen / alta frecuencia),Línea Premium,Premium Oficina,880.67
2025-05,Occidente,CLI-051,VIP (alto volumen / alta frecuencia),Línea Premium,Premium Oficina,741.62
2025-06,Occidente,CLI-051,VIP (alto volumen / alta frecuencia),Línea Premium,Premium Oficina,731.45
2025-07,Occidente,CLI-051,VIP (alto volumen / alta frecuencia),Línea Premium,Premium Oficina,825.69
2025-09,Occidente,CLI-051,VIP (alto volumen / alta frecuencia),Línea Premium,Premium Oficina,829.59
2025-10,Occidente,CLI-051,VIP (alto volumen / alta frecuencia),Línea Premium,Premium Oficina,950.57
2025-11,Occidente,CLI-051,VIP (alto volumen / alta frecuencia),Línea Premium,Premium Oficina,1113.41
2025-12,Occidente,CLI-051,VIP (alto volumen / alta frecuencia),Línea Premium,Premium Oficina,787.56
2026-01,Occidente,CLI-051,VIP (alto volumen / alta frecuencia),Línea Premium,Premium Oficina,986.1
2026-02,Occidente,CLI-051,VIP (alto volumen / alta frecuencia),Línea Premium,Premium Oficina,1068.41
2026-03,Occidente,CLI-051,VIP (alto volumen / alta frecuencia),Línea Premium,Premium Oficina,813.97
2026-04,Occidente,CLI-051,VIP (alto volumen / alta frecuencia),Línea Premium,Premium Oficina,1017.08
2026-06,Occidente,CLI-051,VIP (alto volumen / alta frecuencia),Línea Premium,Premium Oficina,679.28
2026-07,Occidente,CLI-051,VIP (alto volumen / alta frecuencia),Línea Premium,Premium Oficina,771.31
2026-08,Occidente,CLI-051,VIP (alto volumen / alta frecuencia),Línea Premium,Premium Oficina,793.86
2025-02,Occidente,CLI-051,VIP (alto volumen / alta frecuencia),Servicios postventa,Soporte y Mantenimiento,288.54
2025-03,Occidente,CLI-051,VIP (alto volumen / alta frecuencia),Servicios postventa,Soporte y Mantenimiento,208.82
2025-04,Occidente,CLI-051,VIP (alto volumen / alta frecuencia),Servicios postventa,Soporte y Mantenimiento,191.7
2025-06,Occidente,CLI-051,VIP (alto volumen / alta frecuencia),Servicios postventa,Soporte y Mantenimiento,289.77
2025-07,Occidente,CLI-051,VIP (alto volumen / alta frecuencia),Servicios postventa,Soporte y Mantenimiento,261.47
2025-08,Occidente,CLI-051,VIP (alto volumen / alta frecuencia),Servicios postventa,Soporte y Mantenimiento,292.54
2025-09,Occidente,CLI-051,VIP (alto volumen / alta frecuencia),Servicios postventa,Soporte y Mantenimiento,278.24
2025-10,Occidente,CLI-051,VIP (alto volumen / alta frecuencia),Servicios postventa,Soporte y Mantenimiento,281.17
2025-12,Occidente,CLI-051,VIP (alto volumen / alta frecuencia),Servicios postventa,Soporte y Mantenimiento,235.09
2026-01,Occidente,CLI-051,VIP (alto volumen / alta frecuencia),Servicios postventa,Soporte y Mantenimiento,315.86
2026-02,Occidente,CLI-051,VIP (alto volumen / alta frecuencia),Servicios postventa,Soporte y Mantenimiento,319.42
2026-03,Occidente,CLI-051,VIP (alto volumen / alta frecuencia),Servicios postventa,Soporte y Mantenimiento,269.6
2026-04,Occidente,CLI-051,VIP (alto volumen / alta frecuencia),Servicios postventa,Soporte y Mantenimiento,321.34
2026-05,Occidente,CLI-051,VIP (alto volumen / alta frecuencia),Servicios postventa,Soporte y Mantenimiento,347.02
2026-06,Occidente,CLI-051,VIP (alto volumen / alta frecuencia),Servicios postventa,Soporte y Mantenimiento,298.56
2026-07,Occidente,CLI-051,VIP (alto volumen / alta frecuencia),Servicios postventa,Soporte y Mantenimiento,252.95
2026-08,Occidente,CLI-051,VIP (alto volumen / alta frecuencia),Servicios postventa,Soporte y Mantenimiento,316.77
2025-01,Occidente,CLI-051,VIP (alto volumen / alta frecuencia),Línea Premium,Premium Exportación,1060.59
2025-02,Occidente,CLI-051,VIP (alto volumen / alta frecuencia),Línea Premium,Premium Exportación,944.02
2025-03,Occidente,CLI-051,VIP (alto volumen / alta frecuencia),Línea Premium,Premium Exportación,1039.81
2025-04,Occidente,CLI-051,VIP (alto volumen / alta frecuencia),Línea Premium,Premium Exportación,886.49
2025-05,Occidente,CLI-051,VIP (alto volumen / alta frecuencia),Línea Premium,Premium Exportación,1233.99
2025-07,Occidente,CLI-051,VIP (alto volumen / alta frecuencia),Línea Premium,Premium Exportación,1087.06
2025-08,Occidente,CLI-051,VIP (alto volumen / alta frecuencia),Línea Premium,Premium Exportación,1031.81
2025-09,Occidente,CLI-051,VIP (alto volumen / alta frecuencia),Línea Premium,Premium Exportación,1353.2
2025-10,Occidente,CLI-051,VIP (alto volumen / alta frecuencia),Línea Premium,Premium Exportación,1353.15
2025-11,Occidente,CLI-051,VIP (alto volumen / alta frecuencia),Línea Premium,Premium Exportación,1173.12
2025-12,Occidente,CLI-051,VIP (alto volumen / alta frecuencia),Línea Premium,Premium Exportación,1012.22
2026-02,Occidente,CLI-051,VIP (alto volumen / alta frecuencia),Línea Premium,Premium Exportación,976.69
2026-03,Occidente,CLI-051,VIP (alto volumen / alta frecuencia),Línea Premium,Premium Exportación,1165.62
2026-04,Occidente,CLI-051,VIP (alto volumen / alta frecuencia),Línea Premium,Premium Exportación,1709.99
2026-06,Occidente,CLI-051,VIP (alto volumen / alta frecuencia),Línea Premium,Premium Exportación,1172.26
2026-08,Occidente,CLI-051,VIP (alto volumen / alta frecuencia),Línea Premium,Premium Exportación,1697.95
2025-01,Norte,CLI-052,Ocasional (alto volumen / baja frecuencia),Servicios postventa,Soporte y Mantenimiento,230.7
2025-03,Norte,CLI-052,Ocasional (alto volumen / baja frecuencia),Servicios postventa,Soporte y Mantenimiento,178.92
2025-05,Norte,CLI-052,Ocasional (alto volumen / baja frecuencia),Servicios postventa,Soporte y Mantenimiento,240.07
2025-07,Norte,CLI-052,Ocasional (alto volumen / baja frecuencia),Servicios postventa,Soporte y Mantenimiento,247.6
2025-09,Norte,CLI-052,Ocasional (alto volumen / baja frecuencia),Servicios postventa,Soporte y Mantenimiento,281.08
2025-12,Norte,CLI-052,Ocasional (alto volumen / baja frecuencia),Servicios postventa,Soporte y Mantenimiento,292.45
2026-02,Norte,CLI-052,Ocasional (alto volumen / baja frecuencia),Servicios postventa,Soporte y Mantenimiento,242.25
2026-04,Norte,CLI-052,Ocasional (alto volumen / baja frecuencia),Servicios postventa,Soporte y Mantenimiento,327.17
2026-05,Norte,CLI-052,Ocasional (alto volumen / baja frecuencia),Servicios postventa,Soporte y Mantenimiento,305.7
2026-08,Norte,CLI-052,Ocasional (alto volumen / baja frecuencia),Servicios postventa,Soporte y Mantenimiento,378.29
2025-03,Norte,CLI-052,Ocasional (alto volumen / baja frecuencia),Línea Premium,Premium Exportación,1039.25
2025-06,Norte,CLI-052,Ocasional (alto volumen / baja frecuencia),Línea Premium,Premium Exportación,940.65
2025-07,Norte,CLI-052,Ocasional (alto volumen / baja frecuencia),Línea Premium,Premium Exportación,1246.98
2025-09,Norte,CLI-052,Ocasional (alto volumen / baja frecuencia),Línea Premium,Premium Exportación,893.78
2025-10,Norte,CLI-052,Ocasional (alto volumen / baja frecuencia),Línea Premium,Premium Exportación,938.35
2026-04,Norte,CLI-052,Ocasional (alto volumen / baja frecuencia),Línea Premium,Premium Exportación,1241.94
2026-05,Norte,CLI-052,Ocasional (alto volumen / baja frecuencia),Línea Premium,Premium Exportación,843.84
2026-07,Norte,CLI-052,Ocasional (alto volumen / baja frecuencia),Línea Premium,Premium Exportación,1114.25
2026-08,Norte,CLI-052,Ocasional (alto volumen / baja frecuencia),Línea Premium,Premium Exportación,1201.04
2025-01,Centro,CLI-053,Recurrente (bajo volumen / alta frecuencia),Línea Estándar,Estándar Mayoreo,390.49
2025-02,Centro,CLI-053,Recurrente (bajo volumen / alta frecuencia),Línea Estándar,Estándar Mayoreo,302.88
2025-03,Centro,CLI-053,Recurrente (bajo volumen / alta frecuencia),Línea Estándar,Estándar Mayoreo,376.31
2025-05,Centro,CLI-053,Recurrente (bajo volumen / alta frecuencia),Línea Estándar,Estándar Mayoreo,356.97
2025-07,Centro,CLI-053,Recurrente (bajo volumen / alta frecuencia),Línea Estándar,Estándar Mayoreo,338.36
2025-09,Centro,CLI-053,Recurrente (bajo volumen / alta frecuencia),Línea Estándar,Estándar Mayoreo,291.79
2025-10,Centro,CLI-053,Recurrente (bajo volumen / alta frecuencia),Línea Estándar,Estándar Mayoreo,244.38
2025-11,Centro,CLI-053,Recurrente (bajo volumen / alta frecuencia),Línea Estándar,Estándar Mayoreo,332.23
2025-12,Centro,CLI-053,Recurrente (bajo volumen / alta frecuencia),Línea Estándar,Estándar Mayoreo,287.85
2026-01,Centro,CLI-053,Recurrente (bajo volumen / alta frecuencia),Línea Estándar,Estándar Mayoreo,277.94
2026-02,Centro,CLI-053,Recurrente (bajo volumen / alta frecuencia),Línea Estándar,Estándar Mayoreo,285.21
2026-03,Centro,CLI-053,Recurrente (bajo volumen / alta frecuencia),Línea Estándar,Estándar Mayoreo,340.64
2026-05,Centro,CLI-053,Recurrente (bajo volumen / alta frecuencia),Línea Estándar,Estándar Mayoreo,243.3
2025-01,Centro,CLI-053,Recurrente (bajo volumen / alta frecuencia),Línea Económica,Económica Básica,191.38
2025-03,Centro,CLI-053,Recurrente (bajo volumen / alta frecuencia),Línea Económica,Económica Básica,203.03
2025-04,Centro,CLI-053,Recurrente (bajo volumen / alta frecuencia),Línea Económica,Económica Básica,175.78
2025-05,Centro,CLI-053,Recurrente (bajo volumen / alta frecuencia),Línea Económica,Económica Básica,189.05
2025-06,Centro,CLI-053,Recurrente (bajo volumen / alta frecuencia),Línea Económica,Económica Básica,204.13
2025-07,Centro,CLI-053,Recurrente (bajo volumen / alta frecuencia),Línea Económica,Económica Básica,230.4
2025-08,Centro,CLI-053,Recurrente (bajo volumen / alta frecuencia),Línea Económica,Económica Básica,171.18
2025-09,Centro,CLI-053,Recurrente (bajo volumen / alta frecuencia),Línea Económica,Económica Básica,241.63
2025-10,Centro,CLI-053,Recurrente (bajo volumen / alta frecuencia),Línea Económica,Económica Básica,226.52
2025-12,Centro,CLI-053,Recurrente (bajo volumen / alta frecuencia),Línea Económica,Económica Básica,222.7
2026-02,Centro,CLI-053,Recurrente (bajo volumen / alta frecuencia),Línea Económica,Económica Básica,188.77
2026-04,Centro,CLI-053,Recurrente (bajo volumen / alta frecuencia),Línea Económica,Económica Básica,227.67
2026-05,Centro,CLI-053,Recurrente (bajo volumen / alta frecuencia),Línea Económica,Económica Básica,170.75
2026-06,Centro,CLI-053,Recurrente (bajo volumen / alta frecuencia),Línea Económica,Económica Básica,207.01
2026-08,Centro,CLI-053,Recurrente (bajo volumen / alta frecuencia),Línea Económica,Económica Básica,107.42
2025-01,Centro,CLI-053,Recurrente (bajo volumen / alta frecuencia),Servicios postventa,Soporte y Mantenimiento,128.49
2025-02,Centro,CLI-053,Recurrente (bajo volumen / alta frecuencia),Servicios postventa,Soporte y Mantenimiento,103.19
2025-03,Centro,CLI-053,Recurrente (bajo volumen / alta frecuencia),Servicios postventa,Soporte y Mantenimiento,109.58
2025-04,Centro,CLI-053,Recurrente (bajo volumen / alta frecuencia),Servicios postventa,Soporte y Mantenimiento,111.55
2025-05,Centro,CLI-053,Recurrente (bajo volumen / alta frecuencia),Servicios postventa,Soporte y Mantenimiento,109.28
2025-06,Centro,CLI-053,Recurrente (bajo volumen / alta frecuencia),Servicios postventa,Soporte y Mantenimiento,116.28
2025-09,Centro,CLI-053,Recurrente (bajo volumen / alta frecuencia),Servicios postventa,Soporte y Mantenimiento,121.2
2025-11,Centro,CLI-053,Recurrente (bajo volumen / alta frecuencia),Servicios postventa,Soporte y Mantenimiento,121.46
2025-12,Centro,CLI-053,Recurrente (bajo volumen / alta frecuencia),Servicios postventa,Soporte y Mantenimiento,119.79
2026-01,Centro,CLI-053,Recurrente (bajo volumen / alta frecuencia),Servicios postventa,Soporte y Mantenimiento,122.79
2026-02,Centro,CLI-053,Recurrente (bajo volumen / alta frecuencia),Servicios postventa,Soporte y Mantenimiento,118.57
2026-03,Centro,CLI-053,Recurrente (bajo volumen / alta frecuencia),Servicios postventa,Soporte y Mantenimiento,138.47
2026-04,Centro,CLI-053,Recurrente (bajo volumen / alta frecuencia),Servicios postventa,Soporte y Mantenimiento,102.27
2026-05,Centro,CLI-053,Recurrente (bajo volumen / alta frecuencia),Servicios postventa,Soporte y Mantenimiento,119.88
2026-06,Centro,CLI-053,Recurrente (bajo volumen / alta frecuencia),Servicios postventa,Soporte y Mantenimiento,124.78
2026-07,Centro,CLI-053,Recurrente (bajo volumen / alta frecuencia),Servicios postventa,Soporte y Mantenimiento,162.99
2025-01,Centro,CLI-053,Recurrente (bajo volumen / alta frecuencia),Línea Estándar,Estándar Retail,245.61
2025-02,Centro,CLI-053,Recurrente (bajo volumen / alta frecuencia),Línea Estándar,Estándar Retail,256.04
2025-04,Centro,CLI-053,Recurrente (bajo volumen / alta frecuencia),Línea Estándar,Estándar Retail,235.19
2025-06,Centro,CLI-053,Recurrente (bajo volumen / alta frecuencia),Línea Estándar,Estándar Retail,262.59
2025-07,Centro,CLI-053,Recurrente (bajo volumen / alta frecuencia),Línea Estándar,Estándar Retail,210.43
2025-08,Centro,CLI-053,Recurrente (bajo volumen / alta frecuencia),Línea Estándar,Estándar Retail,307.89
2025-09,Centro,CLI-053,Recurrente (bajo volumen / alta frecuencia),Línea Estándar,Estándar Retail,260.38
2025-10,Centro,CLI-053,Recurrente (bajo volumen / alta frecuencia),Línea Estándar,Estándar Retail,353.35
2025-11,Centro,CLI-053,Recurrente (bajo volumen / alta frecuencia),Línea Estándar,Estándar Retail,284.69
2025-12,Centro,CLI-053,Recurrente (bajo volumen / alta frecuencia),Línea Estándar,Estándar Retail,245.92
2026-01,Centro,CLI-053,Recurrente (bajo volumen / alta frecuencia),Línea Estándar,Estándar Retail,235.62
2026-02,Centro,CLI-053,Recurrente (bajo volumen / alta frecuencia),Línea Estándar,Estándar Retail,266.96
2026-03,Centro,CLI-053,Recurrente (bajo volumen / alta frecuencia),Línea Estándar,Estándar Retail,313.92
2026-04,Centro,CLI-053,Recurrente (bajo volumen / alta frecuencia),Línea Estándar,Estándar Retail,268.03
2026-05,Centro,CLI-053,Recurrente (bajo volumen / alta frecuencia),Línea Estándar,Estándar Retail,290.82
2026-06,Centro,CLI-053,Recurrente (bajo volumen / alta frecuencia),Línea Estándar,Estándar Retail,389.84
2026-07,Centro,CLI-053,Recurrente (bajo volumen / alta frecuencia),Línea Estándar,Estándar Retail,294.69
2026-08,Centro,CLI-053,Recurrente (bajo volumen / alta frecuencia),Línea Estándar,Estándar Retail,303.08
2025-03,Centro,CLI-053,Recurrente (bajo volumen / alta frecuencia),Línea Económica,Económica Promocional,150.46
2025-04,Centro,CLI-053,Recurrente (bajo volumen / alta frecuencia),Línea Económica,Económica Promocional,154.06
2025-05,Centro,CLI-053,Recurrente (bajo volumen / alta frecuencia),Línea Económica,Económica Promocional,167.82
2025-06,Centro,CLI-053,Recurrente (bajo volumen / alta frecuencia),Línea Económica,Económica Promocional,151.66
2025-07,Centro,CLI-053,Recurrente (bajo volumen / alta frecuencia),Línea Económica,Económica Promocional,151.84
2025-09,Centro,CLI-053,Recurrente (bajo volumen / alta frecuencia),Línea Económica,Económica Promocional,148.83
2025-10,Centro,CLI-053,Recurrente (bajo volumen / alta frecuencia),Línea Económica,Económica Promocional,143.73
2025-11,Centro,CLI-053,Recurrente (bajo volumen / alta frecuencia),Línea Económica,Económica Promocional,125.95
2025-12,Centro,CLI-053,Recurrente (bajo volumen / alta frecuencia),Línea Económica,Económica Promocional,141.54
2026-01,Centro,CLI-053,Recurrente (bajo volumen / alta frecuencia),Línea Económica,Económica Promocional,153.06
2026-02,Centro,CLI-053,Recurrente (bajo volumen / alta frecuencia),Línea Económica,Económica Promocional,166.38
2026-03,Centro,CLI-053,Recurrente (bajo volumen / alta frecuencia),Línea Económica,Económica Promocional,131.43
2026-04,Centro,CLI-053,Recurrente (bajo volumen / alta frecuencia),Línea Económica,Económica Promocional,127.08
2026-05,Centro,CLI-053,Recurrente (bajo volumen / alta frecuencia),Línea Económica,Económica Promocional,117.23
2026-06,Centro,CLI-053,Recurrente (bajo volumen / alta frecuencia),Línea Económica,Económica Promocional,133.64
2026-07,Centro,CLI-053,Recurrente (bajo volumen / alta frecuencia),Línea Económica,Económica Promocional,125.16
2026-08,Centro,CLI-053,Recurrente (bajo volumen / alta frecuencia),Línea Económica,Económica Promocional,110.94
2025-01,Centro,CLI-053,Recurrente (bajo volumen / alta frecuencia),Línea Premium,Premium Oficina,308.31
2025-02,Centro,CLI-053,Recurrente (bajo volumen / alta frecuencia),Línea Premium,Premium Oficina,359.45
2025-03,Centro,CLI-053,Recurrente (bajo volumen / alta frecuencia),Línea Premium,Premium Oficina,347.47
2025-04,Centro,CLI-053,Recurrente (bajo volumen / alta frecuencia),Línea Premium,Premium Oficina,337.19
2025-05,Centro,CLI-053,Recurrente (bajo volumen / alta frecuencia),Línea Premium,Premium Oficina,364.89
2025-06,Centro,CLI-053,Recurrente (bajo volumen / alta frecuencia),Línea Premium,Premium Oficina,307.57
2025-08,Centro,CLI-053,Recurrente (bajo volumen / alta frecuencia),Línea Premium,Premium Oficina,385.93
2025-09,Centro,CLI-053,Recurrente (bajo volumen / alta frecuencia),Línea Premium,Premium Oficina,329.52
2025-10,Centro,CLI-053,Recurrente (bajo volumen / alta frecuencia),Línea Premium,Premium Oficina,328.3
2025-11,Centro,CLI-053,Recurrente (bajo volumen / alta frecuencia),Línea Premium,Premium Oficina,329.89
2025-12,Centro,CLI-053,Recurrente (bajo volumen / alta frecuencia),Línea Premium,Premium Oficina,366.38
2026-01,Centro,CLI-053,Recurrente (bajo volumen / alta frecuencia),Línea Premium,Premium Oficina,431.54
2026-02,Centro,CLI-053,Recurrente (bajo volumen / alta frecuencia),Línea Premium,Premium Oficina,395.85
2026-03,Centro,CLI-053,Recurrente (bajo volumen / alta frecuencia),Línea Premium,Premium Oficina,385.2
2026-04,Centro,CLI-053,Recurrente (bajo volumen / alta frecuencia),Línea Premium,Premium Oficina,345.94
2026-06,Centro,CLI-053,Recurrente (bajo volumen / alta frecuencia),Línea Premium,Premium Oficina,408.04
2026-07,Centro,CLI-053,Recurrente (bajo volumen / alta frecuencia),Línea Premium,Premium Oficina,446.7
2026-08,Centro,CLI-053,Recurrente (bajo volumen / alta frecuencia),Línea Premium,Premium Oficina,388.33
2025-03,Centro,CLI-054,Ocasional (alto volumen / baja frecuencia),Línea Estándar,Estándar Retail,713.54
2025-07,Centro,CLI-054,Ocasional (alto volumen / baja frecuencia),Línea Estándar,Estándar Retail,697.59
2025-10,Centro,CLI-054,Ocasional (alto volumen / baja frecuencia),Línea Estándar,Estándar Retail,703.96
2025-12,Centro,CLI-054,Ocasional (alto volumen / baja frecuencia),Línea Estándar,Estándar Retail,660.91
2026-06,Centro,CLI-054,Ocasional (alto volumen / baja frecuencia),Línea Estándar,Estándar Retail,807.23
2025-07,Centro,CLI-054,Ocasional (alto volumen / baja frecuencia),Línea Estándar,Estándar Mayoreo,924.8
2025-09,Centro,CLI-054,Ocasional (alto volumen / baja frecuencia),Línea Estándar,Estándar Mayoreo,940.25
2026-02,Centro,CLI-054,Ocasional (alto volumen / baja frecuencia),Línea Estándar,Estándar Mayoreo,655.83
2025-01,Norte,CLI-055,VIP (alto volumen / alta frecuencia),Línea Premium,Premium Hogar,1012.24
2025-02,Norte,CLI-055,VIP (alto volumen / alta frecuencia),Línea Premium,Premium Hogar,1096.53
2025-03,Norte,CLI-055,VIP (alto volumen / alta frecuencia),Línea Premium,Premium Hogar,1008.15
2025-04,Norte,CLI-055,VIP (alto volumen / alta frecuencia),Línea Premium,Premium Hogar,854.93
2025-05,Norte,CLI-055,VIP (alto volumen / alta frecuencia),Línea Premium,Premium Hogar,1056.1
2025-06,Norte,CLI-055,VIP (alto volumen / alta frecuencia),Línea Premium,Premium Hogar,1006.32
2025-07,Norte,CLI-055,VIP (alto volumen / alta frecuencia),Línea Premium,Premium Hogar,866.04
2025-08,Norte,CLI-055,VIP (alto volumen / alta frecuencia),Línea Premium,Premium Hogar,977.63
2025-09,Norte,CLI-055,VIP (alto volumen / alta frecuencia),Línea Premium,Premium Hogar,1066.07
2025-10,Norte,CLI-055,VIP (alto volumen / alta frecuencia),Línea Premium,Premium Hogar,1172.61
2025-11,Norte,CLI-055,VIP (alto volumen / alta frecuencia),Línea Premium,Premium Hogar,763.89
2026-01,Norte,CLI-055,VIP (alto volumen / alta frecuencia),Línea Premium,Premium Hogar,1046.05
2026-02,Norte,CLI-055,VIP (alto volumen / alta frecuencia),Línea Premium,Premium Hogar,1074.52
2026-03,Norte,CLI-055,VIP (alto volumen / alta frecuencia),Línea Premium,Premium Hogar,1172.36
2026-04,Norte,CLI-055,VIP (alto volumen / alta frecuencia),Línea Premium,Premium Hogar,1062.61
2026-05,Norte,CLI-055,VIP (alto volumen / alta frecuencia),Línea Premium,Premium Hogar,1282.48
2026-06,Norte,CLI-055,VIP (alto volumen / alta frecuencia),Línea Premium,Premium Hogar,1100.82
2026-08,Norte,CLI-055,VIP (alto volumen / alta frecuencia),Línea Premium,Premium Hogar,1229.21
2025-01,Norte,CLI-055,VIP (alto volumen / alta frecuencia),Línea Premium,Premium Oficina,919.92
2025-02,Norte,CLI-055,VIP (alto volumen / alta frecuencia),Línea Premium,Premium Oficina,911.34
2025-03,Norte,CLI-055,VIP (alto volumen / alta frecuencia),Línea Premium,Premium Oficina,794.5
2025-04,Norte,CLI-055,VIP (alto volumen / alta frecuencia),Línea Premium,Premium Oficina,709.6
2025-05,Norte,CLI-055,VIP (alto volumen / alta frecuencia),Línea Premium,Premium Oficina,781.47
2025-06,Norte,CLI-055,VIP (alto volumen / alta frecuencia),Línea Premium,Premium Oficina,903.19
2025-07,Norte,CLI-055,VIP (alto volumen / alta frecuencia),Línea Premium,Premium Oficina,910.23
2025-08,Norte,CLI-055,VIP (alto volumen / alta frecuencia),Línea Premium,Premium Oficina,806.8
2025-09,Norte,CLI-055,VIP (alto volumen / alta frecuencia),Línea Premium,Premium Oficina,893.54
2025-10,Norte,CLI-055,VIP (alto volumen / alta frecuencia),Línea Premium,Premium Oficina,900.29
2025-11,Norte,CLI-055,VIP (alto volumen / alta frecuencia),Línea Premium,Premium Oficina,794.9
2025-12,Norte,CLI-055,VIP (alto volumen / alta frecuencia),Línea Premium,Premium Oficina,748.11
2026-01,Norte,CLI-055,VIP (alto volumen / alta frecuencia),Línea Premium,Premium Oficina,802.92
2026-02,Norte,CLI-055,VIP (alto volumen / alta frecuencia),Línea Premium,Premium Oficina,1007.45
2026-03,Norte,CLI-055,VIP (alto volumen / alta frecuencia),Línea Premium,Premium Oficina,928.85
2026-04,Norte,CLI-055,VIP (alto volumen / alta frecuencia),Línea Premium,Premium Oficina,830.33
2026-06,Norte,CLI-055,VIP (alto volumen / alta frecuencia),Línea Premium,Premium Oficina,980.81
2026-07,Norte,CLI-055,VIP (alto volumen / alta frecuencia),Línea Premium,Premium Oficina,940.58
2025-01,Norte,CLI-055,VIP (alto volumen / alta frecuencia),Servicios postventa,Soporte y Mantenimiento,208.4
2025-02,Norte,CLI-055,VIP (alto volumen / alta frecuencia),Servicios postventa,Soporte y Mantenimiento,229.64
2025-03,Norte,CLI-055,VIP (alto volumen / alta frecuencia),Servicios postventa,Soporte y Mantenimiento,288.49
2025-04,Norte,CLI-055,VIP (alto volumen / alta frecuencia),Servicios postventa,Soporte y Mantenimiento,330.92
2025-05,Norte,CLI-055,VIP (alto volumen / alta frecuencia),Servicios postventa,Soporte y Mantenimiento,285.57
2025-07,Norte,CLI-055,VIP (alto volumen / alta frecuencia),Servicios postventa,Soporte y Mantenimiento,343.84
2025-08,Norte,CLI-055,VIP (alto volumen / alta frecuencia),Servicios postventa,Soporte y Mantenimiento,313.35
2025-09,Norte,CLI-055,VIP (alto volumen / alta frecuencia),Servicios postventa,Soporte y Mantenimiento,259.66
2025-10,Norte,CLI-055,VIP (alto volumen / alta frecuencia),Servicios postventa,Soporte y Mantenimiento,275.12
2025-11,Norte,CLI-055,VIP (alto volumen / alta frecuencia),Servicios postventa,Soporte y Mantenimiento,367.93
2025-12,Norte,CLI-055,VIP (alto volumen / alta frecuencia),Servicios postventa,Soporte y Mantenimiento,360.07
2026-01,Norte,CLI-055,VIP (alto volumen / alta frecuencia),Servicios postventa,Soporte y Mantenimiento,319.74
2026-02,Norte,CLI-055,VIP (alto volumen / alta frecuencia),Servicios postventa,Soporte y Mantenimiento,299.41
2026-03,Norte,CLI-055,VIP (alto volumen / alta frecuencia),Servicios postventa,Soporte y Mantenimiento,321.97
2026-04,Norte,CLI-055,VIP (alto volumen / alta frecuencia),Servicios postventa,Soporte y Mantenimiento,260.0
2026-05,Norte,CLI-055,VIP (alto volumen / alta frecuencia),Servicios postventa,Soporte y Mantenimiento,296.84
2026-06,Norte,CLI-055,VIP (alto volumen / alta frecuencia),Servicios postventa,Soporte y Mantenimiento,351.69
2026-08,Norte,CLI-055,VIP (alto volumen / alta frecuencia),Servicios postventa,Soporte y Mantenimiento,350.42
2025-01,Norte,CLI-055,VIP (alto volumen / alta frecuencia),Línea Premium,Premium Exportación,1101.61
2025-02,Norte,CLI-055,VIP (alto volumen / alta frecuencia),Línea Premium,Premium Exportación,955.13
2025-03,Norte,CLI-055,VIP (alto volumen / alta frecuencia),Línea Premium,Premium Exportación,1095.09
2025-04,Norte,CLI-055,VIP (alto volumen / alta frecuencia),Línea Premium,Premium Exportación,1079.42
2025-05,Norte,CLI-055,VIP (alto volumen / alta frecuencia),Línea Premium,Premium Exportación,988.89
2025-06,Norte,CLI-055,VIP (alto volumen / alta frecuencia),Línea Premium,Premium Exportación,1001.85
2025-07,Norte,CLI-055,VIP (alto volumen / alta frecuencia),Línea Premium,Premium Exportación,1015.61
2025-08,Norte,CLI-055,VIP (alto volumen / alta frecuencia),Línea Premium,Premium Exportación,1074.04
2025-09,Norte,CLI-055,VIP (alto volumen / alta frecuencia),Línea Premium,Premium Exportación,1072.65
2025-10,Norte,CLI-055,VIP (alto volumen / alta frecuencia),Línea Premium,Premium Exportación,1035.8
2025-11,Norte,CLI-055,VIP (alto volumen / alta frecuencia),Línea Premium,Premium Exportación,1060.19
2025-12,Norte,CLI-055,VIP (alto volumen / alta frecuencia),Línea Premium,Premium Exportación,1087.36
2026-01,Norte,CLI-055,VIP (alto volumen / alta frecuencia),Línea Premium,Premium Exportación,1198.1
2026-02,Norte,CLI-055,VIP (alto volumen / alta frecuencia),Línea Premium,Premium Exportación,1223.34
2026-03,Norte,CLI-055,VIP (alto volumen / alta frecuencia),Línea Premium,Premium Exportación,946.31
2026-04,Norte,CLI-055,VIP (alto volumen / alta frecuencia),Línea Premium,Premium Exportación,1320.32
2026-05,Norte,CLI-055,VIP (alto volumen / alta frecuencia),Línea Premium,Premium Exportación,1174.15
2026-06,Norte,CLI-055,VIP (alto volumen / alta frecuencia),Línea Premium,Premium Exportación,1247.33
2026-07,Norte,CLI-055,VIP (alto volumen / alta frecuencia),Línea Premium,Premium Exportación,1315.56
2026-08,Norte,CLI-055,VIP (alto volumen / alta frecuencia),Línea Premium,Premium Exportación,1248.75
2025-01,Norte,CLI-055,VIP (alto volumen / alta frecuencia),Línea Económica,Económica Básica,601.53
2025-03,Norte,CLI-055,VIP (alto volumen / alta frecuencia),Línea Económica,Económica Básica,464.72
2025-04,Norte,CLI-055,VIP (alto volumen / alta frecuencia),Línea Económica,Económica Básica,490.54
2025-05,Norte,CLI-055,VIP (alto volumen / alta frecuencia),Línea Económica,Económica Básica,393.11
2025-06,Norte,CLI-055,VIP (alto volumen / alta frecuencia),Línea Económica,Económica Básica,547.0
2025-07,Norte,CLI-055,VIP (alto volumen / alta frecuencia),Línea Económica,Económica Básica,481.42
2025-08,Norte,CLI-055,VIP (alto volumen / alta frecuencia),Línea Económica,Económica Básica,583.56
2025-09,Norte,CLI-055,VIP (alto volumen / alta frecuencia),Línea Económica,Económica Básica,530.23
2025-10,Norte,CLI-055,VIP (alto volumen / alta frecuencia),Línea Económica,Económica Básica,514.54
2025-11,Norte,CLI-055,VIP (alto volumen / alta frecuencia),Línea Económica,Económica Básica,527.54
2025-12,Norte,CLI-055,VIP (alto volumen / alta frecuencia),Línea Económica,Económica Básica,528.96
2026-01,Norte,CLI-055,VIP (alto volumen / alta frecuencia),Línea Económica,Económica Básica,450.59
2026-02,Norte,CLI-055,VIP (alto volumen / alta frecuencia),Línea Económica,Económica Básica,560.87
2026-03,Norte,CLI-055,VIP (alto volumen / alta frecuencia),Línea Económica,Económica Básica,523.59
2026-05,Norte,CLI-055,VIP (alto volumen / alta frecuencia),Línea Económica,Económica Básica,510.45
2026-06,Norte,CLI-055,VIP (alto volumen / alta frecuencia),Línea Económica,Económica Básica,629.62
2026-07,Norte,CLI-055,VIP (alto volumen / alta frecuencia),Línea Económica,Económica Básica,488.65
2026-08,Norte,CLI-055,VIP (alto volumen / alta frecuencia),Línea Económica,Económica Básica,609.75
2025-01,Norte,CLI-055,VIP (alto volumen / alta frecuencia),Línea Estándar,Estándar Mayoreo,916.2
2025-03,Norte,CLI-055,VIP (alto volumen / alta frecuencia),Línea Estándar,Estándar Mayoreo,874.21
2025-05,Norte,CLI-055,VIP (alto volumen / alta frecuencia),Línea Estándar,Estándar Mayoreo,908.46
2025-06,Norte,CLI-055,VIP (alto volumen / alta frecuencia),Línea Estándar,Estándar Mayoreo,723.71
2025-07,Norte,CLI-055,VIP (alto volumen / alta frecuencia),Línea Estándar,Estándar Mayoreo,808.74
2025-08,Norte,CLI-055,VIP (alto volumen / alta frecuencia),Línea Estándar,Estándar Mayoreo,889.47
2025-09,Norte,CLI-055,VIP (alto volumen / alta frecuencia),Línea Estándar,Estándar Mayoreo,916.54
2025-10,Norte,CLI-055,VIP (alto volumen / alta frecuencia),Línea Estándar,Estándar Mayoreo,803.55
2025-11,Norte,CLI-055,VIP (alto volumen / alta frecuencia),Línea Estándar,Estándar Mayoreo,816.21
2026-01,Norte,CLI-055,VIP (alto volumen / alta frecuencia),Línea Estándar,Estándar Mayoreo,741.88
2026-02,Norte,CLI-055,VIP (alto volumen / alta frecuencia),Línea Estándar,Estándar Mayoreo,589.07
2026-03,Norte,CLI-055,VIP (alto volumen / alta frecuencia),Línea Estándar,Estándar Mayoreo,720.63
2026-04,Norte,CLI-055,VIP (alto volumen / alta frecuencia),Línea Estándar,Estándar Mayoreo,710.74
2026-05,Norte,CLI-055,VIP (alto volumen / alta frecuencia),Línea Estándar,Estándar Mayoreo,829.43
2026-06,Norte,CLI-055,VIP (alto volumen / alta frecuencia),Línea Estándar,Estándar Mayoreo,758.08
2026-07,Norte,CLI-055,VIP (alto volumen / alta frecuencia),Línea Estándar,Estándar Mayoreo,989.64
2026-08,Norte,CLI-055,VIP (alto volumen / alta frecuencia),Línea Estándar,Estándar Mayoreo,552.83
2025-01,Norte,CLI-055,VIP (alto volumen / alta frecuencia),Línea Estándar,Estándar Retail,684.12
2025-02,Norte,CLI-055,VIP (alto volumen / alta frecuencia),Línea Estándar,Estándar Retail,826.8
2025-03,Norte,CLI-055,VIP (alto volumen / alta frecuencia),Línea Estándar,Estándar Retail,824.29
2025-04,Norte,CLI-055,VIP (alto volumen / alta frecuencia),Línea Estándar,Estándar Retail,722.56
2025-06,Norte,CLI-055,VIP (alto volumen / alta frecuencia),Línea Estándar,Estándar Retail,667.18
2025-07,Norte,CLI-055,VIP (alto volumen / alta frecuencia),Línea Estándar,Estándar Retail,748.09
2025-08,Norte,CLI-055,VIP (alto volumen / alta frecuencia),Línea Estándar,Estándar Retail,823.23
2025-09,Norte,CLI-055,VIP (alto volumen / alta frecuencia),Línea Estándar,Estándar Retail,581.54
2025-10,Norte,CLI-055,VIP (alto volumen / alta frecuencia),Línea Estándar,Estándar Retail,723.01
2025-11,Norte,CLI-055,VIP (alto volumen / alta frecuencia),Línea Estándar,Estándar Retail,706.85
2025-12,Norte,CLI-055,VIP (alto volumen / alta frecuencia),Línea Estándar,Estándar Retail,599.35
2026-01,Norte,CLI-055,VIP (alto volumen / alta frecuencia),Línea Estándar,Estándar Retail,786.47
2026-02,Norte,CLI-055,VIP (alto volumen / alta frecuencia),Línea Estándar,Estándar Retail,751.83
2026-03,Norte,CLI-055,VIP (alto volumen / alta frecuencia),Línea Estándar,Estándar Retail,696.15
2026-04,Norte,CLI-055,VIP (alto volumen / alta frecuencia),Línea Estándar,Estándar Retail,701.33
2026-05,Norte,CLI-055,VIP (alto volumen / alta frecuencia),Línea Estándar,Estándar Retail,672.28
2026-06,Norte,CLI-055,VIP (alto volumen / alta frecuencia),Línea Estándar,Estándar Retail,588.07
2026-07,Norte,CLI-055,VIP (alto volumen / alta frecuencia),Línea Estándar,Estándar Retail,736.09
2026-08,Norte,CLI-055,VIP (alto volumen / alta frecuencia),Línea Estándar,Estándar Retail,610.7
2025-01,Centro,CLI-056,Recurrente (bajo volumen / alta frecuencia),Línea Premium,Premium Oficina,218.67
2025-02,Centro,CLI-056,Recurrente (bajo volumen / alta frecuencia),Línea Premium,Premium Oficina,204.25
2025-03,Centro,CLI-056,Recurrente (bajo volumen / alta frecuencia),Línea Premium,Premium Oficina,308.39
2025-04,Centro,CLI-056,Recurrente (bajo volumen / alta frecuencia),Línea Premium,Premium Oficina,245.95
2025-05,Centro,CLI-056,Recurrente (bajo volumen / alta frecuencia),Línea Premium,Premium Oficina,311.53
2025-06,Centro,CLI-056,Recurrente (bajo volumen / alta frecuencia),Línea Premium,Premium Oficina,227.49
2025-08,Centro,CLI-056,Recurrente (bajo volumen / alta frecuencia),Línea Premium,Premium Oficina,259.06
2025-09,Centro,CLI-056,Recurrente (bajo volumen / alta frecuencia),Línea Premium,Premium Oficina,312.24
2025-10,Centro,CLI-056,Recurrente (bajo volumen / alta frecuencia),Línea Premium,Premium Oficina,241.98
2025-11,Centro,CLI-056,Recurrente (bajo volumen / alta frecuencia),Línea Premium,Premium Oficina,266.86
2026-01,Centro,CLI-056,Recurrente (bajo volumen / alta frecuencia),Línea Premium,Premium Oficina,278.01
2026-02,Centro,CLI-056,Recurrente (bajo volumen / alta frecuencia),Línea Premium,Premium Oficina,260.04
2026-03,Centro,CLI-056,Recurrente (bajo volumen / alta frecuencia),Línea Premium,Premium Oficina,296.62
2026-06,Centro,CLI-056,Recurrente (bajo volumen / alta frecuencia),Línea Premium,Premium Oficina,311.15
2026-08,Centro,CLI-056,Recurrente (bajo volumen / alta frecuencia),Línea Premium,Premium Oficina,328.31
2025-01,Centro,CLI-056,Recurrente (bajo volumen / alta frecuencia),Línea Económica,Económica Promocional,152.63
2025-02,Centro,CLI-056,Recurrente (bajo volumen / alta frecuencia),Línea Económica,Económica Promocional,127.94
2025-03,Centro,CLI-056,Recurrente (bajo volumen / alta frecuencia),Línea Económica,Económica Promocional,161.27
2025-04,Centro,CLI-056,Recurrente (bajo volumen / alta frecuencia),Línea Económica,Económica Promocional,125.02
2025-05,Centro,CLI-056,Recurrente (bajo volumen / alta frecuencia),Línea Económica,Económica Promocional,131.94
2025-06,Centro,CLI-056,Recurrente (bajo volumen / alta frecuencia),Línea Económica,Económica Promocional,143.43
2025-08,Centro,CLI-056,Recurrente (bajo volumen / alta frecuencia),Línea Económica,Económica Promocional,140.01
2025-09,Centro,CLI-056,Recurrente (bajo volumen / alta frecuencia),Línea Económica,Económica Promocional,147.31
2025-11,Centro,CLI-056,Recurrente (bajo volumen / alta frecuencia),Línea Económica,Económica Promocional,145.84
2026-03,Centro,CLI-056,Recurrente (bajo volumen / alta frecuencia),Línea Económica,Económica Promocional,131.63
2026-05,Centro,CLI-056,Recurrente (bajo volumen / alta frecuencia),Línea Económica,Económica Promocional,125.02
2026-06,Centro,CLI-056,Recurrente (bajo volumen / alta frecuencia),Línea Económica,Económica Promocional,117.3
2026-07,Centro,CLI-056,Recurrente (bajo volumen / alta frecuencia),Línea Económica,Económica Promocional,124.96
2025-01,Centro,CLI-056,Recurrente (bajo volumen / alta frecuencia),Línea Económica,Económica Básica,177.9
2025-02,Centro,CLI-056,Recurrente (bajo volumen / alta frecuencia),Línea Económica,Económica Básica,149.27
2025-03,Centro,CLI-056,Recurrente (bajo volumen / alta frecuencia),Línea Económica,Económica Básica,167.33
2025-04,Centro,CLI-056,Recurrente (bajo volumen / alta frecuencia),Línea Económica,Económica Básica,149.39
2025-05,Centro,CLI-056,Recurrente (bajo volumen / alta frecuencia),Línea Económica,Económica Básica,169.32
2025-07,Centro,CLI-056,Recurrente (bajo volumen / alta frecuencia),Línea Económica,Económica Básica,166.36
2025-08,Centro,CLI-056,Recurrente (bajo volumen / alta frecuencia),Línea Económica,Económica Básica,200.81
2025-10,Centro,CLI-056,Recurrente (bajo volumen / alta frecuencia),Línea Económica,Económica Básica,141.02
2025-12,Centro,CLI-056,Recurrente (bajo volumen / alta frecuencia),Línea Económica,Económica Básica,115.2
2026-01,Centro,CLI-056,Recurrente (bajo volumen / alta frecuencia),Línea Económica,Económica Básica,176.18
2026-02,Centro,CLI-056,Recurrente (bajo volumen / alta frecuencia),Línea Económica,Económica Básica,170.14
2026-03,Centro,CLI-056,Recurrente (bajo volumen / alta frecuencia),Línea Económica,Económica Básica,164.01
2026-05,Centro,CLI-056,Recurrente (bajo volumen / alta frecuencia),Línea Económica,Económica Básica,157.13
2026-06,Centro,CLI-056,Recurrente (bajo volumen / alta frecuencia),Línea Económica,Económica Básica,193.81
2026-07,Centro,CLI-056,Recurrente (bajo volumen / alta frecuencia),Línea Económica,Económica Básica,165.22
2026-08,Centro,CLI-056,Recurrente (bajo volumen / alta frecuencia),Línea Económica,Económica Básica,155.02
2025-01,Centro,CLI-056,Recurrente (bajo volumen / alta frecuencia),Servicios postventa,Soporte y Mantenimiento,95.17
2025-03,Centro,CLI-056,Recurrente (bajo volumen / alta frecuencia),Servicios postventa,Soporte y Mantenimiento,91.81
2025-04,Centro,CLI-056,Recurrente (bajo volumen / alta frecuencia),Servicios postventa,Soporte y Mantenimiento,76.15
2025-06,Centro,CLI-056,Recurrente (bajo volumen / alta frecuencia),Servicios postventa,Soporte y Mantenimiento,92.74
2025-08,Centro,CLI-056,Recurrente (bajo volumen / alta frecuencia),Servicios postventa,Soporte y Mantenimiento,94.02
2025-09,Centro,CLI-056,Recurrente (bajo volumen / alta frecuencia),Servicios postventa,Soporte y Mantenimiento,91.1
2025-10,Centro,CLI-056,Recurrente (bajo volumen / alta frecuencia),Servicios postventa,Soporte y Mantenimiento,89.07
2025-11,Centro,CLI-056,Recurrente (bajo volumen / alta frecuencia),Servicios postventa,Soporte y Mantenimiento,98.77
2025-12,Centro,CLI-056,Recurrente (bajo volumen / alta frecuencia),Servicios postventa,Soporte y Mantenimiento,87.54
2026-01,Centro,CLI-056,Recurrente (bajo volumen / alta frecuencia),Servicios postventa,Soporte y Mantenimiento,114.72
2026-02,Centro,CLI-056,Recurrente (bajo volumen / alta frecuencia),Servicios postventa,Soporte y Mantenimiento,112.2
2026-03,Centro,CLI-056,Recurrente (bajo volumen / alta frecuencia),Servicios postventa,Soporte y Mantenimiento,97.92
2026-04,Centro,CLI-056,Recurrente (bajo volumen / alta frecuencia),Servicios postventa,Soporte y Mantenimiento,105.5
2026-05,Centro,CLI-056,Recurrente (bajo volumen / alta frecuencia),Servicios postventa,Soporte y Mantenimiento,106.95
2026-06,Centro,CLI-056,Recurrente (bajo volumen / alta frecuencia),Servicios postventa,Soporte y Mantenimiento,114.56
2026-07,Centro,CLI-056,Recurrente (bajo volumen / alta frecuencia),Servicios postventa,Soporte y Mantenimiento,121.27
2026-08,Centro,CLI-056,Recurrente (bajo volumen / alta frecuencia),Servicios postventa,Soporte y Mantenimiento,120.6
2025-01,Centro,CLI-056,Recurrente (bajo volumen / alta frecuencia),Línea Premium,Premium Exportación,414.71
2025-03,Centro,CLI-056,Recurrente (bajo volumen / alta frecuencia),Línea Premium,Premium Exportación,339.34
2025-04,Centro,CLI-056,Recurrente (bajo volumen / alta frecuencia),Línea Premium,Premium Exportación,274.99
2025-05,Centro,CLI-056,Recurrente (bajo volumen / alta frecuencia),Línea Premium,Premium Exportación,352.18
2025-06,Centro,CLI-056,Recurrente (bajo volumen / alta frecuencia),Línea Premium,Premium Exportación,289.09
2025-07,Centro,CLI-056,Recurrente (bajo volumen / alta frecuencia),Línea Premium,Premium Exportación,388.79
2025-08,Centro,CLI-056,Recurrente (bajo volumen / alta frecuencia),Línea Premium,Premium Exportación,376.08
2025-09,Centro,CLI-056,Recurrente (bajo volumen / alta frecuencia),Línea Premium,Premium Exportación,319.47
2025-10,Centro,CLI-056,Recurrente (bajo volumen / alta frecuencia),Línea Premium,Premium Exportación,299.87
2026-01,Centro,CLI-056,Recurrente (bajo volumen / alta frecuencia),Línea Premium,Premium Exportación,297.41
2026-02,Centro,CLI-056,Recurrente (bajo volumen / alta frecuencia),Línea Premium,Premium Exportación,317.42
2026-03,Centro,CLI-056,Recurrente (bajo volumen / alta frecuencia),Línea Premium,Premium Exportación,357.02
2026-04,Centro,CLI-056,Recurrente (bajo volumen / alta frecuencia),Línea Premium,Premium Exportación,391.78
2026-06,Centro,CLI-056,Recurrente (bajo volumen / alta frecuencia),Línea Premium,Premium Exportación,302.27
2026-07,Centro,CLI-056,Recurrente (bajo volumen / alta frecuencia),Línea Premium,Premium Exportación,397.07
2026-08,Centro,CLI-056,Recurrente (bajo volumen / alta frecuencia),Línea Premium,Premium Exportación,431.01
2025-02,Centro,CLI-056,Recurrente (bajo volumen / alta frecuencia),Línea Estándar,Estándar Retail,218.56
2025-04,Centro,CLI-056,Recurrente (bajo volumen / alta frecuencia),Línea Estándar,Estándar Retail,285.2
2025-05,Centro,CLI-056,Recurrente (bajo volumen / alta frecuencia),Línea Estándar,Estándar Retail,212.7
2025-06,Centro,CLI-056,Recurrente (bajo volumen / alta frecuencia),Línea Estándar,Estándar Retail,235.39
2025-08,Centro,CLI-056,Recurrente (bajo volumen / alta frecuencia),Línea Estándar,Estándar Retail,202.84
2025-09,Centro,CLI-056,Recurrente (bajo volumen / alta frecuencia),Línea Estándar,Estándar Retail,241.93
2025-11,Centro,CLI-056,Recurrente (bajo volumen / alta frecuencia),Línea Estándar,Estándar Retail,224.58
2026-02,Centro,CLI-056,Recurrente (bajo volumen / alta frecuencia),Línea Estándar,Estándar Retail,202.45
2026-03,Centro,CLI-056,Recurrente (bajo volumen / alta frecuencia),Línea Estándar,Estándar Retail,190.18
2026-04,Centro,CLI-056,Recurrente (bajo volumen / alta frecuencia),Línea Estándar,Estándar Retail,260.11
2026-05,Centro,CLI-056,Recurrente (bajo volumen / alta frecuencia),Línea Estándar,Estándar Retail,266.59
2026-06,Centro,CLI-056,Recurrente (bajo volumen / alta frecuencia),Línea Estándar,Estándar Retail,261.02
2026-08,Centro,CLI-056,Recurrente (bajo volumen / alta frecuencia),Línea Estándar,Estándar Retail,254.74
2025-01,Norte,CLI-057,Esporádico (bajo volumen / baja frecuencia),Servicios postventa,Soporte y Mantenimiento,106.1
2026-03,Norte,CLI-057,Esporádico (bajo volumen / baja frecuencia),Servicios postventa,Soporte y Mantenimiento,127.63
2026-08,Norte,CLI-057,Esporádico (bajo volumen / baja frecuencia),Servicios postventa,Soporte y Mantenimiento,143.28
2025-02,Norte,CLI-057,Esporádico (bajo volumen / baja frecuencia),Línea Premium,Premium Oficina,369.0
2025-07,Norte,CLI-057,Esporádico (bajo volumen / baja frecuencia),Línea Premium,Premium Oficina,317.36
2025-09,Norte,CLI-057,Esporádico (bajo volumen / baja frecuencia),Línea Premium,Premium Oficina,393.87
2026-04,Norte,CLI-057,Esporádico (bajo volumen / baja frecuencia),Línea Premium,Premium Oficina,406.19
2025-03,Centro,CLI-058,Recurrente (bajo volumen / alta frecuencia),Línea Premium,Premium Hogar,460.54
2025-04,Centro,CLI-058,Recurrente (bajo volumen / alta frecuencia),Línea Premium,Premium Hogar,447.01
2025-05,Centro,CLI-058,Recurrente (bajo volumen / alta frecuencia),Línea Premium,Premium Hogar,503.76
2025-06,Centro,CLI-058,Recurrente (bajo volumen / alta frecuencia),Línea Premium,Premium Hogar,417.25
2025-07,Centro,CLI-058,Recurrente (bajo volumen / alta frecuencia),Línea Premium,Premium Hogar,461.01
2025-09,Centro,CLI-058,Recurrente (bajo volumen / alta frecuencia),Línea Premium,Premium Hogar,464.72
2025-10,Centro,CLI-058,Recurrente (bajo volumen / alta frecuencia),Línea Premium,Premium Hogar,486.56
2025-11,Centro,CLI-058,Recurrente (bajo volumen / alta frecuencia),Línea Premium,Premium Hogar,452.43
2025-12,Centro,CLI-058,Recurrente (bajo volumen / alta frecuencia),Línea Premium,Premium Hogar,486.31
2026-02,Centro,CLI-058,Recurrente (bajo volumen / alta frecuencia),Línea Premium,Premium Hogar,439.5
2026-03,Centro,CLI-058,Recurrente (bajo volumen / alta frecuencia),Línea Premium,Premium Hogar,412.73
2026-04,Centro,CLI-058,Recurrente (bajo volumen / alta frecuencia),Línea Premium,Premium Hogar,409.03
2026-05,Centro,CLI-058,Recurrente (bajo volumen / alta frecuencia),Línea Premium,Premium Hogar,441.0
2026-08,Centro,CLI-058,Recurrente (bajo volumen / alta frecuencia),Línea Premium,Premium Hogar,531.74
2025-01,Centro,CLI-058,Recurrente (bajo volumen / alta frecuencia),Línea Estándar,Estándar Retail,383.8
2025-04,Centro,CLI-058,Recurrente (bajo volumen / alta frecuencia),Línea Estándar,Estándar Retail,395.78
2025-05,Centro,CLI-058,Recurrente (bajo volumen / alta frecuencia),Línea Estándar,Estándar Retail,331.86
2025-06,Centro,CLI-058,Recurrente (bajo volumen / alta frecuencia),Línea Estándar,Estándar Retail,312.47
2025-08,Centro,CLI-058,Recurrente (bajo volumen / alta frecuencia),Línea Estándar,Estándar Retail,325.05
2025-09,Centro,CLI-058,Recurrente (bajo volumen / alta frecuencia),Línea Estándar,Estándar Retail,333.72
2025-10,Centro,CLI-058,Recurrente (bajo volumen / alta frecuencia),Línea Estándar,Estándar Retail,278.49
2025-12,Centro,CLI-058,Recurrente (bajo volumen / alta frecuencia),Línea Estándar,Estándar Retail,336.32
2026-01,Centro,CLI-058,Recurrente (bajo volumen / alta frecuencia),Línea Estándar,Estándar Retail,332.68
2026-02,Centro,CLI-058,Recurrente (bajo volumen / alta frecuencia),Línea Estándar,Estándar Retail,362.32
2026-03,Centro,CLI-058,Recurrente (bajo volumen / alta frecuencia),Línea Estándar,Estándar Retail,277.52
2026-04,Centro,CLI-058,Recurrente (bajo volumen / alta frecuencia),Línea Estándar,Estándar Retail,301.85
2026-05,Centro,CLI-058,Recurrente (bajo volumen / alta frecuencia),Línea Estándar,Estándar Retail,335.32
2026-06,Centro,CLI-058,Recurrente (bajo volumen / alta frecuencia),Línea Estándar,Estándar Retail,312.71
2026-08,Centro,CLI-058,Recurrente (bajo volumen / alta frecuencia),Línea Estándar,Estándar Retail,288.28
2025-01,Centro,CLI-058,Recurrente (bajo volumen / alta frecuencia),Servicios postventa,Soporte y Mantenimiento,109.68
2025-02,Centro,CLI-058,Recurrente (bajo volumen / alta frecuencia),Servicios postventa,Soporte y Mantenimiento,121.9
2025-03,Centro,CLI-058,Recurrente (bajo volumen / alta frecuencia),Servicios postventa,Soporte y Mantenimiento,99.38
2025-04,Centro,CLI-058,Recurrente (bajo volumen / alta frecuencia),Servicios postventa,Soporte y Mantenimiento,137.88
2025-07,Centro,CLI-058,Recurrente (bajo volumen / alta frecuencia),Servicios postventa,Soporte y Mantenimiento,115.39
2025-08,Centro,CLI-058,Recurrente (bajo volumen / alta frecuencia),Servicios postventa,Soporte y Mantenimiento,137.98
2025-09,Centro,CLI-058,Recurrente (bajo volumen / alta frecuencia),Servicios postventa,Soporte y Mantenimiento,101.71
2025-11,Centro,CLI-058,Recurrente (bajo volumen / alta frecuencia),Servicios postventa,Soporte y Mantenimiento,142.64
2026-01,Centro,CLI-058,Recurrente (bajo volumen / alta frecuencia),Servicios postventa,Soporte y Mantenimiento,144.24
2026-03,Centro,CLI-058,Recurrente (bajo volumen / alta frecuencia),Servicios postventa,Soporte y Mantenimiento,150.66
2026-04,Centro,CLI-058,Recurrente (bajo volumen / alta frecuencia),Servicios postventa,Soporte y Mantenimiento,121.36
2026-05,Centro,CLI-058,Recurrente (bajo volumen / alta frecuencia),Servicios postventa,Soporte y Mantenimiento,152.94
2026-06,Centro,CLI-058,Recurrente (bajo volumen / alta frecuencia),Servicios postventa,Soporte y Mantenimiento,168.05
2026-07,Centro,CLI-058,Recurrente (bajo volumen / alta frecuencia),Servicios postventa,Soporte y Mantenimiento,175.09
2026-08,Centro,CLI-058,Recurrente (bajo volumen / alta frecuencia),Servicios postventa,Soporte y Mantenimiento,158.87
2025-01,Centro,CLI-058,Recurrente (bajo volumen / alta frecuencia),Línea Estándar,Estándar Mayoreo,411.87
2025-02,Centro,CLI-058,Recurrente (bajo volumen / alta frecuencia),Línea Estándar,Estándar Mayoreo,420.99
2025-03,Centro,CLI-058,Recurrente (bajo volumen / alta frecuencia),Línea Estándar,Estándar Mayoreo,272.22
2025-04,Centro,CLI-058,Recurrente (bajo volumen / alta frecuencia),Línea Estándar,Estándar Mayoreo,418.26
2025-05,Centro,CLI-058,Recurrente (bajo volumen / alta frecuencia),Línea Estándar,Estándar Mayoreo,356.43
2025-06,Centro,CLI-058,Recurrente (bajo volumen / alta frecuencia),Línea Estándar,Estándar Mayoreo,297.33
2025-07,Centro,CLI-058,Recurrente (bajo volumen / alta frecuencia),Línea Estándar,Estándar Mayoreo,388.76
2025-08,Centro,CLI-058,Recurrente (bajo volumen / alta frecuencia),Línea Estándar,Estándar Mayoreo,396.01
2025-10,Centro,CLI-058,Recurrente (bajo volumen / alta frecuencia),Línea Estándar,Estándar Mayoreo,279.15
2026-01,Centro,CLI-058,Recurrente (bajo volumen / alta frecuencia),Línea Estándar,Estándar Mayoreo,441.68
2026-03,Centro,CLI-058,Recurrente (bajo volumen / alta frecuencia),Línea Estándar,Estándar Mayoreo,370.46
2026-04,Centro,CLI-058,Recurrente (bajo volumen / alta frecuencia),Línea Estándar,Estándar Mayoreo,333.23
2026-05,Centro,CLI-058,Recurrente (bajo volumen / alta frecuencia),Línea Estándar,Estándar Mayoreo,338.12
2026-06,Centro,CLI-058,Recurrente (bajo volumen / alta frecuencia),Línea Estándar,Estándar Mayoreo,394.03
2026-07,Centro,CLI-058,Recurrente (bajo volumen / alta frecuencia),Línea Estándar,Estándar Mayoreo,231.99
2026-08,Centro,CLI-058,Recurrente (bajo volumen / alta frecuencia),Línea Estándar,Estándar Mayoreo,274.66
2025-05,Centro,CLI-058,Recurrente (bajo volumen / alta frecuencia),Línea Económica,Económica Promocional,233.32
2025-06,Centro,CLI-058,Recurrente (bajo volumen / alta frecuencia),Línea Económica,Económica Promocional,202.84
2025-07,Centro,CLI-058,Recurrente (bajo volumen / alta frecuencia),Línea Económica,Económica Promocional,195.07
2025-08,Centro,CLI-058,Recurrente (bajo volumen / alta frecuencia),Línea Económica,Económica Promocional,208.47
2025-09,Centro,CLI-058,Recurrente (bajo volumen / alta frecuencia),Línea Económica,Económica Promocional,192.49
2025-10,Centro,CLI-058,Recurrente (bajo volumen / alta frecuencia),Línea Económica,Económica Promocional,193.55
2025-12,Centro,CLI-058,Recurrente (bajo volumen / alta frecuencia),Línea Económica,Económica Promocional,204.74
2026-01,Centro,CLI-058,Recurrente (bajo volumen / alta frecuencia),Línea Económica,Económica Promocional,148.53
2026-03,Centro,CLI-058,Recurrente (bajo volumen / alta frecuencia),Línea Económica,Económica Promocional,173.56
2026-04,Centro,CLI-058,Recurrente (bajo volumen / alta frecuencia),Línea Económica,Económica Promocional,223.24
2026-06,Centro,CLI-058,Recurrente (bajo volumen / alta frecuencia),Línea Económica,Económica Promocional,219.63
2026-07,Centro,CLI-058,Recurrente (bajo volumen / alta frecuencia),Línea Económica,Económica Promocional,182.31
2025-01,Centro,CLI-058,Recurrente (bajo volumen / alta frecuencia),Línea Económica,Económica Básica,258.42
2025-03,Centro,CLI-058,Recurrente (bajo volumen / alta frecuencia),Línea Económica,Económica Básica,244.76
2025-05,Centro,CLI-058,Recurrente (bajo volumen / alta frecuencia),Línea Económica,Económica Básica,259.24
2025-06,Centro,CLI-058,Recurrente (bajo volumen / alta frecuencia),Línea Económica,Económica Básica,208.18
2025-07,Centro,CLI-058,Recurrente (bajo volumen / alta frecuencia),Línea Económica,Económica Básica,260.92
2025-08,Centro,CLI-058,Recurrente (bajo volumen / alta frecuencia),Línea Económica,Económica Básica,220.05
2025-10,Centro,CLI-058,Recurrente (bajo volumen / alta frecuencia),Línea Económica,Económica Básica,287.76
2025-11,Centro,CLI-058,Recurrente (bajo volumen / alta frecuencia),Línea Económica,Económica Básica,211.03
2025-12,Centro,CLI-058,Recurrente (bajo volumen / alta frecuencia),Línea Económica,Económica Básica,221.02
2026-01,Centro,CLI-058,Recurrente (bajo volumen / alta frecuencia),Línea Económica,Económica Básica,193.73
2026-02,Centro,CLI-058,Recurrente (bajo volumen / alta frecuencia),Línea Económica,Económica Básica,234.17
2026-03,Centro,CLI-058,Recurrente (bajo volumen / alta frecuencia),Línea Económica,Económica Básica,227.72
2026-06,Centro,CLI-058,Recurrente (bajo volumen / alta frecuencia),Línea Económica,Económica Básica,222.01
2026-08,Centro,CLI-058,Recurrente (bajo volumen / alta frecuencia),Línea Económica,Económica Básica,271.78
2025-03,Centro,CLI-059,Ocasional (alto volumen / baja frecuencia),Línea Premium,Premium Exportación,1212.41
2025-06,Centro,CLI-059,Ocasional (alto volumen / baja frecuencia),Línea Premium,Premium Exportación,1206.44
2025-07,Centro,CLI-059,Ocasional (alto volumen / baja frecuencia),Línea Premium,Premium Exportación,887.63
2025-08,Centro,CLI-059,Ocasional (alto volumen / baja frecuencia),Línea Premium,Premium Exportación,1050.77
2025-09,Centro,CLI-059,Ocasional (alto volumen / baja frecuencia),Línea Premium,Premium Exportación,997.54
2025-12,Centro,CLI-059,Ocasional (alto volumen / baja frecuencia),Línea Premium,Premium Exportación,980.55
2025-08,Centro,CLI-059,Ocasional (alto volumen / baja frecuencia),Línea Económica,Económica Básica,472.95
2025-02,Centro,CLI-059,Ocasional (alto volumen / baja frecuencia),Línea Premium,Premium Oficina,966.73
2025-05,Centro,CLI-059,Ocasional (alto volumen / baja frecuencia),Línea Premium,Premium Oficina,690.89
2025-07,Centro,CLI-059,Ocasional (alto volumen / baja frecuencia),Línea Premium,Premium Oficina,918.21
2025-08,Centro,CLI-059,Ocasional (alto volumen / baja frecuencia),Línea Premium,Premium Oficina,715.37
2025-10,Centro,CLI-059,Ocasional (alto volumen / baja frecuencia),Línea Premium,Premium Oficina,1082.13
2025-11,Centro,CLI-059,Ocasional (alto volumen / baja frecuencia),Línea Premium,Premium Oficina,948.16
2026-02,Centro,CLI-059,Ocasional (alto volumen / baja frecuencia),Línea Premium,Premium Oficina,751.41
2026-05,Centro,CLI-059,Ocasional (alto volumen / baja frecuencia),Línea Premium,Premium Oficina,925.49
2026-06,Centro,CLI-059,Ocasional (alto volumen / baja frecuencia),Línea Premium,Premium Oficina,917.9
2025-02,Centro,CLI-059,Ocasional (alto volumen / baja frecuencia),Línea Estándar,Estándar Retail,668.74
2025-03,Centro,CLI-059,Ocasional (alto volumen / baja frecuencia),Línea Estándar,Estándar Retail,713.03
2025-09,Centro,CLI-059,Ocasional (alto volumen / baja frecuencia),Línea Estándar,Estándar Retail,771.86
2025-11,Centro,CLI-059,Ocasional (alto volumen / baja frecuencia),Línea Estándar,Estándar Retail,782.69
2026-05,Centro,CLI-059,Ocasional (alto volumen / baja frecuencia),Línea Estándar,Estándar Retail,600.34
2026-06,Centro,CLI-059,Ocasional (alto volumen / baja frecuencia),Línea Estándar,Estándar Retail,728.31
2026-07,Centro,CLI-059,Ocasional (alto volumen / baja frecuencia),Línea Estándar,Estándar Retail,686.11
2025-01,Centro,CLI-060,Esporádico (bajo volumen / baja frecuencia),Línea Económica,Económica Promocional,126.91
2025-04,Centro,CLI-060,Esporádico (bajo volumen / baja frecuencia),Línea Económica,Económica Promocional,120.33
2025-02,Centro,CLI-060,Esporádico (bajo volumen / baja frecuencia),Línea Económica,Económica Básica,164.02
2026-01,Centro,CLI-060,Esporádico (bajo volumen / baja frecuencia),Línea Económica,Económica Básica,143.79
2026-08,Centro,CLI-060,Esporádico (bajo volumen / baja frecuencia),Línea Económica,Económica Básica,205.02
2025-08,Centro,CLI-060,Esporádico (bajo volumen / baja frecuencia),Línea Estándar,Estándar Retail,211.85
2025-11,Centro,CLI-060,Esporádico (bajo volumen / baja frecuencia),Línea Estándar,Estándar Retail,192.34
2026-01,Centro,CLI-060,Esporádico (bajo volumen / baja frecuencia),Línea Estándar,Estándar Retail,211.62
2026-02,Centro,CLI-060,Esporádico (bajo volumen / baja frecuencia),Línea Estándar,Estándar Retail,249.44
2026-03,Centro,CLI-060,Esporádico (bajo volumen / baja frecuencia),Línea Estándar,Estándar Retail,231.75
2026-04,Centro,CLI-060,Esporádico (bajo volumen / baja frecuencia),Línea Estándar,Estándar Retail,241.77
2026-05,Centro,CLI-060,Esporádico (bajo volumen / baja frecuencia),Línea Estándar,Estándar Retail,195.75
2026-05,Norte,CLI-061,Esporádico (bajo volumen / baja frecuencia),Línea Estándar,Estándar Mayoreo,277.82
2026-08,Norte,CLI-061,Esporádico (bajo volumen / baja frecuencia),Línea Estándar,Estándar Mayoreo,221.72
2025-03,Norte,CLI-061,Esporádico (bajo volumen / baja frecuencia),Línea Económica,Económica Básica,218.64
2025-06,Norte,CLI-061,Esporádico (bajo volumen / baja frecuencia),Línea Económica,Económica Básica,244.39
2026-02,Norte,CLI-061,Esporádico (bajo volumen / baja frecuencia),Línea Económica,Económica Básica,184.88
2025-04,Sureste,CLI-062,Esporádico (bajo volumen / baja frecuencia),Línea Premium,Premium Hogar,472.77
2025-11,Sureste,CLI-062,Esporádico (bajo volumen / baja frecuencia),Línea Premium,Premium Hogar,506.46
2026-04,Sureste,CLI-062,Esporádico (bajo volumen / baja frecuencia),Línea Premium,Premium Hogar,464.81
2026-06,Sureste,CLI-062,Esporádico (bajo volumen / baja frecuencia),Línea Premium,Premium Hogar,575.67
2025-03,Sureste,CLI-063,Esporádico (bajo volumen / baja frecuencia),Línea Premium,Premium Exportación,326.02
2026-02,Sureste,CLI-063,Esporádico (bajo volumen / baja frecuencia),Línea Premium,Premium Exportación,349.06
2026-07,Sureste,CLI-063,Esporádico (bajo volumen / baja frecuencia),Línea Premium,Premium Exportación,370.39
2026-04,Sureste,CLI-063,Esporádico (bajo volumen / baja frecuencia),Línea Premium,Premium Hogar,321.98
2025-06,Sureste,CLI-063,Esporádico (bajo volumen / baja frecuencia),Línea Económica,Económica Promocional,142.38
2026-04,Sureste,CLI-063,Esporádico (bajo volumen / baja frecuencia),Línea Económica,Económica Promocional,114.17
2026-05,Sureste,CLI-063,Esporádico (bajo volumen / baja frecuencia),Línea Económica,Económica Promocional,122.14
2025-03,Norte,CLI-064,Recurrente (bajo volumen / alta frecuencia),Línea Premium,Premium Exportación,306.65
2025-04,Norte,CLI-064,Recurrente (bajo volumen / alta frecuencia),Línea Premium,Premium Exportación,312.67
2025-05,Norte,CLI-064,Recurrente (bajo volumen / alta frecuencia),Línea Premium,Premium Exportación,378.03
2025-07,Norte,CLI-064,Recurrente (bajo volumen / alta frecuencia),Línea Premium,Premium Exportación,386.25
2025-08,Norte,CLI-064,Recurrente (bajo volumen / alta frecuencia),Línea Premium,Premium Exportación,357.1
2025-10,Norte,CLI-064,Recurrente (bajo volumen / alta frecuencia),Línea Premium,Premium Exportación,321.6
2025-11,Norte,CLI-064,Recurrente (bajo volumen / alta frecuencia),Línea Premium,Premium Exportación,422.09
2026-01,Norte,CLI-064,Recurrente (bajo volumen / alta frecuencia),Línea Premium,Premium Exportación,361.44
2026-02,Norte,CLI-064,Recurrente (bajo volumen / alta frecuencia),Línea Premium,Premium Exportación,352.66
2026-03,Norte,CLI-064,Recurrente (bajo volumen / alta frecuencia),Línea Premium,Premium Exportación,327.67
2026-04,Norte,CLI-064,Recurrente (bajo volumen / alta frecuencia),Línea Premium,Premium Exportación,360.92
2026-05,Norte,CLI-064,Recurrente (bajo volumen / alta frecuencia),Línea Premium,Premium Exportación,289.89
2026-08,Norte,CLI-064,Recurrente (bajo volumen / alta frecuencia),Línea Premium,Premium Exportación,322.25
2025-01,Norte,CLI-064,Recurrente (bajo volumen / alta frecuencia),Línea Estándar,Estándar Mayoreo,271.35
2025-02,Norte,CLI-064,Recurrente (bajo volumen / alta frecuencia),Línea Estándar,Estándar Mayoreo,277.44
2025-03,Norte,CLI-064,Recurrente (bajo volumen / alta frecuencia),Línea Estándar,Estándar Mayoreo,280.17
2025-04,Norte,CLI-064,Recurrente (bajo volumen / alta frecuencia),Línea Estándar,Estándar Mayoreo,273.57
2025-06,Norte,CLI-064,Recurrente (bajo volumen / alta frecuencia),Línea Estándar,Estándar Mayoreo,280.86
2025-07,Norte,CLI-064,Recurrente (bajo volumen / alta frecuencia),Línea Estándar,Estándar Mayoreo,304.73
2025-08,Norte,CLI-064,Recurrente (bajo volumen / alta frecuencia),Línea Estándar,Estándar Mayoreo,254.54
2025-09,Norte,CLI-064,Recurrente (bajo volumen / alta frecuencia),Línea Estándar,Estándar Mayoreo,328.74
2025-10,Norte,CLI-064,Recurrente (bajo volumen / alta frecuencia),Línea Estándar,Estándar Mayoreo,256.29
2025-11,Norte,CLI-064,Recurrente (bajo volumen / alta frecuencia),Línea Estándar,Estándar Mayoreo,330.78
2025-12,Norte,CLI-064,Recurrente (bajo volumen / alta frecuencia),Línea Estándar,Estándar Mayoreo,294.25
2026-02,Norte,CLI-064,Recurrente (bajo volumen / alta frecuencia),Línea Estándar,Estándar Mayoreo,293.95
2026-03,Norte,CLI-064,Recurrente (bajo volumen / alta frecuencia),Línea Estándar,Estándar Mayoreo,348.8
2026-04,Norte,CLI-064,Recurrente (bajo volumen / alta frecuencia),Línea Estándar,Estándar Mayoreo,330.33
2026-05,Norte,CLI-064,Recurrente (bajo volumen / alta frecuencia),Línea Estándar,Estándar Mayoreo,321.52
2026-06,Norte,CLI-064,Recurrente (bajo volumen / alta frecuencia),Línea Estándar,Estándar Mayoreo,254.69
2026-07,Norte,CLI-064,Recurrente (bajo volumen / alta frecuencia),Línea Estándar,Estándar Mayoreo,325.01
2026-08,Norte,CLI-064,Recurrente (bajo volumen / alta frecuencia),Línea Estándar,Estándar Mayoreo,155.38
2025-01,Norte,CLI-064,Recurrente (bajo volumen / alta frecuencia),Línea Premium,Premium Hogar,319.64
2025-02,Norte,CLI-064,Recurrente (bajo volumen / alta frecuencia),Línea Premium,Premium Hogar,266.27
2025-04,Norte,CLI-064,Recurrente (bajo volumen / alta frecuencia),Línea Premium,Premium Hogar,328.91
2025-06,Norte,CLI-064,Recurrente (bajo volumen / alta frecuencia),Línea Premium,Premium Hogar,350.81
2025-07,Norte,CLI-064,Recurrente (bajo volumen / alta frecuencia),Línea Premium,Premium Hogar,364.81
2025-08,Norte,CLI-064,Recurrente (bajo volumen / alta frecuencia),Línea Premium,Premium Hogar,354.11
2025-09,Norte,CLI-064,Recurrente (bajo volumen / alta frecuencia),Línea Premium,Premium Hogar,321.63
2025-10,Norte,CLI-064,Recurrente (bajo volumen / alta frecuencia),Línea Premium,Premium Hogar,335.13
2025-11,Norte,CLI-064,Recurrente (bajo volumen / alta frecuencia),Línea Premium,Premium Hogar,384.01
2025-12,Norte,CLI-064,Recurrente (bajo volumen / alta frecuencia),Línea Premium,Premium Hogar,306.67
2026-01,Norte,CLI-064,Recurrente (bajo volumen / alta frecuencia),Línea Premium,Premium Hogar,394.7
2026-02,Norte,CLI-064,Recurrente (bajo volumen / alta frecuencia),Línea Premium,Premium Hogar,394.91
2026-03,Norte,CLI-064,Recurrente (bajo volumen / alta frecuencia),Línea Premium,Premium Hogar,396.34
2026-04,Norte,CLI-064,Recurrente (bajo volumen / alta frecuencia),Línea Premium,Premium Hogar,380.77
2026-06,Norte,CLI-064,Recurrente (bajo volumen / alta frecuencia),Línea Premium,Premium Hogar,350.9
2026-07,Norte,CLI-064,Recurrente (bajo volumen / alta frecuencia),Línea Premium,Premium Hogar,424.75
2026-08,Norte,CLI-064,Recurrente (bajo volumen / alta frecuencia),Línea Premium,Premium Hogar,349.57
2025-02,Norte,CLI-064,Recurrente (bajo volumen / alta frecuencia),Línea Económica,Económica Básica,168.09
2025-03,Norte,CLI-064,Recurrente (bajo volumen / alta frecuencia),Línea Económica,Económica Básica,124.5
2025-04,Norte,CLI-064,Recurrente (bajo volumen / alta frecuencia),Línea Económica,Económica Básica,172.29
2025-05,Norte,CLI-064,Recurrente (bajo volumen / alta frecuencia),Línea Económica,Económica Básica,188.53
2025-06,Norte,CLI-064,Recurrente (bajo volumen / alta frecuencia),Línea Económica,Económica Básica,143.97
2025-07,Norte,CLI-064,Recurrente (bajo volumen / alta frecuencia),Línea Económica,Económica Básica,137.44
2025-08,Norte,CLI-064,Recurrente (bajo volumen / alta frecuencia),Línea Económica,Económica Básica,168.99
2025-09,Norte,CLI-064,Recurrente (bajo volumen / alta frecuencia),Línea Económica,Económica Básica,157.73
2025-11,Norte,CLI-064,Recurrente (bajo volumen / alta frecuencia),Línea Económica,Económica Básica,160.92
2025-12,Norte,CLI-064,Recurrente (bajo volumen / alta frecuencia),Línea Económica,Económica Básica,183.03
2026-01,Norte,CLI-064,Recurrente (bajo volumen / alta frecuencia),Línea Económica,Económica Básica,159.79
2026-02,Norte,CLI-064,Recurrente (bajo volumen / alta frecuencia),Línea Económica,Económica Básica,137.03
2026-03,Norte,CLI-064,Recurrente (bajo volumen / alta frecuencia),Línea Económica,Económica Básica,148.31
2026-04,Norte,CLI-064,Recurrente (bajo volumen / alta frecuencia),Línea Económica,Económica Básica,204.98
2026-05,Norte,CLI-064,Recurrente (bajo volumen / alta frecuencia),Línea Económica,Económica Básica,146.49
2026-07,Norte,CLI-064,Recurrente (bajo volumen / alta frecuencia),Línea Económica,Económica Básica,147.91
2026-08,Norte,CLI-064,Recurrente (bajo volumen / alta frecuencia),Línea Económica,Económica Básica,120.92
2025-01,Norte,CLI-065,Recurrente (bajo volumen / alta frecuencia),Línea Estándar,Estándar Retail,266.2
2025-02,Norte,CLI-065,Recurrente (bajo volumen / alta frecuencia),Línea Estándar,Estándar Retail,330.91
2025-04,Norte,CLI-065,Recurrente (bajo volumen / alta frecuencia),Línea Estándar,Estándar Retail,309.18
2025-05,Norte,CLI-065,Recurrente (bajo volumen / alta frecuencia),Línea Estándar,Estándar Retail,297.16
2025-06,Norte,CLI-065,Recurrente (bajo volumen / alta frecuencia),Línea Estándar,Estándar Retail,308.3
2025-07,Norte,CLI-065,Recurrente (bajo volumen / alta frecuencia),Línea Estándar,Estándar Retail,267.38
2025-08,Norte,CLI-065,Recurrente (bajo volumen / alta frecuencia),Línea Estándar,Estándar Retail,311.03
2025-09,Norte,CLI-065,Recurrente (bajo volumen / alta frecuencia),Línea Estándar,Estándar Retail,298.73
2025-10,Norte,CLI-065,Recurrente (bajo volumen / alta frecuencia),Línea Estándar,Estándar Retail,287.17
2026-01,Norte,CLI-065,Recurrente (bajo volumen / alta frecuencia),Línea Estándar,Estándar Retail,243.07
2026-02,Norte,CLI-065,Recurrente (bajo volumen / alta frecuencia),Línea Estándar,Estándar Retail,294.6
2026-03,Norte,CLI-065,Recurrente (bajo volumen / alta frecuencia),Línea Estándar,Estándar Retail,240.29
2026-04,Norte,CLI-065,Recurrente (bajo volumen / alta frecuencia),Línea Estándar,Estándar Retail,217.24
2026-05,Norte,CLI-065,Recurrente (bajo volumen / alta frecuencia),Línea Estándar,Estándar Retail,265.58
2026-06,Norte,CLI-065,Recurrente (bajo volumen / alta frecuencia),Línea Estándar,Estándar Retail,292.18
2026-08,Norte,CLI-065,Recurrente (bajo volumen / alta frecuencia),Línea Estándar,Estándar Retail,245.57
2025-01,Norte,CLI-065,Recurrente (bajo volumen / alta frecuencia),Línea Estándar,Estándar Mayoreo,397.4
2025-03,Norte,CLI-065,Recurrente (bajo volumen / alta frecuencia),Línea Estándar,Estándar Mayoreo,391.35
2025-04,Norte,CLI-065,Recurrente (bajo volumen / alta frecuencia),Línea Estándar,Estándar Mayoreo,362.69
2025-07,Norte,CLI-065,Recurrente (bajo volumen / alta frecuencia),Línea Estándar,Estándar Mayoreo,400.25
2025-08,Norte,CLI-065,Recurrente (bajo volumen / alta frecuencia),Línea Estándar,Estándar Mayoreo,346.6
2025-11,Norte,CLI-065,Recurrente (bajo volumen / alta frecuencia),Línea Estándar,Estándar Mayoreo,321.52
2025-12,Norte,CLI-065,Recurrente (bajo volumen / alta frecuencia),Línea Estándar,Estándar Mayoreo,371.63
2026-02,Norte,CLI-065,Recurrente (bajo volumen / alta frecuencia),Línea Estándar,Estándar Mayoreo,357.23
2026-05,Norte,CLI-065,Recurrente (bajo volumen / alta frecuencia),Línea Estándar,Estándar Mayoreo,277.74
2026-06,Norte,CLI-065,Recurrente (bajo volumen / alta frecuencia),Línea Estándar,Estándar Mayoreo,287.98
2026-07,Norte,CLI-065,Recurrente (bajo volumen / alta frecuencia),Línea Estándar,Estándar Mayoreo,288.59
2026-08,Norte,CLI-065,Recurrente (bajo volumen / alta frecuencia),Línea Estándar,Estándar Mayoreo,229.0
2025-01,Norte,CLI-065,Recurrente (bajo volumen / alta frecuencia),Línea Económica,Económica Promocional,188.47
2025-03,Norte,CLI-065,Recurrente (bajo volumen / alta frecuencia),Línea Económica,Económica Promocional,205.21
2025-04,Norte,CLI-065,Recurrente (bajo volumen / alta frecuencia),Línea Económica,Económica Promocional,161.89
2025-05,Norte,CLI-065,Recurrente (bajo volumen / alta frecuencia),Línea Económica,Económica Promocional,182.78
2025-06,Norte,CLI-065,Recurrente (bajo volumen / alta frecuencia),Línea Económica,Económica Promocional,181.41
2025-07,Norte,CLI-065,Recurrente (bajo volumen / alta frecuencia),Línea Económica,Económica Promocional,158.59
2025-08,Norte,CLI-065,Recurrente (bajo volumen / alta frecuencia),Línea Económica,Económica Promocional,156.93
2025-09,Norte,CLI-065,Recurrente (bajo volumen / alta frecuencia),Línea Económica,Económica Promocional,143.08
2025-11,Norte,CLI-065,Recurrente (bajo volumen / alta frecuencia),Línea Económica,Económica Promocional,150.18
2025-12,Norte,CLI-065,Recurrente (bajo volumen / alta frecuencia),Línea Económica,Económica Promocional,183.93
2026-01,Norte,CLI-065,Recurrente (bajo volumen / alta frecuencia),Línea Económica,Económica Promocional,137.18
2026-04,Norte,CLI-065,Recurrente (bajo volumen / alta frecuencia),Línea Económica,Económica Promocional,141.58
2026-08,Norte,CLI-065,Recurrente (bajo volumen / alta frecuencia),Línea Económica,Económica Promocional,159.72
2025-02,Norte,CLI-065,Recurrente (bajo volumen / alta frecuencia),Línea Económica,Económica Básica,213.75
2025-03,Norte,CLI-065,Recurrente (bajo volumen / alta frecuencia),Línea Económica,Económica Básica,213.44
2025-05,Norte,CLI-065,Recurrente (bajo volumen / alta frecuencia),Línea Económica,Económica Básica,237.27
2025-08,Norte,CLI-065,Recurrente (bajo volumen / alta frecuencia),Línea Económica,Económica Básica,219.62
2025-09,Norte,CLI-065,Recurrente (bajo volumen / alta frecuencia),Línea Económica,Económica Básica,252.27
2025-10,Norte,CLI-065,Recurrente (bajo volumen / alta frecuencia),Línea Económica,Económica Básica,225.13
2025-11,Norte,CLI-065,Recurrente (bajo volumen / alta frecuencia),Línea Económica,Económica Básica,206.65
2026-01,Norte,CLI-065,Recurrente (bajo volumen / alta frecuencia),Línea Económica,Económica Básica,204.65
2026-02,Norte,CLI-065,Recurrente (bajo volumen / alta frecuencia),Línea Económica,Económica Básica,209.44
2026-03,Norte,CLI-065,Recurrente (bajo volumen / alta frecuencia),Línea Económica,Económica Básica,165.09
2026-04,Norte,CLI-065,Recurrente (bajo volumen / alta frecuencia),Línea Económica,Económica Básica,269.75
2026-05,Norte,CLI-065,Recurrente (bajo volumen / alta frecuencia),Línea Económica,Económica Básica,183.47
2026-06,Norte,CLI-065,Recurrente (bajo volumen / alta frecuencia),Línea Económica,Económica Básica,255.21
2026-07,Norte,CLI-065,Recurrente (bajo volumen / alta frecuencia),Línea Económica,Económica Básica,192.59
2026-08,Norte,CLI-065,Recurrente (bajo volumen / alta frecuencia),Línea Económica,Económica Básica,220.84
2025-02,Norte,CLI-066,Esporádico (bajo volumen / baja frecuencia),Línea Premium,Premium Oficina,356.6
2025-08,Norte,CLI-066,Esporádico (bajo volumen / baja frecuencia),Línea Premium,Premium Oficina,346.89
2025-09,Norte,CLI-066,Esporádico (bajo volumen / baja frecuencia),Línea Premium,Premium Oficina,306.73
2025-11,Norte,CLI-066,Esporádico (bajo volumen / baja frecuencia),Línea Premium,Premium Oficina,432.8
2026-06,Norte,CLI-066,Esporádico (bajo volumen / baja frecuencia),Línea Premium,Premium Oficina,475.17
2026-02,Norte,CLI-066,Esporádico (bajo volumen / baja frecuencia),Línea Económica,Económica Básica,207.46
2026-08,Norte,CLI-066,Esporádico (bajo volumen / baja frecuencia),Línea Económica,Económica Básica,210.75
2025-05,Norte,CLI-066,Esporádico (bajo volumen / baja frecuencia),Línea Estándar,Estándar Retail,323.57
2026-01,Norte,CLI-066,Esporádico (bajo volumen / baja frecuencia),Línea Estándar,Estándar Retail,335.92
2026-05,Norte,CLI-066,Esporádico (bajo volumen / baja frecuencia),Línea Estándar,Estándar Retail,329.25
2026-08,Norte,CLI-066,Esporádico (bajo volumen / baja frecuencia),Línea Estándar,Estándar Retail,350.59
2025-01,Norte,CLI-067,Ocasional (alto volumen / baja frecuencia),Línea Estándar,Estándar Mayoreo,686.28
2025-02,Norte,CLI-067,Ocasional (alto volumen / baja frecuencia),Línea Estándar,Estándar Mayoreo,608.11
2025-06,Norte,CLI-067,Ocasional (alto volumen / baja frecuencia),Línea Estándar,Estándar Mayoreo,807.34
2025-08,Norte,CLI-067,Ocasional (alto volumen / baja frecuencia),Línea Estándar,Estándar Mayoreo,695.68
2025-09,Norte,CLI-067,Ocasional (alto volumen / baja frecuencia),Línea Estándar,Estándar Mayoreo,679.27
2026-03,Norte,CLI-067,Ocasional (alto volumen / baja frecuencia),Línea Estándar,Estándar Mayoreo,840.55
2026-04,Norte,CLI-067,Ocasional (alto volumen / baja frecuencia),Línea Estándar,Estándar Mayoreo,599.95
2026-06,Norte,CLI-067,Ocasional (alto volumen / baja frecuencia),Línea Estándar,Estándar Mayoreo,757.27
2026-07,Norte,CLI-067,Ocasional (alto volumen / baja frecuencia),Línea Estándar,Estándar Mayoreo,569.23
2025-01,Norte,CLI-067,Ocasional (alto volumen / baja frecuencia),Línea Premium,Premium Exportación,980.25
2025-06,Norte,CLI-067,Ocasional (alto volumen / baja frecuencia),Línea Premium,Premium Exportación,866.89
2025-07,Norte,CLI-067,Ocasional (alto volumen / baja frecuencia),Línea Premium,Premium Exportación,794.87
2025-10,Norte,CLI-067,Ocasional (alto volumen / baja frecuencia),Línea Premium,Premium Exportación,1025.16
2025-12,Norte,CLI-067,Ocasional (alto volumen / baja frecuencia),Línea Premium,Premium Exportación,1032.7
2026-01,Norte,CLI-067,Ocasional (alto volumen / baja frecuencia),Línea Premium,Premium Exportación,1056.28
2026-02,Norte,CLI-067,Ocasional (alto volumen / baja frecuencia),Línea Premium,Premium Exportación,940.25
2026-04,Norte,CLI-067,Ocasional (alto volumen / baja frecuencia),Línea Premium,Premium Exportación,1212.2
2026-08,Norte,CLI-067,Ocasional (alto volumen / baja frecuencia),Línea Premium,Premium Exportación,1113.16
2025-01,Norte,CLI-067,Ocasional (alto volumen / baja frecuencia),Servicios postventa,Soporte y Mantenimiento,243.54
2025-04,Norte,CLI-067,Ocasional (alto volumen / baja frecuencia),Servicios postventa,Soporte y Mantenimiento,197.83
2025-05,Norte,CLI-067,Ocasional (alto volumen / baja frecuencia),Servicios postventa,Soporte y Mantenimiento,212.84
2025-09,Norte,CLI-067,Ocasional (alto volumen / baja frecuencia),Servicios postventa,Soporte y Mantenimiento,351.42
2026-08,Norte,CLI-067,Ocasional (alto volumen / baja frecuencia),Servicios postventa,Soporte y Mantenimiento,345.56
2025-01,Centro,CLI-068,Recurrente (bajo volumen / alta frecuencia),Línea Premium,Premium Oficina,333.32
2025-02,Centro,CLI-068,Recurrente (bajo volumen / alta frecuencia),Línea Premium,Premium Oficina,279.89
2025-03,Centro,CLI-068,Recurrente (bajo volumen / alta frecuencia),Línea Premium,Premium Oficina,284.47
2025-04,Centro,CLI-068,Recurrente (bajo volumen / alta frecuencia),Línea Premium,Premium Oficina,299.62
2025-05,Centro,CLI-068,Recurrente (bajo volumen / alta frecuencia),Línea Premium,Premium Oficina,282.86
2025-06,Centro,CLI-068,Recurrente (bajo volumen / alta frecuencia),Línea Premium,Premium Oficina,310.82
2025-07,Centro,CLI-068,Recurrente (bajo volumen / alta frecuencia),Línea Premium,Premium Oficina,323.11
2025-08,Centro,CLI-068,Recurrente (bajo volumen / alta frecuencia),Línea Premium,Premium Oficina,289.08
2025-09,Centro,CLI-068,Recurrente (bajo volumen / alta frecuencia),Línea Premium,Premium Oficina,230.01
2025-10,Centro,CLI-068,Recurrente (bajo volumen / alta frecuencia),Línea Premium,Premium Oficina,227.76
2025-12,Centro,CLI-068,Recurrente (bajo volumen / alta frecuencia),Línea Premium,Premium Oficina,238.87
2026-01,Centro,CLI-068,Recurrente (bajo volumen / alta frecuencia),Línea Premium,Premium Oficina,292.1
2026-02,Centro,CLI-068,Recurrente (bajo volumen / alta frecuencia),Línea Premium,Premium Oficina,260.42
2026-03,Centro,CLI-068,Recurrente (bajo volumen / alta frecuencia),Línea Premium,Premium Oficina,237.16
2026-04,Centro,CLI-068,Recurrente (bajo volumen / alta frecuencia),Línea Premium,Premium Oficina,260.25
2026-07,Centro,CLI-068,Recurrente (bajo volumen / alta frecuencia),Línea Premium,Premium Oficina,332.88
2025-02,Centro,CLI-068,Recurrente (bajo volumen / alta frecuencia),Servicios postventa,Soporte y Mantenimiento,75.27
2025-03,Centro,CLI-068,Recurrente (bajo volumen / alta frecuencia),Servicios postventa,Soporte y Mantenimiento,76.13
2025-04,Centro,CLI-068,Recurrente (bajo volumen / alta frecuencia),Servicios postventa,Soporte y Mantenimiento,62.27
2025-06,Centro,CLI-068,Recurrente (bajo volumen / alta frecuencia),Servicios postventa,Soporte y Mantenimiento,105.64
2025-07,Centro,CLI-068,Recurrente (bajo volumen / alta frecuencia),Servicios postventa,Soporte y Mantenimiento,90.84
2025-08,Centro,CLI-068,Recurrente (bajo volumen / alta frecuencia),Servicios postventa,Soporte y Mantenimiento,100.79
2025-09,Centro,CLI-068,Recurrente (bajo volumen / alta frecuencia),Servicios postventa,Soporte y Mantenimiento,98.41
2025-10,Centro,CLI-068,Recurrente (bajo volumen / alta frecuencia),Servicios postventa,Soporte y Mantenimiento,95.68
2025-11,Centro,CLI-068,Recurrente (bajo volumen / alta frecuencia),Servicios postventa,Soporte y Mantenimiento,111.96
2026-02,Centro,CLI-068,Recurrente (bajo volumen / alta frecuencia),Servicios postventa,Soporte y Mantenimiento,95.71
2026-03,Centro,CLI-068,Recurrente (bajo volumen / alta frecuencia),Servicios postventa,Soporte y Mantenimiento,82.81
2026-04,Centro,CLI-068,Recurrente (bajo volumen / alta frecuencia),Servicios postventa,Soporte y Mantenimiento,100.56
2026-05,Centro,CLI-068,Recurrente (bajo volumen / alta frecuencia),Servicios postventa,Soporte y Mantenimiento,123.47
2026-07,Centro,CLI-068,Recurrente (bajo volumen / alta frecuencia),Servicios postventa,Soporte y Mantenimiento,74.96
2026-08,Centro,CLI-068,Recurrente (bajo volumen / alta frecuencia),Servicios postventa,Soporte y Mantenimiento,110.38
2025-02,Centro,CLI-068,Recurrente (bajo volumen / alta frecuencia),Línea Económica,Económica Básica,177.42
2025-03,Centro,CLI-068,Recurrente (bajo volumen / alta frecuencia),Línea Económica,Económica Básica,136.96
2025-05,Centro,CLI-068,Recurrente (bajo volumen / alta frecuencia),Línea Económica,Económica Básica,169.33
2025-06,Centro,CLI-068,Recurrente (bajo volumen / alta frecuencia),Línea Económica,Económica Básica,195.41
2025-07,Centro,CLI-068,Recurrente (bajo volumen / alta frecuencia),Línea Económica,Económica Básica,159.96
2025-09,Centro,CLI-068,Recurrente (bajo volumen / alta frecuencia),Línea Económica,Económica Básica,176.87
2025-10,Centro,CLI-068,Recurrente (bajo volumen / alta frecuencia),Línea Económica,Económica Básica,141.18
2025-12,Centro,CLI-068,Recurrente (bajo volumen / alta frecuencia),Línea Económica,Económica Básica,173.7
2026-01,Centro,CLI-068,Recurrente (bajo volumen / alta frecuencia),Línea Económica,Económica Básica,161.2
2026-04,Centro,CLI-068,Recurrente (bajo volumen / alta frecuencia),Línea Económica,Económica Básica,156.8
2026-05,Centro,CLI-068,Recurrente (bajo volumen / alta frecuencia),Línea Económica,Económica Básica,196.43
2026-06,Centro,CLI-068,Recurrente (bajo volumen / alta frecuencia),Línea Económica,Económica Básica,183.02
2026-08,Centro,CLI-068,Recurrente (bajo volumen / alta frecuencia),Línea Económica,Económica Básica,201.44
2025-02,Centro,CLI-068,Recurrente (bajo volumen / alta frecuencia),Línea Premium,Premium Exportación,358.52
2025-03,Centro,CLI-068,Recurrente (bajo volumen / alta frecuencia),Línea Premium,Premium Exportación,397.04
2025-04,Centro,CLI-068,Recurrente (bajo volumen / alta frecuencia),Línea Premium,Premium Exportación,313.59
2025-05,Centro,CLI-068,Recurrente (bajo volumen / alta frecuencia),Línea Premium,Premium Exportación,382.21
2025-06,Centro,CLI-068,Recurrente (bajo volumen / alta frecuencia),Línea Premium,Premium Exportación,373.8
2025-07,Centro,CLI-068,Recurrente (bajo volumen / alta frecuencia),Línea Premium,Premium Exportación,363.74
2025-08,Centro,CLI-068,Recurrente (bajo volumen / alta frecuencia),Línea Premium,Premium Exportación,341.3
2025-09,Centro,CLI-068,Recurrente (bajo volumen / alta frecuencia),Línea Premium,Premium Exportación,297.71
2025-10,Centro,CLI-068,Recurrente (bajo volumen / alta frecuencia),Línea Premium,Premium Exportación,338.75
2025-11,Centro,CLI-068,Recurrente (bajo volumen / alta frecuencia),Línea Premium,Premium Exportación,295.55
2025-12,Centro,CLI-068,Recurrente (bajo volumen / alta frecuencia),Línea Premium,Premium Exportación,377.65
2026-01,Centro,CLI-068,Recurrente (bajo volumen / alta frecuencia),Línea Premium,Premium Exportación,365.48
2026-02,Centro,CLI-068,Recurrente (bajo volumen / alta frecuencia),Línea Premium,Premium Exportación,435.63
2026-03,Centro,CLI-068,Recurrente (bajo volumen / alta frecuencia),Línea Premium,Premium Exportación,411.17
2026-04,Centro,CLI-068,Recurrente (bajo volumen / alta frecuencia),Línea Premium,Premium Exportación,376.18
2026-05,Centro,CLI-068,Recurrente (bajo volumen / alta frecuencia),Línea Premium,Premium Exportación,400.08
2026-07,Centro,CLI-068,Recurrente (bajo volumen / alta frecuencia),Línea Premium,Premium Exportación,349.65
2026-08,Centro,CLI-068,Recurrente (bajo volumen / alta frecuencia),Línea Premium,Premium Exportación,375.57
2025-02,Centro,CLI-068,Recurrente (bajo volumen / alta frecuencia),Línea Económica,Económica Promocional,158.03
2025-03,Centro,CLI-068,Recurrente (bajo volumen / alta frecuencia),Línea Económica,Económica Promocional,120.09
2025-06,Centro,CLI-068,Recurrente (bajo volumen / alta frecuencia),Línea Económica,Económica Promocional,143.4
2025-07,Centro,CLI-068,Recurrente (bajo volumen / alta frecuencia),Línea Económica,Económica Promocional,150.8
2025-08,Centro,CLI-068,Recurrente (bajo volumen / alta frecuencia),Línea Económica,Económica Promocional,123.05
2025-09,Centro,CLI-068,Recurrente (bajo volumen / alta frecuencia),Línea Económica,Económica Promocional,122.07
2025-10,Centro,CLI-068,Recurrente (bajo volumen / alta frecuencia),Línea Económica,Económica Promocional,142.42
2026-01,Centro,CLI-068,Recurrente (bajo volumen / alta frecuencia),Línea Económica,Económica Promocional,159.98
2026-02,Centro,CLI-068,Recurrente (bajo volumen / alta frecuencia),Línea Económica,Económica Promocional,131.9
2026-03,Centro,CLI-068,Recurrente (bajo volumen / alta frecuencia),Línea Económica,Económica Promocional,127.63
2026-05,Centro,CLI-068,Recurrente (bajo volumen / alta frecuencia),Línea Económica,Económica Promocional,133.64
2026-06,Centro,CLI-068,Recurrente (bajo volumen / alta frecuencia),Línea Económica,Económica Promocional,109.16
2026-07,Centro,CLI-068,Recurrente (bajo volumen / alta frecuencia),Línea Económica,Económica Promocional,131.78
2025-01,Centro,CLI-068,Recurrente (bajo volumen / alta frecuencia),Línea Estándar,Estándar Mayoreo,287.55
2025-02,Centro,CLI-068,Recurrente (bajo volumen / alta frecuencia),Línea Estándar,Estándar Mayoreo,298.92
2025-03,Centro,CLI-068,Recurrente (bajo volumen / alta frecuencia),Línea Estándar,Estándar Mayoreo,359.75
2025-04,Centro,CLI-068,Recurrente (bajo volumen / alta frecuencia),Línea Estándar,Estándar Mayoreo,308.04
2025-05,Centro,CLI-068,Recurrente (bajo volumen / alta frecuencia),Línea Estándar,Estándar Mayoreo,301.4
2025-06,Centro,CLI-068,Recurrente (bajo volumen / alta frecuencia),Línea Estándar,Estándar Mayoreo,243.78
2025-07,Centro,CLI-068,Recurrente (bajo volumen / alta frecuencia),Línea Estándar,Estándar Mayoreo,290.25
2025-09,Centro,CLI-068,Recurrente (bajo volumen / alta frecuencia),Línea Estándar,Estándar Mayoreo,284.54
2025-10,Centro,CLI-068,Recurrente (bajo volumen / alta frecuencia),Línea Estándar,Estándar Mayoreo,265.07
2025-11,Centro,CLI-068,Recurrente (bajo volumen / alta frecuencia),Línea Estándar,Estándar Mayoreo,198.09
2025-12,Centro,CLI-068,Recurrente (bajo volumen / alta frecuencia),Línea Estándar,Estándar Mayoreo,328.63
2026-01,Centro,CLI-068,Recurrente (bajo volumen / alta frecuencia),Línea Estándar,Estándar Mayoreo,222.41
2026-02,Centro,CLI-068,Recurrente (bajo volumen / alta frecuencia),Línea Estándar,Estándar Mayoreo,293.48
2026-03,Centro,CLI-068,Recurrente (bajo volumen / alta frecuencia),Línea Estándar,Estándar Mayoreo,248.93
2026-04,Centro,CLI-068,Recurrente (bajo volumen / alta frecuencia),Línea Estándar,Estándar Mayoreo,275.12
2026-05,Centro,CLI-068,Recurrente (bajo volumen / alta frecuencia),Línea Estándar,Estándar Mayoreo,320.5
2026-06,Centro,CLI-068,Recurrente (bajo volumen / alta frecuencia),Línea Estándar,Estándar Mayoreo,264.26
2026-08,Centro,CLI-068,Recurrente (bajo volumen / alta frecuencia),Línea Estándar,Estándar Mayoreo,221.98
2025-01,Centro,CLI-069,VIP (alto volumen / alta frecuencia),Línea Económica,Económica Promocional,420.28
2025-02,Centro,CLI-069,VIP (alto volumen / alta frecuencia),Línea Económica,Económica Promocional,389.92
2025-03,Centro,CLI-069,VIP (alto volumen / alta frecuencia),Línea Económica,Económica Promocional,431.9
2025-04,Centro,CLI-069,VIP (alto volumen / alta frecuencia),Línea Económica,Económica Promocional,375.58
2025-05,Centro,CLI-069,VIP (alto volumen / alta frecuencia),Línea Económica,Económica Promocional,415.3
2025-06,Centro,CLI-069,VIP (alto volumen / alta frecuencia),Línea Económica,Económica Promocional,384.29
2025-07,Centro,CLI-069,VIP (alto volumen / alta frecuencia),Línea Económica,Económica Promocional,511.31
2025-08,Centro,CLI-069,VIP (alto volumen / alta frecuencia),Línea Económica,Económica Promocional,403.15
2025-09,Centro,CLI-069,VIP (alto volumen / alta frecuencia),Línea Económica,Económica Promocional,339.64
2025-10,Centro,CLI-069,VIP (alto volumen / alta frecuencia),Línea Económica,Económica Promocional,460.0
2025-11,Centro,CLI-069,VIP (alto volumen / alta frecuencia),Línea Económica,Económica Promocional,448.26
2025-12,Centro,CLI-069,VIP (alto volumen / alta frecuencia),Línea Económica,Económica Promocional,408.76
2026-01,Centro,CLI-069,VIP (alto volumen / alta frecuencia),Línea Económica,Económica Promocional,296.78
2026-02,Centro,CLI-069,VIP (alto volumen / alta frecuencia),Línea Económica,Económica Promocional,493.18
2026-03,Centro,CLI-069,VIP (alto volumen / alta frecuencia),Línea Económica,Económica Promocional,346.61
2026-04,Centro,CLI-069,VIP (alto volumen / alta frecuencia),Línea Económica,Económica Promocional,454.77
2026-05,Centro,CLI-069,VIP (alto volumen / alta frecuencia),Línea Económica,Económica Promocional,513.98
2026-06,Centro,CLI-069,VIP (alto volumen / alta frecuencia),Línea Económica,Económica Promocional,487.39
2026-07,Centro,CLI-069,VIP (alto volumen / alta frecuencia),Línea Económica,Económica Promocional,371.75
2026-08,Centro,CLI-069,VIP (alto volumen / alta frecuencia),Línea Económica,Económica Promocional,500.7
2025-01,Centro,CLI-069,VIP (alto volumen / alta frecuencia),Línea Premium,Premium Hogar,863.07
2025-02,Centro,CLI-069,VIP (alto volumen / alta frecuencia),Línea Premium,Premium Hogar,1057.66
2025-03,Centro,CLI-069,VIP (alto volumen / alta frecuencia),Línea Premium,Premium Hogar,1147.3
2025-04,Centro,CLI-069,VIP (alto volumen / alta frecuencia),Línea Premium,Premium Hogar,1170.68
2025-05,Centro,CLI-069,VIP (alto volumen / alta frecuencia),Línea Premium,Premium Hogar,996.59
2025-06,Centro,CLI-069,VIP (alto volumen / alta frecuencia),Línea Premium,Premium Hogar,1142.47
2025-07,Centro,CLI-069,VIP (alto volumen / alta frecuencia),Línea Premium,Premium Hogar,1049.74
2025-08,Centro,CLI-069,VIP (alto volumen / alta frecuencia),Línea Premium,Premium Hogar,1158.93
2025-09,Centro,CLI-069,VIP (alto volumen / alta frecuencia),Línea Premium,Premium Hogar,1052.32
2025-12,Centro,CLI-069,VIP (alto volumen / alta frecuencia),Línea Premium,Premium Hogar,1215.98
2026-02,Centro,CLI-069,VIP (alto volumen / alta frecuencia),Línea Premium,Premium Hogar,1242.05
2026-03,Centro,CLI-069,VIP (alto volumen / alta frecuencia),Línea Premium,Premium Hogar,1278.82
2026-04,Centro,CLI-069,VIP (alto volumen / alta frecuencia),Línea Premium,Premium Hogar,1348.18
2026-05,Centro,CLI-069,VIP (alto volumen / alta frecuencia),Línea Premium,Premium Hogar,1110.55
2026-06,Centro,CLI-069,VIP (alto volumen / alta frecuencia),Línea Premium,Premium Hogar,1431.04
2026-07,Centro,CLI-069,VIP (alto volumen / alta frecuencia),Línea Premium,Premium Hogar,1314.91
2025-01,Centro,CLI-069,VIP (alto volumen / alta frecuencia),Línea Estándar,Estándar Mayoreo,975.89
2025-02,Centro,CLI-069,VIP (alto volumen / alta frecuencia),Línea Estándar,Estándar Mayoreo,799.86
2025-04,Centro,CLI-069,VIP (alto volumen / alta frecuencia),Línea Estándar,Estándar Mayoreo,1020.37
2025-05,Centro,CLI-069,VIP (alto volumen / alta frecuencia),Línea Estándar,Estándar Mayoreo,1129.8
2025-06,Centro,CLI-069,VIP (alto volumen / alta frecuencia),Línea Estándar,Estándar Mayoreo,730.75
2025-07,Centro,CLI-069,VIP (alto volumen / alta frecuencia),Línea Estándar,Estándar Mayoreo,867.65
2025-08,Centro,CLI-069,VIP (alto volumen / alta frecuencia),Línea Estándar,Estándar Mayoreo,574.6
2025-09,Centro,CLI-069,VIP (alto volumen / alta frecuencia),Línea Estándar,Estándar Mayoreo,884.9
2025-11,Centro,CLI-069,VIP (alto volumen / alta frecuencia),Línea Estándar,Estándar Mayoreo,851.73
2026-01,Centro,CLI-069,VIP (alto volumen / alta frecuencia),Línea Estándar,Estándar Mayoreo,1103.93
2026-02,Centro,CLI-069,VIP (alto volumen / alta frecuencia),Línea Estándar,Estándar Mayoreo,876.52
2026-03,Centro,CLI-069,VIP (alto volumen / alta frecuencia),Línea Estándar,Estándar Mayoreo,573.84
2026-05,Centro,CLI-069,VIP (alto volumen / alta frecuencia),Línea Estándar,Estándar Mayoreo,808.27
2026-06,Centro,CLI-069,VIP (alto volumen / alta frecuencia),Línea Estándar,Estándar Mayoreo,1005.0
2026-07,Centro,CLI-069,VIP (alto volumen / alta frecuencia),Línea Estándar,Estándar Mayoreo,980.06
2026-08,Centro,CLI-069,VIP (alto volumen / alta frecuencia),Línea Estándar,Estándar Mayoreo,579.99
2025-01,Centro,CLI-069,VIP (alto volumen / alta frecuencia),Línea Premium,Premium Oficina,694.32
2025-02,Centro,CLI-069,VIP (alto volumen / alta frecuencia),Línea Premium,Premium Oficina,789.19
2025-03,Centro,CLI-069,VIP (alto volumen / alta frecuencia),Línea Premium,Premium Oficina,941.45
2025-04,Centro,CLI-069,VIP (alto volumen / alta frecuencia),Línea Premium,Premium Oficina,953.47
2025-05,Centro,CLI-069,VIP (alto volumen / alta frecuencia),Línea Premium,Premium Oficina,870.78
2025-06,Centro,CLI-069,VIP (alto volumen / alta frecuencia),Línea Premium,Premium Oficina,969.25
2025-07,Centro,CLI-069,VIP (alto volumen / alta frecuencia),Línea Premium,Premium Oficina,777.82
2025-08,Centro,CLI-069,VIP (alto volumen / alta frecuencia),Línea Premium,Premium Oficina,760.12
2025-09,Centro,CLI-069,VIP (alto volumen / alta frecuencia),Línea Premium,Premium Oficina,1022.15
2025-10,Centro,CLI-069,VIP (alto volumen / alta frecuencia),Línea Premium,Premium Oficina,797.09
2025-11,Centro,CLI-069,VIP (alto volumen / alta frecuencia),Línea Premium,Premium Oficina,795.56
2025-12,Centro,CLI-069,VIP (alto volumen / alta frecuencia),Línea Premium,Premium Oficina,854.97
2026-01,Centro,CLI-069,VIP (alto volumen / alta frecuencia),Línea Premium,Premium Oficina,1005.34
2026-02,Centro,CLI-069,VIP (alto volumen / alta frecuencia),Línea Premium,Premium Oficina,742.05
2026-03,Centro,CLI-069,VIP (alto volumen / alta frecuencia),Línea Premium,Premium Oficina,851.58
2026-04,Centro,CLI-069,VIP (alto volumen / alta frecuencia),Línea Premium,Premium Oficina,971.35
2026-05,Centro,CLI-069,VIP (alto volumen / alta frecuencia),Línea Premium,Premium Oficina,937.32
2026-06,Centro,CLI-069,VIP (alto volumen / alta frecuencia),Línea Premium,Premium Oficina,782.91
2026-07,Centro,CLI-069,VIP (alto volumen / alta frecuencia),Línea Premium,Premium Oficina,918.75
2026-08,Centro,CLI-069,VIP (alto volumen / alta frecuencia),Línea Premium,Premium Oficina,1068.46
2025-01,Centro,CLI-069,VIP (alto volumen / alta frecuencia),Línea Premium,Premium Exportación,1127.42
2025-02,Centro,CLI-069,VIP (alto volumen / alta frecuencia),Línea Premium,Premium Exportación,893.82
2025-03,Centro,CLI-069,VIP (alto volumen / alta frecuencia),Línea Premium,Premium Exportación,882.23
2025-04,Centro,CLI-069,VIP (alto volumen / alta frecuencia),Línea Premium,Premium Exportación,912.96
2025-05,Centro,CLI-069,VIP (alto volumen / alta frecuencia),Línea Premium,Premium Exportación,913.36
2025-06,Centro,CLI-069,VIP (alto volumen / alta frecuencia),Línea Premium,Premium Exportación,1298.9
2025-07,Centro,CLI-069,VIP (alto volumen / alta frecuencia),Línea Premium,Premium Exportación,905.28
2025-08,Centro,CLI-069,VIP (alto volumen / alta frecuencia),Línea Premium,Premium Exportación,1019.04
2025-09,Centro,CLI-069,VIP (alto volumen / alta frecuencia),Línea Premium,Premium Exportación,1070.01
2025-10,Centro,CLI-069,VIP (alto volumen / alta frecuencia),Línea Premium,Premium Exportación,1116.64
2025-11,Centro,CLI-069,VIP (alto volumen / alta frecuencia),Línea Premium,Premium Exportación,1500.21
2025-12,Centro,CLI-069,VIP (alto volumen / alta frecuencia),Línea Premium,Premium Exportación,1240.88
2026-01,Centro,CLI-069,VIP (alto volumen / alta frecuencia),Línea Premium,Premium Exportación,1241.96
2026-02,Centro,CLI-069,VIP (alto volumen / alta frecuencia),Línea Premium,Premium Exportación,1387.81
2026-03,Centro,CLI-069,VIP (alto volumen / alta frecuencia),Línea Premium,Premium Exportación,1230.43
2026-04,Centro,CLI-069,VIP (alto volumen / alta frecuencia),Línea Premium,Premium Exportación,1365.95
2026-05,Centro,CLI-069,VIP (alto volumen / alta frecuencia),Línea Premium,Premium Exportación,1396.84
2026-06,Centro,CLI-069,VIP (alto volumen / alta frecuencia),Línea Premium,Premium Exportación,1289.27
2026-07,Centro,CLI-069,VIP (alto volumen / alta frecuencia),Línea Premium,Premium Exportación,1300.28
2026-08,Centro,CLI-069,VIP (alto volumen / alta frecuencia),Línea Premium,Premium Exportación,1499.26
2025-01,Centro,CLI-069,VIP (alto volumen / alta frecuencia),Servicios postventa,Soporte y Mantenimiento,306.67
2025-02,Centro,CLI-069,VIP (alto volumen / alta frecuencia),Servicios postventa,Soporte y Mantenimiento,240.32
2025-03,Centro,CLI-069,VIP (alto volumen / alta frecuencia),Servicios postventa,Soporte y Mantenimiento,308.97
2025-04,Centro,CLI-069,VIP (alto volumen / alta frecuencia),Servicios postventa,Soporte y Mantenimiento,249.23
2025-05,Centro,CLI-069,VIP (alto volumen / alta frecuencia),Servicios postventa,Soporte y Mantenimiento,345.09
2025-06,Centro,CLI-069,VIP (alto volumen / alta frecuencia),Servicios postventa,Soporte y Mantenimiento,337.13
2025-07,Centro,CLI-069,VIP (alto volumen / alta frecuencia),Servicios postventa,Soporte y Mantenimiento,336.85
2025-08,Centro,CLI-069,VIP (alto volumen / alta frecuencia),Servicios postventa,Soporte y Mantenimiento,321.15
2025-09,Centro,CLI-069,VIP (alto volumen / alta frecuencia),Servicios postventa,Soporte y Mantenimiento,310.94
2025-10,Centro,CLI-069,VIP (alto volumen / alta frecuencia),Servicios postventa,Soporte y Mantenimiento,330.51
2025-11,Centro,CLI-069,VIP (alto volumen / alta frecuencia),Servicios postventa,Soporte y Mantenimiento,287.54
2025-12,Centro,CLI-069,VIP (alto volumen / alta frecuencia),Servicios postventa,Soporte y Mantenimiento,340.83
2026-01,Centro,CLI-069,VIP (alto volumen / alta frecuencia),Servicios postventa,Soporte y Mantenimiento,248.7
2026-02,Centro,CLI-069,VIP (alto volumen / alta frecuencia),Servicios postventa,Soporte y Mantenimiento,356.0
2026-03,Centro,CLI-069,VIP (alto volumen / alta frecuencia),Servicios postventa,Soporte y Mantenimiento,480.53
2026-04,Centro,CLI-069,VIP (alto volumen / alta frecuencia),Servicios postventa,Soporte y Mantenimiento,363.95
2026-05,Centro,CLI-069,VIP (alto volumen / alta frecuencia),Servicios postventa,Soporte y Mantenimiento,433.49
2026-06,Centro,CLI-069,VIP (alto volumen / alta frecuencia),Servicios postventa,Soporte y Mantenimiento,361.48
2026-07,Centro,CLI-069,VIP (alto volumen / alta frecuencia),Servicios postventa,Soporte y Mantenimiento,305.92
2026-08,Centro,CLI-069,VIP (alto volumen / alta frecuencia),Servicios postventa,Soporte y Mantenimiento,430.19
2025-01,Centro,CLI-069,VIP (alto volumen / alta frecuencia),Línea Económica,Económica Básica,546.74
2025-02,Centro,CLI-069,VIP (alto volumen / alta frecuencia),Línea Económica,Económica Básica,501.2
2025-03,Centro,CLI-069,VIP (alto volumen / alta frecuencia),Línea Económica,Económica Básica,524.57
2025-04,Centro,CLI-069,VIP (alto volumen / alta frecuencia),Línea Económica,Económica Básica,644.86
2025-05,Centro,CLI-069,VIP (alto volumen / alta frecuencia),Línea Económica,Económica Básica,415.32
2025-06,Centro,CLI-069,VIP (alto volumen / alta frecuencia),Línea Económica,Económica Básica,485.93
2025-07,Centro,CLI-069,VIP (alto volumen / alta frecuencia),Línea Económica,Económica Básica,590.15
2025-08,Centro,CLI-069,VIP (alto volumen / alta frecuencia),Línea Económica,Económica Básica,477.28
2025-09,Centro,CLI-069,VIP (alto volumen / alta frecuencia),Línea Económica,Económica Básica,455.28
2025-10,Centro,CLI-069,VIP (alto volumen / alta frecuencia),Línea Económica,Económica Básica,514.04
2025-11,Centro,CLI-069,VIP (alto volumen / alta frecuencia),Línea Económica,Económica Básica,490.1
2025-12,Centro,CLI-069,VIP (alto volumen / alta frecuencia),Línea Económica,Económica Básica,581.03
2026-01,Centro,CLI-069,VIP (alto volumen / alta frecuencia),Línea Económica,Económica Básica,579.62
2026-02,Centro,CLI-069,VIP (alto volumen / alta frecuencia),Línea Económica,Económica Básica,537.25
2026-03,Centro,CLI-069,VIP (alto volumen / alta frecuencia),Línea Económica,Económica Básica,582.64
2026-04,Centro,CLI-069,VIP (alto volumen / alta frecuencia),Línea Económica,Económica Básica,538.77
2026-05,Centro,CLI-069,VIP (alto volumen / alta frecuencia),Línea Económica,Económica Básica,471.21
2026-06,Centro,CLI-069,VIP (alto volumen / alta frecuencia),Línea Económica,Económica Básica,517.26
2026-07,Centro,CLI-069,VIP (alto volumen / alta frecuencia),Línea Económica,Económica Básica,551.59
2026-08,Centro,CLI-069,VIP (alto volumen / alta frecuencia),Línea Económica,Económica Básica,613.24
2025-01,Centro,CLI-069,VIP (alto volumen / alta frecuencia),Línea Estándar,Estándar Retail,724.98
2025-02,Centro,CLI-069,VIP (alto volumen / alta frecuencia),Línea Estándar,Estándar Retail,756.84
2025-03,Centro,CLI-069,VIP (alto volumen / alta frecuencia),Línea Estándar,Estándar Retail,752.43
2025-04,Centro,CLI-069,VIP (alto volumen / alta frecuencia),Línea Estándar,Estándar Retail,734.36
2025-05,Centro,CLI-069,VIP (alto volumen / alta frecuencia),Línea Estándar,Estándar Retail,761.11
2025-07,Centro,CLI-069,VIP (alto volumen / alta frecuencia),Línea Estándar,Estándar Retail,670.6
2025-08,Centro,CLI-069,VIP (alto volumen / alta frecuencia),Línea Estándar,Estándar Retail,826.17
2025-09,Centro,CLI-069,VIP (alto volumen / alta frecuencia),Línea Estándar,Estándar Retail,949.03
2025-10,Centro,CLI-069,VIP (alto volumen / alta frecuencia),Línea Estándar,Estándar Retail,910.51
2025-11,Centro,CLI-069,VIP (alto volumen / alta frecuencia),Línea Estándar,Estándar Retail,1124.08
2025-12,Centro,CLI-069,VIP (alto volumen / alta frecuencia),Línea Estándar,Estándar Retail,881.1
2026-01,Centro,CLI-069,VIP (alto volumen / alta frecuencia),Línea Estándar,Estándar Retail,915.67
2026-03,Centro,CLI-069,VIP (alto volumen / alta frecuencia),Línea Estándar,Estándar Retail,1157.93
2026-04,Centro,CLI-069,VIP (alto volumen / alta frecuencia),Línea Estándar,Estándar Retail,990.96
2026-05,Centro,CLI-069,VIP (alto volumen / alta frecuencia),Línea Estándar,Estándar Retail,1067.06
2026-06,Centro,CLI-069,VIP (alto volumen / alta frecuencia),Línea Estándar,Estándar Retail,990.2
2026-07,Centro,CLI-069,VIP (alto volumen / alta frecuencia),Línea Estándar,Estándar Retail,977.83
2026-08,Centro,CLI-069,VIP (alto volumen / alta frecuencia),Línea Estándar,Estándar Retail,1025.14
2025-01,Norte,CLI-070,Recurrente (bajo volumen / alta frecuencia),Línea Estándar,Estándar Retail,357.02
2025-04,Norte,CLI-070,Recurrente (bajo volumen / alta frecuencia),Línea Estándar,Estándar Retail,403.23
2025-05,Norte,CLI-070,Recurrente (bajo volumen / alta frecuencia),Línea Estándar,Estándar Retail,387.64
2025-08,Norte,CLI-070,Recurrente (bajo volumen / alta frecuencia),Línea Estándar,Estándar Retail,299.1
2025-09,Norte,CLI-070,Recurrente (bajo volumen / alta frecuencia),Línea Estándar,Estándar Retail,389.8
2025-10,Norte,CLI-070,Recurrente (bajo volumen / alta frecuencia),Línea Estándar,Estándar Retail,346.11
2025-11,Norte,CLI-070,Recurrente (bajo volumen / alta frecuencia),Línea Estándar,Estándar Retail,378.12
2025-12,Norte,CLI-070,Recurrente (bajo volumen / alta frecuencia),Línea Estándar,Estándar Retail,304.94
2026-02,Norte,CLI-070,Recurrente (bajo volumen / alta frecuencia),Línea Estándar,Estándar Retail,426.48
2026-03,Norte,CLI-070,Recurrente (bajo volumen / alta frecuencia),Línea Estándar,Estándar Retail,408.29
2026-04,Norte,CLI-070,Recurrente (bajo volumen / alta frecuencia),Línea Estándar,Estándar Retail,434.74
2026-05,Norte,CLI-070,Recurrente (bajo volumen / alta frecuencia),Línea Estándar,Estándar Retail,390.94
2026-06,Norte,CLI-070,Recurrente (bajo volumen / alta frecuencia),Línea Estándar,Estándar Retail,385.6
2026-07,Norte,CLI-070,Recurrente (bajo volumen / alta frecuencia),Línea Estándar,Estándar Retail,420.63
2026-08,Norte,CLI-070,Recurrente (bajo volumen / alta frecuencia),Línea Estándar,Estándar Retail,372.08
2025-01,Norte,CLI-070,Recurrente (bajo volumen / alta frecuencia),Servicios postventa,Soporte y Mantenimiento,143.37
2025-02,Norte,CLI-070,Recurrente (bajo volumen / alta frecuencia),Servicios postventa,Soporte y Mantenimiento,142.76
2025-03,Norte,CLI-070,Recurrente (bajo volumen / alta frecuencia),Servicios postventa,Soporte y Mantenimiento,117.55
2025-04,Norte,CLI-070,Recurrente (bajo volumen / alta frecuencia),Servicios postventa,Soporte y Mantenimiento,110.77
2025-05,Norte,CLI-070,Recurrente (bajo volumen / alta frecuencia),Servicios postventa,Soporte y Mantenimiento,145.41
2025-06,Norte,CLI-070,Recurrente (bajo volumen / alta frecuencia),Servicios postventa,Soporte y Mantenimiento,133.61
2025-07,Norte,CLI-070,Recurrente (bajo volumen / alta frecuencia),Servicios postventa,Soporte y Mantenimiento,154.82
2025-09,Norte,CLI-070,Recurrente (bajo volumen / alta frecuencia),Servicios postventa,Soporte y Mantenimiento,136.98
2025-12,Norte,CLI-070,Recurrente (bajo volumen / alta frecuencia),Servicios postventa,Soporte y Mantenimiento,141.62
2026-01,Norte,CLI-070,Recurrente (bajo volumen / alta frecuencia),Servicios postventa,Soporte y Mantenimiento,142.2
2026-02,Norte,CLI-070,Recurrente (bajo volumen / alta frecuencia),Servicios postventa,Soporte y Mantenimiento,140.09
2026-04,Norte,CLI-070,Recurrente (bajo volumen / alta frecuencia),Servicios postventa,Soporte y Mantenimiento,139.62
2026-05,Norte,CLI-070,Recurrente (bajo volumen / alta frecuencia),Servicios postventa,Soporte y Mantenimiento,133.76
2026-06,Norte,CLI-070,Recurrente (bajo volumen / alta frecuencia),Servicios postventa,Soporte y Mantenimiento,124.46
2026-07,Norte,CLI-070,Recurrente (bajo volumen / alta frecuencia),Servicios postventa,Soporte y Mantenimiento,146.23
2026-08,Norte,CLI-070,Recurrente (bajo volumen / alta frecuencia),Servicios postventa,Soporte y Mantenimiento,165.25
2025-01,Norte,CLI-070,Recurrente (bajo volumen / alta frecuencia),Línea Económica,Económica Básica,276.66
2025-02,Norte,CLI-070,Recurrente (bajo volumen / alta frecuencia),Línea Económica,Económica Básica,230.59
2025-03,Norte,CLI-070,Recurrente (bajo volumen / alta frecuencia),Línea Económica,Económica Básica,270.79
2025-04,Norte,CLI-070,Recurrente (bajo volumen / alta frecuencia),Línea Económica,Económica Básica,233.43
2025-05,Norte,CLI-070,Recurrente (bajo volumen / alta frecuencia),Línea Económica,Económica Básica,241.02
2025-06,Norte,CLI-070,Recurrente (bajo volumen / alta frecuencia),Línea Económica,Económica Básica,216.26
2025-10,Norte,CLI-070,Recurrente (bajo volumen / alta frecuencia),Línea Económica,Económica Básica,260.15
2026-01,Norte,CLI-070,Recurrente (bajo volumen / alta frecuencia),Línea Económica,Económica Básica,208.28
2026-02,Norte,CLI-070,Recurrente (bajo volumen / alta frecuencia),Línea Económica,Económica Básica,269.31
2026-03,Norte,CLI-070,Recurrente (bajo volumen / alta frecuencia),Línea Económica,Económica Básica,238.16
2026-04,Norte,CLI-070,Recurrente (bajo volumen / alta frecuencia),Línea Económica,Económica Básica,296.67
2026-05,Norte,CLI-070,Recurrente (bajo volumen / alta frecuencia),Línea Económica,Económica Básica,252.99
2026-06,Norte,CLI-070,Recurrente (bajo volumen / alta frecuencia),Línea Económica,Económica Básica,255.45
2026-08,Norte,CLI-070,Recurrente (bajo volumen / alta frecuencia),Línea Económica,Económica Básica,249.18
2025-01,Norte,CLI-070,Recurrente (bajo volumen / alta frecuencia),Línea Estándar,Estándar Mayoreo,428.79
2025-02,Norte,CLI-070,Recurrente (bajo volumen / alta frecuencia),Línea Estándar,Estándar Mayoreo,425.24
2025-03,Norte,CLI-070,Recurrente (bajo volumen / alta frecuencia),Línea Estándar,Estándar Mayoreo,420.58
2025-04,Norte,CLI-070,Recurrente (bajo volumen / alta frecuencia),Línea Estándar,Estándar Mayoreo,415.56
2025-05,Norte,CLI-070,Recurrente (bajo volumen / alta frecuencia),Línea Estándar,Estándar Mayoreo,370.8
2025-06,Norte,CLI-070,Recurrente (bajo volumen / alta frecuencia),Línea Estándar,Estándar Mayoreo,455.55
2025-07,Norte,CLI-070,Recurrente (bajo volumen / alta frecuencia),Línea Estándar,Estándar Mayoreo,483.76
2025-08,Norte,CLI-070,Recurrente (bajo volumen / alta frecuencia),Línea Estándar,Estándar Mayoreo,431.66
2025-10,Norte,CLI-070,Recurrente (bajo volumen / alta frecuencia),Línea Estándar,Estándar Mayoreo,342.78
2025-11,Norte,CLI-070,Recurrente (bajo volumen / alta frecuencia),Línea Estándar,Estándar Mayoreo,470.44
2026-02,Norte,CLI-070,Recurrente (bajo volumen / alta frecuencia),Línea Estándar,Estándar Mayoreo,399.93
2026-03,Norte,CLI-070,Recurrente (bajo volumen / alta frecuencia),Línea Estándar,Estándar Mayoreo,357.61
2026-04,Norte,CLI-070,Recurrente (bajo volumen / alta frecuencia),Línea Estándar,Estándar Mayoreo,367.33
2026-05,Norte,CLI-070,Recurrente (bajo volumen / alta frecuencia),Línea Estándar,Estándar Mayoreo,424.83
2026-07,Norte,CLI-070,Recurrente (bajo volumen / alta frecuencia),Línea Estándar,Estándar Mayoreo,330.04
2025-01,Norte,CLI-070,Recurrente (bajo volumen / alta frecuencia),Línea Premium,Premium Exportación,509.49
2025-02,Norte,CLI-070,Recurrente (bajo volumen / alta frecuencia),Línea Premium,Premium Exportación,496.49
2025-03,Norte,CLI-070,Recurrente (bajo volumen / alta frecuencia),Línea Premium,Premium Exportación,483.46
2025-04,Norte,CLI-070,Recurrente (bajo volumen / alta frecuencia),Línea Premium,Premium Exportación,661.2
2025-05,Norte,CLI-070,Recurrente (bajo volumen / alta frecuencia),Línea Premium,Premium Exportación,531.15
2025-07,Norte,CLI-070,Recurrente (bajo volumen / alta frecuencia),Línea Premium,Premium Exportación,546.15
2025-09,Norte,CLI-070,Recurrente (bajo volumen / alta frecuencia),Línea Premium,Premium Exportación,610.26
2025-10,Norte,CLI-070,Recurrente (bajo volumen / alta frecuencia),Línea Premium,Premium Exportación,467.59
2025-11,Norte,CLI-070,Recurrente (bajo volumen / alta frecuencia),Línea Premium,Premium Exportación,576.79
2025-12,Norte,CLI-070,Recurrente (bajo volumen / alta frecuencia),Línea Premium,Premium Exportación,577.7
2026-01,Norte,CLI-070,Recurrente (bajo volumen / alta frecuencia),Línea Premium,Premium Exportación,469.1
2026-03,Norte,CLI-070,Recurrente (bajo volumen / alta frecuencia),Línea Premium,Premium Exportación,547.34
2026-04,Norte,CLI-070,Recurrente (bajo volumen / alta frecuencia),Línea Premium,Premium Exportación,589.67
2026-05,Norte,CLI-070,Recurrente (bajo volumen / alta frecuencia),Línea Premium,Premium Exportación,645.21
2026-06,Norte,CLI-070,Recurrente (bajo volumen / alta frecuencia),Línea Premium,Premium Exportación,508.91
2026-07,Norte,CLI-070,Recurrente (bajo volumen / alta frecuencia),Línea Premium,Premium Exportación,500.2
2026-08,Norte,CLI-070,Recurrente (bajo volumen / alta frecuencia),Línea Premium,Premium Exportación,562.95
2025-01,Occidente,CLI-071,Recurrente (bajo volumen / alta frecuencia),Servicios postventa,Soporte y Mantenimiento,129.17
2025-02,Occidente,CLI-071,Recurrente (bajo volumen / alta frecuencia),Servicios postventa,Soporte y Mantenimiento,127.6
2025-03,Occidente,CLI-071,Recurrente (bajo volumen / alta frecuencia),Servicios postventa,Soporte y Mantenimiento,129.55
2025-04,Occidente,CLI-071,Recurrente (bajo volumen / alta frecuencia),Servicios postventa,Soporte y Mantenimiento,111.97
2025-05,Occidente,CLI-071,Recurrente (bajo volumen / alta frecuencia),Servicios postventa,Soporte y Mantenimiento,133.73
2025-06,Occidente,CLI-071,Recurrente (bajo volumen / alta frecuencia),Servicios postventa,Soporte y Mantenimiento,134.86
2025-07,Occidente,CLI-071,Recurrente (bajo volumen / alta frecuencia),Servicios postventa,Soporte y Mantenimiento,139.86
2025-08,Occidente,CLI-071,Recurrente (bajo volumen / alta frecuencia),Servicios postventa,Soporte y Mantenimiento,123.6
2025-09,Occidente,CLI-071,Recurrente (bajo volumen / alta frecuencia),Servicios postventa,Soporte y Mantenimiento,100.62
2025-10,Occidente,CLI-071,Recurrente (bajo volumen / alta frecuencia),Servicios postventa,Soporte y Mantenimiento,189.83
2025-11,Occidente,CLI-071,Recurrente (bajo volumen / alta frecuencia),Servicios postventa,Soporte y Mantenimiento,144.01
2025-12,Occidente,CLI-071,Recurrente (bajo volumen / alta frecuencia),Servicios postventa,Soporte y Mantenimiento,177.71
2026-01,Occidente,CLI-071,Recurrente (bajo volumen / alta frecuencia),Servicios postventa,Soporte y Mantenimiento,153.47
2026-03,Occidente,CLI-071,Recurrente (bajo volumen / alta frecuencia),Servicios postventa,Soporte y Mantenimiento,156.91
2026-05,Occidente,CLI-071,Recurrente (bajo volumen / alta frecuencia),Servicios postventa,Soporte y Mantenimiento,140.84
2026-07,Occidente,CLI-071,Recurrente (bajo volumen / alta frecuencia),Servicios postventa,Soporte y Mantenimiento,133.69
2025-01,Occidente,CLI-071,Recurrente (bajo volumen / alta frecuencia),Línea Estándar,Estándar Mayoreo,330.41
2025-02,Occidente,CLI-071,Recurrente (bajo volumen / alta frecuencia),Línea Estándar,Estándar Mayoreo,364.15
2025-04,Occidente,CLI-071,Recurrente (bajo volumen / alta frecuencia),Línea Estándar,Estándar Mayoreo,330.8
2025-06,Occidente,CLI-071,Recurrente (bajo volumen / alta frecuencia),Línea Estándar,Estándar Mayoreo,422.13
2025-08,Occidente,CLI-071,Recurrente (bajo volumen / alta frecuencia),Línea Estándar,Estándar Mayoreo,393.29
2025-09,Occidente,CLI-071,Recurrente (bajo volumen / alta frecuencia),Línea Estándar,Estándar Mayoreo,424.75
2025-10,Occidente,CLI-071,Recurrente (bajo volumen / alta frecuencia),Línea Estándar,Estándar Mayoreo,388.51
2025-11,Occidente,CLI-071,Recurrente (bajo volumen / alta frecuencia),Línea Estándar,Estándar Mayoreo,378.98
2025-12,Occidente,CLI-071,Recurrente (bajo volumen / alta frecuencia),Línea Estándar,Estándar Mayoreo,415.24
2026-02,Occidente,CLI-071,Recurrente (bajo volumen / alta frecuencia),Línea Estándar,Estándar Mayoreo,361.08
2026-03,Occidente,CLI-071,Recurrente (bajo volumen / alta frecuencia),Línea Estándar,Estándar Mayoreo,378.16
2026-04,Occidente,CLI-071,Recurrente (bajo volumen / alta frecuencia),Línea Estándar,Estándar Mayoreo,346.6
2026-05,Occidente,CLI-071,Recurrente (bajo volumen / alta frecuencia),Línea Estándar,Estándar Mayoreo,454.21
2026-06,Occidente,CLI-071,Recurrente (bajo volumen / alta frecuencia),Línea Estándar,Estándar Mayoreo,441.35
2026-07,Occidente,CLI-071,Recurrente (bajo volumen / alta frecuencia),Línea Estándar,Estándar Mayoreo,402.09
2025-01,Occidente,CLI-071,Recurrente (bajo volumen / alta frecuencia),Línea Premium,Premium Hogar,344.8
2025-02,Occidente,CLI-071,Recurrente (bajo volumen / alta frecuencia),Línea Premium,Premium Hogar,477.28
2025-03,Occidente,CLI-071,Recurrente (bajo volumen / alta frecuencia),Línea Premium,Premium Hogar,436.04
2025-04,Occidente,CLI-071,Recurrente (bajo volumen / alta frecuencia),Línea Premium,Premium Hogar,390.3
2025-05,Occidente,CLI-071,Recurrente (bajo volumen / alta frecuencia),Línea Premium,Premium Hogar,374.01
2025-06,Occidente,CLI-071,Recurrente (bajo volumen / alta frecuencia),Línea Premium,Premium Hogar,473.43
2025-07,Occidente,CLI-071,Recurrente (bajo volumen / alta frecuencia),Línea Premium,Premium Hogar,456.45
2025-08,Occidente,CLI-071,Recurrente (bajo volumen / alta frecuencia),Línea Premium,Premium Hogar,445.83
2025-09,Occidente,CLI-071,Recurrente (bajo volumen / alta frecuencia),Línea Premium,Premium Hogar,410.47
2025-10,Occidente,CLI-071,Recurrente (bajo volumen / alta frecuencia),Línea Premium,Premium Hogar,440.29
2025-12,Occidente,CLI-071,Recurrente (bajo volumen / alta frecuencia),Línea Premium,Premium Hogar,447.31
2026-03,Occidente,CLI-071,Recurrente (bajo volumen / alta frecuencia),Línea Premium,Premium Hogar,462.94
2026-04,Occidente,CLI-071,Recurrente (bajo volumen / alta frecuencia),Línea Premium,Premium Hogar,418.67
2026-05,Occidente,CLI-071,Recurrente (bajo volumen / alta frecuencia),Línea Premium,Premium Hogar,458.21
2026-06,Occidente,CLI-071,Recurrente (bajo volumen / alta frecuencia),Línea Premium,Premium Hogar,371.18
2026-07,Occidente,CLI-071,Recurrente (bajo volumen / alta frecuencia),Línea Premium,Premium Hogar,512.21
2025-02,Occidente,CLI-071,Recurrente (bajo volumen / alta frecuencia),Línea Estándar,Estándar Retail,365.79
2025-03,Occidente,CLI-071,Recurrente (bajo volumen / alta frecuencia),Línea Estándar,Estándar Retail,384.27
2025-04,Occidente,CLI-071,Recurrente (bajo volumen / alta frecuencia),Línea Estándar,Estándar Retail,237.3
2025-05,Occidente,CLI-071,Recurrente (bajo volumen / alta frecuencia),Línea Estándar,Estándar Retail,279.67
2025-08,Occidente,CLI-071,Recurrente (bajo volumen / alta frecuencia),Línea Estándar,Estándar Retail,300.23
2025-09,Occidente,CLI-071,Recurrente (bajo volumen / alta frecuencia),Línea Estándar,Estándar Retail,352.07
2025-10,Occidente,CLI-071,Recurrente (bajo volumen / alta frecuencia),Línea Estándar,Estándar Retail,382.08
2025-11,Occidente,CLI-071,Recurrente (bajo volumen / alta frecuencia),Línea Estándar,Estándar Retail,376.89
2026-01,Occidente,CLI-071,Recurrente (bajo volumen / alta frecuencia),Línea Estándar,Estándar Retail,346.99
2026-02,Occidente,CLI-071,Recurrente (bajo volumen / alta frecuencia),Línea Estándar,Estándar Retail,349.25
2026-04,Occidente,CLI-071,Recurrente (bajo volumen / alta frecuencia),Línea Estándar,Estándar Retail,393.46
2026-05,Occidente,CLI-071,Recurrente (bajo volumen / alta frecuencia),Línea Estándar,Estándar Retail,420.04
2026-06,Occidente,CLI-071,Recurrente (bajo volumen / alta frecuencia),Línea Estándar,Estándar Retail,469.51
2026-07,Occidente,CLI-071,Recurrente (bajo volumen / alta frecuencia),Línea Estándar,Estándar Retail,303.72
2026-08,Occidente,CLI-071,Recurrente (bajo volumen / alta frecuencia),Línea Estándar,Estándar Retail,373.6
2026-04,Norte,CLI-072,Esporádico (bajo volumen / baja frecuencia),Línea Estándar,Estándar Retail,313.53
2026-07,Norte,CLI-072,Esporádico (bajo volumen / baja frecuencia),Línea Estándar,Estándar Retail,424.3
2025-09,Norte,CLI-073,Esporádico (bajo volumen / baja frecuencia),Línea Premium,Premium Oficina,330.02
2026-07,Norte,CLI-073,Esporádico (bajo volumen / baja frecuencia),Línea Premium,Premium Oficina,364.4
2026-08,Norte,CLI-073,Esporádico (bajo volumen / baja frecuencia),Línea Premium,Premium Oficina,349.98
2025-03,Norte,CLI-074,Esporádico (bajo volumen / baja frecuencia),Línea Económica,Económica Básica,121.16
2025-06,Norte,CLI-074,Esporádico (bajo volumen / baja frecuencia),Línea Económica,Económica Básica,123.55
2025-08,Norte,CLI-074,Esporádico (bajo volumen / baja frecuencia),Línea Económica,Económica Básica,151.72
2025-12,Norte,CLI-074,Esporádico (bajo volumen / baja frecuencia),Línea Económica,Económica Básica,115.35
2025-01,Norte,CLI-075,Esporádico (bajo volumen / baja frecuencia),Línea Económica,Económica Básica,160.7
2025-12,Norte,CLI-075,Esporádico (bajo volumen / baja frecuencia),Línea Económica,Económica Básica,182.68
2026-04,Norte,CLI-075,Esporádico (bajo volumen / baja frecuencia),Línea Económica,Económica Básica,197.3
2025-06,Centro,CLI-076,Esporádico (bajo volumen / baja frecuencia),Línea Económica,Económica Básica,200.21
2025-08,Centro,CLI-076,Esporádico (bajo volumen / baja frecuencia),Línea Económica,Económica Básica,181.93
2026-01,Centro,CLI-076,Esporádico (bajo volumen / baja frecuencia),Línea Económica,Económica Básica,186.2
2026-04,Centro,CLI-076,Esporádico (bajo volumen / baja frecuencia),Línea Económica,Económica Básica,198.29
2026-05,Centro,CLI-076,Esporádico (bajo volumen / baja frecuencia),Línea Premium,Premium Exportación,408.54
2025-01,Norte,CLI-077,VIP (alto volumen / alta frecuencia),Línea Económica,Económica Básica,596.85
2025-02,Norte,CLI-077,VIP (alto volumen / alta frecuencia),Línea Económica,Económica Básica,536.53
2025-03,Norte,CLI-077,VIP (alto volumen / alta frecuencia),Línea Económica,Económica Básica,677.82
2025-04,Norte,CLI-077,VIP (alto volumen / alta frecuencia),Línea Económica,Económica Básica,518.66
2025-05,Norte,CLI-077,VIP (alto volumen / alta frecuencia),Línea Económica,Económica Básica,540.05
2025-06,Norte,CLI-077,VIP (alto volumen / alta frecuencia),Línea Económica,Económica Básica,599.52
2025-07,Norte,CLI-077,VIP (alto volumen / alta frecuencia),Línea Económica,Económica Básica,532.59
2025-09,Norte,CLI-077,VIP (alto volumen / alta frecuencia),Línea Económica,Económica Básica,441.92
2025-11,Norte,CLI-077,VIP (alto volumen / alta frecuencia),Línea Económica,Económica Básica,383.73
2025-12,Norte,CLI-077,VIP (alto volumen / alta frecuencia),Línea Económica,Económica Básica,439.47
2026-01,Norte,CLI-077,VIP (alto volumen / alta frecuencia),Línea Económica,Económica Básica,583.09
2026-02,Norte,CLI-077,VIP (alto volumen / alta frecuencia),Línea Económica,Económica Básica,471.33
2026-03,Norte,CLI-077,VIP (alto volumen / alta frecuencia),Línea Económica,Económica Básica,398.29
2026-04,Norte,CLI-077,VIP (alto volumen / alta frecuencia),Línea Económica,Económica Básica,447.27
2026-05,Norte,CLI-077,VIP (alto volumen / alta frecuencia),Línea Económica,Económica Básica,452.25
2026-06,Norte,CLI-077,VIP (alto volumen / alta frecuencia),Línea Económica,Económica Básica,438.22
2026-07,Norte,CLI-077,VIP (alto volumen / alta frecuencia),Línea Económica,Económica Básica,468.68
2026-08,Norte,CLI-077,VIP (alto volumen / alta frecuencia),Línea Económica,Económica Básica,471.92
2025-01,Norte,CLI-077,VIP (alto volumen / alta frecuencia),Línea Premium,Premium Oficina,924.02
2025-02,Norte,CLI-077,VIP (alto volumen / alta frecuencia),Línea Premium,Premium Oficina,837.49
2025-03,Norte,CLI-077,VIP (alto volumen / alta frecuencia),Línea Premium,Premium Oficina,1016.0
2025-04,Norte,CLI-077,VIP (alto volumen / alta frecuencia),Línea Premium,Premium Oficina,991.53
2025-05,Norte,CLI-077,VIP (alto volumen / alta frecuencia),Línea Premium,Premium Oficina,1013.43
2025-06,Norte,CLI-077,VIP (alto volumen / alta frecuencia),Línea Premium,Premium Oficina,1050.48
2025-07,Norte,CLI-077,VIP (alto volumen / alta frecuencia),Línea Premium,Premium Oficina,1242.79
2025-08,Norte,CLI-077,VIP (alto volumen / alta frecuencia),Línea Premium,Premium Oficina,1022.69
2025-09,Norte,CLI-077,VIP (alto volumen / alta frecuencia),Línea Premium,Premium Oficina,1300.43
2025-10,Norte,CLI-077,VIP (alto volumen / alta frecuencia),Línea Premium,Premium Oficina,831.64
2025-11,Norte,CLI-077,VIP (alto volumen / alta frecuencia),Línea Premium,Premium Oficina,859.2
2025-12,Norte,CLI-077,VIP (alto volumen / alta frecuencia),Línea Premium,Premium Oficina,947.54
2026-01,Norte,CLI-077,VIP (alto volumen / alta frecuencia),Línea Premium,Premium Oficina,873.15
2026-02,Norte,CLI-077,VIP (alto volumen / alta frecuencia),Línea Premium,Premium Oficina,1099.42
2026-03,Norte,CLI-077,VIP (alto volumen / alta frecuencia),Línea Premium,Premium Oficina,1057.29
2026-04,Norte,CLI-077,VIP (alto volumen / alta frecuencia),Línea Premium,Premium Oficina,1183.56
2026-05,Norte,CLI-077,VIP (alto volumen / alta frecuencia),Línea Premium,Premium Oficina,952.84
2026-06,Norte,CLI-077,VIP (alto volumen / alta frecuencia),Línea Premium,Premium Oficina,932.76
2026-08,Norte,CLI-077,VIP (alto volumen / alta frecuencia),Línea Premium,Premium Oficina,1049.78
2025-01,Norte,CLI-077,VIP (alto volumen / alta frecuencia),Línea Premium,Premium Hogar,1179.47
2025-02,Norte,CLI-077,VIP (alto volumen / alta frecuencia),Línea Premium,Premium Hogar,1263.37
2025-03,Norte,CLI-077,VIP (alto volumen / alta frecuencia),Línea Premium,Premium Hogar,1394.5
2025-04,Norte,CLI-077,VIP (alto volumen / alta frecuencia),Línea Premium,Premium Hogar,872.36
2025-05,Norte,CLI-077,VIP (alto volumen / alta frecuencia),Línea Premium,Premium Hogar,1024.61
2025-06,Norte,CLI-077,VIP (alto volumen / alta frecuencia),Línea Premium,Premium Hogar,1085.87
2025-07,Norte,CLI-077,VIP (alto volumen / alta frecuencia),Línea Premium,Premium Hogar,990.91
2025-08,Norte,CLI-077,VIP (alto volumen / alta frecuencia),Línea Premium,Premium Hogar,1232.25
2025-09,Norte,CLI-077,VIP (alto volumen / alta frecuencia),Línea Premium,Premium Hogar,1352.2
2025-10,Norte,CLI-077,VIP (alto volumen / alta frecuencia),Línea Premium,Premium Hogar,1129.0
2025-11,Norte,CLI-077,VIP (alto volumen / alta frecuencia),Línea Premium,Premium Hogar,982.95
2025-12,Norte,CLI-077,VIP (alto volumen / alta frecuencia),Línea Premium,Premium Hogar,1348.81
2026-02,Norte,CLI-077,VIP (alto volumen / alta frecuencia),Línea Premium,Premium Hogar,1069.63
2026-03,Norte,CLI-077,VIP (alto volumen / alta frecuencia),Línea Premium,Premium Hogar,1106.34
2026-04,Norte,CLI-077,VIP (alto volumen / alta frecuencia),Línea Premium,Premium Hogar,1322.02
2026-05,Norte,CLI-077,VIP (alto volumen / alta frecuencia),Línea Premium,Premium Hogar,1243.47
2026-06,Norte,CLI-077,VIP (alto volumen / alta frecuencia),Línea Premium,Premium Hogar,1267.42
2026-07,Norte,CLI-077,VIP (alto volumen / alta frecuencia),Línea Premium,Premium Hogar,1039.39
2026-08,Norte,CLI-077,VIP (alto volumen / alta frecuencia),Línea Premium,Premium Hogar,1719.97
2025-01,Norte,CLI-077,VIP (alto volumen / alta frecuencia),Servicios postventa,Soporte y Mantenimiento,269.1
2025-02,Norte,CLI-077,VIP (alto volumen / alta frecuencia),Servicios postventa,Soporte y Mantenimiento,257.38
2025-03,Norte,CLI-077,VIP (alto volumen / alta frecuencia),Servicios postventa,Soporte y Mantenimiento,315.93
2025-05,Norte,CLI-077,VIP (alto volumen / alta frecuencia),Servicios postventa,Soporte y Mantenimiento,271.53
2025-06,Norte,CLI-077,VIP (alto volumen / alta frecuencia),Servicios postventa,Soporte y Mantenimiento,261.64
2025-07,Norte,CLI-077,VIP (alto volumen / alta frecuencia),Servicios postventa,Soporte y Mantenimiento,347.91
2025-08,Norte,CLI-077,VIP (alto volumen / alta frecuencia),Servicios postventa,Soporte y Mantenimiento,379.06
2025-09,Norte,CLI-077,VIP (alto volumen / alta frecuencia),Servicios postventa,Soporte y Mantenimiento,389.97
2025-11,Norte,CLI-077,VIP (alto volumen / alta frecuencia),Servicios postventa,Soporte y Mantenimiento,332.48
2025-12,Norte,CLI-077,VIP (alto volumen / alta frecuencia),Servicios postventa,Soporte y Mantenimiento,315.09
2026-02,Norte,CLI-077,VIP (alto volumen / alta frecuencia),Servicios postventa,Soporte y Mantenimiento,261.78
2026-03,Norte,CLI-077,VIP (alto volumen / alta frecuencia),Servicios postventa,Soporte y Mantenimiento,352.72
2026-04,Norte,CLI-077,VIP (alto volumen / alta frecuencia),Servicios postventa,Soporte y Mantenimiento,380.13
2026-05,Norte,CLI-077,VIP (alto volumen / alta frecuencia),Servicios postventa,Soporte y Mantenimiento,328.46
2026-06,Norte,CLI-077,VIP (alto volumen / alta frecuencia),Servicios postventa,Soporte y Mantenimiento,502.15
2026-07,Norte,CLI-077,VIP (alto volumen / alta frecuencia),Servicios postventa,Soporte y Mantenimiento,402.95
2026-08,Norte,CLI-077,VIP (alto volumen / alta frecuencia),Servicios postventa,Soporte y Mantenimiento,380.19
2025-01,Norte,CLI-077,VIP (alto volumen / alta frecuencia),Línea Premium,Premium Exportación,936.17
2025-02,Norte,CLI-077,VIP (alto volumen / alta frecuencia),Línea Premium,Premium Exportación,1220.03
2025-03,Norte,CLI-077,VIP (alto volumen / alta frecuencia),Línea Premium,Premium Exportación,983.72
2025-04,Norte,CLI-077,VIP (alto volumen / alta frecuencia),Línea Premium,Premium Exportación,937.24
2025-05,Norte,CLI-077,VIP (alto volumen / alta frecuencia),Línea Premium,Premium Exportación,1017.55
2025-06,Norte,CLI-077,VIP (alto volumen / alta frecuencia),Línea Premium,Premium Exportación,1265.62
2025-08,Norte,CLI-077,VIP (alto volumen / alta frecuencia),Línea Premium,Premium Exportación,1104.14
2025-09,Norte,CLI-077,VIP (alto volumen / alta frecuencia),Línea Premium,Premium Exportación,816.01
2025-10,Norte,CLI-077,VIP (alto volumen / alta frecuencia),Línea Premium,Premium Exportación,1089.91
2025-12,Norte,CLI-077,VIP (alto volumen / alta frecuencia),Línea Premium,Premium Exportación,1375.08
2026-01,Norte,CLI-077,VIP (alto volumen / alta frecuencia),Línea Premium,Premium Exportación,1210.18
2026-03,Norte,CLI-077,VIP (alto volumen / alta frecuencia),Línea Premium,Premium Exportación,1094.81
2026-04,Norte,CLI-077,VIP (alto volumen / alta frecuencia),Línea Premium,Premium Exportación,981.7
2026-05,Norte,CLI-077,VIP (alto volumen / alta frecuencia),Línea Premium,Premium Exportación,1224.17
2026-06,Norte,CLI-077,VIP (alto volumen / alta frecuencia),Línea Premium,Premium Exportación,1352.25
2026-07,Norte,CLI-077,VIP (alto volumen / alta frecuencia),Línea Premium,Premium Exportación,1128.3
2025-01,Norte,CLI-077,VIP (alto volumen / alta frecuencia),Línea Estándar,Estándar Retail,759.65
2025-02,Norte,CLI-077,VIP (alto volumen / alta frecuencia),Línea Estándar,Estándar Retail,652.98
2025-03,Norte,CLI-077,VIP (alto volumen / alta frecuencia),Línea Estándar,Estándar Retail,805.48
2025-04,Norte,CLI-077,VIP (alto volumen / alta frecuencia),Línea Estándar,Estándar Retail,790.48
2025-05,Norte,CLI-077,VIP (alto volumen / alta frecuencia),Línea Estándar,Estándar Retail,913.08
2025-07,Norte,CLI-077,VIP (alto volumen / alta frecuencia),Línea Estándar,Estándar Retail,806.53
2025-08,Norte,CLI-077,VIP (alto volumen / alta frecuencia),Línea Estándar,Estándar Retail,757.85
2025-09,Norte,CLI-077,VIP (alto volumen / alta frecuencia),Línea Estándar,Estándar Retail,928.29
2025-10,Norte,CLI-077,VIP (alto volumen / alta frecuencia),Línea Estándar,Estándar Retail,682.65
2025-11,Norte,CLI-077,VIP (alto volumen / alta frecuencia),Línea Estándar,Estándar Retail,935.77
2025-12,Norte,CLI-077,VIP (alto volumen / alta frecuencia),Línea Estándar,Estándar Retail,894.21
2026-01,Norte,CLI-077,VIP (alto volumen / alta frecuencia),Línea Estándar,Estándar Retail,758.31
2026-03,Norte,CLI-077,VIP (alto volumen / alta frecuencia),Línea Estándar,Estándar Retail,959.57
2026-04,Norte,CLI-077,VIP (alto volumen / alta frecuencia),Línea Estándar,Estándar Retail,770.08
2026-05,Norte,CLI-077,VIP (alto volumen / alta frecuencia),Línea Estándar,Estándar Retail,868.95
2026-06,Norte,CLI-077,VIP (alto volumen / alta frecuencia),Línea Estándar,Estándar Retail,965.69
2026-07,Norte,CLI-077,VIP (alto volumen / alta frecuencia),Línea Estándar,Estándar Retail,1090.69
2026-08,Norte,CLI-077,VIP (alto volumen / alta frecuencia),Línea Estándar,Estándar Retail,1129.55
2025-01,Norte,CLI-077,VIP (alto volumen / alta frecuencia),Línea Económica,Económica Promocional,466.31
2025-02,Norte,CLI-077,VIP (alto volumen / alta frecuencia),Línea Económica,Económica Promocional,459.61
2025-03,Norte,CLI-077,VIP (alto volumen / alta frecuencia),Línea Económica,Económica Promocional,513.37
2025-04,Norte,CLI-077,VIP (alto volumen / alta frecuencia),Línea Económica,Económica Promocional,515.25
2025-05,Norte,CLI-077,VIP (alto volumen / alta frecuencia),Línea Económica,Económica Promocional,447.84
2025-06,Norte,CLI-077,VIP (alto volumen / alta frecuencia),Línea Económica,Económica Promocional,526.67
2025-07,Norte,CLI-077,VIP (alto volumen / alta frecuencia),Línea Económica,Económica Promocional,483.49
2025-08,Norte,CLI-077,VIP (alto volumen / alta frecuencia),Línea Económica,Económica Promocional,501.19
2025-09,Norte,CLI-077,VIP (alto volumen / alta frecuencia),Línea Económica,Económica Promocional,396.77
2025-10,Norte,CLI-077,VIP (alto volumen / alta frecuencia),Línea Económica,Económica Promocional,528.88
2025-11,Norte,CLI-077,VIP (alto volumen / alta frecuencia),Línea Económica,Económica Promocional,494.0
2025-12,Norte,CLI-077,VIP (alto volumen / alta frecuencia),Línea Económica,Económica Promocional,528.05
2026-01,Norte,CLI-077,VIP (alto volumen / alta frecuencia),Línea Económica,Económica Promocional,356.87
2026-02,Norte,CLI-077,VIP (alto volumen / alta frecuencia),Línea Económica,Económica Promocional,430.73
2026-03,Norte,CLI-077,VIP (alto volumen / alta frecuencia),Línea Económica,Económica Promocional,516.55
2026-04,Norte,CLI-077,VIP (alto volumen / alta frecuencia),Línea Económica,Económica Promocional,489.07
2026-05,Norte,CLI-077,VIP (alto volumen / alta frecuencia),Línea Económica,Económica Promocional,311.82
2026-06,Norte,CLI-077,VIP (alto volumen / alta frecuencia),Línea Económica,Económica Promocional,501.15
2026-07,Norte,CLI-077,VIP (alto volumen / alta frecuencia),Línea Económica,Económica Promocional,493.18
2026-08,Norte,CLI-077,VIP (alto volumen / alta frecuencia),Línea Económica,Económica Promocional,560.17
2025-01,Norte,CLI-077,VIP (alto volumen / alta frecuencia),Línea Estándar,Estándar Mayoreo,840.17
2025-02,Norte,CLI-077,VIP (alto volumen / alta frecuencia),Línea Estándar,Estándar Mayoreo,830.54
2025-03,Norte,CLI-077,VIP (alto volumen / alta frecuencia),Línea Estándar,Estándar Mayoreo,815.93
2025-04,Norte,CLI-077,VIP (alto volumen / alta frecuencia),Línea Estándar,Estándar Mayoreo,961.53
2025-05,Norte,CLI-077,VIP (alto volumen / alta frecuencia),Línea Estándar,Estándar Mayoreo,871.85
2025-06,Norte,CLI-077,VIP (alto volumen / alta frecuencia),Línea Estándar,Estándar Mayoreo,888.94
2025-07,Norte,CLI-077,VIP (alto volumen / alta frecuencia),Línea Estándar,Estándar Mayoreo,667.21
2025-08,Norte,CLI-077,VIP (alto volumen / alta frecuencia),Línea Estándar,Estándar Mayoreo,1020.75
2025-09,Norte,CLI-077,VIP (alto volumen / alta frecuencia),Línea Estándar,Estándar Mayoreo,903.21
2025-10,Norte,CLI-077,VIP (alto volumen / alta frecuencia),Línea Estándar,Estándar Mayoreo,1056.07
2025-11,Norte,CLI-077,VIP (alto volumen / alta frecuencia),Línea Estándar,Estándar Mayoreo,985.52
2025-12,Norte,CLI-077,VIP (alto volumen / alta frecuencia),Línea Estándar,Estándar Mayoreo,779.33
2026-01,Norte,CLI-077,VIP (alto volumen / alta frecuencia),Línea Estándar,Estándar Mayoreo,1145.17
2026-03,Norte,CLI-077,VIP (alto volumen / alta frecuencia),Línea Estándar,Estándar Mayoreo,928.72
2026-04,Norte,CLI-077,VIP (alto volumen / alta frecuencia),Línea Estándar,Estándar Mayoreo,754.55
2026-05,Norte,CLI-077,VIP (alto volumen / alta frecuencia),Línea Estándar,Estándar Mayoreo,872.54
2026-06,Norte,CLI-077,VIP (alto volumen / alta frecuencia),Línea Estándar,Estándar Mayoreo,884.37
2026-07,Norte,CLI-077,VIP (alto volumen / alta frecuencia),Línea Estándar,Estándar Mayoreo,916.35
2026-08,Norte,CLI-077,VIP (alto volumen / alta frecuencia),Línea Estándar,Estándar Mayoreo,636.96
2025-04,Norte,CLI-078,Esporádico (bajo volumen / baja frecuencia),Línea Premium,Premium Hogar,382.14
2025-05,Norte,CLI-078,Esporádico (bajo volumen / baja frecuencia),Línea Premium,Premium Hogar,343.55
2025-08,Norte,CLI-078,Esporádico (bajo volumen / baja frecuencia),Línea Premium,Premium Hogar,405.46
2025-05,Norte,CLI-078,Esporádico (bajo volumen / baja frecuencia),Línea Económica,Económica Promocional,188.65
2025-08,Norte,CLI-078,Esporádico (bajo volumen / baja frecuencia),Línea Económica,Económica Promocional,181.54
2025-01,Occidente,CLI-079,VIP (alto volumen / alta frecuencia),Línea Premium,Premium Exportación,1056.09
2025-02,Occidente,CLI-079,VIP (alto volumen / alta frecuencia),Línea Premium,Premium Exportación,892.5
2025-03,Occidente,CLI-079,VIP (alto volumen / alta frecuencia),Línea Premium,Premium Exportación,1433.96
2025-04,Occidente,CLI-079,VIP (alto volumen / alta frecuencia),Línea Premium,Premium Exportación,1287.56
2025-06,Occidente,CLI-079,VIP (alto volumen / alta frecuencia),Línea Premium,Premium Exportación,1367.69
2025-07,Occidente,CLI-079,VIP (alto volumen / alta frecuencia),Línea Premium,Premium Exportación,1279.1
2025-08,Occidente,CLI-079,VIP (alto volumen / alta frecuencia),Línea Premium,Premium Exportación,1227.01
2025-09,Occidente,CLI-079,VIP (alto volumen / alta frecuencia),Línea Premium,Premium Exportación,1421.92
2025-10,Occidente,CLI-079,VIP (alto volumen / alta frecuencia),Línea Premium,Premium Exportación,1528.29
2025-11,Occidente,CLI-079,VIP (alto volumen / alta frecuencia),Línea Premium,Premium Exportación,1102.13
2025-12,Occidente,CLI-079,VIP (alto volumen / alta frecuencia),Línea Premium,Premium Exportación,1289.1
2026-01,Occidente,CLI-079,VIP (alto volumen / alta frecuencia),Línea Premium,Premium Exportación,1374.59
2026-02,Occidente,CLI-079,VIP (alto volumen / alta frecuencia),Línea Premium,Premium Exportación,1533.03
2026-03,Occidente,CLI-079,VIP (alto volumen / alta frecuencia),Línea Premium,Premium Exportación,1528.62
2026-04,Occidente,CLI-079,VIP (alto volumen / alta frecuencia),Línea Premium,Premium Exportación,1575.71
2026-05,Occidente,CLI-079,VIP (alto volumen / alta frecuencia),Línea Premium,Premium Exportación,1469.36
2026-06,Occidente,CLI-079,VIP (alto volumen / alta frecuencia),Línea Premium,Premium Exportación,1615.69
2026-07,Occidente,CLI-079,VIP (alto volumen / alta frecuencia),Línea Premium,Premium Exportación,1957.28
2026-08,Occidente,CLI-079,VIP (alto volumen / alta frecuencia),Línea Premium,Premium Exportación,1684.44
2025-01,Occidente,CLI-079,VIP (alto volumen / alta frecuencia),Línea Premium,Premium Hogar,1208.57
2025-02,Occidente,CLI-079,VIP (alto volumen / alta frecuencia),Línea Premium,Premium Hogar,1315.1
2025-03,Occidente,CLI-079,VIP (alto volumen / alta frecuencia),Línea Premium,Premium Hogar,1150.61
2025-04,Occidente,CLI-079,VIP (alto volumen / alta frecuencia),Línea Premium,Premium Hogar,1079.65
2025-05,Occidente,CLI-079,VIP (alto volumen / alta frecuencia),Línea Premium,Premium Hogar,1248.64
2025-06,Occidente,CLI-079,VIP (alto volumen / alta frecuencia),Línea Premium,Premium Hogar,1158.43
2025-07,Occidente,CLI-079,VIP (alto volumen / alta frecuencia),Línea Premium,Premium Hogar,1107.32
2025-08,Occidente,CLI-079,VIP (alto volumen / alta frecuencia),Línea Premium,Premium Hogar,1431.66
2025-09,Occidente,CLI-079,VIP (alto volumen / alta frecuencia),Línea Premium,Premium Hogar,948.68
2025-10,Occidente,CLI-079,VIP (alto volumen / alta frecuencia),Línea Premium,Premium Hogar,1286.11
2025-11,Occidente,CLI-079,VIP (alto volumen / alta frecuencia),Línea Premium,Premium Hogar,1211.86
2025-12,Occidente,CLI-079,VIP (alto volumen / alta frecuencia),Línea Premium,Premium Hogar,1698.34
2026-01,Occidente,CLI-079,VIP (alto volumen / alta frecuencia),Línea Premium,Premium Hogar,1388.82
2026-02,Occidente,CLI-079,VIP (alto volumen / alta frecuencia),Línea Premium,Premium Hogar,1505.46
2026-04,Occidente,CLI-079,VIP (alto volumen / alta frecuencia),Línea Premium,Premium Hogar,1058.63
2026-05,Occidente,CLI-079,VIP (alto volumen / alta frecuencia),Línea Premium,Premium Hogar,1850.23
2026-06,Occidente,CLI-079,VIP (alto volumen / alta frecuencia),Línea Premium,Premium Hogar,1780.26
2026-07,Occidente,CLI-079,VIP (alto volumen / alta frecuencia),Línea Premium,Premium Hogar,1625.27
2026-08,Occidente,CLI-079,VIP (alto volumen / alta frecuencia),Línea Premium,Premium Hogar,1567.95
2025-01,Occidente,CLI-079,VIP (alto volumen / alta frecuencia),Servicios postventa,Soporte y Mantenimiento,272.11
2025-02,Occidente,CLI-079,VIP (alto volumen / alta frecuencia),Servicios postventa,Soporte y Mantenimiento,246.98
2025-03,Occidente,CLI-079,VIP (alto volumen / alta frecuencia),Servicios postventa,Soporte y Mantenimiento,322.5
2025-04,Occidente,CLI-079,VIP (alto volumen / alta frecuencia),Servicios postventa,Soporte y Mantenimiento,388.83
2025-05,Occidente,CLI-079,VIP (alto volumen / alta frecuencia),Servicios postventa,Soporte y Mantenimiento,384.45
2025-06,Occidente,CLI-079,VIP (alto volumen / alta frecuencia),Servicios postventa,Soporte y Mantenimiento,345.33
2025-07,Occidente,CLI-079,VIP (alto volumen / alta frecuencia),Servicios postventa,Soporte y Mantenimiento,368.33
2025-08,Occidente,CLI-079,VIP (alto volumen / alta frecuencia),Servicios postventa,Soporte y Mantenimiento,261.34
2025-10,Occidente,CLI-079,VIP (alto volumen / alta frecuencia),Servicios postventa,Soporte y Mantenimiento,426.1
2025-12,Occidente,CLI-079,VIP (alto volumen / alta frecuencia),Servicios postventa,Soporte y Mantenimiento,368.53
2026-01,Occidente,CLI-079,VIP (alto volumen / alta frecuencia),Servicios postventa,Soporte y Mantenimiento,403.9
2026-03,Occidente,CLI-079,VIP (alto volumen / alta frecuencia),Servicios postventa,Soporte y Mantenimiento,469.03
2026-05,Occidente,CLI-079,VIP (alto volumen / alta frecuencia),Servicios postventa,Soporte y Mantenimiento,465.62
2026-06,Occidente,CLI-079,VIP (alto volumen / alta frecuencia),Servicios postventa,Soporte y Mantenimiento,396.5
2026-07,Occidente,CLI-079,VIP (alto volumen / alta frecuencia),Servicios postventa,Soporte y Mantenimiento,534.49
2026-08,Occidente,CLI-079,VIP (alto volumen / alta frecuencia),Servicios postventa,Soporte y Mantenimiento,506.12
2025-01,Occidente,CLI-079,VIP (alto volumen / alta frecuencia),Línea Estándar,Estándar Retail,928.97
2025-02,Occidente,CLI-079,VIP (alto volumen / alta frecuencia),Línea Estándar,Estándar Retail,767.8
2025-04,Occidente,CLI-079,VIP (alto volumen / alta frecuencia),Línea Estándar,Estándar Retail,849.14
2025-05,Occidente,CLI-079,VIP (alto volumen / alta frecuencia),Línea Estándar,Estándar Retail,1009.4
2025-06,Occidente,CLI-079,VIP (alto volumen / alta frecuencia),Línea Estándar,Estándar Retail,865.28
2025-07,Occidente,CLI-079,VIP (alto volumen / alta frecuencia),Línea Estándar,Estándar Retail,936.96
2025-08,Occidente,CLI-079,VIP (alto volumen / alta frecuencia),Línea Estándar,Estándar Retail,901.43
2025-09,Occidente,CLI-079,VIP (alto volumen / alta frecuencia),Línea Estándar,Estándar Retail,962.28
2025-10,Occidente,CLI-079,VIP (alto volumen / alta frecuencia),Línea Estándar,Estándar Retail,954.07
2025-11,Occidente,CLI-079,VIP (alto volumen / alta frecuencia),Línea Estándar,Estándar Retail,759.97
2026-02,Occidente,CLI-079,VIP (alto volumen / alta frecuencia),Línea Estándar,Estándar Retail,941.66
2026-03,Occidente,CLI-079,VIP (alto volumen / alta frecuencia),Línea Estándar,Estándar Retail,936.41
2026-04,Occidente,CLI-079,VIP (alto volumen / alta frecuencia),Línea Estándar,Estándar Retail,959.16
2026-05,Occidente,CLI-079,VIP (alto volumen / alta frecuencia),Línea Estándar,Estándar Retail,1025.83
2026-07,Occidente,CLI-079,VIP (alto volumen / alta frecuencia),Línea Estándar,Estándar Retail,1050.93
2026-08,Occidente,CLI-079,VIP (alto volumen / alta frecuencia),Línea Estándar,Estándar Retail,1179.54
2025-01,Occidente,CLI-079,VIP (alto volumen / alta frecuencia),Línea Estándar,Estándar Mayoreo,1059.08
2025-02,Occidente,CLI-079,VIP (alto volumen / alta frecuencia),Línea Estándar,Estándar Mayoreo,1160.81
2025-03,Occidente,CLI-079,VIP (alto volumen / alta frecuencia),Línea Estándar,Estándar Mayoreo,884.09
2025-04,Occidente,CLI-079,VIP (alto volumen / alta frecuencia),Línea Estándar,Estándar Mayoreo,1017.71
2025-05,Occidente,CLI-079,VIP (alto volumen / alta frecuencia),Línea Estándar,Estándar Mayoreo,931.26
2025-06,Occidente,CLI-079,VIP (alto volumen / alta frecuencia),Línea Estándar,Estándar Mayoreo,988.62
2025-07,Occidente,CLI-079,VIP (alto volumen / alta frecuencia),Línea Estándar,Estándar Mayoreo,1011.79
2025-08,Occidente,CLI-079,VIP (alto volumen / alta frecuencia),Línea Estándar,Estándar Mayoreo,1031.79
2025-09,Occidente,CLI-079,VIP (alto volumen / alta frecuencia),Línea Estándar,Estándar Mayoreo,881.4
2025-10,Occidente,CLI-079,VIP (alto volumen / alta frecuencia),Línea Estándar,Estándar Mayoreo,1063.74
2025-12,Occidente,CLI-079,VIP (alto volumen / alta frecuencia),Línea Estándar,Estándar Mayoreo,1115.92
2026-01,Occidente,CLI-079,VIP (alto volumen / alta frecuencia),Línea Estándar,Estándar Mayoreo,910.38
2026-03,Occidente,CLI-079,VIP (alto volumen / alta frecuencia),Línea Estándar,Estándar Mayoreo,930.39
2026-04,Occidente,CLI-079,VIP (alto volumen / alta frecuencia),Línea Estándar,Estándar Mayoreo,787.39
2026-06,Occidente,CLI-079,VIP (alto volumen / alta frecuencia),Línea Estándar,Estándar Mayoreo,1073.41
2026-07,Occidente,CLI-079,VIP (alto volumen / alta frecuencia),Línea Estándar,Estándar Mayoreo,786.44
2025-02,Centro,CLI-080,Recurrente (bajo volumen / alta frecuencia),Línea Estándar,Estándar Retail,318.29
2025-03,Centro,CLI-080,Recurrente (bajo volumen / alta frecuencia),Línea Estándar,Estándar Retail,152.48
2025-05,Centro,CLI-080,Recurrente (bajo volumen / alta frecuencia),Línea Estándar,Estándar Retail,221.12
2025-06,Centro,CLI-080,Recurrente (bajo volumen / alta frecuencia),Línea Estándar,Estándar Retail,300.43
2025-08,Centro,CLI-080,Recurrente (bajo volumen / alta frecuencia),Línea Estándar,Estándar Retail,266.91
2025-09,Centro,CLI-080,Recurrente (bajo volumen / alta frecuencia),Línea Estándar,Estándar Retail,313.92
2025-11,Centro,CLI-080,Recurrente (bajo volumen / alta frecuencia),Línea Estándar,Estándar Retail,263.66
2026-01,Centro,CLI-080,Recurrente (bajo volumen / alta frecuencia),Línea Estándar,Estándar Retail,248.97
2026-02,Centro,CLI-080,Recurrente (bajo volumen / alta frecuencia),Línea Estándar,Estándar Retail,231.35
2026-04,Centro,CLI-080,Recurrente (bajo volumen / alta frecuencia),Línea Estándar,Estándar Retail,314.14
2026-05,Centro,CLI-080,Recurrente (bajo volumen / alta frecuencia),Línea Estándar,Estándar Retail,324.84
2026-06,Centro,CLI-080,Recurrente (bajo volumen / alta frecuencia),Línea Estándar,Estándar Retail,258.22
2026-07,Centro,CLI-080,Recurrente (bajo volumen / alta frecuencia),Línea Estándar,Estándar Retail,214.47
2025-01,Centro,CLI-080,Recurrente (bajo volumen / alta frecuencia),Línea Económica,Económica Promocional,152.8
2025-02,Centro,CLI-080,Recurrente (bajo volumen / alta frecuencia),Línea Económica,Económica Promocional,148.41
2025-03,Centro,CLI-080,Recurrente (bajo volumen / alta frecuencia),Línea Económica,Económica Promocional,153.35
2025-04,Centro,CLI-080,Recurrente (bajo volumen / alta frecuencia),Línea Económica,Económica Promocional,140.11
2025-05,Centro,CLI-080,Recurrente (bajo volumen / alta frecuencia),Línea Económica,Económica Promocional,148.22
2025-06,Centro,CLI-080,Recurrente (bajo volumen / alta frecuencia),Línea Económica,Económica Promocional,145.91
2025-08,Centro,CLI-080,Recurrente (bajo volumen / alta frecuencia),Línea Económica,Económica Promocional,186.59
2025-09,Centro,CLI-080,Recurrente (bajo volumen / alta frecuencia),Línea Económica,Económica Promocional,159.12
2025-10,Centro,CLI-080,Recurrente (bajo volumen / alta frecuencia),Línea Económica,Económica Promocional,164.18
2025-11,Centro,CLI-080,Recurrente (bajo volumen / alta frecuencia),Línea Económica,Económica Promocional,160.61
2025-12,Centro,CLI-080,Recurrente (bajo volumen / alta frecuencia),Línea Económica,Económica Promocional,176.1
2026-01,Centro,CLI-080,Recurrente (bajo volumen / alta frecuencia),Línea Económica,Económica Promocional,129.99
2026-02,Centro,CLI-080,Recurrente (bajo volumen / alta frecuencia),Línea Económica,Económica Promocional,160.1
2026-03,Centro,CLI-080,Recurrente (bajo volumen / alta frecuencia),Línea Económica,Económica Promocional,158.77
2026-04,Centro,CLI-080,Recurrente (bajo volumen / alta frecuencia),Línea Económica,Económica Promocional,160.24
2026-05,Centro,CLI-080,Recurrente (bajo volumen / alta frecuencia),Línea Económica,Económica Promocional,177.54
2026-06,Centro,CLI-080,Recurrente (bajo volumen / alta frecuencia),Línea Económica,Económica Promocional,156.24
2026-07,Centro,CLI-080,Recurrente (bajo volumen / alta frecuencia),Línea Económica,Económica Promocional,199.71
2026-08,Centro,CLI-080,Recurrente (bajo volumen / alta frecuencia),Línea Económica,Económica Promocional,129.59
2025-01,Centro,CLI-080,Recurrente (bajo volumen / alta frecuencia),Línea Económica,Económica Básica,197.43
2025-02,Centro,CLI-080,Recurrente (bajo volumen / alta frecuencia),Línea Económica,Económica Básica,166.15
2025-03,Centro,CLI-080,Recurrente (bajo volumen / alta frecuencia),Línea Económica,Económica Básica,155.31
2025-04,Centro,CLI-080,Recurrente (bajo volumen / alta frecuencia),Línea Económica,Económica Básica,205.78
2025-05,Centro,CLI-080,Recurrente (bajo volumen / alta frecuencia),Línea Económica,Económica Básica,201.52
2025-07,Centro,CLI-080,Recurrente (bajo volumen / alta frecuencia),Línea Económica,Económica Básica,184.32
2025-08,Centro,CLI-080,Recurrente (bajo volumen / alta frecuencia),Línea Económica,Económica Básica,191.02
2025-09,Centro,CLI-080,Recurrente (bajo volumen / alta frecuencia),Línea Económica,Económica Básica,170.44
2025-10,Centro,CLI-080,Recurrente (bajo volumen / alta frecuencia),Línea Económica,Económica Básica,176.08
2025-11,Centro,CLI-080,Recurrente (bajo volumen / alta frecuencia),Línea Económica,Económica Básica,162.36
2026-02,Centro,CLI-080,Recurrente (bajo volumen / alta frecuencia),Línea Económica,Económica Básica,165.9
2026-03,Centro,CLI-080,Recurrente (bajo volumen / alta frecuencia),Línea Económica,Económica Básica,186.54
2026-05,Centro,CLI-080,Recurrente (bajo volumen / alta frecuencia),Línea Económica,Económica Básica,142.46
2026-06,Centro,CLI-080,Recurrente (bajo volumen / alta frecuencia),Línea Económica,Económica Básica,155.01
2026-07,Centro,CLI-080,Recurrente (bajo volumen / alta frecuencia),Línea Económica,Económica Básica,168.02
2026-08,Centro,CLI-080,Recurrente (bajo volumen / alta frecuencia),Línea Económica,Económica Básica,147.11
2025-02,Centro,CLI-080,Recurrente (bajo volumen / alta frecuencia),Servicios postventa,Soporte y Mantenimiento,95.72
2025-03,Centro,CLI-080,Recurrente (bajo volumen / alta frecuencia),Servicios postventa,Soporte y Mantenimiento,103.69
2025-07,Centro,CLI-080,Recurrente (bajo volumen / alta frecuencia),Servicios postventa,Soporte y Mantenimiento,97.83
2025-08,Centro,CLI-080,Recurrente (bajo volumen / alta frecuencia),Servicios postventa,Soporte y Mantenimiento,99.15
2025-09,Centro,CLI-080,Recurrente (bajo volumen / alta frecuencia),Servicios postventa,Soporte y Mantenimiento,117.05
2025-10,Centro,CLI-080,Recurrente (bajo volumen / alta frecuencia),Servicios postventa,Soporte y Mantenimiento,122.42
2025-11,Centro,CLI-080,Recurrente (bajo volumen / alta frecuencia),Servicios postventa,Soporte y Mantenimiento,116.75
2025-12,Centro,CLI-080,Recurrente (bajo volumen / alta frecuencia),Servicios postventa,Soporte y Mantenimiento,112.08
2026-02,Centro,CLI-080,Recurrente (bajo volumen / alta frecuencia),Servicios postventa,Soporte y Mantenimiento,115.53
2026-03,Centro,CLI-080,Recurrente (bajo volumen / alta frecuencia),Servicios postventa,Soporte y Mantenimiento,147.21
2026-04,Centro,CLI-080,Recurrente (bajo volumen / alta frecuencia),Servicios postventa,Soporte y Mantenimiento,117.85
2026-06,Centro,CLI-080,Recurrente (bajo volumen / alta frecuencia),Servicios postventa,Soporte y Mantenimiento,112.98
2026-08,Centro,CLI-080,Recurrente (bajo volumen / alta frecuencia),Servicios postventa,Soporte y Mantenimiento,110.86
2025-03,Occidente,CLI-081,Esporádico (bajo volumen / baja frecuencia),Línea Estándar,Estándar Retail,250.6
2025-07,Occidente,CLI-081,Esporádico (bajo volumen / baja frecuencia),Línea Estándar,Estándar Retail,322.56
2025-09,Occidente,CLI-081,Esporádico (bajo volumen / baja frecuencia),Línea Económica,Económica Promocional,183.55
2026-05,Occidente,CLI-081,Esporádico (bajo volumen / baja frecuencia),Línea Económica,Económica Promocional,202.35
2025-01,Occidente,CLI-082,Recurrente (bajo volumen / alta frecuencia),Línea Económica,Económica Básica,186.51
2025-02,Occidente,CLI-082,Recurrente (bajo volumen / alta frecuencia),Línea Económica,Económica Básica,193.42
2025-03,Occidente,CLI-082,Recurrente (bajo volumen / alta frecuencia),Línea Económica,Económica Básica,178.39
2025-04,Occidente,CLI-082,Recurrente (bajo volumen / alta frecuencia),Línea Económica,Económica Básica,166.38
2025-05,Occidente,CLI-082,Recurrente (bajo volumen / alta frecuencia),Línea Económica,Económica Básica,151.04
2025-06,Occidente,CLI-082,Recurrente (bajo volumen / alta frecuencia),Línea Económica,Económica Básica,166.79
2025-07,Occidente,CLI-082,Recurrente (bajo volumen / alta frecuencia),Línea Económica,Económica Básica,160.67
2025-08,Occidente,CLI-082,Recurrente (bajo volumen / alta frecuencia),Línea Económica,Económica Básica,153.27
2025-11,Occidente,CLI-082,Recurrente (bajo volumen / alta frecuencia),Línea Económica,Económica Básica,171.29
2025-12,Occidente,CLI-082,Recurrente (bajo volumen / alta frecuencia),Línea Económica,Económica Básica,203.52
2026-01,Occidente,CLI-082,Recurrente (bajo volumen / alta frecuencia),Línea Económica,Económica Básica,202.38
2026-02,Occidente,CLI-082,Recurrente (bajo volumen / alta frecuencia),Línea Económica,Económica Básica,160.15
2026-04,Occidente,CLI-082,Recurrente (bajo volumen / alta frecuencia),Línea Económica,Económica Básica,153.78
2026-05,Occidente,CLI-082,Recurrente (bajo volumen / alta frecuencia),Línea Económica,Económica Básica,169.95
2026-06,Occidente,CLI-082,Recurrente (bajo volumen / alta frecuencia),Línea Económica,Económica Básica,202.03
2026-08,Occidente,CLI-082,Recurrente (bajo volumen / alta frecuencia),Línea Económica,Económica Básica,190.75
2025-01,Occidente,CLI-082,Recurrente (bajo volumen / alta frecuencia),Línea Estándar,Estándar Mayoreo,276.27
2025-02,Occidente,CLI-082,Recurrente (bajo volumen / alta frecuencia),Línea Estándar,Estándar Mayoreo,260.31
2025-03,Occidente,CLI-082,Recurrente (bajo volumen / alta frecuencia),Línea Estándar,Estándar Mayoreo,255.24
2025-04,Occidente,CLI-082,Recurrente (bajo volumen / alta frecuencia),Línea Estándar,Estándar Mayoreo,337.5
2025-05,Occidente,CLI-082,Recurrente (bajo volumen / alta frecuencia),Línea Estándar,Estándar Mayoreo,275.44
2025-06,Occidente,CLI-082,Recurrente (bajo volumen / alta frecuencia),Línea Estándar,Estándar Mayoreo,307.18
2025-07,Occidente,CLI-082,Recurrente (bajo volumen / alta frecuencia),Línea Estándar,Estándar Mayoreo,294.76
2025-08,Occidente,CLI-082,Recurrente (bajo volumen / alta frecuencia),Línea Estándar,Estándar Mayoreo,273.58
2025-11,Occidente,CLI-082,Recurrente (bajo volumen / alta frecuencia),Línea Estándar,Estándar Mayoreo,300.24
2025-12,Occidente,CLI-082,Recurrente (bajo volumen / alta frecuencia),Línea Estándar,Estándar Mayoreo,342.61
2026-01,Occidente,CLI-082,Recurrente (bajo volumen / alta frecuencia),Línea Estándar,Estándar Mayoreo,305.43
2026-02,Occidente,CLI-082,Recurrente (bajo volumen / alta frecuencia),Línea Estándar,Estándar Mayoreo,359.13
2026-04,Occidente,CLI-082,Recurrente (bajo volumen / alta frecuencia),Línea Estándar,Estándar Mayoreo,381.84
2026-07,Occidente,CLI-082,Recurrente (bajo volumen / alta frecuencia),Línea Estándar,Estándar Mayoreo,315.53
2026-08,Occidente,CLI-082,Recurrente (bajo volumen / alta frecuencia),Línea Estándar,Estándar Mayoreo,185.82
2025-03,Occidente,CLI-082,Recurrente (bajo volumen / alta frecuencia),Línea Premium,Premium Hogar,313.84
2025-04,Occidente,CLI-082,Recurrente (bajo volumen / alta frecuencia),Línea Premium,Premium Hogar,310.02
2025-05,Occidente,CLI-082,Recurrente (bajo volumen / alta frecuencia),Línea Premium,Premium Hogar,366.3
2025-06,Occidente,CLI-082,Recurrente (bajo volumen / alta frecuencia),Línea Premium,Premium Hogar,323.48
2025-08,Occidente,CLI-082,Recurrente (bajo volumen / alta frecuencia),Línea Premium,Premium Hogar,263.79
2025-09,Occidente,CLI-082,Recurrente (bajo volumen / alta frecuencia),Línea Premium,Premium Hogar,277.59
2025-10,Occidente,CLI-082,Recurrente (bajo volumen / alta frecuencia),Línea Premium,Premium Hogar,359.69
2025-12,Occidente,CLI-082,Recurrente (bajo volumen / alta frecuencia),Línea Premium,Premium Hogar,384.44
2026-02,Occidente,CLI-082,Recurrente (bajo volumen / alta frecuencia),Línea Premium,Premium Hogar,341.56
2026-03,Occidente,CLI-082,Recurrente (bajo volumen / alta frecuencia),Línea Premium,Premium Hogar,278.54
2026-05,Occidente,CLI-082,Recurrente (bajo volumen / alta frecuencia),Línea Premium,Premium Hogar,340.43
2026-06,Occidente,CLI-082,Recurrente (bajo volumen / alta frecuencia),Línea Premium,Premium Hogar,221.33
2026-08,Occidente,CLI-082,Recurrente (bajo volumen / alta frecuencia),Línea Premium,Premium Hogar,306.43
2025-01,Occidente,CLI-082,Recurrente (bajo volumen / alta frecuencia),Línea Estándar,Estándar Retail,256.99
2025-02,Occidente,CLI-082,Recurrente (bajo volumen / alta frecuencia),Línea Estándar,Estándar Retail,252.53
2025-03,Occidente,CLI-082,Recurrente (bajo volumen / alta frecuencia),Línea Estándar,Estándar Retail,216.84
2025-06,Occidente,CLI-082,Recurrente (bajo volumen / alta frecuencia),Línea Estándar,Estándar Retail,236.1
2025-07,Occidente,CLI-082,Recurrente (bajo volumen / alta frecuencia),Línea Estándar,Estándar Retail,212.92
2025-08,Occidente,CLI-082,Recurrente (bajo volumen / alta frecuencia),Línea Estándar,Estándar Retail,191.99
2025-11,Occidente,CLI-082,Recurrente (bajo volumen / alta frecuencia),Línea Estándar,Estándar Retail,204.6
2025-12,Occidente,CLI-082,Recurrente (bajo volumen / alta frecuencia),Línea Estándar,Estándar Retail,230.02
2026-01,Occidente,CLI-082,Recurrente (bajo volumen / alta frecuencia),Línea Estándar,Estándar Retail,232.41
2026-02,Occidente,CLI-082,Recurrente (bajo volumen / alta frecuencia),Línea Estándar,Estándar Retail,245.91
2026-04,Occidente,CLI-082,Recurrente (bajo volumen / alta frecuencia),Línea Estándar,Estándar Retail,253.75
2026-06,Occidente,CLI-082,Recurrente (bajo volumen / alta frecuencia),Línea Estándar,Estándar Retail,253.66
2026-07,Occidente,CLI-082,Recurrente (bajo volumen / alta frecuencia),Línea Estándar,Estándar Retail,194.56
2026-08,Occidente,CLI-082,Recurrente (bajo volumen / alta frecuencia),Línea Estándar,Estándar Retail,220.87
2025-01,Occidente,CLI-082,Recurrente (bajo volumen / alta frecuencia),Servicios postventa,Soporte y Mantenimiento,90.54
2025-02,Occidente,CLI-082,Recurrente (bajo volumen / alta frecuencia),Servicios postventa,Soporte y Mantenimiento,72.05
2025-04,Occidente,CLI-082,Recurrente (bajo volumen / alta frecuencia),Servicios postventa,Soporte y Mantenimiento,90.72
2025-06,Occidente,CLI-082,Recurrente (bajo volumen / alta frecuencia),Servicios postventa,Soporte y Mantenimiento,98.23
2025-07,Occidente,CLI-082,Recurrente (bajo volumen / alta frecuencia),Servicios postventa,Soporte y Mantenimiento,112.92
2025-08,Occidente,CLI-082,Recurrente (bajo volumen / alta frecuencia),Servicios postventa,Soporte y Mantenimiento,92.56
2025-09,Occidente,CLI-082,Recurrente (bajo volumen / alta frecuencia),Servicios postventa,Soporte y Mantenimiento,102.99
2025-10,Occidente,CLI-082,Recurrente (bajo volumen / alta frecuencia),Servicios postventa,Soporte y Mantenimiento,110.22
2025-11,Occidente,CLI-082,Recurrente (bajo volumen / alta frecuencia),Servicios postventa,Soporte y Mantenimiento,106.67
2026-01,Occidente,CLI-082,Recurrente (bajo volumen / alta frecuencia),Servicios postventa,Soporte y Mantenimiento,110.79
2026-02,Occidente,CLI-082,Recurrente (bajo volumen / alta frecuencia),Servicios postventa,Soporte y Mantenimiento,112.9
2026-03,Occidente,CLI-082,Recurrente (bajo volumen / alta frecuencia),Servicios postventa,Soporte y Mantenimiento,133.71
2026-04,Occidente,CLI-082,Recurrente (bajo volumen / alta frecuencia),Servicios postventa,Soporte y Mantenimiento,128.51
2026-05,Occidente,CLI-082,Recurrente (bajo volumen / alta frecuencia),Servicios postventa,Soporte y Mantenimiento,119.07
2026-06,Occidente,CLI-082,Recurrente (bajo volumen / alta frecuencia),Servicios postventa,Soporte y Mantenimiento,135.15
2026-07,Occidente,CLI-082,Recurrente (bajo volumen / alta frecuencia),Servicios postventa,Soporte y Mantenimiento,140.58
2026-08,Occidente,CLI-082,Recurrente (bajo volumen / alta frecuencia),Servicios postventa,Soporte y Mantenimiento,145.81
2025-03,Occidente,CLI-083,Ocasional (alto volumen / baja frecuencia),Línea Estándar,Estándar Mayoreo,849.49
2025-06,Occidente,CLI-083,Ocasional (alto volumen / baja frecuencia),Línea Estándar,Estándar Mayoreo,940.89
2025-08,Occidente,CLI-083,Ocasional (alto volumen / baja frecuencia),Línea Estándar,Estándar Mayoreo,761.77
2025-12,Occidente,CLI-083,Ocasional (alto volumen / baja frecuencia),Línea Estándar,Estándar Mayoreo,962.62
2026-03,Occidente,CLI-083,Ocasional (alto volumen / baja frecuencia),Línea Estándar,Estándar Mayoreo,798.84
2026-04,Occidente,CLI-083,Ocasional (alto volumen / baja frecuencia),Línea Estándar,Estándar Mayoreo,760.3
2026-07,Occidente,CLI-083,Ocasional (alto volumen / baja frecuencia),Línea Estándar,Estándar Mayoreo,931.27
2025-03,Occidente,CLI-083,Ocasional (alto volumen / baja frecuencia),Línea Económica,Económica Básica,509.41
2026-02,Occidente,CLI-083,Ocasional (alto volumen / baja frecuencia),Línea Económica,Económica Básica,419.01
2026-05,Occidente,CLI-083,Ocasional (alto volumen / baja frecuencia),Línea Económica,Económica Básica,566.77
2025-02,Occidente,CLI-083,Ocasional (alto volumen / baja frecuencia),Línea Premium,Premium Exportación,1059.71
2025-06,Occidente,CLI-083,Ocasional (alto volumen / baja frecuencia),Línea Premium,Premium Exportación,1209.28
2025-09,Occidente,CLI-083,Ocasional (alto volumen / baja frecuencia),Línea Premium,Premium Exportación,1040.31
2026-04,Occidente,CLI-083,Ocasional (alto volumen / baja frecuencia),Línea Premium,Premium Exportación,1203.99
2026-05,Occidente,CLI-083,Ocasional (alto volumen / baja frecuencia),Línea Premium,Premium Exportación,1284.79
2026-06,Occidente,CLI-083,Ocasional (alto volumen / baja frecuencia),Línea Premium,Premium Exportación,1138.52
2026-07,Occidente,CLI-083,Ocasional (alto volumen / baja frecuencia),Línea Premium,Premium Exportación,1081.47
2025-06,Occidente,CLI-083,Ocasional (alto volumen / baja frecuencia),Servicios postventa,Soporte y Mantenimiento,238.26
2025-08,Occidente,CLI-083,Ocasional (alto volumen / baja frecuencia),Servicios postventa,Soporte y Mantenimiento,312.75
2026-02,Occidente,CLI-083,Ocasional (alto volumen / baja frecuencia),Servicios postventa,Soporte y Mantenimiento,262.41
2026-03,Occidente,CLI-083,Ocasional (alto volumen / baja frecuencia),Servicios postventa,Soporte y Mantenimiento,390.75
2026-04,Occidente,CLI-083,Ocasional (alto volumen / baja frecuencia),Servicios postventa,Soporte y Mantenimiento,327.74
2026-06,Occidente,CLI-083,Ocasional (alto volumen / baja frecuencia),Servicios postventa,Soporte y Mantenimiento,378.27
2026-07,Occidente,CLI-083,Ocasional (alto volumen / baja frecuencia),Servicios postventa,Soporte y Mantenimiento,397.53
2026-08,Occidente,CLI-083,Ocasional (alto volumen / baja frecuencia),Servicios postventa,Soporte y Mantenimiento,324.99
2025-01,Norte,CLI-084,VIP (alto volumen / alta frecuencia),Línea Premium,Premium Oficina,826.78
2025-02,Norte,CLI-084,VIP (alto volumen / alta frecuencia),Línea Premium,Premium Oficina,1170.35
2025-03,Norte,CLI-084,VIP (alto volumen / alta frecuencia),Línea Premium,Premium Oficina,1244.41
2025-04,Norte,CLI-084,VIP (alto volumen / alta frecuencia),Línea Premium,Premium Oficina,867.68
2025-05,Norte,CLI-084,VIP (alto volumen / alta frecuencia),Línea Premium,Premium Oficina,969.57
2025-06,Norte,CLI-084,VIP (alto volumen / alta frecuencia),Línea Premium,Premium Oficina,1030.09
2025-07,Norte,CLI-084,VIP (alto volumen / alta frecuencia),Línea Premium,Premium Oficina,929.47
2025-09,Norte,CLI-084,VIP (alto volumen / alta frecuencia),Línea Premium,Premium Oficina,869.29
2025-10,Norte,CLI-084,VIP (alto volumen / alta frecuencia),Línea Premium,Premium Oficina,1170.29
2025-11,Norte,CLI-084,VIP (alto volumen / alta frecuencia),Línea Premium,Premium Oficina,1131.69
2026-01,Norte,CLI-084,VIP (alto volumen / alta frecuencia),Línea Premium,Premium Oficina,916.01
2026-02,Norte,CLI-084,VIP (alto volumen / alta frecuencia),Línea Premium,Premium Oficina,1063.08
2026-03,Norte,CLI-084,VIP (alto volumen / alta frecuencia),Línea Premium,Premium Oficina,1136.94
2026-05,Norte,CLI-084,VIP (alto volumen / alta frecuencia),Línea Premium,Premium Oficina,1108.36
2026-06,Norte,CLI-084,VIP (alto volumen / alta frecuencia),Línea Premium,Premium Oficina,941.96
2026-07,Norte,CLI-084,VIP (alto volumen / alta frecuencia),Línea Premium,Premium Oficina,1004.67
2026-08,Norte,CLI-084,VIP (alto volumen / alta frecuencia),Línea Premium,Premium Oficina,1067.31
2025-01,Norte,CLI-084,VIP (alto volumen / alta frecuencia),Servicios postventa,Soporte y Mantenimiento,298.77
2025-05,Norte,CLI-084,VIP (alto volumen / alta frecuencia),Servicios postventa,Soporte y Mantenimiento,366.93
2025-06,Norte,CLI-084,VIP (alto volumen / alta frecuencia),Servicios postventa,Soporte y Mantenimiento,301.69
2025-07,Norte,CLI-084,VIP (alto volumen / alta frecuencia),Servicios postventa,Soporte y Mantenimiento,363.83
2025-08,Norte,CLI-084,VIP (alto volumen / alta frecuencia),Servicios postventa,Soporte y Mantenimiento,249.34
2025-09,Norte,CLI-084,VIP (alto volumen / alta frecuencia),Servicios postventa,Soporte y Mantenimiento,340.02
2025-10,Norte,CLI-084,VIP (alto volumen / alta frecuencia),Servicios postventa,Soporte y Mantenimiento,320.64
2025-11,Norte,CLI-084,VIP (alto volumen / alta frecuencia),Servicios postventa,Soporte y Mantenimiento,345.73
2025-12,Norte,CLI-084,VIP (alto volumen / alta frecuencia),Servicios postventa,Soporte y Mantenimiento,284.71
2026-01,Norte,CLI-084,VIP (alto volumen / alta frecuencia),Servicios postventa,Soporte y Mantenimiento,380.13
2026-03,Norte,CLI-084,VIP (alto volumen / alta frecuencia),Servicios postventa,Soporte y Mantenimiento,420.45
2026-04,Norte,CLI-084,VIP (alto volumen / alta frecuencia),Servicios postventa,Soporte y Mantenimiento,379.68
2026-05,Norte,CLI-084,VIP (alto volumen / alta frecuencia),Servicios postventa,Soporte y Mantenimiento,388.08
2026-06,Norte,CLI-084,VIP (alto volumen / alta frecuencia),Servicios postventa,Soporte y Mantenimiento,337.48
2026-07,Norte,CLI-084,VIP (alto volumen / alta frecuencia),Servicios postventa,Soporte y Mantenimiento,347.36
2026-08,Norte,CLI-084,VIP (alto volumen / alta frecuencia),Servicios postventa,Soporte y Mantenimiento,372.62
2025-01,Norte,CLI-084,VIP (alto volumen / alta frecuencia),Línea Estándar,Estándar Retail,619.47
2025-02,Norte,CLI-084,VIP (alto volumen / alta frecuencia),Línea Estándar,Estándar Retail,901.42
2025-03,Norte,CLI-084,VIP (alto volumen / alta frecuencia),Línea Estándar,Estándar Retail,906.29
2025-04,Norte,CLI-084,VIP (alto volumen / alta frecuencia),Línea Estándar,Estándar Retail,998.28
2025-05,Norte,CLI-084,VIP (alto volumen / alta frecuencia),Línea Estándar,Estándar Retail,641.05
2025-06,Norte,CLI-084,VIP (alto volumen / alta frecuencia),Línea Estándar,Estándar Retail,948.86
2025-07,Norte,CLI-084,VIP (alto volumen / alta frecuencia),Línea Estándar,Estándar Retail,778.48
2025-08,Norte,CLI-084,VIP (alto volumen / alta frecuencia),Línea Estándar,Estándar Retail,958.36
2025-09,Norte,CLI-084,VIP (alto volumen / alta frecuencia),Línea Estándar,Estándar Retail,851.98
2025-10,Norte,CLI-084,VIP (alto volumen / alta frecuencia),Línea Estándar,Estándar Retail,935.68
2025-11,Norte,CLI-084,VIP (alto volumen / alta frecuencia),Línea Estándar,Estándar Retail,885.64
2025-12,Norte,CLI-084,VIP (alto volumen / alta frecuencia),Línea Estándar,Estándar Retail,839.14
2026-01,Norte,CLI-084,VIP (alto volumen / alta frecuencia),Línea Estándar,Estándar Retail,889.63
2026-02,Norte,CLI-084,VIP (alto volumen / alta frecuencia),Línea Estándar,Estándar Retail,812.56
2026-03,Norte,CLI-084,VIP (alto volumen / alta frecuencia),Línea Estándar,Estándar Retail,909.13
2026-04,Norte,CLI-084,VIP (alto volumen / alta frecuencia),Línea Estándar,Estándar Retail,831.7
2026-05,Norte,CLI-084,VIP (alto volumen / alta frecuencia),Línea Estándar,Estándar Retail,855.52
2026-06,Norte,CLI-084,VIP (alto volumen / alta frecuencia),Línea Estándar,Estándar Retail,1081.19
2026-07,Norte,CLI-084,VIP (alto volumen / alta frecuencia),Línea Estándar,Estándar Retail,982.25
2026-08,Norte,CLI-084,VIP (alto volumen / alta frecuencia),Línea Estándar,Estándar Retail,683.33
2025-01,Norte,CLI-084,VIP (alto volumen / alta frecuencia),Línea Premium,Premium Exportación,963.87
2025-02,Norte,CLI-084,VIP (alto volumen / alta frecuencia),Línea Premium,Premium Exportación,1292.13
2025-04,Norte,CLI-084,VIP (alto volumen / alta frecuencia),Línea Premium,Premium Exportación,1501.33
2025-05,Norte,CLI-084,VIP (alto volumen / alta frecuencia),Línea Premium,Premium Exportación,1217.48
2025-06,Norte,CLI-084,VIP (alto volumen / alta frecuencia),Línea Premium,Premium Exportación,1197.08
2025-07,Norte,CLI-084,VIP (alto volumen / alta frecuencia),Línea Premium,Premium Exportación,1360.45
2025-08,Norte,CLI-084,VIP (alto volumen / alta frecuencia),Línea Premium,Premium Exportación,1506.52
2025-09,Norte,CLI-084,VIP (alto volumen / alta frecuencia),Línea Premium,Premium Exportación,1475.63
2025-10,Norte,CLI-084,VIP (alto volumen / alta frecuencia),Línea Premium,Premium Exportación,1445.02
2025-11,Norte,CLI-084,VIP (alto volumen / alta frecuencia),Línea Premium,Premium Exportación,1635.04
2025-12,Norte,CLI-084,VIP (alto volumen / alta frecuencia),Línea Premium,Premium Exportación,1161.05
2026-01,Norte,CLI-084,VIP (alto volumen / alta frecuencia),Línea Premium,Premium Exportación,1897.29
2026-02,Norte,CLI-084,VIP (alto volumen / alta frecuencia),Línea Premium,Premium Exportación,1529.72
2026-04,Norte,CLI-084,VIP (alto volumen / alta frecuencia),Línea Premium,Premium Exportación,1547.2
2026-05,Norte,CLI-084,VIP (alto volumen / alta frecuencia),Línea Premium,Premium Exportación,1870.82
2026-06,Norte,CLI-084,VIP (alto volumen / alta frecuencia),Línea Premium,Premium Exportación,1566.81
2026-08,Norte,CLI-084,VIP (alto volumen / alta frecuencia),Línea Premium,Premium Exportación,1762.45
2025-01,Norte,CLI-084,VIP (alto volumen / alta frecuencia),Línea Estándar,Estándar Mayoreo,940.47
2025-03,Norte,CLI-084,VIP (alto volumen / alta frecuencia),Línea Estándar,Estándar Mayoreo,1047.31
2025-04,Norte,CLI-084,VIP (alto volumen / alta frecuencia),Línea Estándar,Estándar Mayoreo,954.03
2025-05,Norte,CLI-084,VIP (alto volumen / alta frecuencia),Línea Estándar,Estándar Mayoreo,815.88
2025-06,Norte,CLI-084,VIP (alto volumen / alta frecuencia),Línea Estándar,Estándar Mayoreo,857.31
2025-07,Norte,CLI-084,VIP (alto volumen / alta frecuencia),Línea Estándar,Estándar Mayoreo,939.65
2025-08,Norte,CLI-084,VIP (alto volumen / alta frecuencia),Línea Estándar,Estándar Mayoreo,1035.68
2025-09,Norte,CLI-084,VIP (alto volumen / alta frecuencia),Línea Estándar,Estándar Mayoreo,923.12
2025-10,Norte,CLI-084,VIP (alto volumen / alta frecuencia),Línea Estándar,Estándar Mayoreo,842.82
2025-11,Norte,CLI-084,VIP (alto volumen / alta frecuencia),Línea Estándar,Estándar Mayoreo,714.4
2026-01,Norte,CLI-084,VIP (alto volumen / alta frecuencia),Línea Estándar,Estándar Mayoreo,982.81
2026-02,Norte,CLI-084,VIP (alto volumen / alta frecuencia),Línea Estándar,Estándar Mayoreo,826.0
2026-03,Norte,CLI-084,VIP (alto volumen / alta frecuencia),Línea Estándar,Estándar Mayoreo,1188.88
2026-04,Norte,CLI-084,VIP (alto volumen / alta frecuencia),Línea Estándar,Estándar Mayoreo,1155.9
2026-05,Norte,CLI-084,VIP (alto volumen / alta frecuencia),Línea Estándar,Estándar Mayoreo,1261.16
2026-06,Norte,CLI-084,VIP (alto volumen / alta frecuencia),Línea Estándar,Estándar Mayoreo,984.61
2026-07,Norte,CLI-084,VIP (alto volumen / alta frecuencia),Línea Estándar,Estándar Mayoreo,828.3
2026-08,Norte,CLI-084,VIP (alto volumen / alta frecuencia),Línea Estándar,Estándar Mayoreo,611.43
2025-01,Bajío,CLI-085,VIP (alto volumen / alta frecuencia),Línea Estándar,Estándar Retail,844.15
2025-02,Bajío,CLI-085,VIP (alto volumen / alta frecuencia),Línea Estándar,Estándar Retail,732.27
2025-03,Bajío,CLI-085,VIP (alto volumen / alta frecuencia),Línea Estándar,Estándar Retail,575.17
2025-04,Bajío,CLI-085,VIP (alto volumen / alta frecuencia),Línea Estándar,Estándar Retail,624.89
2025-05,Bajío,CLI-085,VIP (alto volumen / alta frecuencia),Línea Estándar,Estándar Retail,869.37
2025-07,Bajío,CLI-085,VIP (alto volumen / alta frecuencia),Línea Estándar,Estándar Retail,849.23
2025-08,Bajío,CLI-085,VIP (alto volumen / alta frecuencia),Línea Estándar,Estándar Retail,769.2
2025-09,Bajío,CLI-085,VIP (alto volumen / alta frecuencia),Línea Estándar,Estándar Retail,759.51
2025-10,Bajío,CLI-085,VIP (alto volumen / alta frecuencia),Línea Estándar,Estándar Retail,883.28
2025-11,Bajío,CLI-085,VIP (alto volumen / alta frecuencia),Línea Estándar,Estándar Retail,762.08
2025-12,Bajío,CLI-085,VIP (alto volumen / alta frecuencia),Línea Estándar,Estándar Retail,853.38
2026-01,Bajío,CLI-085,VIP (alto volumen / alta frecuencia),Línea Estándar,Estándar Retail,787.39
2026-02,Bajío,CLI-085,VIP (alto volumen / alta frecuencia),Línea Estándar,Estándar Retail,778.08
2026-03,Bajío,CLI-085,VIP (alto volumen / alta frecuencia),Línea Estándar,Estándar Retail,727.76
2026-05,Bajío,CLI-085,VIP (alto volumen / alta frecuencia),Línea Estándar,Estándar Retail,789.76
2026-06,Bajío,CLI-085,VIP (alto volumen / alta frecuencia),Línea Estándar,Estándar Retail,853.7
2026-07,Bajío,CLI-085,VIP (alto volumen / alta frecuencia),Línea Estándar,Estándar Retail,920.15
2026-08,Bajío,CLI-085,VIP (alto volumen / alta frecuencia),Línea Estándar,Estándar Retail,735.59
2025-01,Bajío,CLI-085,VIP (alto volumen / alta frecuencia),Línea Premium,Premium Exportación,980.75
2025-02,Bajío,CLI-085,VIP (alto volumen / alta frecuencia),Línea Premium,Premium Exportación,1191.53
2025-03,Bajío,CLI-085,VIP (alto volumen / alta frecuencia),Línea Premium,Premium Exportación,1363.45
2025-04,Bajío,CLI-085,VIP (alto volumen / alta frecuencia),Línea Premium,Premium Exportación,1168.63
2025-05,Bajío,CLI-085,VIP (alto volumen / alta frecuencia),Línea Premium,Premium Exportación,1062.85
2025-06,Bajío,CLI-085,VIP (alto volumen / alta frecuencia),Línea Premium,Premium Exportación,1116.13
2025-07,Bajío,CLI-085,VIP (alto volumen / alta frecuencia),Línea Premium,Premium Exportación,1424.69
2025-08,Bajío,CLI-085,VIP (alto volumen / alta frecuencia),Línea Premium,Premium Exportación,1230.67
2025-09,Bajío,CLI-085,VIP (alto volumen / alta frecuencia),Línea Premium,Premium Exportación,1416.62
2025-10,Bajío,CLI-085,VIP (alto volumen / alta frecuencia),Línea Premium,Premium Exportación,1235.88
2025-11,Bajío,CLI-085,VIP (alto volumen / alta frecuencia),Línea Premium,Premium Exportación,973.38
2026-02,Bajío,CLI-085,VIP (alto volumen / alta frecuencia),Línea Premium,Premium Exportación,1020.26
2026-03,Bajío,CLI-085,VIP (alto volumen / alta frecuencia),Línea Premium,Premium Exportación,1525.44
2026-04,Bajío,CLI-085,VIP (alto volumen / alta frecuencia),Línea Premium,Premium Exportación,1562.64
2026-05,Bajío,CLI-085,VIP (alto volumen / alta frecuencia),Línea Premium,Premium Exportación,1259.1
2026-06,Bajío,CLI-085,VIP (alto volumen / alta frecuencia),Línea Premium,Premium Exportación,1330.94
2026-07,Bajío,CLI-085,VIP (alto volumen / alta frecuencia),Línea Premium,Premium Exportación,1684.45
2026-08,Bajío,CLI-085,VIP (alto volumen / alta frecuencia),Línea Premium,Premium Exportación,1079.88
2025-01,Bajío,CLI-085,VIP (alto volumen / alta frecuencia),Línea Premium,Premium Oficina,773.79
2025-02,Bajío,CLI-085,VIP (alto volumen / alta frecuencia),Línea Premium,Premium Oficina,650.33
2025-03,Bajío,CLI-085,VIP (alto volumen / alta frecuencia),Línea Premium,Premium Oficina,995.77
2025-04,Bajío,CLI-085,VIP (alto volumen / alta frecuencia),Línea Premium,Premium Oficina,884.35
2025-05,Bajío,CLI-085,VIP (alto volumen / alta frecuencia),Línea Premium,Premium Oficina,934.86
2025-06,Bajío,CLI-085,VIP (alto volumen / alta frecuencia),Línea Premium,Premium Oficina,1062.63
2025-07,Bajío,CLI-085,VIP (alto volumen / alta frecuencia),Línea Premium,Premium Oficina,926.17
2025-08,Bajío,CLI-085,VIP (alto volumen / alta frecuencia),Línea Premium,Premium Oficina,996.54
2025-10,Bajío,CLI-085,VIP (alto volumen / alta frecuencia),Línea Premium,Premium Oficina,924.15
2025-11,Bajío,CLI-085,VIP (alto volumen / alta frecuencia),Línea Premium,Premium Oficina,909.86
2025-12,Bajío,CLI-085,VIP (alto volumen / alta frecuencia),Línea Premium,Premium Oficina,1154.56
2026-01,Bajío,CLI-085,VIP (alto volumen / alta frecuencia),Línea Premium,Premium Oficina,878.9
2026-02,Bajío,CLI-085,VIP (alto volumen / alta frecuencia),Línea Premium,Premium Oficina,1003.93
2026-03,Bajío,CLI-085,VIP (alto volumen / alta frecuencia),Línea Premium,Premium Oficina,1064.99
2026-04,Bajío,CLI-085,VIP (alto volumen / alta frecuencia),Línea Premium,Premium Oficina,1097.2
2026-05,Bajío,CLI-085,VIP (alto volumen / alta frecuencia),Línea Premium,Premium Oficina,908.21
2026-06,Bajío,CLI-085,VIP (alto volumen / alta frecuencia),Línea Premium,Premium Oficina,964.76
2026-07,Bajío,CLI-085,VIP (alto volumen / alta frecuencia),Línea Premium,Premium Oficina,1177.33
2026-08,Bajío,CLI-085,VIP (alto volumen / alta frecuencia),Línea Premium,Premium Oficina,1147.47
2025-01,Bajío,CLI-085,VIP (alto volumen / alta frecuencia),Servicios postventa,Soporte y Mantenimiento,255.26
2025-02,Bajío,CLI-085,VIP (alto volumen / alta frecuencia),Servicios postventa,Soporte y Mantenimiento,234.25
2025-03,Bajío,CLI-085,VIP (alto volumen / alta frecuencia),Servicios postventa,Soporte y Mantenimiento,256.38
2025-04,Bajío,CLI-085,VIP (alto volumen / alta frecuencia),Servicios postventa,Soporte y Mantenimiento,320.92
2025-05,Bajío,CLI-085,VIP (alto volumen / alta frecuencia),Servicios postventa,Soporte y Mantenimiento,310.2
2025-06,Bajío,CLI-085,VIP (alto volumen / alta frecuencia),Servicios postventa,Soporte y Mantenimiento,315.3
2025-07,Bajío,CLI-085,VIP (alto volumen / alta frecuencia),Servicios postventa,Soporte y Mantenimiento,341.28
2025-09,Bajío,CLI-085,VIP (alto volumen / alta frecuencia),Servicios postventa,Soporte y Mantenimiento,317.33
2025-10,Bajío,CLI-085,VIP (alto volumen / alta frecuencia),Servicios postventa,Soporte y Mantenimiento,322.22
2025-11,Bajío,CLI-085,VIP (alto volumen / alta frecuencia),Servicios postventa,Soporte y Mantenimiento,346.06
2026-01,Bajío,CLI-085,VIP (alto volumen / alta frecuencia),Servicios postventa,Soporte y Mantenimiento,402.33
2026-02,Bajío,CLI-085,VIP (alto volumen / alta frecuencia),Servicios postventa,Soporte y Mantenimiento,369.2
2026-03,Bajío,CLI-085,VIP (alto volumen / alta frecuencia),Servicios postventa,Soporte y Mantenimiento,337.71
2026-04,Bajío,CLI-085,VIP (alto volumen / alta frecuencia),Servicios postventa,Soporte y Mantenimiento,386.9
2026-05,Bajío,CLI-085,VIP (alto volumen / alta frecuencia),Servicios postventa,Soporte y Mantenimiento,372.22
2026-06,Bajío,CLI-085,VIP (alto volumen / alta frecuencia),Servicios postventa,Soporte y Mantenimiento,493.74
2026-08,Bajío,CLI-085,VIP (alto volumen / alta frecuencia),Servicios postventa,Soporte y Mantenimiento,467.75
2025-01,Bajío,CLI-085,VIP (alto volumen / alta frecuencia),Línea Económica,Económica Básica,500.65
2025-02,Bajío,CLI-085,VIP (alto volumen / alta frecuencia),Línea Económica,Económica Básica,541.85
2025-03,Bajío,CLI-085,VIP (alto volumen / alta frecuencia),Línea Económica,Económica Básica,462.84
2025-04,Bajío,CLI-085,VIP (alto volumen / alta frecuencia),Línea Económica,Económica Básica,466.11
2025-06,Bajío,CLI-085,VIP (alto volumen / alta frecuencia),Línea Económica,Económica Básica,524.62
2025-07,Bajío,CLI-085,VIP (alto volumen / alta frecuencia),Línea Económica,Económica Básica,528.64
2025-08,Bajío,CLI-085,VIP (alto volumen / alta frecuencia),Línea Económica,Económica Básica,547.76
2025-09,Bajío,CLI-085,VIP (alto volumen / alta frecuencia),Línea Económica,Económica Básica,535.44
2025-11,Bajío,CLI-085,VIP (alto volumen / alta frecuencia),Línea Económica,Económica Básica,404.37
2025-12,Bajío,CLI-085,VIP (alto volumen / alta frecuencia),Línea Económica,Económica Básica,484.8
2026-01,Bajío,CLI-085,VIP (alto volumen / alta frecuencia),Línea Económica,Económica Básica,453.2
2026-03,Bajío,CLI-085,VIP (alto volumen / alta frecuencia),Línea Económica,Económica Básica,451.77
2026-04,Bajío,CLI-085,VIP (alto volumen / alta frecuencia),Línea Económica,Económica Básica,402.68
2026-05,Bajío,CLI-085,VIP (alto volumen / alta frecuencia),Línea Económica,Económica Básica,423.18
2026-06,Bajío,CLI-085,VIP (alto volumen / alta frecuencia),Línea Económica,Económica Básica,446.18
2026-07,Bajío,CLI-085,VIP (alto volumen / alta frecuencia),Línea Económica,Económica Básica,510.91
2026-08,Bajío,CLI-085,VIP (alto volumen / alta frecuencia),Línea Económica,Económica Básica,440.48
2025-02,Centro,CLI-086,Recurrente (bajo volumen / alta frecuencia),Línea Económica,Económica Promocional,173.19
2025-03,Centro,CLI-086,Recurrente (bajo volumen / alta frecuencia),Línea Económica,Económica Promocional,189.27
2025-05,Centro,CLI-086,Recurrente (bajo volumen / alta frecuencia),Línea Económica,Económica Promocional,205.58
2025-06,Centro,CLI-086,Recurrente (bajo volumen / alta frecuencia),Línea Económica,Económica Promocional,190.49
2025-07,Centro,CLI-086,Recurrente (bajo volumen / alta frecuencia),Línea Económica,Económica Promocional,207.37
2025-08,Centro,CLI-086,Recurrente (bajo volumen / alta frecuencia),Línea Económica,Económica Promocional,163.41
2025-09,Centro,CLI-086,Recurrente (bajo volumen / alta frecuencia),Línea Económica,Económica Promocional,175.74
2025-10,Centro,CLI-086,Recurrente (bajo volumen / alta frecuencia),Línea Económica,Económica Promocional,195.53
2025-11,Centro,CLI-086,Recurrente (bajo volumen / alta frecuencia),Línea Económica,Económica Promocional,192.13
2025-12,Centro,CLI-086,Recurrente (bajo volumen / alta frecuencia),Línea Económica,Económica Promocional,161.08
2026-01,Centro,CLI-086,Recurrente (bajo volumen / alta frecuencia),Línea Económica,Económica Promocional,221.05
2026-02,Centro,CLI-086,Recurrente (bajo volumen / alta frecuencia),Línea Económica,Económica Promocional,136.26
2026-04,Centro,CLI-086,Recurrente (bajo volumen / alta frecuencia),Línea Económica,Económica Promocional,219.66
2026-06,Centro,CLI-086,Recurrente (bajo volumen / alta frecuencia),Línea Económica,Económica Promocional,192.82
2026-07,Centro,CLI-086,Recurrente (bajo volumen / alta frecuencia),Línea Económica,Económica Promocional,196.41
2026-08,Centro,CLI-086,Recurrente (bajo volumen / alta frecuencia),Línea Económica,Económica Promocional,178.12
2025-01,Centro,CLI-086,Recurrente (bajo volumen / alta frecuencia),Línea Estándar,Estándar Retail,294.85
2025-04,Centro,CLI-086,Recurrente (bajo volumen / alta frecuencia),Línea Estándar,Estándar Retail,264.7
2025-05,Centro,CLI-086,Recurrente (bajo volumen / alta frecuencia),Línea Estándar,Estándar Retail,316.0
2025-06,Centro,CLI-086,Recurrente (bajo volumen / alta frecuencia),Línea Estándar,Estándar Retail,266.3
2025-07,Centro,CLI-086,Recurrente (bajo volumen / alta frecuencia),Línea Estándar,Estándar Retail,284.7
2025-08,Centro,CLI-086,Recurrente (bajo volumen / alta frecuencia),Línea Estándar,Estándar Retail,308.04
2025-09,Centro,CLI-086,Recurrente (bajo volumen / alta frecuencia),Línea Estándar,Estándar Retail,299.37
2025-10,Centro,CLI-086,Recurrente (bajo volumen / alta frecuencia),Línea Estándar,Estándar Retail,353.08
2025-11,Centro,CLI-086,Recurrente (bajo volumen / alta frecuencia),Línea Estándar,Estándar Retail,306.35
2026-01,Centro,CLI-086,Recurrente (bajo volumen / alta frecuencia),Línea Estándar,Estándar Retail,239.38
2026-02,Centro,CLI-086,Recurrente (bajo volumen / alta frecuencia),Línea Estándar,Estándar Retail,310.09
2026-03,Centro,CLI-086,Recurrente (bajo volumen / alta frecuencia),Línea Estándar,Estándar Retail,241.37
2026-04,Centro,CLI-086,Recurrente (bajo volumen / alta frecuencia),Línea Estándar,Estándar Retail,289.99
2026-05,Centro,CLI-086,Recurrente (bajo volumen / alta frecuencia),Línea Estándar,Estándar Retail,338.19
2026-07,Centro,CLI-086,Recurrente (bajo volumen / alta frecuencia),Línea Estándar,Estándar Retail,273.35
2025-01,Centro,CLI-086,Recurrente (bajo volumen / alta frecuencia),Línea Económica,Económica Básica,188.72
2025-02,Centro,CLI-086,Recurrente (bajo volumen / alta frecuencia),Línea Económica,Económica Básica,172.81
2025-04,Centro,CLI-086,Recurrente (bajo volumen / alta frecuencia),Línea Económica,Económica Básica,192.92
2025-05,Centro,CLI-086,Recurrente (bajo volumen / alta frecuencia),Línea Económica,Económica Básica,180.07
2025-06,Centro,CLI-086,Recurrente (bajo volumen / alta frecuencia),Línea Económica,Económica Básica,195.6
2025-07,Centro,CLI-086,Recurrente (bajo volumen / alta frecuencia),Línea Económica,Económica Básica,216.4
2025-08,Centro,CLI-086,Recurrente (bajo volumen / alta frecuencia),Línea Económica,Económica Básica,184.44
2025-10,Centro,CLI-086,Recurrente (bajo volumen / alta frecuencia),Línea Económica,Económica Básica,191.22
2025-11,Centro,CLI-086,Recurrente (bajo volumen / alta frecuencia),Línea Económica,Económica Básica,236.4
2025-12,Centro,CLI-086,Recurrente (bajo volumen / alta frecuencia),Línea Económica,Económica Básica,245.24
2026-02,Centro,CLI-086,Recurrente (bajo volumen / alta frecuencia),Línea Económica,Económica Básica,243.61
2026-03,Centro,CLI-086,Recurrente (bajo volumen / alta frecuencia),Línea Económica,Económica Básica,205.55
2026-04,Centro,CLI-086,Recurrente (bajo volumen / alta frecuencia),Línea Económica,Económica Básica,202.25
2026-05,Centro,CLI-086,Recurrente (bajo volumen / alta frecuencia),Línea Económica,Económica Básica,257.1
2026-07,Centro,CLI-086,Recurrente (bajo volumen / alta frecuencia),Línea Económica,Económica Básica,189.65
2026-08,Centro,CLI-086,Recurrente (bajo volumen / alta frecuencia),Línea Económica,Económica Básica,179.16
2025-01,Centro,CLI-086,Recurrente (bajo volumen / alta frecuencia),Línea Estándar,Estándar Mayoreo,395.34
2025-02,Centro,CLI-086,Recurrente (bajo volumen / alta frecuencia),Línea Estándar,Estándar Mayoreo,341.17
2025-03,Centro,CLI-086,Recurrente (bajo volumen / alta frecuencia),Línea Estándar,Estándar Mayoreo,311.04
2025-04,Centro,CLI-086,Recurrente (bajo volumen / alta frecuencia),Línea Estándar,Estándar Mayoreo,338.34
2025-05,Centro,CLI-086,Recurrente (bajo volumen / alta frecuencia),Línea Estándar,Estándar Mayoreo,292.82
2025-06,Centro,CLI-086,Recurrente (bajo volumen / alta frecuencia),Línea Estándar,Estándar Mayoreo,342.55
2025-07,Centro,CLI-086,Recurrente (bajo volumen / alta frecuencia),Línea Estándar,Estándar Mayoreo,368.73
2025-08,Centro,CLI-086,Recurrente (bajo volumen / alta frecuencia),Línea Estándar,Estándar Mayoreo,371.8
2025-09,Centro,CLI-086,Recurrente (bajo volumen / alta frecuencia),Línea Estándar,Estándar Mayoreo,359.43
2025-10,Centro,CLI-086,Recurrente (bajo volumen / alta frecuencia),Línea Estándar,Estándar Mayoreo,343.85
2025-11,Centro,CLI-086,Recurrente (bajo volumen / alta frecuencia),Línea Estándar,Estándar Mayoreo,281.95
2025-12,Centro,CLI-086,Recurrente (bajo volumen / alta frecuencia),Línea Estándar,Estándar Mayoreo,290.12
2026-01,Centro,CLI-086,Recurrente (bajo volumen / alta frecuencia),Línea Estándar,Estándar Mayoreo,326.96
2026-02,Centro,CLI-086,Recurrente (bajo volumen / alta frecuencia),Línea Estándar,Estándar Mayoreo,317.5
2026-04,Centro,CLI-086,Recurrente (bajo volumen / alta frecuencia),Línea Estándar,Estándar Mayoreo,281.23
2026-05,Centro,CLI-086,Recurrente (bajo volumen / alta frecuencia),Línea Estándar,Estándar Mayoreo,321.83
2026-07,Centro,CLI-086,Recurrente (bajo volumen / alta frecuencia),Línea Estándar,Estándar Mayoreo,264.17
2026-08,Centro,CLI-086,Recurrente (bajo volumen / alta frecuencia),Línea Estándar,Estándar Mayoreo,206.8
2025-01,Centro,CLI-087,Recurrente (bajo volumen / alta frecuencia),Línea Estándar,Estándar Retail,335.24
2025-02,Centro,CLI-087,Recurrente (bajo volumen / alta frecuencia),Línea Estándar,Estándar Retail,293.22
2025-03,Centro,CLI-087,Recurrente (bajo volumen / alta frecuencia),Línea Estándar,Estándar Retail,346.37
2025-04,Centro,CLI-087,Recurrente (bajo volumen / alta frecuencia),Línea Estándar,Estándar Retail,355.24
2025-05,Centro,CLI-087,Recurrente (bajo volumen / alta frecuencia),Línea Estándar,Estándar Retail,355.88
2025-06,Centro,CLI-087,Recurrente (bajo volumen / alta frecuencia),Línea Estándar,Estándar Retail,332.25
2025-07,Centro,CLI-087,Recurrente (bajo volumen / alta frecuencia),Línea Estándar,Estándar Retail,321.7
2025-09,Centro,CLI-087,Recurrente (bajo volumen / alta frecuencia),Línea Estándar,Estándar Retail,352.18
2025-10,Centro,CLI-087,Recurrente (bajo volumen / alta frecuencia),Línea Estándar,Estándar Retail,402.24
2025-11,Centro,CLI-087,Recurrente (bajo volumen / alta frecuencia),Línea Estándar,Estándar Retail,394.45
2025-12,Centro,CLI-087,Recurrente (bajo volumen / alta frecuencia),Línea Estándar,Estándar Retail,361.93
2026-01,Centro,CLI-087,Recurrente (bajo volumen / alta frecuencia),Línea Estándar,Estándar Retail,388.83
2026-02,Centro,CLI-087,Recurrente (bajo volumen / alta frecuencia),Línea Estándar,Estándar Retail,335.02
2026-04,Centro,CLI-087,Recurrente (bajo volumen / alta frecuencia),Línea Estándar,Estándar Retail,377.32
2026-05,Centro,CLI-087,Recurrente (bajo volumen / alta frecuencia),Línea Estándar,Estándar Retail,326.87
2026-06,Centro,CLI-087,Recurrente (bajo volumen / alta frecuencia),Línea Estándar,Estándar Retail,370.1
2026-07,Centro,CLI-087,Recurrente (bajo volumen / alta frecuencia),Línea Estándar,Estándar Retail,373.48
2025-01,Centro,CLI-087,Recurrente (bajo volumen / alta frecuencia),Línea Estándar,Estándar Mayoreo,411.56
2025-03,Centro,CLI-087,Recurrente (bajo volumen / alta frecuencia),Línea Estándar,Estándar Mayoreo,312.38
2025-05,Centro,CLI-087,Recurrente (bajo volumen / alta frecuencia),Línea Estándar,Estándar Mayoreo,430.8
2025-08,Centro,CLI-087,Recurrente (bajo volumen / alta frecuencia),Línea Estándar,Estándar Mayoreo,346.23
2025-10,Centro,CLI-087,Recurrente (bajo volumen / alta frecuencia),Línea Estándar,Estándar Mayoreo,333.62
2025-11,Centro,CLI-087,Recurrente (bajo volumen / alta frecuencia),Línea Estándar,Estándar Mayoreo,428.25
2025-12,Centro,CLI-087,Recurrente (bajo volumen / alta frecuencia),Línea Estándar,Estándar Mayoreo,331.11
2026-01,Centro,CLI-087,Recurrente (bajo volumen / alta frecuencia),Línea Estándar,Estándar Mayoreo,422.07
2026-02,Centro,CLI-087,Recurrente (bajo volumen / alta frecuencia),Línea Estándar,Estándar Mayoreo,455.42
2026-03,Centro,CLI-087,Recurrente (bajo volumen / alta frecuencia),Línea Estándar,Estándar Mayoreo,434.24
2026-05,Centro,CLI-087,Recurrente (bajo volumen / alta frecuencia),Línea Estándar,Estándar Mayoreo,416.55
2026-06,Centro,CLI-087,Recurrente (bajo volumen / alta frecuencia),Línea Estándar,Estándar Mayoreo,337.55
2026-07,Centro,CLI-087,Recurrente (bajo volumen / alta frecuencia),Línea Estándar,Estándar Mayoreo,366.35
2026-08,Centro,CLI-087,Recurrente (bajo volumen / alta frecuencia),Línea Estándar,Estándar Mayoreo,281.23
2025-04,Centro,CLI-087,Recurrente (bajo volumen / alta frecuencia),Línea Económica,Económica Promocional,173.67
2025-05,Centro,CLI-087,Recurrente (bajo volumen / alta frecuencia),Línea Económica,Económica Promocional,236.08
2025-06,Centro,CLI-087,Recurrente (bajo volumen / alta frecuencia),Línea Económica,Económica Promocional,158.93
2025-07,Centro,CLI-087,Recurrente (bajo volumen / alta frecuencia),Línea Económica,Económica Promocional,198.44
2025-08,Centro,CLI-087,Recurrente (bajo volumen / alta frecuencia),Línea Económica,Económica Promocional,179.15
2025-09,Centro,CLI-087,Recurrente (bajo volumen / alta frecuencia),Línea Económica,Económica Promocional,234.71
2025-11,Centro,CLI-087,Recurrente (bajo volumen / alta frecuencia),Línea Económica,Económica Promocional,181.83
2025-12,Centro,CLI-087,Recurrente (bajo volumen / alta frecuencia),Línea Económica,Económica Promocional,243.0
2026-01,Centro,CLI-087,Recurrente (bajo volumen / alta frecuencia),Línea Económica,Económica Promocional,205.07
2026-02,Centro,CLI-087,Recurrente (bajo volumen / alta frecuencia),Línea Económica,Económica Promocional,203.25
2026-05,Centro,CLI-087,Recurrente (bajo volumen / alta frecuencia),Línea Económica,Económica Promocional,222.57
2026-06,Centro,CLI-087,Recurrente (bajo volumen / alta frecuencia),Línea Económica,Económica Promocional,230.68
2026-07,Centro,CLI-087,Recurrente (bajo volumen / alta frecuencia),Línea Económica,Económica Promocional,198.83
2026-08,Centro,CLI-087,Recurrente (bajo volumen / alta frecuencia),Línea Económica,Económica Promocional,183.57
2025-01,Centro,CLI-087,Recurrente (bajo volumen / alta frecuencia),Línea Económica,Económica Básica,228.48
2025-02,Centro,CLI-087,Recurrente (bajo volumen / alta frecuencia),Línea Económica,Económica Básica,218.73
2025-04,Centro,CLI-087,Recurrente (bajo volumen / alta frecuencia),Línea Económica,Económica Básica,226.41
2025-06,Centro,CLI-087,Recurrente (bajo volumen / alta frecuencia),Línea Económica,Económica Básica,225.72
2025-07,Centro,CLI-087,Recurrente (bajo volumen / alta frecuencia),Línea Económica,Económica Básica,219.34
2025-09,Centro,CLI-087,Recurrente (bajo volumen / alta frecuencia),Línea Económica,Económica Básica,247.6
2025-11,Centro,CLI-087,Recurrente (bajo volumen / alta frecuencia),Línea Económica,Económica Básica,246.23
2026-01,Centro,CLI-087,Recurrente (bajo volumen / alta frecuencia),Línea Económica,Económica Básica,175.27
2026-03,Centro,CLI-087,Recurrente (bajo volumen / alta frecuencia),Línea Económica,Económica Básica,213.84
2026-05,Centro,CLI-087,Recurrente (bajo volumen / alta frecuencia),Línea Económica,Económica Básica,161.64
2026-06,Centro,CLI-087,Recurrente (bajo volumen / alta frecuencia),Línea Económica,Económica Básica,204.5
2026-07,Centro,CLI-087,Recurrente (bajo volumen / alta frecuencia),Línea Económica,Económica Básica,185.77
2025-01,Centro,CLI-088,Ocasional (alto volumen / baja frecuencia),Línea Premium,Premium Exportación,831.51
2025-02,Centro,CLI-088,Ocasional (alto volumen / baja frecuencia),Línea Premium,Premium Exportación,804.06
2025-04,Centro,CLI-088,Ocasional (alto volumen / baja frecuencia),Línea Premium,Premium Exportación,1011.31
2025-10,Centro,CLI-088,Ocasional (alto volumen / baja frecuencia),Línea Premium,Premium Exportación,1287.21
2025-11,Centro,CLI-088,Ocasional (alto volumen / baja frecuencia),Línea Premium,Premium Exportación,951.03
2025-12,Centro,CLI-088,Ocasional (alto volumen / baja frecuencia),Línea Premium,Premium Exportación,942.49
2026-03,Centro,CLI-088,Ocasional (alto volumen / baja frecuencia),Línea Premium,Premium Exportación,1067.36
2025-01,Centro,CLI-088,Ocasional (alto volumen / baja frecuencia),Línea Premium,Premium Hogar,591.69
2025-02,Centro,CLI-088,Ocasional (alto volumen / baja frecuencia),Línea Premium,Premium Hogar,941.22
2025-09,Centro,CLI-088,Ocasional (alto volumen / baja frecuencia),Línea Premium,Premium Hogar,913.15
2025-10,Centro,CLI-088,Ocasional (alto volumen / baja frecuencia),Línea Premium,Premium Hogar,960.14
2026-02,Centro,CLI-088,Ocasional (alto volumen / baja frecuencia),Línea Premium,Premium Hogar,976.08
2026-04,Centro,CLI-088,Ocasional (alto volumen / baja frecuencia),Línea Premium,Premium Hogar,1013.33
2026-05,Centro,CLI-088,Ocasional (alto volumen / baja frecuencia),Línea Premium,Premium Hogar,1150.66
2026-06,Centro,CLI-088,Ocasional (alto volumen / baja frecuencia),Línea Premium,Premium Hogar,1021.11
2026-07,Centro,CLI-088,Ocasional (alto volumen / baja frecuencia),Línea Premium,Premium Hogar,1207.49
2026-08,Centro,CLI-088,Ocasional (alto volumen / baja frecuencia),Línea Premium,Premium Hogar,1004.5
2025-01,Centro,CLI-089,Recurrente (bajo volumen / alta frecuencia),Línea Económica,Económica Básica,174.95
2025-02,Centro,CLI-089,Recurrente (bajo volumen / alta frecuencia),Línea Económica,Económica Básica,213.01
2025-03,Centro,CLI-089,Recurrente (bajo volumen / alta frecuencia),Línea Económica,Económica Básica,185.93
2025-05,Centro,CLI-089,Recurrente (bajo volumen / alta frecuencia),Línea Económica,Económica Básica,196.88
2025-06,Centro,CLI-089,Recurrente (bajo volumen / alta frecuencia),Línea Económica,Económica Básica,180.53
2025-07,Centro,CLI-089,Recurrente (bajo volumen / alta frecuencia),Línea Económica,Económica Básica,189.44
2025-08,Centro,CLI-089,Recurrente (bajo volumen / alta frecuencia),Línea Económica,Económica Básica,211.72
2025-12,Centro,CLI-089,Recurrente (bajo volumen / alta frecuencia),Línea Económica,Económica Básica,206.76
2026-01,Centro,CLI-089,Recurrente (bajo volumen / alta frecuencia),Línea Económica,Económica Básica,166.35
2026-03,Centro,CLI-089,Recurrente (bajo volumen / alta frecuencia),Línea Económica,Económica Básica,174.48
2026-04,Centro,CLI-089,Recurrente (bajo volumen / alta frecuencia),Línea Económica,Económica Básica,208.4
2026-05,Centro,CLI-089,Recurrente (bajo volumen / alta frecuencia),Línea Económica,Económica Básica,201.58
2026-06,Centro,CLI-089,Recurrente (bajo volumen / alta frecuencia),Línea Económica,Económica Básica,190.41
2026-07,Centro,CLI-089,Recurrente (bajo volumen / alta frecuencia),Línea Económica,Económica Básica,202.88
2025-02,Centro,CLI-089,Recurrente (bajo volumen / alta frecuencia),Línea Premium,Premium Oficina,345.76
2025-03,Centro,CLI-089,Recurrente (bajo volumen / alta frecuencia),Línea Premium,Premium Oficina,317.17
2025-04,Centro,CLI-089,Recurrente (bajo volumen / alta frecuencia),Línea Premium,Premium Oficina,338.47
2025-06,Centro,CLI-089,Recurrente (bajo volumen / alta frecuencia),Línea Premium,Premium Oficina,278.02
2025-08,Centro,CLI-089,Recurrente (bajo volumen / alta frecuencia),Línea Premium,Premium Oficina,331.19
2025-09,Centro,CLI-089,Recurrente (bajo volumen / alta frecuencia),Línea Premium,Premium Oficina,289.57
2025-12,Centro,CLI-089,Recurrente (bajo volumen / alta frecuencia),Línea Premium,Premium Oficina,315.53
2026-01,Centro,CLI-089,Recurrente (bajo volumen / alta frecuencia),Línea Premium,Premium Oficina,433.61
2026-03,Centro,CLI-089,Recurrente (bajo volumen / alta frecuencia),Línea Premium,Premium Oficina,357.12
2026-04,Centro,CLI-089,Recurrente (bajo volumen / alta frecuencia),Línea Premium,Premium Oficina,408.56
2026-05,Centro,CLI-089,Recurrente (bajo volumen / alta frecuencia),Línea Premium,Premium Oficina,405.66
2026-06,Centro,CLI-089,Recurrente (bajo volumen / alta frecuencia),Línea Premium,Premium Oficina,390.81
2026-08,Centro,CLI-089,Recurrente (bajo volumen / alta frecuencia),Línea Premium,Premium Oficina,363.93
2025-01,Centro,CLI-089,Recurrente (bajo volumen / alta frecuencia),Línea Estándar,Estándar Retail,262.9
2025-02,Centro,CLI-089,Recurrente (bajo volumen / alta frecuencia),Línea Estándar,Estándar Retail,282.37
2025-03,Centro,CLI-089,Recurrente (bajo volumen / alta frecuencia),Línea Estándar,Estándar Retail,290.18
2025-04,Centro,CLI-089,Recurrente (bajo volumen / alta frecuencia),Línea Estándar,Estándar Retail,258.51
2025-05,Centro,CLI-089,Recurrente (bajo volumen / alta frecuencia),Línea Estándar,Estándar Retail,244.4
2025-06,Centro,CLI-089,Recurrente (bajo volumen / alta frecuencia),Línea Estándar,Estándar Retail,211.41
2025-07,Centro,CLI-089,Recurrente (bajo volumen / alta frecuencia),Línea Estándar,Estándar Retail,281.4
2025-08,Centro,CLI-089,Recurrente (bajo volumen / alta frecuencia),Línea Estándar,Estándar Retail,320.47
2025-09,Centro,CLI-089,Recurrente (bajo volumen / alta frecuencia),Línea Estándar,Estándar Retail,265.82
2025-10,Centro,CLI-089,Recurrente (bajo volumen / alta frecuencia),Línea Estándar,Estándar Retail,280.35
2025-12,Centro,CLI-089,Recurrente (bajo volumen / alta frecuencia),Línea Estándar,Estándar Retail,229.55
2026-01,Centro,CLI-089,Recurrente (bajo volumen / alta frecuencia),Línea Estándar,Estándar Retail,247.07
2026-02,Centro,CLI-089,Recurrente (bajo volumen / alta frecuencia),Línea Estándar,Estándar Retail,217.62
2026-03,Centro,CLI-089,Recurrente (bajo volumen / alta frecuencia),Línea Estándar,Estándar Retail,263.8
2026-04,Centro,CLI-089,Recurrente (bajo volumen / alta frecuencia),Línea Estándar,Estándar Retail,185.76
2026-06,Centro,CLI-089,Recurrente (bajo volumen / alta frecuencia),Línea Estándar,Estándar Retail,269.03
2026-07,Centro,CLI-089,Recurrente (bajo volumen / alta frecuencia),Línea Estándar,Estándar Retail,246.15
2026-08,Centro,CLI-089,Recurrente (bajo volumen / alta frecuencia),Línea Estándar,Estándar Retail,178.03
2025-01,Centro,CLI-089,Recurrente (bajo volumen / alta frecuencia),Servicios postventa,Soporte y Mantenimiento,77.62
2025-02,Centro,CLI-089,Recurrente (bajo volumen / alta frecuencia),Servicios postventa,Soporte y Mantenimiento,86.18
2025-03,Centro,CLI-089,Recurrente (bajo volumen / alta frecuencia),Servicios postventa,Soporte y Mantenimiento,74.21
2025-04,Centro,CLI-089,Recurrente (bajo volumen / alta frecuencia),Servicios postventa,Soporte y Mantenimiento,69.96
2025-05,Centro,CLI-089,Recurrente (bajo volumen / alta frecuencia),Servicios postventa,Soporte y Mantenimiento,80.8
2025-06,Centro,CLI-089,Recurrente (bajo volumen / alta frecuencia),Servicios postventa,Soporte y Mantenimiento,80.05
2025-07,Centro,CLI-089,Recurrente (bajo volumen / alta frecuencia),Servicios postventa,Soporte y Mantenimiento,89.72
2025-08,Centro,CLI-089,Recurrente (bajo volumen / alta frecuencia),Servicios postventa,Soporte y Mantenimiento,69.58
2025-11,Centro,CLI-089,Recurrente (bajo volumen / alta frecuencia),Servicios postventa,Soporte y Mantenimiento,99.29
2025-12,Centro,CLI-089,Recurrente (bajo volumen / alta frecuencia),Servicios postventa,Soporte y Mantenimiento,111.56
2026-01,Centro,CLI-089,Recurrente (bajo volumen / alta frecuencia),Servicios postventa,Soporte y Mantenimiento,98.29
2026-02,Centro,CLI-089,Recurrente (bajo volumen / alta frecuencia),Servicios postventa,Soporte y Mantenimiento,109.28
2026-03,Centro,CLI-089,Recurrente (bajo volumen / alta frecuencia),Servicios postventa,Soporte y Mantenimiento,116.61
2026-05,Centro,CLI-089,Recurrente (bajo volumen / alta frecuencia),Servicios postventa,Soporte y Mantenimiento,111.66
2026-06,Centro,CLI-089,Recurrente (bajo volumen / alta frecuencia),Servicios postventa,Soporte y Mantenimiento,100.62
2026-07,Centro,CLI-089,Recurrente (bajo volumen / alta frecuencia),Servicios postventa,Soporte y Mantenimiento,111.8
2026-08,Centro,CLI-089,Recurrente (bajo volumen / alta frecuencia),Servicios postventa,Soporte y Mantenimiento,81.84
2025-01,Centro,CLI-089,Recurrente (bajo volumen / alta frecuencia),Línea Estándar,Estándar Mayoreo,368.09
2025-02,Centro,CLI-089,Recurrente (bajo volumen / alta frecuencia),Línea Estándar,Estándar Mayoreo,353.51
2025-06,Centro,CLI-089,Recurrente (bajo volumen / alta frecuencia),Línea Estándar,Estándar Mayoreo,346.93
2025-09,Centro,CLI-089,Recurrente (bajo volumen / alta frecuencia),Línea Estándar,Estándar Mayoreo,317.58
2025-10,Centro,CLI-089,Recurrente (bajo volumen / alta frecuencia),Línea Estándar,Estándar Mayoreo,352.14
2025-11,Centro,CLI-089,Recurrente (bajo volumen / alta frecuencia),Línea Estándar,Estándar Mayoreo,289.32
2025-12,Centro,CLI-089,Recurrente (bajo volumen / alta frecuencia),Línea Estándar,Estándar Mayoreo,248.63
2026-01,Centro,CLI-089,Recurrente (bajo volumen / alta frecuencia),Línea Estándar,Estándar Mayoreo,284.94
2026-05,Centro,CLI-089,Recurrente (bajo volumen / alta frecuencia),Línea Estándar,Estándar Mayoreo,280.94
2026-06,Centro,CLI-089,Recurrente (bajo volumen / alta frecuencia),Línea Estándar,Estándar Mayoreo,264.85
2026-07,Centro,CLI-089,Recurrente (bajo volumen / alta frecuencia),Línea Estándar,Estándar Mayoreo,302.47
2025-01,Centro,CLI-089,Recurrente (bajo volumen / alta frecuencia),Línea Premium,Premium Hogar,389.57
2025-02,Centro,CLI-089,Recurrente (bajo volumen / alta frecuencia),Línea Premium,Premium Hogar,383.21
2025-04,Centro,CLI-089,Recurrente (bajo volumen / alta frecuencia),Línea Premium,Premium Hogar,345.3
2025-05,Centro,CLI-089,Recurrente (bajo volumen / alta frecuencia),Línea Premium,Premium Hogar,346.87
2025-07,Centro,CLI-089,Recurrente (bajo volumen / alta frecuencia),Línea Premium,Premium Hogar,386.51
2025-08,Centro,CLI-089,Recurrente (bajo volumen / alta frecuencia),Línea Premium,Premium Hogar,309.62
2025-09,Centro,CLI-089,Recurrente (bajo volumen / alta frecuencia),Línea Premium,Premium Hogar,370.26
2025-10,Centro,CLI-089,Recurrente (bajo volumen / alta frecuencia),Línea Premium,Premium Hogar,311.07
2025-11,Centro,CLI-089,Recurrente (bajo volumen / alta frecuencia),Línea Premium,Premium Hogar,357.38
2025-12,Centro,CLI-089,Recurrente (bajo volumen / alta frecuencia),Línea Premium,Premium Hogar,408.82
2026-02,Centro,CLI-089,Recurrente (bajo volumen / alta frecuencia),Línea Premium,Premium Hogar,364.48
2026-03,Centro,CLI-089,Recurrente (bajo volumen / alta frecuencia),Línea Premium,Premium Hogar,334.25
2026-04,Centro,CLI-089,Recurrente (bajo volumen / alta frecuencia),Línea Premium,Premium Hogar,330.69
2026-05,Centro,CLI-089,Recurrente (bajo volumen / alta frecuencia),Línea Premium,Premium Hogar,379.19
2026-06,Centro,CLI-089,Recurrente (bajo volumen / alta frecuencia),Línea Premium,Premium Hogar,328.42
2025-06,Sureste,CLI-090,Esporádico (bajo volumen / baja frecuencia),Línea Económica,Económica Promocional,153.83
2025-12,Sureste,CLI-090,Esporádico (bajo volumen / baja frecuencia),Línea Económica,Económica Promocional,131.24
2026-07,Sureste,CLI-090,Esporádico (bajo volumen / baja frecuencia),Línea Económica,Económica Promocional,107.52
2025-06,Sureste,CLI-090,Esporádico (bajo volumen / baja frecuencia),Línea Económica,Económica Básica,135.23
2025-07,Sureste,CLI-090,Esporádico (bajo volumen / baja frecuencia),Línea Económica,Económica Básica,137.71
2025-01,Sureste,CLI-090,Esporádico (bajo volumen / baja frecuencia),Línea Premium,Premium Exportación,335.93
2025-02,Sureste,CLI-090,Esporádico (bajo volumen / baja frecuencia),Línea Premium,Premium Exportación,289.82
2025-10,Sureste,CLI-090,Esporádico (bajo volumen / baja frecuencia),Línea Premium,Premium Exportación,350.42
2025-01,Centro,CLI-091,Recurrente (bajo volumen / alta frecuencia),Servicios postventa,Soporte y Mantenimiento,119.24
2025-02,Centro,CLI-091,Recurrente (bajo volumen / alta frecuencia),Servicios postventa,Soporte y Mantenimiento,139.69
2025-03,Centro,CLI-091,Recurrente (bajo volumen / alta frecuencia),Servicios postventa,Soporte y Mantenimiento,123.97
2025-04,Centro,CLI-091,Recurrente (bajo volumen / alta frecuencia),Servicios postventa,Soporte y Mantenimiento,128.97
2025-05,Centro,CLI-091,Recurrente (bajo volumen / alta frecuencia),Servicios postventa,Soporte y Mantenimiento,156.51
2025-06,Centro,CLI-091,Recurrente (bajo volumen / alta frecuencia),Servicios postventa,Soporte y Mantenimiento,151.64
2025-07,Centro,CLI-091,Recurrente (bajo volumen / alta frecuencia),Servicios postventa,Soporte y Mantenimiento,152.59
2025-10,Centro,CLI-091,Recurrente (bajo volumen / alta frecuencia),Servicios postventa,Soporte y Mantenimiento,173.51
2025-12,Centro,CLI-091,Recurrente (bajo volumen / alta frecuencia),Servicios postventa,Soporte y Mantenimiento,156.86
2026-01,Centro,CLI-091,Recurrente (bajo volumen / alta frecuencia),Servicios postventa,Soporte y Mantenimiento,167.68
2026-02,Centro,CLI-091,Recurrente (bajo volumen / alta frecuencia),Servicios postventa,Soporte y Mantenimiento,178.99
2026-03,Centro,CLI-091,Recurrente (bajo volumen / alta frecuencia),Servicios postventa,Soporte y Mantenimiento,162.97
2026-04,Centro,CLI-091,Recurrente (bajo volumen / alta frecuencia),Servicios postventa,Soporte y Mantenimiento,174.35
2026-05,Centro,CLI-091,Recurrente (bajo volumen / alta frecuencia),Servicios postventa,Soporte y Mantenimiento,172.67
2026-06,Centro,CLI-091,Recurrente (bajo volumen / alta frecuencia),Servicios postventa,Soporte y Mantenimiento,179.8
2026-07,Centro,CLI-091,Recurrente (bajo volumen / alta frecuencia),Servicios postventa,Soporte y Mantenimiento,235.66
2026-08,Centro,CLI-091,Recurrente (bajo volumen / alta frecuencia),Servicios postventa,Soporte y Mantenimiento,200.9
2025-01,Centro,CLI-091,Recurrente (bajo volumen / alta frecuencia),Línea Premium,Premium Hogar,503.71
2025-02,Centro,CLI-091,Recurrente (bajo volumen / alta frecuencia),Línea Premium,Premium Hogar,388.78
2025-03,Centro,CLI-091,Recurrente (bajo volumen / alta frecuencia),Línea Premium,Premium Hogar,483.47
2025-04,Centro,CLI-091,Recurrente (bajo volumen / alta frecuencia),Línea Premium,Premium Hogar,465.5
2025-06,Centro,CLI-091,Recurrente (bajo volumen / alta frecuencia),Línea Premium,Premium Hogar,528.53
2025-07,Centro,CLI-091,Recurrente (bajo volumen / alta frecuencia),Línea Premium,Premium Hogar,487.91
2025-09,Centro,CLI-091,Recurrente (bajo volumen / alta frecuencia),Línea Premium,Premium Hogar,440.55
2025-10,Centro,CLI-091,Recurrente (bajo volumen / alta frecuencia),Línea Premium,Premium Hogar,562.85
2025-11,Centro,CLI-091,Recurrente (bajo volumen / alta frecuencia),Línea Premium,Premium Hogar,614.7
2025-12,Centro,CLI-091,Recurrente (bajo volumen / alta frecuencia),Línea Premium,Premium Hogar,556.3
2026-01,Centro,CLI-091,Recurrente (bajo volumen / alta frecuencia),Línea Premium,Premium Hogar,559.57
2026-06,Centro,CLI-091,Recurrente (bajo volumen / alta frecuencia),Línea Premium,Premium Hogar,565.2
2026-07,Centro,CLI-091,Recurrente (bajo volumen / alta frecuencia),Línea Premium,Premium Hogar,604.81
2026-08,Centro,CLI-091,Recurrente (bajo volumen / alta frecuencia),Línea Premium,Premium Hogar,608.77
2025-01,Centro,CLI-091,Recurrente (bajo volumen / alta frecuencia),Línea Económica,Económica Básica,279.08
2025-03,Centro,CLI-091,Recurrente (bajo volumen / alta frecuencia),Línea Económica,Económica Básica,256.92
2025-04,Centro,CLI-091,Recurrente (bajo volumen / alta frecuencia),Línea Económica,Económica Básica,209.64
2025-05,Centro,CLI-091,Recurrente (bajo volumen / alta frecuencia),Línea Económica,Económica Básica,236.95
2025-06,Centro,CLI-091,Recurrente (bajo volumen / alta frecuencia),Línea Económica,Económica Básica,250.17
2025-07,Centro,CLI-091,Recurrente (bajo volumen / alta frecuencia),Línea Económica,Económica Básica,270.77
2025-08,Centro,CLI-091,Recurrente (bajo volumen / alta frecuencia),Línea Económica,Económica Básica,251.36
2025-10,Centro,CLI-091,Recurrente (bajo volumen / alta frecuencia),Línea Económica,Económica Básica,261.54
2025-12,Centro,CLI-091,Recurrente (bajo volumen / alta frecuencia),Línea Económica,Económica Básica,252.64
2026-01,Centro,CLI-091,Recurrente (bajo volumen / alta frecuencia),Línea Económica,Económica Básica,234.23
2026-03,Centro,CLI-091,Recurrente (bajo volumen / alta frecuencia),Línea Económica,Económica Básica,248.56
2026-04,Centro,CLI-091,Recurrente (bajo volumen / alta frecuencia),Línea Económica,Económica Básica,258.15
2026-05,Centro,CLI-091,Recurrente (bajo volumen / alta frecuencia),Línea Económica,Económica Básica,237.74
2026-06,Centro,CLI-091,Recurrente (bajo volumen / alta frecuencia),Línea Económica,Económica Básica,202.89
2026-08,Centro,CLI-091,Recurrente (bajo volumen / alta frecuencia),Línea Económica,Económica Básica,234.33
2025-01,Centro,CLI-091,Recurrente (bajo volumen / alta frecuencia),Línea Premium,Premium Oficina,476.45
2025-02,Centro,CLI-091,Recurrente (bajo volumen / alta frecuencia),Línea Premium,Premium Oficina,383.07
2025-03,Centro,CLI-091,Recurrente (bajo volumen / alta frecuencia),Línea Premium,Premium Oficina,414.46
2025-04,Centro,CLI-091,Recurrente (bajo volumen / alta frecuencia),Línea Premium,Premium Oficina,427.35
2025-06,Centro,CLI-091,Recurrente (bajo volumen / alta frecuencia),Línea Premium,Premium Oficina,477.32
2025-07,Centro,CLI-091,Recurrente (bajo volumen / alta frecuencia),Línea Premium,Premium Oficina,367.06
2025-08,Centro,CLI-091,Recurrente (bajo volumen / alta frecuencia),Línea Premium,Premium Oficina,338.29
2025-09,Centro,CLI-091,Recurrente (bajo volumen / alta frecuencia),Línea Premium,Premium Oficina,473.12
2025-10,Centro,CLI-091,Recurrente (bajo volumen / alta frecuencia),Línea Premium,Premium Oficina,460.44
2025-11,Centro,CLI-091,Recurrente (bajo volumen / alta frecuencia),Línea Premium,Premium Oficina,449.3
2026-01,Centro,CLI-091,Recurrente (bajo volumen / alta frecuencia),Línea Premium,Premium Oficina,475.85
2026-02,Centro,CLI-091,Recurrente (bajo volumen / alta frecuencia),Línea Premium,Premium Oficina,463.26
2026-04,Centro,CLI-091,Recurrente (bajo volumen / alta frecuencia),Línea Premium,Premium Oficina,512.69
2026-06,Centro,CLI-091,Recurrente (bajo volumen / alta frecuencia),Línea Premium,Premium Oficina,447.84
2026-07,Centro,CLI-091,Recurrente (bajo volumen / alta frecuencia),Línea Premium,Premium Oficina,470.45
2026-08,Centro,CLI-091,Recurrente (bajo volumen / alta frecuencia),Línea Premium,Premium Oficina,381.4
2025-01,Norte,CLI-092,Esporádico (bajo volumen / baja frecuencia),Línea Premium,Premium Exportación,259.2
2025-11,Norte,CLI-092,Esporádico (bajo volumen / baja frecuencia),Línea Premium,Premium Exportación,350.42
2026-04,Norte,CLI-092,Esporádico (bajo volumen / baja frecuencia),Línea Premium,Premium Exportación,312.35
2026-08,Norte,CLI-092,Esporádico (bajo volumen / baja frecuencia),Línea Premium,Premium Exportación,225.55
2025-11,Norte,CLI-092,Esporádico (bajo volumen / baja frecuencia),Línea Premium,Premium Oficina,227.27
2025-05,Norte,CLI-093,Esporádico (bajo volumen / baja frecuencia),Línea Premium,Premium Oficina,235.42
2025-08,Norte,CLI-093,Esporádico (bajo volumen / baja frecuencia),Línea Premium,Premium Oficina,229.27
2025-09,Norte,CLI-093,Esporádico (bajo volumen / baja frecuencia),Línea Premium,Premium Oficina,258.16
2025-01,Norte,CLI-094,Esporádico (bajo volumen / baja frecuencia),Línea Económica,Económica Básica,206.46
2025-12,Norte,CLI-094,Esporádico (bajo volumen / baja frecuencia),Línea Económica,Económica Básica,228.79
2026-08,Norte,CLI-094,Esporádico (bajo volumen / baja frecuencia),Línea Económica,Económica Básica,204.79
2026-08,Centro,CLI-095,Esporádico (bajo volumen / baja frecuencia),Línea Económica,Económica Básica,252.62
2025-01,Sureste,CLI-096,Recurrente (bajo volumen / alta frecuencia),Línea Premium,Premium Exportación,578.17
2025-02,Sureste,CLI-096,Recurrente (bajo volumen / alta frecuencia),Línea Premium,Premium Exportación,373.0
2025-03,Sureste,CLI-096,Recurrente (bajo volumen / alta frecuencia),Línea Premium,Premium Exportación,648.13
2025-04,Sureste,CLI-096,Recurrente (bajo volumen / alta frecuencia),Línea Premium,Premium Exportación,528.78
2025-05,Sureste,CLI-096,Recurrente (bajo volumen / alta frecuencia),Línea Premium,Premium Exportación,566.38
2025-07,Sureste,CLI-096,Recurrente (bajo volumen / alta frecuencia),Línea Premium,Premium Exportación,620.29
2025-08,Sureste,CLI-096,Recurrente (bajo volumen / alta frecuencia),Línea Premium,Premium Exportación,614.86
2025-09,Sureste,CLI-096,Recurrente (bajo volumen / alta frecuencia),Línea Premium,Premium Exportación,720.73
2025-10,Sureste,CLI-096,Recurrente (bajo volumen / alta frecuencia),Línea Premium,Premium Exportación,607.2
2025-11,Sureste,CLI-096,Recurrente (bajo volumen / alta frecuencia),Línea Premium,Premium Exportación,770.32
2025-12,Sureste,CLI-096,Recurrente (bajo volumen / alta frecuencia),Línea Premium,Premium Exportación,401.02
2026-01,Sureste,CLI-096,Recurrente (bajo volumen / alta frecuencia),Línea Premium,Premium Exportación,534.62
2026-03,Sureste,CLI-096,Recurrente (bajo volumen / alta frecuencia),Línea Premium,Premium Exportación,709.78
2026-06,Sureste,CLI-096,Recurrente (bajo volumen / alta frecuencia),Línea Premium,Premium Exportación,695.3
2026-07,Sureste,CLI-096,Recurrente (bajo volumen / alta frecuencia),Línea Premium,Premium Exportación,673.94
2025-01,Sureste,CLI-096,Recurrente (bajo volumen / alta frecuencia),Línea Premium,Premium Hogar,519.83
2025-02,Sureste,CLI-096,Recurrente (bajo volumen / alta frecuencia),Línea Premium,Premium Hogar,544.89
2025-04,Sureste,CLI-096,Recurrente (bajo volumen / alta frecuencia),Línea Premium,Premium Hogar,445.2
2025-05,Sureste,CLI-096,Recurrente (bajo volumen / alta frecuencia),Línea Premium,Premium Hogar,601.22
2025-07,Sureste,CLI-096,Recurrente (bajo volumen / alta frecuencia),Línea Premium,Premium Hogar,474.45
2025-08,Sureste,CLI-096,Recurrente (bajo volumen / alta frecuencia),Línea Premium,Premium Hogar,476.17
2025-09,Sureste,CLI-096,Recurrente (bajo volumen / alta frecuencia),Línea Premium,Premium Hogar,417.07
2025-10,Sureste,CLI-096,Recurrente (bajo volumen / alta frecuencia),Línea Premium,Premium Hogar,490.03
2025-11,Sureste,CLI-096,Recurrente (bajo volumen / alta frecuencia),Línea Premium,Premium Hogar,658.0
2025-12,Sureste,CLI-096,Recurrente (bajo volumen / alta frecuencia),Línea Premium,Premium Hogar,582.87
2026-02,Sureste,CLI-096,Recurrente (bajo volumen / alta frecuencia),Línea Premium,Premium Hogar,577.44
2026-03,Sureste,CLI-096,Recurrente (bajo volumen / alta frecuencia),Línea Premium,Premium Hogar,505.09
2026-04,Sureste,CLI-096,Recurrente (bajo volumen / alta frecuencia),Línea Premium,Premium Hogar,617.96
2026-05,Sureste,CLI-096,Recurrente (bajo volumen / alta frecuencia),Línea Premium,Premium Hogar,570.57
2026-06,Sureste,CLI-096,Recurrente (bajo volumen / alta frecuencia),Línea Premium,Premium Hogar,604.33
2026-07,Sureste,CLI-096,Recurrente (bajo volumen / alta frecuencia),Línea Premium,Premium Hogar,559.45
2025-01,Sureste,CLI-096,Recurrente (bajo volumen / alta frecuencia),Línea Económica,Económica Promocional,231.02
2025-02,Sureste,CLI-096,Recurrente (bajo volumen / alta frecuencia),Línea Económica,Económica Promocional,175.6
2025-03,Sureste,CLI-096,Recurrente (bajo volumen / alta frecuencia),Línea Económica,Económica Promocional,216.59
2025-05,Sureste,CLI-096,Recurrente (bajo volumen / alta frecuencia),Línea Económica,Económica Promocional,258.98
2025-07,Sureste,CLI-096,Recurrente (bajo volumen / alta frecuencia),Línea Económica,Económica Promocional,230.74
2025-08,Sureste,CLI-096,Recurrente (bajo volumen / alta frecuencia),Línea Económica,Económica Promocional,183.62
2025-09,Sureste,CLI-096,Recurrente (bajo volumen / alta frecuencia),Línea Económica,Económica Promocional,187.19
2025-10,Sureste,CLI-096,Recurrente (bajo volumen / alta frecuencia),Línea Económica,Económica Promocional,248.8
2025-12,Sureste,CLI-096,Recurrente (bajo volumen / alta frecuencia),Línea Económica,Económica Promocional,227.19
2026-01,Sureste,CLI-096,Recurrente (bajo volumen / alta frecuencia),Línea Económica,Económica Promocional,216.5
2026-02,Sureste,CLI-096,Recurrente (bajo volumen / alta frecuencia),Línea Económica,Económica Promocional,202.2
2026-04,Sureste,CLI-096,Recurrente (bajo volumen / alta frecuencia),Línea Económica,Económica Promocional,215.78
2026-05,Sureste,CLI-096,Recurrente (bajo volumen / alta frecuencia),Línea Económica,Económica Promocional,184.35
2026-06,Sureste,CLI-096,Recurrente (bajo volumen / alta frecuencia),Línea Económica,Económica Promocional,154.77
2026-08,Sureste,CLI-096,Recurrente (bajo volumen / alta frecuencia),Línea Económica,Económica Promocional,238.93
2025-01,Sureste,CLI-096,Recurrente (bajo volumen / alta frecuencia),Línea Estándar,Estándar Retail,393.04
2025-02,Sureste,CLI-096,Recurrente (bajo volumen / alta frecuencia),Línea Estándar,Estándar Retail,402.69
2025-04,Sureste,CLI-096,Recurrente (bajo volumen / alta frecuencia),Línea Estándar,Estándar Retail,339.2
2025-05,Sureste,CLI-096,Recurrente (bajo volumen / alta frecuencia),Línea Estándar,Estándar Retail,331.4
2025-06,Sureste,CLI-096,Recurrente (bajo volumen / alta frecuencia),Línea Estándar,Estándar Retail,470.06
2025-07,Sureste,CLI-096,Recurrente (bajo volumen / alta frecuencia),Línea Estándar,Estándar Retail,419.35
2025-08,Sureste,CLI-096,Recurrente (bajo volumen / alta frecuencia),Línea Estándar,Estándar Retail,386.55
2025-09,Sureste,CLI-096,Recurrente (bajo volumen / alta frecuencia),Línea Estándar,Estándar Retail,493.6
2025-10,Sureste,CLI-096,Recurrente (bajo volumen / alta frecuencia),Línea Estándar,Estándar Retail,389.6
2025-12,Sureste,CLI-096,Recurrente (bajo volumen / alta frecuencia),Línea Estándar,Estándar Retail,337.99
2026-01,Sureste,CLI-096,Recurrente (bajo volumen / alta frecuencia),Línea Estándar,Estándar Retail,339.88
2026-02,Sureste,CLI-096,Recurrente (bajo volumen / alta frecuencia),Línea Estándar,Estándar Retail,401.64
2026-03,Sureste,CLI-096,Recurrente (bajo volumen / alta frecuencia),Línea Estándar,Estándar Retail,364.51
2026-04,Sureste,CLI-096,Recurrente (bajo volumen / alta frecuencia),Línea Estándar,Estándar Retail,326.88
2026-06,Sureste,CLI-096,Recurrente (bajo volumen / alta frecuencia),Línea Estándar,Estándar Retail,324.72
2026-08,Sureste,CLI-096,Recurrente (bajo volumen / alta frecuencia),Línea Estándar,Estándar Retail,327.54
2025-01,Sureste,CLI-096,Recurrente (bajo volumen / alta frecuencia),Servicios postventa,Soporte y Mantenimiento,96.72
2025-02,Sureste,CLI-096,Recurrente (bajo volumen / alta frecuencia),Servicios postventa,Soporte y Mantenimiento,147.57
2025-04,Sureste,CLI-096,Recurrente (bajo volumen / alta frecuencia),Servicios postventa,Soporte y Mantenimiento,148.46
2025-05,Sureste,CLI-096,Recurrente (bajo volumen / alta frecuencia),Servicios postventa,Soporte y Mantenimiento,154.01
2025-06,Sureste,CLI-096,Recurrente (bajo volumen / alta frecuencia),Servicios postventa,Soporte y Mantenimiento,167.8
2025-07,Sureste,CLI-096,Recurrente (bajo volumen / alta frecuencia),Servicios postventa,Soporte y Mantenimiento,177.56
2025-08,Sureste,CLI-096,Recurrente (bajo volumen / alta frecuencia),Servicios postventa,Soporte y Mantenimiento,182.68
2025-09,Sureste,CLI-096,Recurrente (bajo volumen / alta frecuencia),Servicios postventa,Soporte y Mantenimiento,159.52
2025-10,Sureste,CLI-096,Recurrente (bajo volumen / alta frecuencia),Servicios postventa,Soporte y Mantenimiento,167.01
2025-11,Sureste,CLI-096,Recurrente (bajo volumen / alta frecuencia),Servicios postventa,Soporte y Mantenimiento,181.15
2025-12,Sureste,CLI-096,Recurrente (bajo volumen / alta frecuencia),Servicios postventa,Soporte y Mantenimiento,162.93
2026-01,Sureste,CLI-096,Recurrente (bajo volumen / alta frecuencia),Servicios postventa,Soporte y Mantenimiento,121.91
2026-02,Sureste,CLI-096,Recurrente (bajo volumen / alta frecuencia),Servicios postventa,Soporte y Mantenimiento,175.1
2026-03,Sureste,CLI-096,Recurrente (bajo volumen / alta frecuencia),Servicios postventa,Soporte y Mantenimiento,192.98
2026-04,Sureste,CLI-096,Recurrente (bajo volumen / alta frecuencia),Servicios postventa,Soporte y Mantenimiento,194.77
2026-06,Sureste,CLI-096,Recurrente (bajo volumen / alta frecuencia),Servicios postventa,Soporte y Mantenimiento,188.13
2026-07,Sureste,CLI-096,Recurrente (bajo volumen / alta frecuencia),Servicios postventa,Soporte y Mantenimiento,218.18
2026-08,Sureste,CLI-096,Recurrente (bajo volumen / alta frecuencia),Servicios postventa,Soporte y Mantenimiento,215.13
2025-02,Sureste,CLI-096,Recurrente (bajo volumen / alta frecuencia),Línea Premium,Premium Oficina,438.78
2025-04,Sureste,CLI-096,Recurrente (bajo volumen / alta frecuencia),Línea Premium,Premium Oficina,453.59
2025-07,Sureste,CLI-096,Recurrente (bajo volumen / alta frecuencia),Línea Premium,Premium Oficina,353.01
2025-10,Sureste,CLI-096,Recurrente (bajo volumen / alta frecuencia),Línea Premium,Premium Oficina,507.98
2025-11,Sureste,CLI-096,Recurrente (bajo volumen / alta frecuencia),Línea Premium,Premium Oficina,450.04
2025-12,Sureste,CLI-096,Recurrente (bajo volumen / alta frecuencia),Línea Premium,Premium Oficina,433.6
2026-01,Sureste,CLI-096,Recurrente (bajo volumen / alta frecuencia),Línea Premium,Premium Oficina,519.43
2026-03,Sureste,CLI-096,Recurrente (bajo volumen / alta frecuencia),Línea Premium,Premium Oficina,596.24
2026-04,Sureste,CLI-096,Recurrente (bajo volumen / alta frecuencia),Línea Premium,Premium Oficina,551.29
2026-05,Sureste,CLI-096,Recurrente (bajo volumen / alta frecuencia),Línea Premium,Premium Oficina,520.89
2026-06,Sureste,CLI-096,Recurrente (bajo volumen / alta frecuencia),Línea Premium,Premium Oficina,632.57
2026-07,Sureste,CLI-096,Recurrente (bajo volumen / alta frecuencia),Línea Premium,Premium Oficina,510.68
2026-08,Sureste,CLI-096,Recurrente (bajo volumen / alta frecuencia),Línea Premium,Premium Oficina,598.04
2025-01,Norte,CLI-097,Recurrente (bajo volumen / alta frecuencia),Servicios postventa,Soporte y Mantenimiento,153.38
2025-02,Norte,CLI-097,Recurrente (bajo volumen / alta frecuencia),Servicios postventa,Soporte y Mantenimiento,134.91
2025-03,Norte,CLI-097,Recurrente (bajo volumen / alta frecuencia),Servicios postventa,Soporte y Mantenimiento,121.5
2025-04,Norte,CLI-097,Recurrente (bajo volumen / alta frecuencia),Servicios postventa,Soporte y Mantenimiento,113.12
2025-05,Norte,CLI-097,Recurrente (bajo volumen / alta frecuencia),Servicios postventa,Soporte y Mantenimiento,109.3
2025-06,Norte,CLI-097,Recurrente (bajo volumen / alta frecuencia),Servicios postventa,Soporte y Mantenimiento,139.22
2025-07,Norte,CLI-097,Recurrente (bajo volumen / alta frecuencia),Servicios postventa,Soporte y Mantenimiento,138.22
2025-09,Norte,CLI-097,Recurrente (bajo volumen / alta frecuencia),Servicios postventa,Soporte y Mantenimiento,122.64
2025-10,Norte,CLI-097,Recurrente (bajo volumen / alta frecuencia),Servicios postventa,Soporte y Mantenimiento,133.53
2025-11,Norte,CLI-097,Recurrente (bajo volumen / alta frecuencia),Servicios postventa,Soporte y Mantenimiento,126.32
2025-12,Norte,CLI-097,Recurrente (bajo volumen / alta frecuencia),Servicios postventa,Soporte y Mantenimiento,154.79
2026-01,Norte,CLI-097,Recurrente (bajo volumen / alta frecuencia),Servicios postventa,Soporte y Mantenimiento,168.67
2026-03,Norte,CLI-097,Recurrente (bajo volumen / alta frecuencia),Servicios postventa,Soporte y Mantenimiento,165.91
2026-04,Norte,CLI-097,Recurrente (bajo volumen / alta frecuencia),Servicios postventa,Soporte y Mantenimiento,130.51
2026-05,Norte,CLI-097,Recurrente (bajo volumen / alta frecuencia),Servicios postventa,Soporte y Mantenimiento,127.87
2026-07,Norte,CLI-097,Recurrente (bajo volumen / alta frecuencia),Servicios postventa,Soporte y Mantenimiento,161.59
2026-08,Norte,CLI-097,Recurrente (bajo volumen / alta frecuencia),Servicios postventa,Soporte y Mantenimiento,171.89
2025-01,Norte,CLI-097,Recurrente (bajo volumen / alta frecuencia),Línea Premium,Premium Hogar,457.45
2025-03,Norte,CLI-097,Recurrente (bajo volumen / alta frecuencia),Línea Premium,Premium Hogar,503.26
2025-05,Norte,CLI-097,Recurrente (bajo volumen / alta frecuencia),Línea Premium,Premium Hogar,502.25
2025-06,Norte,CLI-097,Recurrente (bajo volumen / alta frecuencia),Línea Premium,Premium Hogar,414.67
2025-07,Norte,CLI-097,Recurrente (bajo volumen / alta frecuencia),Línea Premium,Premium Hogar,552.5
2025-08,Norte,CLI-097,Recurrente (bajo volumen / alta frecuencia),Línea Premium,Premium Hogar,410.74
2025-11,Norte,CLI-097,Recurrente (bajo volumen / alta frecuencia),Línea Premium,Premium Hogar,499.25
2026-01,Norte,CLI-097,Recurrente (bajo volumen / alta frecuencia),Línea Premium,Premium Hogar,565.15
2026-03,Norte,CLI-097,Recurrente (bajo volumen / alta frecuencia),Línea Premium,Premium Hogar,494.46
2026-04,Norte,CLI-097,Recurrente (bajo volumen / alta frecuencia),Línea Premium,Premium Hogar,552.59
2026-05,Norte,CLI-097,Recurrente (bajo volumen / alta frecuencia),Línea Premium,Premium Hogar,502.35
2026-06,Norte,CLI-097,Recurrente (bajo volumen / alta frecuencia),Línea Premium,Premium Hogar,456.97
2025-02,Norte,CLI-097,Recurrente (bajo volumen / alta frecuencia),Línea Estándar,Estándar Retail,364.98
2025-03,Norte,CLI-097,Recurrente (bajo volumen / alta frecuencia),Línea Estándar,Estándar Retail,305.69
2025-04,Norte,CLI-097,Recurrente (bajo volumen / alta frecuencia),Línea Estándar,Estándar Retail,256.42
2025-05,Norte,CLI-097,Recurrente (bajo volumen / alta frecuencia),Línea Estándar,Estándar Retail,368.83
2025-06,Norte,CLI-097,Recurrente (bajo volumen / alta frecuencia),Línea Estándar,Estándar Retail,421.87
2025-07,Norte,CLI-097,Recurrente (bajo volumen / alta frecuencia),Línea Estándar,Estándar Retail,355.37
2025-09,Norte,CLI-097,Recurrente (bajo volumen / alta frecuencia),Línea Estándar,Estándar Retail,335.51
2025-10,Norte,CLI-097,Recurrente (bajo volumen / alta frecuencia),Línea Estándar,Estándar Retail,310.45
2025-11,Norte,CLI-097,Recurrente (bajo volumen / alta frecuencia),Línea Estándar,Estándar Retail,383.55
2025-12,Norte,CLI-097,Recurrente (bajo volumen / alta frecuencia),Línea Estándar,Estándar Retail,404.86
2026-02,Norte,CLI-097,Recurrente (bajo volumen / alta frecuencia),Línea Estándar,Estándar Retail,459.68
2026-03,Norte,CLI-097,Recurrente (bajo volumen / alta frecuencia),Línea Estándar,Estándar Retail,455.38
2026-04,Norte,CLI-097,Recurrente (bajo volumen / alta frecuencia),Línea Estándar,Estándar Retail,415.26
2026-05,Norte,CLI-097,Recurrente (bajo volumen / alta frecuencia),Línea Estándar,Estándar Retail,406.31
2026-06,Norte,CLI-097,Recurrente (bajo volumen / alta frecuencia),Línea Estándar,Estándar Retail,400.58
2026-07,Norte,CLI-097,Recurrente (bajo volumen / alta frecuencia),Línea Estándar,Estándar Retail,403.02
2026-08,Norte,CLI-097,Recurrente (bajo volumen / alta frecuencia),Línea Estándar,Estándar Retail,404.36
2025-01,Norte,CLI-097,Recurrente (bajo volumen / alta frecuencia),Línea Estándar,Estándar Mayoreo,394.01
2025-02,Norte,CLI-097,Recurrente (bajo volumen / alta frecuencia),Línea Estándar,Estándar Mayoreo,511.42
2025-03,Norte,CLI-097,Recurrente (bajo volumen / alta frecuencia),Línea Estándar,Estándar Mayoreo,426.73
2025-04,Norte,CLI-097,Recurrente (bajo volumen / alta frecuencia),Línea Estándar,Estándar Mayoreo,374.28
2025-05,Norte,CLI-097,Recurrente (bajo volumen / alta frecuencia),Línea Estándar,Estándar Mayoreo,442.86
2025-06,Norte,CLI-097,Recurrente (bajo volumen / alta frecuencia),Línea Estándar,Estándar Mayoreo,378.6
2025-07,Norte,CLI-097,Recurrente (bajo volumen / alta frecuencia),Línea Estándar,Estándar Mayoreo,398.0
2025-08,Norte,CLI-097,Recurrente (bajo volumen / alta frecuencia),Línea Estándar,Estándar Mayoreo,352.63
2025-10,Norte,CLI-097,Recurrente (bajo volumen / alta frecuencia),Línea Estándar,Estándar Mayoreo,332.77
2025-11,Norte,CLI-097,Recurrente (bajo volumen / alta frecuencia),Línea Estándar,Estándar Mayoreo,356.23
2025-12,Norte,CLI-097,Recurrente (bajo volumen / alta frecuencia),Línea Estándar,Estándar Mayoreo,329.23
2026-01,Norte,CLI-097,Recurrente (bajo volumen / alta frecuencia),Línea Estándar,Estándar Mayoreo,483.84
2026-03,Norte,CLI-097,Recurrente (bajo volumen / alta frecuencia),Línea Estándar,Estándar Mayoreo,339.46
2026-04,Norte,CLI-097,Recurrente (bajo volumen / alta frecuencia),Línea Estándar,Estándar Mayoreo,341.04
2026-05,Norte,CLI-097,Recurrente (bajo volumen / alta frecuencia),Línea Estándar,Estándar Mayoreo,431.1
2026-06,Norte,CLI-097,Recurrente (bajo volumen / alta frecuencia),Línea Estándar,Estándar Mayoreo,368.86
2026-07,Norte,CLI-097,Recurrente (bajo volumen / alta frecuencia),Línea Estándar,Estándar Mayoreo,372.23
2026-08,Norte,CLI-097,Recurrente (bajo volumen / alta frecuencia),Línea Estándar,Estándar Mayoreo,213.56
2025-02,Norte,CLI-098,Esporádico (bajo volumen / baja frecuencia),Línea Estándar,Estándar Mayoreo,309.81
2025-11,Norte,CLI-098,Esporádico (bajo volumen / baja frecuencia),Línea Estándar,Estándar Mayoreo,393.58
2025-12,Norte,CLI-098,Esporádico (bajo volumen / baja frecuencia),Línea Estándar,Estándar Mayoreo,390.58
2026-02,Norte,CLI-098,Esporádico (bajo volumen / baja frecuencia),Línea Estándar,Estándar Mayoreo,398.74
2026-03,Norte,CLI-098,Esporádico (bajo volumen / baja frecuencia),Línea Estándar,Estándar Mayoreo,403.79
2026-04,Norte,CLI-098,Esporádico (bajo volumen / baja frecuencia),Línea Estándar,Estándar Mayoreo,386.61
2026-05,Norte,CLI-098,Esporádico (bajo volumen / baja frecuencia),Línea Estándar,Estándar Mayoreo,438.16
2026-08,Norte,CLI-098,Esporádico (bajo volumen / baja frecuencia),Línea Estándar,Estándar Mayoreo,271.58
2025-07,Norte,CLI-098,Esporádico (bajo volumen / baja frecuencia),Línea Económica,Económica Promocional,167.74
2025-11,Norte,CLI-098,Esporádico (bajo volumen / baja frecuencia),Línea Económica,Económica Promocional,222.11
2026-07,Norte,CLI-098,Esporádico (bajo volumen / baja frecuencia),Línea Económica,Económica Promocional,224.87
2025-01,Occidente,CLI-099,Recurrente (bajo volumen / alta frecuencia),Línea Estándar,Estándar Mayoreo,323.27
2025-02,Occidente,CLI-099,Recurrente (bajo volumen / alta frecuencia),Línea Estándar,Estándar Mayoreo,411.79
2025-03,Occidente,CLI-099,Recurrente (bajo volumen / alta frecuencia),Línea Estándar,Estándar Mayoreo,369.41
2025-04,Occidente,CLI-099,Recurrente (bajo volumen / alta frecuencia),Línea Estándar,Estándar Mayoreo,389.41
2025-05,Occidente,CLI-099,Recurrente (bajo volumen / alta frecuencia),Línea Estándar,Estándar Mayoreo,394.15
2025-06,Occidente,CLI-099,Recurrente (bajo volumen / alta frecuencia),Línea Estándar,Estándar Mayoreo,374.63
2025-08,Occidente,CLI-099,Recurrente (bajo volumen / alta frecuencia),Línea Estándar,Estándar Mayoreo,428.72
2025-09,Occidente,CLI-099,Recurrente (bajo volumen / alta frecuencia),Línea Estándar,Estándar Mayoreo,390.38
2025-11,Occidente,CLI-099,Recurrente (bajo volumen / alta frecuencia),Línea Estándar,Estándar Mayoreo,425.04
2025-12,Occidente,CLI-099,Recurrente (bajo volumen / alta frecuencia),Línea Estándar,Estándar Mayoreo,426.44
2026-01,Occidente,CLI-099,Recurrente (bajo volumen / alta frecuencia),Línea Estándar,Estándar Mayoreo,353.93
2026-03,Occidente,CLI-099,Recurrente (bajo volumen / alta frecuencia),Línea Estándar,Estándar Mayoreo,422.04
2026-04,Occidente,CLI-099,Recurrente (bajo volumen / alta frecuencia),Línea Estándar,Estándar Mayoreo,331.46
2026-05,Occidente,CLI-099,Recurrente (bajo volumen / alta frecuencia),Línea Estándar,Estándar Mayoreo,430.29
2026-07,Occidente,CLI-099,Recurrente (bajo volumen / alta frecuencia),Línea Estándar,Estándar Mayoreo,385.8
2025-03,Occidente,CLI-099,Recurrente (bajo volumen / alta frecuencia),Línea Premium,Premium Oficina,445.44
2025-04,Occidente,CLI-099,Recurrente (bajo volumen / alta frecuencia),Línea Premium,Premium Oficina,399.51
2025-05,Occidente,CLI-099,Recurrente (bajo volumen / alta frecuencia),Línea Premium,Premium Oficina,471.01
2025-07,Occidente,CLI-099,Recurrente (bajo volumen / alta frecuencia),Línea Premium,Premium Oficina,432.28
2025-08,Occidente,CLI-099,Recurrente (bajo volumen / alta frecuencia),Línea Premium,Premium Oficina,500.99
2025-09,Occidente,CLI-099,Recurrente (bajo volumen / alta frecuencia),Línea Premium,Premium Oficina,322.16
2025-10,Occidente,CLI-099,Recurrente (bajo volumen / alta frecuencia),Línea Premium,Premium Oficina,440.66
2025-11,Occidente,CLI-099,Recurrente (bajo volumen / alta frecuencia),Línea Premium,Premium Oficina,449.05
2025-12,Occidente,CLI-099,Recurrente (bajo volumen / alta frecuencia),Línea Premium,Premium Oficina,337.2
2026-03,Occidente,CLI-099,Recurrente (bajo volumen / alta frecuencia),Línea Premium,Premium Oficina,357.32
2026-04,Occidente,CLI-099,Recurrente (bajo volumen / alta frecuencia),Línea Premium,Premium Oficina,437.49
2026-05,Occidente,CLI-099,Recurrente (bajo volumen / alta frecuencia),Línea Premium,Premium Oficina,396.57
2026-07,Occidente,CLI-099,Recurrente (bajo volumen / alta frecuencia),Línea Premium,Premium Oficina,427.31
2026-08,Occidente,CLI-099,Recurrente (bajo volumen / alta frecuencia),Línea Premium,Premium Oficina,386.27
2025-01,Occidente,CLI-099,Recurrente (bajo volumen / alta frecuencia),Línea Premium,Premium Hogar,383.09
2025-02,Occidente,CLI-099,Recurrente (bajo volumen / alta frecuencia),Línea Premium,Premium Hogar,414.63
2025-03,Occidente,CLI-099,Recurrente (bajo volumen / alta frecuencia),Línea Premium,Premium Hogar,438.95
2025-05,Occidente,CLI-099,Recurrente (bajo volumen / alta frecuencia),Línea Premium,Premium Hogar,484.89
2025-07,Occidente,CLI-099,Recurrente (bajo volumen / alta frecuencia),Línea Premium,Premium Hogar,418.68
2025-08,Occidente,CLI-099,Recurrente (bajo volumen / alta frecuencia),Línea Premium,Premium Hogar,396.98
2025-10,Occidente,CLI-099,Recurrente (bajo volumen / alta frecuencia),Línea Premium,Premium Hogar,492.1
2025-11,Occidente,CLI-099,Recurrente (bajo volumen / alta frecuencia),Línea Premium,Premium Hogar,465.76
2025-12,Occidente,CLI-099,Recurrente (bajo volumen / alta frecuencia),Línea Premium,Premium Hogar,448.42
2026-01,Occidente,CLI-099,Recurrente (bajo volumen / alta frecuencia),Línea Premium,Premium Hogar,490.32
2026-02,Occidente,CLI-099,Recurrente (bajo volumen / alta frecuencia),Línea Premium,Premium Hogar,527.94
2026-03,Occidente,CLI-099,Recurrente (bajo volumen / alta frecuencia),Línea Premium,Premium Hogar,511.35
2026-05,Occidente,CLI-099,Recurrente (bajo volumen / alta frecuencia),Línea Premium,Premium Hogar,547.82
2026-07,Occidente,CLI-099,Recurrente (bajo volumen / alta frecuencia),Línea Premium,Premium Hogar,435.05
2025-01,Occidente,CLI-099,Recurrente (bajo volumen / alta frecuencia),Línea Económica,Económica Promocional,195.15
2025-03,Occidente,CLI-099,Recurrente (bajo volumen / alta frecuencia),Línea Económica,Económica Promocional,205.62
2025-04,Occidente,CLI-099,Recurrente (bajo volumen / alta frecuencia),Línea Económica,Económica Promocional,259.37
2025-07,Occidente,CLI-099,Recurrente (bajo volumen / alta frecuencia),Línea Económica,Económica Promocional,247.67
2025-08,Occidente,CLI-099,Recurrente (bajo volumen / alta frecuencia),Línea Económica,Económica Promocional,158.38
2025-10,Occidente,CLI-099,Recurrente (bajo volumen / alta frecuencia),Línea Económica,Económica Promocional,184.48
2025-11,Occidente,CLI-099,Recurrente (bajo volumen / alta frecuencia),Línea Económica,Económica Promocional,212.45
2025-12,Occidente,CLI-099,Recurrente (bajo volumen / alta frecuencia),Línea Económica,Económica Promocional,184.86
2026-03,Occidente,CLI-099,Recurrente (bajo volumen / alta frecuencia),Línea Económica,Económica Promocional,201.33
2026-04,Occidente,CLI-099,Recurrente (bajo volumen / alta frecuencia),Línea Económica,Económica Promocional,205.11
2026-05,Occidente,CLI-099,Recurrente (bajo volumen / alta frecuencia),Línea Económica,Económica Promocional,211.84
2026-06,Occidente,CLI-099,Recurrente (bajo volumen / alta frecuencia),Línea Económica,Económica Promocional,160.28
2026-07,Occidente,CLI-099,Recurrente (bajo volumen / alta frecuencia),Línea Económica,Económica Promocional,162.0
2025-01,Occidente,CLI-099,Recurrente (bajo volumen / alta frecuencia),Línea Estándar,Estándar Retail,377.18
2025-02,Occidente,CLI-099,Recurrente (bajo volumen / alta frecuencia),Línea Estándar,Estándar Retail,290.53
2025-03,Occidente,CLI-099,Recurrente (bajo volumen / alta frecuencia),Línea Estándar,Estándar Retail,307.68
2025-05,Occidente,CLI-099,Recurrente (bajo volumen / alta frecuencia),Línea Estándar,Estándar Retail,282.38
2025-06,Occidente,CLI-099,Recurrente (bajo volumen / alta frecuencia),Línea Estándar,Estándar Retail,335.15
2025-07,Occidente,CLI-099,Recurrente (bajo volumen / alta frecuencia),Línea Estándar,Estándar Retail,355.55
2025-08,Occidente,CLI-099,Recurrente (bajo volumen / alta frecuencia),Línea Estándar,Estándar Retail,306.42
2025-09,Occidente,CLI-099,Recurrente (bajo volumen / alta frecuencia),Línea Estándar,Estándar Retail,265.62
2025-11,Occidente,CLI-099,Recurrente (bajo volumen / alta frecuencia),Línea Estándar,Estándar Retail,399.53
2026-01,Occidente,CLI-099,Recurrente (bajo volumen / alta frecuencia),Línea Estándar,Estándar Retail,327.09
2026-02,Occidente,CLI-099,Recurrente (bajo volumen / alta frecuencia),Línea Estándar,Estándar Retail,310.7
2026-05,Occidente,CLI-099,Recurrente (bajo volumen / alta frecuencia),Línea Estándar,Estándar Retail,225.15
2026-06,Occidente,CLI-099,Recurrente (bajo volumen / alta frecuencia),Línea Estándar,Estándar Retail,313.78
2026-07,Occidente,CLI-099,Recurrente (bajo volumen / alta frecuencia),Línea Estándar,Estándar Retail,304.81
2026-08,Occidente,CLI-099,Recurrente (bajo volumen / alta frecuencia),Línea Estándar,Estándar Retail,338.51
2025-01,Occidente,CLI-099,Recurrente (bajo volumen / alta frecuencia),Servicios postventa,Soporte y Mantenimiento,128.66
2025-02,Occidente,CLI-099,Recurrente (bajo volumen / alta frecuencia),Servicios postventa,Soporte y Mantenimiento,114.4
2025-03,Occidente,CLI-099,Recurrente (bajo volumen / alta frecuencia),Servicios postventa,Soporte y Mantenimiento,104.72
2025-04,Occidente,CLI-099,Recurrente (bajo volumen / alta frecuencia),Servicios postventa,Soporte y Mantenimiento,147.8
2025-05,Occidente,CLI-099,Recurrente (bajo volumen / alta frecuencia),Servicios postventa,Soporte y Mantenimiento,138.3
2025-06,Occidente,CLI-099,Recurrente (bajo volumen / alta frecuencia),Servicios postventa,Soporte y Mantenimiento,99.13
2025-07,Occidente,CLI-099,Recurrente (bajo volumen / alta frecuencia),Servicios postventa,Soporte y Mantenimiento,128.55
2025-09,Occidente,CLI-099,Recurrente (bajo volumen / alta frecuencia),Servicios postventa,Soporte y Mantenimiento,140.59
2025-10,Occidente,CLI-099,Recurrente (bajo volumen / alta frecuencia),Servicios postventa,Soporte y Mantenimiento,150.87
2025-11,Occidente,CLI-099,Recurrente (bajo volumen / alta frecuencia),Servicios postventa,Soporte y Mantenimiento,138.41
2025-12,Occidente,CLI-099,Recurrente (bajo volumen / alta frecuencia),Servicios postventa,Soporte y Mantenimiento,135.35
2026-01,Occidente,CLI-099,Recurrente (bajo volumen / alta frecuencia),Servicios postventa,Soporte y Mantenimiento,130.38
2026-02,Occidente,CLI-099,Recurrente (bajo volumen / alta frecuencia),Servicios postventa,Soporte y Mantenimiento,166.97
2026-03,Occidente,CLI-099,Recurrente (bajo volumen / alta frecuencia),Servicios postventa,Soporte y Mantenimiento,142.76
2026-04,Occidente,CLI-099,Recurrente (bajo volumen / alta frecuencia),Servicios postventa,Soporte y Mantenimiento,149.75
2026-05,Occidente,CLI-099,Recurrente (bajo volumen / alta frecuencia),Servicios postventa,Soporte y Mantenimiento,164.4
2026-06,Occidente,CLI-099,Recurrente (bajo volumen / alta frecuencia),Servicios postventa,Soporte y Mantenimiento,159.06
2026-07,Occidente,CLI-099,Recurrente (bajo volumen / alta frecuencia),Servicios postventa,Soporte y Mantenimiento,164.33
2026-08,Occidente,CLI-099,Recurrente (bajo volumen / alta frecuencia),Servicios postventa,Soporte y Mantenimiento,127.9
2025-01,Norte,CLI-100,Recurrente (bajo volumen / alta frecuencia),Línea Económica,Económica Promocional,203.38
2025-02,Norte,CLI-100,Recurrente (bajo volumen / alta frecuencia),Línea Económica,Económica Promocional,181.91
2025-03,Norte,CLI-100,Recurrente (bajo volumen / alta frecuencia),Línea Económica,Económica Promocional,238.54
2025-04,Norte,CLI-100,Recurrente (bajo volumen / alta frecuencia),Línea Económica,Económica Promocional,173.73
2025-06,Norte,CLI-100,Recurrente (bajo volumen / alta frecuencia),Línea Económica,Económica Promocional,165.09
2025-09,Norte,CLI-100,Recurrente (bajo volumen / alta frecuencia),Línea Económica,Económica Promocional,198.6
2025-10,Norte,CLI-100,Recurrente (bajo volumen / alta frecuencia),Línea Económica,Económica Promocional,265.95
2025-11,Norte,CLI-100,Recurrente (bajo volumen / alta frecuencia),Línea Económica,Económica Promocional,236.09
2025-12,Norte,CLI-100,Recurrente (bajo volumen / alta frecuencia),Línea Económica,Económica Promocional,197.62
2026-01,Norte,CLI-100,Recurrente (bajo volumen / alta frecuencia),Línea Económica,Económica Promocional,196.6
2026-02,Norte,CLI-100,Recurrente (bajo volumen / alta frecuencia),Línea Económica,Económica Promocional,168.63
2026-04,Norte,CLI-100,Recurrente (bajo volumen / alta frecuencia),Línea Económica,Económica Promocional,185.66
2026-06,Norte,CLI-100,Recurrente (bajo volumen / alta frecuencia),Línea Económica,Económica Promocional,155.14
2025-01,Norte,CLI-100,Recurrente (bajo volumen / alta frecuencia),Línea Económica,Económica Básica,230.75
2025-02,Norte,CLI-100,Recurrente (bajo volumen / alta frecuencia),Línea Económica,Económica Básica,258.44
2025-03,Norte,CLI-100,Recurrente (bajo volumen / alta frecuencia),Línea Económica,Económica Básica,239.57
2025-04,Norte,CLI-100,Recurrente (bajo volumen / alta frecuencia),Línea Económica,Económica Básica,163.26
2025-06,Norte,CLI-100,Recurrente (bajo volumen / alta frecuencia),Línea Económica,Económica Básica,229.57
2025-07,Norte,CLI-100,Recurrente (bajo volumen / alta frecuencia),Línea Económica,Económica Básica,215.82
2025-09,Norte,CLI-100,Recurrente (bajo volumen / alta frecuencia),Línea Económica,Económica Básica,219.67
2025-10,Norte,CLI-100,Recurrente (bajo volumen / alta frecuencia),Línea Económica,Económica Básica,168.1
2025-11,Norte,CLI-100,Recurrente (bajo volumen / alta frecuencia),Línea Económica,Económica Básica,252.25
2026-01,Norte,CLI-100,Recurrente (bajo volumen / alta frecuencia),Línea Económica,Económica Básica,267.66
2026-02,Norte,CLI-100,Recurrente (bajo volumen / alta frecuencia),Línea Económica,Económica Básica,207.86
2026-03,Norte,CLI-100,Recurrente (bajo volumen / alta frecuencia),Línea Económica,Económica Básica,161.83
2026-04,Norte,CLI-100,Recurrente (bajo volumen / alta frecuencia),Línea Económica,Económica Básica,159.87
2026-05,Norte,CLI-100,Recurrente (bajo volumen / alta frecuencia),Línea Económica,Económica Básica,209.69
2026-06,Norte,CLI-100,Recurrente (bajo volumen / alta frecuencia),Línea Económica,Económica Básica,169.51
2026-08,Norte,CLI-100,Recurrente (bajo volumen / alta frecuencia),Línea Económica,Económica Básica,239.38
2025-01,Norte,CLI-100,Recurrente (bajo volumen / alta frecuencia),Línea Estándar,Estándar Retail,406.34
2025-02,Norte,CLI-100,Recurrente (bajo volumen / alta frecuencia),Línea Estándar,Estándar Retail,382.46
2025-03,Norte,CLI-100,Recurrente (bajo volumen / alta frecuencia),Línea Estándar,Estándar Retail,272.03
2025-04,Norte,CLI-100,Recurrente (bajo volumen / alta frecuencia),Línea Estándar,Estándar Retail,268.0
2025-05,Norte,CLI-100,Recurrente (bajo volumen / alta frecuencia),Línea Estándar,Estándar Retail,360.66
2025-06,Norte,CLI-100,Recurrente (bajo volumen / alta frecuencia),Línea Estándar,Estándar Retail,310.03
2025-07,Norte,CLI-100,Recurrente (bajo volumen / alta frecuencia),Línea Estándar,Estándar Retail,353.44
2025-08,Norte,CLI-100,Recurrente (bajo volumen / alta frecuencia),Línea Estándar,Estándar Retail,360.41
2025-10,Norte,CLI-100,Recurrente (bajo volumen / alta frecuencia),Línea Estándar,Estándar Retail,338.24
2025-11,Norte,CLI-100,Recurrente (bajo volumen / alta frecuencia),Línea Estándar,Estándar Retail,341.84
2026-02,Norte,CLI-100,Recurrente (bajo volumen / alta frecuencia),Línea Estándar,Estándar Retail,324.03
2026-04,Norte,CLI-100,Recurrente (bajo volumen / alta frecuencia),Línea Estándar,Estándar Retail,356.35
2026-05,Norte,CLI-100,Recurrente (bajo volumen / alta frecuencia),Línea Estándar,Estándar Retail,301.26
2026-06,Norte,CLI-100,Recurrente (bajo volumen / alta frecuencia),Línea Estándar,Estándar Retail,279.31
2026-07,Norte,CLI-100,Recurrente (bajo volumen / alta frecuencia),Línea Estándar,Estándar Retail,306.65
2025-01,Norte,CLI-100,Recurrente (bajo volumen / alta frecuencia),Línea Premium,Premium Hogar,375.77
2025-02,Norte,CLI-100,Recurrente (bajo volumen / alta frecuencia),Línea Premium,Premium Hogar,460.44
2025-06,Norte,CLI-100,Recurrente (bajo volumen / alta frecuencia),Línea Premium,Premium Hogar,428.57
2025-07,Norte,CLI-100,Recurrente (bajo volumen / alta frecuencia),Línea Premium,Premium Hogar,453.25
2025-08,Norte,CLI-100,Recurrente (bajo volumen / alta frecuencia),Línea Premium,Premium Hogar,350.26
2025-09,Norte,CLI-100,Recurrente (bajo volumen / alta frecuencia),Línea Premium,Premium Hogar,448.17
2025-12,Norte,CLI-100,Recurrente (bajo volumen / alta frecuencia),Línea Premium,Premium Hogar,448.67
2026-01,Norte,CLI-100,Recurrente (bajo volumen / alta frecuencia),Línea Premium,Premium Hogar,587.87
2026-02,Norte,CLI-100,Recurrente (bajo volumen / alta frecuencia),Línea Premium,Premium Hogar,358.21
2026-06,Norte,CLI-100,Recurrente (bajo volumen / alta frecuencia),Línea Premium,Premium Hogar,506.44
2026-07,Norte,CLI-100,Recurrente (bajo volumen / alta frecuencia),Línea Premium,Premium Hogar,512.6
2026-08,Norte,CLI-100,Recurrente (bajo volumen / alta frecuencia),Línea Premium,Premium Hogar,552.34
2025-01,Norte,CLI-100,Recurrente (bajo volumen / alta frecuencia),Línea Premium,Premium Oficina,409.67
2025-02,Norte,CLI-100,Recurrente (bajo volumen / alta frecuencia),Línea Premium,Premium Oficina,376.47
2025-04,Norte,CLI-100,Recurrente (bajo volumen / alta frecuencia),Línea Premium,Premium Oficina,414.71
2025-05,Norte,CLI-100,Recurrente (bajo volumen / alta frecuencia),Línea Premium,Premium Oficina,451.34
2025-06,Norte,CLI-100,Recurrente (bajo volumen / alta frecuencia),Línea Premium,Premium Oficina,348.9
2025-09,Norte,CLI-100,Recurrente (bajo volumen / alta frecuencia),Línea Premium,Premium Oficina,417.62
2025-10,Norte,CLI-100,Recurrente (bajo volumen / alta frecuencia),Línea Premium,Premium Oficina,438.63
2025-11,Norte,CLI-100,Recurrente (bajo volumen / alta frecuencia),Línea Premium,Premium Oficina,410.55
2026-01,Norte,CLI-100,Recurrente (bajo volumen / alta frecuencia),Línea Premium,Premium Oficina,506.16
2026-04,Norte,CLI-100,Recurrente (bajo volumen / alta frecuencia),Línea Premium,Premium Oficina,527.77
2026-05,Norte,CLI-100,Recurrente (bajo volumen / alta frecuencia),Línea Premium,Premium Oficina,534.56
2026-06,Norte,CLI-100,Recurrente (bajo volumen / alta frecuencia),Línea Premium,Premium Oficina,355.59
2026-07,Norte,CLI-100,Recurrente (bajo volumen / alta frecuencia),Línea Premium,Premium Oficina,523.99
2025-01,Norte,CLI-100,Recurrente (bajo volumen / alta frecuencia),Línea Estándar,Estándar Mayoreo,411.49
2025-02,Norte,CLI-100,Recurrente (bajo volumen / alta frecuencia),Línea Estándar,Estándar Mayoreo,376.6
2025-03,Norte,CLI-100,Recurrente (bajo volumen / alta frecuencia),Línea Estándar,Estándar Mayoreo,410.56
2025-04,Norte,CLI-100,Recurrente (bajo volumen / alta frecuencia),Línea Estándar,Estándar Mayoreo,347.95
2025-05,Norte,CLI-100,Recurrente (bajo volumen / alta frecuencia),Línea Estándar,Estándar Mayoreo,465.38
2025-07,Norte,CLI-100,Recurrente (bajo volumen / alta frecuencia),Línea Estándar,Estándar Mayoreo,330.12
2025-10,Norte,CLI-100,Recurrente (bajo volumen / alta frecuencia),Línea Estándar,Estándar Mayoreo,377.28
2025-12,Norte,CLI-100,Recurrente (bajo volumen / alta frecuencia),Línea Estándar,Estándar Mayoreo,410.87
2026-01,Norte,CLI-100,Recurrente (bajo volumen / alta frecuencia),Línea Estándar,Estándar Mayoreo,433.89
2026-02,Norte,CLI-100,Recurrente (bajo volumen / alta frecuencia),Línea Estándar,Estándar Mayoreo,457.05
2026-03,Norte,CLI-100,Recurrente (bajo volumen / alta frecuencia),Línea Estándar,Estándar Mayoreo,366.41
2026-04,Norte,CLI-100,Recurrente (bajo volumen / alta frecuencia),Línea Estándar,Estándar Mayoreo,414.58
2026-05,Norte,CLI-100,Recurrente (bajo volumen / alta frecuencia),Línea Estándar,Estándar Mayoreo,424.79
2026-06,Norte,CLI-100,Recurrente (bajo volumen / alta frecuencia),Línea Estándar,Estándar Mayoreo,452.45
2026-08,Norte,CLI-100,Recurrente (bajo volumen / alta frecuencia),Línea Estándar,Estándar Mayoreo,284.44
2025-02,Occidente,CLI-101,Esporádico (bajo volumen / baja frecuencia),Línea Económica,Económica Básica,167.68
2025-09,Occidente,CLI-101,Esporádico (bajo volumen / baja frecuencia),Línea Económica,Económica Básica,159.37
2026-07,Occidente,CLI-101,Esporádico (bajo volumen / baja frecuencia),Línea Económica,Económica Básica,133.27
2025-01,Norte,CLI-102,Recurrente (bajo volumen / alta frecuencia),Línea Económica,Económica Básica,217.34
2025-02,Norte,CLI-102,Recurrente (bajo volumen / alta frecuencia),Línea Económica,Económica Básica,201.05
2025-03,Norte,CLI-102,Recurrente (bajo volumen / alta frecuencia),Línea Económica,Económica Básica,221.09
2025-04,Norte,CLI-102,Recurrente (bajo volumen / alta frecuencia),Línea Económica,Económica Básica,220.88
2025-05,Norte,CLI-102,Recurrente (bajo volumen / alta frecuencia),Línea Económica,Económica Básica,218.01
2025-06,Norte,CLI-102,Recurrente (bajo volumen / alta frecuencia),Línea Económica,Económica Básica,199.89
2025-07,Norte,CLI-102,Recurrente (bajo volumen / alta frecuencia),Línea Económica,Económica Básica,239.44
2025-08,Norte,CLI-102,Recurrente (bajo volumen / alta frecuencia),Línea Económica,Económica Básica,244.42
2025-09,Norte,CLI-102,Recurrente (bajo volumen / alta frecuencia),Línea Económica,Económica Básica,248.0
2025-10,Norte,CLI-102,Recurrente (bajo volumen / alta frecuencia),Línea Económica,Económica Básica,207.69
2025-11,Norte,CLI-102,Recurrente (bajo volumen / alta frecuencia),Línea Económica,Económica Básica,259.89
2025-12,Norte,CLI-102,Recurrente (bajo volumen / alta frecuencia),Línea Económica,Económica Básica,269.9
2026-01,Norte,CLI-102,Recurrente (bajo volumen / alta frecuencia),Línea Económica,Económica Básica,238.6
2026-02,Norte,CLI-102,Recurrente (bajo volumen / alta frecuencia),Línea Económica,Económica Básica,245.6
2026-03,Norte,CLI-102,Recurrente (bajo volumen / alta frecuencia),Línea Económica,Económica Básica,219.97
2026-04,Norte,CLI-102,Recurrente (bajo volumen / alta frecuencia),Línea Económica,Económica Básica,260.6
2026-05,Norte,CLI-102,Recurrente (bajo volumen / alta frecuencia),Línea Económica,Económica Básica,237.74
2026-06,Norte,CLI-102,Recurrente (bajo volumen / alta frecuencia),Línea Económica,Económica Básica,285.92
2026-07,Norte,CLI-102,Recurrente (bajo volumen / alta frecuencia),Línea Económica,Económica Básica,257.83
2026-08,Norte,CLI-102,Recurrente (bajo volumen / alta frecuencia),Línea Económica,Económica Básica,258.88
2025-01,Norte,CLI-102,Recurrente (bajo volumen / alta frecuencia),Línea Económica,Económica Promocional,183.09
2025-05,Norte,CLI-102,Recurrente (bajo volumen / alta frecuencia),Línea Económica,Económica Promocional,184.1
2025-06,Norte,CLI-102,Recurrente (bajo volumen / alta frecuencia),Línea Económica,Económica Promocional,203.86
2025-08,Norte,CLI-102,Recurrente (bajo volumen / alta frecuencia),Línea Económica,Económica Promocional,157.14
2025-10,Norte,CLI-102,Recurrente (bajo volumen / alta frecuencia),Línea Económica,Económica Promocional,145.67
2025-11,Norte,CLI-102,Recurrente (bajo volumen / alta frecuencia),Línea Económica,Económica Promocional,169.41
2026-01,Norte,CLI-102,Recurrente (bajo volumen / alta frecuencia),Línea Económica,Económica Promocional,175.5
2026-02,Norte,CLI-102,Recurrente (bajo volumen / alta frecuencia),Línea Económica,Económica Promocional,143.5
2026-04,Norte,CLI-102,Recurrente (bajo volumen / alta frecuencia),Línea Económica,Económica Promocional,179.84
2026-05,Norte,CLI-102,Recurrente (bajo volumen / alta frecuencia),Línea Económica,Económica Promocional,196.14
2026-06,Norte,CLI-102,Recurrente (bajo volumen / alta frecuencia),Línea Económica,Económica Promocional,108.85
2026-07,Norte,CLI-102,Recurrente (bajo volumen / alta frecuencia),Línea Económica,Económica Promocional,117.05
2026-08,Norte,CLI-102,Recurrente (bajo volumen / alta frecuencia),Línea Económica,Económica Promocional,109.98
2025-01,Norte,CLI-102,Recurrente (bajo volumen / alta frecuencia),Línea Estándar,Estándar Retail,294.46
2025-02,Norte,CLI-102,Recurrente (bajo volumen / alta frecuencia),Línea Estándar,Estándar Retail,274.61
2025-03,Norte,CLI-102,Recurrente (bajo volumen / alta frecuencia),Línea Estándar,Estándar Retail,262.79
2025-05,Norte,CLI-102,Recurrente (bajo volumen / alta frecuencia),Línea Estándar,Estándar Retail,300.86
2025-06,Norte,CLI-102,Recurrente (bajo volumen / alta frecuencia),Línea Estándar,Estándar Retail,376.46
2025-07,Norte,CLI-102,Recurrente (bajo volumen / alta frecuencia),Línea Estándar,Estándar Retail,284.38
2025-08,Norte,CLI-102,Recurrente (bajo volumen / alta frecuencia),Línea Estándar,Estándar Retail,324.65
2025-09,Norte,CLI-102,Recurrente (bajo volumen / alta frecuencia),Línea Estándar,Estándar Retail,306.16
2025-11,Norte,CLI-102,Recurrente (bajo volumen / alta frecuencia),Línea Estándar,Estándar Retail,328.11
2025-12,Norte,CLI-102,Recurrente (bajo volumen / alta frecuencia),Línea Estándar,Estándar Retail,378.71
2026-01,Norte,CLI-102,Recurrente (bajo volumen / alta frecuencia),Línea Estándar,Estándar Retail,332.51
2026-02,Norte,CLI-102,Recurrente (bajo volumen / alta frecuencia),Línea Estándar,Estándar Retail,323.62
2026-03,Norte,CLI-102,Recurrente (bajo volumen / alta frecuencia),Línea Estándar,Estándar Retail,357.62
2026-04,Norte,CLI-102,Recurrente (bajo volumen / alta frecuencia),Línea Estándar,Estándar Retail,251.77
2026-05,Norte,CLI-102,Recurrente (bajo volumen / alta frecuencia),Línea Estándar,Estándar Retail,318.01
2026-06,Norte,CLI-102,Recurrente (bajo volumen / alta frecuencia),Línea Estándar,Estándar Retail,306.26
2026-07,Norte,CLI-102,Recurrente (bajo volumen / alta frecuencia),Línea Estándar,Estándar Retail,264.23
2026-08,Norte,CLI-102,Recurrente (bajo volumen / alta frecuencia),Línea Estándar,Estándar Retail,329.41
2025-01,Norte,CLI-102,Recurrente (bajo volumen / alta frecuencia),Línea Estándar,Estándar Mayoreo,352.58
2025-02,Norte,CLI-102,Recurrente (bajo volumen / alta frecuencia),Línea Estándar,Estándar Mayoreo,381.96
2025-03,Norte,CLI-102,Recurrente (bajo volumen / alta frecuencia),Línea Estándar,Estándar Mayoreo,418.32
2025-05,Norte,CLI-102,Recurrente (bajo volumen / alta frecuencia),Línea Estándar,Estándar Mayoreo,290.21
2025-07,Norte,CLI-102,Recurrente (bajo volumen / alta frecuencia),Línea Estándar,Estándar Mayoreo,506.04
2025-09,Norte,CLI-102,Recurrente (bajo volumen / alta frecuencia),Línea Estándar,Estándar Mayoreo,445.87
2025-11,Norte,CLI-102,Recurrente (bajo volumen / alta frecuencia),Línea Estándar,Estándar Mayoreo,397.64
2025-12,Norte,CLI-102,Recurrente (bajo volumen / alta frecuencia),Línea Estándar,Estándar Mayoreo,422.18
2026-01,Norte,CLI-102,Recurrente (bajo volumen / alta frecuencia),Línea Estándar,Estándar Mayoreo,362.7
2026-02,Norte,CLI-102,Recurrente (bajo volumen / alta frecuencia),Línea Estándar,Estándar Mayoreo,385.53
2026-03,Norte,CLI-102,Recurrente (bajo volumen / alta frecuencia),Línea Estándar,Estándar Mayoreo,381.65
2026-04,Norte,CLI-102,Recurrente (bajo volumen / alta frecuencia),Línea Estándar,Estándar Mayoreo,417.4
2026-05,Norte,CLI-102,Recurrente (bajo volumen / alta frecuencia),Línea Estándar,Estándar Mayoreo,352.08
2026-06,Norte,CLI-102,Recurrente (bajo volumen / alta frecuencia),Línea Estándar,Estándar Mayoreo,422.92
2026-07,Norte,CLI-102,Recurrente (bajo volumen / alta frecuencia),Línea Estándar,Estándar Mayoreo,413.38
2026-08,Norte,CLI-102,Recurrente (bajo volumen / alta frecuencia),Línea Estándar,Estándar Mayoreo,237.74
2025-01,Norte,CLI-102,Recurrente (bajo volumen / alta frecuencia),Servicios postventa,Soporte y Mantenimiento,103.59
2025-02,Norte,CLI-102,Recurrente (bajo volumen / alta frecuencia),Servicios postventa,Soporte y Mantenimiento,120.52
2025-03,Norte,CLI-102,Recurrente (bajo volumen / alta frecuencia),Servicios postventa,Soporte y Mantenimiento,120.87
2025-04,Norte,CLI-102,Recurrente (bajo volumen / alta frecuencia),Servicios postventa,Soporte y Mantenimiento,116.49
2025-05,Norte,CLI-102,Recurrente (bajo volumen / alta frecuencia),Servicios postventa,Soporte y Mantenimiento,91.6
2025-06,Norte,CLI-102,Recurrente (bajo volumen / alta frecuencia),Servicios postventa,Soporte y Mantenimiento,141.36
2025-07,Norte,CLI-102,Recurrente (bajo volumen / alta frecuencia),Servicios postventa,Soporte y Mantenimiento,106.97
2025-08,Norte,CLI-102,Recurrente (bajo volumen / alta frecuencia),Servicios postventa,Soporte y Mantenimiento,120.52
2025-10,Norte,CLI-102,Recurrente (bajo volumen / alta frecuencia),Servicios postventa,Soporte y Mantenimiento,131.3
2025-11,Norte,CLI-102,Recurrente (bajo volumen / alta frecuencia),Servicios postventa,Soporte y Mantenimiento,80.84
2025-12,Norte,CLI-102,Recurrente (bajo volumen / alta frecuencia),Servicios postventa,Soporte y Mantenimiento,139.33
2026-01,Norte,CLI-102,Recurrente (bajo volumen / alta frecuencia),Servicios postventa,Soporte y Mantenimiento,140.01
2026-02,Norte,CLI-102,Recurrente (bajo volumen / alta frecuencia),Servicios postventa,Soporte y Mantenimiento,111.48
2026-03,Norte,CLI-102,Recurrente (bajo volumen / alta frecuencia),Servicios postventa,Soporte y Mantenimiento,155.24
2026-04,Norte,CLI-102,Recurrente (bajo volumen / alta frecuencia),Servicios postventa,Soporte y Mantenimiento,149.04
2026-07,Norte,CLI-102,Recurrente (bajo volumen / alta frecuencia),Servicios postventa,Soporte y Mantenimiento,156.76
2026-08,Norte,CLI-102,Recurrente (bajo volumen / alta frecuencia),Servicios postventa,Soporte y Mantenimiento,153.58
2025-01,Norte,CLI-103,VIP (alto volumen / alta frecuencia),Línea Premium,Premium Exportación,1134.43
2025-02,Norte,CLI-103,VIP (alto volumen / alta frecuencia),Línea Premium,Premium Exportación,1230.92
2025-03,Norte,CLI-103,VIP (alto volumen / alta frecuencia),Línea Premium,Premium Exportación,1468.71
2025-04,Norte,CLI-103,VIP (alto volumen / alta frecuencia),Línea Premium,Premium Exportación,1452.37
2025-05,Norte,CLI-103,VIP (alto volumen / alta frecuencia),Línea Premium,Premium Exportación,1332.22
2025-06,Norte,CLI-103,VIP (alto volumen / alta frecuencia),Línea Premium,Premium Exportación,1376.71
2025-07,Norte,CLI-103,VIP (alto volumen / alta frecuencia),Línea Premium,Premium Exportación,1444.6
2025-08,Norte,CLI-103,VIP (alto volumen / alta frecuencia),Línea Premium,Premium Exportación,1485.52
2025-09,Norte,CLI-103,VIP (alto volumen / alta frecuencia),Línea Premium,Premium Exportación,1392.89
2025-10,Norte,CLI-103,VIP (alto volumen / alta frecuencia),Línea Premium,Premium Exportación,1329.23
2025-11,Norte,CLI-103,VIP (alto volumen / alta frecuencia),Línea Premium,Premium Exportación,1765.86
2025-12,Norte,CLI-103,VIP (alto volumen / alta frecuencia),Línea Premium,Premium Exportación,1279.84
2026-01,Norte,CLI-103,VIP (alto volumen / alta frecuencia),Línea Premium,Premium Exportación,1701.04
2026-02,Norte,CLI-103,VIP (alto volumen / alta frecuencia),Línea Premium,Premium Exportación,1614.37
2026-03,Norte,CLI-103,VIP (alto volumen / alta frecuencia),Línea Premium,Premium Exportación,1331.44
2026-04,Norte,CLI-103,VIP (alto volumen / alta frecuencia),Línea Premium,Premium Exportación,1255.53
2026-05,Norte,CLI-103,VIP (alto volumen / alta frecuencia),Línea Premium,Premium Exportación,1414.18
2026-06,Norte,CLI-103,VIP (alto volumen / alta frecuencia),Línea Premium,Premium Exportación,1369.54
2026-07,Norte,CLI-103,VIP (alto volumen / alta frecuencia),Línea Premium,Premium Exportación,1405.55
2026-08,Norte,CLI-103,VIP (alto volumen / alta frecuencia),Línea Premium,Premium Exportación,1627.59
2025-01,Norte,CLI-103,VIP (alto volumen / alta frecuencia),Línea Premium,Premium Hogar,1326.43
2025-02,Norte,CLI-103,VIP (alto volumen / alta frecuencia),Línea Premium,Premium Hogar,962.85
2025-03,Norte,CLI-103,VIP (alto volumen / alta frecuencia),Línea Premium,Premium Hogar,1066.65
2025-04,Norte,CLI-103,VIP (alto volumen / alta frecuencia),Línea Premium,Premium Hogar,1259.75
2025-05,Norte,CLI-103,VIP (alto volumen / alta frecuencia),Línea Premium,Premium Hogar,1292.2
2025-06,Norte,CLI-103,VIP (alto volumen / alta frecuencia),Línea Premium,Premium Hogar,1501.94
2025-07,Norte,CLI-103,VIP (alto volumen / alta frecuencia),Línea Premium,Premium Hogar,1271.56
2025-08,Norte,CLI-103,VIP (alto volumen / alta frecuencia),Línea Premium,Premium Hogar,1269.27
2025-09,Norte,CLI-103,VIP (alto volumen / alta frecuencia),Línea Premium,Premium Hogar,1142.11
2025-10,Norte,CLI-103,VIP (alto volumen / alta frecuencia),Línea Premium,Premium Hogar,1363.67
2025-11,Norte,CLI-103,VIP (alto volumen / alta frecuencia),Línea Premium,Premium Hogar,1319.96
2025-12,Norte,CLI-103,VIP (alto volumen / alta frecuencia),Línea Premium,Premium Hogar,1395.24
2026-02,Norte,CLI-103,VIP (alto volumen / alta frecuencia),Línea Premium,Premium Hogar,1363.59
2026-03,Norte,CLI-103,VIP (alto volumen / alta frecuencia),Línea Premium,Premium Hogar,1251.95
2026-05,Norte,CLI-103,VIP (alto volumen / alta frecuencia),Línea Premium,Premium Hogar,1141.04
2026-07,Norte,CLI-103,VIP (alto volumen / alta frecuencia),Línea Premium,Premium Hogar,1524.55
2026-08,Norte,CLI-103,VIP (alto volumen / alta frecuencia),Línea Premium,Premium Hogar,1188.45
2025-01,Norte,CLI-103,VIP (alto volumen / alta frecuencia),Línea Premium,Premium Oficina,980.0
2025-02,Norte,CLI-103,VIP (alto volumen / alta frecuencia),Línea Premium,Premium Oficina,890.77
2025-03,Norte,CLI-103,VIP (alto volumen / alta frecuencia),Línea Premium,Premium Oficina,928.47
2025-04,Norte,CLI-103,VIP (alto volumen / alta frecuencia),Línea Premium,Premium Oficina,1053.77
2025-05,Norte,CLI-103,VIP (alto volumen / alta frecuencia),Línea Premium,Premium Oficina,1072.38
2025-06,Norte,CLI-103,VIP (alto volumen / alta frecuencia),Línea Premium,Premium Oficina,1110.36
2025-08,Norte,CLI-103,VIP (alto volumen / alta frecuencia),Línea Premium,Premium Oficina,1125.06
2025-09,Norte,CLI-103,VIP (alto volumen / alta frecuencia),Línea Premium,Premium Oficina,1070.31
2025-10,Norte,CLI-103,VIP (alto volumen / alta frecuencia),Línea Premium,Premium Oficina,969.55
2025-11,Norte,CLI-103,VIP (alto volumen / alta frecuencia),Línea Premium,Premium Oficina,1250.98
2025-12,Norte,CLI-103,VIP (alto volumen / alta frecuencia),Línea Premium,Premium Oficina,1067.67
2026-01,Norte,CLI-103,VIP (alto volumen / alta frecuencia),Línea Premium,Premium Oficina,1011.85
2026-02,Norte,CLI-103,VIP (alto volumen / alta frecuencia),Línea Premium,Premium Oficina,1090.62
2026-03,Norte,CLI-103,VIP (alto volumen / alta frecuencia),Línea Premium,Premium Oficina,1353.41
2026-04,Norte,CLI-103,VIP (alto volumen / alta frecuencia),Línea Premium,Premium Oficina,1434.96
2026-06,Norte,CLI-103,VIP (alto volumen / alta frecuencia),Línea Premium,Premium Oficina,1363.89
2026-07,Norte,CLI-103,VIP (alto volumen / alta frecuencia),Línea Premium,Premium Oficina,1441.4
2026-08,Norte,CLI-103,VIP (alto volumen / alta frecuencia),Línea Premium,Premium Oficina,1259.51
2025-01,Norte,CLI-103,VIP (alto volumen / alta frecuencia),Línea Estándar,Estándar Retail,950.14
2025-02,Norte,CLI-103,VIP (alto volumen / alta frecuencia),Línea Estándar,Estándar Retail,768.06
2025-03,Norte,CLI-103,VIP (alto volumen / alta frecuencia),Línea Estándar,Estándar Retail,984.7
2025-04,Norte,CLI-103,VIP (alto volumen / alta frecuencia),Línea Estándar,Estándar Retail,726.31
2025-07,Norte,CLI-103,VIP (alto volumen / alta frecuencia),Línea Estándar,Estándar Retail,900.16
2025-08,Norte,CLI-103,VIP (alto volumen / alta frecuencia),Línea Estándar,Estándar Retail,778.5
2025-09,Norte,CLI-103,VIP (alto volumen / alta frecuencia),Línea Estándar,Estándar Retail,903.73
2025-10,Norte,CLI-103,VIP (alto volumen / alta frecuencia),Línea Estándar,Estándar Retail,946.95
2025-11,Norte,CLI-103,VIP (alto volumen / alta frecuencia),Línea Estándar,Estándar Retail,812.66
2025-12,Norte,CLI-103,VIP (alto volumen / alta frecuencia),Línea Estándar,Estándar Retail,826.68
2026-01,Norte,CLI-103,VIP (alto volumen / alta frecuencia),Línea Estándar,Estándar Retail,910.43
2026-04,Norte,CLI-103,VIP (alto volumen / alta frecuencia),Línea Estándar,Estándar Retail,901.56
2026-05,Norte,CLI-103,VIP (alto volumen / alta frecuencia),Línea Estándar,Estándar Retail,797.55
2026-06,Norte,CLI-103,VIP (alto volumen / alta frecuencia),Línea Estándar,Estándar Retail,936.8
2026-08,Norte,CLI-103,VIP (alto volumen / alta frecuencia),Línea Estándar,Estándar Retail,869.95
2025-01,Norte,CLI-103,VIP (alto volumen / alta frecuencia),Servicios postventa,Soporte y Mantenimiento,375.53
2025-02,Norte,CLI-103,VIP (alto volumen / alta frecuencia),Servicios postventa,Soporte y Mantenimiento,331.44
2025-03,Norte,CLI-103,VIP (alto volumen / alta frecuencia),Servicios postventa,Soporte y Mantenimiento,320.55
2025-04,Norte,CLI-103,VIP (alto volumen / alta frecuencia),Servicios postventa,Soporte y Mantenimiento,294.16
2025-05,Norte,CLI-103,VIP (alto volumen / alta frecuencia),Servicios postventa,Soporte y Mantenimiento,382.13
2025-07,Norte,CLI-103,VIP (alto volumen / alta frecuencia),Servicios postventa,Soporte y Mantenimiento,423.89
2025-08,Norte,CLI-103,VIP (alto volumen / alta frecuencia),Servicios postventa,Soporte y Mantenimiento,376.35
2025-09,Norte,CLI-103,VIP (alto volumen / alta frecuencia),Servicios postventa,Soporte y Mantenimiento,374.46
2025-10,Norte,CLI-103,VIP (alto volumen / alta frecuencia),Servicios postventa,Soporte y Mantenimiento,379.62
2025-11,Norte,CLI-103,VIP (alto volumen / alta frecuencia),Servicios postventa,Soporte y Mantenimiento,448.74
2025-12,Norte,CLI-103,VIP (alto volumen / alta frecuencia),Servicios postventa,Soporte y Mantenimiento,379.08
2026-01,Norte,CLI-103,VIP (alto volumen / alta frecuencia),Servicios postventa,Soporte y Mantenimiento,412.83
2026-03,Norte,CLI-103,VIP (alto volumen / alta frecuencia),Servicios postventa,Soporte y Mantenimiento,367.36
2026-06,Norte,CLI-103,VIP (alto volumen / alta frecuencia),Servicios postventa,Soporte y Mantenimiento,360.39
2026-07,Norte,CLI-103,VIP (alto volumen / alta frecuencia),Servicios postventa,Soporte y Mantenimiento,353.64
2026-08,Norte,CLI-103,VIP (alto volumen / alta frecuencia),Servicios postventa,Soporte y Mantenimiento,443.44
2025-01,Norte,CLI-103,VIP (alto volumen / alta frecuencia),Línea Estándar,Estándar Mayoreo,1234.69
2025-02,Norte,CLI-103,VIP (alto volumen / alta frecuencia),Línea Estándar,Estándar Mayoreo,1098.1
2025-03,Norte,CLI-103,VIP (alto volumen / alta frecuencia),Línea Estándar,Estándar Mayoreo,1128.1
2025-04,Norte,CLI-103,VIP (alto volumen / alta frecuencia),Línea Estándar,Estándar Mayoreo,1134.75
2025-05,Norte,CLI-103,VIP (alto volumen / alta frecuencia),Línea Estándar,Estándar Mayoreo,1136.92
2025-06,Norte,CLI-103,VIP (alto volumen / alta frecuencia),Línea Estándar,Estándar Mayoreo,876.11
2025-07,Norte,CLI-103,VIP (alto volumen / alta frecuencia),Línea Estándar,Estándar Mayoreo,1029.73
2025-08,Norte,CLI-103,VIP (alto volumen / alta frecuencia),Línea Estándar,Estándar Mayoreo,1003.94
2025-09,Norte,CLI-103,VIP (alto volumen / alta frecuencia),Línea Estándar,Estándar Mayoreo,805.6
2025-10,Norte,CLI-103,VIP (alto volumen / alta frecuencia),Línea Estándar,Estándar Mayoreo,799.17
2025-11,Norte,CLI-103,VIP (alto volumen / alta frecuencia),Línea Estándar,Estándar Mayoreo,1277.68
2025-12,Norte,CLI-103,VIP (alto volumen / alta frecuencia),Línea Estándar,Estándar Mayoreo,1221.59
2026-01,Norte,CLI-103,VIP (alto volumen / alta frecuencia),Línea Estándar,Estándar Mayoreo,1188.79
2026-02,Norte,CLI-103,VIP (alto volumen / alta frecuencia),Línea Estándar,Estándar Mayoreo,1122.22
2026-05,Norte,CLI-103,VIP (alto volumen / alta frecuencia),Línea Estándar,Estándar Mayoreo,1404.34
2026-06,Norte,CLI-103,VIP (alto volumen / alta frecuencia),Línea Estándar,Estándar Mayoreo,1186.59
2026-07,Norte,CLI-103,VIP (alto volumen / alta frecuencia),Línea Estándar,Estándar Mayoreo,1129.03
2026-08,Norte,CLI-103,VIP (alto volumen / alta frecuencia),Línea Estándar,Estándar Mayoreo,819.05
2025-01,Norte,CLI-103,VIP (alto volumen / alta frecuencia),Línea Económica,Económica Promocional,514.21
2025-03,Norte,CLI-103,VIP (alto volumen / alta frecuencia),Línea Económica,Económica Promocional,580.26
2025-04,Norte,CLI-103,VIP (alto volumen / alta frecuencia),Línea Económica,Económica Promocional,539.87
2025-05,Norte,CLI-103,VIP (alto volumen / alta frecuencia),Línea Económica,Económica Promocional,623.79
2025-06,Norte,CLI-103,VIP (alto volumen / alta frecuencia),Línea Económica,Económica Promocional,441.1
2025-07,Norte,CLI-103,VIP (alto volumen / alta frecuencia),Línea Económica,Económica Promocional,591.03
2025-08,Norte,CLI-103,VIP (alto volumen / alta frecuencia),Línea Económica,Económica Promocional,449.41
2025-09,Norte,CLI-103,VIP (alto volumen / alta frecuencia),Línea Económica,Económica Promocional,584.64
2025-10,Norte,CLI-103,VIP (alto volumen / alta frecuencia),Línea Económica,Económica Promocional,507.91
2025-11,Norte,CLI-103,VIP (alto volumen / alta frecuencia),Línea Económica,Económica Promocional,510.77
2025-12,Norte,CLI-103,VIP (alto volumen / alta frecuencia),Línea Económica,Económica Promocional,594.7
2026-01,Norte,CLI-103,VIP (alto volumen / alta frecuencia),Línea Económica,Económica Promocional,496.07
2026-02,Norte,CLI-103,VIP (alto volumen / alta frecuencia),Línea Económica,Económica Promocional,455.82
2026-03,Norte,CLI-103,VIP (alto volumen / alta frecuencia),Línea Económica,Económica Promocional,598.66
2026-04,Norte,CLI-103,VIP (alto volumen / alta frecuencia),Línea Económica,Económica Promocional,565.28
2026-05,Norte,CLI-103,VIP (alto volumen / alta frecuencia),Línea Económica,Económica Promocional,453.36
2026-06,Norte,CLI-103,VIP (alto volumen / alta frecuencia),Línea Económica,Económica Promocional,515.75
2026-08,Norte,CLI-103,VIP (alto volumen / alta frecuencia),Línea Económica,Económica Promocional,437.38
2025-01,Centro,CLI-104,Ocasional (alto volumen / baja frecuencia),Línea Estándar,Estándar Retail,975.88
2025-02,Centro,CLI-104,Ocasional (alto volumen / baja frecuencia),Línea Estándar,Estándar Retail,820.38
2025-04,Centro,CLI-104,Ocasional (alto volumen / baja frecuencia),Línea Estándar,Estándar Retail,654.37
2025-08,Centro,CLI-104,Ocasional (alto volumen / baja frecuencia),Línea Estándar,Estándar Retail,782.72
2025-09,Centro,CLI-104,Ocasional (alto volumen / baja frecuencia),Línea Estándar,Estándar Retail,855.21
2026-02,Centro,CLI-104,Ocasional (alto volumen / baja frecuencia),Línea Estándar,Estándar Retail,773.47
2025-04,Centro,CLI-104,Ocasional (alto volumen / baja frecuencia),Línea Premium,Premium Exportación,1139.22
2025-05,Centro,CLI-104,Ocasional (alto volumen / baja frecuencia),Línea Premium,Premium Exportación,978.47
2025-06,Centro,CLI-104,Ocasional (alto volumen / baja frecuencia),Línea Premium,Premium Exportación,999.27
2025-08,Centro,CLI-104,Ocasional (alto volumen / baja frecuencia),Línea Premium,Premium Exportación,1371.0
2025-11,Centro,CLI-104,Ocasional (alto volumen / baja frecuencia),Línea Premium,Premium Exportación,1225.21
2026-01,Centro,CLI-104,Ocasional (alto volumen / baja frecuencia),Línea Premium,Premium Exportación,1456.34
2026-02,Centro,CLI-104,Ocasional (alto volumen / baja frecuencia),Línea Premium,Premium Exportación,1495.44
2026-05,Centro,CLI-104,Ocasional (alto volumen / baja frecuencia),Línea Premium,Premium Exportación,1536.04
2025-01,Centro,CLI-104,Ocasional (alto volumen / baja frecuencia),Línea Económica,Económica Básica,507.06
2025-05,Centro,CLI-104,Ocasional (alto volumen / baja frecuencia),Línea Económica,Económica Básica,697.04
2025-08,Centro,CLI-104,Ocasional (alto volumen / baja frecuencia),Línea Económica,Económica Básica,593.76
2026-02,Centro,CLI-104,Ocasional (alto volumen / baja frecuencia),Línea Económica,Económica Básica,543.36
2026-05,Centro,CLI-104,Ocasional (alto volumen / baja frecuencia),Línea Económica,Económica Básica,783.88
2026-06,Centro,CLI-104,Ocasional (alto volumen / baja frecuencia),Línea Económica,Económica Básica,663.05
2025-01,Centro,CLI-104,Ocasional (alto volumen / baja frecuencia),Línea Estándar,Estándar Mayoreo,866.46
2025-03,Centro,CLI-104,Ocasional (alto volumen / baja frecuencia),Línea Estándar,Estándar Mayoreo,754.62
2025-04,Centro,CLI-104,Ocasional (alto volumen / baja frecuencia),Línea Estándar,Estándar Mayoreo,931.51
2025-09,Centro,CLI-104,Ocasional (alto volumen / baja frecuencia),Línea Estándar,Estándar Mayoreo,1071.36
2026-03,Centro,CLI-104,Ocasional (alto volumen / baja frecuencia),Línea Estándar,Estándar Mayoreo,999.64
2025-01,Bajío,CLI-105,Recurrente (bajo volumen / alta frecuencia),Línea Estándar,Estándar Mayoreo,375.52
2025-04,Bajío,CLI-105,Recurrente (bajo volumen / alta frecuencia),Línea Estándar,Estándar Mayoreo,414.46
2025-06,Bajío,CLI-105,Recurrente (bajo volumen / alta frecuencia),Línea Estándar,Estándar Mayoreo,366.08
2025-07,Bajío,CLI-105,Recurrente (bajo volumen / alta frecuencia),Línea Estándar,Estándar Mayoreo,422.33
2025-09,Bajío,CLI-105,Recurrente (bajo volumen / alta frecuencia),Línea Estándar,Estándar Mayoreo,368.85
2025-11,Bajío,CLI-105,Recurrente (bajo volumen / alta frecuencia),Línea Estándar,Estándar Mayoreo,318.38
2025-12,Bajío,CLI-105,Recurrente (bajo volumen / alta frecuencia),Línea Estándar,Estándar Mayoreo,298.27
2026-01,Bajío,CLI-105,Recurrente (bajo volumen / alta frecuencia),Línea Estándar,Estándar Mayoreo,373.04
2026-02,Bajío,CLI-105,Recurrente (bajo volumen / alta frecuencia),Línea Estándar,Estándar Mayoreo,383.7
2026-04,Bajío,CLI-105,Recurrente (bajo volumen / alta frecuencia),Línea Estándar,Estándar Mayoreo,454.59
2026-05,Bajío,CLI-105,Recurrente (bajo volumen / alta frecuencia),Línea Estándar,Estándar Mayoreo,365.38
2026-06,Bajío,CLI-105,Recurrente (bajo volumen / alta frecuencia),Línea Estándar,Estándar Mayoreo,386.6
2026-07,Bajío,CLI-105,Recurrente (bajo volumen / alta frecuencia),Línea Estándar,Estándar Mayoreo,362.43
2026-08,Bajío,CLI-105,Recurrente (bajo volumen / alta frecuencia),Línea Estándar,Estándar Mayoreo,228.41
2025-02,Bajío,CLI-105,Recurrente (bajo volumen / alta frecuencia),Servicios postventa,Soporte y Mantenimiento,124.89
2025-04,Bajío,CLI-105,Recurrente (bajo volumen / alta frecuencia),Servicios postventa,Soporte y Mantenimiento,142.7
2025-05,Bajío,CLI-105,Recurrente (bajo volumen / alta frecuencia),Servicios postventa,Soporte y Mantenimiento,114.7
2025-06,Bajío,CLI-105,Recurrente (bajo volumen / alta frecuencia),Servicios postventa,Soporte y Mantenimiento,100.74
2025-07,Bajío,CLI-105,Recurrente (bajo volumen / alta frecuencia),Servicios postventa,Soporte y Mantenimiento,96.45
2025-08,Bajío,CLI-105,Recurrente (bajo volumen / alta frecuencia),Servicios postventa,Soporte y Mantenimiento,133.44
2025-10,Bajío,CLI-105,Recurrente (bajo volumen / alta frecuencia),Servicios postventa,Soporte y Mantenimiento,120.55
2025-11,Bajío,CLI-105,Recurrente (bajo volumen / alta frecuencia),Servicios postventa,Soporte y Mantenimiento,118.92
2025-12,Bajío,CLI-105,Recurrente (bajo volumen / alta frecuencia),Servicios postventa,Soporte y Mantenimiento,122.98
2026-01,Bajío,CLI-105,Recurrente (bajo volumen / alta frecuencia),Servicios postventa,Soporte y Mantenimiento,125.91
2026-02,Bajío,CLI-105,Recurrente (bajo volumen / alta frecuencia),Servicios postventa,Soporte y Mantenimiento,134.27
2026-04,Bajío,CLI-105,Recurrente (bajo volumen / alta frecuencia),Servicios postventa,Soporte y Mantenimiento,135.08
2026-05,Bajío,CLI-105,Recurrente (bajo volumen / alta frecuencia),Servicios postventa,Soporte y Mantenimiento,161.56
2026-06,Bajío,CLI-105,Recurrente (bajo volumen / alta frecuencia),Servicios postventa,Soporte y Mantenimiento,152.27
2026-08,Bajío,CLI-105,Recurrente (bajo volumen / alta frecuencia),Servicios postventa,Soporte y Mantenimiento,171.44
2025-01,Bajío,CLI-105,Recurrente (bajo volumen / alta frecuencia),Línea Económica,Económica Básica,269.24
2025-02,Bajío,CLI-105,Recurrente (bajo volumen / alta frecuencia),Línea Económica,Económica Básica,206.63
2025-03,Bajío,CLI-105,Recurrente (bajo volumen / alta frecuencia),Línea Económica,Económica Básica,199.98
2025-04,Bajío,CLI-105,Recurrente (bajo volumen / alta frecuencia),Línea Económica,Económica Básica,222.37
2025-06,Bajío,CLI-105,Recurrente (bajo volumen / alta frecuencia),Línea Económica,Económica Básica,194.82
2025-08,Bajío,CLI-105,Recurrente (bajo volumen / alta frecuencia),Línea Económica,Económica Básica,253.28
2025-09,Bajío,CLI-105,Recurrente (bajo volumen / alta frecuencia),Línea Económica,Económica Básica,197.96
2025-12,Bajío,CLI-105,Recurrente (bajo volumen / alta frecuencia),Línea Económica,Económica Básica,201.27
2026-02,Bajío,CLI-105,Recurrente (bajo volumen / alta frecuencia),Línea Económica,Económica Básica,217.95
2026-03,Bajío,CLI-105,Recurrente (bajo volumen / alta frecuencia),Línea Económica,Económica Básica,200.2
2026-04,Bajío,CLI-105,Recurrente (bajo volumen / alta frecuencia),Línea Económica,Económica Básica,195.17
2026-05,Bajío,CLI-105,Recurrente (bajo volumen / alta frecuencia),Línea Económica,Económica Básica,172.64
2026-08,Bajío,CLI-105,Recurrente (bajo volumen / alta frecuencia),Línea Económica,Económica Básica,213.81
2025-01,Bajío,CLI-105,Recurrente (bajo volumen / alta frecuencia),Línea Premium,Premium Oficina,408.35
2025-02,Bajío,CLI-105,Recurrente (bajo volumen / alta frecuencia),Línea Premium,Premium Oficina,300.32
2025-04,Bajío,CLI-105,Recurrente (bajo volumen / alta frecuencia),Línea Premium,Premium Oficina,345.0
2025-06,Bajío,CLI-105,Recurrente (bajo volumen / alta frecuencia),Línea Premium,Premium Oficina,426.42
2025-07,Bajío,CLI-105,Recurrente (bajo volumen / alta frecuencia),Línea Premium,Premium Oficina,392.82
2025-08,Bajío,CLI-105,Recurrente (bajo volumen / alta frecuencia),Línea Premium,Premium Oficina,406.45
2025-09,Bajío,CLI-105,Recurrente (bajo volumen / alta frecuencia),Línea Premium,Premium Oficina,418.66
2025-10,Bajío,CLI-105,Recurrente (bajo volumen / alta frecuencia),Línea Premium,Premium Oficina,469.61
2025-12,Bajío,CLI-105,Recurrente (bajo volumen / alta frecuencia),Línea Premium,Premium Oficina,433.01
2026-02,Bajío,CLI-105,Recurrente (bajo volumen / alta frecuencia),Línea Premium,Premium Oficina,393.44
2026-05,Bajío,CLI-105,Recurrente (bajo volumen / alta frecuencia),Línea Premium,Premium Oficina,603.54
2026-06,Bajío,CLI-105,Recurrente (bajo volumen / alta frecuencia),Línea Premium,Premium Oficina,441.4
2026-07,Bajío,CLI-105,Recurrente (bajo volumen / alta frecuencia),Línea Premium,Premium Oficina,431.86
2026-08,Bajío,CLI-105,Recurrente (bajo volumen / alta frecuencia),Línea Premium,Premium Oficina,544.07
2025-03,Bajío,CLI-105,Recurrente (bajo volumen / alta frecuencia),Línea Premium,Premium Hogar,561.22
2025-04,Bajío,CLI-105,Recurrente (bajo volumen / alta frecuencia),Línea Premium,Premium Hogar,411.38
2025-05,Bajío,CLI-105,Recurrente (bajo volumen / alta frecuencia),Línea Premium,Premium Hogar,443.04
2025-06,Bajío,CLI-105,Recurrente (bajo volumen / alta frecuencia),Línea Premium,Premium Hogar,450.07
2025-07,Bajío,CLI-105,Recurrente (bajo volumen / alta frecuencia),Línea Premium,Premium Hogar,493.03
2025-08,Bajío,CLI-105,Recurrente (bajo volumen / alta frecuencia),Línea Premium,Premium Hogar,506.28
2025-09,Bajío,CLI-105,Recurrente (bajo volumen / alta frecuencia),Línea Premium,Premium Hogar,486.45
2025-11,Bajío,CLI-105,Recurrente (bajo volumen / alta frecuencia),Línea Premium,Premium Hogar,443.12
2026-01,Bajío,CLI-105,Recurrente (bajo volumen / alta frecuencia),Línea Premium,Premium Hogar,531.98
2026-04,Bajío,CLI-105,Recurrente (bajo volumen / alta frecuencia),Línea Premium,Premium Hogar,554.29
2026-05,Bajío,CLI-105,Recurrente (bajo volumen / alta frecuencia),Línea Premium,Premium Hogar,408.83
2026-06,Bajío,CLI-105,Recurrente (bajo volumen / alta frecuencia),Línea Premium,Premium Hogar,459.88
2026-07,Bajío,CLI-105,Recurrente (bajo volumen / alta frecuencia),Línea Premium,Premium Hogar,539.3
2026-08,Bajío,CLI-105,Recurrente (bajo volumen / alta frecuencia),Línea Premium,Premium Hogar,601.35
2025-01,Bajío,CLI-105,Recurrente (bajo volumen / alta frecuencia),Línea Estándar,Estándar Retail,380.5
2025-02,Bajío,CLI-105,Recurrente (bajo volumen / alta frecuencia),Línea Estándar,Estándar Retail,290.41
2025-03,Bajío,CLI-105,Recurrente (bajo volumen / alta frecuencia),Línea Estándar,Estándar Retail,299.68
2025-04,Bajío,CLI-105,Recurrente (bajo volumen / alta frecuencia),Línea Estándar,Estándar Retail,411.4
2025-05,Bajío,CLI-105,Recurrente (bajo volumen / alta frecuencia),Línea Estándar,Estándar Retail,354.32
2025-06,Bajío,CLI-105,Recurrente (bajo volumen / alta frecuencia),Línea Estándar,Estándar Retail,284.34
2025-07,Bajío,CLI-105,Recurrente (bajo volumen / alta frecuencia),Línea Estándar,Estándar Retail,299.33
2025-08,Bajío,CLI-105,Recurrente (bajo volumen / alta frecuencia),Línea Estándar,Estándar Retail,413.38
2025-09,Bajío,CLI-105,Recurrente (bajo volumen / alta frecuencia),Línea Estándar,Estándar Retail,381.77
2025-11,Bajío,CLI-105,Recurrente (bajo volumen / alta frecuencia),Línea Estándar,Estándar Retail,417.29
2025-12,Bajío,CLI-105,Recurrente (bajo volumen / alta frecuencia),Línea Estándar,Estándar Retail,389.37
2026-01,Bajío,CLI-105,Recurrente (bajo volumen / alta frecuencia),Línea Estándar,Estándar Retail,373.74
2026-02,Bajío,CLI-105,Recurrente (bajo volumen / alta frecuencia),Línea Estándar,Estándar Retail,377.22
2026-04,Bajío,CLI-105,Recurrente (bajo volumen / alta frecuencia),Línea Estándar,Estándar Retail,314.51
2026-06,Bajío,CLI-105,Recurrente (bajo volumen / alta frecuencia),Línea Estándar,Estándar Retail,354.52
2026-07,Bajío,CLI-105,Recurrente (bajo volumen / alta frecuencia),Línea Estándar,Estándar Retail,336.99
2026-08,Bajío,CLI-105,Recurrente (bajo volumen / alta frecuencia),Línea Estándar,Estándar Retail,303.61
2025-05,Centro,CLI-106,Ocasional (alto volumen / baja frecuencia),Servicios postventa,Soporte y Mantenimiento,277.79
2025-09,Centro,CLI-106,Ocasional (alto volumen / baja frecuencia),Servicios postventa,Soporte y Mantenimiento,296.24
2026-01,Centro,CLI-106,Ocasional (alto volumen / baja frecuencia),Servicios postventa,Soporte y Mantenimiento,401.73
2025-07,Centro,CLI-106,Ocasional (alto volumen / baja frecuencia),Línea Premium,Premium Oficina,855.36
2025-08,Centro,CLI-106,Ocasional (alto volumen / baja frecuencia),Línea Premium,Premium Oficina,861.86
2026-02,Centro,CLI-106,Ocasional (alto volumen / baja frecuencia),Línea Premium,Premium Oficina,982.67
2026-04,Centro,CLI-106,Ocasional (alto volumen / baja frecuencia),Línea Premium,Premium Oficina,1142.51
2026-05,Centro,CLI-106,Ocasional (alto volumen / baja frecuencia),Línea Premium,Premium Oficina,1012.77
2025-02,Centro,CLI-106,Ocasional (alto volumen / baja frecuencia),Línea Premium,Premium Hogar,906.76
2025-03,Centro,CLI-106,Ocasional (alto volumen / baja frecuencia),Línea Premium,Premium Hogar,989.46
2025-04,Centro,CLI-106,Ocasional (alto volumen / baja frecuencia),Línea Premium,Premium Hogar,1067.31
2025-05,Centro,CLI-106,Ocasional (alto volumen / baja frecuencia),Línea Premium,Premium Hogar,1123.86
2025-06,Centro,CLI-106,Ocasional (alto volumen / baja frecuencia),Línea Premium,Premium Hogar,1169.93
2026-07,Centro,CLI-106,Ocasional (alto volumen / baja frecuencia),Línea Premium,Premium Hogar,1003.0
2025-05,Centro,CLI-107,Esporádico (bajo volumen / baja frecuencia),Línea Premium,Premium Exportación,220.5
2026-04,Centro,CLI-107,Esporádico (bajo volumen / baja frecuencia),Línea Premium,Premium Exportación,233.95
2026-06,Centro,CLI-107,Esporádico (bajo volumen / baja frecuencia),Línea Premium,Premium Exportación,258.59
2025-01,Centro,CLI-108,Recurrente (bajo volumen / alta frecuencia),Línea Estándar,Estándar Mayoreo,495.96
2025-02,Centro,CLI-108,Recurrente (bajo volumen / alta frecuencia),Línea Estándar,Estándar Mayoreo,469.33
2025-03,Centro,CLI-108,Recurrente (bajo volumen / alta frecuencia),Línea Estándar,Estándar Mayoreo,466.34
2025-05,Centro,CLI-108,Recurrente (bajo volumen / alta frecuencia),Línea Estándar,Estándar Mayoreo,458.63
2025-06,Centro,CLI-108,Recurrente (bajo volumen / alta frecuencia),Línea Estándar,Estándar Mayoreo,490.12
2025-07,Centro,CLI-108,Recurrente (bajo volumen / alta frecuencia),Línea Estándar,Estándar Mayoreo,370.72
2025-08,Centro,CLI-108,Recurrente (bajo volumen / alta frecuencia),Línea Estándar,Estándar Mayoreo,506.53
2025-09,Centro,CLI-108,Recurrente (bajo volumen / alta frecuencia),Línea Estándar,Estándar Mayoreo,481.47
2025-10,Centro,CLI-108,Recurrente (bajo volumen / alta frecuencia),Línea Estándar,Estándar Mayoreo,530.54
2025-11,Centro,CLI-108,Recurrente (bajo volumen / alta frecuencia),Línea Estándar,Estándar Mayoreo,466.21
2025-12,Centro,CLI-108,Recurrente (bajo volumen / alta frecuencia),Línea Estándar,Estándar Mayoreo,453.4
2026-02,Centro,CLI-108,Recurrente (bajo volumen / alta frecuencia),Línea Estándar,Estándar Mayoreo,509.62
2026-03,Centro,CLI-108,Recurrente (bajo volumen / alta frecuencia),Línea Estándar,Estándar Mayoreo,483.65
2026-04,Centro,CLI-108,Recurrente (bajo volumen / alta frecuencia),Línea Estándar,Estándar Mayoreo,372.29
2026-05,Centro,CLI-108,Recurrente (bajo volumen / alta frecuencia),Línea Estándar,Estándar Mayoreo,450.33
2026-07,Centro,CLI-108,Recurrente (bajo volumen / alta frecuencia),Línea Estándar,Estándar Mayoreo,425.11
2026-08,Centro,CLI-108,Recurrente (bajo volumen / alta frecuencia),Línea Estándar,Estándar Mayoreo,313.53
2025-01,Centro,CLI-108,Recurrente (bajo volumen / alta frecuencia),Línea Premium,Premium Oficina,495.34
2025-02,Centro,CLI-108,Recurrente (bajo volumen / alta frecuencia),Línea Premium,Premium Oficina,458.19
2025-03,Centro,CLI-108,Recurrente (bajo volumen / alta frecuencia),Línea Premium,Premium Oficina,471.74
2025-04,Centro,CLI-108,Recurrente (bajo volumen / alta frecuencia),Línea Premium,Premium Oficina,391.13
2025-06,Centro,CLI-108,Recurrente (bajo volumen / alta frecuencia),Línea Premium,Premium Oficina,361.83
2025-07,Centro,CLI-108,Recurrente (bajo volumen / alta frecuencia),Línea Premium,Premium Oficina,409.44
2025-09,Centro,CLI-108,Recurrente (bajo volumen / alta frecuencia),Línea Premium,Premium Oficina,393.83
2025-11,Centro,CLI-108,Recurrente (bajo volumen / alta frecuencia),Línea Premium,Premium Oficina,531.16
2026-05,Centro,CLI-108,Recurrente (bajo volumen / alta frecuencia),Línea Premium,Premium Oficina,462.38
2026-06,Centro,CLI-108,Recurrente (bajo volumen / alta frecuencia),Línea Premium,Premium Oficina,345.53
2026-07,Centro,CLI-108,Recurrente (bajo volumen / alta frecuencia),Línea Premium,Premium Oficina,412.4
2026-08,Centro,CLI-108,Recurrente (bajo volumen / alta frecuencia),Línea Premium,Premium Oficina,451.6
2025-01,Centro,CLI-108,Recurrente (bajo volumen / alta frecuencia),Línea Económica,Económica Básica,298.02
2025-02,Centro,CLI-108,Recurrente (bajo volumen / alta frecuencia),Línea Económica,Económica Básica,280.54
2025-04,Centro,CLI-108,Recurrente (bajo volumen / alta frecuencia),Línea Económica,Económica Básica,256.73
2025-05,Centro,CLI-108,Recurrente (bajo volumen / alta frecuencia),Línea Económica,Económica Básica,279.19
2025-08,Centro,CLI-108,Recurrente (bajo volumen / alta frecuencia),Línea Económica,Económica Básica,262.44
2025-09,Centro,CLI-108,Recurrente (bajo volumen / alta frecuencia),Línea Económica,Económica Básica,288.2
2025-11,Centro,CLI-108,Recurrente (bajo volumen / alta frecuencia),Línea Económica,Económica Básica,238.34
2026-01,Centro,CLI-108,Recurrente (bajo volumen / alta frecuencia),Línea Económica,Económica Básica,288.94
2026-02,Centro,CLI-108,Recurrente (bajo volumen / alta frecuencia),Línea Económica,Económica Básica,229.45
2026-03,Centro,CLI-108,Recurrente (bajo volumen / alta frecuencia),Línea Económica,Económica Básica,216.39
2026-04,Centro,CLI-108,Recurrente (bajo volumen / alta frecuencia),Línea Económica,Económica Básica,205.35
2026-05,Centro,CLI-108,Recurrente (bajo volumen / alta frecuencia),Línea Económica,Económica Básica,246.64
2026-06,Centro,CLI-108,Recurrente (bajo volumen / alta frecuencia),Línea Económica,Económica Básica,255.22
2026-07,Centro,CLI-108,Recurrente (bajo volumen / alta frecuencia),Línea Económica,Económica Básica,227.61
2026-08,Centro,CLI-108,Recurrente (bajo volumen / alta frecuencia),Línea Económica,Económica Básica,246.22
2025-02,Centro,CLI-108,Recurrente (bajo volumen / alta frecuencia),Línea Estándar,Estándar Retail,424.33
2025-03,Centro,CLI-108,Recurrente (bajo volumen / alta frecuencia),Línea Estándar,Estándar Retail,363.7
2025-05,Centro,CLI-108,Recurrente (bajo volumen / alta frecuencia),Línea Estándar,Estándar Retail,442.88
2025-06,Centro,CLI-108,Recurrente (bajo volumen / alta frecuencia),Línea Estándar,Estándar Retail,352.55
2025-08,Centro,CLI-108,Recurrente (bajo volumen / alta frecuencia),Línea Estándar,Estándar Retail,382.56
2025-09,Centro,CLI-108,Recurrente (bajo volumen / alta frecuencia),Línea Estándar,Estándar Retail,303.89
2025-10,Centro,CLI-108,Recurrente (bajo volumen / alta frecuencia),Línea Estándar,Estándar Retail,405.51
2025-11,Centro,CLI-108,Recurrente (bajo volumen / alta frecuencia),Línea Estándar,Estándar Retail,384.0
2025-12,Centro,CLI-108,Recurrente (bajo volumen / alta frecuencia),Línea Estándar,Estándar Retail,377.73
2026-01,Centro,CLI-108,Recurrente (bajo volumen / alta frecuencia),Línea Estándar,Estándar Retail,444.2
2026-03,Centro,CLI-108,Recurrente (bajo volumen / alta frecuencia),Línea Estándar,Estándar Retail,422.98
2026-04,Centro,CLI-108,Recurrente (bajo volumen / alta frecuencia),Línea Estándar,Estándar Retail,359.43
2026-05,Centro,CLI-108,Recurrente (bajo volumen / alta frecuencia),Línea Estándar,Estándar Retail,399.74
2026-06,Centro,CLI-108,Recurrente (bajo volumen / alta frecuencia),Línea Estándar,Estándar Retail,371.55
2026-08,Centro,CLI-108,Recurrente (bajo volumen / alta frecuencia),Línea Estándar,Estándar Retail,485.14
2025-01,Centro,CLI-108,Recurrente (bajo volumen / alta frecuencia),Servicios postventa,Soporte y Mantenimiento,130.36
2025-06,Centro,CLI-108,Recurrente (bajo volumen / alta frecuencia),Servicios postventa,Soporte y Mantenimiento,142.55
2025-08,Centro,CLI-108,Recurrente (bajo volumen / alta frecuencia),Servicios postventa,Soporte y Mantenimiento,168.92
2025-10,Centro,CLI-108,Recurrente (bajo volumen / alta frecuencia),Servicios postventa,Soporte y Mantenimiento,221.93
2025-11,Centro,CLI-108,Recurrente (bajo volumen / alta frecuencia),Servicios postventa,Soporte y Mantenimiento,151.5
2026-01,Centro,CLI-108,Recurrente (bajo volumen / alta frecuencia),Servicios postventa,Soporte y Mantenimiento,164.95
2026-03,Centro,CLI-108,Recurrente (bajo volumen / alta frecuencia),Servicios postventa,Soporte y Mantenimiento,193.65
2026-04,Centro,CLI-108,Recurrente (bajo volumen / alta frecuencia),Servicios postventa,Soporte y Mantenimiento,197.7
2026-06,Centro,CLI-108,Recurrente (bajo volumen / alta frecuencia),Servicios postventa,Soporte y Mantenimiento,146.38
2026-07,Centro,CLI-108,Recurrente (bajo volumen / alta frecuencia),Servicios postventa,Soporte y Mantenimiento,163.94
2026-08,Centro,CLI-108,Recurrente (bajo volumen / alta frecuencia),Servicios postventa,Soporte y Mantenimiento,165.71
2025-01,Centro,CLI-108,Recurrente (bajo volumen / alta frecuencia),Línea Premium,Premium Exportación,502.77
2025-03,Centro,CLI-108,Recurrente (bajo volumen / alta frecuencia),Línea Premium,Premium Exportación,550.83
2025-04,Centro,CLI-108,Recurrente (bajo volumen / alta frecuencia),Línea Premium,Premium Exportación,593.8
2025-05,Centro,CLI-108,Recurrente (bajo volumen / alta frecuencia),Línea Premium,Premium Exportación,620.51
2025-06,Centro,CLI-108,Recurrente (bajo volumen / alta frecuencia),Línea Premium,Premium Exportación,589.02
2025-07,Centro,CLI-108,Recurrente (bajo volumen / alta frecuencia),Línea Premium,Premium Exportación,582.24
2025-08,Centro,CLI-108,Recurrente (bajo volumen / alta frecuencia),Línea Premium,Premium Exportación,565.95
2025-09,Centro,CLI-108,Recurrente (bajo volumen / alta frecuencia),Línea Premium,Premium Exportación,589.97
2025-10,Centro,CLI-108,Recurrente (bajo volumen / alta frecuencia),Línea Premium,Premium Exportación,665.1
2025-11,Centro,CLI-108,Recurrente (bajo volumen / alta frecuencia),Línea Premium,Premium Exportación,628.23
2025-12,Centro,CLI-108,Recurrente (bajo volumen / alta frecuencia),Línea Premium,Premium Exportación,710.7
2026-02,Centro,CLI-108,Recurrente (bajo volumen / alta frecuencia),Línea Premium,Premium Exportación,623.74
2026-03,Centro,CLI-108,Recurrente (bajo volumen / alta frecuencia),Línea Premium,Premium Exportación,645.64
2026-04,Centro,CLI-108,Recurrente (bajo volumen / alta frecuencia),Línea Premium,Premium Exportación,646.97
2026-06,Centro,CLI-108,Recurrente (bajo volumen / alta frecuencia),Línea Premium,Premium Exportación,585.39
2026-07,Centro,CLI-108,Recurrente (bajo volumen / alta frecuencia),Línea Premium,Premium Exportación,760.45
2026-08,Centro,CLI-108,Recurrente (bajo volumen / alta frecuencia),Línea Premium,Premium Exportación,697.08
2025-05,Sureste,CLI-109,Ocasional (alto volumen / baja frecuencia),Línea Premium,Premium Exportación,1061.95
2025-12,Sureste,CLI-109,Ocasional (alto volumen / baja frecuencia),Línea Premium,Premium Exportación,1209.91
2026-02,Sureste,CLI-109,Ocasional (alto volumen / baja frecuencia),Línea Premium,Premium Exportación,922.16
2026-04,Sureste,CLI-109,Ocasional (alto volumen / baja frecuencia),Línea Premium,Premium Exportación,1038.22
2025-03,Sureste,CLI-109,Ocasional (alto volumen / baja frecuencia),Línea Económica,Económica Promocional,438.5
2025-07,Sureste,CLI-109,Ocasional (alto volumen / baja frecuencia),Línea Económica,Económica Promocional,404.01
2025-10,Sureste,CLI-109,Ocasional (alto volumen / baja frecuencia),Línea Económica,Económica Promocional,443.97
2026-05,Sureste,CLI-109,Ocasional (alto volumen / baja frecuencia),Línea Económica,Económica Promocional,477.33
2025-01,Norte,CLI-110,Recurrente (bajo volumen / alta frecuencia),Línea Económica,Económica Promocional,118.72
2025-02,Norte,CLI-110,Recurrente (bajo volumen / alta frecuencia),Línea Económica,Económica Promocional,146.79
2025-06,Norte,CLI-110,Recurrente (bajo volumen / alta frecuencia),Línea Económica,Económica Promocional,140.38
2025-07,Norte,CLI-110,Recurrente (bajo volumen / alta frecuencia),Línea Económica,Económica Promocional,153.27
2025-08,Norte,CLI-110,Recurrente (bajo volumen / alta frecuencia),Línea Económica,Económica Promocional,137.23
2025-09,Norte,CLI-110,Recurrente (bajo volumen / alta frecuencia),Línea Económica,Económica Promocional,111.51
2025-10,Norte,CLI-110,Recurrente (bajo volumen / alta frecuencia),Línea Económica,Económica Promocional,164.68
2025-11,Norte,CLI-110,Recurrente (bajo volumen / alta frecuencia),Línea Económica,Económica Promocional,152.0
2025-12,Norte,CLI-110,Recurrente (bajo volumen / alta frecuencia),Línea Económica,Económica Promocional,131.87
2026-02,Norte,CLI-110,Recurrente (bajo volumen / alta frecuencia),Línea Económica,Económica Promocional,146.82
2026-04,Norte,CLI-110,Recurrente (bajo volumen / alta frecuencia),Línea Económica,Económica Promocional,163.67
2026-05,Norte,CLI-110,Recurrente (bajo volumen / alta frecuencia),Línea Económica,Económica Promocional,150.41
2026-06,Norte,CLI-110,Recurrente (bajo volumen / alta frecuencia),Línea Económica,Económica Promocional,155.98
2026-07,Norte,CLI-110,Recurrente (bajo volumen / alta frecuencia),Línea Económica,Económica Promocional,132.28
2026-08,Norte,CLI-110,Recurrente (bajo volumen / alta frecuencia),Línea Económica,Económica Promocional,175.87
2025-01,Norte,CLI-110,Recurrente (bajo volumen / alta frecuencia),Servicios postventa,Soporte y Mantenimiento,80.56
2025-02,Norte,CLI-110,Recurrente (bajo volumen / alta frecuencia),Servicios postventa,Soporte y Mantenimiento,78.49
2025-03,Norte,CLI-110,Recurrente (bajo volumen / alta frecuencia),Servicios postventa,Soporte y Mantenimiento,107.7
2025-04,Norte,CLI-110,Recurrente (bajo volumen / alta frecuencia),Servicios postventa,Soporte y Mantenimiento,108.97
2025-07,Norte,CLI-110,Recurrente (bajo volumen / alta frecuencia),Servicios postventa,Soporte y Mantenimiento,105.08
2025-08,Norte,CLI-110,Recurrente (bajo volumen / alta frecuencia),Servicios postventa,Soporte y Mantenimiento,100.73
2025-09,Norte,CLI-110,Recurrente (bajo volumen / alta frecuencia),Servicios postventa,Soporte y Mantenimiento,114.78
2025-11,Norte,CLI-110,Recurrente (bajo volumen / alta frecuencia),Servicios postventa,Soporte y Mantenimiento,77.29
2025-12,Norte,CLI-110,Recurrente (bajo volumen / alta frecuencia),Servicios postventa,Soporte y Mantenimiento,115.77
2026-01,Norte,CLI-110,Recurrente (bajo volumen / alta frecuencia),Servicios postventa,Soporte y Mantenimiento,121.53
2026-02,Norte,CLI-110,Recurrente (bajo volumen / alta frecuencia),Servicios postventa,Soporte y Mantenimiento,98.47
2026-04,Norte,CLI-110,Recurrente (bajo volumen / alta frecuencia),Servicios postventa,Soporte y Mantenimiento,115.11
2026-05,Norte,CLI-110,Recurrente (bajo volumen / alta frecuencia),Servicios postventa,Soporte y Mantenimiento,107.93
2026-08,Norte,CLI-110,Recurrente (bajo volumen / alta frecuencia),Servicios postventa,Soporte y Mantenimiento,119.93
2025-02,Norte,CLI-110,Recurrente (bajo volumen / alta frecuencia),Línea Económica,Económica Básica,127.29
2025-03,Norte,CLI-110,Recurrente (bajo volumen / alta frecuencia),Línea Económica,Económica Básica,164.66
2025-04,Norte,CLI-110,Recurrente (bajo volumen / alta frecuencia),Línea Económica,Económica Básica,162.03
2025-05,Norte,CLI-110,Recurrente (bajo volumen / alta frecuencia),Línea Económica,Económica Básica,186.75
2025-07,Norte,CLI-110,Recurrente (bajo volumen / alta frecuencia),Línea Económica,Económica Básica,163.49
2025-08,Norte,CLI-110,Recurrente (bajo volumen / alta frecuencia),Línea Económica,Económica Básica,173.03
2025-09,Norte,CLI-110,Recurrente (bajo volumen / alta frecuencia),Línea Económica,Económica Básica,164.72
2025-10,Norte,CLI-110,Recurrente (bajo volumen / alta frecuencia),Línea Económica,Económica Básica,150.05
2025-11,Norte,CLI-110,Recurrente (bajo volumen / alta frecuencia),Línea Económica,Económica Básica,197.62
2025-12,Norte,CLI-110,Recurrente (bajo volumen / alta frecuencia),Línea Económica,Económica Básica,174.41
2026-01,Norte,CLI-110,Recurrente (bajo volumen / alta frecuencia),Línea Económica,Económica Básica,168.61
2026-02,Norte,CLI-110,Recurrente (bajo volumen / alta frecuencia),Línea Económica,Económica Básica,177.43
2026-03,Norte,CLI-110,Recurrente (bajo volumen / alta frecuencia),Línea Económica,Económica Básica,191.27
2026-04,Norte,CLI-110,Recurrente (bajo volumen / alta frecuencia),Línea Económica,Económica Básica,186.76
2026-06,Norte,CLI-110,Recurrente (bajo volumen / alta frecuencia),Línea Económica,Económica Básica,193.87
2026-08,Norte,CLI-110,Recurrente (bajo volumen / alta frecuencia),Línea Económica,Económica Básica,179.49
2025-01,Norte,CLI-110,Recurrente (bajo volumen / alta frecuencia),Línea Estándar,Estándar Mayoreo,233.79
2025-02,Norte,CLI-110,Recurrente (bajo volumen / alta frecuencia),Línea Estándar,Estándar Mayoreo,318.47
2025-03,Norte,CLI-110,Recurrente (bajo volumen / alta frecuencia),Línea Estándar,Estándar Mayoreo,271.86
2025-04,Norte,CLI-110,Recurrente (bajo volumen / alta frecuencia),Línea Estándar,Estándar Mayoreo,305.55
2025-06,Norte,CLI-110,Recurrente (bajo volumen / alta frecuencia),Línea Estándar,Estándar Mayoreo,287.09
2025-08,Norte,CLI-110,Recurrente (bajo volumen / alta frecuencia),Línea Estándar,Estándar Mayoreo,302.12
2025-09,Norte,CLI-110,Recurrente (bajo volumen / alta frecuencia),Línea Estándar,Estándar Mayoreo,186.17
2025-10,Norte,CLI-110,Recurrente (bajo volumen / alta frecuencia),Línea Estándar,Estándar Mayoreo,258.78
2025-11,Norte,CLI-110,Recurrente (bajo volumen / alta frecuencia),Línea Estándar,Estándar Mayoreo,264.14
2026-01,Norte,CLI-110,Recurrente (bajo volumen / alta frecuencia),Línea Estándar,Estándar Mayoreo,274.28
2026-02,Norte,CLI-110,Recurrente (bajo volumen / alta frecuencia),Línea Estándar,Estándar Mayoreo,233.83
2026-03,Norte,CLI-110,Recurrente (bajo volumen / alta frecuencia),Línea Estándar,Estándar Mayoreo,238.82
2026-04,Norte,CLI-110,Recurrente (bajo volumen / alta frecuencia),Línea Estándar,Estándar Mayoreo,328.13
2026-06,Norte,CLI-110,Recurrente (bajo volumen / alta frecuencia),Línea Estándar,Estándar Mayoreo,296.66
2026-07,Norte,CLI-110,Recurrente (bajo volumen / alta frecuencia),Línea Estándar,Estándar Mayoreo,269.68
2025-01,Norte,CLI-110,Recurrente (bajo volumen / alta frecuencia),Línea Estándar,Estándar Retail,236.34
2025-02,Norte,CLI-110,Recurrente (bajo volumen / alta frecuencia),Línea Estándar,Estándar Retail,213.79
2025-05,Norte,CLI-110,Recurrente (bajo volumen / alta frecuencia),Línea Estándar,Estándar Retail,248.75
2025-06,Norte,CLI-110,Recurrente (bajo volumen / alta frecuencia),Línea Estándar,Estándar Retail,249.94
2025-07,Norte,CLI-110,Recurrente (bajo volumen / alta frecuencia),Línea Estándar,Estándar Retail,235.69
2025-08,Norte,CLI-110,Recurrente (bajo volumen / alta frecuencia),Línea Estándar,Estándar Retail,259.8
2025-11,Norte,CLI-110,Recurrente (bajo volumen / alta frecuencia),Línea Estándar,Estándar Retail,285.64
2025-12,Norte,CLI-110,Recurrente (bajo volumen / alta frecuencia),Línea Estándar,Estándar Retail,273.12
2026-01,Norte,CLI-110,Recurrente (bajo volumen / alta frecuencia),Línea Estándar,Estándar Retail,177.86
2026-02,Norte,CLI-110,Recurrente (bajo volumen / alta frecuencia),Línea Estándar,Estándar Retail,271.86
2026-03,Norte,CLI-110,Recurrente (bajo volumen / alta frecuencia),Línea Estándar,Estándar Retail,258.46
2026-04,Norte,CLI-110,Recurrente (bajo volumen / alta frecuencia),Línea Estándar,Estándar Retail,326.67
2026-05,Norte,CLI-110,Recurrente (bajo volumen / alta frecuencia),Línea Estándar,Estándar Retail,289.34
2026-07,Norte,CLI-110,Recurrente (bajo volumen / alta frecuencia),Línea Estándar,Estándar Retail,308.84
2026-08,Norte,CLI-110,Recurrente (bajo volumen / alta frecuencia),Línea Estándar,Estándar Retail,320.89
2025-01,Occidente,CLI-111,Ocasional (alto volumen / baja frecuencia),Línea Económica,Económica Promocional,349.43
2025-06,Occidente,CLI-111,Ocasional (alto volumen / baja frecuencia),Línea Económica,Económica Promocional,378.65
2025-08,Occidente,CLI-111,Ocasional (alto volumen / baja frecuencia),Línea Económica,Económica Promocional,372.81
2025-10,Occidente,CLI-111,Ocasional (alto volumen / baja frecuencia),Línea Económica,Económica Promocional,345.55
2026-02,Occidente,CLI-111,Ocasional (alto volumen / baja frecuencia),Línea Económica,Económica Promocional,363.34
2026-04,Occidente,CLI-111,Ocasional (alto volumen / baja frecuencia),Línea Económica,Económica Promocional,350.54
2026-06,Occidente,CLI-111,Ocasional (alto volumen / baja frecuencia),Línea Económica,Económica Promocional,426.24
2025-05,Occidente,CLI-111,Ocasional (alto volumen / baja frecuencia),Línea Premium,Premium Hogar,934.3
2025-08,Occidente,CLI-111,Ocasional (alto volumen / baja frecuencia),Línea Premium,Premium Hogar,947.19
2025-11,Occidente,CLI-111,Ocasional (alto volumen / baja frecuencia),Línea Premium,Premium Hogar,958.97
2026-01,Occidente,CLI-111,Ocasional (alto volumen / baja frecuencia),Línea Premium,Premium Hogar,1041.04
2026-02,Occidente,CLI-111,Ocasional (alto volumen / baja frecuencia),Línea Premium,Premium Hogar,1139.97
2025-03,Sureste,CLI-112,Esporádico (bajo volumen / baja frecuencia),Línea Premium,Premium Oficina,247.41
2025-11,Sureste,CLI-112,Esporádico (bajo volumen / baja frecuencia),Línea Premium,Premium Oficina,220.55
2025-12,Occidente,CLI-113,Esporádico (bajo volumen / baja frecuencia),Línea Económica,Económica Promocional,136.06
2026-05,Occidente,CLI-113,Esporádico (bajo volumen / baja frecuencia),Línea Económica,Económica Promocional,109.84
2026-03,Occidente,CLI-113,Esporádico (bajo volumen / baja frecuencia),Línea Premium,Premium Hogar,307.1
2026-04,Occidente,CLI-113,Esporádico (bajo volumen / baja frecuencia),Línea Premium,Premium Hogar,378.98
2026-06,Occidente,CLI-113,Esporádico (bajo volumen / baja frecuencia),Línea Premium,Premium Hogar,285.52
2026-08,Occidente,CLI-113,Esporádico (bajo volumen / baja frecuencia),Línea Premium,Premium Hogar,372.09
2025-04,Occidente,CLI-113,Esporádico (bajo volumen / baja frecuencia),Línea Estándar,Estándar Mayoreo,224.08
2025-10,Occidente,CLI-113,Esporádico (bajo volumen / baja frecuencia),Línea Estándar,Estándar Mayoreo,226.68
2026-04,Occidente,CLI-113,Esporádico (bajo volumen / baja frecuencia),Línea Estándar,Estándar Mayoreo,209.33
2025-01,Norte,CLI-114,Recurrente (bajo volumen / alta frecuencia),Línea Económica,Económica Promocional,179.39
2025-02,Norte,CLI-114,Recurrente (bajo volumen / alta frecuencia),Línea Económica,Económica Promocional,188.03
2025-03,Norte,CLI-114,Recurrente (bajo volumen / alta frecuencia),Línea Económica,Económica Promocional,139.92
2025-04,Norte,CLI-114,Recurrente (bajo volumen / alta frecuencia),Línea Económica,Económica Promocional,162.98
2025-05,Norte,CLI-114,Recurrente (bajo volumen / alta frecuencia),Línea Económica,Económica Promocional,180.76
2025-06,Norte,CLI-114,Recurrente (bajo volumen / alta frecuencia),Línea Económica,Económica Promocional,200.02
2025-07,Norte,CLI-114,Recurrente (bajo volumen / alta frecuencia),Línea Económica,Económica Promocional,141.8
2025-08,Norte,CLI-114,Recurrente (bajo volumen / alta frecuencia),Línea Económica,Económica Promocional,177.29
2025-10,Norte,CLI-114,Recurrente (bajo volumen / alta frecuencia),Línea Económica,Económica Promocional,172.18
2025-12,Norte,CLI-114,Recurrente (bajo volumen / alta frecuencia),Línea Económica,Económica Promocional,194.46
2026-01,Norte,CLI-114,Recurrente (bajo volumen / alta frecuencia),Línea Económica,Económica Promocional,136.25
2026-02,Norte,CLI-114,Recurrente (bajo volumen / alta frecuencia),Línea Económica,Económica Promocional,171.38
2026-03,Norte,CLI-114,Recurrente (bajo volumen / alta frecuencia),Línea Económica,Económica Promocional,198.95
2026-06,Norte,CLI-114,Recurrente (bajo volumen / alta frecuencia),Línea Económica,Económica Promocional,153.88
2026-07,Norte,CLI-114,Recurrente (bajo volumen / alta frecuencia),Línea Económica,Económica Promocional,141.47
2026-08,Norte,CLI-114,Recurrente (bajo volumen / alta frecuencia),Línea Económica,Económica Promocional,216.32
2025-02,Norte,CLI-114,Recurrente (bajo volumen / alta frecuencia),Línea Estándar,Estándar Mayoreo,311.06
2025-03,Norte,CLI-114,Recurrente (bajo volumen / alta frecuencia),Línea Estándar,Estándar Mayoreo,343.41
2025-04,Norte,CLI-114,Recurrente (bajo volumen / alta frecuencia),Línea Estándar,Estándar Mayoreo,341.21
2025-05,Norte,CLI-114,Recurrente (bajo volumen / alta frecuencia),Línea Estándar,Estándar Mayoreo,298.12
2025-06,Norte,CLI-114,Recurrente (bajo volumen / alta frecuencia),Línea Estándar,Estándar Mayoreo,387.46
2025-07,Norte,CLI-114,Recurrente (bajo volumen / alta frecuencia),Línea Estándar,Estándar Mayoreo,387.3
2025-08,Norte,CLI-114,Recurrente (bajo volumen / alta frecuencia),Línea Estándar,Estándar Mayoreo,410.98
2025-09,Norte,CLI-114,Recurrente (bajo volumen / alta frecuencia),Línea Estándar,Estándar Mayoreo,362.37
2025-10,Norte,CLI-114,Recurrente (bajo volumen / alta frecuencia),Línea Estándar,Estándar Mayoreo,430.06
2025-11,Norte,CLI-114,Recurrente (bajo volumen / alta frecuencia),Línea Estándar,Estándar Mayoreo,383.47
2025-12,Norte,CLI-114,Recurrente (bajo volumen / alta frecuencia),Línea Estándar,Estándar Mayoreo,364.46
2026-01,Norte,CLI-114,Recurrente (bajo volumen / alta frecuencia),Línea Estándar,Estándar Mayoreo,351.13
2026-02,Norte,CLI-114,Recurrente (bajo volumen / alta frecuencia),Línea Estándar,Estándar Mayoreo,375.14
2026-03,Norte,CLI-114,Recurrente (bajo volumen / alta frecuencia),Línea Estándar,Estándar Mayoreo,382.55
2026-04,Norte,CLI-114,Recurrente (bajo volumen / alta frecuencia),Línea Estándar,Estándar Mayoreo,350.25
2026-05,Norte,CLI-114,Recurrente (bajo volumen / alta frecuencia),Línea Estándar,Estándar Mayoreo,385.19
2026-06,Norte,CLI-114,Recurrente (bajo volumen / alta frecuencia),Línea Estándar,Estándar Mayoreo,328.33
2026-07,Norte,CLI-114,Recurrente (bajo volumen / alta frecuencia),Línea Estándar,Estándar Mayoreo,360.21
2026-08,Norte,CLI-114,Recurrente (bajo volumen / alta frecuencia),Línea Estándar,Estándar Mayoreo,222.84
2025-02,Norte,CLI-114,Recurrente (bajo volumen / alta frecuencia),Servicios postventa,Soporte y Mantenimiento,102.72
2025-03,Norte,CLI-114,Recurrente (bajo volumen / alta frecuencia),Servicios postventa,Soporte y Mantenimiento,111.04
2025-04,Norte,CLI-114,Recurrente (bajo volumen / alta frecuencia),Servicios postventa,Soporte y Mantenimiento,111.81
2025-05,Norte,CLI-114,Recurrente (bajo volumen / alta frecuencia),Servicios postventa,Soporte y Mantenimiento,108.93
2025-07,Norte,CLI-114,Recurrente (bajo volumen / alta frecuencia),Servicios postventa,Soporte y Mantenimiento,101.86
2025-08,Norte,CLI-114,Recurrente (bajo volumen / alta frecuencia),Servicios postventa,Soporte y Mantenimiento,85.87
2025-09,Norte,CLI-114,Recurrente (bajo volumen / alta frecuencia),Servicios postventa,Soporte y Mantenimiento,142.52
2025-10,Norte,CLI-114,Recurrente (bajo volumen / alta frecuencia),Servicios postventa,Soporte y Mantenimiento,92.92
2025-11,Norte,CLI-114,Recurrente (bajo volumen / alta frecuencia),Servicios postventa,Soporte y Mantenimiento,137.92
2026-01,Norte,CLI-114,Recurrente (bajo volumen / alta frecuencia),Servicios postventa,Soporte y Mantenimiento,159.04
2026-03,Norte,CLI-114,Recurrente (bajo volumen / alta frecuencia),Servicios postventa,Soporte y Mantenimiento,118.78
2026-04,Norte,CLI-114,Recurrente (bajo volumen / alta frecuencia),Servicios postventa,Soporte y Mantenimiento,163.79
2026-05,Norte,CLI-114,Recurrente (bajo volumen / alta frecuencia),Servicios postventa,Soporte y Mantenimiento,118.97
2026-06,Norte,CLI-114,Recurrente (bajo volumen / alta frecuencia),Servicios postventa,Soporte y Mantenimiento,153.76
2026-07,Norte,CLI-114,Recurrente (bajo volumen / alta frecuencia),Servicios postventa,Soporte y Mantenimiento,153.84
2025-01,Norte,CLI-114,Recurrente (bajo volumen / alta frecuencia),Línea Estándar,Estándar Retail,309.69
2025-03,Norte,CLI-114,Recurrente (bajo volumen / alta frecuencia),Línea Estándar,Estándar Retail,309.86
2025-04,Norte,CLI-114,Recurrente (bajo volumen / alta frecuencia),Línea Estándar,Estándar Retail,345.33
2025-05,Norte,CLI-114,Recurrente (bajo volumen / alta frecuencia),Línea Estándar,Estándar Retail,275.1
2025-06,Norte,CLI-114,Recurrente (bajo volumen / alta frecuencia),Línea Estándar,Estándar Retail,343.57
2025-07,Norte,CLI-114,Recurrente (bajo volumen / alta frecuencia),Línea Estándar,Estándar Retail,363.7
2025-08,Norte,CLI-114,Recurrente (bajo volumen / alta frecuencia),Línea Estándar,Estándar Retail,312.38
2025-09,Norte,CLI-114,Recurrente (bajo volumen / alta frecuencia),Línea Estándar,Estándar Retail,379.88
2025-10,Norte,CLI-114,Recurrente (bajo volumen / alta frecuencia),Línea Estándar,Estándar Retail,268.78
2025-11,Norte,CLI-114,Recurrente (bajo volumen / alta frecuencia),Línea Estándar,Estándar Retail,338.24
2025-12,Norte,CLI-114,Recurrente (bajo volumen / alta frecuencia),Línea Estándar,Estándar Retail,276.11
2026-01,Norte,CLI-114,Recurrente (bajo volumen / alta frecuencia),Línea Estándar,Estándar Retail,324.48
2026-02,Norte,CLI-114,Recurrente (bajo volumen / alta frecuencia),Línea Estándar,Estándar Retail,299.37
2026-03,Norte,CLI-114,Recurrente (bajo volumen / alta frecuencia),Línea Estándar,Estándar Retail,293.08
2026-04,Norte,CLI-114,Recurrente (bajo volumen / alta frecuencia),Línea Estándar,Estándar Retail,251.21
2026-06,Norte,CLI-114,Recurrente (bajo volumen / alta frecuencia),Línea Estándar,Estándar Retail,302.04
2026-07,Norte,CLI-114,Recurrente (bajo volumen / alta frecuencia),Línea Estándar,Estándar Retail,250.0
2026-08,Norte,CLI-114,Recurrente (bajo volumen / alta frecuencia),Línea Estándar,Estándar Retail,303.81
2025-03,Norte,CLI-114,Recurrente (bajo volumen / alta frecuencia),Línea Premium,Premium Hogar,324.93
2025-04,Norte,CLI-114,Recurrente (bajo volumen / alta frecuencia),Línea Premium,Premium Hogar,402.44
2025-09,Norte,CLI-114,Recurrente (bajo volumen / alta frecuencia),Línea Premium,Premium Hogar,398.63
2025-10,Norte,CLI-114,Recurrente (bajo volumen / alta frecuencia),Línea Premium,Premium Hogar,375.54
2025-11,Norte,CLI-114,Recurrente (bajo volumen / alta frecuencia),Línea Premium,Premium Hogar,398.23
2025-12,Norte,CLI-114,Recurrente (bajo volumen / alta frecuencia),Línea Premium,Premium Hogar,486.08
2026-01,Norte,CLI-114,Recurrente (bajo volumen / alta frecuencia),Línea Premium,Premium Hogar,388.85
2026-02,Norte,CLI-114,Recurrente (bajo volumen / alta frecuencia),Línea Premium,Premium Hogar,447.33
2026-04,Norte,CLI-114,Recurrente (bajo volumen / alta frecuencia),Línea Premium,Premium Hogar,468.73
2026-05,Norte,CLI-114,Recurrente (bajo volumen / alta frecuencia),Línea Premium,Premium Hogar,356.33
2026-06,Norte,CLI-114,Recurrente (bajo volumen / alta frecuencia),Línea Premium,Premium Hogar,360.25
2026-07,Norte,CLI-114,Recurrente (bajo volumen / alta frecuencia),Línea Premium,Premium Hogar,328.03
2026-08,Norte,CLI-114,Recurrente (bajo volumen / alta frecuencia),Línea Premium,Premium Hogar,345.02
2025-01,Sureste,CLI-115,Recurrente (bajo volumen / alta frecuencia),Línea Económica,Económica Básica,257.06
2025-02,Sureste,CLI-115,Recurrente (bajo volumen / alta frecuencia),Línea Económica,Económica Básica,266.71
2025-03,Sureste,CLI-115,Recurrente (bajo volumen / alta frecuencia),Línea Económica,Económica Básica,227.42
2025-04,Sureste,CLI-115,Recurrente (bajo volumen / alta frecuencia),Línea Económica,Económica Básica,208.87
2025-05,Sureste,CLI-115,Recurrente (bajo volumen / alta frecuencia),Línea Económica,Económica Básica,232.79
2025-06,Sureste,CLI-115,Recurrente (bajo volumen / alta frecuencia),Línea Económica,Económica Básica,282.17
2025-08,Sureste,CLI-115,Recurrente (bajo volumen / alta frecuencia),Línea Económica,Económica Básica,200.0
2025-09,Sureste,CLI-115,Recurrente (bajo volumen / alta frecuencia),Línea Económica,Económica Básica,229.34
2025-10,Sureste,CLI-115,Recurrente (bajo volumen / alta frecuencia),Línea Económica,Económica Básica,254.47
2025-11,Sureste,CLI-115,Recurrente (bajo volumen / alta frecuencia),Línea Económica,Económica Básica,209.46
2026-01,Sureste,CLI-115,Recurrente (bajo volumen / alta frecuencia),Línea Económica,Económica Básica,235.09
2026-02,Sureste,CLI-115,Recurrente (bajo volumen / alta frecuencia),Línea Económica,Económica Básica,258.58
2026-03,Sureste,CLI-115,Recurrente (bajo volumen / alta frecuencia),Línea Económica,Económica Básica,209.63
2026-04,Sureste,CLI-115,Recurrente (bajo volumen / alta frecuencia),Línea Económica,Económica Básica,236.15
2026-05,Sureste,CLI-115,Recurrente (bajo volumen / alta frecuencia),Línea Económica,Económica Básica,172.27
2026-06,Sureste,CLI-115,Recurrente (bajo volumen / alta frecuencia),Línea Económica,Económica Básica,246.23
2026-07,Sureste,CLI-115,Recurrente (bajo volumen / alta frecuencia),Línea Económica,Económica Básica,159.76
2026-08,Sureste,CLI-115,Recurrente (bajo volumen / alta frecuencia),Línea Económica,Económica Básica,243.78
2025-02,Sureste,CLI-115,Recurrente (bajo volumen / alta frecuencia),Línea Estándar,Estándar Retail,363.94
2025-03,Sureste,CLI-115,Recurrente (bajo volumen / alta frecuencia),Línea Estándar,Estándar Retail,349.0
2025-05,Sureste,CLI-115,Recurrente (bajo volumen / alta frecuencia),Línea Estándar,Estándar Retail,276.06
2025-06,Sureste,CLI-115,Recurrente (bajo volumen / alta frecuencia),Línea Estándar,Estándar Retail,369.53
2025-07,Sureste,CLI-115,Recurrente (bajo volumen / alta frecuencia),Línea Estándar,Estándar Retail,310.07
2025-08,Sureste,CLI-115,Recurrente (bajo volumen / alta frecuencia),Línea Estándar,Estándar Retail,334.31
2025-10,Sureste,CLI-115,Recurrente (bajo volumen / alta frecuencia),Línea Estándar,Estándar Retail,385.04
2026-03,Sureste,CLI-115,Recurrente (bajo volumen / alta frecuencia),Línea Estándar,Estándar Retail,382.77
2026-04,Sureste,CLI-115,Recurrente (bajo volumen / alta frecuencia),Línea Estándar,Estándar Retail,321.13
2026-05,Sureste,CLI-115,Recurrente (bajo volumen / alta frecuencia),Línea Estándar,Estándar Retail,338.14
2026-06,Sureste,CLI-115,Recurrente (bajo volumen / alta frecuencia),Línea Estándar,Estándar Retail,324.51
2026-07,Sureste,CLI-115,Recurrente (bajo volumen / alta frecuencia),Línea Estándar,Estándar Retail,419.39
2026-08,Sureste,CLI-115,Recurrente (bajo volumen / alta frecuencia),Línea Estándar,Estándar Retail,377.68
2025-01,Sureste,CLI-115,Recurrente (bajo volumen / alta frecuencia),Línea Económica,Económica Promocional,187.95
2025-02,Sureste,CLI-115,Recurrente (bajo volumen / alta frecuencia),Línea Económica,Económica Promocional,195.39
2025-03,Sureste,CLI-115,Recurrente (bajo volumen / alta frecuencia),Línea Económica,Económica Promocional,175.67
2025-04,Sureste,CLI-115,Recurrente (bajo volumen / alta frecuencia),Línea Económica,Económica Promocional,147.91
2025-05,Sureste,CLI-115,Recurrente (bajo volumen / alta frecuencia),Línea Económica,Económica Promocional,165.88
2025-06,Sureste,CLI-115,Recurrente (bajo volumen / alta frecuencia),Línea Económica,Económica Promocional,210.61
2025-07,Sureste,CLI-115,Recurrente (bajo volumen / alta frecuencia),Línea Económica,Económica Promocional,188.73
2025-08,Sureste,CLI-115,Recurrente (bajo volumen / alta frecuencia),Línea Económica,Económica Promocional,175.43
2025-09,Sureste,CLI-115,Recurrente (bajo volumen / alta frecuencia),Línea Económica,Económica Promocional,166.63
2025-10,Sureste,CLI-115,Recurrente (bajo volumen / alta frecuencia),Línea Económica,Económica Promocional,180.31
2025-11,Sureste,CLI-115,Recurrente (bajo volumen / alta frecuencia),Línea Económica,Económica Promocional,172.88
2025-12,Sureste,CLI-115,Recurrente (bajo volumen / alta frecuencia),Línea Económica,Económica Promocional,165.8
2026-01,Sureste,CLI-115,Recurrente (bajo volumen / alta frecuencia),Línea Económica,Económica Promocional,190.54
2026-02,Sureste,CLI-115,Recurrente (bajo volumen / alta frecuencia),Línea Económica,Económica Promocional,180.6
2026-03,Sureste,CLI-115,Recurrente (bajo volumen / alta frecuencia),Línea Económica,Económica Promocional,164.68
2026-04,Sureste,CLI-115,Recurrente (bajo volumen / alta frecuencia),Línea Económica,Económica Promocional,141.15
2026-06,Sureste,CLI-115,Recurrente (bajo volumen / alta frecuencia),Línea Económica,Económica Promocional,180.3
2026-07,Sureste,CLI-115,Recurrente (bajo volumen / alta frecuencia),Línea Económica,Económica Promocional,132.27
2025-01,Sureste,CLI-115,Recurrente (bajo volumen / alta frecuencia),Servicios postventa,Soporte y Mantenimiento,114.25
2025-02,Sureste,CLI-115,Recurrente (bajo volumen / alta frecuencia),Servicios postventa,Soporte y Mantenimiento,114.35
2025-03,Sureste,CLI-115,Recurrente (bajo volumen / alta frecuencia),Servicios postventa,Soporte y Mantenimiento,136.85
2025-04,Sureste,CLI-115,Recurrente (bajo volumen / alta frecuencia),Servicios postventa,Soporte y Mantenimiento,152.89
2025-05,Sureste,CLI-115,Recurrente (bajo volumen / alta frecuencia),Servicios postventa,Soporte y Mantenimiento,149.33
2025-06,Sureste,CLI-115,Recurrente (bajo volumen / alta frecuencia),Servicios postventa,Soporte y Mantenimiento,140.46
2025-07,Sureste,CLI-115,Recurrente (bajo volumen / alta frecuencia),Servicios postventa,Soporte y Mantenimiento,154.62
2025-08,Sureste,CLI-115,Recurrente (bajo volumen / alta frecuencia),Servicios postventa,Soporte y Mantenimiento,151.72
2025-09,Sureste,CLI-115,Recurrente (bajo volumen / alta frecuencia),Servicios postventa,Soporte y Mantenimiento,143.12
2025-10,Sureste,CLI-115,Recurrente (bajo volumen / alta frecuencia),Servicios postventa,Soporte y Mantenimiento,122.47
2025-11,Sureste,CLI-115,Recurrente (bajo volumen / alta frecuencia),Servicios postventa,Soporte y Mantenimiento,144.14
2025-12,Sureste,CLI-115,Recurrente (bajo volumen / alta frecuencia),Servicios postventa,Soporte y Mantenimiento,197.58
2026-01,Sureste,CLI-115,Recurrente (bajo volumen / alta frecuencia),Servicios postventa,Soporte y Mantenimiento,138.01
2026-02,Sureste,CLI-115,Recurrente (bajo volumen / alta frecuencia),Servicios postventa,Soporte y Mantenimiento,154.08
2026-03,Sureste,CLI-115,Recurrente (bajo volumen / alta frecuencia),Servicios postventa,Soporte y Mantenimiento,198.34
2026-04,Sureste,CLI-115,Recurrente (bajo volumen / alta frecuencia),Servicios postventa,Soporte y Mantenimiento,145.84
2026-05,Sureste,CLI-115,Recurrente (bajo volumen / alta frecuencia),Servicios postventa,Soporte y Mantenimiento,200.93
2026-08,Sureste,CLI-115,Recurrente (bajo volumen / alta frecuencia),Servicios postventa,Soporte y Mantenimiento,210.07
2025-02,Occidente,CLI-116,Recurrente (bajo volumen / alta frecuencia),Línea Estándar,Estándar Retail,202.96
2025-03,Occidente,CLI-116,Recurrente (bajo volumen / alta frecuencia),Línea Estándar,Estándar Retail,246.42
2025-04,Occidente,CLI-116,Recurrente (bajo volumen / alta frecuencia),Línea Estándar,Estándar Retail,220.68
2025-05,Occidente,CLI-116,Recurrente (bajo volumen / alta frecuencia),Línea Estándar,Estándar Retail,217.65
2025-06,Occidente,CLI-116,Recurrente (bajo volumen / alta frecuencia),Línea Estándar,Estándar Retail,221.27
2025-08,Occidente,CLI-116,Recurrente (bajo volumen / alta frecuencia),Línea Estándar,Estándar Retail,208.42
2025-09,Occidente,CLI-116,Recurrente (bajo volumen / alta frecuencia),Línea Estándar,Estándar Retail,226.16
2025-11,Occidente,CLI-116,Recurrente (bajo volumen / alta frecuencia),Línea Estándar,Estándar Retail,237.9
2025-12,Occidente,CLI-116,Recurrente (bajo volumen / alta frecuencia),Línea Estándar,Estándar Retail,187.79
2026-01,Occidente,CLI-116,Recurrente (bajo volumen / alta frecuencia),Línea Estándar,Estándar Retail,266.32
2026-02,Occidente,CLI-116,Recurrente (bajo volumen / alta frecuencia),Línea Estándar,Estándar Retail,182.95
2026-03,Occidente,CLI-116,Recurrente (bajo volumen / alta frecuencia),Línea Estándar,Estándar Retail,221.73
2026-04,Occidente,CLI-116,Recurrente (bajo volumen / alta frecuencia),Línea Estándar,Estándar Retail,172.28
2026-05,Occidente,CLI-116,Recurrente (bajo volumen / alta frecuencia),Línea Estándar,Estándar Retail,186.73
2026-07,Occidente,CLI-116,Recurrente (bajo volumen / alta frecuencia),Línea Estándar,Estándar Retail,169.79
2026-08,Occidente,CLI-116,Recurrente (bajo volumen / alta frecuencia),Línea Estándar,Estándar Retail,202.03
2025-04,Occidente,CLI-116,Recurrente (bajo volumen / alta frecuencia),Servicios postventa,Soporte y Mantenimiento,74.08
2025-05,Occidente,CLI-116,Recurrente (bajo volumen / alta frecuencia),Servicios postventa,Soporte y Mantenimiento,76.45
2025-06,Occidente,CLI-116,Recurrente (bajo volumen / alta frecuencia),Servicios postventa,Soporte y Mantenimiento,95.55
2025-07,Occidente,CLI-116,Recurrente (bajo volumen / alta frecuencia),Servicios postventa,Soporte y Mantenimiento,103.89
2025-08,Occidente,CLI-116,Recurrente (bajo volumen / alta frecuencia),Servicios postventa,Soporte y Mantenimiento,88.82
2025-09,Occidente,CLI-116,Recurrente (bajo volumen / alta frecuencia),Servicios postventa,Soporte y Mantenimiento,103.9
2025-11,Occidente,CLI-116,Recurrente (bajo volumen / alta frecuencia),Servicios postventa,Soporte y Mantenimiento,103.71
2025-12,Occidente,CLI-116,Recurrente (bajo volumen / alta frecuencia),Servicios postventa,Soporte y Mantenimiento,77.45
2026-01,Occidente,CLI-116,Recurrente (bajo volumen / alta frecuencia),Servicios postventa,Soporte y Mantenimiento,114.41
2026-03,Occidente,CLI-116,Recurrente (bajo volumen / alta frecuencia),Servicios postventa,Soporte y Mantenimiento,126.94
2026-04,Occidente,CLI-116,Recurrente (bajo volumen / alta frecuencia),Servicios postventa,Soporte y Mantenimiento,129.37
2026-06,Occidente,CLI-116,Recurrente (bajo volumen / alta frecuencia),Servicios postventa,Soporte y Mantenimiento,110.97
2026-07,Occidente,CLI-116,Recurrente (bajo volumen / alta frecuencia),Servicios postventa,Soporte y Mantenimiento,153.95
2026-08,Occidente,CLI-116,Recurrente (bajo volumen / alta frecuencia),Servicios postventa,Soporte y Mantenimiento,130.02
2025-01,Occidente,CLI-116,Recurrente (bajo volumen / alta frecuencia),Línea Económica,Económica Promocional,156.41
2025-02,Occidente,CLI-116,Recurrente (bajo volumen / alta frecuencia),Línea Económica,Económica Promocional,139.46
2025-03,Occidente,CLI-116,Recurrente (bajo volumen / alta frecuencia),Línea Económica,Económica Promocional,158.03
2025-04,Occidente,CLI-116,Recurrente (bajo volumen / alta frecuencia),Línea Económica,Económica Promocional,160.48
2025-05,Occidente,CLI-116,Recurrente (bajo volumen / alta frecuencia),Línea Económica,Económica Promocional,156.52
2025-06,Occidente,CLI-116,Recurrente (bajo volumen / alta frecuencia),Línea Económica,Económica Promocional,137.75
2025-07,Occidente,CLI-116,Recurrente (bajo volumen / alta frecuencia),Línea Económica,Económica Promocional,144.86
2025-08,Occidente,CLI-116,Recurrente (bajo volumen / alta frecuencia),Línea Económica,Económica Promocional,106.02
2025-09,Occidente,CLI-116,Recurrente (bajo volumen / alta frecuencia),Línea Económica,Económica Promocional,169.42
2025-10,Occidente,CLI-116,Recurrente (bajo volumen / alta frecuencia),Línea Económica,Económica Promocional,129.28
2025-11,Occidente,CLI-116,Recurrente (bajo volumen / alta frecuencia),Línea Económica,Económica Promocional,164.23
2025-12,Occidente,CLI-116,Recurrente (bajo volumen / alta frecuencia),Línea Económica,Económica Promocional,124.58
2026-01,Occidente,CLI-116,Recurrente (bajo volumen / alta frecuencia),Línea Económica,Económica Promocional,173.18
2026-02,Occidente,CLI-116,Recurrente (bajo volumen / alta frecuencia),Línea Económica,Económica Promocional,115.92
2026-03,Occidente,CLI-116,Recurrente (bajo volumen / alta frecuencia),Línea Económica,Económica Promocional,141.41
2026-04,Occidente,CLI-116,Recurrente (bajo volumen / alta frecuencia),Línea Económica,Económica Promocional,160.86
2026-05,Occidente,CLI-116,Recurrente (bajo volumen / alta frecuencia),Línea Económica,Económica Promocional,141.79
2026-08,Occidente,CLI-116,Recurrente (bajo volumen / alta frecuencia),Línea Económica,Económica Promocional,176.11
2025-01,Occidente,CLI-116,Recurrente (bajo volumen / alta frecuencia),Línea Económica,Económica Básica,156.24
2025-02,Occidente,CLI-116,Recurrente (bajo volumen / alta frecuencia),Línea Económica,Económica Básica,199.09
2025-04,Occidente,CLI-116,Recurrente (bajo volumen / alta frecuencia),Línea Económica,Económica Básica,183.26
2025-05,Occidente,CLI-116,Recurrente (bajo volumen / alta frecuencia),Línea Económica,Económica Básica,194.71
2025-06,Occidente,CLI-116,Recurrente (bajo volumen / alta frecuencia),Línea Económica,Económica Básica,191.06
2025-07,Occidente,CLI-116,Recurrente (bajo volumen / alta frecuencia),Línea Económica,Económica Básica,175.47
2025-09,Occidente,CLI-116,Recurrente (bajo volumen / alta frecuencia),Línea Económica,Económica Básica,165.0
2025-10,Occidente,CLI-116,Recurrente (bajo volumen / alta frecuencia),Línea Económica,Económica Básica,168.1
2025-12,Occidente,CLI-116,Recurrente (bajo volumen / alta frecuencia),Línea Económica,Económica Básica,153.59
2026-01,Occidente,CLI-116,Recurrente (bajo volumen / alta frecuencia),Línea Económica,Económica Básica,140.21
2026-02,Occidente,CLI-116,Recurrente (bajo volumen / alta frecuencia),Línea Económica,Económica Básica,196.32
2026-03,Occidente,CLI-116,Recurrente (bajo volumen / alta frecuencia),Línea Económica,Económica Básica,238.34
2026-04,Occidente,CLI-116,Recurrente (bajo volumen / alta frecuencia),Línea Económica,Económica Básica,185.26
2026-05,Occidente,CLI-116,Recurrente (bajo volumen / alta frecuencia),Línea Económica,Económica Básica,201.1
2026-06,Occidente,CLI-116,Recurrente (bajo volumen / alta frecuencia),Línea Económica,Económica Básica,210.88
2026-08,Occidente,CLI-116,Recurrente (bajo volumen / alta frecuencia),Línea Económica,Económica Básica,194.56
2025-01,Centro,CLI-117,Recurrente (bajo volumen / alta frecuencia),Línea Estándar,Estándar Mayoreo,348.01
2025-02,Centro,CLI-117,Recurrente (bajo volumen / alta frecuencia),Línea Estándar,Estándar Mayoreo,323.06
2025-03,Centro,CLI-117,Recurrente (bajo volumen / alta frecuencia),Línea Estándar,Estándar Mayoreo,339.64
2025-04,Centro,CLI-117,Recurrente (bajo volumen / alta frecuencia),Línea Estándar,Estándar Mayoreo,276.76
2025-05,Centro,CLI-117,Recurrente (bajo volumen / alta frecuencia),Línea Estándar,Estándar Mayoreo,322.67
2025-06,Centro,CLI-117,Recurrente (bajo volumen / alta frecuencia),Línea Estándar,Estándar Mayoreo,269.72
2025-07,Centro,CLI-117,Recurrente (bajo volumen / alta frecuencia),Línea Estándar,Estándar Mayoreo,336.55
2025-08,Centro,CLI-117,Recurrente (bajo volumen / alta frecuencia),Línea Estándar,Estándar Mayoreo,303.26
2025-10,Centro,CLI-117,Recurrente (bajo volumen / alta frecuencia),Línea Estándar,Estándar Mayoreo,301.7
2025-11,Centro,CLI-117,Recurrente (bajo volumen / alta frecuencia),Línea Estándar,Estándar Mayoreo,321.01
2025-12,Centro,CLI-117,Recurrente (bajo volumen / alta frecuencia),Línea Estándar,Estándar Mayoreo,331.36
2026-01,Centro,CLI-117,Recurrente (bajo volumen / alta frecuencia),Línea Estándar,Estándar Mayoreo,334.25
2026-02,Centro,CLI-117,Recurrente (bajo volumen / alta frecuencia),Línea Estándar,Estándar Mayoreo,342.27
2026-04,Centro,CLI-117,Recurrente (bajo volumen / alta frecuencia),Línea Estándar,Estándar Mayoreo,320.41
2026-05,Centro,CLI-117,Recurrente (bajo volumen / alta frecuencia),Línea Estándar,Estándar Mayoreo,321.02
2026-06,Centro,CLI-117,Recurrente (bajo volumen / alta frecuencia),Línea Estándar,Estándar Mayoreo,340.87
2026-07,Centro,CLI-117,Recurrente (bajo volumen / alta frecuencia),Línea Estándar,Estándar Mayoreo,296.01
2026-08,Centro,CLI-117,Recurrente (bajo volumen / alta frecuencia),Línea Estándar,Estándar Mayoreo,214.72
2025-01,Centro,CLI-117,Recurrente (bajo volumen / alta frecuencia),Servicios postventa,Soporte y Mantenimiento,101.61
2025-02,Centro,CLI-117,Recurrente (bajo volumen / alta frecuencia),Servicios postventa,Soporte y Mantenimiento,86.54
2025-03,Centro,CLI-117,Recurrente (bajo volumen / alta frecuencia),Servicios postventa,Soporte y Mantenimiento,96.97
2025-04,Centro,CLI-117,Recurrente (bajo volumen / alta frecuencia),Servicios postventa,Soporte y Mantenimiento,122.25
2025-07,Centro,CLI-117,Recurrente (bajo volumen / alta frecuencia),Servicios postventa,Soporte y Mantenimiento,86.8
2025-09,Centro,CLI-117,Recurrente (bajo volumen / alta frecuencia),Servicios postventa,Soporte y Mantenimiento,100.71
2025-11,Centro,CLI-117,Recurrente (bajo volumen / alta frecuencia),Servicios postventa,Soporte y Mantenimiento,122.89
2025-12,Centro,CLI-117,Recurrente (bajo volumen / alta frecuencia),Servicios postventa,Soporte y Mantenimiento,129.96
2026-02,Centro,CLI-117,Recurrente (bajo volumen / alta frecuencia),Servicios postventa,Soporte y Mantenimiento,151.01
2026-04,Centro,CLI-117,Recurrente (bajo volumen / alta frecuencia),Servicios postventa,Soporte y Mantenimiento,96.38
2026-05,Centro,CLI-117,Recurrente (bajo volumen / alta frecuencia),Servicios postventa,Soporte y Mantenimiento,132.97
2025-01,Centro,CLI-117,Recurrente (bajo volumen / alta frecuencia),Línea Económica,Económica Básica,205.83
2025-02,Centro,CLI-117,Recurrente (bajo volumen / alta frecuencia),Línea Económica,Económica Básica,141.24
2025-03,Centro,CLI-117,Recurrente (bajo volumen / alta frecuencia),Línea Económica,Económica Básica,161.68
2025-06,Centro,CLI-117,Recurrente (bajo volumen / alta frecuencia),Línea Económica,Económica Básica,180.52
2025-07,Centro,CLI-117,Recurrente (bajo volumen / alta frecuencia),Línea Económica,Económica Básica,164.44
2025-08,Centro,CLI-117,Recurrente (bajo volumen / alta frecuencia),Línea Económica,Económica Básica,140.92
2025-10,Centro,CLI-117,Recurrente (bajo volumen / alta frecuencia),Línea Económica,Económica Básica,185.38
2025-11,Centro,CLI-117,Recurrente (bajo volumen / alta frecuencia),Línea Económica,Económica Básica,186.68
2025-12,Centro,CLI-117,Recurrente (bajo volumen / alta frecuencia),Línea Económica,Económica Básica,169.3
2026-01,Centro,CLI-117,Recurrente (bajo volumen / alta frecuencia),Línea Económica,Económica Básica,173.67
2026-02,Centro,CLI-117,Recurrente (bajo volumen / alta frecuencia),Línea Económica,Económica Básica,140.6
2026-04,Centro,CLI-117,Recurrente (bajo volumen / alta frecuencia),Línea Económica,Económica Básica,169.23
2026-05,Centro,CLI-117,Recurrente (bajo volumen / alta frecuencia),Línea Económica,Económica Básica,155.18
2026-06,Centro,CLI-117,Recurrente (bajo volumen / alta frecuencia),Línea Económica,Económica Básica,155.67
2026-07,Centro,CLI-117,Recurrente (bajo volumen / alta frecuencia),Línea Económica,Económica Básica,169.38
2025-01,Centro,CLI-117,Recurrente (bajo volumen / alta frecuencia),Línea Estándar,Estándar Retail,304.2
2025-02,Centro,CLI-117,Recurrente (bajo volumen / alta frecuencia),Línea Estándar,Estándar Retail,279.04
2025-04,Centro,CLI-117,Recurrente (bajo volumen / alta frecuencia),Línea Estándar,Estándar Retail,212.1
2025-05,Centro,CLI-117,Recurrente (bajo volumen / alta frecuencia),Línea Estándar,Estándar Retail,242.7
2025-06,Centro,CLI-117,Recurrente (bajo volumen / alta frecuencia),Línea Estándar,Estándar Retail,260.53
2025-07,Centro,CLI-117,Recurrente (bajo volumen / alta frecuencia),Línea Estándar,Estándar Retail,295.92
2025-08,Centro,CLI-117,Recurrente (bajo volumen / alta frecuencia),Línea Estándar,Estándar Retail,314.7
2025-09,Centro,CLI-117,Recurrente (bajo volumen / alta frecuencia),Línea Estándar,Estándar Retail,300.46
2025-10,Centro,CLI-117,Recurrente (bajo volumen / alta frecuencia),Línea Estándar,Estándar Retail,265.0
2025-11,Centro,CLI-117,Recurrente (bajo volumen / alta frecuencia),Línea Estándar,Estándar Retail,278.57
2026-01,Centro,CLI-117,Recurrente (bajo volumen / alta frecuencia),Línea Estándar,Estándar Retail,294.33
2026-03,Centro,CLI-117,Recurrente (bajo volumen / alta frecuencia),Línea Estándar,Estándar Retail,236.04
2026-04,Centro,CLI-117,Recurrente (bajo volumen / alta frecuencia),Línea Estándar,Estándar Retail,249.05
2026-05,Centro,CLI-117,Recurrente (bajo volumen / alta frecuencia),Línea Estándar,Estándar Retail,197.32
2026-06,Centro,CLI-117,Recurrente (bajo volumen / alta frecuencia),Línea Estándar,Estándar Retail,270.63
2026-07,Centro,CLI-117,Recurrente (bajo volumen / alta frecuencia),Línea Estándar,Estándar Retail,229.81
2026-08,Centro,CLI-117,Recurrente (bajo volumen / alta frecuencia),Línea Estándar,Estándar Retail,221.61
2025-01,Centro,CLI-117,Recurrente (bajo volumen / alta frecuencia),Línea Económica,Económica Promocional,153.15
2025-03,Centro,CLI-117,Recurrente (bajo volumen / alta frecuencia),Línea Económica,Económica Promocional,155.45
2025-05,Centro,CLI-117,Recurrente (bajo volumen / alta frecuencia),Línea Económica,Económica Promocional,138.23
2025-06,Centro,CLI-117,Recurrente (bajo volumen / alta frecuencia),Línea Económica,Económica Promocional,158.31
2025-08,Centro,CLI-117,Recurrente (bajo volumen / alta frecuencia),Línea Económica,Económica Promocional,129.87
2025-09,Centro,CLI-117,Recurrente (bajo volumen / alta frecuencia),Línea Económica,Económica Promocional,161.69
2025-10,Centro,CLI-117,Recurrente (bajo volumen / alta frecuencia),Línea Económica,Económica Promocional,151.76
2025-11,Centro,CLI-117,Recurrente (bajo volumen / alta frecuencia),Línea Económica,Económica Promocional,137.82
2025-12,Centro,CLI-117,Recurrente (bajo volumen / alta frecuencia),Línea Económica,Económica Promocional,166.74
2026-01,Centro,CLI-117,Recurrente (bajo volumen / alta frecuencia),Línea Económica,Económica Promocional,135.54
2026-02,Centro,CLI-117,Recurrente (bajo volumen / alta frecuencia),Línea Económica,Económica Promocional,140.79
2026-04,Centro,CLI-117,Recurrente (bajo volumen / alta frecuencia),Línea Económica,Económica Promocional,159.23
2026-05,Centro,CLI-117,Recurrente (bajo volumen / alta frecuencia),Línea Económica,Económica Promocional,124.06
2026-06,Centro,CLI-117,Recurrente (bajo volumen / alta frecuencia),Línea Económica,Económica Promocional,111.95
2026-07,Centro,CLI-117,Recurrente (bajo volumen / alta frecuencia),Línea Económica,Económica Promocional,148.91
2025-01,Occidente,CLI-118,Ocasional (alto volumen / baja frecuencia),Línea Premium,Premium Exportación,985.12
2025-03,Occidente,CLI-118,Ocasional (alto volumen / baja frecuencia),Línea Premium,Premium Exportación,1084.67
2025-05,Occidente,CLI-118,Ocasional (alto volumen / baja frecuencia),Línea Premium,Premium Exportación,1132.66
2025-06,Occidente,CLI-118,Ocasional (alto volumen / baja frecuencia),Línea Premium,Premium Exportación,1099.05
2025-08,Occidente,CLI-118,Ocasional (alto volumen / baja frecuencia),Línea Premium,Premium Exportación,1036.0
2025-12,Occidente,CLI-118,Ocasional (alto volumen / baja frecuencia),Línea Premium,Premium Exportación,1454.96
2026-03,Occidente,CLI-118,Ocasional (alto volumen / baja frecuencia),Línea Premium,Premium Exportación,1108.27
2026-07,Occidente,CLI-118,Ocasional (alto volumen / baja frecuencia),Línea Premium,Premium Exportación,1345.55
2026-08,Occidente,CLI-118,Ocasional (alto volumen / baja frecuencia),Línea Premium,Premium Exportación,1208.25
2025-04,Occidente,CLI-118,Ocasional (alto volumen / baja frecuencia),Línea Estándar,Estándar Mayoreo,843.65
2025-07,Occidente,CLI-118,Ocasional (alto volumen / baja frecuencia),Línea Estándar,Estándar Mayoreo,1244.87
2026-07,Occidente,CLI-118,Ocasional (alto volumen / baja frecuencia),Línea Estándar,Estándar Mayoreo,1132.2
2025-02,Occidente,CLI-118,Ocasional (alto volumen / baja frecuencia),Línea Premium,Premium Oficina,772.76
2025-07,Occidente,CLI-118,Ocasional (alto volumen / baja frecuencia),Línea Premium,Premium Oficina,942.53
2025-11,Occidente,CLI-118,Ocasional (alto volumen / baja frecuencia),Línea Premium,Premium Oficina,724.71
2026-08,Occidente,CLI-118,Ocasional (alto volumen / baja frecuencia),Línea Premium,Premium Oficina,776.51
2025-01,Occidente,CLI-118,Ocasional (alto volumen / baja frecuencia),Servicios postventa,Soporte y Mantenimiento,299.21
2025-02,Occidente,CLI-118,Ocasional (alto volumen / baja frecuencia),Servicios postventa,Soporte y Mantenimiento,279.78
2025-03,Occidente,CLI-118,Ocasional (alto volumen / baja frecuencia),Servicios postventa,Soporte y Mantenimiento,252.91
2025-04,Occidente,CLI-118,Ocasional (alto volumen / baja frecuencia),Servicios postventa,Soporte y Mantenimiento,186.05
2025-06,Occidente,CLI-118,Ocasional (alto volumen / baja frecuencia),Servicios postventa,Soporte y Mantenimiento,312.82
2026-07,Occidente,CLI-118,Ocasional (alto volumen / baja frecuencia),Servicios postventa,Soporte y Mantenimiento,349.74
2025-03,Occidente,CLI-119,Esporádico (bajo volumen / baja frecuencia),Servicios postventa,Soporte y Mantenimiento,111.21
2025-11,Occidente,CLI-119,Esporádico (bajo volumen / baja frecuencia),Servicios postventa,Soporte y Mantenimiento,137.07
2026-07,Occidente,CLI-119,Esporádico (bajo volumen / baja frecuencia),Servicios postventa,Soporte y Mantenimiento,105.12
2025-01,Norte,CLI-120,Esporádico (bajo volumen / baja frecuencia),Línea Económica,Económica Promocional,147.77
2025-08,Norte,CLI-120,Esporádico (bajo volumen / baja frecuencia),Línea Económica,Económica Promocional,142.2
2026-07,Norte,CLI-120,Esporádico (bajo volumen / baja frecuencia),Línea Económica,Económica Promocional,142.75
2025-03,Norte,CLI-120,Esporádico (bajo volumen / baja frecuencia),Línea Económica,Económica Básica,196.71
2025-04,Norte,CLI-120,Esporádico (bajo volumen / baja frecuencia),Línea Económica,Económica Básica,187.04
2025-05,Norte,CLI-120,Esporádico (bajo volumen / baja frecuencia),Línea Económica,Económica Básica,160.72
2025-06,Norte,CLI-120,Esporádico (bajo volumen / baja frecuencia),Línea Económica,Económica Básica,175.06
2026-01,Norte,CLI-120,Esporádico (bajo volumen / baja frecuencia),Línea Económica,Económica Básica,197.61
2026-04,Norte,CLI-120,Esporádico (bajo volumen / baja frecuencia),Línea Económica,Económica Básica,133.52
2026-07,Norte,CLI-120,Esporádico (bajo volumen / baja frecuencia),Línea Económica,Económica Básica,174.53
2025-05,Norte,CLI-120,Esporádico (bajo volumen / baja frecuencia),Línea Premium,Premium Exportación,338.43
2025-10,Norte,CLI-120,Esporádico (bajo volumen / baja frecuencia),Línea Premium,Premium Exportación,413.72
2026-08,Norte,CLI-120,Esporádico (bajo volumen / baja frecuencia),Línea Premium,Premium Exportación,333.79
2025-02,Centro,CLI-121,Recurrente (bajo volumen / alta frecuencia),Servicios postventa,Soporte y Mantenimiento,118.22
2025-03,Centro,CLI-121,Recurrente (bajo volumen / alta frecuencia),Servicios postventa,Soporte y Mantenimiento,95.23
2025-05,Centro,CLI-121,Recurrente (bajo volumen / alta frecuencia),Servicios postventa,Soporte y Mantenimiento,135.68
2025-06,Centro,CLI-121,Recurrente (bajo volumen / alta frecuencia),Servicios postventa,Soporte y Mantenimiento,102.14
2025-07,Centro,CLI-121,Recurrente (bajo volumen / alta frecuencia),Servicios postventa,Soporte y Mantenimiento,117.92
2025-09,Centro,CLI-121,Recurrente (bajo volumen / alta frecuencia),Servicios postventa,Soporte y Mantenimiento,129.67
2025-10,Centro,CLI-121,Recurrente (bajo volumen / alta frecuencia),Servicios postventa,Soporte y Mantenimiento,127.86
2025-11,Centro,CLI-121,Recurrente (bajo volumen / alta frecuencia),Servicios postventa,Soporte y Mantenimiento,106.12
2025-12,Centro,CLI-121,Recurrente (bajo volumen / alta frecuencia),Servicios postventa,Soporte y Mantenimiento,136.07
2026-01,Centro,CLI-121,Recurrente (bajo volumen / alta frecuencia),Servicios postventa,Soporte y Mantenimiento,122.35
2026-02,Centro,CLI-121,Recurrente (bajo volumen / alta frecuencia),Servicios postventa,Soporte y Mantenimiento,140.17
2026-03,Centro,CLI-121,Recurrente (bajo volumen / alta frecuencia),Servicios postventa,Soporte y Mantenimiento,138.02
2026-06,Centro,CLI-121,Recurrente (bajo volumen / alta frecuencia),Servicios postventa,Soporte y Mantenimiento,152.86
2026-07,Centro,CLI-121,Recurrente (bajo volumen / alta frecuencia),Servicios postventa,Soporte y Mantenimiento,125.13
2026-08,Centro,CLI-121,Recurrente (bajo volumen / alta frecuencia),Servicios postventa,Soporte y Mantenimiento,163.84
2025-02,Centro,CLI-121,Recurrente (bajo volumen / alta frecuencia),Línea Premium,Premium Exportación,394.17
2025-03,Centro,CLI-121,Recurrente (bajo volumen / alta frecuencia),Línea Premium,Premium Exportación,532.04
2025-04,Centro,CLI-121,Recurrente (bajo volumen / alta frecuencia),Línea Premium,Premium Exportación,436.23
2025-05,Centro,CLI-121,Recurrente (bajo volumen / alta frecuencia),Línea Premium,Premium Exportación,525.59
2025-06,Centro,CLI-121,Recurrente (bajo volumen / alta frecuencia),Línea Premium,Premium Exportación,493.6
2025-08,Centro,CLI-121,Recurrente (bajo volumen / alta frecuencia),Línea Premium,Premium Exportación,469.34
2025-09,Centro,CLI-121,Recurrente (bajo volumen / alta frecuencia),Línea Premium,Premium Exportación,574.27
2025-10,Centro,CLI-121,Recurrente (bajo volumen / alta frecuencia),Línea Premium,Premium Exportación,443.08
2025-11,Centro,CLI-121,Recurrente (bajo volumen / alta frecuencia),Línea Premium,Premium Exportación,501.01
2025-12,Centro,CLI-121,Recurrente (bajo volumen / alta frecuencia),Línea Premium,Premium Exportación,417.17
2026-01,Centro,CLI-121,Recurrente (bajo volumen / alta frecuencia),Línea Premium,Premium Exportación,511.75
2026-02,Centro,CLI-121,Recurrente (bajo volumen / alta frecuencia),Línea Premium,Premium Exportación,490.03
2026-05,Centro,CLI-121,Recurrente (bajo volumen / alta frecuencia),Línea Premium,Premium Exportación,519.9
2026-06,Centro,CLI-121,Recurrente (bajo volumen / alta frecuencia),Línea Premium,Premium Exportación,675.92
2026-08,Centro,CLI-121,Recurrente (bajo volumen / alta frecuencia),Línea Premium,Premium Exportación,533.94
2025-02,Centro,CLI-121,Recurrente (bajo volumen / alta frecuencia),Línea Estándar,Estándar Retail,243.81
2025-03,Centro,CLI-121,Recurrente (bajo volumen / alta frecuencia),Línea Estándar,Estándar Retail,304.79
2025-04,Centro,CLI-121,Recurrente (bajo volumen / alta frecuencia),Línea Estándar,Estándar Retail,349.44
2025-05,Centro,CLI-121,Recurrente (bajo volumen / alta frecuencia),Línea Estándar,Estándar Retail,356.49
2025-06,Centro,CLI-121,Recurrente (bajo volumen / alta frecuencia),Línea Estándar,Estándar Retail,309.15
2025-07,Centro,CLI-121,Recurrente (bajo volumen / alta frecuencia),Línea Estándar,Estándar Retail,313.96
2025-09,Centro,CLI-121,Recurrente (bajo volumen / alta frecuencia),Línea Estándar,Estándar Retail,257.18
2025-10,Centro,CLI-121,Recurrente (bajo volumen / alta frecuencia),Línea Estándar,Estándar Retail,284.95
2025-11,Centro,CLI-121,Recurrente (bajo volumen / alta frecuencia),Línea Estándar,Estándar Retail,301.37
2025-12,Centro,CLI-121,Recurrente (bajo volumen / alta frecuencia),Línea Estándar,Estándar Retail,301.26
2026-02,Centro,CLI-121,Recurrente (bajo volumen / alta frecuencia),Línea Estándar,Estándar Retail,365.21
2026-03,Centro,CLI-121,Recurrente (bajo volumen / alta frecuencia),Línea Estándar,Estándar Retail,283.67
2026-04,Centro,CLI-121,Recurrente (bajo volumen / alta frecuencia),Línea Estándar,Estándar Retail,368.76
2026-05,Centro,CLI-121,Recurrente (bajo volumen / alta frecuencia),Línea Estándar,Estándar Retail,326.76
2026-06,Centro,CLI-121,Recurrente (bajo volumen / alta frecuencia),Línea Estándar,Estándar Retail,268.26
2025-01,Centro,CLI-121,Recurrente (bajo volumen / alta frecuencia),Línea Estándar,Estándar Mayoreo,336.77
2025-02,Centro,CLI-121,Recurrente (bajo volumen / alta frecuencia),Línea Estándar,Estándar Mayoreo,405.57
2025-03,Centro,CLI-121,Recurrente (bajo volumen / alta frecuencia),Línea Estándar,Estándar Mayoreo,371.32
2025-04,Centro,CLI-121,Recurrente (bajo volumen / alta frecuencia),Línea Estándar,Estándar Mayoreo,496.95
2025-06,Centro,CLI-121,Recurrente (bajo volumen / alta frecuencia),Línea Estándar,Estándar Mayoreo,357.45
2025-07,Centro,CLI-121,Recurrente (bajo volumen / alta frecuencia),Línea Estándar,Estándar Mayoreo,420.03
2025-08,Centro,CLI-121,Recurrente (bajo volumen / alta frecuencia),Línea Estándar,Estándar Mayoreo,413.79
2025-09,Centro,CLI-121,Recurrente (bajo volumen / alta frecuencia),Línea Estándar,Estándar Mayoreo,383.97
2025-10,Centro,CLI-121,Recurrente (bajo volumen / alta frecuencia),Línea Estándar,Estándar Mayoreo,342.11
2025-12,Centro,CLI-121,Recurrente (bajo volumen / alta frecuencia),Línea Estándar,Estándar Mayoreo,470.83
2026-01,Centro,CLI-121,Recurrente (bajo volumen / alta frecuencia),Línea Estándar,Estándar Mayoreo,310.82
2026-02,Centro,CLI-121,Recurrente (bajo volumen / alta frecuencia),Línea Estándar,Estándar Mayoreo,415.36
2026-03,Centro,CLI-121,Recurrente (bajo volumen / alta frecuencia),Línea Estándar,Estándar Mayoreo,351.67
2026-05,Centro,CLI-121,Recurrente (bajo volumen / alta frecuencia),Línea Estándar,Estándar Mayoreo,353.9
2026-06,Centro,CLI-121,Recurrente (bajo volumen / alta frecuencia),Línea Estándar,Estándar Mayoreo,352.06
2025-01,Occidente,CLI-122,VIP (alto volumen / alta frecuencia),Línea Premium,Premium Oficina,879.65
2025-02,Occidente,CLI-122,VIP (alto volumen / alta frecuencia),Línea Premium,Premium Oficina,898.66
2025-04,Occidente,CLI-122,VIP (alto volumen / alta frecuencia),Línea Premium,Premium Oficina,925.07
2025-05,Occidente,CLI-122,VIP (alto volumen / alta frecuencia),Línea Premium,Premium Oficina,847.1
2025-06,Occidente,CLI-122,VIP (alto volumen / alta frecuencia),Línea Premium,Premium Oficina,802.19
2025-07,Occidente,CLI-122,VIP (alto volumen / alta frecuencia),Línea Premium,Premium Oficina,819.75
2025-08,Occidente,CLI-122,VIP (alto volumen / alta frecuencia),Línea Premium,Premium Oficina,905.8
2025-09,Occidente,CLI-122,VIP (alto volumen / alta frecuencia),Línea Premium,Premium Oficina,890.35
2025-10,Occidente,CLI-122,VIP (alto volumen / alta frecuencia),Línea Premium,Premium Oficina,650.57
2025-11,Occidente,CLI-122,VIP (alto volumen / alta frecuencia),Línea Premium,Premium Oficina,816.45
2025-12,Occidente,CLI-122,VIP (alto volumen / alta frecuencia),Línea Premium,Premium Oficina,698.35
2026-01,Occidente,CLI-122,VIP (alto volumen / alta frecuencia),Línea Premium,Premium Oficina,932.27
2026-03,Occidente,CLI-122,VIP (alto volumen / alta frecuencia),Línea Premium,Premium Oficina,851.75
2026-05,Occidente,CLI-122,VIP (alto volumen / alta frecuencia),Línea Premium,Premium Oficina,831.02
2026-06,Occidente,CLI-122,VIP (alto volumen / alta frecuencia),Línea Premium,Premium Oficina,873.7
2026-07,Occidente,CLI-122,VIP (alto volumen / alta frecuencia),Línea Premium,Premium Oficina,629.61
2026-08,Occidente,CLI-122,VIP (alto volumen / alta frecuencia),Línea Premium,Premium Oficina,861.0
2025-01,Occidente,CLI-122,VIP (alto volumen / alta frecuencia),Línea Premium,Premium Hogar,933.5
2025-02,Occidente,CLI-122,VIP (alto volumen / alta frecuencia),Línea Premium,Premium Hogar,1072.94
2025-03,Occidente,CLI-122,VIP (alto volumen / alta frecuencia),Línea Premium,Premium Hogar,839.0
2025-04,Occidente,CLI-122,VIP (alto volumen / alta frecuencia),Línea Premium,Premium Hogar,870.4
2025-05,Occidente,CLI-122,VIP (alto volumen / alta frecuencia),Línea Premium,Premium Hogar,953.56
2025-07,Occidente,CLI-122,VIP (alto volumen / alta frecuencia),Línea Premium,Premium Hogar,1069.0
2025-08,Occidente,CLI-122,VIP (alto volumen / alta frecuencia),Línea Premium,Premium Hogar,1152.94
2025-09,Occidente,CLI-122,VIP (alto volumen / alta frecuencia),Línea Premium,Premium Hogar,1073.37
2025-10,Occidente,CLI-122,VIP (alto volumen / alta frecuencia),Línea Premium,Premium Hogar,1071.85
2025-11,Occidente,CLI-122,VIP (alto volumen / alta frecuencia),Línea Premium,Premium Hogar,1038.76
2025-12,Occidente,CLI-122,VIP (alto volumen / alta frecuencia),Línea Premium,Premium Hogar,1011.9
2026-01,Occidente,CLI-122,VIP (alto volumen / alta frecuencia),Línea Premium,Premium Hogar,1189.26
2026-02,Occidente,CLI-122,VIP (alto volumen / alta frecuencia),Línea Premium,Premium Hogar,1178.8
2026-03,Occidente,CLI-122,VIP (alto volumen / alta frecuencia),Línea Premium,Premium Hogar,1014.43
2026-04,Occidente,CLI-122,VIP (alto volumen / alta frecuencia),Línea Premium,Premium Hogar,1489.41
2026-05,Occidente,CLI-122,VIP (alto volumen / alta frecuencia),Línea Premium,Premium Hogar,1218.87
2026-06,Occidente,CLI-122,VIP (alto volumen / alta frecuencia),Línea Premium,Premium Hogar,1113.3
2026-07,Occidente,CLI-122,VIP (alto volumen / alta frecuencia),Línea Premium,Premium Hogar,1111.08
2026-08,Occidente,CLI-122,VIP (alto volumen / alta frecuencia),Línea Premium,Premium Hogar,1167.72
2025-01,Occidente,CLI-122,VIP (alto volumen / alta frecuencia),Línea Estándar,Estándar Retail,499.36
2025-02,Occidente,CLI-122,VIP (alto volumen / alta frecuencia),Línea Estándar,Estándar Retail,576.56
2025-03,Occidente,CLI-122,VIP (alto volumen / alta frecuencia),Línea Estándar,Estándar Retail,629.52
2025-04,Occidente,CLI-122,VIP (alto volumen / alta frecuencia),Línea Estándar,Estándar Retail,719.41
2025-05,Occidente,CLI-122,VIP (alto volumen / alta frecuencia),Línea Estándar,Estándar Retail,628.08
2025-06,Occidente,CLI-122,VIP (alto volumen / alta frecuencia),Línea Estándar,Estándar Retail,642.5
2025-07,Occidente,CLI-122,VIP (alto volumen / alta frecuencia),Línea Estándar,Estándar Retail,642.94
2025-08,Occidente,CLI-122,VIP (alto volumen / alta frecuencia),Línea Estándar,Estándar Retail,690.25
2025-09,Occidente,CLI-122,VIP (alto volumen / alta frecuencia),Línea Estándar,Estándar Retail,725.66
2025-11,Occidente,CLI-122,VIP (alto volumen / alta frecuencia),Línea Estándar,Estándar Retail,619.6
2025-12,Occidente,CLI-122,VIP (alto volumen / alta frecuencia),Línea Estándar,Estándar Retail,633.75
2026-01,Occidente,CLI-122,VIP (alto volumen / alta frecuencia),Línea Estándar,Estándar Retail,639.06
2026-02,Occidente,CLI-122,VIP (alto volumen / alta frecuencia),Línea Estándar,Estándar Retail,758.6
2026-03,Occidente,CLI-122,VIP (alto volumen / alta frecuencia),Línea Estándar,Estándar Retail,563.08
2026-04,Occidente,CLI-122,VIP (alto volumen / alta frecuencia),Línea Estándar,Estándar Retail,662.52
2026-05,Occidente,CLI-122,VIP (alto volumen / alta frecuencia),Línea Estándar,Estándar Retail,602.87
2026-07,Occidente,CLI-122,VIP (alto volumen / alta frecuencia),Línea Estándar,Estándar Retail,688.14
2025-01,Occidente,CLI-122,VIP (alto volumen / alta frecuencia),Línea Premium,Premium Exportación,960.07
2025-02,Occidente,CLI-122,VIP (alto volumen / alta frecuencia),Línea Premium,Premium Exportación,766.9
2025-03,Occidente,CLI-122,VIP (alto volumen / alta frecuencia),Línea Premium,Premium Exportación,1011.43
2025-04,Occidente,CLI-122,VIP (alto volumen / alta frecuencia),Línea Premium,Premium Exportación,897.74
2025-06,Occidente,CLI-122,VIP (alto volumen / alta frecuencia),Línea Premium,Premium Exportación,1254.63
2025-07,Occidente,CLI-122,VIP (alto volumen / alta frecuencia),Línea Premium,Premium Exportación,960.04
2025-08,Occidente,CLI-122,VIP (alto volumen / alta frecuencia),Línea Premium,Premium Exportación,1075.33
2025-09,Occidente,CLI-122,VIP (alto volumen / alta frecuencia),Línea Premium,Premium Exportación,1022.54
2025-11,Occidente,CLI-122,VIP (alto volumen / alta frecuencia),Línea Premium,Premium Exportación,1256.73
2025-12,Occidente,CLI-122,VIP (alto volumen / alta frecuencia),Línea Premium,Premium Exportación,1160.54
2026-01,Occidente,CLI-122,VIP (alto volumen / alta frecuencia),Línea Premium,Premium Exportación,1290.84
2026-02,Occidente,CLI-122,VIP (alto volumen / alta frecuencia),Línea Premium,Premium Exportación,1132.84
2026-03,Occidente,CLI-122,VIP (alto volumen / alta frecuencia),Línea Premium,Premium Exportación,1171.31
2026-04,Occidente,CLI-122,VIP (alto volumen / alta frecuencia),Línea Premium,Premium Exportación,1223.76
2026-05,Occidente,CLI-122,VIP (alto volumen / alta frecuencia),Línea Premium,Premium Exportación,1295.28
2026-07,Occidente,CLI-122,VIP (alto volumen / alta frecuencia),Línea Premium,Premium Exportación,1265.88
2026-08,Occidente,CLI-122,VIP (alto volumen / alta frecuencia),Línea Premium,Premium Exportación,1133.76
2025-01,Occidente,CLI-122,VIP (alto volumen / alta frecuencia),Servicios postventa,Soporte y Mantenimiento,242.93
2025-02,Occidente,CLI-122,VIP (alto volumen / alta frecuencia),Servicios postventa,Soporte y Mantenimiento,234.39
2025-03,Occidente,CLI-122,VIP (alto volumen / alta frecuencia),Servicios postventa,Soporte y Mantenimiento,280.77
2025-04,Occidente,CLI-122,VIP (alto volumen / alta frecuencia),Servicios postventa,Soporte y Mantenimiento,296.88
2025-05,Occidente,CLI-122,VIP (alto volumen / alta frecuencia),Servicios postventa,Soporte y Mantenimiento,250.28
2025-06,Occidente,CLI-122,VIP (alto volumen / alta frecuencia),Servicios postventa,Soporte y Mantenimiento,257.88
2025-07,Occidente,CLI-122,VIP (alto volumen / alta frecuencia),Servicios postventa,Soporte y Mantenimiento,299.33
2025-08,Occidente,CLI-122,VIP (alto volumen / alta frecuencia),Servicios postventa,Soporte y Mantenimiento,293.26
2025-09,Occidente,CLI-122,VIP (alto volumen / alta frecuencia),Servicios postventa,Soporte y Mantenimiento,274.73
2025-12,Occidente,CLI-122,VIP (alto volumen / alta frecuencia),Servicios postventa,Soporte y Mantenimiento,260.82
2026-01,Occidente,CLI-122,VIP (alto volumen / alta frecuencia),Servicios postventa,Soporte y Mantenimiento,325.02
2026-02,Occidente,CLI-122,VIP (alto volumen / alta frecuencia),Servicios postventa,Soporte y Mantenimiento,249.0
2026-03,Occidente,CLI-122,VIP (alto volumen / alta frecuencia),Servicios postventa,Soporte y Mantenimiento,311.86
2026-04,Occidente,CLI-122,VIP (alto volumen / alta frecuencia),Servicios postventa,Soporte y Mantenimiento,319.3
2026-05,Occidente,CLI-122,VIP (alto volumen / alta frecuencia),Servicios postventa,Soporte y Mantenimiento,271.89
2026-06,Occidente,CLI-122,VIP (alto volumen / alta frecuencia),Servicios postventa,Soporte y Mantenimiento,333.65
2026-07,Occidente,CLI-122,VIP (alto volumen / alta frecuencia),Servicios postventa,Soporte y Mantenimiento,354.19
2026-08,Occidente,CLI-122,VIP (alto volumen / alta frecuencia),Servicios postventa,Soporte y Mantenimiento,338.29
2025-09,Sureste,CLI-123,Esporádico (bajo volumen / baja frecuencia),Línea Económica,Económica Básica,297.27
2026-03,Sureste,CLI-123,Esporádico (bajo volumen / baja frecuencia),Línea Económica,Económica Básica,245.13
2026-08,Sureste,CLI-123,Esporádico (bajo volumen / baja frecuencia),Línea Económica,Económica Básica,273.16
2025-01,Sureste,CLI-123,Esporádico (bajo volumen / baja frecuencia),Línea Económica,Económica Promocional,186.3
2025-12,Sureste,CLI-123,Esporádico (bajo volumen / baja frecuencia),Línea Económica,Económica Promocional,202.8
2026-01,Sureste,CLI-123,Esporádico (bajo volumen / baja frecuencia),Línea Económica,Económica Promocional,162.21
2025-07,Norte,CLI-124,Ocasional (alto volumen / baja frecuencia),Línea Premium,Premium Oficina,945.33
2025-09,Norte,CLI-124,Ocasional (alto volumen / baja frecuencia),Línea Premium,Premium Oficina,935.92
2026-05,Norte,CLI-124,Ocasional (alto volumen / baja frecuencia),Línea Premium,Premium Oficina,1024.39
2025-02,Norte,CLI-124,Ocasional (alto volumen / baja frecuencia),Línea Económica,Económica Promocional,456.78
2025-05,Norte,CLI-124,Ocasional (alto volumen / baja frecuencia),Línea Económica,Económica Promocional,408.94
2025-06,Norte,CLI-124,Ocasional (alto volumen / baja frecuencia),Línea Económica,Económica Promocional,433.1
2026-03,Norte,CLI-124,Ocasional (alto volumen / baja frecuencia),Línea Económica,Económica Promocional,476.77
2025-03,Norte,CLI-124,Ocasional (alto volumen / baja frecuencia),Servicios postventa,Soporte y Mantenimiento,332.33
2025-08,Norte,CLI-124,Ocasional (alto volumen / baja frecuencia),Servicios postventa,Soporte y Mantenimiento,335.51
2025-12,Norte,CLI-124,Ocasional (alto volumen / baja frecuencia),Servicios postventa,Soporte y Mantenimiento,362.57
2026-03,Norte,CLI-124,Ocasional (alto volumen / baja frecuencia),Servicios postventa,Soporte y Mantenimiento,400.0
2026-04,Norte,CLI-124,Ocasional (alto volumen / baja frecuencia),Servicios postventa,Soporte y Mantenimiento,396.58
2026-05,Norte,CLI-124,Ocasional (alto volumen / baja frecuencia),Servicios postventa,Soporte y Mantenimiento,306.54
2026-06,Norte,CLI-124,Ocasional (alto volumen / baja frecuencia),Servicios postventa,Soporte y Mantenimiento,345.52
2025-06,Norte,CLI-125,Esporádico (bajo volumen / baja frecuencia),Línea Económica,Económica Básica,129.03
2026-01,Norte,CLI-125,Esporádico (bajo volumen / baja frecuencia),Línea Económica,Económica Básica,132.57
2026-02,Norte,CLI-125,Esporádico (bajo volumen / baja frecuencia),Línea Económica,Económica Básica,131.73
2026-03,Norte,CLI-125,Esporádico (bajo volumen / baja frecuencia),Línea Económica,Económica Básica,130.4
2026-07,Norte,CLI-125,Esporádico (bajo volumen / baja frecuencia),Línea Económica,Económica Básica,125.85
2025-02,Norte,CLI-126,Ocasional (alto volumen / baja frecuencia),Línea Económica,Económica Promocional,534.43
2025-04,Norte,CLI-126,Ocasional (alto volumen / baja frecuencia),Línea Económica,Económica Promocional,526.37
2025-09,Norte,CLI-126,Ocasional (alto volumen / baja frecuencia),Línea Económica,Económica Promocional,413.63
2025-10,Norte,CLI-126,Ocasional (alto volumen / baja frecuencia),Línea Económica,Económica Promocional,480.91
2025-12,Norte,CLI-126,Ocasional (alto volumen / baja frecuencia),Línea Económica,Económica Promocional,564.53
2025-01,Norte,CLI-126,Ocasional (alto volumen / baja frecuencia),Línea Estándar,Estándar Retail,783.01
2025-03,Norte,CLI-126,Ocasional (alto volumen / baja frecuencia),Línea Estándar,Estándar Retail,718.86
2025-04,Norte,CLI-126,Ocasional (alto volumen / baja frecuencia),Línea Estándar,Estándar Retail,675.29
2025-10,Norte,CLI-126,Ocasional (alto volumen / baja frecuencia),Línea Estándar,Estándar Retail,703.27
2025-01,Centro,CLI-127,Esporádico (bajo volumen / baja frecuencia),Línea Económica,Económica Promocional,130.1
2025-11,Centro,CLI-127,Esporádico (bajo volumen / baja frecuencia),Línea Económica,Económica Promocional,140.39
2026-03,Centro,CLI-127,Esporádico (bajo volumen / baja frecuencia),Línea Económica,Económica Promocional,133.98
2026-05,Centro,CLI-127,Esporádico (bajo volumen / baja frecuencia),Línea Premium,Premium Hogar,329.94
2026-06,Centro,CLI-127,Esporádico (bajo volumen / baja frecuencia),Línea Premium,Premium Hogar,344.61
2025-02,Norte,CLI-128,Esporádico (bajo volumen / baja frecuencia),Línea Premium,Premium Exportación,296.43
2025-12,Norte,CLI-128,Esporádico (bajo volumen / baja frecuencia),Línea Premium,Premium Exportación,296.85
2026-06,Norte,CLI-128,Esporádico (bajo volumen / baja frecuencia),Línea Premium,Premium Exportación,390.57
2026-01,Norte,CLI-128,Esporádico (bajo volumen / baja frecuencia),Línea Económica,Económica Promocional,129.15
2026-05,Norte,CLI-128,Esporádico (bajo volumen / baja frecuencia),Línea Económica,Económica Promocional,143.62
2026-03,Norte,CLI-128,Esporádico (bajo volumen / baja frecuencia),Línea Premium,Premium Oficina,256.27
2026-04,Norte,CLI-128,Esporádico (bajo volumen / baja frecuencia),Línea Premium,Premium Oficina,304.94
2026-05,Norte,CLI-128,Esporádico (bajo volumen / baja frecuencia),Línea Premium,Premium Oficina,306.64
2026-07,Norte,CLI-128,Esporádico (bajo volumen / baja frecuencia),Línea Premium,Premium Oficina,268.38
2025-02,Norte,CLI-129,Ocasional (alto volumen / baja frecuencia),Línea Estándar,Estándar Mayoreo,597.93
2025-05,Norte,CLI-129,Ocasional (alto volumen / baja frecuencia),Línea Estándar,Estándar Mayoreo,766.66
2025-12,Norte,CLI-129,Ocasional (alto volumen / baja frecuencia),Línea Estándar,Estándar Mayoreo,838.07
2026-02,Norte,CLI-129,Ocasional (alto volumen / baja frecuencia),Línea Estándar,Estándar Mayoreo,855.09
2026-07,Norte,CLI-129,Ocasional (alto volumen / baja frecuencia),Línea Estándar,Estándar Mayoreo,846.06
2026-08,Norte,CLI-129,Ocasional (alto volumen / baja frecuencia),Línea Estándar,Estándar Mayoreo,531.42
2025-01,Norte,CLI-129,Ocasional (alto volumen / baja frecuencia),Línea Premium,Premium Hogar,846.49
2025-02,Norte,CLI-129,Ocasional (alto volumen / baja frecuencia),Línea Premium,Premium Hogar,1119.05
2025-04,Norte,CLI-129,Ocasional (alto volumen / baja frecuencia),Línea Premium,Premium Hogar,670.07
2025-07,Norte,CLI-129,Ocasional (alto volumen / baja frecuencia),Línea Premium,Premium Hogar,756.35
2026-04,Norte,CLI-129,Ocasional (alto volumen / baja frecuencia),Línea Premium,Premium Hogar,1010.73
2026-07,Norte,CLI-129,Ocasional (alto volumen / baja frecuencia),Línea Premium,Premium Hogar,1029.89
2025-01,Norte,CLI-130,Recurrente (bajo volumen / alta frecuencia),Línea Económica,Económica Básica,183.98
2025-02,Norte,CLI-130,Recurrente (bajo volumen / alta frecuencia),Línea Económica,Económica Básica,164.06
2025-03,Norte,CLI-130,Recurrente (bajo volumen / alta frecuencia),Línea Económica,Económica Básica,151.92
2025-05,Norte,CLI-130,Recurrente (bajo volumen / alta frecuencia),Línea Económica,Económica Básica,155.35
2025-06,Norte,CLI-130,Recurrente (bajo volumen / alta frecuencia),Línea Económica,Económica Básica,161.64
2025-07,Norte,CLI-130,Recurrente (bajo volumen / alta frecuencia),Línea Económica,Económica Básica,172.12
2025-08,Norte,CLI-130,Recurrente (bajo volumen / alta frecuencia),Línea Económica,Económica Básica,181.86
2025-09,Norte,CLI-130,Recurrente (bajo volumen / alta frecuencia),Línea Económica,Económica Básica,173.23
2025-11,Norte,CLI-130,Recurrente (bajo volumen / alta frecuencia),Línea Económica,Económica Básica,162.48
2026-01,Norte,CLI-130,Recurrente (bajo volumen / alta frecuencia),Línea Económica,Económica Básica,169.59
2026-04,Norte,CLI-130,Recurrente (bajo volumen / alta frecuencia),Línea Económica,Económica Básica,145.01
2026-05,Norte,CLI-130,Recurrente (bajo volumen / alta frecuencia),Línea Económica,Económica Básica,162.86
2026-06,Norte,CLI-130,Recurrente (bajo volumen / alta frecuencia),Línea Económica,Económica Básica,157.44
2026-07,Norte,CLI-130,Recurrente (bajo volumen / alta frecuencia),Línea Económica,Económica Básica,124.86
2025-01,Norte,CLI-130,Recurrente (bajo volumen / alta frecuencia),Línea Económica,Económica Promocional,180.7
2025-02,Norte,CLI-130,Recurrente (bajo volumen / alta frecuencia),Línea Económica,Económica Promocional,182.47
2025-04,Norte,CLI-130,Recurrente (bajo volumen / alta frecuencia),Línea Económica,Económica Promocional,186.38
2025-06,Norte,CLI-130,Recurrente (bajo volumen / alta frecuencia),Línea Económica,Económica Promocional,149.12
2025-07,Norte,CLI-130,Recurrente (bajo volumen / alta frecuencia),Línea Económica,Económica Promocional,162.6
2025-08,Norte,CLI-130,Recurrente (bajo volumen / alta frecuencia),Línea Económica,Económica Promocional,159.58
2025-09,Norte,CLI-130,Recurrente (bajo volumen / alta frecuencia),Línea Económica,Económica Promocional,127.78
2025-10,Norte,CLI-130,Recurrente (bajo volumen / alta frecuencia),Línea Económica,Económica Promocional,171.66
2025-12,Norte,CLI-130,Recurrente (bajo volumen / alta frecuencia),Línea Económica,Económica Promocional,168.27
2026-01,Norte,CLI-130,Recurrente (bajo volumen / alta frecuencia),Línea Económica,Económica Promocional,153.12
2026-02,Norte,CLI-130,Recurrente (bajo volumen / alta frecuencia),Línea Económica,Económica Promocional,163.13
2026-06,Norte,CLI-130,Recurrente (bajo volumen / alta frecuencia),Línea Económica,Económica Promocional,137.58
2026-07,Norte,CLI-130,Recurrente (bajo volumen / alta frecuencia),Línea Económica,Económica Promocional,145.65
2025-02,Norte,CLI-130,Recurrente (bajo volumen / alta frecuencia),Línea Premium,Premium Oficina,341.08
2025-03,Norte,CLI-130,Recurrente (bajo volumen / alta frecuencia),Línea Premium,Premium Oficina,326.34
2025-04,Norte,CLI-130,Recurrente (bajo volumen / alta frecuencia),Línea Premium,Premium Oficina,312.74
2025-05,Norte,CLI-130,Recurrente (bajo volumen / alta frecuencia),Línea Premium,Premium Oficina,275.45
2025-08,Norte,CLI-130,Recurrente (bajo volumen / alta frecuencia),Línea Premium,Premium Oficina,265.82
2025-09,Norte,CLI-130,Recurrente (bajo volumen / alta frecuencia),Línea Premium,Premium Oficina,373.62
2025-10,Norte,CLI-130,Recurrente (bajo volumen / alta frecuencia),Línea Premium,Premium Oficina,300.8
2025-11,Norte,CLI-130,Recurrente (bajo volumen / alta frecuencia),Línea Premium,Premium Oficina,366.48
2025-12,Norte,CLI-130,Recurrente (bajo volumen / alta frecuencia),Línea Premium,Premium Oficina,330.09
2026-01,Norte,CLI-130,Recurrente (bajo volumen / alta frecuencia),Línea Premium,Premium Oficina,336.21
2026-02,Norte,CLI-130,Recurrente (bajo volumen / alta frecuencia),Línea Premium,Premium Oficina,350.44
2026-04,Norte,CLI-130,Recurrente (bajo volumen / alta frecuencia),Línea Premium,Premium Oficina,343.97
2026-05,Norte,CLI-130,Recurrente (bajo volumen / alta frecuencia),Línea Premium,Premium Oficina,376.86
2026-06,Norte,CLI-130,Recurrente (bajo volumen / alta frecuencia),Línea Premium,Premium Oficina,395.78
2026-08,Norte,CLI-130,Recurrente (bajo volumen / alta frecuencia),Línea Premium,Premium Oficina,409.18
2025-01,Norte,CLI-130,Recurrente (bajo volumen / alta frecuencia),Servicios postventa,Soporte y Mantenimiento,94.85
2025-02,Norte,CLI-130,Recurrente (bajo volumen / alta frecuencia),Servicios postventa,Soporte y Mantenimiento,96.27
2025-03,Norte,CLI-130,Recurrente (bajo volumen / alta frecuencia),Servicios postventa,Soporte y Mantenimiento,125.55
2025-04,Norte,CLI-130,Recurrente (bajo volumen / alta frecuencia),Servicios postventa,Soporte y Mantenimiento,103.63
2025-06,Norte,CLI-130,Recurrente (bajo volumen / alta frecuencia),Servicios postventa,Soporte y Mantenimiento,146.64
2025-08,Norte,CLI-130,Recurrente (bajo volumen / alta frecuencia),Servicios postventa,Soporte y Mantenimiento,107.69
2025-09,Norte,CLI-130,Recurrente (bajo volumen / alta frecuencia),Servicios postventa,Soporte y Mantenimiento,112.68
2025-10,Norte,CLI-130,Recurrente (bajo volumen / alta frecuencia),Servicios postventa,Soporte y Mantenimiento,105.97
2025-11,Norte,CLI-130,Recurrente (bajo volumen / alta frecuencia),Servicios postventa,Soporte y Mantenimiento,140.93
2025-12,Norte,CLI-130,Recurrente (bajo volumen / alta frecuencia),Servicios postventa,Soporte y Mantenimiento,107.0
2026-01,Norte,CLI-130,Recurrente (bajo volumen / alta frecuencia),Servicios postventa,Soporte y Mantenimiento,124.89
2026-02,Norte,CLI-130,Recurrente (bajo volumen / alta frecuencia),Servicios postventa,Soporte y Mantenimiento,120.29
2026-03,Norte,CLI-130,Recurrente (bajo volumen / alta frecuencia),Servicios postventa,Soporte y Mantenimiento,136.1
2026-04,Norte,CLI-130,Recurrente (bajo volumen / alta frecuencia),Servicios postventa,Soporte y Mantenimiento,90.0
2026-05,Norte,CLI-130,Recurrente (bajo volumen / alta frecuencia),Servicios postventa,Soporte y Mantenimiento,142.4
2026-06,Norte,CLI-130,Recurrente (bajo volumen / alta frecuencia),Servicios postventa,Soporte y Mantenimiento,150.97
2026-08,Norte,CLI-130,Recurrente (bajo volumen / alta frecuencia),Servicios postventa,Soporte y Mantenimiento,127.07
2025-01,Norte,CLI-131,Recurrente (bajo volumen / alta frecuencia),Línea Estándar,Estándar Mayoreo,319.72
2025-02,Norte,CLI-131,Recurrente (bajo volumen / alta frecuencia),Línea Estándar,Estándar Mayoreo,348.51
2025-03,Norte,CLI-131,Recurrente (bajo volumen / alta frecuencia),Línea Estándar,Estándar Mayoreo,363.68
2025-04,Norte,CLI-131,Recurrente (bajo volumen / alta frecuencia),Línea Estándar,Estándar Mayoreo,350.53
2025-05,Norte,CLI-131,Recurrente (bajo volumen / alta frecuencia),Línea Estándar,Estándar Mayoreo,384.22
2025-08,Norte,CLI-131,Recurrente (bajo volumen / alta frecuencia),Línea Estándar,Estándar Mayoreo,292.27
2025-10,Norte,CLI-131,Recurrente (bajo volumen / alta frecuencia),Línea Estándar,Estándar Mayoreo,378.47
2025-11,Norte,CLI-131,Recurrente (bajo volumen / alta frecuencia),Línea Estándar,Estándar Mayoreo,337.72
2025-12,Norte,CLI-131,Recurrente (bajo volumen / alta frecuencia),Línea Estándar,Estándar Mayoreo,391.15
2026-01,Norte,CLI-131,Recurrente (bajo volumen / alta frecuencia),Línea Estándar,Estándar Mayoreo,319.61
2026-02,Norte,CLI-131,Recurrente (bajo volumen / alta frecuencia),Línea Estándar,Estándar Mayoreo,371.0
2026-03,Norte,CLI-131,Recurrente (bajo volumen / alta frecuencia),Línea Estándar,Estándar Mayoreo,372.03
2026-04,Norte,CLI-131,Recurrente (bajo volumen / alta frecuencia),Línea Estándar,Estándar Mayoreo,421.27
2026-05,Norte,CLI-131,Recurrente (bajo volumen / alta frecuencia),Línea Estándar,Estándar Mayoreo,377.45
2026-06,Norte,CLI-131,Recurrente (bajo volumen / alta frecuencia),Línea Estándar,Estándar Mayoreo,380.78
2026-07,Norte,CLI-131,Recurrente (bajo volumen / alta frecuencia),Línea Estándar,Estándar Mayoreo,351.04
2025-01,Norte,CLI-131,Recurrente (bajo volumen / alta frecuencia),Línea Estándar,Estándar Retail,304.91
2025-02,Norte,CLI-131,Recurrente (bajo volumen / alta frecuencia),Línea Estándar,Estándar Retail,329.07
2025-03,Norte,CLI-131,Recurrente (bajo volumen / alta frecuencia),Línea Estándar,Estándar Retail,292.83
2025-05,Norte,CLI-131,Recurrente (bajo volumen / alta frecuencia),Línea Estándar,Estándar Retail,276.11
2025-07,Norte,CLI-131,Recurrente (bajo volumen / alta frecuencia),Línea Estándar,Estándar Retail,270.83
2025-08,Norte,CLI-131,Recurrente (bajo volumen / alta frecuencia),Línea Estándar,Estándar Retail,301.48
2025-09,Norte,CLI-131,Recurrente (bajo volumen / alta frecuencia),Línea Estándar,Estándar Retail,303.9
2025-11,Norte,CLI-131,Recurrente (bajo volumen / alta frecuencia),Línea Estándar,Estándar Retail,396.91
2025-12,Norte,CLI-131,Recurrente (bajo volumen / alta frecuencia),Línea Estándar,Estándar Retail,265.29
2026-01,Norte,CLI-131,Recurrente (bajo volumen / alta frecuencia),Línea Estándar,Estándar Retail,266.23
2026-02,Norte,CLI-131,Recurrente (bajo volumen / alta frecuencia),Línea Estándar,Estándar Retail,279.75
2026-04,Norte,CLI-131,Recurrente (bajo volumen / alta frecuencia),Línea Estándar,Estándar Retail,284.02
2026-05,Norte,CLI-131,Recurrente (bajo volumen / alta frecuencia),Línea Estándar,Estándar Retail,266.93
2026-06,Norte,CLI-131,Recurrente (bajo volumen / alta frecuencia),Línea Estándar,Estándar Retail,293.64
2026-07,Norte,CLI-131,Recurrente (bajo volumen / alta frecuencia),Línea Estándar,Estándar Retail,290.03
2026-08,Norte,CLI-131,Recurrente (bajo volumen / alta frecuencia),Línea Estándar,Estándar Retail,268.85
2025-01,Norte,CLI-131,Recurrente (bajo volumen / alta frecuencia),Línea Premium,Premium Hogar,360.53
2025-02,Norte,CLI-131,Recurrente (bajo volumen / alta frecuencia),Línea Premium,Premium Hogar,305.78
2025-03,Norte,CLI-131,Recurrente (bajo volumen / alta frecuencia),Línea Premium,Premium Hogar,342.5
2025-06,Norte,CLI-131,Recurrente (bajo volumen / alta frecuencia),Línea Premium,Premium Hogar,337.91
2025-07,Norte,CLI-131,Recurrente (bajo volumen / alta frecuencia),Línea Premium,Premium Hogar,423.21
2025-08,Norte,CLI-131,Recurrente (bajo volumen / alta frecuencia),Línea Premium,Premium Hogar,401.0
2025-10,Norte,CLI-131,Recurrente (bajo volumen / alta frecuencia),Línea Premium,Premium Hogar,389.92
2025-11,Norte,CLI-131,Recurrente (bajo volumen / alta frecuencia),Línea Premium,Premium Hogar,419.17
2026-01,Norte,CLI-131,Recurrente (bajo volumen / alta frecuencia),Línea Premium,Premium Hogar,401.49
2026-02,Norte,CLI-131,Recurrente (bajo volumen / alta frecuencia),Línea Premium,Premium Hogar,479.8
2026-06,Norte,CLI-131,Recurrente (bajo volumen / alta frecuencia),Línea Premium,Premium Hogar,412.16
2026-07,Norte,CLI-131,Recurrente (bajo volumen / alta frecuencia),Línea Premium,Premium Hogar,360.28
2025-02,Norte,CLI-131,Recurrente (bajo volumen / alta frecuencia),Línea Económica,Económica Básica,230.66
2025-04,Norte,CLI-131,Recurrente (bajo volumen / alta frecuencia),Línea Económica,Económica Básica,163.76
2025-05,Norte,CLI-131,Recurrente (bajo volumen / alta frecuencia),Línea Económica,Económica Básica,182.68
2025-06,Norte,CLI-131,Recurrente (bajo volumen / alta frecuencia),Línea Económica,Económica Básica,231.18
2025-07,Norte,CLI-131,Recurrente (bajo volumen / alta frecuencia),Línea Económica,Económica Básica,209.39
2025-08,Norte,CLI-131,Recurrente (bajo volumen / alta frecuencia),Línea Económica,Económica Básica,224.5
2025-09,Norte,CLI-131,Recurrente (bajo volumen / alta frecuencia),Línea Económica,Económica Básica,153.18
2025-10,Norte,CLI-131,Recurrente (bajo volumen / alta frecuencia),Línea Económica,Económica Básica,197.09
2025-11,Norte,CLI-131,Recurrente (bajo volumen / alta frecuencia),Línea Económica,Económica Básica,198.35
2026-01,Norte,CLI-131,Recurrente (bajo volumen / alta frecuencia),Línea Económica,Económica Básica,219.77
2026-03,Norte,CLI-131,Recurrente (bajo volumen / alta frecuencia),Línea Económica,Económica Básica,238.47
2026-04,Norte,CLI-131,Recurrente (bajo volumen / alta frecuencia),Línea Económica,Económica Básica,243.21
2026-05,Norte,CLI-131,Recurrente (bajo volumen / alta frecuencia),Línea Económica,Económica Básica,165.67
2026-06,Norte,CLI-131,Recurrente (bajo volumen / alta frecuencia),Línea Económica,Económica Básica,161.72
2026-07,Norte,CLI-131,Recurrente (bajo volumen / alta frecuencia),Línea Económica,Económica Básica,202.2
2026-08,Norte,CLI-131,Recurrente (bajo volumen / alta frecuencia),Línea Económica,Económica Básica,220.85
2025-01,Norte,CLI-132,Esporádico (bajo volumen / baja frecuencia),Servicios postventa,Soporte y Mantenimiento,123.11
2026-01,Norte,CLI-132,Esporádico (bajo volumen / baja frecuencia),Servicios postventa,Soporte y Mantenimiento,109.75
2026-04,Norte,CLI-132,Esporádico (bajo volumen / baja frecuencia),Servicios postventa,Soporte y Mantenimiento,108.92
2025-02,Norte,CLI-132,Esporádico (bajo volumen / baja frecuencia),Línea Económica,Económica Promocional,197.71
2025-03,Norte,CLI-132,Esporádico (bajo volumen / baja frecuencia),Línea Económica,Económica Promocional,201.71
2025-04,Norte,CLI-132,Esporádico (bajo volumen / baja frecuencia),Línea Económica,Económica Promocional,210.08
2025-06,Norte,CLI-132,Esporádico (bajo volumen / baja frecuencia),Línea Económica,Económica Promocional,174.0
2025-11,Norte,CLI-132,Esporádico (bajo volumen / baja frecuencia),Línea Económica,Económica Promocional,193.06
2026-04,Norte,CLI-132,Esporádico (bajo volumen / baja frecuencia),Línea Económica,Económica Básica,236.54
2025-01,Centro,CLI-133,Recurrente (bajo volumen / alta frecuencia),Línea Económica,Económica Básica,188.65
2025-03,Centro,CLI-133,Recurrente (bajo volumen / alta frecuencia),Línea Económica,Económica Básica,187.05
2025-04,Centro,CLI-133,Recurrente (bajo volumen / alta frecuencia),Línea Económica,Económica Básica,203.38
2025-05,Centro,CLI-133,Recurrente (bajo volumen / alta frecuencia),Línea Económica,Económica Básica,206.22
2025-06,Centro,CLI-133,Recurrente (bajo volumen / alta frecuencia),Línea Económica,Económica Básica,189.45
2025-07,Centro,CLI-133,Recurrente (bajo volumen / alta frecuencia),Línea Económica,Económica Básica,225.51
2025-08,Centro,CLI-133,Recurrente (bajo volumen / alta frecuencia),Línea Económica,Económica Básica,216.29
2025-10,Centro,CLI-133,Recurrente (bajo volumen / alta frecuencia),Línea Económica,Económica Básica,188.55
2025-11,Centro,CLI-133,Recurrente (bajo volumen / alta frecuencia),Línea Económica,Económica Básica,196.1
2026-01,Centro,CLI-133,Recurrente (bajo volumen / alta frecuencia),Línea Económica,Económica Básica,191.22
2026-02,Centro,CLI-133,Recurrente (bajo volumen / alta frecuencia),Línea Económica,Económica Básica,204.07
2026-03,Centro,CLI-133,Recurrente (bajo volumen / alta frecuencia),Línea Económica,Económica Básica,192.15
2026-05,Centro,CLI-133,Recurrente (bajo volumen / alta frecuencia),Línea Económica,Económica Básica,192.8
2026-06,Centro,CLI-133,Recurrente (bajo volumen / alta frecuencia),Línea Económica,Económica Básica,236.91
2026-07,Centro,CLI-133,Recurrente (bajo volumen / alta frecuencia),Línea Económica,Económica Básica,197.84
2025-01,Centro,CLI-133,Recurrente (bajo volumen / alta frecuencia),Línea Estándar,Estándar Retail,261.71
2025-02,Centro,CLI-133,Recurrente (bajo volumen / alta frecuencia),Línea Estándar,Estándar Retail,274.3
2025-03,Centro,CLI-133,Recurrente (bajo volumen / alta frecuencia),Línea Estándar,Estándar Retail,296.5
2025-04,Centro,CLI-133,Recurrente (bajo volumen / alta frecuencia),Línea Estándar,Estándar Retail,259.6
2025-07,Centro,CLI-133,Recurrente (bajo volumen / alta frecuencia),Línea Estándar,Estándar Retail,304.66
2025-09,Centro,CLI-133,Recurrente (bajo volumen / alta frecuencia),Línea Estándar,Estándar Retail,333.82
2025-11,Centro,CLI-133,Recurrente (bajo volumen / alta frecuencia),Línea Estándar,Estándar Retail,307.73
2026-01,Centro,CLI-133,Recurrente (bajo volumen / alta frecuencia),Línea Estándar,Estándar Retail,307.38
2026-02,Centro,CLI-133,Recurrente (bajo volumen / alta frecuencia),Línea Estándar,Estándar Retail,256.81
2026-03,Centro,CLI-133,Recurrente (bajo volumen / alta frecuencia),Línea Estándar,Estándar Retail,285.17
2026-04,Centro,CLI-133,Recurrente (bajo volumen / alta frecuencia),Línea Estándar,Estándar Retail,287.76
2026-05,Centro,CLI-133,Recurrente (bajo volumen / alta frecuencia),Línea Estándar,Estándar Retail,285.83
2026-06,Centro,CLI-133,Recurrente (bajo volumen / alta frecuencia),Línea Estándar,Estándar Retail,242.95
2026-07,Centro,CLI-133,Recurrente (bajo volumen / alta frecuencia),Línea Estándar,Estándar Retail,244.76
2026-08,Centro,CLI-133,Recurrente (bajo volumen / alta frecuencia),Línea Estándar,Estándar Retail,233.52
2025-02,Centro,CLI-133,Recurrente (bajo volumen / alta frecuencia),Línea Premium,Premium Hogar,341.95
2025-03,Centro,CLI-133,Recurrente (bajo volumen / alta frecuencia),Línea Premium,Premium Hogar,375.64
2025-04,Centro,CLI-133,Recurrente (bajo volumen / alta frecuencia),Línea Premium,Premium Hogar,396.74
2025-05,Centro,CLI-133,Recurrente (bajo volumen / alta frecuencia),Línea Premium,Premium Hogar,422.06
2025-07,Centro,CLI-133,Recurrente (bajo volumen / alta frecuencia),Línea Premium,Premium Hogar,393.95
2025-08,Centro,CLI-133,Recurrente (bajo volumen / alta frecuencia),Línea Premium,Premium Hogar,455.28
2025-10,Centro,CLI-133,Recurrente (bajo volumen / alta frecuencia),Línea Premium,Premium Hogar,397.43
2025-12,Centro,CLI-133,Recurrente (bajo volumen / alta frecuencia),Línea Premium,Premium Hogar,355.03
2026-04,Centro,CLI-133,Recurrente (bajo volumen / alta frecuencia),Línea Premium,Premium Hogar,567.03
2026-06,Centro,CLI-133,Recurrente (bajo volumen / alta frecuencia),Línea Premium,Premium Hogar,479.9
2026-07,Centro,CLI-133,Recurrente (bajo volumen / alta frecuencia),Línea Premium,Premium Hogar,630.03
2026-08,Centro,CLI-133,Recurrente (bajo volumen / alta frecuencia),Línea Premium,Premium Hogar,493.08
2025-01,Centro,CLI-133,Recurrente (bajo volumen / alta frecuencia),Línea Premium,Premium Exportación,363.14
2025-02,Centro,CLI-133,Recurrente (bajo volumen / alta frecuencia),Línea Premium,Premium Exportación,433.71
2025-03,Centro,CLI-133,Recurrente (bajo volumen / alta frecuencia),Línea Premium,Premium Exportación,346.27
2025-04,Centro,CLI-133,Recurrente (bajo volumen / alta frecuencia),Línea Premium,Premium Exportación,507.69
2025-05,Centro,CLI-133,Recurrente (bajo volumen / alta frecuencia),Línea Premium,Premium Exportación,410.91
2025-06,Centro,CLI-133,Recurrente (bajo volumen / alta frecuencia),Línea Premium,Premium Exportación,390.06
2025-09,Centro,CLI-133,Recurrente (bajo volumen / alta frecuencia),Línea Premium,Premium Exportación,468.06
2025-11,Centro,CLI-133,Recurrente (bajo volumen / alta frecuencia),Línea Premium,Premium Exportación,449.81
2025-12,Centro,CLI-133,Recurrente (bajo volumen / alta frecuencia),Línea Premium,Premium Exportación,442.64
2026-01,Centro,CLI-133,Recurrente (bajo volumen / alta frecuencia),Línea Premium,Premium Exportación,479.52
2026-02,Centro,CLI-133,Recurrente (bajo volumen / alta frecuencia),Línea Premium,Premium Exportación,400.99
2026-03,Centro,CLI-133,Recurrente (bajo volumen / alta frecuencia),Línea Premium,Premium Exportación,410.49
2026-04,Centro,CLI-133,Recurrente (bajo volumen / alta frecuencia),Línea Premium,Premium Exportación,529.38
2026-05,Centro,CLI-133,Recurrente (bajo volumen / alta frecuencia),Línea Premium,Premium Exportación,480.51
2026-06,Centro,CLI-133,Recurrente (bajo volumen / alta frecuencia),Línea Premium,Premium Exportación,543.3
2026-07,Centro,CLI-133,Recurrente (bajo volumen / alta frecuencia),Línea Premium,Premium Exportación,428.27
2026-08,Centro,CLI-133,Recurrente (bajo volumen / alta frecuencia),Línea Premium,Premium Exportación,438.59
2025-02,Centro,CLI-133,Recurrente (bajo volumen / alta frecuencia),Línea Estándar,Estándar Mayoreo,319.14
2025-03,Centro,CLI-133,Recurrente (bajo volumen / alta frecuencia),Línea Estándar,Estándar Mayoreo,318.22
2025-05,Centro,CLI-133,Recurrente (bajo volumen / alta frecuencia),Línea Estándar,Estándar Mayoreo,386.03
2025-06,Centro,CLI-133,Recurrente (bajo volumen / alta frecuencia),Línea Estándar,Estándar Mayoreo,305.32
2025-07,Centro,CLI-133,Recurrente (bajo volumen / alta frecuencia),Línea Estándar,Estándar Mayoreo,266.57
2025-08,Centro,CLI-133,Recurrente (bajo volumen / alta frecuencia),Línea Estándar,Estándar Mayoreo,340.01
2025-09,Centro,CLI-133,Recurrente (bajo volumen / alta frecuencia),Línea Estándar,Estándar Mayoreo,249.89
2025-10,Centro,CLI-133,Recurrente (bajo volumen / alta frecuencia),Línea Estándar,Estándar Mayoreo,306.91
2025-11,Centro,CLI-133,Recurrente (bajo volumen / alta frecuencia),Línea Estándar,Estándar Mayoreo,352.52
2025-12,Centro,CLI-133,Recurrente (bajo volumen / alta frecuencia),Línea Estándar,Estándar Mayoreo,316.84
2026-01,Centro,CLI-133,Recurrente (bajo volumen / alta frecuencia),Línea Estándar,Estándar Mayoreo,309.75
2026-02,Centro,CLI-133,Recurrente (bajo volumen / alta frecuencia),Línea Estándar,Estándar Mayoreo,277.93
2026-03,Centro,CLI-133,Recurrente (bajo volumen / alta frecuencia),Línea Estándar,Estándar Mayoreo,302.23
2026-04,Centro,CLI-133,Recurrente (bajo volumen / alta frecuencia),Línea Estándar,Estándar Mayoreo,301.28
2026-07,Centro,CLI-133,Recurrente (bajo volumen / alta frecuencia),Línea Estándar,Estándar Mayoreo,330.97
2026-08,Centro,CLI-133,Recurrente (bajo volumen / alta frecuencia),Línea Estándar,Estándar Mayoreo,176.92
2025-01,Centro,CLI-133,Recurrente (bajo volumen / alta frecuencia),Línea Económica,Económica Promocional,168.33
2025-04,Centro,CLI-133,Recurrente (bajo volumen / alta frecuencia),Línea Económica,Económica Promocional,134.81
2025-05,Centro,CLI-133,Recurrente (bajo volumen / alta frecuencia),Línea Económica,Económica Promocional,162.55
2025-06,Centro,CLI-133,Recurrente (bajo volumen / alta frecuencia),Línea Económica,Económica Promocional,161.22
2025-07,Centro,CLI-133,Recurrente (bajo volumen / alta frecuencia),Línea Económica,Económica Promocional,139.27
2025-10,Centro,CLI-133,Recurrente (bajo volumen / alta frecuencia),Línea Económica,Económica Promocional,137.39
2025-11,Centro,CLI-133,Recurrente (bajo volumen / alta frecuencia),Línea Económica,Económica Promocional,148.32
2025-12,Centro,CLI-133,Recurrente (bajo volumen / alta frecuencia),Línea Económica,Económica Promocional,150.14
2026-01,Centro,CLI-133,Recurrente (bajo volumen / alta frecuencia),Línea Económica,Económica Promocional,155.47
2026-02,Centro,CLI-133,Recurrente (bajo volumen / alta frecuencia),Línea Económica,Económica Promocional,127.81
2026-04,Centro,CLI-133,Recurrente (bajo volumen / alta frecuencia),Línea Económica,Económica Promocional,165.96
2026-05,Centro,CLI-133,Recurrente (bajo volumen / alta frecuencia),Línea Económica,Económica Promocional,125.31
2026-06,Centro,CLI-133,Recurrente (bajo volumen / alta frecuencia),Línea Económica,Económica Promocional,156.01
2026-08,Centro,CLI-133,Recurrente (bajo volumen / alta frecuencia),Línea Económica,Económica Promocional,141.82
2025-01,Bajío,CLI-134,Recurrente (bajo volumen / alta frecuencia),Línea Económica,Económica Promocional,210.62
2025-02,Bajío,CLI-134,Recurrente (bajo volumen / alta frecuencia),Línea Económica,Económica Promocional,192.71
2025-03,Bajío,CLI-134,Recurrente (bajo volumen / alta frecuencia),Línea Económica,Económica Promocional,196.89
2025-05,Bajío,CLI-134,Recurrente (bajo volumen / alta frecuencia),Línea Económica,Económica Promocional,231.57
2025-06,Bajío,CLI-134,Recurrente (bajo volumen / alta frecuencia),Línea Económica,Económica Promocional,196.66
2025-07,Bajío,CLI-134,Recurrente (bajo volumen / alta frecuencia),Línea Económica,Económica Promocional,195.34
2025-08,Bajío,CLI-134,Recurrente (bajo volumen / alta frecuencia),Línea Económica,Económica Promocional,191.96
2025-09,Bajío,CLI-134,Recurrente (bajo volumen / alta frecuencia),Línea Económica,Económica Promocional,220.13
2025-11,Bajío,CLI-134,Recurrente (bajo volumen / alta frecuencia),Línea Económica,Económica Promocional,219.98
2025-12,Bajío,CLI-134,Recurrente (bajo volumen / alta frecuencia),Línea Económica,Económica Promocional,260.62
2026-04,Bajío,CLI-134,Recurrente (bajo volumen / alta frecuencia),Línea Económica,Económica Promocional,215.36
2026-05,Bajío,CLI-134,Recurrente (bajo volumen / alta frecuencia),Línea Económica,Económica Promocional,218.14
2026-07,Bajío,CLI-134,Recurrente (bajo volumen / alta frecuencia),Línea Económica,Económica Promocional,215.9
2026-08,Bajío,CLI-134,Recurrente (bajo volumen / alta frecuencia),Línea Económica,Económica Promocional,204.53
2025-01,Bajío,CLI-134,Recurrente (bajo volumen / alta frecuencia),Línea Económica,Económica Básica,283.97
2025-02,Bajío,CLI-134,Recurrente (bajo volumen / alta frecuencia),Línea Económica,Económica Básica,299.5
2025-03,Bajío,CLI-134,Recurrente (bajo volumen / alta frecuencia),Línea Económica,Económica Básica,247.32
2025-04,Bajío,CLI-134,Recurrente (bajo volumen / alta frecuencia),Línea Económica,Económica Básica,244.28
2025-06,Bajío,CLI-134,Recurrente (bajo volumen / alta frecuencia),Línea Económica,Económica Básica,280.44
2025-07,Bajío,CLI-134,Recurrente (bajo volumen / alta frecuencia),Línea Económica,Económica Básica,248.59
2025-09,Bajío,CLI-134,Recurrente (bajo volumen / alta frecuencia),Línea Económica,Económica Básica,232.76
2025-10,Bajío,CLI-134,Recurrente (bajo volumen / alta frecuencia),Línea Económica,Económica Básica,304.25
2026-01,Bajío,CLI-134,Recurrente (bajo volumen / alta frecuencia),Línea Económica,Económica Básica,315.38
2026-02,Bajío,CLI-134,Recurrente (bajo volumen / alta frecuencia),Línea Económica,Económica Básica,245.23
2026-03,Bajío,CLI-134,Recurrente (bajo volumen / alta frecuencia),Línea Económica,Económica Básica,233.18
2026-04,Bajío,CLI-134,Recurrente (bajo volumen / alta frecuencia),Línea Económica,Económica Básica,277.23
2026-05,Bajío,CLI-134,Recurrente (bajo volumen / alta frecuencia),Línea Económica,Económica Básica,272.93
2026-06,Bajío,CLI-134,Recurrente (bajo volumen / alta frecuencia),Línea Económica,Económica Básica,240.15
2026-08,Bajío,CLI-134,Recurrente (bajo volumen / alta frecuencia),Línea Económica,Económica Básica,220.41
2025-02,Bajío,CLI-134,Recurrente (bajo volumen / alta frecuencia),Línea Premium,Premium Hogar,460.39
2025-03,Bajío,CLI-134,Recurrente (bajo volumen / alta frecuencia),Línea Premium,Premium Hogar,407.95
2025-04,Bajío,CLI-134,Recurrente (bajo volumen / alta frecuencia),Línea Premium,Premium Hogar,584.83
2025-05,Bajío,CLI-134,Recurrente (bajo volumen / alta frecuencia),Línea Premium,Premium Hogar,377.79
2025-06,Bajío,CLI-134,Recurrente (bajo volumen / alta frecuencia),Línea Premium,Premium Hogar,471.69
2025-07,Bajío,CLI-134,Recurrente (bajo volumen / alta frecuencia),Línea Premium,Premium Hogar,496.31
2025-09,Bajío,CLI-134,Recurrente (bajo volumen / alta frecuencia),Línea Premium,Premium Hogar,537.66
2025-10,Bajío,CLI-134,Recurrente (bajo volumen / alta frecuencia),Línea Premium,Premium Hogar,578.63
2025-11,Bajío,CLI-134,Recurrente (bajo volumen / alta frecuencia),Línea Premium,Premium Hogar,567.1
2025-12,Bajío,CLI-134,Recurrente (bajo volumen / alta frecuencia),Línea Premium,Premium Hogar,621.97
2026-01,Bajío,CLI-134,Recurrente (bajo volumen / alta frecuencia),Línea Premium,Premium Hogar,514.85
2026-03,Bajío,CLI-134,Recurrente (bajo volumen / alta frecuencia),Línea Premium,Premium Hogar,439.67
2026-04,Bajío,CLI-134,Recurrente (bajo volumen / alta frecuencia),Línea Premium,Premium Hogar,618.8
2026-05,Bajío,CLI-134,Recurrente (bajo volumen / alta frecuencia),Línea Premium,Premium Hogar,596.78
2025-01,Bajío,CLI-134,Recurrente (bajo volumen / alta frecuencia),Línea Estándar,Estándar Retail,284.32
2025-02,Bajío,CLI-134,Recurrente (bajo volumen / alta frecuencia),Línea Estándar,Estándar Retail,338.7
2025-03,Bajío,CLI-134,Recurrente (bajo volumen / alta frecuencia),Línea Estándar,Estándar Retail,317.2
2025-04,Bajío,CLI-134,Recurrente (bajo volumen / alta frecuencia),Línea Estándar,Estándar Retail,268.8
2025-05,Bajío,CLI-134,Recurrente (bajo volumen / alta frecuencia),Línea Estándar,Estándar Retail,327.71
2025-06,Bajío,CLI-134,Recurrente (bajo volumen / alta frecuencia),Línea Estándar,Estándar Retail,273.58
2025-07,Bajío,CLI-134,Recurrente (bajo volumen / alta frecuencia),Línea Estándar,Estándar Retail,367.1
2025-09,Bajío,CLI-134,Recurrente (bajo volumen / alta frecuencia),Línea Estándar,Estándar Retail,242.79
2025-10,Bajío,CLI-134,Recurrente (bajo volumen / alta frecuencia),Línea Estándar,Estándar Retail,348.92
2025-11,Bajío,CLI-134,Recurrente (bajo volumen / alta frecuencia),Línea Estándar,Estándar Retail,348.45
2025-12,Bajío,CLI-134,Recurrente (bajo volumen / alta frecuencia),Línea Estándar,Estándar Retail,271.61
2026-04,Bajío,CLI-134,Recurrente (bajo volumen / alta frecuencia),Línea Estándar,Estándar Retail,297.38
2026-06,Bajío,CLI-134,Recurrente (bajo volumen / alta frecuencia),Línea Estándar,Estándar Retail,304.91
2026-07,Bajío,CLI-134,Recurrente (bajo volumen / alta frecuencia),Línea Estándar,Estándar Retail,329.62
2026-08,Bajío,CLI-134,Recurrente (bajo volumen / alta frecuencia),Línea Estándar,Estándar Retail,331.1
2025-06,Centro,CLI-135,Esporádico (bajo volumen / baja frecuencia),Línea Económica,Económica Promocional,171.47
2025-08,Centro,CLI-135,Esporádico (bajo volumen / baja frecuencia),Línea Económica,Económica Promocional,160.51
2025-09,Centro,CLI-135,Esporádico (bajo volumen / baja frecuencia),Línea Económica,Económica Promocional,178.72
2025-12,Centro,CLI-135,Esporádico (bajo volumen / baja frecuencia),Línea Económica,Económica Promocional,162.13
2026-03,Centro,CLI-135,Esporádico (bajo volumen / baja frecuencia),Línea Económica,Económica Promocional,147.11
2025-02,Centro,CLI-135,Esporádico (bajo volumen / baja frecuencia),Línea Económica,Económica Básica,161.58
2025-03,Centro,CLI-135,Esporádico (bajo volumen / baja frecuencia),Línea Económica,Económica Básica,193.87
2026-01,Centro,CLI-135,Esporádico (bajo volumen / baja frecuencia),Línea Económica,Económica Básica,228.99
2026-06,Centro,CLI-135,Esporádico (bajo volumen / baja frecuencia),Línea Económica,Económica Básica,181.08
2025-01,Norte,CLI-136,Ocasional (alto volumen / baja frecuencia),Línea Estándar,Estándar Mayoreo,916.82
2025-04,Norte,CLI-136,Ocasional (alto volumen / baja frecuencia),Línea Estándar,Estándar Mayoreo,745.28
2025-06,Norte,CLI-136,Ocasional (alto volumen / baja frecuencia),Línea Estándar,Estándar Mayoreo,747.9
2025-09,Norte,CLI-136,Ocasional (alto volumen / baja frecuencia),Línea Estándar,Estándar Mayoreo,946.87
2025-12,Norte,CLI-136,Ocasional (alto volumen / baja frecuencia),Línea Estándar,Estándar Mayoreo,883.55
2026-01,Norte,CLI-136,Ocasional (alto volumen / baja frecuencia),Línea Estándar,Estándar Mayoreo,621.11
2026-06,Norte,CLI-136,Ocasional (alto volumen / baja frecuencia),Línea Estándar,Estándar Mayoreo,620.98
2026-08,Norte,CLI-136,Ocasional (alto volumen / baja frecuencia),Línea Estándar,Estándar Mayoreo,423.51
2025-05,Norte,CLI-136,Ocasional (alto volumen / baja frecuencia),Línea Premium,Premium Oficina,758.98
2025-07,Norte,CLI-136,Ocasional (alto volumen / baja frecuencia),Línea Premium,Premium Oficina,808.09
2025-08,Norte,CLI-136,Ocasional (alto volumen / baja frecuencia),Línea Premium,Premium Oficina,744.57
2026-01,Norte,CLI-136,Ocasional (alto volumen / baja frecuencia),Línea Premium,Premium Oficina,947.57
2026-04,Norte,CLI-136,Ocasional (alto volumen / baja frecuencia),Línea Premium,Premium Oficina,934.86
2026-05,Norte,CLI-136,Ocasional (alto volumen / baja frecuencia),Línea Premium,Premium Oficina,1064.64
2026-07,Norte,CLI-136,Ocasional (alto volumen / baja frecuencia),Línea Premium,Premium Oficina,796.48
2025-03,Norte,CLI-136,Ocasional (alto volumen / baja frecuencia),Línea Premium,Premium Exportación,1392.97
2025-05,Norte,CLI-136,Ocasional (alto volumen / baja frecuencia),Línea Premium,Premium Exportación,1199.85
2025-07,Norte,CLI-136,Ocasional (alto volumen / baja frecuencia),Línea Premium,Premium Exportación,1180.39
2026-02,Norte,CLI-136,Ocasional (alto volumen / baja frecuencia),Línea Premium,Premium Exportación,1194.81
2026-03,Norte,CLI-136,Ocasional (alto volumen / baja frecuencia),Línea Premium,Premium Exportación,953.25
2026-04,Norte,CLI-136,Ocasional (alto volumen / baja frecuencia),Línea Premium,Premium Exportación,1271.22
2026-05,Norte,CLI-136,Ocasional (alto volumen / baja frecuencia),Línea Premium,Premium Exportación,1086.95
2025-01,Norte,CLI-136,Ocasional (alto volumen / baja frecuencia),Servicios postventa,Soporte y Mantenimiento,274.76
2025-02,Norte,CLI-136,Ocasional (alto volumen / baja frecuencia),Servicios postventa,Soporte y Mantenimiento,293.75
2025-06,Norte,CLI-136,Ocasional (alto volumen / baja frecuencia),Servicios postventa,Soporte y Mantenimiento,224.74
2025-09,Norte,CLI-136,Ocasional (alto volumen / baja frecuencia),Servicios postventa,Soporte y Mantenimiento,351.02
2025-11,Norte,CLI-136,Ocasional (alto volumen / baja frecuencia),Servicios postventa,Soporte y Mantenimiento,298.25
2026-02,Norte,CLI-136,Ocasional (alto volumen / baja frecuencia),Servicios postventa,Soporte y Mantenimiento,284.09
2026-03,Norte,CLI-136,Ocasional (alto volumen / baja frecuencia),Servicios postventa,Soporte y Mantenimiento,302.5
2026-08,Norte,CLI-136,Ocasional (alto volumen / baja frecuencia),Servicios postventa,Soporte y Mantenimiento,271.98
2026-04,Norte,CLI-137,Esporádico (bajo volumen / baja frecuencia),Línea Económica,Económica Básica,95.37
2026-07,Norte,CLI-137,Esporádico (bajo volumen / baja frecuencia),Línea Económica,Económica Básica,125.28
2025-09,Norte,CLI-137,Esporádico (bajo volumen / baja frecuencia),Línea Económica,Económica Promocional,122.03
2025-10,Norte,CLI-137,Esporádico (bajo volumen / baja frecuencia),Línea Económica,Económica Promocional,101.62
2025-11,Norte,CLI-137,Esporádico (bajo volumen / baja frecuencia),Línea Económica,Económica Promocional,101.18
2025-01,Centro,CLI-138,Esporádico (bajo volumen / baja frecuencia),Línea Estándar,Estándar Retail,262.98
2025-05,Centro,CLI-138,Esporádico (bajo volumen / baja frecuencia),Línea Estándar,Estándar Retail,263.89
2025-11,Centro,CLI-138,Esporádico (bajo volumen / baja frecuencia),Línea Estándar,Estándar Retail,235.05
2025-09,Centro,CLI-138,Esporádico (bajo volumen / baja frecuencia),Línea Premium,Premium Hogar,294.74
2025-01,Sureste,CLI-139,Ocasional (alto volumen / baja frecuencia),Línea Premium,Premium Oficina,734.85
2025-07,Sureste,CLI-139,Ocasional (alto volumen / baja frecuencia),Línea Premium,Premium Oficina,836.68
2025-09,Sureste,CLI-139,Ocasional (alto volumen / baja frecuencia),Línea Premium,Premium Oficina,678.18
2026-02,Sureste,CLI-139,Ocasional (alto volumen / baja frecuencia),Línea Premium,Premium Oficina,722.95
2026-05,Sureste,CLI-139,Ocasional (alto volumen / baja frecuencia),Línea Premium,Premium Oficina,828.4
2026-08,Sureste,CLI-139,Ocasional (alto volumen / baja frecuencia),Línea Premium,Premium Oficina,824.36
2025-06,Sureste,CLI-139,Ocasional (alto volumen / baja frecuencia),Línea Premium,Premium Exportación,1081.84
2025-08,Sureste,CLI-139,Ocasional (alto volumen / baja frecuencia),Línea Premium,Premium Exportación,891.79
2025-09,Sureste,CLI-139,Ocasional (alto volumen / baja frecuencia),Línea Premium,Premium Exportación,1261.92
2025-11,Sureste,CLI-139,Ocasional (alto volumen / baja frecuencia),Línea Premium,Premium Exportación,1155.27
2026-04,Sureste,CLI-139,Ocasional (alto volumen / baja frecuencia),Línea Premium,Premium Exportación,1023.5
2026-08,Sureste,CLI-139,Ocasional (alto volumen / baja frecuencia),Línea Premium,Premium Exportación,1293.23
2025-01,Centro,CLI-140,Recurrente (bajo volumen / alta frecuencia),Línea Estándar,Estándar Mayoreo,289.39
2025-03,Centro,CLI-140,Recurrente (bajo volumen / alta frecuencia),Línea Estándar,Estándar Mayoreo,285.46
2025-04,Centro,CLI-140,Recurrente (bajo volumen / alta frecuencia),Línea Estándar,Estándar Mayoreo,266.18
2025-05,Centro,CLI-140,Recurrente (bajo volumen / alta frecuencia),Línea Estándar,Estándar Mayoreo,261.11
2025-06,Centro,CLI-140,Recurrente (bajo volumen / alta frecuencia),Línea Estándar,Estándar Mayoreo,313.72
2025-08,Centro,CLI-140,Recurrente (bajo volumen / alta frecuencia),Línea Estándar,Estándar Mayoreo,280.7
2025-09,Centro,CLI-140,Recurrente (bajo volumen / alta frecuencia),Línea Estándar,Estándar Mayoreo,271.41
2025-10,Centro,CLI-140,Recurrente (bajo volumen / alta frecuencia),Línea Estándar,Estándar Mayoreo,260.49
2025-11,Centro,CLI-140,Recurrente (bajo volumen / alta frecuencia),Línea Estándar,Estándar Mayoreo,329.74
2025-12,Centro,CLI-140,Recurrente (bajo volumen / alta frecuencia),Línea Estándar,Estándar Mayoreo,286.08
2026-01,Centro,CLI-140,Recurrente (bajo volumen / alta frecuencia),Línea Estándar,Estándar Mayoreo,320.64
2026-02,Centro,CLI-140,Recurrente (bajo volumen / alta frecuencia),Línea Estándar,Estándar Mayoreo,278.62
2026-03,Centro,CLI-140,Recurrente (bajo volumen / alta frecuencia),Línea Estándar,Estándar Mayoreo,177.98
2026-05,Centro,CLI-140,Recurrente (bajo volumen / alta frecuencia),Línea Estándar,Estándar Mayoreo,252.25
2026-06,Centro,CLI-140,Recurrente (bajo volumen / alta frecuencia),Línea Estándar,Estándar Mayoreo,223.34
2026-08,Centro,CLI-140,Recurrente (bajo volumen / alta frecuencia),Línea Estándar,Estándar Mayoreo,122.53
2025-02,Centro,CLI-140,Recurrente (bajo volumen / alta frecuencia),Línea Económica,Económica Promocional,138.83
2025-03,Centro,CLI-140,Recurrente (bajo volumen / alta frecuencia),Línea Económica,Económica Promocional,121.63
2025-04,Centro,CLI-140,Recurrente (bajo volumen / alta frecuencia),Línea Económica,Económica Promocional,133.07
2025-06,Centro,CLI-140,Recurrente (bajo volumen / alta frecuencia),Línea Económica,Económica Promocional,119.89
2025-07,Centro,CLI-140,Recurrente (bajo volumen / alta frecuencia),Línea Económica,Económica Promocional,119.21
2025-08,Centro,CLI-140,Recurrente (bajo volumen / alta frecuencia),Línea Económica,Económica Promocional,122.04
2025-09,Centro,CLI-140,Recurrente (bajo volumen / alta frecuencia),Línea Económica,Económica Promocional,119.32
2025-10,Centro,CLI-140,Recurrente (bajo volumen / alta frecuencia),Línea Económica,Económica Promocional,115.05
2025-12,Centro,CLI-140,Recurrente (bajo volumen / alta frecuencia),Línea Económica,Económica Promocional,100.4
2026-01,Centro,CLI-140,Recurrente (bajo volumen / alta frecuencia),Línea Económica,Económica Promocional,98.8
2026-02,Centro,CLI-140,Recurrente (bajo volumen / alta frecuencia),Línea Económica,Económica Promocional,108.09
2026-04,Centro,CLI-140,Recurrente (bajo volumen / alta frecuencia),Línea Económica,Económica Promocional,83.46
2026-06,Centro,CLI-140,Recurrente (bajo volumen / alta frecuencia),Línea Económica,Económica Promocional,112.47
2026-07,Centro,CLI-140,Recurrente (bajo volumen / alta frecuencia),Línea Económica,Económica Promocional,123.84
2025-01,Centro,CLI-140,Recurrente (bajo volumen / alta frecuencia),Línea Premium,Premium Exportación,351.32
2025-02,Centro,CLI-140,Recurrente (bajo volumen / alta frecuencia),Línea Premium,Premium Exportación,412.05
2025-04,Centro,CLI-140,Recurrente (bajo volumen / alta frecuencia),Línea Premium,Premium Exportación,360.16
2025-07,Centro,CLI-140,Recurrente (bajo volumen / alta frecuencia),Línea Premium,Premium Exportación,286.88
2025-08,Centro,CLI-140,Recurrente (bajo volumen / alta frecuencia),Línea Premium,Premium Exportación,402.84
2025-09,Centro,CLI-140,Recurrente (bajo volumen / alta frecuencia),Línea Premium,Premium Exportación,336.27
2025-10,Centro,CLI-140,Recurrente (bajo volumen / alta frecuencia),Línea Premium,Premium Exportación,342.32
2025-11,Centro,CLI-140,Recurrente (bajo volumen / alta frecuencia),Línea Premium,Premium Exportación,288.6
2026-01,Centro,CLI-140,Recurrente (bajo volumen / alta frecuencia),Línea Premium,Premium Exportación,319.98
2026-02,Centro,CLI-140,Recurrente (bajo volumen / alta frecuencia),Línea Premium,Premium Exportación,335.09
2026-03,Centro,CLI-140,Recurrente (bajo volumen / alta frecuencia),Línea Premium,Premium Exportación,372.5
2026-04,Centro,CLI-140,Recurrente (bajo volumen / alta frecuencia),Línea Premium,Premium Exportación,405.56
2026-05,Centro,CLI-140,Recurrente (bajo volumen / alta frecuencia),Línea Premium,Premium Exportación,334.41
2026-06,Centro,CLI-140,Recurrente (bajo volumen / alta frecuencia),Línea Premium,Premium Exportación,431.36
2026-08,Centro,CLI-140,Recurrente (bajo volumen / alta frecuencia),Línea Premium,Premium Exportación,346.4
2025-01,Centro,CLI-140,Recurrente (bajo volumen / alta frecuencia),Servicios postventa,Soporte y Mantenimiento,87.75
2025-02,Centro,CLI-140,Recurrente (bajo volumen / alta frecuencia),Servicios postventa,Soporte y Mantenimiento,73.12
2025-03,Centro,CLI-140,Recurrente (bajo volumen / alta frecuencia),Servicios postventa,Soporte y Mantenimiento,85.98
2025-04,Centro,CLI-140,Recurrente (bajo volumen / alta frecuencia),Servicios postventa,Soporte y Mantenimiento,79.64
2025-05,Centro,CLI-140,Recurrente (bajo volumen / alta frecuencia),Servicios postventa,Soporte y Mantenimiento,83.81
2025-06,Centro,CLI-140,Recurrente (bajo volumen / alta frecuencia),Servicios postventa,Soporte y Mantenimiento,90.1
2025-07,Centro,CLI-140,Recurrente (bajo volumen / alta frecuencia),Servicios postventa,Soporte y Mantenimiento,89.05
2025-08,Centro,CLI-140,Recurrente (bajo volumen / alta frecuencia),Servicios postventa,Soporte y Mantenimiento,105.21
2025-09,Centro,CLI-140,Recurrente (bajo volumen / alta frecuencia),Servicios postventa,Soporte y Mantenimiento,105.51
2025-10,Centro,CLI-140,Recurrente (bajo volumen / alta frecuencia),Servicios postventa,Soporte y Mantenimiento,102.85
2025-12,Centro,CLI-140,Recurrente (bajo volumen / alta frecuencia),Servicios postventa,Soporte y Mantenimiento,82.22
2026-02,Centro,CLI-140,Recurrente (bajo volumen / alta frecuencia),Servicios postventa,Soporte y Mantenimiento,115.82
2026-03,Centro,CLI-140,Recurrente (bajo volumen / alta frecuencia),Servicios postventa,Soporte y Mantenimiento,113.14
2026-04,Centro,CLI-140,Recurrente (bajo volumen / alta frecuencia),Servicios postventa,Soporte y Mantenimiento,118.37
2026-05,Centro,CLI-140,Recurrente (bajo volumen / alta frecuencia),Servicios postventa,Soporte y Mantenimiento,116.16
2026-06,Centro,CLI-140,Recurrente (bajo volumen / alta frecuencia),Servicios postventa,Soporte y Mantenimiento,113.97
2026-07,Centro,CLI-140,Recurrente (bajo volumen / alta frecuencia),Servicios postventa,Soporte y Mantenimiento,120.79
2026-08,Centro,CLI-140,Recurrente (bajo volumen / alta frecuencia),Servicios postventa,Soporte y Mantenimiento,121.99
2025-01,Centro,CLI-140,Recurrente (bajo volumen / alta frecuencia),Línea Premium,Premium Hogar,389.41
2025-03,Centro,CLI-140,Recurrente (bajo volumen / alta frecuencia),Línea Premium,Premium Hogar,312.61
2025-04,Centro,CLI-140,Recurrente (bajo volumen / alta frecuencia),Línea Premium,Premium Hogar,268.89
2025-05,Centro,CLI-140,Recurrente (bajo volumen / alta frecuencia),Línea Premium,Premium Hogar,392.88
2025-06,Centro,CLI-140,Recurrente (bajo volumen / alta frecuencia),Línea Premium,Premium Hogar,344.71
2025-08,Centro,CLI-140,Recurrente (bajo volumen / alta frecuencia),Línea Premium,Premium Hogar,376.96
2025-09,Centro,CLI-140,Recurrente (bajo volumen / alta frecuencia),Línea Premium,Premium Hogar,336.13
2025-10,Centro,CLI-140,Recurrente (bajo volumen / alta frecuencia),Línea Premium,Premium Hogar,349.91
2026-01,Centro,CLI-140,Recurrente (bajo volumen / alta frecuencia),Línea Premium,Premium Hogar,357.38
2026-02,Centro,CLI-140,Recurrente (bajo volumen / alta frecuencia),Línea Premium,Premium Hogar,378.69
2026-03,Centro,CLI-140,Recurrente (bajo volumen / alta frecuencia),Línea Premium,Premium Hogar,348.75
2026-04,Centro,CLI-140,Recurrente (bajo volumen / alta frecuencia),Línea Premium,Premium Hogar,386.56
2026-05,Centro,CLI-140,Recurrente (bajo volumen / alta frecuencia),Línea Premium,Premium Hogar,294.31
2026-07,Centro,CLI-140,Recurrente (bajo volumen / alta frecuencia),Línea Premium,Premium Hogar,373.07
2026-08,Centro,CLI-140,Recurrente (bajo volumen / alta frecuencia),Línea Premium,Premium Hogar,416.85
2025-02,Centro,CLI-140,Recurrente (bajo volumen / alta frecuencia),Línea Económica,Económica Básica,135.51
2025-03,Centro,CLI-140,Recurrente (bajo volumen / alta frecuencia),Línea Económica,Económica Básica,112.55
2025-04,Centro,CLI-140,Recurrente (bajo volumen / alta frecuencia),Línea Económica,Económica Básica,176.33
2025-07,Centro,CLI-140,Recurrente (bajo volumen / alta frecuencia),Línea Económica,Económica Básica,173.5
2025-08,Centro,CLI-140,Recurrente (bajo volumen / alta frecuencia),Línea Económica,Económica Básica,161.1
2025-09,Centro,CLI-140,Recurrente (bajo volumen / alta frecuencia),Línea Económica,Económica Básica,179.22
2025-10,Centro,CLI-140,Recurrente (bajo volumen / alta frecuencia),Línea Económica,Económica Básica,179.82
2025-11,Centro,CLI-140,Recurrente (bajo volumen / alta frecuencia),Línea Económica,Económica Básica,119.71
2025-12,Centro,CLI-140,Recurrente (bajo volumen / alta frecuencia),Línea Económica,Económica Básica,198.98
2026-01,Centro,CLI-140,Recurrente (bajo volumen / alta frecuencia),Línea Económica,Económica Básica,149.53
2026-04,Centro,CLI-140,Recurrente (bajo volumen / alta frecuencia),Línea Económica,Económica Básica,162.11
2026-07,Centro,CLI-140,Recurrente (bajo volumen / alta frecuencia),Línea Económica,Económica Básica,189.69
2025-03,Norte,CLI-141,Esporádico (bajo volumen / baja frecuencia),Línea Premium,Premium Exportación,416.67
2025-07,Norte,CLI-141,Esporádico (bajo volumen / baja frecuencia),Línea Premium,Premium Exportación,370.01
2025-09,Norte,CLI-141,Esporádico (bajo volumen / baja frecuencia),Línea Premium,Premium Exportación,477.78
2025-12,Norte,CLI-141,Esporádico (bajo volumen / baja frecuencia),Línea Premium,Premium Exportación,416.63
2026-05,Norte,CLI-141,Esporádico (bajo volumen / baja frecuencia),Línea Premium,Premium Exportación,449.53
2025-01,Centro,CLI-142,Recurrente (bajo volumen / alta frecuencia),Línea Estándar,Estándar Retail,294.42
2025-03,Centro,CLI-142,Recurrente (bajo volumen / alta frecuencia),Línea Estándar,Estándar Retail,238.51
2025-04,Centro,CLI-142,Recurrente (bajo volumen / alta frecuencia),Línea Estándar,Estándar Retail,272.9
2025-06,Centro,CLI-142,Recurrente (bajo volumen / alta frecuencia),Línea Estándar,Estándar Retail,197.01
2025-07,Centro,CLI-142,Recurrente (bajo volumen / alta frecuencia),Línea Estándar,Estándar Retail,275.47
2025-12,Centro,CLI-142,Recurrente (bajo volumen / alta frecuencia),Línea Estándar,Estándar Retail,276.49
2026-01,Centro,CLI-142,Recurrente (bajo volumen / alta frecuencia),Línea Estándar,Estándar Retail,277.98
2026-02,Centro,CLI-142,Recurrente (bajo volumen / alta frecuencia),Línea Estándar,Estándar Retail,265.87
2026-03,Centro,CLI-142,Recurrente (bajo volumen / alta frecuencia),Línea Estándar,Estándar Retail,225.93
2026-04,Centro,CLI-142,Recurrente (bajo volumen / alta frecuencia),Línea Estándar,Estándar Retail,206.3
2026-06,Centro,CLI-142,Recurrente (bajo volumen / alta frecuencia),Línea Estándar,Estándar Retail,278.54
2026-07,Centro,CLI-142,Recurrente (bajo volumen / alta frecuencia),Línea Estándar,Estándar Retail,302.88
2026-08,Centro,CLI-142,Recurrente (bajo volumen / alta frecuencia),Línea Estándar,Estándar Retail,278.47
2025-01,Centro,CLI-142,Recurrente (bajo volumen / alta frecuencia),Línea Económica,Económica Básica,155.25
2025-02,Centro,CLI-142,Recurrente (bajo volumen / alta frecuencia),Línea Económica,Económica Básica,173.7
2025-03,Centro,CLI-142,Recurrente (bajo volumen / alta frecuencia),Línea Económica,Económica Básica,207.05
2025-04,Centro,CLI-142,Recurrente (bajo volumen / alta frecuencia),Línea Económica,Económica Básica,213.55
2025-06,Centro,CLI-142,Recurrente (bajo volumen / alta frecuencia),Línea Económica,Económica Básica,162.74
2025-07,Centro,CLI-142,Recurrente (bajo volumen / alta frecuencia),Línea Económica,Económica Básica,155.43
2025-09,Centro,CLI-142,Recurrente (bajo volumen / alta frecuencia),Línea Económica,Económica Básica,173.36
2025-10,Centro,CLI-142,Recurrente (bajo volumen / alta frecuencia),Línea Económica,Económica Básica,175.5
2025-11,Centro,CLI-142,Recurrente (bajo volumen / alta frecuencia),Línea Económica,Económica Básica,181.37
2025-12,Centro,CLI-142,Recurrente (bajo volumen / alta frecuencia),Línea Económica,Económica Básica,149.26
2026-01,Centro,CLI-142,Recurrente (bajo volumen / alta frecuencia),Línea Económica,Económica Básica,171.99
2026-02,Centro,CLI-142,Recurrente (bajo volumen / alta frecuencia),Línea Económica,Económica Básica,188.5
2026-04,Centro,CLI-142,Recurrente (bajo volumen / alta frecuencia),Línea Económica,Económica Básica,138.94
2026-06,Centro,CLI-142,Recurrente (bajo volumen / alta frecuencia),Línea Económica,Económica Básica,155.07
2026-07,Centro,CLI-142,Recurrente (bajo volumen / alta frecuencia),Línea Económica,Económica Básica,151.83
2026-08,Centro,CLI-142,Recurrente (bajo volumen / alta frecuencia),Línea Económica,Económica Básica,173.0
2025-01,Centro,CLI-142,Recurrente (bajo volumen / alta frecuencia),Línea Económica,Económica Promocional,151.9
2025-03,Centro,CLI-142,Recurrente (bajo volumen / alta frecuencia),Línea Económica,Económica Promocional,153.69
2025-04,Centro,CLI-142,Recurrente (bajo volumen / alta frecuencia),Línea Económica,Económica Promocional,169.33
2025-05,Centro,CLI-142,Recurrente (bajo volumen / alta frecuencia),Línea Económica,Económica Promocional,165.56
2025-07,Centro,CLI-142,Recurrente (bajo volumen / alta frecuencia),Línea Económica,Económica Promocional,150.95
2025-09,Centro,CLI-142,Recurrente (bajo volumen / alta frecuencia),Línea Económica,Económica Promocional,159.94
2025-10,Centro,CLI-142,Recurrente (bajo volumen / alta frecuencia),Línea Económica,Económica Promocional,115.11
2026-01,Centro,CLI-142,Recurrente (bajo volumen / alta frecuencia),Línea Económica,Económica Promocional,150.48
2026-02,Centro,CLI-142,Recurrente (bajo volumen / alta frecuencia),Línea Económica,Económica Promocional,154.11
2026-04,Centro,CLI-142,Recurrente (bajo volumen / alta frecuencia),Línea Económica,Económica Promocional,138.54
2026-05,Centro,CLI-142,Recurrente (bajo volumen / alta frecuencia),Línea Económica,Económica Promocional,126.69
2026-06,Centro,CLI-142,Recurrente (bajo volumen / alta frecuencia),Línea Económica,Económica Promocional,133.17
2026-07,Centro,CLI-142,Recurrente (bajo volumen / alta frecuencia),Línea Económica,Económica Promocional,135.8
2026-08,Centro,CLI-142,Recurrente (bajo volumen / alta frecuencia),Línea Económica,Económica Promocional,143.65
2025-01,Centro,CLI-142,Recurrente (bajo volumen / alta frecuencia),Servicios postventa,Soporte y Mantenimiento,115.39
2025-02,Centro,CLI-142,Recurrente (bajo volumen / alta frecuencia),Servicios postventa,Soporte y Mantenimiento,84.8
2025-04,Centro,CLI-142,Recurrente (bajo volumen / alta frecuencia),Servicios postventa,Soporte y Mantenimiento,116.47
2025-05,Centro,CLI-142,Recurrente (bajo volumen / alta frecuencia),Servicios postventa,Soporte y Mantenimiento,104.78
2025-06,Centro,CLI-142,Recurrente (bajo volumen / alta frecuencia),Servicios postventa,Soporte y Mantenimiento,106.86
2025-07,Centro,CLI-142,Recurrente (bajo volumen / alta frecuencia),Servicios postventa,Soporte y Mantenimiento,90.32
2025-08,Centro,CLI-142,Recurrente (bajo volumen / alta frecuencia),Servicios postventa,Soporte y Mantenimiento,109.88
2025-11,Centro,CLI-142,Recurrente (bajo volumen / alta frecuencia),Servicios postventa,Soporte y Mantenimiento,130.35
2025-12,Centro,CLI-142,Recurrente (bajo volumen / alta frecuencia),Servicios postventa,Soporte y Mantenimiento,92.5
2026-01,Centro,CLI-142,Recurrente (bajo volumen / alta frecuencia),Servicios postventa,Soporte y Mantenimiento,114.73
2026-02,Centro,CLI-142,Recurrente (bajo volumen / alta frecuencia),Servicios postventa,Soporte y Mantenimiento,138.25
2026-03,Centro,CLI-142,Recurrente (bajo volumen / alta frecuencia),Servicios postventa,Soporte y Mantenimiento,127.81
2026-04,Centro,CLI-142,Recurrente (bajo volumen / alta frecuencia),Servicios postventa,Soporte y Mantenimiento,146.53
2026-05,Centro,CLI-142,Recurrente (bajo volumen / alta frecuencia),Servicios postventa,Soporte y Mantenimiento,127.8
2026-06,Centro,CLI-142,Recurrente (bajo volumen / alta frecuencia),Servicios postventa,Soporte y Mantenimiento,118.3
2026-07,Centro,CLI-142,Recurrente (bajo volumen / alta frecuencia),Servicios postventa,Soporte y Mantenimiento,111.8
2026-08,Centro,CLI-142,Recurrente (bajo volumen / alta frecuencia),Servicios postventa,Soporte y Mantenimiento,133.3
2025-01,Centro,CLI-142,Recurrente (bajo volumen / alta frecuencia),Línea Premium,Premium Exportación,392.39
2025-05,Centro,CLI-142,Recurrente (bajo volumen / alta frecuencia),Línea Premium,Premium Exportación,323.92
2025-07,Centro,CLI-142,Recurrente (bajo volumen / alta frecuencia),Línea Premium,Premium Exportación,349.45
2025-08,Centro,CLI-142,Recurrente (bajo volumen / alta frecuencia),Línea Premium,Premium Exportación,322.17
2025-09,Centro,CLI-142,Recurrente (bajo volumen / alta frecuencia),Línea Premium,Premium Exportación,434.11
2025-10,Centro,CLI-142,Recurrente (bajo volumen / alta frecuencia),Línea Premium,Premium Exportación,419.36
2025-11,Centro,CLI-142,Recurrente (bajo volumen / alta frecuencia),Línea Premium,Premium Exportación,393.37
2025-12,Centro,CLI-142,Recurrente (bajo volumen / alta frecuencia),Línea Premium,Premium Exportación,339.82
2026-01,Centro,CLI-142,Recurrente (bajo volumen / alta frecuencia),Línea Premium,Premium Exportación,452.04
2026-02,Centro,CLI-142,Recurrente (bajo volumen / alta frecuencia),Línea Premium,Premium Exportación,386.42
2026-05,Centro,CLI-142,Recurrente (bajo volumen / alta frecuencia),Línea Premium,Premium Exportación,370.36
2026-06,Centro,CLI-142,Recurrente (bajo volumen / alta frecuencia),Línea Premium,Premium Exportación,388.54
2026-07,Centro,CLI-142,Recurrente (bajo volumen / alta frecuencia),Línea Premium,Premium Exportación,364.09
2026-08,Centro,CLI-142,Recurrente (bajo volumen / alta frecuencia),Línea Premium,Premium Exportación,400.74
2025-01,Centro,CLI-142,Recurrente (bajo volumen / alta frecuencia),Línea Estándar,Estándar Mayoreo,287.27
2025-03,Centro,CLI-142,Recurrente (bajo volumen / alta frecuencia),Línea Estándar,Estándar Mayoreo,324.72
2025-04,Centro,CLI-142,Recurrente (bajo volumen / alta frecuencia),Línea Estándar,Estándar Mayoreo,328.4
2025-05,Centro,CLI-142,Recurrente (bajo volumen / alta frecuencia),Línea Estándar,Estándar Mayoreo,289.79
2025-06,Centro,CLI-142,Recurrente (bajo volumen / alta frecuencia),Línea Estándar,Estándar Mayoreo,278.87
2025-07,Centro,CLI-142,Recurrente (bajo volumen / alta frecuencia),Línea Estándar,Estándar Mayoreo,216.57
2025-09,Centro,CLI-142,Recurrente (bajo volumen / alta frecuencia),Línea Estándar,Estándar Mayoreo,383.9
2025-10,Centro,CLI-142,Recurrente (bajo volumen / alta frecuencia),Línea Estándar,Estándar Mayoreo,237.21
2025-11,Centro,CLI-142,Recurrente (bajo volumen / alta frecuencia),Línea Estándar,Estándar Mayoreo,279.99
2025-12,Centro,CLI-142,Recurrente (bajo volumen / alta frecuencia),Línea Estándar,Estándar Mayoreo,344.89
2026-01,Centro,CLI-142,Recurrente (bajo volumen / alta frecuencia),Línea Estándar,Estándar Mayoreo,301.35
2026-02,Centro,CLI-142,Recurrente (bajo volumen / alta frecuencia),Línea Estándar,Estándar Mayoreo,287.1
2026-03,Centro,CLI-142,Recurrente (bajo volumen / alta frecuencia),Línea Estándar,Estándar Mayoreo,276.53
2026-05,Centro,CLI-142,Recurrente (bajo volumen / alta frecuencia),Línea Estándar,Estándar Mayoreo,248.89
2026-07,Centro,CLI-142,Recurrente (bajo volumen / alta frecuencia),Línea Estándar,Estándar Mayoreo,270.57
2026-08,Centro,CLI-142,Recurrente (bajo volumen / alta frecuencia),Línea Estándar,Estándar Mayoreo,190.43
2025-01,Occidente,CLI-143,Recurrente (bajo volumen / alta frecuencia),Línea Estándar,Estándar Mayoreo,226.86
2025-02,Occidente,CLI-143,Recurrente (bajo volumen / alta frecuencia),Línea Estándar,Estándar Mayoreo,227.11
2025-03,Occidente,CLI-143,Recurrente (bajo volumen / alta frecuencia),Línea Estándar,Estándar Mayoreo,252.24
2025-04,Occidente,CLI-143,Recurrente (bajo volumen / alta frecuencia),Línea Estándar,Estándar Mayoreo,241.11
2025-05,Occidente,CLI-143,Recurrente (bajo volumen / alta frecuencia),Línea Estándar,Estándar Mayoreo,274.42
2025-06,Occidente,CLI-143,Recurrente (bajo volumen / alta frecuencia),Línea Estándar,Estándar Mayoreo,257.68
2025-07,Occidente,CLI-143,Recurrente (bajo volumen / alta frecuencia),Línea Estándar,Estándar Mayoreo,251.69
2025-09,Occidente,CLI-143,Recurrente (bajo volumen / alta frecuencia),Línea Estándar,Estándar Mayoreo,251.71
2025-10,Occidente,CLI-143,Recurrente (bajo volumen / alta frecuencia),Línea Estándar,Estándar Mayoreo,242.87
2025-11,Occidente,CLI-143,Recurrente (bajo volumen / alta frecuencia),Línea Estándar,Estándar Mayoreo,279.88
2025-12,Occidente,CLI-143,Recurrente (bajo volumen / alta frecuencia),Línea Estándar,Estándar Mayoreo,255.83
2026-01,Occidente,CLI-143,Recurrente (bajo volumen / alta frecuencia),Línea Estándar,Estándar Mayoreo,233.12
2026-02,Occidente,CLI-143,Recurrente (bajo volumen / alta frecuencia),Línea Estándar,Estándar Mayoreo,239.33
2026-03,Occidente,CLI-143,Recurrente (bajo volumen / alta frecuencia),Línea Estándar,Estándar Mayoreo,270.31
2026-04,Occidente,CLI-143,Recurrente (bajo volumen / alta frecuencia),Línea Estándar,Estándar Mayoreo,259.25
2026-06,Occidente,CLI-143,Recurrente (bajo volumen / alta frecuencia),Línea Estándar,Estándar Mayoreo,240.39
2026-07,Occidente,CLI-143,Recurrente (bajo volumen / alta frecuencia),Línea Estándar,Estándar Mayoreo,274.91
2025-02,Occidente,CLI-143,Recurrente (bajo volumen / alta frecuencia),Línea Estándar,Estándar Retail,235.6
2025-03,Occidente,CLI-143,Recurrente (bajo volumen / alta frecuencia),Línea Estándar,Estándar Retail,248.54
2025-04,Occidente,CLI-143,Recurrente (bajo volumen / alta frecuencia),Línea Estándar,Estándar Retail,235.28
2025-05,Occidente,CLI-143,Recurrente (bajo volumen / alta frecuencia),Línea Estándar,Estándar Retail,205.73
2025-06,Occidente,CLI-143,Recurrente (bajo volumen / alta frecuencia),Línea Estándar,Estándar Retail,183.48
2025-07,Occidente,CLI-143,Recurrente (bajo volumen / alta frecuencia),Línea Estándar,Estándar Retail,213.81
2025-09,Occidente,CLI-143,Recurrente (bajo volumen / alta frecuencia),Línea Estándar,Estándar Retail,195.01
2025-12,Occidente,CLI-143,Recurrente (bajo volumen / alta frecuencia),Línea Estándar,Estándar Retail,223.62
2026-02,Occidente,CLI-143,Recurrente (bajo volumen / alta frecuencia),Línea Estándar,Estándar Retail,193.96
2026-03,Occidente,CLI-143,Recurrente (bajo volumen / alta frecuencia),Línea Estándar,Estándar Retail,264.6
2026-04,Occidente,CLI-143,Recurrente (bajo volumen / alta frecuencia),Línea Estándar,Estándar Retail,231.57
2026-06,Occidente,CLI-143,Recurrente (bajo volumen / alta frecuencia),Línea Estándar,Estándar Retail,235.2
2026-07,Occidente,CLI-143,Recurrente (bajo volumen / alta frecuencia),Línea Estándar,Estándar Retail,216.87
2026-08,Occidente,CLI-143,Recurrente (bajo volumen / alta frecuencia),Línea Estándar,Estándar Retail,187.95
2025-02,Occidente,CLI-143,Recurrente (bajo volumen / alta frecuencia),Línea Premium,Premium Oficina,263.47
2025-03,Occidente,CLI-143,Recurrente (bajo volumen / alta frecuencia),Línea Premium,Premium Oficina,307.07
2025-04,Occidente,CLI-143,Recurrente (bajo volumen / alta frecuencia),Línea Premium,Premium Oficina,293.03
2025-05,Occidente,CLI-143,Recurrente (bajo volumen / alta frecuencia),Línea Premium,Premium Oficina,304.84
2025-07,Occidente,CLI-143,Recurrente (bajo volumen / alta frecuencia),Línea Premium,Premium Oficina,251.85
2025-08,Occidente,CLI-143,Recurrente (bajo volumen / alta frecuencia),Línea Premium,Premium Oficina,255.39
2025-09,Occidente,CLI-143,Recurrente (bajo volumen / alta frecuencia),Línea Premium,Premium Oficina,302.35
2025-10,Occidente,CLI-143,Recurrente (bajo volumen / alta frecuencia),Línea Premium,Premium Oficina,267.89
2025-11,Occidente,CLI-143,Recurrente (bajo volumen / alta frecuencia),Línea Premium,Premium Oficina,289.17
2025-12,Occidente,CLI-143,Recurrente (bajo volumen / alta frecuencia),Línea Premium,Premium Oficina,294.8
2026-01,Occidente,CLI-143,Recurrente (bajo volumen / alta frecuencia),Línea Premium,Premium Oficina,303.47
2026-02,Occidente,CLI-143,Recurrente (bajo volumen / alta frecuencia),Línea Premium,Premium Oficina,346.87
2026-03,Occidente,CLI-143,Recurrente (bajo volumen / alta frecuencia),Línea Premium,Premium Oficina,337.49
2026-04,Occidente,CLI-143,Recurrente (bajo volumen / alta frecuencia),Línea Premium,Premium Oficina,352.75
2026-05,Occidente,CLI-143,Recurrente (bajo volumen / alta frecuencia),Línea Premium,Premium Oficina,334.77
2026-07,Occidente,CLI-143,Recurrente (bajo volumen / alta frecuencia),Línea Premium,Premium Oficina,318.74
2026-08,Occidente,CLI-143,Recurrente (bajo volumen / alta frecuencia),Línea Premium,Premium Oficina,288.17
2025-01,Occidente,CLI-143,Recurrente (bajo volumen / alta frecuencia),Servicios postventa,Soporte y Mantenimiento,72.14
2025-02,Occidente,CLI-143,Recurrente (bajo volumen / alta frecuencia),Servicios postventa,Soporte y Mantenimiento,84.77
2025-03,Occidente,CLI-143,Recurrente (bajo volumen / alta frecuencia),Servicios postventa,Soporte y Mantenimiento,92.41
2025-04,Occidente,CLI-143,Recurrente (bajo volumen / alta frecuencia),Servicios postventa,Soporte y Mantenimiento,96.94
2025-05,Occidente,CLI-143,Recurrente (bajo volumen / alta frecuencia),Servicios postventa,Soporte y Mantenimiento,65.62
2025-07,Occidente,CLI-143,Recurrente (bajo volumen / alta frecuencia),Servicios postventa,Soporte y Mantenimiento,75.07
2025-09,Occidente,CLI-143,Recurrente (bajo volumen / alta frecuencia),Servicios postventa,Soporte y Mantenimiento,80.03
2025-10,Occidente,CLI-143,Recurrente (bajo volumen / alta frecuencia),Servicios postventa,Soporte y Mantenimiento,95.4
2025-11,Occidente,CLI-143,Recurrente (bajo volumen / alta frecuencia),Servicios postventa,Soporte y Mantenimiento,92.07
2025-12,Occidente,CLI-143,Recurrente (bajo volumen / alta frecuencia),Servicios postventa,Soporte y Mantenimiento,106.86
2026-01,Occidente,CLI-143,Recurrente (bajo volumen / alta frecuencia),Servicios postventa,Soporte y Mantenimiento,86.49
2026-02,Occidente,CLI-143,Recurrente (bajo volumen / alta frecuencia),Servicios postventa,Soporte y Mantenimiento,107.39
2026-03,Occidente,CLI-143,Recurrente (bajo volumen / alta frecuencia),Servicios postventa,Soporte y Mantenimiento,91.14
2026-04,Occidente,CLI-143,Recurrente (bajo volumen / alta frecuencia),Servicios postventa,Soporte y Mantenimiento,95.07
2026-06,Occidente,CLI-143,Recurrente (bajo volumen / alta frecuencia),Servicios postventa,Soporte y Mantenimiento,113.34
2026-07,Occidente,CLI-143,Recurrente (bajo volumen / alta frecuencia),Servicios postventa,Soporte y Mantenimiento,109.58
2026-08,Occidente,CLI-143,Recurrente (bajo volumen / alta frecuencia),Servicios postventa,Soporte y Mantenimiento,113.36
2025-01,Occidente,CLI-143,Recurrente (bajo volumen / alta frecuencia),Línea Premium,Premium Exportación,309.59
2025-02,Occidente,CLI-143,Recurrente (bajo volumen / alta frecuencia),Línea Premium,Premium Exportación,335.77
2025-03,Occidente,CLI-143,Recurrente (bajo volumen / alta frecuencia),Línea Premium,Premium Exportación,336.67
2025-04,Occidente,CLI-143,Recurrente (bajo volumen / alta frecuencia),Línea Premium,Premium Exportación,321.24
2025-05,Occidente,CLI-143,Recurrente (bajo volumen / alta frecuencia),Línea Premium,Premium Exportación,332.59
2025-06,Occidente,CLI-143,Recurrente (bajo volumen / alta frecuencia),Línea Premium,Premium Exportación,261.27
2025-07,Occidente,CLI-143,Recurrente (bajo volumen / alta frecuencia),Línea Premium,Premium Exportación,335.54
2025-08,Occidente,CLI-143,Recurrente (bajo volumen / alta frecuencia),Línea Premium,Premium Exportación,218.82
2025-10,Occidente,CLI-143,Recurrente (bajo volumen / alta frecuencia),Línea Premium,Premium Exportación,380.51
2025-11,Occidente,CLI-143,Recurrente (bajo volumen / alta frecuencia),Línea Premium,Premium Exportación,318.03
2025-12,Occidente,CLI-143,Recurrente (bajo volumen / alta frecuencia),Línea Premium,Premium Exportación,309.29
2026-02,Occidente,CLI-143,Recurrente (bajo volumen / alta frecuencia),Línea Premium,Premium Exportación,313.57
2026-03,Occidente,CLI-143,Recurrente (bajo volumen / alta frecuencia),Línea Premium,Premium Exportación,357.49
2026-05,Occidente,CLI-143,Recurrente (bajo volumen / alta frecuencia),Línea Premium,Premium Exportación,254.44
2026-06,Occidente,CLI-143,Recurrente (bajo volumen / alta frecuencia),Línea Premium,Premium Exportación,310.21
2026-07,Occidente,CLI-143,Recurrente (bajo volumen / alta frecuencia),Línea Premium,Premium Exportación,312.65
2025-01,Sureste,CLI-144,Esporádico (bajo volumen / baja frecuencia),Línea Económica,Económica Básica,124.58
2026-02,Sureste,CLI-144,Esporádico (bajo volumen / baja frecuencia),Línea Económica,Económica Básica,136.36
2025-06,Occidente,CLI-145,Esporádico (bajo volumen / baja frecuencia),Línea Económica,Económica Básica,210.35
2025-11,Occidente,CLI-145,Esporádico (bajo volumen / baja frecuencia),Línea Económica,Económica Básica,219.59
2026-06,Occidente,CLI-145,Esporádico (bajo volumen / baja frecuencia),Línea Económica,Económica Básica,246.29
2025-02,Occidente,CLI-145,Esporádico (bajo volumen / baja frecuencia),Línea Económica,Económica Promocional,171.89
2025-05,Occidente,CLI-145,Esporádico (bajo volumen / baja frecuencia),Línea Económica,Económica Promocional,193.02
2025-08,Occidente,CLI-145,Esporádico (bajo volumen / baja frecuencia),Línea Económica,Económica Promocional,175.11
2025-11,Occidente,CLI-145,Esporádico (bajo volumen / baja frecuencia),Línea Premium,Premium Oficina,392.7
2026-03,Occidente,CLI-145,Esporádico (bajo volumen / baja frecuencia),Línea Premium,Premium Oficina,409.93
2026-05,Occidente,CLI-145,Esporádico (bajo volumen / baja frecuencia),Línea Premium,Premium Oficina,453.03
2025-05,Centro,CLI-146,Ocasional (alto volumen / baja frecuencia),Línea Premium,Premium Oficina,633.73
2025-11,Centro,CLI-146,Ocasional (alto volumen / baja frecuencia),Línea Premium,Premium Oficina,840.68
2025-12,Centro,CLI-146,Ocasional (alto volumen / baja frecuencia),Línea Premium,Premium Oficina,774.06
2026-01,Centro,CLI-146,Ocasional (alto volumen / baja frecuencia),Línea Premium,Premium Oficina,720.55
2026-03,Centro,CLI-146,Ocasional (alto volumen / baja frecuencia),Línea Premium,Premium Oficina,668.16
2025-06,Centro,CLI-146,Ocasional (alto volumen / baja frecuencia),Línea Premium,Premium Hogar,858.03
2025-12,Centro,CLI-146,Ocasional (alto volumen / baja frecuencia),Línea Premium,Premium Hogar,979.46
2026-01,Centro,CLI-146,Ocasional (alto volumen / baja frecuencia),Línea Premium,Premium Hogar,854.68
2026-07,Centro,CLI-146,Ocasional (alto volumen / baja frecuencia),Línea Premium,Premium Hogar,1060.46
2025-05,Sureste,CLI-147,Esporádico (bajo volumen / baja frecuencia),Línea Económica,Económica Básica,173.58
2025-10,Sureste,CLI-147,Esporádico (bajo volumen / baja frecuencia),Línea Económica,Económica Básica,150.16
2026-03,Sureste,CLI-147,Esporádico (bajo volumen / baja frecuencia),Línea Económica,Económica Básica,135.29
2025-05,Sureste,CLI-147,Esporádico (bajo volumen / baja frecuencia),Línea Premium,Premium Hogar,267.62
2025-12,Sureste,CLI-147,Esporádico (bajo volumen / baja frecuencia),Línea Premium,Premium Hogar,285.61
2025-03,Norte,CLI-148,Esporádico (bajo volumen / baja frecuencia),Línea Económica,Económica Promocional,138.75
2026-06,Norte,CLI-148,Esporádico (bajo volumen / baja frecuencia),Línea Económica,Económica Promocional,135.52
2026-07,Norte,CLI-148,Esporádico (bajo volumen / baja frecuencia),Línea Económica,Económica Promocional,140.96
2025-05,Norte,CLI-148,Esporádico (bajo volumen / baja frecuencia),Línea Económica,Económica Básica,161.56
2025-08,Norte,CLI-148,Esporádico (bajo volumen / baja frecuencia),Línea Económica,Económica Básica,195.13
2026-02,Norte,CLI-148,Esporádico (bajo volumen / baja frecuencia),Línea Económica,Económica Básica,184.89
2026-04,Norte,CLI-148,Esporádico (bajo volumen / baja frecuencia),Línea Económica,Económica Básica,137.79
2025-01,Norte,CLI-148,Esporádico (bajo volumen / baja frecuencia),Línea Premium,Premium Exportación,317.89
2025-11,Norte,CLI-148,Esporádico (bajo volumen / baja frecuencia),Línea Premium,Premium Exportación,343.25
2025-05,Norte,CLI-149,Ocasional (alto volumen / baja frecuencia),Línea Estándar,Estándar Mayoreo,811.75
2025-11,Norte,CLI-149,Ocasional (alto volumen / baja frecuencia),Línea Estándar,Estándar Mayoreo,732.0
2026-03,Norte,CLI-149,Ocasional (alto volumen / baja frecuencia),Línea Estándar,Estándar Mayoreo,1013.63
2026-06,Norte,CLI-149,Ocasional (alto volumen / baja frecuencia),Línea Estándar,Estándar Mayoreo,773.1
2025-02,Norte,CLI-149,Ocasional (alto volumen / baja frecuencia),Línea Estándar,Estándar Retail,789.86
2025-03,Norte,CLI-149,Ocasional (alto volumen / baja frecuencia),Línea Estándar,Estándar Retail,901.05
2025-05,Norte,CLI-149,Ocasional (alto volumen / baja frecuencia),Línea Estándar,Estándar Retail,803.55
2025-09,Norte,CLI-149,Ocasional (alto volumen / baja frecuencia),Línea Estándar,Estándar Retail,801.27
2025-10,Norte,CLI-149,Ocasional (alto volumen / baja frecuencia),Línea Estándar,Estándar Retail,719.52
2026-07,Norte,CLI-149,Ocasional (alto volumen / baja frecuencia),Línea Estándar,Estándar Retail,899.52
2025-05,Norte,CLI-149,Ocasional (alto volumen / baja frecuencia),Línea Premium,Premium Hogar,932.38
2025-12,Norte,CLI-149,Ocasional (alto volumen / baja frecuencia),Línea Premium,Premium Hogar,1312.32
2026-02,Norte,CLI-149,Ocasional (alto volumen / baja frecuencia),Línea Premium,Premium Hogar,1068.0
2026-03,Norte,CLI-149,Ocasional (alto volumen / baja frecuencia),Línea Premium,Premium Hogar,991.72
2026-08,Norte,CLI-149,Ocasional (alto volumen / baja frecuencia),Línea Premium,Premium Hogar,1219.49
2025-01,Sureste,CLI-150,Recurrente (bajo volumen / alta frecuencia),Línea Económica,Económica Promocional,194.53
2025-02,Sureste,CLI-150,Recurrente (bajo volumen / alta frecuencia),Línea Económica,Económica Promocional,195.49
2025-03,Sureste,CLI-150,Recurrente (bajo volumen / alta frecuencia),Línea Económica,Económica Promocional,183.92
2025-04,Sureste,CLI-150,Recurrente (bajo volumen / alta frecuencia),Línea Económica,Económica Promocional,171.56
2025-05,Sureste,CLI-150,Recurrente (bajo volumen / alta frecuencia),Línea Económica,Económica Promocional,186.49
2025-06,Sureste,CLI-150,Recurrente (bajo volumen / alta frecuencia),Línea Económica,Económica Promocional,194.44
2025-08,Sureste,CLI-150,Recurrente (bajo volumen / alta frecuencia),Línea Económica,Económica Promocional,174.07
2025-09,Sureste,CLI-150,Recurrente (bajo volumen / alta frecuencia),Línea Económica,Económica Promocional,138.33
2025-10,Sureste,CLI-150,Recurrente (bajo volumen / alta frecuencia),Línea Económica,Económica Promocional,180.6
2025-11,Sureste,CLI-150,Recurrente (bajo volumen / alta frecuencia),Línea Económica,Económica Promocional,192.52
2025-12,Sureste,CLI-150,Recurrente (bajo volumen / alta frecuencia),Línea Económica,Económica Promocional,155.36
2026-03,Sureste,CLI-150,Recurrente (bajo volumen / alta frecuencia),Línea Económica,Económica Promocional,166.68
2026-04,Sureste,CLI-150,Recurrente (bajo volumen / alta frecuencia),Línea Económica,Económica Promocional,176.48
2026-05,Sureste,CLI-150,Recurrente (bajo volumen / alta frecuencia),Línea Económica,Económica Promocional,165.95
2026-07,Sureste,CLI-150,Recurrente (bajo volumen / alta frecuencia),Línea Económica,Económica Promocional,155.02
2026-08,Sureste,CLI-150,Recurrente (bajo volumen / alta frecuencia),Línea Económica,Económica Promocional,153.16
2025-02,Sureste,CLI-150,Recurrente (bajo volumen / alta frecuencia),Línea Estándar,Estándar Mayoreo,426.15
2025-03,Sureste,CLI-150,Recurrente (bajo volumen / alta frecuencia),Línea Estándar,Estándar Mayoreo,374.39
2025-04,Sureste,CLI-150,Recurrente (bajo volumen / alta frecuencia),Línea Estándar,Estándar Mayoreo,370.62
2025-05,Sureste,CLI-150,Recurrente (bajo volumen / alta frecuencia),Línea Estándar,Estándar Mayoreo,392.55
2025-06,Sureste,CLI-150,Recurrente (bajo volumen / alta frecuencia),Línea Estándar,Estándar Mayoreo,400.71
2025-08,Sureste,CLI-150,Recurrente (bajo volumen / alta frecuencia),Línea Estándar,Estándar Mayoreo,329.06
2025-09,Sureste,CLI-150,Recurrente (bajo volumen / alta frecuencia),Línea Estándar,Estándar Mayoreo,437.03
2025-10,Sureste,CLI-150,Recurrente (bajo volumen / alta frecuencia),Línea Estándar,Estándar Mayoreo,388.78
2026-01,Sureste,CLI-150,Recurrente (bajo volumen / alta frecuencia),Línea Estándar,Estándar Mayoreo,428.7
2026-02,Sureste,CLI-150,Recurrente (bajo volumen / alta frecuencia),Línea Estándar,Estándar Mayoreo,461.65
2026-03,Sureste,CLI-150,Recurrente (bajo volumen / alta frecuencia),Línea Estándar,Estándar Mayoreo,399.22
2026-04,Sureste,CLI-150,Recurrente (bajo volumen / alta frecuencia),Línea Estándar,Estándar Mayoreo,377.83
2026-05,Sureste,CLI-150,Recurrente (bajo volumen / alta frecuencia),Línea Estándar,Estándar Mayoreo,449.77
2026-06,Sureste,CLI-150,Recurrente (bajo volumen / alta frecuencia),Línea Estándar,Estándar Mayoreo,430.73
2026-07,Sureste,CLI-150,Recurrente (bajo volumen / alta frecuencia),Línea Estándar,Estándar Mayoreo,402.88
2026-08,Sureste,CLI-150,Recurrente (bajo volumen / alta frecuencia),Línea Estándar,Estándar Mayoreo,284.03
2025-01,Sureste,CLI-150,Recurrente (bajo volumen / alta frecuencia),Línea Estándar,Estándar Retail,304.43
2025-02,Sureste,CLI-150,Recurrente (bajo volumen / alta frecuencia),Línea Estándar,Estándar Retail,311.45
2025-03,Sureste,CLI-150,Recurrente (bajo volumen / alta frecuencia),Línea Estándar,Estándar Retail,299.07
2025-04,Sureste,CLI-150,Recurrente (bajo volumen / alta frecuencia),Línea Estándar,Estándar Retail,324.71
2025-05,Sureste,CLI-150,Recurrente (bajo volumen / alta frecuencia),Línea Estándar,Estándar Retail,344.26
2025-08,Sureste,CLI-150,Recurrente (bajo volumen / alta frecuencia),Línea Estándar,Estándar Retail,279.21
2025-10,Sureste,CLI-150,Recurrente (bajo volumen / alta frecuencia),Línea Estándar,Estándar Retail,340.09
2025-11,Sureste,CLI-150,Recurrente (bajo volumen / alta frecuencia),Línea Estándar,Estándar Retail,315.24
2025-12,Sureste,CLI-150,Recurrente (bajo volumen / alta frecuencia),Línea Estándar,Estándar Retail,291.02
2026-01,Sureste,CLI-150,Recurrente (bajo volumen / alta frecuencia),Línea Estándar,Estándar Retail,228.39
2026-02,Sureste,CLI-150,Recurrente (bajo volumen / alta frecuencia),Línea Estándar,Estándar Retail,298.08
2026-03,Sureste,CLI-150,Recurrente (bajo volumen / alta frecuencia),Línea Estándar,Estándar Retail,263.71
2026-06,Sureste,CLI-150,Recurrente (bajo volumen / alta frecuencia),Línea Estándar,Estándar Retail,247.86
2026-07,Sureste,CLI-150,Recurrente (bajo volumen / alta frecuencia),Línea Estándar,Estándar Retail,246.64
2025-01,Sureste,CLI-150,Recurrente (bajo volumen / alta frecuencia),Línea Económica,Económica Básica,236.32
2025-04,Sureste,CLI-150,Recurrente (bajo volumen / alta frecuencia),Línea Económica,Económica Básica,259.89
2025-05,Sureste,CLI-150,Recurrente (bajo volumen / alta frecuencia),Línea Económica,Económica Básica,237.43
2025-06,Sureste,CLI-150,Recurrente (bajo volumen / alta frecuencia),Línea Económica,Económica Básica,151.36
2025-07,Sureste,CLI-150,Recurrente (bajo volumen / alta frecuencia),Línea Económica,Económica Básica,223.57
2025-08,Sureste,CLI-150,Recurrente (bajo volumen / alta frecuencia),Línea Económica,Económica Básica,158.62
2025-09,Sureste,CLI-150,Recurrente (bajo volumen / alta frecuencia),Línea Económica,Económica Básica,221.42
2025-10,Sureste,CLI-150,Recurrente (bajo volumen / alta frecuencia),Línea Económica,Económica Básica,247.72
2025-11,Sureste,CLI-150,Recurrente (bajo volumen / alta frecuencia),Línea Económica,Económica Básica,213.84
2025-12,Sureste,CLI-150,Recurrente (bajo volumen / alta frecuencia),Línea Económica,Económica Básica,197.34
2026-02,Sureste,CLI-150,Recurrente (bajo volumen / alta frecuencia),Línea Económica,Económica Básica,179.91
2026-04,Sureste,CLI-150,Recurrente (bajo volumen / alta frecuencia),Línea Económica,Económica Básica,184.75
2026-06,Sureste,CLI-150,Recurrente (bajo volumen / alta frecuencia),Línea Económica,Económica Básica,215.44
2026-07,Sureste,CLI-150,Recurrente (bajo volumen / alta frecuencia),Línea Económica,Económica Básica,232.61
2025-02,Sureste,CLI-150,Recurrente (bajo volumen / alta frecuencia),Línea Premium,Premium Exportación,381.77
2025-03,Sureste,CLI-150,Recurrente (bajo volumen / alta frecuencia),Línea Premium,Premium Exportación,456.68
2025-05,Sureste,CLI-150,Recurrente (bajo volumen / alta frecuencia),Línea Premium,Premium Exportación,405.52
2025-06,Sureste,CLI-150,Recurrente (bajo volumen / alta frecuencia),Línea Premium,Premium Exportación,512.11
2025-07,Sureste,CLI-150,Recurrente (bajo volumen / alta frecuencia),Línea Premium,Premium Exportación,518.43
2025-08,Sureste,CLI-150,Recurrente (bajo volumen / alta frecuencia),Línea Premium,Premium Exportación,432.75
2025-09,Sureste,CLI-150,Recurrente (bajo volumen / alta frecuencia),Línea Premium,Premium Exportación,512.39
2025-11,Sureste,CLI-150,Recurrente (bajo volumen / alta frecuencia),Línea Premium,Premium Exportación,469.35
2025-12,Sureste,CLI-150,Recurrente (bajo volumen / alta frecuencia),Línea Premium,Premium Exportación,551.59
2026-01,Sureste,CLI-150,Recurrente (bajo volumen / alta frecuencia),Línea Premium,Premium Exportación,580.01
2026-02,Sureste,CLI-150,Recurrente (bajo volumen / alta frecuencia),Línea Premium,Premium Exportación,546.56
2026-03,Sureste,CLI-150,Recurrente (bajo volumen / alta frecuencia),Línea Premium,Premium Exportación,489.2
2026-04,Sureste,CLI-150,Recurrente (bajo volumen / alta frecuencia),Línea Premium,Premium Exportación,546.5
2026-05,Sureste,CLI-150,Recurrente (bajo volumen / alta frecuencia),Línea Premium,Premium Exportación,544.8
2026-06,Sureste,CLI-150,Recurrente (bajo volumen / alta frecuencia),Línea Premium,Premium Exportación,606.64
2026-07,Sureste,CLI-150,Recurrente (bajo volumen / alta frecuencia),Línea Premium,Premium Exportación,575.61
2026-08,Sureste,CLI-150,Recurrente (bajo volumen / alta frecuencia),Línea Premium,Premium Exportación,590.55
2025-01,Centro,CLI-151,VIP (alto volumen / alta frecuencia),Línea Premium,Premium Oficina,779.22
2025-02,Centro,CLI-151,VIP (alto volumen / alta frecuencia),Línea Premium,Premium Oficina,635.48
2025-03,Centro,CLI-151,VIP (alto volumen / alta frecuencia),Línea Premium,Premium Oficina,919.35
2025-04,Centro,CLI-151,VIP (alto volumen / alta frecuencia),Línea Premium,Premium Oficina,809.29
2025-05,Centro,CLI-151,VIP (alto volumen / alta frecuencia),Línea Premium,Premium Oficina,888.62
2025-06,Centro,CLI-151,VIP (alto volumen / alta frecuencia),Línea Premium,Premium Oficina,900.31
2025-07,Centro,CLI-151,VIP (alto volumen / alta frecuencia),Línea Premium,Premium Oficina,1013.26
2025-08,Centro,CLI-151,VIP (alto volumen / alta frecuencia),Línea Premium,Premium Oficina,1003.08
2025-09,Centro,CLI-151,VIP (alto volumen / alta frecuencia),Línea Premium,Premium Oficina,905.55
2025-10,Centro,CLI-151,VIP (alto volumen / alta frecuencia),Línea Premium,Premium Oficina,879.13
2025-11,Centro,CLI-151,VIP (alto volumen / alta frecuencia),Línea Premium,Premium Oficina,889.47
2025-12,Centro,CLI-151,VIP (alto volumen / alta frecuencia),Línea Premium,Premium Oficina,793.57
2026-01,Centro,CLI-151,VIP (alto volumen / alta frecuencia),Línea Premium,Premium Oficina,1133.1
2026-02,Centro,CLI-151,VIP (alto volumen / alta frecuencia),Línea Premium,Premium Oficina,954.43
2026-03,Centro,CLI-151,VIP (alto volumen / alta frecuencia),Línea Premium,Premium Oficina,892.08
2026-05,Centro,CLI-151,VIP (alto volumen / alta frecuencia),Línea Premium,Premium Oficina,1069.4
2026-06,Centro,CLI-151,VIP (alto volumen / alta frecuencia),Línea Premium,Premium Oficina,1218.49
2026-08,Centro,CLI-151,VIP (alto volumen / alta frecuencia),Línea Premium,Premium Oficina,1327.44
2025-01,Centro,CLI-151,VIP (alto volumen / alta frecuencia),Línea Premium,Premium Exportación,1093.51
2025-02,Centro,CLI-151,VIP (alto volumen / alta frecuencia),Línea Premium,Premium Exportación,1074.2
2025-03,Centro,CLI-151,VIP (alto volumen / alta frecuencia),Línea Premium,Premium Exportación,1178.45
2025-04,Centro,CLI-151,VIP (alto volumen / alta frecuencia),Línea Premium,Premium Exportación,1051.79
2025-05,Centro,CLI-151,VIP (alto volumen / alta frecuencia),Línea Premium,Premium Exportación,1276.46
2025-06,Centro,CLI-151,VIP (alto volumen / alta frecuencia),Línea Premium,Premium Exportación,1149.52
2025-07,Centro,CLI-151,VIP (alto volumen / alta frecuencia),Línea Premium,Premium Exportación,1034.22
2025-08,Centro,CLI-151,VIP (alto volumen / alta frecuencia),Línea Premium,Premium Exportación,1147.98
2025-09,Centro,CLI-151,VIP (alto volumen / alta frecuencia),Línea Premium,Premium Exportación,1091.6
2025-10,Centro,CLI-151,VIP (alto volumen / alta frecuencia),Línea Premium,Premium Exportación,1301.13
2025-11,Centro,CLI-151,VIP (alto volumen / alta frecuencia),Línea Premium,Premium Exportación,1199.91
2025-12,Centro,CLI-151,VIP (alto volumen / alta frecuencia),Línea Premium,Premium Exportación,1515.56
2026-01,Centro,CLI-151,VIP (alto volumen / alta frecuencia),Línea Premium,Premium Exportación,1432.09
2026-02,Centro,CLI-151,VIP (alto volumen / alta frecuencia),Línea Premium,Premium Exportación,1080.69
2026-04,Centro,CLI-151,VIP (alto volumen / alta frecuencia),Línea Premium,Premium Exportación,1355.5
2026-05,Centro,CLI-151,VIP (alto volumen / alta frecuencia),Línea Premium,Premium Exportación,1155.13
2026-06,Centro,CLI-151,VIP (alto volumen / alta frecuencia),Línea Premium,Premium Exportación,1120.45
2026-07,Centro,CLI-151,VIP (alto volumen / alta frecuencia),Línea Premium,Premium Exportación,1078.66
2026-08,Centro,CLI-151,VIP (alto volumen / alta frecuencia),Línea Premium,Premium Exportación,1401.1
2025-02,Centro,CLI-151,VIP (alto volumen / alta frecuencia),Línea Estándar,Estándar Retail,833.25
2025-04,Centro,CLI-151,VIP (alto volumen / alta frecuencia),Línea Estándar,Estándar Retail,652.72
2025-05,Centro,CLI-151,VIP (alto volumen / alta frecuencia),Línea Estándar,Estándar Retail,682.64
2025-07,Centro,CLI-151,VIP (alto volumen / alta frecuencia),Línea Estándar,Estándar Retail,763.16
2025-09,Centro,CLI-151,VIP (alto volumen / alta frecuencia),Línea Estándar,Estándar Retail,626.06
2025-11,Centro,CLI-151,VIP (alto volumen / alta frecuencia),Línea Estándar,Estándar Retail,710.17
2025-12,Centro,CLI-151,VIP (alto volumen / alta frecuencia),Línea Estándar,Estándar Retail,828.02
2026-01,Centro,CLI-151,VIP (alto volumen / alta frecuencia),Línea Estándar,Estándar Retail,750.09
2026-02,Centro,CLI-151,VIP (alto volumen / alta frecuencia),Línea Estándar,Estándar Retail,771.83
2026-03,Centro,CLI-151,VIP (alto volumen / alta frecuencia),Línea Estándar,Estándar Retail,913.32
2026-04,Centro,CLI-151,VIP (alto volumen / alta frecuencia),Línea Estándar,Estándar Retail,850.68
2026-05,Centro,CLI-151,VIP (alto volumen / alta frecuencia),Línea Estándar,Estándar Retail,639.6
2026-06,Centro,CLI-151,VIP (alto volumen / alta frecuencia),Línea Estándar,Estándar Retail,813.52
2026-08,Centro,CLI-151,VIP (alto volumen / alta frecuencia),Línea Estándar,Estándar Retail,737.29
2025-01,Centro,CLI-151,VIP (alto volumen / alta frecuencia),Servicios postventa,Soporte y Mantenimiento,206.93
2025-02,Centro,CLI-151,VIP (alto volumen / alta frecuencia),Servicios postventa,Soporte y Mantenimiento,254.91
2025-03,Centro,CLI-151,VIP (alto volumen / alta frecuencia),Servicios postventa,Soporte y Mantenimiento,306.66
2025-04,Centro,CLI-151,VIP (alto volumen / alta frecuencia),Servicios postventa,Soporte y Mantenimiento,258.98
2025-05,Centro,CLI-151,VIP (alto volumen / alta frecuencia),Servicios postventa,Soporte y Mantenimiento,280.26
2025-06,Centro,CLI-151,VIP (alto volumen / alta frecuencia),Servicios postventa,Soporte y Mantenimiento,276.63
2025-07,Centro,CLI-151,VIP (alto volumen / alta frecuencia),Servicios postventa,Soporte y Mantenimiento,337.06
2025-09,Centro,CLI-151,VIP (alto volumen / alta frecuencia),Servicios postventa,Soporte y Mantenimiento,305.56
2025-10,Centro,CLI-151,VIP (alto volumen / alta frecuencia),Servicios postventa,Soporte y Mantenimiento,304.22
2025-11,Centro,CLI-151,VIP (alto volumen / alta frecuencia),Servicios postventa,Soporte y Mantenimiento,325.91
2025-12,Centro,CLI-151,VIP (alto volumen / alta frecuencia),Servicios postventa,Soporte y Mantenimiento,306.02
2026-01,Centro,CLI-151,VIP (alto volumen / alta frecuencia),Servicios postventa,Soporte y Mantenimiento,429.82
2026-02,Centro,CLI-151,VIP (alto volumen / alta frecuencia),Servicios postventa,Soporte y Mantenimiento,283.06
2026-03,Centro,CLI-151,VIP (alto volumen / alta frecuencia),Servicios postventa,Soporte y Mantenimiento,328.93
2026-04,Centro,CLI-151,VIP (alto volumen / alta frecuencia),Servicios postventa,Soporte y Mantenimiento,320.2
2026-05,Centro,CLI-151,VIP (alto volumen / alta frecuencia),Servicios postventa,Soporte y Mantenimiento,412.82
2026-07,Centro,CLI-151,VIP (alto volumen / alta frecuencia),Servicios postventa,Soporte y Mantenimiento,425.6
2025-01,Centro,CLI-151,VIP (alto volumen / alta frecuencia),Línea Premium,Premium Hogar,979.08
2025-02,Centro,CLI-151,VIP (alto volumen / alta frecuencia),Línea Premium,Premium Hogar,1028.05
2025-03,Centro,CLI-151,VIP (alto volumen / alta frecuencia),Línea Premium,Premium Hogar,1187.85
2025-04,Centro,CLI-151,VIP (alto volumen / alta frecuencia),Línea Premium,Premium Hogar,785.36
2025-05,Centro,CLI-151,VIP (alto volumen / alta frecuencia),Línea Premium,Premium Hogar,891.06
2025-06,Centro,CLI-151,VIP (alto volumen / alta frecuencia),Línea Premium,Premium Hogar,1162.16
2025-07,Centro,CLI-151,VIP (alto volumen / alta frecuencia),Línea Premium,Premium Hogar,1153.72
2025-08,Centro,CLI-151,VIP (alto volumen / alta frecuencia),Línea Premium,Premium Hogar,1335.35
2025-09,Centro,CLI-151,VIP (alto volumen / alta frecuencia),Línea Premium,Premium Hogar,979.61
2025-10,Centro,CLI-151,VIP (alto volumen / alta frecuencia),Línea Premium,Premium Hogar,1062.46
2025-11,Centro,CLI-151,VIP (alto volumen / alta frecuencia),Línea Premium,Premium Hogar,1065.21
2025-12,Centro,CLI-151,VIP (alto volumen / alta frecuencia),Línea Premium,Premium Hogar,1232.39
2026-01,Centro,CLI-151,VIP (alto volumen / alta frecuencia),Línea Premium,Premium Hogar,1466.18
2026-02,Centro,CLI-151,VIP (alto volumen / alta frecuencia),Línea Premium,Premium Hogar,1285.37
2026-04,Centro,CLI-151,VIP (alto volumen / alta frecuencia),Línea Premium,Premium Hogar,1132.29
2026-05,Centro,CLI-151,VIP (alto volumen / alta frecuencia),Línea Premium,Premium Hogar,1253.76
2026-06,Centro,CLI-151,VIP (alto volumen / alta frecuencia),Línea Premium,Premium Hogar,1480.86
2026-07,Centro,CLI-151,VIP (alto volumen / alta frecuencia),Línea Premium,Premium Hogar,1466.67
2026-08,Centro,CLI-151,VIP (alto volumen / alta frecuencia),Línea Premium,Premium Hogar,1779.22
2025-01,Occidente,CLI-152,Recurrente (bajo volumen / alta frecuencia),Línea Estándar,Estándar Retail,265.76
2025-03,Occidente,CLI-152,Recurrente (bajo volumen / alta frecuencia),Línea Estándar,Estándar Retail,275.15
2025-04,Occidente,CLI-152,Recurrente (bajo volumen / alta frecuencia),Línea Estándar,Estándar Retail,340.49
2025-05,Occidente,CLI-152,Recurrente (bajo volumen / alta frecuencia),Línea Estándar,Estándar Retail,311.51
2025-06,Occidente,CLI-152,Recurrente (bajo volumen / alta frecuencia),Línea Estándar,Estándar Retail,247.91
2025-07,Occidente,CLI-152,Recurrente (bajo volumen / alta frecuencia),Línea Estándar,Estándar Retail,281.96
2025-08,Occidente,CLI-152,Recurrente (bajo volumen / alta frecuencia),Línea Estándar,Estándar Retail,256.26
2025-09,Occidente,CLI-152,Recurrente (bajo volumen / alta frecuencia),Línea Estándar,Estándar Retail,289.73
2025-11,Occidente,CLI-152,Recurrente (bajo volumen / alta frecuencia),Línea Estándar,Estándar Retail,318.59
2025-12,Occidente,CLI-152,Recurrente (bajo volumen / alta frecuencia),Línea Estándar,Estándar Retail,216.14
2026-01,Occidente,CLI-152,Recurrente (bajo volumen / alta frecuencia),Línea Estándar,Estándar Retail,239.45
2026-02,Occidente,CLI-152,Recurrente (bajo volumen / alta frecuencia),Línea Estándar,Estándar Retail,275.39
2026-04,Occidente,CLI-152,Recurrente (bajo volumen / alta frecuencia),Línea Estándar,Estándar Retail,214.66
2026-06,Occidente,CLI-152,Recurrente (bajo volumen / alta frecuencia),Línea Estándar,Estándar Retail,265.2
2026-07,Occidente,CLI-152,Recurrente (bajo volumen / alta frecuencia),Línea Estándar,Estándar Retail,328.33
2026-08,Occidente,CLI-152,Recurrente (bajo volumen / alta frecuencia),Línea Estándar,Estándar Retail,256.55
2025-03,Occidente,CLI-152,Recurrente (bajo volumen / alta frecuencia),Línea Económica,Económica Promocional,135.27
2025-04,Occidente,CLI-152,Recurrente (bajo volumen / alta frecuencia),Línea Económica,Económica Promocional,169.94
2025-05,Occidente,CLI-152,Recurrente (bajo volumen / alta frecuencia),Línea Económica,Económica Promocional,184.34
2025-07,Occidente,CLI-152,Recurrente (bajo volumen / alta frecuencia),Línea Económica,Económica Promocional,171.36
2025-08,Occidente,CLI-152,Recurrente (bajo volumen / alta frecuencia),Línea Económica,Económica Promocional,195.52
2025-09,Occidente,CLI-152,Recurrente (bajo volumen / alta frecuencia),Línea Económica,Económica Promocional,176.83
2025-10,Occidente,CLI-152,Recurrente (bajo volumen / alta frecuencia),Línea Económica,Económica Promocional,178.59
2025-11,Occidente,CLI-152,Recurrente (bajo volumen / alta frecuencia),Línea Económica,Económica Promocional,153.17
2026-01,Occidente,CLI-152,Recurrente (bajo volumen / alta frecuencia),Línea Económica,Económica Promocional,178.29
2026-03,Occidente,CLI-152,Recurrente (bajo volumen / alta frecuencia),Línea Económica,Económica Promocional,134.31
2026-04,Occidente,CLI-152,Recurrente (bajo volumen / alta frecuencia),Línea Económica,Económica Promocional,161.29
2026-06,Occidente,CLI-152,Recurrente (bajo volumen / alta frecuencia),Línea Económica,Económica Promocional,130.51
2025-01,Occidente,CLI-152,Recurrente (bajo volumen / alta frecuencia),Línea Económica,Económica Básica,209.93
2025-03,Occidente,CLI-152,Recurrente (bajo volumen / alta frecuencia),Línea Económica,Económica Básica,207.04
2025-04,Occidente,CLI-152,Recurrente (bajo volumen / alta frecuencia),Línea Económica,Económica Básica,178.19
2025-06,Occidente,CLI-152,Recurrente (bajo volumen / alta frecuencia),Línea Económica,Económica Básica,200.17
2025-08,Occidente,CLI-152,Recurrente (bajo volumen / alta frecuencia),Línea Económica,Económica Básica,186.58
2025-09,Occidente,CLI-152,Recurrente (bajo volumen / alta frecuencia),Línea Económica,Económica Básica,158.07
2025-10,Occidente,CLI-152,Recurrente (bajo volumen / alta frecuencia),Línea Económica,Económica Básica,153.62
2025-11,Occidente,CLI-152,Recurrente (bajo volumen / alta frecuencia),Línea Económica,Económica Básica,211.66
2025-12,Occidente,CLI-152,Recurrente (bajo volumen / alta frecuencia),Línea Económica,Económica Básica,160.16
2026-01,Occidente,CLI-152,Recurrente (bajo volumen / alta frecuencia),Línea Económica,Económica Básica,206.18
2026-02,Occidente,CLI-152,Recurrente (bajo volumen / alta frecuencia),Línea Económica,Económica Básica,173.12
2026-03,Occidente,CLI-152,Recurrente (bajo volumen / alta frecuencia),Línea Económica,Económica Básica,151.81
2026-06,Occidente,CLI-152,Recurrente (bajo volumen / alta frecuencia),Línea Económica,Económica Básica,134.04
2026-07,Occidente,CLI-152,Recurrente (bajo volumen / alta frecuencia),Línea Económica,Económica Básica,162.87
2026-08,Occidente,CLI-152,Recurrente (bajo volumen / alta frecuencia),Línea Económica,Económica Básica,168.44
2025-01,Occidente,CLI-152,Recurrente (bajo volumen / alta frecuencia),Línea Premium,Premium Exportación,286.66
2025-03,Occidente,CLI-152,Recurrente (bajo volumen / alta frecuencia),Línea Premium,Premium Exportación,467.78
2025-04,Occidente,CLI-152,Recurrente (bajo volumen / alta frecuencia),Línea Premium,Premium Exportación,454.03
2025-05,Occidente,CLI-152,Recurrente (bajo volumen / alta frecuencia),Línea Premium,Premium Exportación,435.26
2025-06,Occidente,CLI-152,Recurrente (bajo volumen / alta frecuencia),Línea Premium,Premium Exportación,434.38
2025-07,Occidente,CLI-152,Recurrente (bajo volumen / alta frecuencia),Línea Premium,Premium Exportación,336.41
2025-08,Occidente,CLI-152,Recurrente (bajo volumen / alta frecuencia),Línea Premium,Premium Exportación,449.52
2025-09,Occidente,CLI-152,Recurrente (bajo volumen / alta frecuencia),Línea Premium,Premium Exportación,499.39
2025-10,Occidente,CLI-152,Recurrente (bajo volumen / alta frecuencia),Línea Premium,Premium Exportación,436.42
2025-11,Occidente,CLI-152,Recurrente (bajo volumen / alta frecuencia),Línea Premium,Premium Exportación,462.68
2025-12,Occidente,CLI-152,Recurrente (bajo volumen / alta frecuencia),Línea Premium,Premium Exportación,581.33
2026-01,Occidente,CLI-152,Recurrente (bajo volumen / alta frecuencia),Línea Premium,Premium Exportación,390.6
2026-02,Occidente,CLI-152,Recurrente (bajo volumen / alta frecuencia),Línea Premium,Premium Exportación,490.26
2026-03,Occidente,CLI-152,Recurrente (bajo volumen / alta frecuencia),Línea Premium,Premium Exportación,464.7
2026-04,Occidente,CLI-152,Recurrente (bajo volumen / alta frecuencia),Línea Premium,Premium Exportación,570.26
2026-05,Occidente,CLI-152,Recurrente (bajo volumen / alta frecuencia),Línea Premium,Premium Exportación,539.27
2026-06,Occidente,CLI-152,Recurrente (bajo volumen / alta frecuencia),Línea Premium,Premium Exportación,551.64
2026-07,Occidente,CLI-152,Recurrente (bajo volumen / alta frecuencia),Línea Premium,Premium Exportación,617.92
2026-08,Occidente,CLI-152,Recurrente (bajo volumen / alta frecuencia),Línea Premium,Premium Exportación,558.33
2025-01,Centro,CLI-153,Recurrente (bajo volumen / alta frecuencia),Línea Premium,Premium Exportación,529.01
2025-04,Centro,CLI-153,Recurrente (bajo volumen / alta frecuencia),Línea Premium,Premium Exportación,626.46
2025-05,Centro,CLI-153,Recurrente (bajo volumen / alta frecuencia),Línea Premium,Premium Exportación,606.97
2025-07,Centro,CLI-153,Recurrente (bajo volumen / alta frecuencia),Línea Premium,Premium Exportación,643.76
2025-08,Centro,CLI-153,Recurrente (bajo volumen / alta frecuencia),Línea Premium,Premium Exportación,566.01
2025-09,Centro,CLI-153,Recurrente (bajo volumen / alta frecuencia),Línea Premium,Premium Exportación,568.63
2025-10,Centro,CLI-153,Recurrente (bajo volumen / alta frecuencia),Línea Premium,Premium Exportación,553.11
2025-12,Centro,CLI-153,Recurrente (bajo volumen / alta frecuencia),Línea Premium,Premium Exportación,616.66
2026-01,Centro,CLI-153,Recurrente (bajo volumen / alta frecuencia),Línea Premium,Premium Exportación,713.22
2026-02,Centro,CLI-153,Recurrente (bajo volumen / alta frecuencia),Línea Premium,Premium Exportación,544.05
2026-04,Centro,CLI-153,Recurrente (bajo volumen / alta frecuencia),Línea Premium,Premium Exportación,652.31
2026-07,Centro,CLI-153,Recurrente (bajo volumen / alta frecuencia),Línea Premium,Premium Exportación,585.63
2025-01,Centro,CLI-153,Recurrente (bajo volumen / alta frecuencia),Línea Económica,Económica Básica,176.62
2025-02,Centro,CLI-153,Recurrente (bajo volumen / alta frecuencia),Línea Económica,Económica Básica,244.19
2025-05,Centro,CLI-153,Recurrente (bajo volumen / alta frecuencia),Línea Económica,Económica Básica,225.52
2025-06,Centro,CLI-153,Recurrente (bajo volumen / alta frecuencia),Línea Económica,Económica Básica,222.43
2025-08,Centro,CLI-153,Recurrente (bajo volumen / alta frecuencia),Línea Económica,Económica Básica,269.68
2025-09,Centro,CLI-153,Recurrente (bajo volumen / alta frecuencia),Línea Económica,Económica Básica,198.52
2025-10,Centro,CLI-153,Recurrente (bajo volumen / alta frecuencia),Línea Económica,Económica Básica,249.26
2025-11,Centro,CLI-153,Recurrente (bajo volumen / alta frecuencia),Línea Económica,Económica Básica,242.03
2025-12,Centro,CLI-153,Recurrente (bajo volumen / alta frecuencia),Línea Económica,Económica Básica,254.98
2026-02,Centro,CLI-153,Recurrente (bajo volumen / alta frecuencia),Línea Económica,Económica Básica,227.75
2026-03,Centro,CLI-153,Recurrente (bajo volumen / alta frecuencia),Línea Económica,Económica Básica,208.4
2026-04,Centro,CLI-153,Recurrente (bajo volumen / alta frecuencia),Línea Económica,Económica Básica,197.02
2026-05,Centro,CLI-153,Recurrente (bajo volumen / alta frecuencia),Línea Económica,Económica Básica,233.16
2026-07,Centro,CLI-153,Recurrente (bajo volumen / alta frecuencia),Línea Económica,Económica Básica,214.03
2025-01,Centro,CLI-153,Recurrente (bajo volumen / alta frecuencia),Línea Económica,Económica Promocional,178.25
2025-03,Centro,CLI-153,Recurrente (bajo volumen / alta frecuencia),Línea Económica,Económica Promocional,159.8
2025-04,Centro,CLI-153,Recurrente (bajo volumen / alta frecuencia),Línea Económica,Económica Promocional,164.99
2025-05,Centro,CLI-153,Recurrente (bajo volumen / alta frecuencia),Línea Económica,Económica Promocional,188.83
2025-06,Centro,CLI-153,Recurrente (bajo volumen / alta frecuencia),Línea Económica,Económica Promocional,236.48
2025-07,Centro,CLI-153,Recurrente (bajo volumen / alta frecuencia),Línea Económica,Económica Promocional,178.17
2025-08,Centro,CLI-153,Recurrente (bajo volumen / alta frecuencia),Línea Económica,Económica Promocional,179.2
2025-09,Centro,CLI-153,Recurrente (bajo volumen / alta frecuencia),Línea Económica,Económica Promocional,189.06
2025-10,Centro,CLI-153,Recurrente (bajo volumen / alta frecuencia),Línea Económica,Económica Promocional,217.98
2025-12,Centro,CLI-153,Recurrente (bajo volumen / alta frecuencia),Línea Económica,Económica Promocional,160.82
2026-02,Centro,CLI-153,Recurrente (bajo volumen / alta frecuencia),Línea Económica,Económica Promocional,152.23
2026-03,Centro,CLI-153,Recurrente (bajo volumen / alta frecuencia),Línea Económica,Económica Promocional,176.74
2026-04,Centro,CLI-153,Recurrente (bajo volumen / alta frecuencia),Línea Económica,Económica Promocional,156.55
2026-05,Centro,CLI-153,Recurrente (bajo volumen / alta frecuencia),Línea Económica,Económica Promocional,182.01
2026-06,Centro,CLI-153,Recurrente (bajo volumen / alta frecuencia),Línea Económica,Económica Promocional,167.22
2026-07,Centro,CLI-153,Recurrente (bajo volumen / alta frecuencia),Línea Económica,Económica Promocional,175.66
2025-01,Centro,CLI-153,Recurrente (bajo volumen / alta frecuencia),Servicios postventa,Soporte y Mantenimiento,125.32
2025-02,Centro,CLI-153,Recurrente (bajo volumen / alta frecuencia),Servicios postventa,Soporte y Mantenimiento,155.47
2025-03,Centro,CLI-153,Recurrente (bajo volumen / alta frecuencia),Servicios postventa,Soporte y Mantenimiento,145.02
2025-04,Centro,CLI-153,Recurrente (bajo volumen / alta frecuencia),Servicios postventa,Soporte y Mantenimiento,112.47
2025-05,Centro,CLI-153,Recurrente (bajo volumen / alta frecuencia),Servicios postventa,Soporte y Mantenimiento,101.01
2025-06,Centro,CLI-153,Recurrente (bajo volumen / alta frecuencia),Servicios postventa,Soporte y Mantenimiento,152.01
2025-07,Centro,CLI-153,Recurrente (bajo volumen / alta frecuencia),Servicios postventa,Soporte y Mantenimiento,158.52
2025-09,Centro,CLI-153,Recurrente (bajo volumen / alta frecuencia),Servicios postventa,Soporte y Mantenimiento,141.48
2025-10,Centro,CLI-153,Recurrente (bajo volumen / alta frecuencia),Servicios postventa,Soporte y Mantenimiento,168.37
2025-11,Centro,CLI-153,Recurrente (bajo volumen / alta frecuencia),Servicios postventa,Soporte y Mantenimiento,145.81
2025-12,Centro,CLI-153,Recurrente (bajo volumen / alta frecuencia),Servicios postventa,Soporte y Mantenimiento,147.32
2026-01,Centro,CLI-153,Recurrente (bajo volumen / alta frecuencia),Servicios postventa,Soporte y Mantenimiento,150.69
2026-02,Centro,CLI-153,Recurrente (bajo volumen / alta frecuencia),Servicios postventa,Soporte y Mantenimiento,169.86
2026-03,Centro,CLI-153,Recurrente (bajo volumen / alta frecuencia),Servicios postventa,Soporte y Mantenimiento,162.95
2026-04,Centro,CLI-153,Recurrente (bajo volumen / alta frecuencia),Servicios postventa,Soporte y Mantenimiento,164.55
2026-05,Centro,CLI-153,Recurrente (bajo volumen / alta frecuencia),Servicios postventa,Soporte y Mantenimiento,132.02
2026-06,Centro,CLI-153,Recurrente (bajo volumen / alta frecuencia),Servicios postventa,Soporte y Mantenimiento,142.91
2026-07,Centro,CLI-153,Recurrente (bajo volumen / alta frecuencia),Servicios postventa,Soporte y Mantenimiento,157.32
2026-08,Centro,CLI-153,Recurrente (bajo volumen / alta frecuencia),Servicios postventa,Soporte y Mantenimiento,138.41
2025-01,Sureste,CLI-154,Ocasional (alto volumen / baja frecuencia),Línea Premium,Premium Oficina,689.65
2025-04,Sureste,CLI-154,Ocasional (alto volumen / baja frecuencia),Línea Premium,Premium Oficina,762.85
2026-02,Sureste,CLI-154,Ocasional (alto volumen / baja frecuencia),Línea Premium,Premium Oficina,795.04
2026-08,Sureste,CLI-154,Ocasional (alto volumen / baja frecuencia),Línea Premium,Premium Oficina,1012.92
2025-06,Sureste,CLI-154,Ocasional (alto volumen / baja frecuencia),Línea Premium,Premium Hogar,1031.58
2025-08,Sureste,CLI-154,Ocasional (alto volumen / baja frecuencia),Línea Premium,Premium Hogar,941.32
2026-01,Sureste,CLI-154,Ocasional (alto volumen / baja frecuencia),Línea Premium,Premium Hogar,951.33
2026-06,Sureste,CLI-154,Ocasional (alto volumen / baja frecuencia),Línea Premium,Premium Hogar,1202.35
2025-01,Sureste,CLI-154,Ocasional (alto volumen / baja frecuencia),Línea Estándar,Estándar Retail,566.59
2025-11,Sureste,CLI-154,Ocasional (alto volumen / baja frecuencia),Línea Estándar,Estándar Retail,671.06
2025-12,Sureste,CLI-154,Ocasional (alto volumen / baja frecuencia),Línea Estándar,Estándar Retail,739.24
2026-03,Sureste,CLI-154,Ocasional (alto volumen / baja frecuencia),Línea Estándar,Estándar Retail,682.75
2026-04,Sureste,CLI-154,Ocasional (alto volumen / baja frecuencia),Línea Estándar,Estándar Retail,477.15
2025-01,Centro,CLI-155,Recurrente (bajo volumen / alta frecuencia),Línea Premium,Premium Exportación,532.75
2025-02,Centro,CLI-155,Recurrente (bajo volumen / alta frecuencia),Línea Premium,Premium Exportación,507.12
2025-03,Centro,CLI-155,Recurrente (bajo volumen / alta frecuencia),Línea Premium,Premium Exportación,435.44
2025-05,Centro,CLI-155,Recurrente (bajo volumen / alta frecuencia),Línea Premium,Premium Exportación,496.4
2025-06,Centro,CLI-155,Recurrente (bajo volumen / alta frecuencia),Línea Premium,Premium Exportación,488.1
2025-07,Centro,CLI-155,Recurrente (bajo volumen / alta frecuencia),Línea Premium,Premium Exportación,449.25
2025-09,Centro,CLI-155,Recurrente (bajo volumen / alta frecuencia),Línea Premium,Premium Exportación,456.85
2025-10,Centro,CLI-155,Recurrente (bajo volumen / alta frecuencia),Línea Premium,Premium Exportación,492.31
2025-11,Centro,CLI-155,Recurrente (bajo volumen / alta frecuencia),Línea Premium,Premium Exportación,567.75
2026-01,Centro,CLI-155,Recurrente (bajo volumen / alta frecuencia),Línea Premium,Premium Exportación,463.22
2026-02,Centro,CLI-155,Recurrente (bajo volumen / alta frecuencia),Línea Premium,Premium Exportación,486.29
2026-03,Centro,CLI-155,Recurrente (bajo volumen / alta frecuencia),Línea Premium,Premium Exportación,519.53
2026-04,Centro,CLI-155,Recurrente (bajo volumen / alta frecuencia),Línea Premium,Premium Exportación,504.23
2026-05,Centro,CLI-155,Recurrente (bajo volumen / alta frecuencia),Línea Premium,Premium Exportación,632.84
2026-06,Centro,CLI-155,Recurrente (bajo volumen / alta frecuencia),Línea Premium,Premium Exportación,633.34
2026-07,Centro,CLI-155,Recurrente (bajo volumen / alta frecuencia),Línea Premium,Premium Exportación,621.16
2026-08,Centro,CLI-155,Recurrente (bajo volumen / alta frecuencia),Línea Premium,Premium Exportación,638.94
2025-01,Centro,CLI-155,Recurrente (bajo volumen / alta frecuencia),Línea Económica,Económica Promocional,174.43
2025-02,Centro,CLI-155,Recurrente (bajo volumen / alta frecuencia),Línea Económica,Económica Promocional,172.2
2025-03,Centro,CLI-155,Recurrente (bajo volumen / alta frecuencia),Línea Económica,Económica Promocional,167.68
2025-04,Centro,CLI-155,Recurrente (bajo volumen / alta frecuencia),Línea Económica,Económica Promocional,192.35
2025-05,Centro,CLI-155,Recurrente (bajo volumen / alta frecuencia),Línea Económica,Económica Promocional,175.19
2025-06,Centro,CLI-155,Recurrente (bajo volumen / alta frecuencia),Línea Económica,Económica Promocional,179.58
2025-08,Centro,CLI-155,Recurrente (bajo volumen / alta frecuencia),Línea Económica,Económica Promocional,146.36
2025-09,Centro,CLI-155,Recurrente (bajo volumen / alta frecuencia),Línea Económica,Económica Promocional,165.06
2025-10,Centro,CLI-155,Recurrente (bajo volumen / alta frecuencia),Línea Económica,Económica Promocional,128.13
2025-11,Centro,CLI-155,Recurrente (bajo volumen / alta frecuencia),Línea Económica,Económica Promocional,167.57
2025-12,Centro,CLI-155,Recurrente (bajo volumen / alta frecuencia),Línea Económica,Económica Promocional,149.15
2026-01,Centro,CLI-155,Recurrente (bajo volumen / alta frecuencia),Línea Económica,Económica Promocional,172.28
2026-02,Centro,CLI-155,Recurrente (bajo volumen / alta frecuencia),Línea Económica,Económica Promocional,128.92
2026-04,Centro,CLI-155,Recurrente (bajo volumen / alta frecuencia),Línea Económica,Económica Promocional,159.78
2026-05,Centro,CLI-155,Recurrente (bajo volumen / alta frecuencia),Línea Económica,Económica Promocional,147.26
2026-06,Centro,CLI-155,Recurrente (bajo volumen / alta frecuencia),Línea Económica,Económica Promocional,155.99
2026-07,Centro,CLI-155,Recurrente (bajo volumen / alta frecuencia),Línea Económica,Económica Promocional,156.47
2026-08,Centro,CLI-155,Recurrente (bajo volumen / alta frecuencia),Línea Económica,Económica Promocional,182.9
2025-03,Centro,CLI-155,Recurrente (bajo volumen / alta frecuencia),Línea Estándar,Estándar Retail,334.71
2025-04,Centro,CLI-155,Recurrente (bajo volumen / alta frecuencia),Línea Estándar,Estándar Retail,338.37
2025-05,Centro,CLI-155,Recurrente (bajo volumen / alta frecuencia),Línea Estándar,Estándar Retail,252.11
2025-07,Centro,CLI-155,Recurrente (bajo volumen / alta frecuencia),Línea Estándar,Estándar Retail,249.27
2025-08,Centro,CLI-155,Recurrente (bajo volumen / alta frecuencia),Línea Estándar,Estándar Retail,322.53
2025-09,Centro,CLI-155,Recurrente (bajo volumen / alta frecuencia),Línea Estándar,Estándar Retail,286.39
2025-10,Centro,CLI-155,Recurrente (bajo volumen / alta frecuencia),Línea Estándar,Estándar Retail,225.3
2025-11,Centro,CLI-155,Recurrente (bajo volumen / alta frecuencia),Línea Estándar,Estándar Retail,300.29
2025-12,Centro,CLI-155,Recurrente (bajo volumen / alta frecuencia),Línea Estándar,Estándar Retail,247.11
2026-01,Centro,CLI-155,Recurrente (bajo volumen / alta frecuencia),Línea Estándar,Estándar Retail,263.01
2026-02,Centro,CLI-155,Recurrente (bajo volumen / alta frecuencia),Línea Estándar,Estándar Retail,348.48
2026-03,Centro,CLI-155,Recurrente (bajo volumen / alta frecuencia),Línea Estándar,Estándar Retail,246.97
2026-04,Centro,CLI-155,Recurrente (bajo volumen / alta frecuencia),Línea Estándar,Estándar Retail,246.28
2026-05,Centro,CLI-155,Recurrente (bajo volumen / alta frecuencia),Línea Estándar,Estándar Retail,246.06
2026-06,Centro,CLI-155,Recurrente (bajo volumen / alta frecuencia),Línea Estándar,Estándar Retail,273.33
2026-08,Centro,CLI-155,Recurrente (bajo volumen / alta frecuencia),Línea Estándar,Estándar Retail,246.79
2025-01,Centro,CLI-155,Recurrente (bajo volumen / alta frecuencia),Línea Económica,Económica Básica,148.42
2025-02,Centro,CLI-155,Recurrente (bajo volumen / alta frecuencia),Línea Económica,Económica Básica,251.94
2025-03,Centro,CLI-155,Recurrente (bajo volumen / alta frecuencia),Línea Económica,Económica Básica,210.53
2025-04,Centro,CLI-155,Recurrente (bajo volumen / alta frecuencia),Línea Económica,Económica Básica,225.96
2025-05,Centro,CLI-155,Recurrente (bajo volumen / alta frecuencia),Línea Económica,Económica Básica,208.65
2025-06,Centro,CLI-155,Recurrente (bajo volumen / alta frecuencia),Línea Económica,Económica Básica,231.5
2025-07,Centro,CLI-155,Recurrente (bajo volumen / alta frecuencia),Línea Económica,Económica Básica,207.76
2025-09,Centro,CLI-155,Recurrente (bajo volumen / alta frecuencia),Línea Económica,Económica Básica,202.3
2025-11,Centro,CLI-155,Recurrente (bajo volumen / alta frecuencia),Línea Económica,Económica Básica,208.35
2026-01,Centro,CLI-155,Recurrente (bajo volumen / alta frecuencia),Línea Económica,Económica Básica,267.55
2026-02,Centro,CLI-155,Recurrente (bajo volumen / alta frecuencia),Línea Económica,Económica Básica,213.74
2026-04,Centro,CLI-155,Recurrente (bajo volumen / alta frecuencia),Línea Económica,Económica Básica,263.35
2026-06,Centro,CLI-155,Recurrente (bajo volumen / alta frecuencia),Línea Económica,Económica Básica,230.6
2026-07,Centro,CLI-155,Recurrente (bajo volumen / alta frecuencia),Línea Económica,Económica Básica,230.16
2026-08,Centro,CLI-155,Recurrente (bajo volumen / alta frecuencia),Línea Económica,Económica Básica,238.95
2025-01,Centro,CLI-155,Recurrente (bajo volumen / alta frecuencia),Línea Estándar,Estándar Mayoreo,361.47
2025-02,Centro,CLI-155,Recurrente (bajo volumen / alta frecuencia),Línea Estándar,Estándar Mayoreo,232.13
2025-03,Centro,CLI-155,Recurrente (bajo volumen / alta frecuencia),Línea Estándar,Estándar Mayoreo,304.21
2025-04,Centro,CLI-155,Recurrente (bajo volumen / alta frecuencia),Línea Estándar,Estándar Mayoreo,364.49
2025-05,Centro,CLI-155,Recurrente (bajo volumen / alta frecuencia),Línea Estándar,Estándar Mayoreo,375.24
2025-06,Centro,CLI-155,Recurrente (bajo volumen / alta frecuencia),Línea Estándar,Estándar Mayoreo,319.5
2025-07,Centro,CLI-155,Recurrente (bajo volumen / alta frecuencia),Línea Estándar,Estándar Mayoreo,385.7
2025-08,Centro,CLI-155,Recurrente (bajo volumen / alta frecuencia),Línea Estándar,Estándar Mayoreo,275.46
2025-09,Centro,CLI-155,Recurrente (bajo volumen / alta frecuencia),Línea Estándar,Estándar Mayoreo,310.03
2025-11,Centro,CLI-155,Recurrente (bajo volumen / alta frecuencia),Línea Estándar,Estándar Mayoreo,375.58
2025-12,Centro,CLI-155,Recurrente (bajo volumen / alta frecuencia),Línea Estándar,Estándar Mayoreo,323.54
2026-01,Centro,CLI-155,Recurrente (bajo volumen / alta frecuencia),Línea Estándar,Estándar Mayoreo,347.47
2026-02,Centro,CLI-155,Recurrente (bajo volumen / alta frecuencia),Línea Estándar,Estándar Mayoreo,340.64
2026-03,Centro,CLI-155,Recurrente (bajo volumen / alta frecuencia),Línea Estándar,Estándar Mayoreo,304.22
2026-04,Centro,CLI-155,Recurrente (bajo volumen / alta frecuencia),Línea Estándar,Estándar Mayoreo,311.33
2026-05,Centro,CLI-155,Recurrente (bajo volumen / alta frecuencia),Línea Estándar,Estándar Mayoreo,364.89
2026-06,Centro,CLI-155,Recurrente (bajo volumen / alta frecuencia),Línea Estándar,Estándar Mayoreo,340.76
2026-08,Centro,CLI-155,Recurrente (bajo volumen / alta frecuencia),Línea Estándar,Estándar Mayoreo,182.45
2025-01,Centro,CLI-155,Recurrente (bajo volumen / alta frecuencia),Servicios postventa,Soporte y Mantenimiento,103.18
2025-02,Centro,CLI-155,Recurrente (bajo volumen / alta frecuencia),Servicios postventa,Soporte y Mantenimiento,86.06
2025-03,Centro,CLI-155,Recurrente (bajo volumen / alta frecuencia),Servicios postventa,Soporte y Mantenimiento,93.28
2025-04,Centro,CLI-155,Recurrente (bajo volumen / alta frecuencia),Servicios postventa,Soporte y Mantenimiento,110.91
2025-06,Centro,CLI-155,Recurrente (bajo volumen / alta frecuencia),Servicios postventa,Soporte y Mantenimiento,123.37
2025-09,Centro,CLI-155,Recurrente (bajo volumen / alta frecuencia),Servicios postventa,Soporte y Mantenimiento,123.89
2025-10,Centro,CLI-155,Recurrente (bajo volumen / alta frecuencia),Servicios postventa,Soporte y Mantenimiento,133.92
2025-11,Centro,CLI-155,Recurrente (bajo volumen / alta frecuencia),Servicios postventa,Soporte y Mantenimiento,148.08
2025-12,Centro,CLI-155,Recurrente (bajo volumen / alta frecuencia),Servicios postventa,Soporte y Mantenimiento,118.14
2026-02,Centro,CLI-155,Recurrente (bajo volumen / alta frecuencia),Servicios postventa,Soporte y Mantenimiento,135.98
2026-04,Centro,CLI-155,Recurrente (bajo volumen / alta frecuencia),Servicios postventa,Soporte y Mantenimiento,154.89
2026-05,Centro,CLI-155,Recurrente (bajo volumen / alta frecuencia),Servicios postventa,Soporte y Mantenimiento,109.65
2026-07,Centro,CLI-155,Recurrente (bajo volumen / alta frecuencia),Servicios postventa,Soporte y Mantenimiento,144.47
2026-08,Centro,CLI-155,Recurrente (bajo volumen / alta frecuencia),Servicios postventa,Soporte y Mantenimiento,162.32
2025-09,Norte,CLI-156,Esporádico (bajo volumen / baja frecuencia),Línea Económica,Económica Básica,203.41
2025-10,Norte,CLI-156,Esporádico (bajo volumen / baja frecuencia),Línea Económica,Económica Básica,236.97
2026-05,Norte,CLI-156,Esporádico (bajo volumen / baja frecuencia),Línea Económica,Económica Básica,162.98
2026-06,Norte,CLI-156,Esporádico (bajo volumen / baja frecuencia),Línea Económica,Económica Básica,223.21
2025-01,Sureste,CLI-157,VIP (alto volumen / alta frecuencia),Línea Premium,Premium Oficina,790.9
2025-02,Sureste,CLI-157,VIP (alto volumen / alta frecuencia),Línea Premium,Premium Oficina,1004.18
2025-03,Sureste,CLI-157,VIP (alto volumen / alta frecuencia),Línea Premium,Premium Oficina,794.39
2025-04,Sureste,CLI-157,VIP (alto volumen / alta frecuencia),Línea Premium,Premium Oficina,1071.5
2025-05,Sureste,CLI-157,VIP (alto volumen / alta frecuencia),Línea Premium,Premium Oficina,840.8
2025-06,Sureste,CLI-157,VIP (alto volumen / alta frecuencia),Línea Premium,Premium Oficina,772.93
2025-07,Sureste,CLI-157,VIP (alto volumen / alta frecuencia),Línea Premium,Premium Oficina,964.05
2025-08,Sureste,CLI-157,VIP (alto volumen / alta frecuencia),Línea Premium,Premium Oficina,1043.75
2025-09,Sureste,CLI-157,VIP (alto volumen / alta frecuencia),Línea Premium,Premium Oficina,984.31
2025-10,Sureste,CLI-157,VIP (alto volumen / alta frecuencia),Línea Premium,Premium Oficina,771.77
2025-11,Sureste,CLI-157,VIP (alto volumen / alta frecuencia),Línea Premium,Premium Oficina,1163.88
2025-12,Sureste,CLI-157,VIP (alto volumen / alta frecuencia),Línea Premium,Premium Oficina,1029.14
2026-01,Sureste,CLI-157,VIP (alto volumen / alta frecuencia),Línea Premium,Premium Oficina,1006.43
2026-02,Sureste,CLI-157,VIP (alto volumen / alta frecuencia),Línea Premium,Premium Oficina,951.49
2026-03,Sureste,CLI-157,VIP (alto volumen / alta frecuencia),Línea Premium,Premium Oficina,1238.97
2026-04,Sureste,CLI-157,VIP (alto volumen / alta frecuencia),Línea Premium,Premium Oficina,1022.73
2026-05,Sureste,CLI-157,VIP (alto volumen / alta frecuencia),Línea Premium,Premium Oficina,1146.05
2026-06,Sureste,CLI-157,VIP (alto volumen / alta frecuencia),Línea Premium,Premium Oficina,1219.43
2026-07,Sureste,CLI-157,VIP (alto volumen / alta frecuencia),Línea Premium,Premium Oficina,1073.12
2026-08,Sureste,CLI-157,VIP (alto volumen / alta frecuencia),Línea Premium,Premium Oficina,930.39
2025-01,Sureste,CLI-157,VIP (alto volumen / alta frecuencia),Línea Económica,Económica Básica,628.23
2025-02,Sureste,CLI-157,VIP (alto volumen / alta frecuencia),Línea Económica,Económica Básica,704.24
2025-03,Sureste,CLI-157,VIP (alto volumen / alta frecuencia),Línea Económica,Económica Básica,635.96
2025-04,Sureste,CLI-157,VIP (alto volumen / alta frecuencia),Línea Económica,Económica Básica,614.55
2025-05,Sureste,CLI-157,VIP (alto volumen / alta frecuencia),Línea Económica,Económica Básica,546.73
2025-06,Sureste,CLI-157,VIP (alto volumen / alta frecuencia),Línea Económica,Económica Básica,497.11
2025-08,Sureste,CLI-157,VIP (alto volumen / alta frecuencia),Línea Económica,Económica Básica,578.43
2025-10,Sureste,CLI-157,VIP (alto volumen / alta frecuencia),Línea Económica,Económica Básica,573.96
2025-11,Sureste,CLI-157,VIP (alto volumen / alta frecuencia),Línea Económica,Económica Básica,640.33
2025-12,Sureste,CLI-157,VIP (alto volumen / alta frecuencia),Línea Económica,Económica Básica,712.71
2026-01,Sureste,CLI-157,VIP (alto volumen / alta frecuencia),Línea Económica,Económica Básica,702.78
2026-02,Sureste,CLI-157,VIP (alto volumen / alta frecuencia),Línea Económica,Económica Básica,503.35
2026-03,Sureste,CLI-157,VIP (alto volumen / alta frecuencia),Línea Económica,Económica Básica,688.08
2026-04,Sureste,CLI-157,VIP (alto volumen / alta frecuencia),Línea Económica,Económica Básica,704.47
2026-05,Sureste,CLI-157,VIP (alto volumen / alta frecuencia),Línea Económica,Económica Básica,662.69
2026-06,Sureste,CLI-157,VIP (alto volumen / alta frecuencia),Línea Económica,Económica Básica,587.32
2026-08,Sureste,CLI-157,VIP (alto volumen / alta frecuencia),Línea Económica,Económica Básica,578.02
2025-01,Sureste,CLI-157,VIP (alto volumen / alta frecuencia),Línea Premium,Premium Exportación,1340.35
2025-02,Sureste,CLI-157,VIP (alto volumen / alta frecuencia),Línea Premium,Premium Exportación,1033.02
2025-03,Sureste,CLI-157,VIP (alto volumen / alta frecuencia),Línea Premium,Premium Exportación,1299.72
2025-05,Sureste,CLI-157,VIP (alto volumen / alta frecuencia),Línea Premium,Premium Exportación,1152.17
2025-06,Sureste,CLI-157,VIP (alto volumen / alta frecuencia),Línea Premium,Premium Exportación,1405.88
2025-07,Sureste,CLI-157,VIP (alto volumen / alta frecuencia),Línea Premium,Premium Exportación,1340.22
2025-08,Sureste,CLI-157,VIP (alto volumen / alta frecuencia),Línea Premium,Premium Exportación,1090.36
2025-09,Sureste,CLI-157,VIP (alto volumen / alta frecuencia),Línea Premium,Premium Exportación,1304.38
2025-10,Sureste,CLI-157,VIP (alto volumen / alta frecuencia),Línea Premium,Premium Exportación,1323.57
2025-11,Sureste,CLI-157,VIP (alto volumen / alta frecuencia),Línea Premium,Premium Exportación,1271.79
2025-12,Sureste,CLI-157,VIP (alto volumen / alta frecuencia),Línea Premium,Premium Exportación,1486.82
2026-01,Sureste,CLI-157,VIP (alto volumen / alta frecuencia),Línea Premium,Premium Exportación,1303.23
2026-02,Sureste,CLI-157,VIP (alto volumen / alta frecuencia),Línea Premium,Premium Exportación,1327.14
2026-03,Sureste,CLI-157,VIP (alto volumen / alta frecuencia),Línea Premium,Premium Exportación,1296.46
2026-04,Sureste,CLI-157,VIP (alto volumen / alta frecuencia),Línea Premium,Premium Exportación,1637.17
2026-05,Sureste,CLI-157,VIP (alto volumen / alta frecuencia),Línea Premium,Premium Exportación,1533.57
2026-06,Sureste,CLI-157,VIP (alto volumen / alta frecuencia),Línea Premium,Premium Exportación,1365.79
2026-07,Sureste,CLI-157,VIP (alto volumen / alta frecuencia),Línea Premium,Premium Exportación,1675.54
2026-08,Sureste,CLI-157,VIP (alto volumen / alta frecuencia),Línea Premium,Premium Exportación,1732.19
2025-01,Sureste,CLI-157,VIP (alto volumen / alta frecuencia),Línea Estándar,Estándar Mayoreo,954.23
2025-02,Sureste,CLI-157,VIP (alto volumen / alta frecuencia),Línea Estándar,Estándar Mayoreo,1077.71
2025-03,Sureste,CLI-157,VIP (alto volumen / alta frecuencia),Línea Estándar,Estándar Mayoreo,1181.35
2025-04,Sureste,CLI-157,VIP (alto volumen / alta frecuencia),Línea Estándar,Estándar Mayoreo,914.06
2025-05,Sureste,CLI-157,VIP (alto volumen / alta frecuencia),Línea Estándar,Estándar Mayoreo,859.17
2025-06,Sureste,CLI-157,VIP (alto volumen / alta frecuencia),Línea Estándar,Estándar Mayoreo,1095.83
2025-07,Sureste,CLI-157,VIP (alto volumen / alta frecuencia),Línea Estándar,Estándar Mayoreo,808.3
2025-08,Sureste,CLI-157,VIP (alto volumen / alta frecuencia),Línea Estándar,Estándar Mayoreo,901.64
2025-09,Sureste,CLI-157,VIP (alto volumen / alta frecuencia),Línea Estándar,Estándar Mayoreo,929.49
2025-11,Sureste,CLI-157,VIP (alto volumen / alta frecuencia),Línea Estándar,Estándar Mayoreo,1074.7
2025-12,Sureste,CLI-157,VIP (alto volumen / alta frecuencia),Línea Estándar,Estándar Mayoreo,1040.29
2026-02,Sureste,CLI-157,VIP (alto volumen / alta frecuencia),Línea Estándar,Estándar Mayoreo,1063.91
2026-03,Sureste,CLI-157,VIP (alto volumen / alta frecuencia),Línea Estándar,Estándar Mayoreo,757.08
2026-04,Sureste,CLI-157,VIP (alto volumen / alta frecuencia),Línea Estándar,Estándar Mayoreo,914.33
2026-05,Sureste,CLI-157,VIP (alto volumen / alta frecuencia),Línea Estándar,Estándar Mayoreo,1009.71
2026-06,Sureste,CLI-157,VIP (alto volumen / alta frecuencia),Línea Estándar,Estándar Mayoreo,897.52
2026-07,Sureste,CLI-157,VIP (alto volumen / alta frecuencia),Línea Estándar,Estándar Mayoreo,887.33
2026-08,Sureste,CLI-157,VIP (alto volumen / alta frecuencia),Línea Estándar,Estándar Mayoreo,758.31
2025-01,Sureste,CLI-157,VIP (alto volumen / alta frecuencia),Servicios postventa,Soporte y Mantenimiento,310.76
2025-02,Sureste,CLI-157,VIP (alto volumen / alta frecuencia),Servicios postventa,Soporte y Mantenimiento,244.23
2025-03,Sureste,CLI-157,VIP (alto volumen / alta frecuencia),Servicios postventa,Soporte y Mantenimiento,379.21
2025-04,Sureste,CLI-157,VIP (alto volumen / alta frecuencia),Servicios postventa,Soporte y Mantenimiento,339.21
2025-05,Sureste,CLI-157,VIP (alto volumen / alta frecuencia),Servicios postventa,Soporte y Mantenimiento,337.41
2025-06,Sureste,CLI-157,VIP (alto volumen / alta frecuencia),Servicios postventa,Soporte y Mantenimiento,290.53
2025-07,Sureste,CLI-157,VIP (alto volumen / alta frecuencia),Servicios postventa,Soporte y Mantenimiento,313.63
2025-08,Sureste,CLI-157,VIP (alto volumen / alta frecuencia),Servicios postventa,Soporte y Mantenimiento,367.88
2025-09,Sureste,CLI-157,VIP (alto volumen / alta frecuencia),Servicios postventa,Soporte y Mantenimiento,301.62
2025-10,Sureste,CLI-157,VIP (alto volumen / alta frecuencia),Servicios postventa,Soporte y Mantenimiento,323.55
2025-11,Sureste,CLI-157,VIP (alto volumen / alta frecuencia),Servicios postventa,Soporte y Mantenimiento,367.2
2025-12,Sureste,CLI-157,VIP (alto volumen / alta frecuencia),Servicios postventa,Soporte y Mantenimiento,436.26
2026-01,Sureste,CLI-157,VIP (alto volumen / alta frecuencia),Servicios postventa,Soporte y Mantenimiento,387.54
2026-02,Sureste,CLI-157,VIP (alto volumen / alta frecuencia),Servicios postventa,Soporte y Mantenimiento,389.56
2026-03,Sureste,CLI-157,VIP (alto volumen / alta frecuencia),Servicios postventa,Soporte y Mantenimiento,416.3
2026-04,Sureste,CLI-157,VIP (alto volumen / alta frecuencia),Servicios postventa,Soporte y Mantenimiento,443.13
2026-05,Sureste,CLI-157,VIP (alto volumen / alta frecuencia),Servicios postventa,Soporte y Mantenimiento,357.96
2026-06,Sureste,CLI-157,VIP (alto volumen / alta frecuencia),Servicios postventa,Soporte y Mantenimiento,442.77
2026-07,Sureste,CLI-157,VIP (alto volumen / alta frecuencia),Servicios postventa,Soporte y Mantenimiento,512.04
2026-08,Sureste,CLI-157,VIP (alto volumen / alta frecuencia),Servicios postventa,Soporte y Mantenimiento,423.02
2025-01,Sureste,CLI-157,VIP (alto volumen / alta frecuencia),Línea Estándar,Estándar Retail,877.98
2025-02,Sureste,CLI-157,VIP (alto volumen / alta frecuencia),Línea Estándar,Estándar Retail,597.7
2025-03,Sureste,CLI-157,VIP (alto volumen / alta frecuencia),Línea Estándar,Estándar Retail,985.58
2025-05,Sureste,CLI-157,VIP (alto volumen / alta frecuencia),Línea Estándar,Estándar Retail,903.19
2025-06,Sureste,CLI-157,VIP (alto volumen / alta frecuencia),Línea Estándar,Estándar Retail,956.72
2025-07,Sureste,CLI-157,VIP (alto volumen / alta frecuencia),Línea Estándar,Estándar Retail,883.97
2025-08,Sureste,CLI-157,VIP (alto volumen / alta frecuencia),Línea Estándar,Estándar Retail,1015.43
2025-09,Sureste,CLI-157,VIP (alto volumen / alta frecuencia),Línea Estándar,Estándar Retail,908.51
2025-10,Sureste,CLI-157,VIP (alto volumen / alta frecuencia),Línea Estándar,Estándar Retail,988.92
2025-12,Sureste,CLI-157,VIP (alto volumen / alta frecuencia),Línea Estándar,Estándar Retail,748.45
2026-01,Sureste,CLI-157,VIP (alto volumen / alta frecuencia),Línea Estándar,Estándar Retail,946.4
2026-02,Sureste,CLI-157,VIP (alto volumen / alta frecuencia),Línea Estándar,Estándar Retail,763.03
2026-04,Sureste,CLI-157,VIP (alto volumen / alta frecuencia),Línea Estándar,Estándar Retail,949.63
2026-05,Sureste,CLI-157,VIP (alto volumen / alta frecuencia),Línea Estándar,Estándar Retail,954.65
2026-06,Sureste,CLI-157,VIP (alto volumen / alta frecuencia),Línea Estándar,Estándar Retail,944.75
2026-08,Sureste,CLI-157,VIP (alto volumen / alta frecuencia),Línea Estándar,Estándar Retail,1109.6
2025-01,Sureste,CLI-157,VIP (alto volumen / alta frecuencia),Línea Económica,Económica Promocional,475.75
2025-02,Sureste,CLI-157,VIP (alto volumen / alta frecuencia),Línea Económica,Económica Promocional,430.78
2025-03,Sureste,CLI-157,VIP (alto volumen / alta frecuencia),Línea Económica,Económica Promocional,480.03
2025-04,Sureste,CLI-157,VIP (alto volumen / alta frecuencia),Línea Económica,Económica Promocional,506.3
2025-05,Sureste,CLI-157,VIP (alto volumen / alta frecuencia),Línea Económica,Económica Promocional,569.2
2025-07,Sureste,CLI-157,VIP (alto volumen / alta frecuencia),Línea Económica,Económica Promocional,546.16
2025-09,Sureste,CLI-157,VIP (alto volumen / alta frecuencia),Línea Económica,Económica Promocional,565.27
2025-10,Sureste,CLI-157,VIP (alto volumen / alta frecuencia),Línea Económica,Económica Promocional,442.24
2025-12,Sureste,CLI-157,VIP (alto volumen / alta frecuencia),Línea Económica,Económica Promocional,450.4
2026-01,Sureste,CLI-157,VIP (alto volumen / alta frecuencia),Línea Económica,Económica Promocional,395.77
2026-02,Sureste,CLI-157,VIP (alto volumen / alta frecuencia),Línea Económica,Económica Promocional,484.44
2026-03,Sureste,CLI-157,VIP (alto volumen / alta frecuencia),Línea Económica,Económica Promocional,598.6
2026-05,Sureste,CLI-157,VIP (alto volumen / alta frecuencia),Línea Económica,Económica Promocional,337.81
2026-06,Sureste,CLI-157,VIP (alto volumen / alta frecuencia),Línea Económica,Económica Promocional,413.6
2026-07,Sureste,CLI-157,VIP (alto volumen / alta frecuencia),Línea Económica,Económica Promocional,449.31
2026-08,Sureste,CLI-157,VIP (alto volumen / alta frecuencia),Línea Económica,Económica Promocional,520.43
2025-02,Sureste,CLI-157,VIP (alto volumen / alta frecuencia),Línea Premium,Premium Hogar,1277.94
2025-03,Sureste,CLI-157,VIP (alto volumen / alta frecuencia),Línea Premium,Premium Hogar,816.14
2025-05,Sureste,CLI-157,VIP (alto volumen / alta frecuencia),Línea Premium,Premium Hogar,1211.63
2025-06,Sureste,CLI-157,VIP (alto volumen / alta frecuencia),Línea Premium,Premium Hogar,991.13
2025-08,Sureste,CLI-157,VIP (alto volumen / alta frecuencia),Línea Premium,Premium Hogar,1124.99
2025-09,Sureste,CLI-157,VIP (alto volumen / alta frecuencia),Línea Premium,Premium Hogar,1017.11
2025-11,Sureste,CLI-157,VIP (alto volumen / alta frecuencia),Línea Premium,Premium Hogar,971.58
2025-12,Sureste,CLI-157,VIP (alto volumen / alta frecuencia),Línea Premium,Premium Hogar,1014.39
2026-01,Sureste,CLI-157,VIP (alto volumen / alta frecuencia),Línea Premium,Premium Hogar,729.5
2026-02,Sureste,CLI-157,VIP (alto volumen / alta frecuencia),Línea Premium,Premium Hogar,1048.62
2026-04,Sureste,CLI-157,VIP (alto volumen / alta frecuencia),Línea Premium,Premium Hogar,1033.98
2026-05,Sureste,CLI-157,VIP (alto volumen / alta frecuencia),Línea Premium,Premium Hogar,957.91
2026-06,Sureste,CLI-157,VIP (alto volumen / alta frecuencia),Línea Premium,Premium Hogar,1091.7
2026-07,Sureste,CLI-157,VIP (alto volumen / alta frecuencia),Línea Premium,Premium Hogar,1215.63
2026-08,Sureste,CLI-157,VIP (alto volumen / alta frecuencia),Línea Premium,Premium Hogar,1026.37
2025-01,Bajío,CLI-158,VIP (alto volumen / alta frecuencia),Línea Premium,Premium Oficina,902.07
2025-02,Bajío,CLI-158,VIP (alto volumen / alta frecuencia),Línea Premium,Premium Oficina,733.71
2025-03,Bajío,CLI-158,VIP (alto volumen / alta frecuencia),Línea Premium,Premium Oficina,888.04
2025-04,Bajío,CLI-158,VIP (alto volumen / alta frecuencia),Línea Premium,Premium Oficina,805.89
2025-05,Bajío,CLI-158,VIP (alto volumen / alta frecuencia),Línea Premium,Premium Oficina,885.21
2025-07,Bajío,CLI-158,VIP (alto volumen / alta frecuencia),Línea Premium,Premium Oficina,640.3
2025-08,Bajío,CLI-158,VIP (alto volumen / alta frecuencia),Línea Premium,Premium Oficina,782.72
2025-10,Bajío,CLI-158,VIP (alto volumen / alta frecuencia),Línea Premium,Premium Oficina,728.87
2025-12,Bajío,CLI-158,VIP (alto volumen / alta frecuencia),Línea Premium,Premium Oficina,661.32
2026-01,Bajío,CLI-158,VIP (alto volumen / alta frecuencia),Línea Premium,Premium Oficina,852.79
2026-02,Bajío,CLI-158,VIP (alto volumen / alta frecuencia),Línea Premium,Premium Oficina,812.65
2026-03,Bajío,CLI-158,VIP (alto volumen / alta frecuencia),Línea Premium,Premium Oficina,777.84
2026-04,Bajío,CLI-158,VIP (alto volumen / alta frecuencia),Línea Premium,Premium Oficina,725.21
2026-06,Bajío,CLI-158,VIP (alto volumen / alta frecuencia),Línea Premium,Premium Oficina,879.65
2026-08,Bajío,CLI-158,VIP (alto volumen / alta frecuencia),Línea Premium,Premium Oficina,665.16
2025-01,Bajío,CLI-158,VIP (alto volumen / alta frecuencia),Línea Premium,Premium Hogar,920.91
2025-02,Bajío,CLI-158,VIP (alto volumen / alta frecuencia),Línea Premium,Premium Hogar,845.52
2025-03,Bajío,CLI-158,VIP (alto volumen / alta frecuencia),Línea Premium,Premium Hogar,859.56
2025-04,Bajío,CLI-158,VIP (alto volumen / alta frecuencia),Línea Premium,Premium Hogar,1051.6
2025-05,Bajío,CLI-158,VIP (alto volumen / alta frecuencia),Línea Premium,Premium Hogar,1197.05
2025-06,Bajío,CLI-158,VIP (alto volumen / alta frecuencia),Línea Premium,Premium Hogar,867.78
2025-08,Bajío,CLI-158,VIP (alto volumen / alta frecuencia),Línea Premium,Premium Hogar,1284.1
2025-09,Bajío,CLI-158,VIP (alto volumen / alta frecuencia),Línea Premium,Premium Hogar,872.95
2025-10,Bajío,CLI-158,VIP (alto volumen / alta frecuencia),Línea Premium,Premium Hogar,994.9
2025-11,Bajío,CLI-158,VIP (alto volumen / alta frecuencia),Línea Premium,Premium Hogar,1158.0
2025-12,Bajío,CLI-158,VIP (alto volumen / alta frecuencia),Línea Premium,Premium Hogar,987.73
2026-01,Bajío,CLI-158,VIP (alto volumen / alta frecuencia),Línea Premium,Premium Hogar,896.12
2026-02,Bajío,CLI-158,VIP (alto volumen / alta frecuencia),Línea Premium,Premium Hogar,1128.25
2026-03,Bajío,CLI-158,VIP (alto volumen / alta frecuencia),Línea Premium,Premium Hogar,1106.32
2026-04,Bajío,CLI-158,VIP (alto volumen / alta frecuencia),Línea Premium,Premium Hogar,1082.71
2026-05,Bajío,CLI-158,VIP (alto volumen / alta frecuencia),Línea Premium,Premium Hogar,1433.73
2026-06,Bajío,CLI-158,VIP (alto volumen / alta frecuencia),Línea Premium,Premium Hogar,1326.21
2026-07,Bajío,CLI-158,VIP (alto volumen / alta frecuencia),Línea Premium,Premium Hogar,1404.94
2025-01,Bajío,CLI-158,VIP (alto volumen / alta frecuencia),Línea Premium,Premium Exportación,764.53
2025-02,Bajío,CLI-158,VIP (alto volumen / alta frecuencia),Línea Premium,Premium Exportación,919.4
2025-04,Bajío,CLI-158,VIP (alto volumen / alta frecuencia),Línea Premium,Premium Exportación,931.88
2025-06,Bajío,CLI-158,VIP (alto volumen / alta frecuencia),Línea Premium,Premium Exportación,1114.04
2025-07,Bajío,CLI-158,VIP (alto volumen / alta frecuencia),Línea Premium,Premium Exportación,948.67
2025-08,Bajío,CLI-158,VIP (alto volumen / alta frecuencia),Línea Premium,Premium Exportación,1167.01
2025-09,Bajío,CLI-158,VIP (alto volumen / alta frecuencia),Línea Premium,Premium Exportación,1086.35
2025-10,Bajío,CLI-158,VIP (alto volumen / alta frecuencia),Línea Premium,Premium Exportación,1111.55
2025-11,Bajío,CLI-158,VIP (alto volumen / alta frecuencia),Línea Premium,Premium Exportación,989.96
2026-01,Bajío,CLI-158,VIP (alto volumen / alta frecuencia),Línea Premium,Premium Exportación,1176.7
2026-02,Bajío,CLI-158,VIP (alto volumen / alta frecuencia),Línea Premium,Premium Exportación,1102.15
2026-03,Bajío,CLI-158,VIP (alto volumen / alta frecuencia),Línea Premium,Premium Exportación,1289.74
2026-04,Bajío,CLI-158,VIP (alto volumen / alta frecuencia),Línea Premium,Premium Exportación,1224.32
2026-05,Bajío,CLI-158,VIP (alto volumen / alta frecuencia),Línea Premium,Premium Exportación,1116.2
2026-06,Bajío,CLI-158,VIP (alto volumen / alta frecuencia),Línea Premium,Premium Exportación,1189.02
2026-07,Bajío,CLI-158,VIP (alto volumen / alta frecuencia),Línea Premium,Premium Exportación,1075.79
2026-08,Bajío,CLI-158,VIP (alto volumen / alta frecuencia),Línea Premium,Premium Exportación,1400.31
2025-01,Bajío,CLI-158,VIP (alto volumen / alta frecuencia),Línea Económica,Económica Básica,536.9
2025-02,Bajío,CLI-158,VIP (alto volumen / alta frecuencia),Línea Económica,Económica Básica,507.02
2025-03,Bajío,CLI-158,VIP (alto volumen / alta frecuencia),Línea Económica,Económica Básica,547.76
2025-04,Bajío,CLI-158,VIP (alto volumen / alta frecuencia),Línea Económica,Económica Básica,352.23
2025-05,Bajío,CLI-158,VIP (alto volumen / alta frecuencia),Línea Económica,Económica Básica,535.11
2025-06,Bajío,CLI-158,VIP (alto volumen / alta frecuencia),Línea Económica,Económica Básica,542.89
2025-07,Bajío,CLI-158,VIP (alto volumen / alta frecuencia),Línea Económica,Económica Básica,672.05
2025-08,Bajío,CLI-158,VIP (alto volumen / alta frecuencia),Línea Económica,Económica Básica,557.1
2025-09,Bajío,CLI-158,VIP (alto volumen / alta frecuencia),Línea Económica,Económica Básica,619.29
2025-11,Bajío,CLI-158,VIP (alto volumen / alta frecuencia),Línea Económica,Económica Básica,580.27
2025-12,Bajío,CLI-158,VIP (alto volumen / alta frecuencia),Línea Económica,Económica Básica,561.68
2026-01,Bajío,CLI-158,VIP (alto volumen / alta frecuencia),Línea Económica,Económica Básica,514.8
2026-02,Bajío,CLI-158,VIP (alto volumen / alta frecuencia),Línea Económica,Económica Básica,492.16
2026-03,Bajío,CLI-158,VIP (alto volumen / alta frecuencia),Línea Económica,Económica Básica,532.95
2026-05,Bajío,CLI-158,VIP (alto volumen / alta frecuencia),Línea Económica,Económica Básica,484.37
2026-06,Bajío,CLI-158,VIP (alto volumen / alta frecuencia),Línea Económica,Económica Básica,457.12
2026-07,Bajío,CLI-158,VIP (alto volumen / alta frecuencia),Línea Económica,Económica Básica,530.64
2026-08,Bajío,CLI-158,VIP (alto volumen / alta frecuencia),Línea Económica,Económica Básica,496.04
2025-01,Bajío,CLI-158,VIP (alto volumen / alta frecuencia),Línea Económica,Económica Promocional,500.61
2025-02,Bajío,CLI-158,VIP (alto volumen / alta frecuencia),Línea Económica,Económica Promocional,393.68
2025-03,Bajío,CLI-158,VIP (alto volumen / alta frecuencia),Línea Económica,Económica Promocional,339.42
2025-04,Bajío,CLI-158,VIP (alto volumen / alta frecuencia),Línea Económica,Económica Promocional,503.72
2025-05,Bajío,CLI-158,VIP (alto volumen / alta frecuencia),Línea Económica,Económica Promocional,424.43
2025-07,Bajío,CLI-158,VIP (alto volumen / alta frecuencia),Línea Económica,Económica Promocional,508.05
2025-08,Bajío,CLI-158,VIP (alto volumen / alta frecuencia),Línea Económica,Económica Promocional,378.98
2025-09,Bajío,CLI-158,VIP (alto volumen / alta frecuencia),Línea Económica,Económica Promocional,307.4
2025-10,Bajío,CLI-158,VIP (alto volumen / alta frecuencia),Línea Económica,Económica Promocional,470.17
2025-11,Bajío,CLI-158,VIP (alto volumen / alta frecuencia),Línea Económica,Económica Promocional,422.32
2026-01,Bajío,CLI-158,VIP (alto volumen / alta frecuencia),Línea Económica,Económica Promocional,280.75
2026-02,Bajío,CLI-158,VIP (alto volumen / alta frecuencia),Línea Económica,Económica Promocional,365.11
2026-03,Bajío,CLI-158,VIP (alto volumen / alta frecuencia),Línea Económica,Económica Promocional,412.79
2026-04,Bajío,CLI-158,VIP (alto volumen / alta frecuencia),Línea Económica,Económica Promocional,346.66
2026-05,Bajío,CLI-158,VIP (alto volumen / alta frecuencia),Línea Económica,Económica Promocional,306.98
2026-06,Bajío,CLI-158,VIP (alto volumen / alta frecuencia),Línea Económica,Económica Promocional,361.43
2026-07,Bajío,CLI-158,VIP (alto volumen / alta frecuencia),Línea Económica,Económica Promocional,379.77
2026-08,Bajío,CLI-158,VIP (alto volumen / alta frecuencia),Línea Económica,Económica Promocional,347.27
2025-05,Centro,CLI-159,Esporádico (bajo volumen / baja frecuencia),Línea Económica,Económica Promocional,163.0
2025-07,Centro,CLI-159,Esporádico (bajo volumen / baja frecuencia),Línea Económica,Económica Promocional,170.71
2025-10,Centro,CLI-159,Esporádico (bajo volumen / baja frecuencia),Línea Económica,Económica Promocional,196.6
2025-11,Centro,CLI-159,Esporádico (bajo volumen / baja frecuencia),Línea Económica,Económica Promocional,199.27
2026-02,Centro,CLI-159,Esporádico (bajo volumen / baja frecuencia),Línea Económica,Económica Promocional,184.36
2026-05,Centro,CLI-159,Esporádico (bajo volumen / baja frecuencia),Línea Económica,Económica Promocional,182.0
2026-08,Centro,CLI-159,Esporádico (bajo volumen / baja frecuencia),Línea Económica,Económica Promocional,208.37
2025-10,Centro,CLI-159,Esporádico (bajo volumen / baja frecuencia),Línea Económica,Económica Básica,225.39
2025-01,Sureste,CLI-160,Recurrente (bajo volumen / alta frecuencia),Línea Económica,Económica Promocional,185.06
2025-02,Sureste,CLI-160,Recurrente (bajo volumen / alta frecuencia),Línea Económica,Económica Promocional,202.56
2025-04,Sureste,CLI-160,Recurrente (bajo volumen / alta frecuencia),Línea Económica,Económica Promocional,174.51
2025-05,Sureste,CLI-160,Recurrente (bajo volumen / alta frecuencia),Línea Económica,Económica Promocional,204.55
2025-07,Sureste,CLI-160,Recurrente (bajo volumen / alta frecuencia),Línea Económica,Económica Promocional,187.48
2025-09,Sureste,CLI-160,Recurrente (bajo volumen / alta frecuencia),Línea Económica,Económica Promocional,153.29
2025-11,Sureste,CLI-160,Recurrente (bajo volumen / alta frecuencia),Línea Económica,Económica Promocional,128.19
2025-12,Sureste,CLI-160,Recurrente (bajo volumen / alta frecuencia),Línea Económica,Económica Promocional,152.65
2026-01,Sureste,CLI-160,Recurrente (bajo volumen / alta frecuencia),Línea Económica,Económica Promocional,166.53
2026-02,Sureste,CLI-160,Recurrente (bajo volumen / alta frecuencia),Línea Económica,Económica Promocional,171.13
2026-03,Sureste,CLI-160,Recurrente (bajo volumen / alta frecuencia),Línea Económica,Económica Promocional,178.57
2026-04,Sureste,CLI-160,Recurrente (bajo volumen / alta frecuencia),Línea Económica,Económica Promocional,147.08
2026-06,Sureste,CLI-160,Recurrente (bajo volumen / alta frecuencia),Línea Económica,Económica Promocional,135.41
2026-07,Sureste,CLI-160,Recurrente (bajo volumen / alta frecuencia),Línea Económica,Económica Promocional,155.27
2026-08,Sureste,CLI-160,Recurrente (bajo volumen / alta frecuencia),Línea Económica,Económica Promocional,155.57
2025-01,Sureste,CLI-160,Recurrente (bajo volumen / alta frecuencia),Línea Premium,Premium Oficina,309.06
2025-02,Sureste,CLI-160,Recurrente (bajo volumen / alta frecuencia),Línea Premium,Premium Oficina,333.14
2025-04,Sureste,CLI-160,Recurrente (bajo volumen / alta frecuencia),Línea Premium,Premium Oficina,411.18
2025-06,Sureste,CLI-160,Recurrente (bajo volumen / alta frecuencia),Línea Premium,Premium Oficina,423.01
2025-07,Sureste,CLI-160,Recurrente (bajo volumen / alta frecuencia),Línea Premium,Premium Oficina,447.28
2025-09,Sureste,CLI-160,Recurrente (bajo volumen / alta frecuencia),Línea Premium,Premium Oficina,351.72
2025-10,Sureste,CLI-160,Recurrente (bajo volumen / alta frecuencia),Línea Premium,Premium Oficina,377.01
2025-11,Sureste,CLI-160,Recurrente (bajo volumen / alta frecuencia),Línea Premium,Premium Oficina,371.81
2025-12,Sureste,CLI-160,Recurrente (bajo volumen / alta frecuencia),Línea Premium,Premium Oficina,438.04
2026-02,Sureste,CLI-160,Recurrente (bajo volumen / alta frecuencia),Línea Premium,Premium Oficina,375.75
2026-03,Sureste,CLI-160,Recurrente (bajo volumen / alta frecuencia),Línea Premium,Premium Oficina,463.1
2026-05,Sureste,CLI-160,Recurrente (bajo volumen / alta frecuencia),Línea Premium,Premium Oficina,507.24
2026-06,Sureste,CLI-160,Recurrente (bajo volumen / alta frecuencia),Línea Premium,Premium Oficina,449.49
2026-08,Sureste,CLI-160,Recurrente (bajo volumen / alta frecuencia),Línea Premium,Premium Oficina,405.89
2025-01,Sureste,CLI-160,Recurrente (bajo volumen / alta frecuencia),Línea Económica,Económica Básica,234.47
2025-03,Sureste,CLI-160,Recurrente (bajo volumen / alta frecuencia),Línea Económica,Económica Básica,249.51
2025-04,Sureste,CLI-160,Recurrente (bajo volumen / alta frecuencia),Línea Económica,Económica Básica,195.81
2025-05,Sureste,CLI-160,Recurrente (bajo volumen / alta frecuencia),Línea Económica,Económica Básica,243.38
2025-06,Sureste,CLI-160,Recurrente (bajo volumen / alta frecuencia),Línea Económica,Económica Básica,175.97
2025-08,Sureste,CLI-160,Recurrente (bajo volumen / alta frecuencia),Línea Económica,Económica Básica,187.84
2025-09,Sureste,CLI-160,Recurrente (bajo volumen / alta frecuencia),Línea Económica,Económica Básica,236.61
2025-12,Sureste,CLI-160,Recurrente (bajo volumen / alta frecuencia),Línea Económica,Económica Básica,214.69
2026-01,Sureste,CLI-160,Recurrente (bajo volumen / alta frecuencia),Línea Económica,Económica Básica,177.92
2026-03,Sureste,CLI-160,Recurrente (bajo volumen / alta frecuencia),Línea Económica,Económica Básica,212.77
2026-06,Sureste,CLI-160,Recurrente (bajo volumen / alta frecuencia),Línea Económica,Económica Básica,234.78
2026-07,Sureste,CLI-160,Recurrente (bajo volumen / alta frecuencia),Línea Económica,Económica Básica,173.33
2026-08,Sureste,CLI-160,Recurrente (bajo volumen / alta frecuencia),Línea Económica,Económica Básica,189.28
2025-01,Sureste,CLI-160,Recurrente (bajo volumen / alta frecuencia),Línea Estándar,Estándar Mayoreo,337.48
2025-02,Sureste,CLI-160,Recurrente (bajo volumen / alta frecuencia),Línea Estándar,Estándar Mayoreo,398.6
2025-03,Sureste,CLI-160,Recurrente (bajo volumen / alta frecuencia),Línea Estándar,Estándar Mayoreo,369.99
2025-04,Sureste,CLI-160,Recurrente (bajo volumen / alta frecuencia),Línea Estándar,Estándar Mayoreo,378.31
2025-06,Sureste,CLI-160,Recurrente (bajo volumen / alta frecuencia),Línea Estándar,Estándar Mayoreo,382.49
2025-07,Sureste,CLI-160,Recurrente (bajo volumen / alta frecuencia),Línea Estándar,Estándar Mayoreo,383.82
2025-08,Sureste,CLI-160,Recurrente (bajo volumen / alta frecuencia),Línea Estándar,Estándar Mayoreo,339.72
2025-09,Sureste,CLI-160,Recurrente (bajo volumen / alta frecuencia),Línea Estándar,Estándar Mayoreo,390.21
2025-10,Sureste,CLI-160,Recurrente (bajo volumen / alta frecuencia),Línea Estándar,Estándar Mayoreo,347.18
2025-11,Sureste,CLI-160,Recurrente (bajo volumen / alta frecuencia),Línea Estándar,Estándar Mayoreo,315.42
2026-01,Sureste,CLI-160,Recurrente (bajo volumen / alta frecuencia),Línea Estándar,Estándar Mayoreo,386.11
2026-02,Sureste,CLI-160,Recurrente (bajo volumen / alta frecuencia),Línea Estándar,Estándar Mayoreo,314.87
2026-04,Sureste,CLI-160,Recurrente (bajo volumen / alta frecuencia),Línea Estándar,Estándar Mayoreo,361.64
2026-06,Sureste,CLI-160,Recurrente (bajo volumen / alta frecuencia),Línea Estándar,Estándar Mayoreo,310.65
2025-02,Sureste,CLI-160,Recurrente (bajo volumen / alta frecuencia),Línea Estándar,Estándar Retail,390.39
2025-03,Sureste,CLI-160,Recurrente (bajo volumen / alta frecuencia),Línea Estándar,Estándar Retail,268.56
2025-04,Sureste,CLI-160,Recurrente (bajo volumen / alta frecuencia),Línea Estándar,Estándar Retail,258.51
2025-05,Sureste,CLI-160,Recurrente (bajo volumen / alta frecuencia),Línea Estándar,Estándar Retail,320.24
2025-07,Sureste,CLI-160,Recurrente (bajo volumen / alta frecuencia),Línea Estándar,Estándar Retail,243.69
2025-09,Sureste,CLI-160,Recurrente (bajo volumen / alta frecuencia),Línea Estándar,Estándar Retail,270.73
2025-10,Sureste,CLI-160,Recurrente (bajo volumen / alta frecuencia),Línea Estándar,Estándar Retail,331.8
2025-11,Sureste,CLI-160,Recurrente (bajo volumen / alta frecuencia),Línea Estándar,Estándar Retail,356.53
2026-01,Sureste,CLI-160,Recurrente (bajo volumen / alta frecuencia),Línea Estándar,Estándar Retail,291.26
2026-02,Sureste,CLI-160,Recurrente (bajo volumen / alta frecuencia),Línea Estándar,Estándar Retail,327.57
2026-03,Sureste,CLI-160,Recurrente (bajo volumen / alta frecuencia),Línea Estándar,Estándar Retail,354.24
2026-04,Sureste,CLI-160,Recurrente (bajo volumen / alta frecuencia),Línea Estándar,Estándar Retail,324.27
2026-05,Sureste,CLI-160,Recurrente (bajo volumen / alta frecuencia),Línea Estándar,Estándar Retail,363.39
2026-07,Sureste,CLI-160,Recurrente (bajo volumen / alta frecuencia),Línea Estándar,Estándar Retail,385.89
2025-02,Norte,CLI-161,Esporádico (bajo volumen / baja frecuencia),Línea Premium,Premium Oficina,336.53
2025-12,Norte,CLI-161,Esporádico (bajo volumen / baja frecuencia),Línea Premium,Premium Oficina,333.96
2026-07,Norte,CLI-161,Esporádico (bajo volumen / baja frecuencia),Línea Premium,Premium Oficina,420.21
2025-01,Norte,CLI-161,Esporádico (bajo volumen / baja frecuencia),Línea Económica,Económica Básica,166.06
2025-05,Norte,CLI-161,Esporádico (bajo volumen / baja frecuencia),Línea Económica,Económica Básica,236.38
2025-08,Norte,CLI-161,Esporádico (bajo volumen / baja frecuencia),Línea Económica,Económica Básica,229.72
2025-11,Norte,CLI-161,Esporádico (bajo volumen / baja frecuencia),Línea Económica,Económica Básica,205.89
2026-05,Norte,CLI-161,Esporádico (bajo volumen / baja frecuencia),Línea Económica,Económica Básica,241.99
2025-01,Sureste,CLI-162,Recurrente (bajo volumen / alta frecuencia),Línea Económica,Económica Promocional,79.82
2025-02,Sureste,CLI-162,Recurrente (bajo volumen / alta frecuencia),Línea Económica,Económica Promocional,123.05
2025-03,Sureste,CLI-162,Recurrente (bajo volumen / alta frecuencia),Línea Económica,Económica Promocional,142.68
2025-04,Sureste,CLI-162,Recurrente (bajo volumen / alta frecuencia),Línea Económica,Económica Promocional,121.36
2025-05,Sureste,CLI-162,Recurrente (bajo volumen / alta frecuencia),Línea Económica,Económica Promocional,141.89
2025-06,Sureste,CLI-162,Recurrente (bajo volumen / alta frecuencia),Línea Económica,Económica Promocional,103.61
2025-07,Sureste,CLI-162,Recurrente (bajo volumen / alta frecuencia),Línea Económica,Económica Promocional,138.62
2025-08,Sureste,CLI-162,Recurrente (bajo volumen / alta frecuencia),Línea Económica,Económica Promocional,147.52
2025-09,Sureste,CLI-162,Recurrente (bajo volumen / alta frecuencia),Línea Económica,Económica Promocional,117.26
2025-10,Sureste,CLI-162,Recurrente (bajo volumen / alta frecuencia),Línea Económica,Económica Promocional,147.17
2025-11,Sureste,CLI-162,Recurrente (bajo volumen / alta frecuencia),Línea Económica,Económica Promocional,101.53
2025-12,Sureste,CLI-162,Recurrente (bajo volumen / alta frecuencia),Línea Económica,Económica Promocional,115.54
2026-01,Sureste,CLI-162,Recurrente (bajo volumen / alta frecuencia),Línea Económica,Económica Promocional,122.85
2026-02,Sureste,CLI-162,Recurrente (bajo volumen / alta frecuencia),Línea Económica,Económica Promocional,126.99
2026-03,Sureste,CLI-162,Recurrente (bajo volumen / alta frecuencia),Línea Económica,Económica Promocional,92.79
2026-04,Sureste,CLI-162,Recurrente (bajo volumen / alta frecuencia),Línea Económica,Económica Promocional,114.08
2026-07,Sureste,CLI-162,Recurrente (bajo volumen / alta frecuencia),Línea Económica,Económica Promocional,129.62
2026-08,Sureste,CLI-162,Recurrente (bajo volumen / alta frecuencia),Línea Económica,Económica Promocional,145.56
2025-01,Sureste,CLI-162,Recurrente (bajo volumen / alta frecuencia),Servicios postventa,Soporte y Mantenimiento,62.62
2025-03,Sureste,CLI-162,Recurrente (bajo volumen / alta frecuencia),Servicios postventa,Soporte y Mantenimiento,84.46
2025-04,Sureste,CLI-162,Recurrente (bajo volumen / alta frecuencia),Servicios postventa,Soporte y Mantenimiento,86.06
2025-05,Sureste,CLI-162,Recurrente (bajo volumen / alta frecuencia),Servicios postventa,Soporte y Mantenimiento,80.41
2025-06,Sureste,CLI-162,Recurrente (bajo volumen / alta frecuencia),Servicios postventa,Soporte y Mantenimiento,96.23
2025-07,Sureste,CLI-162,Recurrente (bajo volumen / alta frecuencia),Servicios postventa,Soporte y Mantenimiento,87.35
2025-09,Sureste,CLI-162,Recurrente (bajo volumen / alta frecuencia),Servicios postventa,Soporte y Mantenimiento,106.66
2025-10,Sureste,CLI-162,Recurrente (bajo volumen / alta frecuencia),Servicios postventa,Soporte y Mantenimiento,92.0
2025-11,Sureste,CLI-162,Recurrente (bajo volumen / alta frecuencia),Servicios postventa,Soporte y Mantenimiento,87.05
2025-12,Sureste,CLI-162,Recurrente (bajo volumen / alta frecuencia),Servicios postventa,Soporte y Mantenimiento,99.82
2026-01,Sureste,CLI-162,Recurrente (bajo volumen / alta frecuencia),Servicios postventa,Soporte y Mantenimiento,102.75
2026-03,Sureste,CLI-162,Recurrente (bajo volumen / alta frecuencia),Servicios postventa,Soporte y Mantenimiento,97.59
2026-04,Sureste,CLI-162,Recurrente (bajo volumen / alta frecuencia),Servicios postventa,Soporte y Mantenimiento,84.04
2026-05,Sureste,CLI-162,Recurrente (bajo volumen / alta frecuencia),Servicios postventa,Soporte y Mantenimiento,110.31
2026-07,Sureste,CLI-162,Recurrente (bajo volumen / alta frecuencia),Servicios postventa,Soporte y Mantenimiento,116.46
2025-02,Sureste,CLI-162,Recurrente (bajo volumen / alta frecuencia),Línea Premium,Premium Hogar,309.96
2025-03,Sureste,CLI-162,Recurrente (bajo volumen / alta frecuencia),Línea Premium,Premium Hogar,383.15
2025-04,Sureste,CLI-162,Recurrente (bajo volumen / alta frecuencia),Línea Premium,Premium Hogar,296.57
2025-05,Sureste,CLI-162,Recurrente (bajo volumen / alta frecuencia),Línea Premium,Premium Hogar,347.03
2025-06,Sureste,CLI-162,Recurrente (bajo volumen / alta frecuencia),Línea Premium,Premium Hogar,288.63
2025-07,Sureste,CLI-162,Recurrente (bajo volumen / alta frecuencia),Línea Premium,Premium Hogar,256.9
2025-09,Sureste,CLI-162,Recurrente (bajo volumen / alta frecuencia),Línea Premium,Premium Hogar,311.25
2025-10,Sureste,CLI-162,Recurrente (bajo volumen / alta frecuencia),Línea Premium,Premium Hogar,299.73
2025-11,Sureste,CLI-162,Recurrente (bajo volumen / alta frecuencia),Línea Premium,Premium Hogar,344.59
2025-12,Sureste,CLI-162,Recurrente (bajo volumen / alta frecuencia),Línea Premium,Premium Hogar,337.39
2026-01,Sureste,CLI-162,Recurrente (bajo volumen / alta frecuencia),Línea Premium,Premium Hogar,359.26
2026-02,Sureste,CLI-162,Recurrente (bajo volumen / alta frecuencia),Línea Premium,Premium Hogar,396.56
2026-03,Sureste,CLI-162,Recurrente (bajo volumen / alta frecuencia),Línea Premium,Premium Hogar,306.84
2026-05,Sureste,CLI-162,Recurrente (bajo volumen / alta frecuencia),Línea Premium,Premium Hogar,355.48
2026-06,Sureste,CLI-162,Recurrente (bajo volumen / alta frecuencia),Línea Premium,Premium Hogar,377.53
2026-07,Sureste,CLI-162,Recurrente (bajo volumen / alta frecuencia),Línea Premium,Premium Hogar,416.48
2026-08,Sureste,CLI-162,Recurrente (bajo volumen / alta frecuencia),Línea Premium,Premium Hogar,342.96
2025-01,Sureste,CLI-162,Recurrente (bajo volumen / alta frecuencia),Línea Estándar,Estándar Mayoreo,250.02
2025-03,Sureste,CLI-162,Recurrente (bajo volumen / alta frecuencia),Línea Estándar,Estándar Mayoreo,216.61
2025-04,Sureste,CLI-162,Recurrente (bajo volumen / alta frecuencia),Línea Estándar,Estándar Mayoreo,297.05
2025-05,Sureste,CLI-162,Recurrente (bajo volumen / alta frecuencia),Línea Estándar,Estándar Mayoreo,289.45
2025-06,Sureste,CLI-162,Recurrente (bajo volumen / alta frecuencia),Línea Estándar,Estándar Mayoreo,266.48
2025-07,Sureste,CLI-162,Recurrente (bajo volumen / alta frecuencia),Línea Estándar,Estándar Mayoreo,298.54
2025-08,Sureste,CLI-162,Recurrente (bajo volumen / alta frecuencia),Línea Estándar,Estándar Mayoreo,251.2
2025-09,Sureste,CLI-162,Recurrente (bajo volumen / alta frecuencia),Línea Estándar,Estándar Mayoreo,294.34
2025-10,Sureste,CLI-162,Recurrente (bajo volumen / alta frecuencia),Línea Estándar,Estándar Mayoreo,209.06
2025-11,Sureste,CLI-162,Recurrente (bajo volumen / alta frecuencia),Línea Estándar,Estándar Mayoreo,221.15
2026-01,Sureste,CLI-162,Recurrente (bajo volumen / alta frecuencia),Línea Estándar,Estándar Mayoreo,276.9
2026-02,Sureste,CLI-162,Recurrente (bajo volumen / alta frecuencia),Línea Estándar,Estándar Mayoreo,291.42
2026-03,Sureste,CLI-162,Recurrente (bajo volumen / alta frecuencia),Línea Estándar,Estándar Mayoreo,232.23
2026-04,Sureste,CLI-162,Recurrente (bajo volumen / alta frecuencia),Línea Estándar,Estándar Mayoreo,325.12
2026-05,Sureste,CLI-162,Recurrente (bajo volumen / alta frecuencia),Línea Estándar,Estándar Mayoreo,330.01
2026-06,Sureste,CLI-162,Recurrente (bajo volumen / alta frecuencia),Línea Estándar,Estándar Mayoreo,288.54
2026-07,Sureste,CLI-162,Recurrente (bajo volumen / alta frecuencia),Línea Estándar,Estándar Mayoreo,283.01
2026-08,Sureste,CLI-162,Recurrente (bajo volumen / alta frecuencia),Línea Estándar,Estándar Mayoreo,200.76
2025-01,Sureste,CLI-162,Recurrente (bajo volumen / alta frecuencia),Línea Económica,Económica Básica,181.83
2025-02,Sureste,CLI-162,Recurrente (bajo volumen / alta frecuencia),Línea Económica,Económica Básica,123.94
2025-05,Sureste,CLI-162,Recurrente (bajo volumen / alta frecuencia),Línea Económica,Económica Básica,137.97
2025-06,Sureste,CLI-162,Recurrente (bajo volumen / alta frecuencia),Línea Económica,Económica Básica,182.24
2025-08,Sureste,CLI-162,Recurrente (bajo volumen / alta frecuencia),Línea Económica,Económica Básica,150.16
2025-09,Sureste,CLI-162,Recurrente (bajo volumen / alta frecuencia),Línea Económica,Económica Básica,143.46
2025-10,Sureste,CLI-162,Recurrente (bajo volumen / alta frecuencia),Línea Económica,Económica Básica,128.33
2025-11,Sureste,CLI-162,Recurrente (bajo volumen / alta frecuencia),Línea Económica,Económica Básica,118.8
2025-12,Sureste,CLI-162,Recurrente (bajo volumen / alta frecuencia),Línea Económica,Económica Básica,129.78
2026-01,Sureste,CLI-162,Recurrente (bajo volumen / alta frecuencia),Línea Económica,Económica Básica,158.21
2026-02,Sureste,CLI-162,Recurrente (bajo volumen / alta frecuencia),Línea Económica,Económica Básica,157.62
2026-03,Sureste,CLI-162,Recurrente (bajo volumen / alta frecuencia),Línea Económica,Económica Básica,120.93
2026-04,Sureste,CLI-162,Recurrente (bajo volumen / alta frecuencia),Línea Económica,Económica Básica,176.83
2026-05,Sureste,CLI-162,Recurrente (bajo volumen / alta frecuencia),Línea Económica,Económica Básica,105.45
2026-07,Sureste,CLI-162,Recurrente (bajo volumen / alta frecuencia),Línea Económica,Económica Básica,163.06
2026-08,Sureste,CLI-162,Recurrente (bajo volumen / alta frecuencia),Línea Económica,Económica Básica,137.88
2025-02,Norte,CLI-163,Esporádico (bajo volumen / baja frecuencia),Línea Económica,Económica Promocional,92.16
2025-03,Norte,CLI-163,Esporádico (bajo volumen / baja frecuencia),Línea Económica,Económica Promocional,120.08
2026-01,Norte,CLI-163,Esporádico (bajo volumen / baja frecuencia),Línea Económica,Económica Promocional,121.23
2025-01,Centro,CLI-164,VIP (alto volumen / alta frecuencia),Línea Premium,Premium Oficina,1094.87
2025-02,Centro,CLI-164,VIP (alto volumen / alta frecuencia),Línea Premium,Premium Oficina,1060.87
2025-03,Centro,CLI-164,VIP (alto volumen / alta frecuencia),Línea Premium,Premium Oficina,986.78
2025-04,Centro,CLI-164,VIP (alto volumen / alta frecuencia),Línea Premium,Premium Oficina,832.0
2025-06,Centro,CLI-164,VIP (alto volumen / alta frecuencia),Línea Premium,Premium Oficina,1147.07
2025-07,Centro,CLI-164,VIP (alto volumen / alta frecuencia),Línea Premium,Premium Oficina,1031.34
2025-08,Centro,CLI-164,VIP (alto volumen / alta frecuencia),Línea Premium,Premium Oficina,933.56
2025-09,Centro,CLI-164,VIP (alto volumen / alta frecuencia),Línea Premium,Premium Oficina,957.05
2025-10,Centro,CLI-164,VIP (alto volumen / alta frecuencia),Línea Premium,Premium Oficina,1073.29
2025-11,Centro,CLI-164,VIP (alto volumen / alta frecuencia),Línea Premium,Premium Oficina,1095.65
2025-12,Centro,CLI-164,VIP (alto volumen / alta frecuencia),Línea Premium,Premium Oficina,991.48
2026-01,Centro,CLI-164,VIP (alto volumen / alta frecuencia),Línea Premium,Premium Oficina,1027.66
2026-02,Centro,CLI-164,VIP (alto volumen / alta frecuencia),Línea Premium,Premium Oficina,1249.08
2026-03,Centro,CLI-164,VIP (alto volumen / alta frecuencia),Línea Premium,Premium Oficina,1086.11
2026-04,Centro,CLI-164,VIP (alto volumen / alta frecuencia),Línea Premium,Premium Oficina,1157.11
2026-06,Centro,CLI-164,VIP (alto volumen / alta frecuencia),Línea Premium,Premium Oficina,1005.12
2026-08,Centro,CLI-164,VIP (alto volumen / alta frecuencia),Línea Premium,Premium Oficina,1144.19
2025-01,Centro,CLI-164,VIP (alto volumen / alta frecuencia),Línea Premium,Premium Exportación,1232.3
2025-03,Centro,CLI-164,VIP (alto volumen / alta frecuencia),Línea Premium,Premium Exportación,1104.27
2025-04,Centro,CLI-164,VIP (alto volumen / alta frecuencia),Línea Premium,Premium Exportación,1072.97
2025-05,Centro,CLI-164,VIP (alto volumen / alta frecuencia),Línea Premium,Premium Exportación,1370.06
2025-06,Centro,CLI-164,VIP (alto volumen / alta frecuencia),Línea Premium,Premium Exportación,1302.52
2025-07,Centro,CLI-164,VIP (alto volumen / alta frecuencia),Línea Premium,Premium Exportación,1575.37
2025-08,Centro,CLI-164,VIP (alto volumen / alta frecuencia),Línea Premium,Premium Exportación,1152.0
2025-09,Centro,CLI-164,VIP (alto volumen / alta frecuencia),Línea Premium,Premium Exportación,1594.52
2025-10,Centro,CLI-164,VIP (alto volumen / alta frecuencia),Línea Premium,Premium Exportación,1315.27
2025-11,Centro,CLI-164,VIP (alto volumen / alta frecuencia),Línea Premium,Premium Exportación,1541.76
2025-12,Centro,CLI-164,VIP (alto volumen / alta frecuencia),Línea Premium,Premium Exportación,1286.84
2026-01,Centro,CLI-164,VIP (alto volumen / alta frecuencia),Línea Premium,Premium Exportación,1280.86
2026-02,Centro,CLI-164,VIP (alto volumen / alta frecuencia),Línea Premium,Premium Exportación,1346.38
2026-03,Centro,CLI-164,VIP (alto volumen / alta frecuencia),Línea Premium,Premium Exportación,1603.25
2026-04,Centro,CLI-164,VIP (alto volumen / alta frecuencia),Línea Premium,Premium Exportación,1332.73
2026-05,Centro,CLI-164,VIP (alto volumen / alta frecuencia),Línea Premium,Premium Exportación,1441.37
2026-06,Centro,CLI-164,VIP (alto volumen / alta frecuencia),Línea Premium,Premium Exportación,2046.45
2026-07,Centro,CLI-164,VIP (alto volumen / alta frecuencia),Línea Premium,Premium Exportación,1688.52
2026-08,Centro,CLI-164,VIP (alto volumen / alta frecuencia),Línea Premium,Premium Exportación,1044.89
2025-01,Centro,CLI-164,VIP (alto volumen / alta frecuencia),Servicios postventa,Soporte y Mantenimiento,299.46
2025-02,Centro,CLI-164,VIP (alto volumen / alta frecuencia),Servicios postventa,Soporte y Mantenimiento,331.84
2025-03,Centro,CLI-164,VIP (alto volumen / alta frecuencia),Servicios postventa,Soporte y Mantenimiento,311.93
2025-04,Centro,CLI-164,VIP (alto volumen / alta frecuencia),Servicios postventa,Soporte y Mantenimiento,278.8
2025-05,Centro,CLI-164,VIP (alto volumen / alta frecuencia),Servicios postventa,Soporte y Mantenimiento,346.77
2025-06,Centro,CLI-164,VIP (alto volumen / alta frecuencia),Servicios postventa,Soporte y Mantenimiento,366.37
2025-07,Centro,CLI-164,VIP (alto volumen / alta frecuencia),Servicios postventa,Soporte y Mantenimiento,330.02
2025-08,Centro,CLI-164,VIP (alto volumen / alta frecuencia),Servicios postventa,Soporte y Mantenimiento,322.41
2025-09,Centro,CLI-164,VIP (alto volumen / alta frecuencia),Servicios postventa,Soporte y Mantenimiento,371.58
2025-10,Centro,CLI-164,VIP (alto volumen / alta frecuencia),Servicios postventa,Soporte y Mantenimiento,229.91
2025-11,Centro,CLI-164,VIP (alto volumen / alta frecuencia),Servicios postventa,Soporte y Mantenimiento,298.11
2025-12,Centro,CLI-164,VIP (alto volumen / alta frecuencia),Servicios postventa,Soporte y Mantenimiento,371.91
2026-01,Centro,CLI-164,VIP (alto volumen / alta frecuencia),Servicios postventa,Soporte y Mantenimiento,361.2
2026-02,Centro,CLI-164,VIP (alto volumen / alta frecuencia),Servicios postventa,Soporte y Mantenimiento,363.14
2026-03,Centro,CLI-164,VIP (alto volumen / alta frecuencia),Servicios postventa,Soporte y Mantenimiento,309.62
2026-06,Centro,CLI-164,VIP (alto volumen / alta frecuencia),Servicios postventa,Soporte y Mantenimiento,450.98
2026-07,Centro,CLI-164,VIP (alto volumen / alta frecuencia),Servicios postventa,Soporte y Mantenimiento,435.85
2026-08,Centro,CLI-164,VIP (alto volumen / alta frecuencia),Servicios postventa,Soporte y Mantenimiento,375.53
2025-01,Centro,CLI-164,VIP (alto volumen / alta frecuencia),Línea Económica,Económica Básica,656.93
2025-02,Centro,CLI-164,VIP (alto volumen / alta frecuencia),Línea Económica,Económica Básica,602.74
2025-03,Centro,CLI-164,VIP (alto volumen / alta frecuencia),Línea Económica,Económica Básica,558.39
2025-04,Centro,CLI-164,VIP (alto volumen / alta frecuencia),Línea Económica,Económica Básica,572.92
2025-05,Centro,CLI-164,VIP (alto volumen / alta frecuencia),Línea Económica,Económica Básica,581.06
2025-06,Centro,CLI-164,VIP (alto volumen / alta frecuencia),Línea Económica,Económica Básica,561.03
2025-07,Centro,CLI-164,VIP (alto volumen / alta frecuencia),Línea Económica,Económica Básica,459.98
2025-08,Centro,CLI-164,VIP (alto volumen / alta frecuencia),Línea Económica,Económica Básica,597.85
2025-09,Centro,CLI-164,VIP (alto volumen / alta frecuencia),Línea Económica,Económica Básica,530.1
2025-11,Centro,CLI-164,VIP (alto volumen / alta frecuencia),Línea Económica,Económica Básica,499.76
2025-12,Centro,CLI-164,VIP (alto volumen / alta frecuencia),Línea Económica,Económica Básica,398.99
2026-01,Centro,CLI-164,VIP (alto volumen / alta frecuencia),Línea Económica,Económica Básica,641.69
2026-02,Centro,CLI-164,VIP (alto volumen / alta frecuencia),Línea Económica,Económica Básica,543.44
2026-03,Centro,CLI-164,VIP (alto volumen / alta frecuencia),Línea Económica,Económica Básica,583.07
2026-04,Centro,CLI-164,VIP (alto volumen / alta frecuencia),Línea Económica,Económica Básica,403.71
2026-05,Centro,CLI-164,VIP (alto volumen / alta frecuencia),Línea Económica,Económica Básica,457.05
2026-06,Centro,CLI-164,VIP (alto volumen / alta frecuencia),Línea Económica,Económica Básica,321.68
2026-07,Centro,CLI-164,VIP (alto volumen / alta frecuencia),Línea Económica,Económica Básica,392.84
2025-01,Centro,CLI-164,VIP (alto volumen / alta frecuencia),Línea Premium,Premium Hogar,1236.83
2025-02,Centro,CLI-164,VIP (alto volumen / alta frecuencia),Línea Premium,Premium Hogar,1084.33
2025-03,Centro,CLI-164,VIP (alto volumen / alta frecuencia),Línea Premium,Premium Hogar,1125.09
2025-04,Centro,CLI-164,VIP (alto volumen / alta frecuencia),Línea Premium,Premium Hogar,1228.2
2025-05,Centro,CLI-164,VIP (alto volumen / alta frecuencia),Línea Premium,Premium Hogar,1278.0
2025-06,Centro,CLI-164,VIP (alto volumen / alta frecuencia),Línea Premium,Premium Hogar,952.75
2025-07,Centro,CLI-164,VIP (alto volumen / alta frecuencia),Línea Premium,Premium Hogar,1251.4
2025-08,Centro,CLI-164,VIP (alto volumen / alta frecuencia),Línea Premium,Premium Hogar,1234.48
2025-09,Centro,CLI-164,VIP (alto volumen / alta frecuencia),Línea Premium,Premium Hogar,1440.28
2025-11,Centro,CLI-164,VIP (alto volumen / alta frecuencia),Línea Premium,Premium Hogar,1302.07
2025-12,Centro,CLI-164,VIP (alto volumen / alta frecuencia),Línea Premium,Premium Hogar,1283.77
2026-01,Centro,CLI-164,VIP (alto volumen / alta frecuencia),Línea Premium,Premium Hogar,1223.8
2026-02,Centro,CLI-164,VIP (alto volumen / alta frecuencia),Línea Premium,Premium Hogar,1254.05
2026-04,Centro,CLI-164,VIP (alto volumen / alta frecuencia),Línea Premium,Premium Hogar,1147.17
2026-05,Centro,CLI-164,VIP (alto volumen / alta frecuencia),Línea Premium,Premium Hogar,1253.07
2026-06,Centro,CLI-164,VIP (alto volumen / alta frecuencia),Línea Premium,Premium Hogar,1149.4
2026-07,Centro,CLI-164,VIP (alto volumen / alta frecuencia),Línea Premium,Premium Hogar,1466.46
2026-08,Centro,CLI-164,VIP (alto volumen / alta frecuencia),Línea Premium,Premium Hogar,1088.31
2025-01,Centro,CLI-164,VIP (alto volumen / alta frecuencia),Línea Económica,Económica Promocional,483.78
2025-03,Centro,CLI-164,VIP (alto volumen / alta frecuencia),Línea Económica,Económica Promocional,427.04
2025-05,Centro,CLI-164,VIP (alto volumen / alta frecuencia),Línea Económica,Económica Promocional,413.61
2025-06,Centro,CLI-164,VIP (alto volumen / alta frecuencia),Línea Económica,Económica Promocional,472.92
2025-07,Centro,CLI-164,VIP (alto volumen / alta frecuencia),Línea Económica,Económica Promocional,511.82
2025-08,Centro,CLI-164,VIP (alto volumen / alta frecuencia),Línea Económica,Económica Promocional,427.66
2025-09,Centro,CLI-164,VIP (alto volumen / alta frecuencia),Línea Económica,Económica Promocional,403.32
2025-10,Centro,CLI-164,VIP (alto volumen / alta frecuencia),Línea Económica,Económica Promocional,439.08
2025-11,Centro,CLI-164,VIP (alto volumen / alta frecuencia),Línea Económica,Económica Promocional,510.83
2025-12,Centro,CLI-164,VIP (alto volumen / alta frecuencia),Línea Económica,Económica Promocional,397.38
2026-01,Centro,CLI-164,VIP (alto volumen / alta frecuencia),Línea Económica,Económica Promocional,428.18
2026-02,Centro,CLI-164,VIP (alto volumen / alta frecuencia),Línea Económica,Económica Promocional,440.22
2026-03,Centro,CLI-164,VIP (alto volumen / alta frecuencia),Línea Económica,Económica Promocional,362.04
2026-04,Centro,CLI-164,VIP (alto volumen / alta frecuencia),Línea Económica,Económica Promocional,496.86
2026-05,Centro,CLI-164,VIP (alto volumen / alta frecuencia),Línea Económica,Económica Promocional,348.14
2026-06,Centro,CLI-164,VIP (alto volumen / alta frecuencia),Línea Económica,Económica Promocional,442.52
2026-07,Centro,CLI-164,VIP (alto volumen / alta frecuencia),Línea Económica,Económica Promocional,479.21
2026-08,Centro,CLI-164,VIP (alto volumen / alta frecuencia),Línea Económica,Económica Promocional,446.77
2025-01,Centro,CLI-164,VIP (alto volumen / alta frecuencia),Línea Estándar,Estándar Mayoreo,721.96
2025-02,Centro,CLI-164,VIP (alto volumen / alta frecuencia),Línea Estándar,Estándar Mayoreo,1037.26
2025-03,Centro,CLI-164,VIP (alto volumen / alta frecuencia),Línea Estándar,Estándar Mayoreo,846.78
2025-04,Centro,CLI-164,VIP (alto volumen / alta frecuencia),Línea Estándar,Estándar Mayoreo,922.75
2025-05,Centro,CLI-164,VIP (alto volumen / alta frecuencia),Línea Estándar,Estándar Mayoreo,1045.8
2025-07,Centro,CLI-164,VIP (alto volumen / alta frecuencia),Línea Estándar,Estándar Mayoreo,1007.57
2025-08,Centro,CLI-164,VIP (alto volumen / alta frecuencia),Línea Estándar,Estándar Mayoreo,977.0
2025-09,Centro,CLI-164,VIP (alto volumen / alta frecuencia),Línea Estándar,Estándar Mayoreo,998.58
2025-11,Centro,CLI-164,VIP (alto volumen / alta frecuencia),Línea Estándar,Estándar Mayoreo,814.68
2025-12,Centro,CLI-164,VIP (alto volumen / alta frecuencia),Línea Estándar,Estándar Mayoreo,975.22
2026-02,Centro,CLI-164,VIP (alto volumen / alta frecuencia),Línea Estándar,Estándar Mayoreo,835.1
2026-03,Centro,CLI-164,VIP (alto volumen / alta frecuencia),Línea Estándar,Estándar Mayoreo,907.16
2026-04,Centro,CLI-164,VIP (alto volumen / alta frecuencia),Línea Estándar,Estándar Mayoreo,805.76
2026-05,Centro,CLI-164,VIP (alto volumen / alta frecuencia),Línea Estándar,Estándar Mayoreo,951.04
2026-06,Centro,CLI-164,VIP (alto volumen / alta frecuencia),Línea Estándar,Estándar Mayoreo,858.77
2026-07,Centro,CLI-164,VIP (alto volumen / alta frecuencia),Línea Estándar,Estándar Mayoreo,1001.63
2026-08,Centro,CLI-164,VIP (alto volumen / alta frecuencia),Línea Estándar,Estándar Mayoreo,597.44
2025-01,Centro,CLI-164,VIP (alto volumen / alta frecuencia),Línea Estándar,Estándar Retail,867.54
2025-02,Centro,CLI-164,VIP (alto volumen / alta frecuencia),Línea Estándar,Estándar Retail,939.47
2025-03,Centro,CLI-164,VIP (alto volumen / alta frecuencia),Línea Estándar,Estándar Retail,800.15
2025-04,Centro,CLI-164,VIP (alto volumen / alta frecuencia),Línea Estándar,Estándar Retail,854.57
2025-05,Centro,CLI-164,VIP (alto volumen / alta frecuencia),Línea Estándar,Estándar Retail,984.18
2025-06,Centro,CLI-164,VIP (alto volumen / alta frecuencia),Línea Estándar,Estándar Retail,671.1
2025-07,Centro,CLI-164,VIP (alto volumen / alta frecuencia),Línea Estándar,Estándar Retail,741.44
2025-08,Centro,CLI-164,VIP (alto volumen / alta frecuencia),Línea Estándar,Estándar Retail,701.5
2025-10,Centro,CLI-164,VIP (alto volumen / alta frecuencia),Línea Estándar,Estándar Retail,964.9
2025-11,Centro,CLI-164,VIP (alto volumen / alta frecuencia),Línea Estándar,Estándar Retail,844.86
2026-02,Centro,CLI-164,VIP (alto volumen / alta frecuencia),Línea Estándar,Estándar Retail,718.56
2026-03,Centro,CLI-164,VIP (alto volumen / alta frecuencia),Línea Estándar,Estándar Retail,974.52
2026-04,Centro,CLI-164,VIP (alto volumen / alta frecuencia),Línea Estándar,Estándar Retail,862.11
2026-05,Centro,CLI-164,VIP (alto volumen / alta frecuencia),Línea Estándar,Estándar Retail,884.01
2026-06,Centro,CLI-164,VIP (alto volumen / alta frecuencia),Línea Estándar,Estándar Retail,910.85
2026-07,Centro,CLI-164,VIP (alto volumen / alta frecuencia),Línea Estándar,Estándar Retail,1019.91
2026-08,Centro,CLI-164,VIP (alto volumen / alta frecuencia),Línea Estándar,Estándar Retail,819.63
2025-07,Norte,CLI-165,Esporádico (bajo volumen / baja frecuencia),Línea Económica,Económica Básica,178.46
2026-02,Norte,CLI-165,Esporádico (bajo volumen / baja frecuencia),Línea Económica,Económica Básica,163.78
2025-03,Norte,CLI-165,Esporádico (bajo volumen / baja frecuencia),Línea Estándar,Estándar Mayoreo,341.84
2026-08,Norte,CLI-165,Esporádico (bajo volumen / baja frecuencia),Línea Estándar,Estándar Mayoreo,206.86
2025-01,Norte,CLI-166,Esporádico (bajo volumen / baja frecuencia),Servicios postventa,Soporte y Mantenimiento,65.22
2025-11,Norte,CLI-167,Esporádico (bajo volumen / baja frecuencia),Línea Económica,Económica Básica,187.19
2026-04,Norte,CLI-167,Esporádico (bajo volumen / baja frecuencia),Línea Económica,Económica Básica,164.88
2025-01,Norte,CLI-168,VIP (alto volumen / alta frecuencia),Línea Premium,Premium Oficina,1005.03
2025-02,Norte,CLI-168,VIP (alto volumen / alta frecuencia),Línea Premium,Premium Oficina,773.87
2025-03,Norte,CLI-168,VIP (alto volumen / alta frecuencia),Línea Premium,Premium Oficina,803.91
2025-04,Norte,CLI-168,VIP (alto volumen / alta frecuencia),Línea Premium,Premium Oficina,1011.88
2025-05,Norte,CLI-168,VIP (alto volumen / alta frecuencia),Línea Premium,Premium Oficina,1069.54
2025-06,Norte,CLI-168,VIP (alto volumen / alta frecuencia),Línea Premium,Premium Oficina,1020.7
2025-07,Norte,CLI-168,VIP (alto volumen / alta frecuencia),Línea Premium,Premium Oficina,962.04
2025-08,Norte,CLI-168,VIP (alto volumen / alta frecuencia),Línea Premium,Premium Oficina,1000.13
2025-09,Norte,CLI-168,VIP (alto volumen / alta frecuencia),Línea Premium,Premium Oficina,899.44
2025-10,Norte,CLI-168,VIP (alto volumen / alta frecuencia),Línea Premium,Premium Oficina,990.1
2025-12,Norte,CLI-168,VIP (alto volumen / alta frecuencia),Línea Premium,Premium Oficina,1044.36
2026-01,Norte,CLI-168,VIP (alto volumen / alta frecuencia),Línea Premium,Premium Oficina,831.67
2026-02,Norte,CLI-168,VIP (alto volumen / alta frecuencia),Línea Premium,Premium Oficina,997.26
2026-03,Norte,CLI-168,VIP (alto volumen / alta frecuencia),Línea Premium,Premium Oficina,733.14
2026-04,Norte,CLI-168,VIP (alto volumen / alta frecuencia),Línea Premium,Premium Oficina,920.35
2026-05,Norte,CLI-168,VIP (alto volumen / alta frecuencia),Línea Premium,Premium Oficina,1068.63
2026-06,Norte,CLI-168,VIP (alto volumen / alta frecuencia),Línea Premium,Premium Oficina,934.31
2026-07,Norte,CLI-168,VIP (alto volumen / alta frecuencia),Línea Premium,Premium Oficina,1056.89
2026-08,Norte,CLI-168,VIP (alto volumen / alta frecuencia),Línea Premium,Premium Oficina,955.75
2025-01,Norte,CLI-168,VIP (alto volumen / alta frecuencia),Línea Premium,Premium Hogar,1025.57
2025-02,Norte,CLI-168,VIP (alto volumen / alta frecuencia),Línea Premium,Premium Hogar,1061.3
2025-04,Norte,CLI-168,VIP (alto volumen / alta frecuencia),Línea Premium,Premium Hogar,743.79
2025-05,Norte,CLI-168,VIP (alto volumen / alta frecuencia),Línea Premium,Premium Hogar,1172.51
2025-06,Norte,CLI-168,VIP (alto volumen / alta frecuencia),Línea Premium,Premium Hogar,828.35
2025-07,Norte,CLI-168,VIP (alto volumen / alta frecuencia),Línea Premium,Premium Hogar,1124.14
2025-08,Norte,CLI-168,VIP (alto volumen / alta frecuencia),Línea Premium,Premium Hogar,1183.39
2025-09,Norte,CLI-168,VIP (alto volumen / alta frecuencia),Línea Premium,Premium Hogar,1308.68
2025-10,Norte,CLI-168,VIP (alto volumen / alta frecuencia),Línea Premium,Premium Hogar,1016.52
2025-11,Norte,CLI-168,VIP (alto volumen / alta frecuencia),Línea Premium,Premium Hogar,929.54
2025-12,Norte,CLI-168,VIP (alto volumen / alta frecuencia),Línea Premium,Premium Hogar,1394.16
2026-01,Norte,CLI-168,VIP (alto volumen / alta frecuencia),Línea Premium,Premium Hogar,1085.57
2026-02,Norte,CLI-168,VIP (alto volumen / alta frecuencia),Línea Premium,Premium Hogar,1290.92
2026-03,Norte,CLI-168,VIP (alto volumen / alta frecuencia),Línea Premium,Premium Hogar,976.22
2026-04,Norte,CLI-168,VIP (alto volumen / alta frecuencia),Línea Premium,Premium Hogar,1440.42
2026-06,Norte,CLI-168,VIP (alto volumen / alta frecuencia),Línea Premium,Premium Hogar,1247.96
2026-07,Norte,CLI-168,VIP (alto volumen / alta frecuencia),Línea Premium,Premium Hogar,1516.34
2026-08,Norte,CLI-168,VIP (alto volumen / alta frecuencia),Línea Premium,Premium Hogar,1261.27
2025-01,Norte,CLI-168,VIP (alto volumen / alta frecuencia),Línea Premium,Premium Exportación,970.49
2025-02,Norte,CLI-168,VIP (alto volumen / alta frecuencia),Línea Premium,Premium Exportación,1078.88
2025-03,Norte,CLI-168,VIP (alto volumen / alta frecuencia),Línea Premium,Premium Exportación,1264.65
2025-04,Norte,CLI-168,VIP (alto volumen / alta frecuencia),Línea Premium,Premium Exportación,1487.66
2025-05,Norte,CLI-168,VIP (alto volumen / alta frecuencia),Línea Premium,Premium Exportación,1048.73
2025-06,Norte,CLI-168,VIP (alto volumen / alta frecuencia),Línea Premium,Premium Exportación,1130.88
2025-08,Norte,CLI-168,VIP (alto volumen / alta frecuencia),Línea Premium,Premium Exportación,1461.69
2025-09,Norte,CLI-168,VIP (alto volumen / alta frecuencia),Línea Premium,Premium Exportación,1228.34
2025-10,Norte,CLI-168,VIP (alto volumen / alta frecuencia),Línea Premium,Premium Exportación,1401.05
2025-12,Norte,CLI-168,VIP (alto volumen / alta frecuencia),Línea Premium,Premium Exportación,1372.15
2026-01,Norte,CLI-168,VIP (alto volumen / alta frecuencia),Línea Premium,Premium Exportación,1117.38
2026-03,Norte,CLI-168,VIP (alto volumen / alta frecuencia),Línea Premium,Premium Exportación,1341.56
2026-04,Norte,CLI-168,VIP (alto volumen / alta frecuencia),Línea Premium,Premium Exportación,1386.74
2026-06,Norte,CLI-168,VIP (alto volumen / alta frecuencia),Línea Premium,Premium Exportación,1303.75
2026-08,Norte,CLI-168,VIP (alto volumen / alta frecuencia),Línea Premium,Premium Exportación,1788.94
2025-02,Norte,CLI-168,VIP (alto volumen / alta frecuencia),Línea Estándar,Estándar Mayoreo,820.11
2025-03,Norte,CLI-168,VIP (alto volumen / alta frecuencia),Línea Estándar,Estándar Mayoreo,1039.05
2025-04,Norte,CLI-168,VIP (alto volumen / alta frecuencia),Línea Estándar,Estándar Mayoreo,1146.28
2025-05,Norte,CLI-168,VIP (alto volumen / alta frecuencia),Línea Estándar,Estándar Mayoreo,1087.97
2025-06,Norte,CLI-168,VIP (alto volumen / alta frecuencia),Línea Estándar,Estándar Mayoreo,1017.07
2025-07,Norte,CLI-168,VIP (alto volumen / alta frecuencia),Línea Estándar,Estándar Mayoreo,893.91
2025-08,Norte,CLI-168,VIP (alto volumen / alta frecuencia),Línea Estándar,Estándar Mayoreo,938.26
2025-09,Norte,CLI-168,VIP (alto volumen / alta frecuencia),Línea Estándar,Estándar Mayoreo,950.26
2025-10,Norte,CLI-168,VIP (alto volumen / alta frecuencia),Línea Estándar,Estándar Mayoreo,1002.88
2025-11,Norte,CLI-168,VIP (alto volumen / alta frecuencia),Línea Estándar,Estándar Mayoreo,806.26
2025-12,Norte,CLI-168,VIP (alto volumen / alta frecuencia),Línea Estándar,Estándar Mayoreo,1006.63
2026-01,Norte,CLI-168,VIP (alto volumen / alta frecuencia),Línea Estándar,Estándar Mayoreo,1065.75
2026-02,Norte,CLI-168,VIP (alto volumen / alta frecuencia),Línea Estándar,Estándar Mayoreo,1071.45
2026-03,Norte,CLI-168,VIP (alto volumen / alta frecuencia),Línea Estándar,Estándar Mayoreo,974.73
2026-04,Norte,CLI-168,VIP (alto volumen / alta frecuencia),Línea Estándar,Estándar Mayoreo,1117.33
2026-05,Norte,CLI-168,VIP (alto volumen / alta frecuencia),Línea Estándar,Estándar Mayoreo,953.5
2026-06,Norte,CLI-168,VIP (alto volumen / alta frecuencia),Línea Estándar,Estándar Mayoreo,1173.15
2026-07,Norte,CLI-168,VIP (alto volumen / alta frecuencia),Línea Estándar,Estándar Mayoreo,1161.21
2026-08,Norte,CLI-168,VIP (alto volumen / alta frecuencia),Línea Estándar,Estándar Mayoreo,530.86
2025-01,Norte,CLI-168,VIP (alto volumen / alta frecuencia),Línea Estándar,Estándar Retail,823.35
2025-02,Norte,CLI-168,VIP (alto volumen / alta frecuencia),Línea Estándar,Estándar Retail,628.94
2025-03,Norte,CLI-168,VIP (alto volumen / alta frecuencia),Línea Estándar,Estándar Retail,652.3
2025-04,Norte,CLI-168,VIP (alto volumen / alta frecuencia),Línea Estándar,Estándar Retail,758.6
2025-05,Norte,CLI-168,VIP (alto volumen / alta frecuencia),Línea Estándar,Estándar Retail,832.75
2025-06,Norte,CLI-168,VIP (alto volumen / alta frecuencia),Línea Estándar,Estándar Retail,746.38
2025-07,Norte,CLI-168,VIP (alto volumen / alta frecuencia),Línea Estándar,Estándar Retail,989.09
2025-08,Norte,CLI-168,VIP (alto volumen / alta frecuencia),Línea Estándar,Estándar Retail,661.91
2025-09,Norte,CLI-168,VIP (alto volumen / alta frecuencia),Línea Estándar,Estándar Retail,762.76
2025-10,Norte,CLI-168,VIP (alto volumen / alta frecuencia),Línea Estándar,Estándar Retail,867.81
2025-11,Norte,CLI-168,VIP (alto volumen / alta frecuencia),Línea Estándar,Estándar Retail,892.96
2025-12,Norte,CLI-168,VIP (alto volumen / alta frecuencia),Línea Estándar,Estándar Retail,903.93
2026-01,Norte,CLI-168,VIP (alto volumen / alta frecuencia),Línea Estándar,Estándar Retail,724.13
2026-02,Norte,CLI-168,VIP (alto volumen / alta frecuencia),Línea Estándar,Estándar Retail,782.71
2026-03,Norte,CLI-168,VIP (alto volumen / alta frecuencia),Línea Estándar,Estándar Retail,895.67
2026-04,Norte,CLI-168,VIP (alto volumen / alta frecuencia),Línea Estándar,Estándar Retail,958.96
2026-05,Norte,CLI-168,VIP (alto volumen / alta frecuencia),Línea Estándar,Estándar Retail,802.11
2026-06,Norte,CLI-168,VIP (alto volumen / alta frecuencia),Línea Estándar,Estándar Retail,848.92
2026-07,Norte,CLI-168,VIP (alto volumen / alta frecuencia),Línea Estándar,Estándar Retail,822.8
2026-08,Norte,CLI-168,VIP (alto volumen / alta frecuencia),Línea Estándar,Estándar Retail,705.29
2025-01,Norte,CLI-168,VIP (alto volumen / alta frecuencia),Servicios postventa,Soporte y Mantenimiento,275.51
2025-02,Norte,CLI-168,VIP (alto volumen / alta frecuencia),Servicios postventa,Soporte y Mantenimiento,292.12
2025-03,Norte,CLI-168,VIP (alto volumen / alta frecuencia),Servicios postventa,Soporte y Mantenimiento,296.74
2025-04,Norte,CLI-168,VIP (alto volumen / alta frecuencia),Servicios postventa,Soporte y Mantenimiento,296.05
2025-05,Norte,CLI-168,VIP (alto volumen / alta frecuencia),Servicios postventa,Soporte y Mantenimiento,380.29
2025-06,Norte,CLI-168,VIP (alto volumen / alta frecuencia),Servicios postventa,Soporte y Mantenimiento,321.74
2025-07,Norte,CLI-168,VIP (alto volumen / alta frecuencia),Servicios postventa,Soporte y Mantenimiento,305.03
2025-08,Norte,CLI-168,VIP (alto volumen / alta frecuencia),Servicios postventa,Soporte y Mantenimiento,327.12
2025-09,Norte,CLI-168,VIP (alto volumen / alta frecuencia),Servicios postventa,Soporte y Mantenimiento,332.34
2025-10,Norte,CLI-168,VIP (alto volumen / alta frecuencia),Servicios postventa,Soporte y Mantenimiento,274.26
2025-11,Norte,CLI-168,VIP (alto volumen / alta frecuencia),Servicios postventa,Soporte y Mantenimiento,384.98
2025-12,Norte,CLI-168,VIP (alto volumen / alta frecuencia),Servicios postventa,Soporte y Mantenimiento,368.3
2026-01,Norte,CLI-168,VIP (alto volumen / alta frecuencia),Servicios postventa,Soporte y Mantenimiento,422.52
2026-02,Norte,CLI-168,VIP (alto volumen / alta frecuencia),Servicios postventa,Soporte y Mantenimiento,363.06
2026-04,Norte,CLI-168,VIP (alto volumen / alta frecuencia),Servicios postventa,Soporte y Mantenimiento,475.6
2026-05,Norte,CLI-168,VIP (alto volumen / alta frecuencia),Servicios postventa,Soporte y Mantenimiento,432.9
2026-06,Norte,CLI-168,VIP (alto volumen / alta frecuencia),Servicios postventa,Soporte y Mantenimiento,590.18
2026-07,Norte,CLI-168,VIP (alto volumen / alta frecuencia),Servicios postventa,Soporte y Mantenimiento,377.89
2026-08,Norte,CLI-168,VIP (alto volumen / alta frecuencia),Servicios postventa,Soporte y Mantenimiento,489.63
2025-01,Norte,CLI-168,VIP (alto volumen / alta frecuencia),Línea Económica,Económica Promocional,555.86
2025-02,Norte,CLI-168,VIP (alto volumen / alta frecuencia),Línea Económica,Económica Promocional,505.81
2025-03,Norte,CLI-168,VIP (alto volumen / alta frecuencia),Línea Económica,Económica Promocional,553.68
2025-04,Norte,CLI-168,VIP (alto volumen / alta frecuencia),Línea Económica,Económica Promocional,561.18
2025-06,Norte,CLI-168,VIP (alto volumen / alta frecuencia),Línea Económica,Económica Promocional,479.64
2025-08,Norte,CLI-168,VIP (alto volumen / alta frecuencia),Línea Económica,Económica Promocional,432.19
2025-09,Norte,CLI-168,VIP (alto volumen / alta frecuencia),Línea Económica,Económica Promocional,496.69
2025-10,Norte,CLI-168,VIP (alto volumen / alta frecuencia),Línea Económica,Económica Promocional,509.08
2025-11,Norte,CLI-168,VIP (alto volumen / alta frecuencia),Línea Económica,Económica Promocional,428.71
2025-12,Norte,CLI-168,VIP (alto volumen / alta frecuencia),Línea Económica,Económica Promocional,450.22
2026-01,Norte,CLI-168,VIP (alto volumen / alta frecuencia),Línea Económica,Económica Promocional,420.07
2026-02,Norte,CLI-168,VIP (alto volumen / alta frecuencia),Línea Económica,Económica Promocional,417.64
2026-03,Norte,CLI-168,VIP (alto volumen / alta frecuencia),Línea Económica,Económica Promocional,398.55
2026-04,Norte,CLI-168,VIP (alto volumen / alta frecuencia),Línea Económica,Económica Promocional,599.76
2026-05,Norte,CLI-168,VIP (alto volumen / alta frecuencia),Línea Económica,Económica Promocional,451.77
2026-06,Norte,CLI-168,VIP (alto volumen / alta frecuencia),Línea Económica,Económica Promocional,512.88
2026-07,Norte,CLI-168,VIP (alto volumen / alta frecuencia),Línea Económica,Económica Promocional,447.95
2026-08,Norte,CLI-168,VIP (alto volumen / alta frecuencia),Línea Económica,Económica Promocional,530.82
2025-01,Norte,CLI-168,VIP (alto volumen / alta frecuencia),Línea Económica,Económica Básica,501.04
2025-02,Norte,CLI-168,VIP (alto volumen / alta frecuencia),Línea Económica,Económica Básica,463.24
2025-03,Norte,CLI-168,VIP (alto volumen / alta frecuencia),Línea Económica,Económica Básica,507.06
2025-04,Norte,CLI-168,VIP (alto volumen / alta frecuencia),Línea Económica,Económica Básica,568.39
2025-05,Norte,CLI-168,VIP (alto volumen / alta frecuencia),Línea Económica,Económica Básica,567.27
2025-06,Norte,CLI-168,VIP (alto volumen / alta frecuencia),Línea Económica,Económica Básica,650.86
2025-07,Norte,CLI-168,VIP (alto volumen / alta frecuencia),Línea Económica,Económica Básica,538.43
2025-08,Norte,CLI-168,VIP (alto volumen / alta frecuencia),Línea Económica,Económica Básica,487.1
2025-10,Norte,CLI-168,VIP (alto volumen / alta frecuencia),Línea Económica,Económica Básica,466.55
2025-11,Norte,CLI-168,VIP (alto volumen / alta frecuencia),Línea Económica,Económica Básica,576.63
2025-12,Norte,CLI-168,VIP (alto volumen / alta frecuencia),Línea Económica,Económica Básica,465.63
2026-01,Norte,CLI-168,VIP (alto volumen / alta frecuencia),Línea Económica,Económica Básica,577.67
2026-02,Norte,CLI-168,VIP (alto volumen / alta frecuencia),Línea Económica,Económica Básica,614.91
2026-03,Norte,CLI-168,VIP (alto volumen / alta frecuencia),Línea Económica,Económica Básica,581.01
2026-04,Norte,CLI-168,VIP (alto volumen / alta frecuencia),Línea Económica,Económica Básica,488.95
2026-05,Norte,CLI-168,VIP (alto volumen / alta frecuencia),Línea Económica,Económica Básica,477.86
2026-06,Norte,CLI-168,VIP (alto volumen / alta frecuencia),Línea Económica,Económica Básica,580.33
2026-07,Norte,CLI-168,VIP (alto volumen / alta frecuencia),Línea Económica,Económica Básica,496.32
2026-08,Norte,CLI-168,VIP (alto volumen / alta frecuencia),Línea Económica,Económica Básica,463.47
2025-05,Centro,CLI-169,Esporádico (bajo volumen / baja frecuencia),Línea Económica,Económica Promocional,127.79
2025-06,Centro,CLI-169,Esporádico (bajo volumen / baja frecuencia),Línea Económica,Económica Promocional,145.83
2026-04,Centro,CLI-169,Esporádico (bajo volumen / baja frecuencia),Línea Económica,Económica Promocional,142.94
2026-07,Centro,CLI-169,Esporádico (bajo volumen / baja frecuencia),Línea Económica,Económica Promocional,157.64
2026-03,Centro,CLI-169,Esporádico (bajo volumen / baja frecuencia),Línea Estándar,Estándar Mayoreo,347.0
2025-09,Occidente,CLI-170,Esporádico (bajo volumen / baja frecuencia),Línea Económica,Económica Promocional,132.66
2026-03,Occidente,CLI-170,Esporádico (bajo volumen / baja frecuencia),Línea Económica,Económica Promocional,116.44
2026-08,Occidente,CLI-170,Esporádico (bajo volumen / baja frecuencia),Línea Económica,Económica Promocional,109.93
2025-01,Occidente,CLI-170,Esporádico (bajo volumen / baja frecuencia),Línea Premium,Premium Exportación,235.27
2025-06,Occidente,CLI-170,Esporádico (bajo volumen / baja frecuencia),Línea Premium,Premium Exportación,311.35
2026-07,Occidente,CLI-170,Esporádico (bajo volumen / baja frecuencia),Línea Premium,Premium Exportación,343.26
2025-01,Occidente,CLI-170,Esporádico (bajo volumen / baja frecuencia),Línea Económica,Económica Básica,181.32
2025-02,Occidente,CLI-170,Esporádico (bajo volumen / baja frecuencia),Línea Económica,Económica Básica,166.07
2025-04,Occidente,CLI-170,Esporádico (bajo volumen / baja frecuencia),Línea Económica,Económica Básica,165.75
2025-06,Occidente,CLI-170,Esporádico (bajo volumen / baja frecuencia),Línea Económica,Económica Básica,181.06
2026-07,Occidente,CLI-170,Esporádico (bajo volumen / baja frecuencia),Línea Económica,Económica Básica,129.76
2025-01,Occidente,CLI-171,Ocasional (alto volumen / baja frecuencia),Línea Premium,Premium Oficina,790.13
2025-06,Occidente,CLI-171,Ocasional (alto volumen / baja frecuencia),Línea Premium,Premium Oficina,995.97
2025-08,Occidente,CLI-171,Ocasional (alto volumen / baja frecuencia),Línea Premium,Premium Oficina,1048.34
2025-10,Occidente,CLI-171,Ocasional (alto volumen / baja frecuencia),Línea Premium,Premium Oficina,1035.3
2025-12,Occidente,CLI-171,Ocasional (alto volumen / baja frecuencia),Línea Premium,Premium Oficina,1025.41
2025-03,Occidente,CLI-171,Ocasional (alto volumen / baja frecuencia),Línea Estándar,Estándar Mayoreo,782.54
2025-05,Occidente,CLI-171,Ocasional (alto volumen / baja frecuencia),Línea Estándar,Estándar Mayoreo,809.09
2025-06,Occidente,CLI-171,Ocasional (alto volumen / baja frecuencia),Línea Estándar,Estándar Mayoreo,964.92
2025-10,Occidente,CLI-171,Ocasional (alto volumen / baja frecuencia),Línea Estándar,Estándar Mayoreo,903.75
2026-08,Occidente,CLI-171,Ocasional (alto volumen / baja frecuencia),Línea Estándar,Estándar Mayoreo,652.24
2025-03,Occidente,CLI-171,Ocasional (alto volumen / baja frecuencia),Línea Premium,Premium Exportación,869.86
2025-05,Occidente,CLI-171,Ocasional (alto volumen / baja frecuencia),Línea Premium,Premium Exportación,947.65
2025-09,Occidente,CLI-171,Ocasional (alto volumen / baja frecuencia),Línea Premium,Premium Exportación,1034.1
2025-10,Occidente,CLI-171,Ocasional (alto volumen / baja frecuencia),Línea Premium,Premium Exportación,1315.3
2026-02,Occidente,CLI-171,Ocasional (alto volumen / baja frecuencia),Línea Premium,Premium Exportación,1090.76
2026-05,Occidente,CLI-171,Ocasional (alto volumen / baja frecuencia),Línea Premium,Premium Exportación,1527.49
2025-02,Occidente,CLI-171,Ocasional (alto volumen / baja frecuencia),Línea Estándar,Estándar Retail,814.84
2025-09,Occidente,CLI-171,Ocasional (alto volumen / baja frecuencia),Línea Estándar,Estándar Retail,852.41
2025-12,Occidente,CLI-171,Ocasional (alto volumen / baja frecuencia),Línea Estándar,Estándar Retail,594.19
2026-01,Occidente,CLI-171,Ocasional (alto volumen / baja frecuencia),Línea Estándar,Estándar Retail,631.04
2026-04,Occidente,CLI-171,Ocasional (alto volumen / baja frecuencia),Línea Estándar,Estándar Retail,651.87
2026-05,Occidente,CLI-171,Ocasional (alto volumen / baja frecuencia),Línea Estándar,Estándar Retail,916.31
2026-07,Occidente,CLI-171,Ocasional (alto volumen / baja frecuencia),Línea Estándar,Estándar Retail,718.85
2025-01,Sureste,CLI-172,Recurrente (bajo volumen / alta frecuencia),Línea Económica,Económica Básica,164.63
2025-02,Sureste,CLI-172,Recurrente (bajo volumen / alta frecuencia),Línea Económica,Económica Básica,191.59
2025-03,Sureste,CLI-172,Recurrente (bajo volumen / alta frecuencia),Línea Económica,Económica Básica,193.15
2025-07,Sureste,CLI-172,Recurrente (bajo volumen / alta frecuencia),Línea Económica,Económica Básica,198.95
2025-08,Sureste,CLI-172,Recurrente (bajo volumen / alta frecuencia),Línea Económica,Económica Básica,182.89
2025-09,Sureste,CLI-172,Recurrente (bajo volumen / alta frecuencia),Línea Económica,Económica Básica,172.4
2025-10,Sureste,CLI-172,Recurrente (bajo volumen / alta frecuencia),Línea Económica,Económica Básica,311.82
2025-11,Sureste,CLI-172,Recurrente (bajo volumen / alta frecuencia),Línea Económica,Económica Básica,212.91
2025-12,Sureste,CLI-172,Recurrente (bajo volumen / alta frecuencia),Línea Económica,Económica Básica,195.25
2026-01,Sureste,CLI-172,Recurrente (bajo volumen / alta frecuencia),Línea Económica,Económica Básica,218.64
2026-02,Sureste,CLI-172,Recurrente (bajo volumen / alta frecuencia),Línea Económica,Económica Básica,193.8
2026-03,Sureste,CLI-172,Recurrente (bajo volumen / alta frecuencia),Línea Económica,Económica Básica,151.26
2026-04,Sureste,CLI-172,Recurrente (bajo volumen / alta frecuencia),Línea Económica,Económica Básica,209.25
2026-06,Sureste,CLI-172,Recurrente (bajo volumen / alta frecuencia),Línea Económica,Económica Básica,188.67
2026-07,Sureste,CLI-172,Recurrente (bajo volumen / alta frecuencia),Línea Económica,Económica Básica,212.85
2026-08,Sureste,CLI-172,Recurrente (bajo volumen / alta frecuencia),Línea Económica,Económica Básica,203.71
2025-01,Sureste,CLI-172,Recurrente (bajo volumen / alta frecuencia),Línea Económica,Económica Promocional,144.81
2025-03,Sureste,CLI-172,Recurrente (bajo volumen / alta frecuencia),Línea Económica,Económica Promocional,149.79
2025-04,Sureste,CLI-172,Recurrente (bajo volumen / alta frecuencia),Línea Económica,Económica Promocional,161.01
2025-05,Sureste,CLI-172,Recurrente (bajo volumen / alta frecuencia),Línea Económica,Económica Promocional,164.7
2025-06,Sureste,CLI-172,Recurrente (bajo volumen / alta frecuencia),Línea Económica,Económica Promocional,159.54
2025-10,Sureste,CLI-172,Recurrente (bajo volumen / alta frecuencia),Línea Económica,Económica Promocional,202.32
2025-11,Sureste,CLI-172,Recurrente (bajo volumen / alta frecuencia),Línea Económica,Económica Promocional,172.71
2026-01,Sureste,CLI-172,Recurrente (bajo volumen / alta frecuencia),Línea Económica,Económica Promocional,148.5
2026-02,Sureste,CLI-172,Recurrente (bajo volumen / alta frecuencia),Línea Económica,Económica Promocional,205.27
2026-03,Sureste,CLI-172,Recurrente (bajo volumen / alta frecuencia),Línea Económica,Económica Promocional,162.72
2026-04,Sureste,CLI-172,Recurrente (bajo volumen / alta frecuencia),Línea Económica,Económica Promocional,137.38
2026-05,Sureste,CLI-172,Recurrente (bajo volumen / alta frecuencia),Línea Económica,Económica Promocional,164.43
2026-07,Sureste,CLI-172,Recurrente (bajo volumen / alta frecuencia),Línea Económica,Económica Promocional,163.58
2025-03,Sureste,CLI-172,Recurrente (bajo volumen / alta frecuencia),Línea Premium,Premium Hogar,394.29
2025-04,Sureste,CLI-172,Recurrente (bajo volumen / alta frecuencia),Línea Premium,Premium Hogar,383.53
2025-05,Sureste,CLI-172,Recurrente (bajo volumen / alta frecuencia),Línea Premium,Premium Hogar,432.35
2025-06,Sureste,CLI-172,Recurrente (bajo volumen / alta frecuencia),Línea Premium,Premium Hogar,429.57
2025-08,Sureste,CLI-172,Recurrente (bajo volumen / alta frecuencia),Línea Premium,Premium Hogar,492.74
2025-10,Sureste,CLI-172,Recurrente (bajo volumen / alta frecuencia),Línea Premium,Premium Hogar,360.04
2025-11,Sureste,CLI-172,Recurrente (bajo volumen / alta frecuencia),Línea Premium,Premium Hogar,441.59
2025-12,Sureste,CLI-172,Recurrente (bajo volumen / alta frecuencia),Línea Premium,Premium Hogar,389.24
2026-03,Sureste,CLI-172,Recurrente (bajo volumen / alta frecuencia),Línea Premium,Premium Hogar,492.08
2026-04,Sureste,CLI-172,Recurrente (bajo volumen / alta frecuencia),Línea Premium,Premium Hogar,471.92
2026-05,Sureste,CLI-172,Recurrente (bajo volumen / alta frecuencia),Línea Premium,Premium Hogar,413.57
2026-06,Sureste,CLI-172,Recurrente (bajo volumen / alta frecuencia),Línea Premium,Premium Hogar,430.71
2026-07,Sureste,CLI-172,Recurrente (bajo volumen / alta frecuencia),Línea Premium,Premium Hogar,486.82
2026-08,Sureste,CLI-172,Recurrente (bajo volumen / alta frecuencia),Línea Premium,Premium Hogar,439.95
2025-01,Sureste,CLI-172,Recurrente (bajo volumen / alta frecuencia),Línea Estándar,Estándar Retail,273.09
2025-02,Sureste,CLI-172,Recurrente (bajo volumen / alta frecuencia),Línea Estándar,Estándar Retail,321.53
2025-03,Sureste,CLI-172,Recurrente (bajo volumen / alta frecuencia),Línea Estándar,Estándar Retail,282.28
2025-04,Sureste,CLI-172,Recurrente (bajo volumen / alta frecuencia),Línea Estándar,Estándar Retail,250.58
2025-05,Sureste,CLI-172,Recurrente (bajo volumen / alta frecuencia),Línea Estándar,Estándar Retail,417.53
2025-06,Sureste,CLI-172,Recurrente (bajo volumen / alta frecuencia),Línea Estándar,Estándar Retail,418.08
2025-07,Sureste,CLI-172,Recurrente (bajo volumen / alta frecuencia),Línea Estándar,Estándar Retail,334.76
2025-08,Sureste,CLI-172,Recurrente (bajo volumen / alta frecuencia),Línea Estándar,Estándar Retail,289.43
2025-09,Sureste,CLI-172,Recurrente (bajo volumen / alta frecuencia),Línea Estándar,Estándar Retail,251.18
2025-10,Sureste,CLI-172,Recurrente (bajo volumen / alta frecuencia),Línea Estándar,Estándar Retail,260.36
2025-11,Sureste,CLI-172,Recurrente (bajo volumen / alta frecuencia),Línea Estándar,Estándar Retail,258.68
2026-01,Sureste,CLI-172,Recurrente (bajo volumen / alta frecuencia),Línea Estándar,Estándar Retail,243.09
2026-03,Sureste,CLI-172,Recurrente (bajo volumen / alta frecuencia),Línea Estándar,Estándar Retail,296.69
2026-04,Sureste,CLI-172,Recurrente (bajo volumen / alta frecuencia),Línea Estándar,Estándar Retail,268.31
2026-05,Sureste,CLI-172,Recurrente (bajo volumen / alta frecuencia),Línea Estándar,Estándar Retail,322.68
2026-06,Sureste,CLI-172,Recurrente (bajo volumen / alta frecuencia),Línea Estándar,Estándar Retail,319.48
2026-07,Sureste,CLI-172,Recurrente (bajo volumen / alta frecuencia),Línea Estándar,Estándar Retail,286.43
2025-01,Sureste,CLI-172,Recurrente (bajo volumen / alta frecuencia),Línea Estándar,Estándar Mayoreo,353.13
2025-02,Sureste,CLI-172,Recurrente (bajo volumen / alta frecuencia),Línea Estándar,Estándar Mayoreo,347.0
2025-03,Sureste,CLI-172,Recurrente (bajo volumen / alta frecuencia),Línea Estándar,Estándar Mayoreo,387.65
2025-05,Sureste,CLI-172,Recurrente (bajo volumen / alta frecuencia),Línea Estándar,Estándar Mayoreo,360.44
2025-06,Sureste,CLI-172,Recurrente (bajo volumen / alta frecuencia),Línea Estándar,Estándar Mayoreo,298.9
2025-07,Sureste,CLI-172,Recurrente (bajo volumen / alta frecuencia),Línea Estándar,Estándar Mayoreo,326.59
2025-08,Sureste,CLI-172,Recurrente (bajo volumen / alta frecuencia),Línea Estándar,Estándar Mayoreo,333.19
2025-09,Sureste,CLI-172,Recurrente (bajo volumen / alta frecuencia),Línea Estándar,Estándar Mayoreo,387.15
2025-10,Sureste,CLI-172,Recurrente (bajo volumen / alta frecuencia),Línea Estándar,Estándar Mayoreo,345.7
2025-11,Sureste,CLI-172,Recurrente (bajo volumen / alta frecuencia),Línea Estándar,Estándar Mayoreo,295.9
2025-12,Sureste,CLI-172,Recurrente (bajo volumen / alta frecuencia),Línea Estándar,Estándar Mayoreo,423.7
2026-01,Sureste,CLI-172,Recurrente (bajo volumen / alta frecuencia),Línea Estándar,Estándar Mayoreo,300.99
2026-02,Sureste,CLI-172,Recurrente (bajo volumen / alta frecuencia),Línea Estándar,Estándar Mayoreo,393.04
2026-03,Sureste,CLI-172,Recurrente (bajo volumen / alta frecuencia),Línea Estándar,Estándar Mayoreo,357.08
2026-05,Sureste,CLI-172,Recurrente (bajo volumen / alta frecuencia),Línea Estándar,Estándar Mayoreo,319.88
2026-06,Sureste,CLI-172,Recurrente (bajo volumen / alta frecuencia),Línea Estándar,Estándar Mayoreo,276.84
2026-07,Sureste,CLI-172,Recurrente (bajo volumen / alta frecuencia),Línea Estándar,Estándar Mayoreo,358.49
2026-08,Sureste,CLI-172,Recurrente (bajo volumen / alta frecuencia),Línea Estándar,Estándar Mayoreo,232.64
2025-04,Norte,CLI-173,Esporádico (bajo volumen / baja frecuencia),Línea Económica,Económica Promocional,175.48
2025-10,Norte,CLI-173,Esporádico (bajo volumen / baja frecuencia),Línea Económica,Económica Promocional,136.14
2025-11,Norte,CLI-173,Esporádico (bajo volumen / baja frecuencia),Línea Económica,Económica Promocional,177.92
2025-12,Norte,CLI-173,Esporádico (bajo volumen / baja frecuencia),Línea Económica,Económica Promocional,164.87
2026-01,Norte,CLI-173,Esporádico (bajo volumen / baja frecuencia),Línea Económica,Económica Promocional,148.98
2026-07,Norte,CLI-173,Esporádico (bajo volumen / baja frecuencia),Línea Económica,Económica Promocional,169.97
2025-01,Norte,CLI-174,VIP (alto volumen / alta frecuencia),Línea Estándar,Estándar Mayoreo,837.66
2025-02,Norte,CLI-174,VIP (alto volumen / alta frecuencia),Línea Estándar,Estándar Mayoreo,740.45
2025-03,Norte,CLI-174,VIP (alto volumen / alta frecuencia),Línea Estándar,Estándar Mayoreo,839.33
2025-04,Norte,CLI-174,VIP (alto volumen / alta frecuencia),Línea Estándar,Estándar Mayoreo,1072.69
2025-05,Norte,CLI-174,VIP (alto volumen / alta frecuencia),Línea Estándar,Estándar Mayoreo,1027.2
2025-06,Norte,CLI-174,VIP (alto volumen / alta frecuencia),Línea Estándar,Estándar Mayoreo,935.02
2025-07,Norte,CLI-174,VIP (alto volumen / alta frecuencia),Línea Estándar,Estándar Mayoreo,920.37
2025-08,Norte,CLI-174,VIP (alto volumen / alta frecuencia),Línea Estándar,Estándar Mayoreo,903.97
2025-09,Norte,CLI-174,VIP (alto volumen / alta frecuencia),Línea Estándar,Estándar Mayoreo,904.38
2025-10,Norte,CLI-174,VIP (alto volumen / alta frecuencia),Línea Estándar,Estándar Mayoreo,1072.34
2025-11,Norte,CLI-174,VIP (alto volumen / alta frecuencia),Línea Estándar,Estándar Mayoreo,1088.48
2025-12,Norte,CLI-174,VIP (alto volumen / alta frecuencia),Línea Estándar,Estándar Mayoreo,890.28
2026-01,Norte,CLI-174,VIP (alto volumen / alta frecuencia),Línea Estándar,Estándar Mayoreo,1037.82
2026-02,Norte,CLI-174,VIP (alto volumen / alta frecuencia),Línea Estándar,Estándar Mayoreo,922.12
2026-03,Norte,CLI-174,VIP (alto volumen / alta frecuencia),Línea Estándar,Estándar Mayoreo,901.36
2026-04,Norte,CLI-174,VIP (alto volumen / alta frecuencia),Línea Estándar,Estándar Mayoreo,1014.33
2026-06,Norte,CLI-174,VIP (alto volumen / alta frecuencia),Línea Estándar,Estándar Mayoreo,917.82
2026-07,Norte,CLI-174,VIP (alto volumen / alta frecuencia),Línea Estándar,Estándar Mayoreo,946.49
2026-08,Norte,CLI-174,VIP (alto volumen / alta frecuencia),Línea Estándar,Estándar Mayoreo,622.77
2025-01,Norte,CLI-174,VIP (alto volumen / alta frecuencia),Línea Premium,Premium Hogar,1054.49
2025-02,Norte,CLI-174,VIP (alto volumen / alta frecuencia),Línea Premium,Premium Hogar,1156.31
2025-03,Norte,CLI-174,VIP (alto volumen / alta frecuencia),Línea Premium,Premium Hogar,1012.85
2025-04,Norte,CLI-174,VIP (alto volumen / alta frecuencia),Línea Premium,Premium Hogar,1066.9
2025-05,Norte,CLI-174,VIP (alto volumen / alta frecuencia),Línea Premium,Premium Hogar,1102.5
2025-06,Norte,CLI-174,VIP (alto volumen / alta frecuencia),Línea Premium,Premium Hogar,1043.87
2025-07,Norte,CLI-174,VIP (alto volumen / alta frecuencia),Línea Premium,Premium Hogar,1140.83
2025-09,Norte,CLI-174,VIP (alto volumen / alta frecuencia),Línea Premium,Premium Hogar,1053.06
2025-10,Norte,CLI-174,VIP (alto volumen / alta frecuencia),Línea Premium,Premium Hogar,996.24
2025-11,Norte,CLI-174,VIP (alto volumen / alta frecuencia),Línea Premium,Premium Hogar,1303.25
2025-12,Norte,CLI-174,VIP (alto volumen / alta frecuencia),Línea Premium,Premium Hogar,1160.97
2026-01,Norte,CLI-174,VIP (alto volumen / alta frecuencia),Línea Premium,Premium Hogar,1206.07
2026-02,Norte,CLI-174,VIP (alto volumen / alta frecuencia),Línea Premium,Premium Hogar,818.44
2026-03,Norte,CLI-174,VIP (alto volumen / alta frecuencia),Línea Premium,Premium Hogar,1298.26
2026-04,Norte,CLI-174,VIP (alto volumen / alta frecuencia),Línea Premium,Premium Hogar,1414.52
2026-05,Norte,CLI-174,VIP (alto volumen / alta frecuencia),Línea Premium,Premium Hogar,1270.3
2026-06,Norte,CLI-174,VIP (alto volumen / alta frecuencia),Línea Premium,Premium Hogar,1047.75
2026-07,Norte,CLI-174,VIP (alto volumen / alta frecuencia),Línea Premium,Premium Hogar,1380.62
2026-08,Norte,CLI-174,VIP (alto volumen / alta frecuencia),Línea Premium,Premium Hogar,1215.26
2025-01,Norte,CLI-174,VIP (alto volumen / alta frecuencia),Línea Premium,Premium Exportación,1335.52
2025-02,Norte,CLI-174,VIP (alto volumen / alta frecuencia),Línea Premium,Premium Exportación,923.89
2025-04,Norte,CLI-174,VIP (alto volumen / alta frecuencia),Línea Premium,Premium Exportación,1146.47
2025-05,Norte,CLI-174,VIP (alto volumen / alta frecuencia),Línea Premium,Premium Exportación,1186.06
2025-06,Norte,CLI-174,VIP (alto volumen / alta frecuencia),Línea Premium,Premium Exportación,1249.46
2025-07,Norte,CLI-174,VIP (alto volumen / alta frecuencia),Línea Premium,Premium Exportación,1193.82
2025-08,Norte,CLI-174,VIP (alto volumen / alta frecuencia),Línea Premium,Premium Exportación,1221.73
2025-09,Norte,CLI-174,VIP (alto volumen / alta frecuencia),Línea Premium,Premium Exportación,990.77
2025-10,Norte,CLI-174,VIP (alto volumen / alta frecuencia),Línea Premium,Premium Exportación,1083.3
2025-11,Norte,CLI-174,VIP (alto volumen / alta frecuencia),Línea Premium,Premium Exportación,1273.64
2025-12,Norte,CLI-174,VIP (alto volumen / alta frecuencia),Línea Premium,Premium Exportación,1307.36
2026-01,Norte,CLI-174,VIP (alto volumen / alta frecuencia),Línea Premium,Premium Exportación,1393.82
2026-02,Norte,CLI-174,VIP (alto volumen / alta frecuencia),Línea Premium,Premium Exportación,1293.45
2026-03,Norte,CLI-174,VIP (alto volumen / alta frecuencia),Línea Premium,Premium Exportación,1601.77
2026-04,Norte,CLI-174,VIP (alto volumen / alta frecuencia),Línea Premium,Premium Exportación,1466.04
2026-05,Norte,CLI-174,VIP (alto volumen / alta frecuencia),Línea Premium,Premium Exportación,1161.48
2026-06,Norte,CLI-174,VIP (alto volumen / alta frecuencia),Línea Premium,Premium Exportación,1018.24
2026-07,Norte,CLI-174,VIP (alto volumen / alta frecuencia),Línea Premium,Premium Exportación,1398.0
2026-08,Norte,CLI-174,VIP (alto volumen / alta frecuencia),Línea Premium,Premium Exportación,1398.21
2025-01,Norte,CLI-174,VIP (alto volumen / alta frecuencia),Servicios postventa,Soporte y Mantenimiento,316.19
2025-02,Norte,CLI-174,VIP (alto volumen / alta frecuencia),Servicios postventa,Soporte y Mantenimiento,338.24
2025-03,Norte,CLI-174,VIP (alto volumen / alta frecuencia),Servicios postventa,Soporte y Mantenimiento,262.68
2025-04,Norte,CLI-174,VIP (alto volumen / alta frecuencia),Servicios postventa,Soporte y Mantenimiento,343.1
2025-05,Norte,CLI-174,VIP (alto volumen / alta frecuencia),Servicios postventa,Soporte y Mantenimiento,325.09
2025-06,Norte,CLI-174,VIP (alto volumen / alta frecuencia),Servicios postventa,Soporte y Mantenimiento,321.5
2025-07,Norte,CLI-174,VIP (alto volumen / alta frecuencia),Servicios postventa,Soporte y Mantenimiento,350.32
2025-08,Norte,CLI-174,VIP (alto volumen / alta frecuencia),Servicios postventa,Soporte y Mantenimiento,311.48
2025-09,Norte,CLI-174,VIP (alto volumen / alta frecuencia),Servicios postventa,Soporte y Mantenimiento,366.17
2025-10,Norte,CLI-174,VIP (alto volumen / alta frecuencia),Servicios postventa,Soporte y Mantenimiento,398.45
2025-11,Norte,CLI-174,VIP (alto volumen / alta frecuencia),Servicios postventa,Soporte y Mantenimiento,329.16
2026-01,Norte,CLI-174,VIP (alto volumen / alta frecuencia),Servicios postventa,Soporte y Mantenimiento,387.04
2026-02,Norte,CLI-174,VIP (alto volumen / alta frecuencia),Servicios postventa,Soporte y Mantenimiento,307.89
2026-04,Norte,CLI-174,VIP (alto volumen / alta frecuencia),Servicios postventa,Soporte y Mantenimiento,394.18
2026-06,Norte,CLI-174,VIP (alto volumen / alta frecuencia),Servicios postventa,Soporte y Mantenimiento,502.52
2026-07,Norte,CLI-174,VIP (alto volumen / alta frecuencia),Servicios postventa,Soporte y Mantenimiento,496.37
2026-08,Norte,CLI-174,VIP (alto volumen / alta frecuencia),Servicios postventa,Soporte y Mantenimiento,479.73
2025-01,Norte,CLI-174,VIP (alto volumen / alta frecuencia),Línea Económica,Económica Básica,454.09
2025-02,Norte,CLI-174,VIP (alto volumen / alta frecuencia),Línea Económica,Económica Básica,596.93
2025-04,Norte,CLI-174,VIP (alto volumen / alta frecuencia),Línea Económica,Económica Básica,436.75
2025-05,Norte,CLI-174,VIP (alto volumen / alta frecuencia),Línea Económica,Económica Básica,554.47
2025-06,Norte,CLI-174,VIP (alto volumen / alta frecuencia),Línea Económica,Económica Básica,534.27
2025-07,Norte,CLI-174,VIP (alto volumen / alta frecuencia),Línea Económica,Económica Básica,577.82
2025-08,Norte,CLI-174,VIP (alto volumen / alta frecuencia),Línea Económica,Económica Básica,556.97
2025-09,Norte,CLI-174,VIP (alto volumen / alta frecuencia),Línea Económica,Económica Básica,596.16
2025-10,Norte,CLI-174,VIP (alto volumen / alta frecuencia),Línea Económica,Económica Básica,592.59
2025-11,Norte,CLI-174,VIP (alto volumen / alta frecuencia),Línea Económica,Económica Básica,458.84
2025-12,Norte,CLI-174,VIP (alto volumen / alta frecuencia),Línea Económica,Económica Básica,619.44
2026-01,Norte,CLI-174,VIP (alto volumen / alta frecuencia),Línea Económica,Económica Básica,638.47
2026-02,Norte,CLI-174,VIP (alto volumen / alta frecuencia),Línea Económica,Económica Básica,640.99
2026-03,Norte,CLI-174,VIP (alto volumen / alta frecuencia),Línea Económica,Económica Básica,598.36
2026-04,Norte,CLI-174,VIP (alto volumen / alta frecuencia),Línea Económica,Económica Básica,522.33
2026-05,Norte,CLI-174,VIP (alto volumen / alta frecuencia),Línea Económica,Económica Básica,510.34
2026-06,Norte,CLI-174,VIP (alto volumen / alta frecuencia),Línea Económica,Económica Básica,674.24
2026-07,Norte,CLI-174,VIP (alto volumen / alta frecuencia),Línea Económica,Económica Básica,615.37
2026-08,Norte,CLI-174,VIP (alto volumen / alta frecuencia),Línea Económica,Económica Básica,621.25
2025-01,Norte,CLI-174,VIP (alto volumen / alta frecuencia),Línea Estándar,Estándar Retail,887.99
2025-02,Norte,CLI-174,VIP (alto volumen / alta frecuencia),Línea Estándar,Estándar Retail,800.42
2025-03,Norte,CLI-174,VIP (alto volumen / alta frecuencia),Línea Estándar,Estándar Retail,764.68
2025-04,Norte,CLI-174,VIP (alto volumen / alta frecuencia),Línea Estándar,Estándar Retail,943.74
2025-05,Norte,CLI-174,VIP (alto volumen / alta frecuencia),Línea Estándar,Estándar Retail,864.64
2025-06,Norte,CLI-174,VIP (alto volumen / alta frecuencia),Línea Estándar,Estándar Retail,845.37
2025-07,Norte,CLI-174,VIP (alto volumen / alta frecuencia),Línea Estándar,Estándar Retail,756.68
2025-08,Norte,CLI-174,VIP (alto volumen / alta frecuencia),Línea Estándar,Estándar Retail,726.95
2025-09,Norte,CLI-174,VIP (alto volumen / alta frecuencia),Línea Estándar,Estándar Retail,694.45
2025-10,Norte,CLI-174,VIP (alto volumen / alta frecuencia),Línea Estándar,Estándar Retail,990.47
2025-11,Norte,CLI-174,VIP (alto volumen / alta frecuencia),Línea Estándar,Estándar Retail,675.69
2025-12,Norte,CLI-174,VIP (alto volumen / alta frecuencia),Línea Estándar,Estándar Retail,719.2
2026-01,Norte,CLI-174,VIP (alto volumen / alta frecuencia),Línea Estándar,Estándar Retail,770.26
2026-02,Norte,CLI-174,VIP (alto volumen / alta frecuencia),Línea Estándar,Estándar Retail,578.01
2026-03,Norte,CLI-174,VIP (alto volumen / alta frecuencia),Línea Estándar,Estándar Retail,682.63
2026-04,Norte,CLI-174,VIP (alto volumen / alta frecuencia),Línea Estándar,Estándar Retail,635.42
2026-05,Norte,CLI-174,VIP (alto volumen / alta frecuencia),Línea Estándar,Estándar Retail,675.75
2026-06,Norte,CLI-174,VIP (alto volumen / alta frecuencia),Línea Estándar,Estándar Retail,871.34
2026-07,Norte,CLI-174,VIP (alto volumen / alta frecuencia),Línea Estándar,Estándar Retail,708.3
2026-08,Norte,CLI-174,VIP (alto volumen / alta frecuencia),Línea Estándar,Estándar Retail,799.06
2025-01,Norte,CLI-174,VIP (alto volumen / alta frecuencia),Línea Premium,Premium Oficina,923.63
2025-02,Norte,CLI-174,VIP (alto volumen / alta frecuencia),Línea Premium,Premium Oficina,1073.82
2025-03,Norte,CLI-174,VIP (alto volumen / alta frecuencia),Línea Premium,Premium Oficina,822.47
2025-04,Norte,CLI-174,VIP (alto volumen / alta frecuencia),Línea Premium,Premium Oficina,878.63
2025-06,Norte,CLI-174,VIP (alto volumen / alta frecuencia),Línea Premium,Premium Oficina,1031.02
2025-07,Norte,CLI-174,VIP (alto volumen / alta frecuencia),Línea Premium,Premium Oficina,1043.08
2025-08,Norte,CLI-174,VIP (alto volumen / alta frecuencia),Línea Premium,Premium Oficina,1198.95
2025-09,Norte,CLI-174,VIP (alto volumen / alta frecuencia),Línea Premium,Premium Oficina,842.71
2025-10,Norte,CLI-174,VIP (alto volumen / alta frecuencia),Línea Premium,Premium Oficina,1327.01
2025-11,Norte,CLI-174,VIP (alto volumen / alta frecuencia),Línea Premium,Premium Oficina,886.96
2025-12,Norte,CLI-174,VIP (alto volumen / alta frecuencia),Línea Premium,Premium Oficina,975.36
2026-01,Norte,CLI-174,VIP (alto volumen / alta frecuencia),Línea Premium,Premium Oficina,1062.48
2026-02,Norte,CLI-174,VIP (alto volumen / alta frecuencia),Línea Premium,Premium Oficina,926.57
2026-03,Norte,CLI-174,VIP (alto volumen / alta frecuencia),Línea Premium,Premium Oficina,935.32
2026-04,Norte,CLI-174,VIP (alto volumen / alta frecuencia),Línea Premium,Premium Oficina,1066.22
2026-05,Norte,CLI-174,VIP (alto volumen / alta frecuencia),Línea Premium,Premium Oficina,956.87
2026-07,Norte,CLI-174,VIP (alto volumen / alta frecuencia),Línea Premium,Premium Oficina,1175.54
2026-08,Norte,CLI-174,VIP (alto volumen / alta frecuencia),Línea Premium,Premium Oficina,1253.96
2025-02,Centro,CLI-175,Esporádico (bajo volumen / baja frecuencia),Línea Económica,Económica Básica,168.57
2025-06,Centro,CLI-175,Esporádico (bajo volumen / baja frecuencia),Línea Económica,Económica Básica,229.37
2025-10,Centro,CLI-175,Esporádico (bajo volumen / baja frecuencia),Línea Económica,Económica Básica,213.43
2026-01,Centro,CLI-175,Esporádico (bajo volumen / baja frecuencia),Línea Económica,Económica Básica,145.47
2026-06,Centro,CLI-175,Esporádico (bajo volumen / baja frecuencia),Línea Económica,Económica Promocional,178.8
2026-08,Centro,CLI-175,Esporádico (bajo volumen / baja frecuencia),Línea Económica,Económica Promocional,161.64
2025-02,Norte,CLI-176,Recurrente (bajo volumen / alta frecuencia),Línea Estándar,Estándar Retail,361.4
2025-04,Norte,CLI-176,Recurrente (bajo volumen / alta frecuencia),Línea Estándar,Estándar Retail,321.97
2025-05,Norte,CLI-176,Recurrente (bajo volumen / alta frecuencia),Línea Estándar,Estándar Retail,285.54
2025-06,Norte,CLI-176,Recurrente (bajo volumen / alta frecuencia),Línea Estándar,Estándar Retail,314.73
2025-07,Norte,CLI-176,Recurrente (bajo volumen / alta frecuencia),Línea Estándar,Estándar Retail,258.33
2025-08,Norte,CLI-176,Recurrente (bajo volumen / alta frecuencia),Línea Estándar,Estándar Retail,263.92
2025-09,Norte,CLI-176,Recurrente (bajo volumen / alta frecuencia),Línea Estándar,Estándar Retail,283.27
2025-10,Norte,CLI-176,Recurrente (bajo volumen / alta frecuencia),Línea Estándar,Estándar Retail,316.37
2025-11,Norte,CLI-176,Recurrente (bajo volumen / alta frecuencia),Línea Estándar,Estándar Retail,290.63
2025-12,Norte,CLI-176,Recurrente (bajo volumen / alta frecuencia),Línea Estándar,Estándar Retail,340.46
2026-01,Norte,CLI-176,Recurrente (bajo volumen / alta frecuencia),Línea Estándar,Estándar Retail,228.24
2026-02,Norte,CLI-176,Recurrente (bajo volumen / alta frecuencia),Línea Estándar,Estándar Retail,312.35
2026-03,Norte,CLI-176,Recurrente (bajo volumen / alta frecuencia),Línea Estándar,Estándar Retail,329.88
2026-04,Norte,CLI-176,Recurrente (bajo volumen / alta frecuencia),Línea Estándar,Estándar Retail,339.1
2026-05,Norte,CLI-176,Recurrente (bajo volumen / alta frecuencia),Línea Estándar,Estándar Retail,285.56
2026-07,Norte,CLI-176,Recurrente (bajo volumen / alta frecuencia),Línea Estándar,Estándar Retail,237.77
2025-01,Norte,CLI-176,Recurrente (bajo volumen / alta frecuencia),Línea Premium,Premium Hogar,389.85
2025-03,Norte,CLI-176,Recurrente (bajo volumen / alta frecuencia),Línea Premium,Premium Hogar,401.85
2025-04,Norte,CLI-176,Recurrente (bajo volumen / alta frecuencia),Línea Premium,Premium Hogar,412.67
2025-05,Norte,CLI-176,Recurrente (bajo volumen / alta frecuencia),Línea Premium,Premium Hogar,383.19
2025-06,Norte,CLI-176,Recurrente (bajo volumen / alta frecuencia),Línea Premium,Premium Hogar,413.73
2025-07,Norte,CLI-176,Recurrente (bajo volumen / alta frecuencia),Línea Premium,Premium Hogar,376.83
2025-08,Norte,CLI-176,Recurrente (bajo volumen / alta frecuencia),Línea Premium,Premium Hogar,330.08
2025-09,Norte,CLI-176,Recurrente (bajo volumen / alta frecuencia),Línea Premium,Premium Hogar,392.08
2025-11,Norte,CLI-176,Recurrente (bajo volumen / alta frecuencia),Línea Premium,Premium Hogar,443.34
2025-12,Norte,CLI-176,Recurrente (bajo volumen / alta frecuencia),Línea Premium,Premium Hogar,443.94
2026-02,Norte,CLI-176,Recurrente (bajo volumen / alta frecuencia),Línea Premium,Premium Hogar,446.73
2026-03,Norte,CLI-176,Recurrente (bajo volumen / alta frecuencia),Línea Premium,Premium Hogar,423.18
2026-04,Norte,CLI-176,Recurrente (bajo volumen / alta frecuencia),Línea Premium,Premium Hogar,467.46
2026-05,Norte,CLI-176,Recurrente (bajo volumen / alta frecuencia),Línea Premium,Premium Hogar,413.03
2026-06,Norte,CLI-176,Recurrente (bajo volumen / alta frecuencia),Línea Premium,Premium Hogar,433.13
2026-07,Norte,CLI-176,Recurrente (bajo volumen / alta frecuencia),Línea Premium,Premium Hogar,390.95
2026-08,Norte,CLI-176,Recurrente (bajo volumen / alta frecuencia),Línea Premium,Premium Hogar,471.47
2025-02,Norte,CLI-176,Recurrente (bajo volumen / alta frecuencia),Línea Económica,Económica Básica,236.72
2025-03,Norte,CLI-176,Recurrente (bajo volumen / alta frecuencia),Línea Económica,Económica Básica,260.17
2025-04,Norte,CLI-176,Recurrente (bajo volumen / alta frecuencia),Línea Económica,Económica Básica,267.06
2025-05,Norte,CLI-176,Recurrente (bajo volumen / alta frecuencia),Línea Económica,Económica Básica,224.89
2025-06,Norte,CLI-176,Recurrente (bajo volumen / alta frecuencia),Línea Económica,Económica Básica,174.42
2025-08,Norte,CLI-176,Recurrente (bajo volumen / alta frecuencia),Línea Económica,Económica Básica,224.43
2025-09,Norte,CLI-176,Recurrente (bajo volumen / alta frecuencia),Línea Económica,Económica Básica,250.88
2025-10,Norte,CLI-176,Recurrente (bajo volumen / alta frecuencia),Línea Económica,Económica Básica,221.8
2025-11,Norte,CLI-176,Recurrente (bajo volumen / alta frecuencia),Línea Económica,Económica Básica,225.45
2026-01,Norte,CLI-176,Recurrente (bajo volumen / alta frecuencia),Línea Económica,Económica Básica,215.96
2026-02,Norte,CLI-176,Recurrente (bajo volumen / alta frecuencia),Línea Económica,Económica Básica,211.4
2026-03,Norte,CLI-176,Recurrente (bajo volumen / alta frecuencia),Línea Económica,Económica Básica,234.7
2026-05,Norte,CLI-176,Recurrente (bajo volumen / alta frecuencia),Línea Económica,Económica Básica,208.38
2026-06,Norte,CLI-176,Recurrente (bajo volumen / alta frecuencia),Línea Económica,Económica Básica,264.4
2026-07,Norte,CLI-176,Recurrente (bajo volumen / alta frecuencia),Línea Económica,Económica Básica,204.08
2026-08,Norte,CLI-176,Recurrente (bajo volumen / alta frecuencia),Línea Económica,Económica Básica,253.28
2025-02,Norte,CLI-176,Recurrente (bajo volumen / alta frecuencia),Línea Premium,Premium Exportación,463.5
2025-03,Norte,CLI-176,Recurrente (bajo volumen / alta frecuencia),Línea Premium,Premium Exportación,407.1
2025-05,Norte,CLI-176,Recurrente (bajo volumen / alta frecuencia),Línea Premium,Premium Exportación,501.79
2025-06,Norte,CLI-176,Recurrente (bajo volumen / alta frecuencia),Línea Premium,Premium Exportación,587.66
2025-07,Norte,CLI-176,Recurrente (bajo volumen / alta frecuencia),Línea Premium,Premium Exportación,539.47
2025-09,Norte,CLI-176,Recurrente (bajo volumen / alta frecuencia),Línea Premium,Premium Exportación,527.01
2025-11,Norte,CLI-176,Recurrente (bajo volumen / alta frecuencia),Línea Premium,Premium Exportación,534.5
2025-12,Norte,CLI-176,Recurrente (bajo volumen / alta frecuencia),Línea Premium,Premium Exportación,568.93
2026-02,Norte,CLI-176,Recurrente (bajo volumen / alta frecuencia),Línea Premium,Premium Exportación,599.33
2026-03,Norte,CLI-176,Recurrente (bajo volumen / alta frecuencia),Línea Premium,Premium Exportación,508.97
2026-04,Norte,CLI-176,Recurrente (bajo volumen / alta frecuencia),Línea Premium,Premium Exportación,480.02
2026-05,Norte,CLI-176,Recurrente (bajo volumen / alta frecuencia),Línea Premium,Premium Exportación,611.06
2026-07,Norte,CLI-176,Recurrente (bajo volumen / alta frecuencia),Línea Premium,Premium Exportación,618.81
2026-08,Norte,CLI-176,Recurrente (bajo volumen / alta frecuencia),Línea Premium,Premium Exportación,581.32
2025-01,Norte,CLI-176,Recurrente (bajo volumen / alta frecuencia),Línea Económica,Económica Promocional,213.37
2025-02,Norte,CLI-176,Recurrente (bajo volumen / alta frecuencia),Línea Económica,Económica Promocional,254.48
2025-04,Norte,CLI-176,Recurrente (bajo volumen / alta frecuencia),Línea Económica,Económica Promocional,176.03
2025-05,Norte,CLI-176,Recurrente (bajo volumen / alta frecuencia),Línea Económica,Económica Promocional,144.55
2025-06,Norte,CLI-176,Recurrente (bajo volumen / alta frecuencia),Línea Económica,Económica Promocional,175.9
2025-07,Norte,CLI-176,Recurrente (bajo volumen / alta frecuencia),Línea Económica,Económica Promocional,202.66
2025-09,Norte,CLI-176,Recurrente (bajo volumen / alta frecuencia),Línea Económica,Económica Promocional,205.62
2025-10,Norte,CLI-176,Recurrente (bajo volumen / alta frecuencia),Línea Económica,Económica Promocional,168.21
2025-11,Norte,CLI-176,Recurrente (bajo volumen / alta frecuencia),Línea Económica,Económica Promocional,145.44
2025-12,Norte,CLI-176,Recurrente (bajo volumen / alta frecuencia),Línea Económica,Económica Promocional,165.62
2026-01,Norte,CLI-176,Recurrente (bajo volumen / alta frecuencia),Línea Económica,Económica Promocional,205.48
2026-02,Norte,CLI-176,Recurrente (bajo volumen / alta frecuencia),Línea Económica,Económica Promocional,162.64
2026-03,Norte,CLI-176,Recurrente (bajo volumen / alta frecuencia),Línea Económica,Económica Promocional,175.11
2026-05,Norte,CLI-176,Recurrente (bajo volumen / alta frecuencia),Línea Económica,Económica Promocional,196.93
2026-06,Norte,CLI-176,Recurrente (bajo volumen / alta frecuencia),Línea Económica,Económica Promocional,198.73
2026-07,Norte,CLI-176,Recurrente (bajo volumen / alta frecuencia),Línea Económica,Económica Promocional,170.19
2026-08,Norte,CLI-176,Recurrente (bajo volumen / alta frecuencia),Línea Económica,Económica Promocional,188.22
2025-04,Occidente,CLI-177,Ocasional (alto volumen / baja frecuencia),Servicios postventa,Soporte y Mantenimiento,356.85
2025-05,Occidente,CLI-177,Ocasional (alto volumen / baja frecuencia),Servicios postventa,Soporte y Mantenimiento,267.27
2025-09,Occidente,CLI-177,Ocasional (alto volumen / baja frecuencia),Servicios postventa,Soporte y Mantenimiento,302.15
2025-11,Occidente,CLI-177,Ocasional (alto volumen / baja frecuencia),Servicios postventa,Soporte y Mantenimiento,344.52
2026-01,Occidente,CLI-177,Ocasional (alto volumen / baja frecuencia),Servicios postventa,Soporte y Mantenimiento,293.98
2026-04,Occidente,CLI-177,Ocasional (alto volumen / baja frecuencia),Servicios postventa,Soporte y Mantenimiento,379.95
2025-03,Occidente,CLI-177,Ocasional (alto volumen / baja frecuencia),Línea Estándar,Estándar Retail,640.1
2025-05,Occidente,CLI-177,Ocasional (alto volumen / baja frecuencia),Línea Estándar,Estándar Retail,847.95
2025-06,Occidente,CLI-177,Ocasional (alto volumen / baja frecuencia),Línea Estándar,Estándar Retail,681.11
2025-11,Occidente,CLI-177,Ocasional (alto volumen / baja frecuencia),Línea Estándar,Estándar Retail,818.55
2026-04,Occidente,CLI-177,Ocasional (alto volumen / baja frecuencia),Línea Estándar,Estándar Retail,922.54
2026-07,Occidente,CLI-177,Ocasional (alto volumen / baja frecuencia),Línea Estándar,Estándar Retail,877.15
2025-01,Occidente,CLI-177,Ocasional (alto volumen / baja frecuencia),Línea Estándar,Estándar Mayoreo,877.04
2025-03,Occidente,CLI-177,Ocasional (alto volumen / baja frecuencia),Línea Estándar,Estándar Mayoreo,910.16
2025-07,Occidente,CLI-177,Ocasional (alto volumen / baja frecuencia),Línea Estándar,Estándar Mayoreo,1075.65
2025-09,Occidente,CLI-177,Ocasional (alto volumen / baja frecuencia),Línea Estándar,Estándar Mayoreo,970.3
2025-10,Occidente,CLI-177,Ocasional (alto volumen / baja frecuencia),Línea Estándar,Estándar Mayoreo,1113.07
2025-11,Occidente,CLI-177,Ocasional (alto volumen / baja frecuencia),Línea Estándar,Estándar Mayoreo,823.45
2026-05,Occidente,CLI-177,Ocasional (alto volumen / baja frecuencia),Línea Estándar,Estándar Mayoreo,828.82
2026-06,Occidente,CLI-177,Ocasional (alto volumen / baja frecuencia),Línea Estándar,Estándar Mayoreo,962.57
2025-01,Occidente,CLI-177,Ocasional (alto volumen / baja frecuencia),Línea Premium,Premium Exportación,906.79
2025-03,Occidente,CLI-177,Ocasional (alto volumen / baja frecuencia),Línea Premium,Premium Exportación,1371.26
2025-06,Occidente,CLI-177,Ocasional (alto volumen / baja frecuencia),Línea Premium,Premium Exportación,1282.44
2025-11,Occidente,CLI-177,Ocasional (alto volumen / baja frecuencia),Línea Premium,Premium Exportación,1561.21
2026-01,Occidente,CLI-177,Ocasional (alto volumen / baja frecuencia),Línea Premium,Premium Exportación,1435.29
2026-06,Occidente,CLI-177,Ocasional (alto volumen / baja frecuencia),Línea Premium,Premium Exportación,1633.07
2026-07,Occidente,CLI-177,Ocasional (alto volumen / baja frecuencia),Línea Premium,Premium Exportación,1534.0
2025-03,Sureste,CLI-178,Ocasional (alto volumen / baja frecuencia),Línea Premium,Premium Exportación,1028.32
2025-11,Sureste,CLI-178,Ocasional (alto volumen / baja frecuencia),Línea Premium,Premium Exportación,1106.22
2026-01,Sureste,CLI-178,Ocasional (alto volumen / baja frecuencia),Línea Premium,Premium Exportación,1205.08
2026-06,Sureste,CLI-178,Ocasional (alto volumen / baja frecuencia),Línea Premium,Premium Exportación,1292.77
2026-07,Sureste,CLI-178,Ocasional (alto volumen / baja frecuencia),Línea Premium,Premium Exportación,1103.11
2025-05,Sureste,CLI-178,Ocasional (alto volumen / baja frecuencia),Línea Económica,Económica Promocional,421.7
2025-07,Sureste,CLI-178,Ocasional (alto volumen / baja frecuencia),Línea Económica,Económica Promocional,325.81
2025-10,Sureste,CLI-178,Ocasional (alto volumen / baja frecuencia),Línea Económica,Económica Promocional,377.21
2026-04,Sureste,CLI-178,Ocasional (alto volumen / baja frecuencia),Línea Económica,Económica Promocional,381.9
2026-08,Sureste,CLI-178,Ocasional (alto volumen / baja frecuencia),Línea Económica,Económica Promocional,306.15
2025-09,Sureste,CLI-178,Ocasional (alto volumen / baja frecuencia),Línea Premium,Premium Hogar,1066.42
2025-10,Sureste,CLI-178,Ocasional (alto volumen / baja frecuencia),Línea Premium,Premium Hogar,784.82
2026-02,Sureste,CLI-178,Ocasional (alto volumen / baja frecuencia),Línea Premium,Premium Hogar,1158.62
2026-04,Sureste,CLI-178,Ocasional (alto volumen / baja frecuencia),Línea Premium,Premium Hogar,945.21
2026-07,Sureste,CLI-178,Ocasional (alto volumen / baja frecuencia),Línea Premium,Premium Hogar,1264.77
2025-03,Sureste,CLI-178,Ocasional (alto volumen / baja frecuencia),Línea Premium,Premium Oficina,669.14
2025-04,Sureste,CLI-178,Ocasional (alto volumen / baja frecuencia),Línea Premium,Premium Oficina,695.94
2025-06,Sureste,CLI-178,Ocasional (alto volumen / baja frecuencia),Línea Premium,Premium Oficina,815.81
2025-07,Sureste,CLI-178,Ocasional (alto volumen / baja frecuencia),Línea Premium,Premium Oficina,749.57
2025-08,Sureste,CLI-178,Ocasional (alto volumen / baja frecuencia),Línea Premium,Premium Oficina,689.34
2025-12,Sureste,CLI-178,Ocasional (alto volumen / baja frecuencia),Línea Premium,Premium Oficina,689.33
2026-04,Sureste,CLI-178,Ocasional (alto volumen / baja frecuencia),Línea Premium,Premium Oficina,882.48
2026-05,Sureste,CLI-178,Ocasional (alto volumen / baja frecuencia),Línea Premium,Premium Oficina,743.51
2026-08,Sureste,CLI-178,Ocasional (alto volumen / baja frecuencia),Línea Premium,Premium Oficina,731.97
2025-01,Sureste,CLI-179,Esporádico (bajo volumen / baja frecuencia),Línea Económica,Económica Básica,175.69
2026-06,Sureste,CLI-179,Esporádico (bajo volumen / baja frecuencia),Línea Económica,Económica Básica,153.75
2026-08,Sureste,CLI-179,Esporádico (bajo volumen / baja frecuencia),Línea Económica,Económica Básica,175.98
2025-01,Occidente,CLI-180,VIP (alto volumen / alta frecuencia),Línea Premium,Premium Exportación,951.64
2025-04,Occidente,CLI-180,VIP (alto volumen / alta frecuencia),Línea Premium,Premium Exportación,1015.67
2025-05,Occidente,CLI-180,VIP (alto volumen / alta frecuencia),Línea Premium,Premium Exportación,1193.54
2025-06,Occidente,CLI-180,VIP (alto volumen / alta frecuencia),Línea Premium,Premium Exportación,1069.49
2025-07,Occidente,CLI-180,VIP (alto volumen / alta frecuencia),Línea Premium,Premium Exportación,1243.01
2025-08,Occidente,CLI-180,VIP (alto volumen / alta frecuencia),Línea Premium,Premium Exportación,1064.61
2025-09,Occidente,CLI-180,VIP (alto volumen / alta frecuencia),Línea Premium,Premium Exportación,924.11
2025-10,Occidente,CLI-180,VIP (alto volumen / alta frecuencia),Línea Premium,Premium Exportación,1251.62
2025-11,Occidente,CLI-180,VIP (alto volumen / alta frecuencia),Línea Premium,Premium Exportación,1120.21
2025-12,Occidente,CLI-180,VIP (alto volumen / alta frecuencia),Línea Premium,Premium Exportación,974.71
2026-01,Occidente,CLI-180,VIP (alto volumen / alta frecuencia),Línea Premium,Premium Exportación,1064.93
2026-02,Occidente,CLI-180,VIP (alto volumen / alta frecuencia),Línea Premium,Premium Exportación,1111.18
2026-03,Occidente,CLI-180,VIP (alto volumen / alta frecuencia),Línea Premium,Premium Exportación,1080.29
2026-05,Occidente,CLI-180,VIP (alto volumen / alta frecuencia),Línea Premium,Premium Exportación,1255.91
2026-06,Occidente,CLI-180,VIP (alto volumen / alta frecuencia),Línea Premium,Premium Exportación,1390.05
2026-07,Occidente,CLI-180,VIP (alto volumen / alta frecuencia),Línea Premium,Premium Exportación,1334.93
2026-08,Occidente,CLI-180,VIP (alto volumen / alta frecuencia),Línea Premium,Premium Exportación,1049.03
2025-01,Occidente,CLI-180,VIP (alto volumen / alta frecuencia),Línea Premium,Premium Hogar,1003.62
2025-02,Occidente,CLI-180,VIP (alto volumen / alta frecuencia),Línea Premium,Premium Hogar,1092.52
2025-03,Occidente,CLI-180,VIP (alto volumen / alta frecuencia),Línea Premium,Premium Hogar,946.71
2025-04,Occidente,CLI-180,VIP (alto volumen / alta frecuencia),Línea Premium,Premium Hogar,1120.69
2025-05,Occidente,CLI-180,VIP (alto volumen / alta frecuencia),Línea Premium,Premium Hogar,958.73
2025-06,Occidente,CLI-180,VIP (alto volumen / alta frecuencia),Línea Premium,Premium Hogar,1054.61
2025-07,Occidente,CLI-180,VIP (alto volumen / alta frecuencia),Línea Premium,Premium Hogar,999.5
2025-08,Occidente,CLI-180,VIP (alto volumen / alta frecuencia),Línea Premium,Premium Hogar,959.13
2025-09,Occidente,CLI-180,VIP (alto volumen / alta frecuencia),Línea Premium,Premium Hogar,1263.58
2025-11,Occidente,CLI-180,VIP (alto volumen / alta frecuencia),Línea Premium,Premium Hogar,973.03
2025-12,Occidente,CLI-180,VIP (alto volumen / alta frecuencia),Línea Premium,Premium Hogar,912.59
2026-01,Occidente,CLI-180,VIP (alto volumen / alta frecuencia),Línea Premium,Premium Hogar,1056.63
2026-02,Occidente,CLI-180,VIP (alto volumen / alta frecuencia),Línea Premium,Premium Hogar,1081.25
2026-03,Occidente,CLI-180,VIP (alto volumen / alta frecuencia),Línea Premium,Premium Hogar,1116.7
2026-04,Occidente,CLI-180,VIP (alto volumen / alta frecuencia),Línea Premium,Premium Hogar,1036.15
2026-05,Occidente,CLI-180,VIP (alto volumen / alta frecuencia),Línea Premium,Premium Hogar,1033.84
2026-06,Occidente,CLI-180,VIP (alto volumen / alta frecuencia),Línea Premium,Premium Hogar,1223.28
2026-07,Occidente,CLI-180,VIP (alto volumen / alta frecuencia),Línea Premium,Premium Hogar,895.1
2026-08,Occidente,CLI-180,VIP (alto volumen / alta frecuencia),Línea Premium,Premium Hogar,1264.91
2025-01,Occidente,CLI-180,VIP (alto volumen / alta frecuencia),Línea Estándar,Estándar Mayoreo,950.44
2025-02,Occidente,CLI-180,VIP (alto volumen / alta frecuencia),Línea Estándar,Estándar Mayoreo,733.2
2025-04,Occidente,CLI-180,VIP (alto volumen / alta frecuencia),Línea Estándar,Estándar Mayoreo,883.09
2025-05,Occidente,CLI-180,VIP (alto volumen / alta frecuencia),Línea Estándar,Estándar Mayoreo,794.39
2025-06,Occidente,CLI-180,VIP (alto volumen / alta frecuencia),Línea Estándar,Estándar Mayoreo,981.0
2025-07,Occidente,CLI-180,VIP (alto volumen / alta frecuencia),Línea Estándar,Estándar Mayoreo,1006.58
2025-09,Occidente,CLI-180,VIP (alto volumen / alta frecuencia),Línea Estándar,Estándar Mayoreo,954.52
2025-10,Occidente,CLI-180,VIP (alto volumen / alta frecuencia),Línea Estándar,Estándar Mayoreo,963.48
2025-11,Occidente,CLI-180,VIP (alto volumen / alta frecuencia),Línea Estándar,Estándar Mayoreo,920.06
2025-12,Occidente,CLI-180,VIP (alto volumen / alta frecuencia),Línea Estándar,Estándar Mayoreo,1109.62
2026-01,Occidente,CLI-180,VIP (alto volumen / alta frecuencia),Línea Estándar,Estándar Mayoreo,989.62
2026-02,Occidente,CLI-180,VIP (alto volumen / alta frecuencia),Línea Estándar,Estándar Mayoreo,881.47
2026-03,Occidente,CLI-180,VIP (alto volumen / alta frecuencia),Línea Estándar,Estándar Mayoreo,1040.79
2026-04,Occidente,CLI-180,VIP (alto volumen / alta frecuencia),Línea Estándar,Estándar Mayoreo,1106.16
2026-05,Occidente,CLI-180,VIP (alto volumen / alta frecuencia),Línea Estándar,Estándar Mayoreo,965.41
2026-06,Occidente,CLI-180,VIP (alto volumen / alta frecuencia),Línea Estándar,Estándar Mayoreo,951.72
2026-07,Occidente,CLI-180,VIP (alto volumen / alta frecuencia),Línea Estándar,Estándar Mayoreo,774.69
2026-08,Occidente,CLI-180,VIP (alto volumen / alta frecuencia),Línea Estándar,Estándar Mayoreo,540.95
2025-01,Occidente,CLI-180,VIP (alto volumen / alta frecuencia),Línea Estándar,Estándar Retail,805.37
2025-02,Occidente,CLI-180,VIP (alto volumen / alta frecuencia),Línea Estándar,Estándar Retail,743.8
2025-03,Occidente,CLI-180,VIP (alto volumen / alta frecuencia),Línea Estándar,Estándar Retail,716.97
2025-04,Occidente,CLI-180,VIP (alto volumen / alta frecuencia),Línea Estándar,Estándar Retail,818.22
2025-05,Occidente,CLI-180,VIP (alto volumen / alta frecuencia),Línea Estándar,Estándar Retail,733.22
2025-06,Occidente,CLI-180,VIP (alto volumen / alta frecuencia),Línea Estándar,Estándar Retail,651.21
2025-07,Occidente,CLI-180,VIP (alto volumen / alta frecuencia),Línea Estándar,Estándar Retail,779.18
2025-08,Occidente,CLI-180,VIP (alto volumen / alta frecuencia),Línea Estándar,Estándar Retail,727.55
2025-10,Occidente,CLI-180,VIP (alto volumen / alta frecuencia),Línea Estándar,Estándar Retail,528.88
2025-11,Occidente,CLI-180,VIP (alto volumen / alta frecuencia),Línea Estándar,Estándar Retail,756.98
2025-12,Occidente,CLI-180,VIP (alto volumen / alta frecuencia),Línea Estándar,Estándar Retail,833.02
2026-01,Occidente,CLI-180,VIP (alto volumen / alta frecuencia),Línea Estándar,Estándar Retail,733.68
2026-02,Occidente,CLI-180,VIP (alto volumen / alta frecuencia),Línea Estándar,Estándar Retail,756.54
2026-03,Occidente,CLI-180,VIP (alto volumen / alta frecuencia),Línea Estándar,Estándar Retail,799.71
2026-04,Occidente,CLI-180,VIP (alto volumen / alta frecuencia),Línea Estándar,Estándar Retail,925.91
2026-05,Occidente,CLI-180,VIP (alto volumen / alta frecuencia),Línea Estándar,Estándar Retail,706.46
2026-06,Occidente,CLI-180,VIP (alto volumen / alta frecuencia),Línea Estándar,Estándar Retail,814.82
2026-07,Occidente,CLI-180,VIP (alto volumen / alta frecuencia),Línea Estándar,Estándar Retail,688.53
2026-08,Occidente,CLI-180,VIP (alto volumen / alta frecuencia),Línea Estándar,Estándar Retail,861.74
2025-01,Occidente,CLI-180,VIP (alto volumen / alta frecuencia),Línea Premium,Premium Oficina,719.93
2025-02,Occidente,CLI-180,VIP (alto volumen / alta frecuencia),Línea Premium,Premium Oficina,1090.6
2025-03,Occidente,CLI-180,VIP (alto volumen / alta frecuencia),Línea Premium,Premium Oficina,1084.6
2025-04,Occidente,CLI-180,VIP (alto volumen / alta frecuencia),Línea Premium,Premium Oficina,757.37
2025-05,Occidente,CLI-180,VIP (alto volumen / alta frecuencia),Línea Premium,Premium Oficina,1036.44
2025-06,Occidente,CLI-180,VIP (alto volumen / alta frecuencia),Línea Premium,Premium Oficina,741.07
2025-07,Occidente,CLI-180,VIP (alto volumen / alta frecuencia),Línea Premium,Premium Oficina,944.21
2025-08,Occidente,CLI-180,VIP (alto volumen / alta frecuencia),Línea Premium,Premium Oficina,1185.17
2025-09,Occidente,CLI-180,VIP (alto volumen / alta frecuencia),Línea Premium,Premium Oficina,1096.69
2025-10,Occidente,CLI-180,VIP (alto volumen / alta frecuencia),Línea Premium,Premium Oficina,1222.84
2025-11,Occidente,CLI-180,VIP (alto volumen / alta frecuencia),Línea Premium,Premium Oficina,1073.7
2025-12,Occidente,CLI-180,VIP (alto volumen / alta frecuencia),Línea Premium,Premium Oficina,1178.75
2026-01,Occidente,CLI-180,VIP (alto volumen / alta frecuencia),Línea Premium,Premium Oficina,1339.45
2026-03,Occidente,CLI-180,VIP (alto volumen / alta frecuencia),Línea Premium,Premium Oficina,1257.87
2026-04,Occidente,CLI-180,VIP (alto volumen / alta frecuencia),Línea Premium,Premium Oficina,1148.58
2026-05,Occidente,CLI-180,VIP (alto volumen / alta frecuencia),Línea Premium,Premium Oficina,1482.2
2026-06,Occidente,CLI-180,VIP (alto volumen / alta frecuencia),Línea Premium,Premium Oficina,1244.94
2026-07,Occidente,CLI-180,VIP (alto volumen / alta frecuencia),Línea Premium,Premium Oficina,1364.28
2026-08,Occidente,CLI-180,VIP (alto volumen / alta frecuencia),Línea Premium,Premium Oficina,1215.73
2025-01,Occidente,CLI-180,VIP (alto volumen / alta frecuencia),Servicios postventa,Soporte y Mantenimiento,229.41
2025-02,Occidente,CLI-180,VIP (alto volumen / alta frecuencia),Servicios postventa,Soporte y Mantenimiento,279.64
2025-03,Occidente,CLI-180,VIP (alto volumen / alta frecuencia),Servicios postventa,Soporte y Mantenimiento,258.53
2025-04,Occidente,CLI-180,VIP (alto volumen / alta frecuencia),Servicios postventa,Soporte y Mantenimiento,289.96
2025-05,Occidente,CLI-180,VIP (alto volumen / alta frecuencia),Servicios postventa,Soporte y Mantenimiento,300.14
2025-06,Occidente,CLI-180,VIP (alto volumen / alta frecuencia),Servicios postventa,Soporte y Mantenimiento,260.21
2025-07,Occidente,CLI-180,VIP (alto volumen / alta frecuencia),Servicios postventa,Soporte y Mantenimiento,341.82
2025-08,Occidente,CLI-180,VIP (alto volumen / alta frecuencia),Servicios postventa,Soporte y Mantenimiento,316.89
2025-09,Occidente,CLI-180,VIP (alto volumen / alta frecuencia),Servicios postventa,Soporte y Mantenimiento,276.26
2025-10,Occidente,CLI-180,VIP (alto volumen / alta frecuencia),Servicios postventa,Soporte y Mantenimiento,320.11
2025-11,Occidente,CLI-180,VIP (alto volumen / alta frecuencia),Servicios postventa,Soporte y Mantenimiento,315.65
2025-12,Occidente,CLI-180,VIP (alto volumen / alta frecuencia),Servicios postventa,Soporte y Mantenimiento,319.87
2026-01,Occidente,CLI-180,VIP (alto volumen / alta frecuencia),Servicios postventa,Soporte y Mantenimiento,330.84
2026-02,Occidente,CLI-180,VIP (alto volumen / alta frecuencia),Servicios postventa,Soporte y Mantenimiento,377.14
2026-03,Occidente,CLI-180,VIP (alto volumen / alta frecuencia),Servicios postventa,Soporte y Mantenimiento,347.94
2026-04,Occidente,CLI-180,VIP (alto volumen / alta frecuencia),Servicios postventa,Soporte y Mantenimiento,362.55
2026-05,Occidente,CLI-180,VIP (alto volumen / alta frecuencia),Servicios postventa,Soporte y Mantenimiento,320.8
2026-06,Occidente,CLI-180,VIP (alto volumen / alta frecuencia),Servicios postventa,Soporte y Mantenimiento,267.25
2026-07,Occidente,CLI-180,VIP (alto volumen / alta frecuencia),Servicios postventa,Soporte y Mantenimiento,313.51
2026-08,Occidente,CLI-180,VIP (alto volumen / alta frecuencia),Servicios postventa,Soporte y Mantenimiento,382.32
2025-01,Occidente,CLI-180,VIP (alto volumen / alta frecuencia),Línea Económica,Económica Promocional,514.56
2025-02,Occidente,CLI-180,VIP (alto volumen / alta frecuencia),Línea Económica,Económica Promocional,516.33
2025-03,Occidente,CLI-180,VIP (alto volumen / alta frecuencia),Línea Económica,Económica Promocional,407.65
2025-04,Occidente,CLI-180,VIP (alto volumen / alta frecuencia),Línea Económica,Económica Promocional,485.67
2025-05,Occidente,CLI-180,VIP (alto volumen / alta frecuencia),Línea Económica,Económica Promocional,513.02
2025-06,Occidente,CLI-180,VIP (alto volumen / alta frecuencia),Línea Económica,Económica Promocional,390.52
2025-08,Occidente,CLI-180,VIP (alto volumen / alta frecuencia),Línea Económica,Económica Promocional,470.66
2025-09,Occidente,CLI-180,VIP (alto volumen / alta frecuencia),Línea Económica,Económica Promocional,506.53
2025-10,Occidente,CLI-180,VIP (alto volumen / alta frecuencia),Línea Económica,Económica Promocional,455.82
2025-11,Occidente,CLI-180,VIP (alto volumen / alta frecuencia),Línea Económica,Económica Promocional,346.1
2026-01,Occidente,CLI-180,VIP (alto volumen / alta frecuencia),Línea Económica,Económica Promocional,343.51
2026-03,Occidente,CLI-180,VIP (alto volumen / alta frecuencia),Línea Económica,Económica Promocional,425.58
2026-05,Occidente,CLI-180,VIP (alto volumen / alta frecuencia),Línea Económica,Económica Promocional,390.4
2026-06,Occidente,CLI-180,VIP (alto volumen / alta frecuencia),Línea Económica,Económica Promocional,355.15
2026-07,Occidente,CLI-180,VIP (alto volumen / alta frecuencia),Línea Económica,Económica Promocional,326.51
2026-08,Occidente,CLI-180,VIP (alto volumen / alta frecuencia),Línea Económica,Económica Promocional,304.15
2025-01,Occidente,CLI-180,VIP (alto volumen / alta frecuencia),Línea Económica,Económica Básica,470.89
2025-02,Occidente,CLI-180,VIP (alto volumen / alta frecuencia),Línea Económica,Económica Básica,648.22
2025-03,Occidente,CLI-180,VIP (alto volumen / alta frecuencia),Línea Económica,Económica Básica,606.0
2025-04,Occidente,CLI-180,VIP (alto volumen / alta frecuencia),Línea Económica,Económica Básica,607.08
2025-05,Occidente,CLI-180,VIP (alto volumen / alta frecuencia),Línea Económica,Económica Básica,591.91
2025-06,Occidente,CLI-180,VIP (alto volumen / alta frecuencia),Línea Económica,Económica Básica,681.4
2025-08,Occidente,CLI-180,VIP (alto volumen / alta frecuencia),Línea Económica,Económica Básica,613.42
2025-09,Occidente,CLI-180,VIP (alto volumen / alta frecuencia),Línea Económica,Económica Básica,559.64
2025-10,Occidente,CLI-180,VIP (alto volumen / alta frecuencia),Línea Económica,Económica Básica,553.79
2025-11,Occidente,CLI-180,VIP (alto volumen / alta frecuencia),Línea Económica,Económica Básica,430.37
2025-12,Occidente,CLI-180,VIP (alto volumen / alta frecuencia),Línea Económica,Económica Básica,546.58
2026-02,Occidente,CLI-180,VIP (alto volumen / alta frecuencia),Línea Económica,Económica Básica,611.76
2026-03,Occidente,CLI-180,VIP (alto volumen / alta frecuencia),Línea Económica,Económica Básica,573.23
2026-04,Occidente,CLI-180,VIP (alto volumen / alta frecuencia),Línea Económica,Económica Básica,575.06
2026-05,Occidente,CLI-180,VIP (alto volumen / alta frecuencia),Línea Económica,Económica Básica,505.43
2026-06,Occidente,CLI-180,VIP (alto volumen / alta frecuencia),Línea Económica,Económica Básica,490.72
2026-07,Occidente,CLI-180,VIP (alto volumen / alta frecuencia),Línea Económica,Económica Básica,544.39
2026-08,Occidente,CLI-180,VIP (alto volumen / alta frecuencia),Línea Económica,Económica Básica,564.6
2025-04,Sureste,CLI-181,Esporádico (bajo volumen / baja frecuencia),Línea Económica,Económica Básica,193.54
2025-01,Norte,CLI-182,VIP (alto volumen / alta frecuencia),Línea Premium,Premium Oficina,917.87
2025-02,Norte,CLI-182,VIP (alto volumen / alta frecuencia),Línea Premium,Premium Oficina,823.02
2025-03,Norte,CLI-182,VIP (alto volumen / alta frecuencia),Línea Premium,Premium Oficina,1011.04
2025-04,Norte,CLI-182,VIP (alto volumen / alta frecuencia),Línea Premium,Premium Oficina,1132.68
2025-05,Norte,CLI-182,VIP (alto volumen / alta frecuencia),Línea Premium,Premium Oficina,1365.65
2025-06,Norte,CLI-182,VIP (alto volumen / alta frecuencia),Línea Premium,Premium Oficina,1003.08
2025-07,Norte,CLI-182,VIP (alto volumen / alta frecuencia),Línea Premium,Premium Oficina,918.63
2025-08,Norte,CLI-182,VIP (alto volumen / alta frecuencia),Línea Premium,Premium Oficina,948.79
2025-09,Norte,CLI-182,VIP (alto volumen / alta frecuencia),Línea Premium,Premium Oficina,950.97
2025-10,Norte,CLI-182,VIP (alto volumen / alta frecuencia),Línea Premium,Premium Oficina,1117.96
2025-11,Norte,CLI-182,VIP (alto volumen / alta frecuencia),Línea Premium,Premium Oficina,1015.56
2026-01,Norte,CLI-182,VIP (alto volumen / alta frecuencia),Línea Premium,Premium Oficina,1248.15
2026-02,Norte,CLI-182,VIP (alto volumen / alta frecuencia),Línea Premium,Premium Oficina,1003.0
2026-03,Norte,CLI-182,VIP (alto volumen / alta frecuencia),Línea Premium,Premium Oficina,1239.4
2026-05,Norte,CLI-182,VIP (alto volumen / alta frecuencia),Línea Premium,Premium Oficina,1133.3
2026-06,Norte,CLI-182,VIP (alto volumen / alta frecuencia),Línea Premium,Premium Oficina,1287.98
2026-07,Norte,CLI-182,VIP (alto volumen / alta frecuencia),Línea Premium,Premium Oficina,1271.3
2025-01,Norte,CLI-182,VIP (alto volumen / alta frecuencia),Línea Económica,Económica Promocional,562.54
2025-04,Norte,CLI-182,VIP (alto volumen / alta frecuencia),Línea Económica,Económica Promocional,550.31
2025-05,Norte,CLI-182,VIP (alto volumen / alta frecuencia),Línea Económica,Económica Promocional,502.65
2025-07,Norte,CLI-182,VIP (alto volumen / alta frecuencia),Línea Económica,Económica Promocional,561.67
2025-08,Norte,CLI-182,VIP (alto volumen / alta frecuencia),Línea Económica,Económica Promocional,482.45
2025-09,Norte,CLI-182,VIP (alto volumen / alta frecuencia),Línea Económica,Económica Promocional,472.13
2025-10,Norte,CLI-182,VIP (alto volumen / alta frecuencia),Línea Económica,Económica Promocional,522.74
2025-11,Norte,CLI-182,VIP (alto volumen / alta frecuencia),Línea Económica,Económica Promocional,664.17
2025-12,Norte,CLI-182,VIP (alto volumen / alta frecuencia),Línea Económica,Económica Promocional,479.59
2026-01,Norte,CLI-182,VIP (alto volumen / alta frecuencia),Línea Económica,Económica Promocional,490.44
2026-02,Norte,CLI-182,VIP (alto volumen / alta frecuencia),Línea Económica,Económica Promocional,376.57
2026-04,Norte,CLI-182,VIP (alto volumen / alta frecuencia),Línea Económica,Económica Promocional,397.14
2026-05,Norte,CLI-182,VIP (alto volumen / alta frecuencia),Línea Económica,Económica Promocional,497.93
2026-06,Norte,CLI-182,VIP (alto volumen / alta frecuencia),Línea Económica,Económica Promocional,482.73
2026-07,Norte,CLI-182,VIP (alto volumen / alta frecuencia),Línea Económica,Económica Promocional,402.63
2026-08,Norte,CLI-182,VIP (alto volumen / alta frecuencia),Línea Económica,Económica Promocional,534.68
2025-01,Norte,CLI-182,VIP (alto volumen / alta frecuencia),Servicios postventa,Soporte y Mantenimiento,349.28
2025-02,Norte,CLI-182,VIP (alto volumen / alta frecuencia),Servicios postventa,Soporte y Mantenimiento,354.17
2025-03,Norte,CLI-182,VIP (alto volumen / alta frecuencia),Servicios postventa,Soporte y Mantenimiento,303.05
2025-04,Norte,CLI-182,VIP (alto volumen / alta frecuencia),Servicios postventa,Soporte y Mantenimiento,303.9
2025-05,Norte,CLI-182,VIP (alto volumen / alta frecuencia),Servicios postventa,Soporte y Mantenimiento,329.72
2025-07,Norte,CLI-182,VIP (alto volumen / alta frecuencia),Servicios postventa,Soporte y Mantenimiento,384.85
2025-08,Norte,CLI-182,VIP (alto volumen / alta frecuencia),Servicios postventa,Soporte y Mantenimiento,349.04
2025-10,Norte,CLI-182,VIP (alto volumen / alta frecuencia),Servicios postventa,Soporte y Mantenimiento,410.88
2025-11,Norte,CLI-182,VIP (alto volumen / alta frecuencia),Servicios postventa,Soporte y Mantenimiento,348.77
2025-12,Norte,CLI-182,VIP (alto volumen / alta frecuencia),Servicios postventa,Soporte y Mantenimiento,354.12
2026-01,Norte,CLI-182,VIP (alto volumen / alta frecuencia),Servicios postventa,Soporte y Mantenimiento,414.15
2026-02,Norte,CLI-182,VIP (alto volumen / alta frecuencia),Servicios postventa,Soporte y Mantenimiento,302.42
2026-03,Norte,CLI-182,VIP (alto volumen / alta frecuencia),Servicios postventa,Soporte y Mantenimiento,414.03
2026-04,Norte,CLI-182,VIP (alto volumen / alta frecuencia),Servicios postventa,Soporte y Mantenimiento,481.9
2026-05,Norte,CLI-182,VIP (alto volumen / alta frecuencia),Servicios postventa,Soporte y Mantenimiento,413.33
2026-06,Norte,CLI-182,VIP (alto volumen / alta frecuencia),Servicios postventa,Soporte y Mantenimiento,439.09
2026-07,Norte,CLI-182,VIP (alto volumen / alta frecuencia),Servicios postventa,Soporte y Mantenimiento,416.62
2026-08,Norte,CLI-182,VIP (alto volumen / alta frecuencia),Servicios postventa,Soporte y Mantenimiento,407.03
2025-02,Norte,CLI-182,VIP (alto volumen / alta frecuencia),Línea Premium,Premium Exportación,1473.8
2025-03,Norte,CLI-182,VIP (alto volumen / alta frecuencia),Línea Premium,Premium Exportación,1111.29
2025-04,Norte,CLI-182,VIP (alto volumen / alta frecuencia),Línea Premium,Premium Exportación,1151.64
2025-05,Norte,CLI-182,VIP (alto volumen / alta frecuencia),Línea Premium,Premium Exportación,1532.96
2025-08,Norte,CLI-182,VIP (alto volumen / alta frecuencia),Línea Premium,Premium Exportación,1169.86
2025-09,Norte,CLI-182,VIP (alto volumen / alta frecuencia),Línea Premium,Premium Exportación,1337.69
2025-10,Norte,CLI-182,VIP (alto volumen / alta frecuencia),Línea Premium,Premium Exportación,1445.8
2025-11,Norte,CLI-182,VIP (alto volumen / alta frecuencia),Línea Premium,Premium Exportación,1516.96
2025-12,Norte,CLI-182,VIP (alto volumen / alta frecuencia),Línea Premium,Premium Exportación,1403.09
2026-01,Norte,CLI-182,VIP (alto volumen / alta frecuencia),Línea Premium,Premium Exportación,1370.48
2026-02,Norte,CLI-182,VIP (alto volumen / alta frecuencia),Línea Premium,Premium Exportación,1584.85
2026-03,Norte,CLI-182,VIP (alto volumen / alta frecuencia),Línea Premium,Premium Exportación,1316.93
2026-04,Norte,CLI-182,VIP (alto volumen / alta frecuencia),Línea Premium,Premium Exportación,1297.76
2026-05,Norte,CLI-182,VIP (alto volumen / alta frecuencia),Línea Premium,Premium Exportación,1491.48
2026-06,Norte,CLI-182,VIP (alto volumen / alta frecuencia),Línea Premium,Premium Exportación,1172.45
2026-07,Norte,CLI-182,VIP (alto volumen / alta frecuencia),Línea Premium,Premium Exportación,1633.58
2026-08,Norte,CLI-182,VIP (alto volumen / alta frecuencia),Línea Premium,Premium Exportación,1700.51
2025-01,Norte,CLI-182,VIP (alto volumen / alta frecuencia),Línea Estándar,Estándar Mayoreo,1100.25
2025-03,Norte,CLI-182,VIP (alto volumen / alta frecuencia),Línea Estándar,Estándar Mayoreo,1299.03
2025-04,Norte,CLI-182,VIP (alto volumen / alta frecuencia),Línea Estándar,Estándar Mayoreo,1209.91
2025-05,Norte,CLI-182,VIP (alto volumen / alta frecuencia),Línea Estándar,Estándar Mayoreo,791.52
2025-06,Norte,CLI-182,VIP (alto volumen / alta frecuencia),Línea Estándar,Estándar Mayoreo,1128.49
2025-08,Norte,CLI-182,VIP (alto volumen / alta frecuencia),Línea Estándar,Estándar Mayoreo,984.59
2025-09,Norte,CLI-182,VIP (alto volumen / alta frecuencia),Línea Estándar,Estándar Mayoreo,1365.46
2025-10,Norte,CLI-182,VIP (alto volumen / alta frecuencia),Línea Estándar,Estándar Mayoreo,1014.31
2025-11,Norte,CLI-182,VIP (alto volumen / alta frecuencia),Línea Estándar,Estándar Mayoreo,953.67
2025-12,Norte,CLI-182,VIP (alto volumen / alta frecuencia),Línea Estándar,Estándar Mayoreo,1193.14
2026-01,Norte,CLI-182,VIP (alto volumen / alta frecuencia),Línea Estándar,Estándar Mayoreo,980.56
2026-02,Norte,CLI-182,VIP (alto volumen / alta frecuencia),Línea Estándar,Estándar Mayoreo,1136.84
2026-03,Norte,CLI-182,VIP (alto volumen / alta frecuencia),Línea Estándar,Estándar Mayoreo,1276.26
2026-04,Norte,CLI-182,VIP (alto volumen / alta frecuencia),Línea Estándar,Estándar Mayoreo,991.09
2026-05,Norte,CLI-182,VIP (alto volumen / alta frecuencia),Línea Estándar,Estándar Mayoreo,1163.73
2026-07,Norte,CLI-182,VIP (alto volumen / alta frecuencia),Línea Estándar,Estándar Mayoreo,745.95
2026-08,Norte,CLI-182,VIP (alto volumen / alta frecuencia),Línea Estándar,Estándar Mayoreo,639.05
2025-02,Norte,CLI-182,VIP (alto volumen / alta frecuencia),Línea Premium,Premium Hogar,1164.64
2025-03,Norte,CLI-182,VIP (alto volumen / alta frecuencia),Línea Premium,Premium Hogar,1239.28
2025-04,Norte,CLI-182,VIP (alto volumen / alta frecuencia),Línea Premium,Premium Hogar,1058.19
2025-05,Norte,CLI-182,VIP (alto volumen / alta frecuencia),Línea Premium,Premium Hogar,1082.54
2025-06,Norte,CLI-182,VIP (alto volumen / alta frecuencia),Línea Premium,Premium Hogar,1252.91
2025-07,Norte,CLI-182,VIP (alto volumen / alta frecuencia),Línea Premium,Premium Hogar,1192.96
2025-08,Norte,CLI-182,VIP (alto volumen / alta frecuencia),Línea Premium,Premium Hogar,1459.2
2025-09,Norte,CLI-182,VIP (alto volumen / alta frecuencia),Línea Premium,Premium Hogar,1129.04
2025-10,Norte,CLI-182,VIP (alto volumen / alta frecuencia),Línea Premium,Premium Hogar,1556.85
2025-11,Norte,CLI-182,VIP (alto volumen / alta frecuencia),Línea Premium,Premium Hogar,1163.32
2025-12,Norte,CLI-182,VIP (alto volumen / alta frecuencia),Línea Premium,Premium Hogar,1416.01
2026-01,Norte,CLI-182,VIP (alto volumen / alta frecuencia),Línea Premium,Premium Hogar,1732.24
2026-03,Norte,CLI-182,VIP (alto volumen / alta frecuencia),Línea Premium,Premium Hogar,1332.0
2026-04,Norte,CLI-182,VIP (alto volumen / alta frecuencia),Línea Premium,Premium Hogar,1334.24
2026-05,Norte,CLI-182,VIP (alto volumen / alta frecuencia),Línea Premium,Premium Hogar,1416.15
2026-06,Norte,CLI-182,VIP (alto volumen / alta frecuencia),Línea Premium,Premium Hogar,1535.4
2026-07,Norte,CLI-182,VIP (alto volumen / alta frecuencia),Línea Premium,Premium Hogar,1425.49
2025-01,Norte,CLI-182,VIP (alto volumen / alta frecuencia),Línea Económica,Económica Básica,644.33
2025-02,Norte,CLI-182,VIP (alto volumen / alta frecuencia),Línea Económica,Económica Básica,566.46
2025-03,Norte,CLI-182,VIP (alto volumen / alta frecuencia),Línea Económica,Económica Básica,638.37
2025-04,Norte,CLI-182,VIP (alto volumen / alta frecuencia),Línea Económica,Económica Básica,720.09
2025-05,Norte,CLI-182,VIP (alto volumen / alta frecuencia),Línea Económica,Económica Básica,585.44
2025-06,Norte,CLI-182,VIP (alto volumen / alta frecuencia),Línea Económica,Económica Básica,610.57
2025-08,Norte,CLI-182,VIP (alto volumen / alta frecuencia),Línea Económica,Económica Básica,689.67
2025-10,Norte,CLI-182,VIP (alto volumen / alta frecuencia),Línea Económica,Económica Básica,593.43
2025-11,Norte,CLI-182,VIP (alto volumen / alta frecuencia),Línea Económica,Económica Básica,502.79
2025-12,Norte,CLI-182,VIP (alto volumen / alta frecuencia),Línea Económica,Económica Básica,525.55
2026-01,Norte,CLI-182,VIP (alto volumen / alta frecuencia),Línea Económica,Económica Básica,591.9
2026-02,Norte,CLI-182,VIP (alto volumen / alta frecuencia),Línea Económica,Económica Básica,608.92
2026-03,Norte,CLI-182,VIP (alto volumen / alta frecuencia),Línea Económica,Económica Básica,604.97
2026-04,Norte,CLI-182,VIP (alto volumen / alta frecuencia),Línea Económica,Económica Básica,559.27
2026-05,Norte,CLI-182,VIP (alto volumen / alta frecuencia),Línea Económica,Económica Básica,699.75
2026-06,Norte,CLI-182,VIP (alto volumen / alta frecuencia),Línea Económica,Económica Básica,487.63
2026-07,Norte,CLI-182,VIP (alto volumen / alta frecuencia),Línea Económica,Económica Básica,560.72
2026-08,Norte,CLI-182,VIP (alto volumen / alta frecuencia),Línea Económica,Económica Básica,549.19
2025-01,Norte,CLI-182,VIP (alto volumen / alta frecuencia),Línea Estándar,Estándar Retail,779.97
2025-02,Norte,CLI-182,VIP (alto volumen / alta frecuencia),Línea Estándar,Estándar Retail,813.38
2025-04,Norte,CLI-182,VIP (alto volumen / alta frecuencia),Línea Estándar,Estándar Retail,745.69
2025-05,Norte,CLI-182,VIP (alto volumen / alta frecuencia),Línea Estándar,Estándar Retail,862.15
2025-06,Norte,CLI-182,VIP (alto volumen / alta frecuencia),Línea Estándar,Estándar Retail,899.29
2025-07,Norte,CLI-182,VIP (alto volumen / alta frecuencia),Línea Estándar,Estándar Retail,766.71
2025-08,Norte,CLI-182,VIP (alto volumen / alta frecuencia),Línea Estándar,Estándar Retail,995.88
2025-09,Norte,CLI-182,VIP (alto volumen / alta frecuencia),Línea Estándar,Estándar Retail,660.46
2025-11,Norte,CLI-182,VIP (alto volumen / alta frecuencia),Línea Estándar,Estándar Retail,854.34
2025-12,Norte,CLI-182,VIP (alto volumen / alta frecuencia),Línea Estándar,Estándar Retail,979.25
2026-01,Norte,CLI-182,VIP (alto volumen / alta frecuencia),Línea Estándar,Estándar Retail,759.7
2026-02,Norte,CLI-182,VIP (alto volumen / alta frecuencia),Línea Estándar,Estándar Retail,973.28
2026-04,Norte,CLI-182,VIP (alto volumen / alta frecuencia),Línea Estándar,Estándar Retail,967.63
2026-05,Norte,CLI-182,VIP (alto volumen / alta frecuencia),Línea Estándar,Estándar Retail,888.73
2026-06,Norte,CLI-182,VIP (alto volumen / alta frecuencia),Línea Estándar,Estándar Retail,720.35
2026-07,Norte,CLI-182,VIP (alto volumen / alta frecuencia),Línea Estándar,Estándar Retail,945.9
2026-08,Norte,CLI-182,VIP (alto volumen / alta frecuencia),Línea Estándar,Estándar Retail,829.7
2025-01,Centro,CLI-183,Esporádico (bajo volumen / baja frecuencia),Línea Económica,Económica Promocional,92.5
2025-03,Centro,CLI-183,Esporádico (bajo volumen / baja frecuencia),Línea Económica,Económica Promocional,139.28
2025-05,Centro,CLI-183,Esporádico (bajo volumen / baja frecuencia),Línea Económica,Económica Promocional,137.95
2025-08,Centro,CLI-183,Esporádico (bajo volumen / baja frecuencia),Línea Económica,Económica Promocional,114.05
2026-06,Centro,CLI-183,Esporádico (bajo volumen / baja frecuencia),Línea Económica,Económica Promocional,130.98
2026-03,Centro,CLI-184,Esporádico (bajo volumen / baja frecuencia),Servicios postventa,Soporte y Mantenimiento,120.89
2025-02,Centro,CLI-184,Esporádico (bajo volumen / baja frecuencia),Línea Económica,Económica Básica,190.78
2025-07,Centro,CLI-184,Esporádico (bajo volumen / baja frecuencia),Línea Económica,Económica Básica,217.9
2025-11,Centro,CLI-184,Esporádico (bajo volumen / baja frecuencia),Línea Económica,Económica Básica,184.08
2025-04,Centro,CLI-185,Esporádico (bajo volumen / baja frecuencia),Línea Económica,Económica Promocional,119.93
2025-03,Centro,CLI-185,Esporádico (bajo volumen / baja frecuencia),Línea Económica,Económica Básica,162.88
2025-09,Centro,CLI-185,Esporádico (bajo volumen / baja frecuencia),Línea Económica,Económica Básica,121.98
2026-04,Centro,CLI-185,Esporádico (bajo volumen / baja frecuencia),Línea Económica,Económica Básica,113.49
2025-01,Centro,CLI-186,VIP (alto volumen / alta frecuencia),Línea Premium,Premium Oficina,762.62
2025-02,Centro,CLI-186,VIP (alto volumen / alta frecuencia),Línea Premium,Premium Oficina,692.87
2025-03,Centro,CLI-186,VIP (alto volumen / alta frecuencia),Línea Premium,Premium Oficina,878.87
2025-04,Centro,CLI-186,VIP (alto volumen / alta frecuencia),Línea Premium,Premium Oficina,894.97
2025-05,Centro,CLI-186,VIP (alto volumen / alta frecuencia),Línea Premium,Premium Oficina,933.67
2025-06,Centro,CLI-186,VIP (alto volumen / alta frecuencia),Línea Premium,Premium Oficina,846.94
2025-08,Centro,CLI-186,VIP (alto volumen / alta frecuencia),Línea Premium,Premium Oficina,1066.9
2025-09,Centro,CLI-186,VIP (alto volumen / alta frecuencia),Línea Premium,Premium Oficina,930.25
2025-10,Centro,CLI-186,VIP (alto volumen / alta frecuencia),Línea Premium,Premium Oficina,923.99
2025-11,Centro,CLI-186,VIP (alto volumen / alta frecuencia),Línea Premium,Premium Oficina,784.62
2025-12,Centro,CLI-186,VIP (alto volumen / alta frecuencia),Línea Premium,Premium Oficina,885.38
2026-01,Centro,CLI-186,VIP (alto volumen / alta frecuencia),Línea Premium,Premium Oficina,925.58
2026-03,Centro,CLI-186,VIP (alto volumen / alta frecuencia),Línea Premium,Premium Oficina,961.89
2026-04,Centro,CLI-186,VIP (alto volumen / alta frecuencia),Línea Premium,Premium Oficina,824.62
2026-05,Centro,CLI-186,VIP (alto volumen / alta frecuencia),Línea Premium,Premium Oficina,1111.06
2026-07,Centro,CLI-186,VIP (alto volumen / alta frecuencia),Línea Premium,Premium Oficina,1111.21
2026-08,Centro,CLI-186,VIP (alto volumen / alta frecuencia),Línea Premium,Premium Oficina,1037.52
2025-01,Centro,CLI-186,VIP (alto volumen / alta frecuencia),Servicios postventa,Soporte y Mantenimiento,263.24
2025-02,Centro,CLI-186,VIP (alto volumen / alta frecuencia),Servicios postventa,Soporte y Mantenimiento,326.86
2025-03,Centro,CLI-186,VIP (alto volumen / alta frecuencia),Servicios postventa,Soporte y Mantenimiento,210.39
2025-04,Centro,CLI-186,VIP (alto volumen / alta frecuencia),Servicios postventa,Soporte y Mantenimiento,330.08
2025-05,Centro,CLI-186,VIP (alto volumen / alta frecuencia),Servicios postventa,Soporte y Mantenimiento,321.81
2025-07,Centro,CLI-186,VIP (alto volumen / alta frecuencia),Servicios postventa,Soporte y Mantenimiento,340.71
2025-08,Centro,CLI-186,VIP (alto volumen / alta frecuencia),Servicios postventa,Soporte y Mantenimiento,299.2
2025-09,Centro,CLI-186,VIP (alto volumen / alta frecuencia),Servicios postventa,Soporte y Mantenimiento,168.04
2025-10,Centro,CLI-186,VIP (alto volumen / alta frecuencia),Servicios postventa,Soporte y Mantenimiento,283.95
2025-11,Centro,CLI-186,VIP (alto volumen / alta frecuencia),Servicios postventa,Soporte y Mantenimiento,362.76
2025-12,Centro,CLI-186,VIP (alto volumen / alta frecuencia),Servicios postventa,Soporte y Mantenimiento,313.62
2026-01,Centro,CLI-186,VIP (alto volumen / alta frecuencia),Servicios postventa,Soporte y Mantenimiento,337.86
2026-02,Centro,CLI-186,VIP (alto volumen / alta frecuencia),Servicios postventa,Soporte y Mantenimiento,341.38
2026-03,Centro,CLI-186,VIP (alto volumen / alta frecuencia),Servicios postventa,Soporte y Mantenimiento,292.34
2026-04,Centro,CLI-186,VIP (alto volumen / alta frecuencia),Servicios postventa,Soporte y Mantenimiento,358.23
2026-05,Centro,CLI-186,VIP (alto volumen / alta frecuencia),Servicios postventa,Soporte y Mantenimiento,354.26
2026-06,Centro,CLI-186,VIP (alto volumen / alta frecuencia),Servicios postventa,Soporte y Mantenimiento,324.98
2026-07,Centro,CLI-186,VIP (alto volumen / alta frecuencia),Servicios postventa,Soporte y Mantenimiento,326.93
2025-02,Centro,CLI-186,VIP (alto volumen / alta frecuencia),Línea Estándar,Estándar Mayoreo,771.25
2025-03,Centro,CLI-186,VIP (alto volumen / alta frecuencia),Línea Estándar,Estándar Mayoreo,656.91
2025-05,Centro,CLI-186,VIP (alto volumen / alta frecuencia),Línea Estándar,Estándar Mayoreo,617.81
2025-06,Centro,CLI-186,VIP (alto volumen / alta frecuencia),Línea Estándar,Estándar Mayoreo,1088.59
2025-07,Centro,CLI-186,VIP (alto volumen / alta frecuencia),Línea Estándar,Estándar Mayoreo,824.65
2025-08,Centro,CLI-186,VIP (alto volumen / alta frecuencia),Línea Estándar,Estándar Mayoreo,912.16
2025-09,Centro,CLI-186,VIP (alto volumen / alta frecuencia),Línea Estándar,Estándar Mayoreo,774.96
2025-10,Centro,CLI-186,VIP (alto volumen / alta frecuencia),Línea Estándar,Estándar Mayoreo,766.33
2025-11,Centro,CLI-186,VIP (alto volumen / alta frecuencia),Línea Estándar,Estándar Mayoreo,874.72
2025-12,Centro,CLI-186,VIP (alto volumen / alta frecuencia),Línea Estándar,Estándar Mayoreo,734.78
2026-01,Centro,CLI-186,VIP (alto volumen / alta frecuencia),Línea Estándar,Estándar Mayoreo,962.55
2026-02,Centro,CLI-186,VIP (alto volumen / alta frecuencia),Línea Estándar,Estándar Mayoreo,760.26
2026-03,Centro,CLI-186,VIP (alto volumen / alta frecuencia),Línea Estándar,Estándar Mayoreo,799.3
2026-04,Centro,CLI-186,VIP (alto volumen / alta frecuencia),Línea Estándar,Estándar Mayoreo,759.74
2026-05,Centro,CLI-186,VIP (alto volumen / alta frecuencia),Línea Estándar,Estándar Mayoreo,937.09
2026-06,Centro,CLI-186,VIP (alto volumen / alta frecuencia),Línea Estándar,Estándar Mayoreo,797.62
2026-07,Centro,CLI-186,VIP (alto volumen / alta frecuencia),Línea Estándar,Estándar Mayoreo,738.27
2026-08,Centro,CLI-186,VIP (alto volumen / alta frecuencia),Línea Estándar,Estándar Mayoreo,537.98
2025-01,Centro,CLI-186,VIP (alto volumen / alta frecuencia),Línea Premium,Premium Exportación,972.97
2025-03,Centro,CLI-186,VIP (alto volumen / alta frecuencia),Línea Premium,Premium Exportación,1029.65
2025-04,Centro,CLI-186,VIP (alto volumen / alta frecuencia),Línea Premium,Premium Exportación,938.85
2025-05,Centro,CLI-186,VIP (alto volumen / alta frecuencia),Línea Premium,Premium Exportación,1001.71
2025-06,Centro,CLI-186,VIP (alto volumen / alta frecuencia),Línea Premium,Premium Exportación,949.73
2025-07,Centro,CLI-186,VIP (alto volumen / alta frecuencia),Línea Premium,Premium Exportación,837.35
2025-08,Centro,CLI-186,VIP (alto volumen / alta frecuencia),Línea Premium,Premium Exportación,976.24
2025-09,Centro,CLI-186,VIP (alto volumen / alta frecuencia),Línea Premium,Premium Exportación,988.73
2025-10,Centro,CLI-186,VIP (alto volumen / alta frecuencia),Línea Premium,Premium Exportación,813.91
2025-11,Centro,CLI-186,VIP (alto volumen / alta frecuencia),Línea Premium,Premium Exportación,1019.2
2025-12,Centro,CLI-186,VIP (alto volumen / alta frecuencia),Línea Premium,Premium Exportación,940.59
2026-01,Centro,CLI-186,VIP (alto volumen / alta frecuencia),Línea Premium,Premium Exportación,972.76
2026-02,Centro,CLI-186,VIP (alto volumen / alta frecuencia),Línea Premium,Premium Exportación,886.1
2026-03,Centro,CLI-186,VIP (alto volumen / alta frecuencia),Línea Premium,Premium Exportación,1170.89
2026-04,Centro,CLI-186,VIP (alto volumen / alta frecuencia),Línea Premium,Premium Exportación,1049.42
2026-05,Centro,CLI-186,VIP (alto volumen / alta frecuencia),Línea Premium,Premium Exportación,1148.15
2026-06,Centro,CLI-186,VIP (alto volumen / alta frecuencia),Línea Premium,Premium Exportación,1081.02
2026-07,Centro,CLI-186,VIP (alto volumen / alta frecuencia),Línea Premium,Premium Exportación,1094.85
2026-08,Centro,CLI-186,VIP (alto volumen / alta frecuencia),Línea Premium,Premium Exportación,1044.26
2025-01,Centro,CLI-186,VIP (alto volumen / alta frecuencia),Línea Premium,Premium Hogar,1016.78
2025-02,Centro,CLI-186,VIP (alto volumen / alta frecuencia),Línea Premium,Premium Hogar,922.07
2025-03,Centro,CLI-186,VIP (alto volumen / alta frecuencia),Línea Premium,Premium Hogar,1132.53
2025-05,Centro,CLI-186,VIP (alto volumen / alta frecuencia),Línea Premium,Premium Hogar,1105.82
2025-06,Centro,CLI-186,VIP (alto volumen / alta frecuencia),Línea Premium,Premium Hogar,1090.36
2025-07,Centro,CLI-186,VIP (alto volumen / alta frecuencia),Línea Premium,Premium Hogar,1100.09
2025-08,Centro,CLI-186,VIP (alto volumen / alta frecuencia),Línea Premium,Premium Hogar,1017.79
2025-09,Centro,CLI-186,VIP (alto volumen / alta frecuencia),Línea Premium,Premium Hogar,835.01
2025-11,Centro,CLI-186,VIP (alto volumen / alta frecuencia),Línea Premium,Premium Hogar,782.54
2025-12,Centro,CLI-186,VIP (alto volumen / alta frecuencia),Línea Premium,Premium Hogar,1107.53
2026-01,Centro,CLI-186,VIP (alto volumen / alta frecuencia),Línea Premium,Premium Hogar,1203.61
2026-02,Centro,CLI-186,VIP (alto volumen / alta frecuencia),Línea Premium,Premium Hogar,1130.93
2026-04,Centro,CLI-186,VIP (alto volumen / alta frecuencia),Línea Premium,Premium Hogar,1047.23
2026-05,Centro,CLI-186,VIP (alto volumen / alta frecuencia),Línea Premium,Premium Hogar,1177.5
2026-07,Centro,CLI-186,VIP (alto volumen / alta frecuencia),Línea Premium,Premium Hogar,1190.74
2026-08,Centro,CLI-186,VIP (alto volumen / alta frecuencia),Línea Premium,Premium Hogar,1303.78
2025-01,Centro,CLI-186,VIP (alto volumen / alta frecuencia),Línea Estándar,Estándar Retail,756.67
2025-02,Centro,CLI-186,VIP (alto volumen / alta frecuencia),Línea Estándar,Estándar Retail,696.08
2025-03,Centro,CLI-186,VIP (alto volumen / alta frecuencia),Línea Estándar,Estándar Retail,780.03
2025-04,Centro,CLI-186,VIP (alto volumen / alta frecuencia),Línea Estándar,Estándar Retail,521.57
2025-05,Centro,CLI-186,VIP (alto volumen / alta frecuencia),Línea Estándar,Estándar Retail,767.19
2025-06,Centro,CLI-186,VIP (alto volumen / alta frecuencia),Línea Estándar,Estándar Retail,760.05
2025-08,Centro,CLI-186,VIP (alto volumen / alta frecuencia),Línea Estándar,Estándar Retail,717.83
2025-09,Centro,CLI-186,VIP (alto volumen / alta frecuencia),Línea Estándar,Estándar Retail,741.15
2025-10,Centro,CLI-186,VIP (alto volumen / alta frecuencia),Línea Estándar,Estándar Retail,778.0
2025-12,Centro,CLI-186,VIP (alto volumen / alta frecuencia),Línea Estándar,Estándar Retail,675.53
2026-01,Centro,CLI-186,VIP (alto volumen / alta frecuencia),Línea Estándar,Estándar Retail,633.46
2026-02,Centro,CLI-186,VIP (alto volumen / alta frecuencia),Línea Estándar,Estándar Retail,624.01
2026-03,Centro,CLI-186,VIP (alto volumen / alta frecuencia),Línea Estándar,Estándar Retail,885.21
2026-04,Centro,CLI-186,VIP (alto volumen / alta frecuencia),Línea Estándar,Estándar Retail,764.97
2026-05,Centro,CLI-186,VIP (alto volumen / alta frecuencia),Línea Estándar,Estándar Retail,723.19
2026-06,Centro,CLI-186,VIP (alto volumen / alta frecuencia),Línea Estándar,Estándar Retail,691.49
2026-07,Centro,CLI-186,VIP (alto volumen / alta frecuencia),Línea Estándar,Estándar Retail,802.05
2025-01,Centro,CLI-186,VIP (alto volumen / alta frecuencia),Línea Económica,Económica Promocional,472.27
2025-02,Centro,CLI-186,VIP (alto volumen / alta frecuencia),Línea Económica,Económica Promocional,373.24
2025-03,Centro,CLI-186,VIP (alto volumen / alta frecuencia),Línea Económica,Económica Promocional,401.13
2025-05,Centro,CLI-186,VIP (alto volumen / alta frecuencia),Línea Económica,Económica Promocional,406.39
2025-07,Centro,CLI-186,VIP (alto volumen / alta frecuencia),Línea Económica,Económica Promocional,412.67
2025-08,Centro,CLI-186,VIP (alto volumen / alta frecuencia),Línea Económica,Económica Promocional,571.2
2025-09,Centro,CLI-186,VIP (alto volumen / alta frecuencia),Línea Económica,Económica Promocional,451.73
2025-10,Centro,CLI-186,VIP (alto volumen / alta frecuencia),Línea Económica,Económica Promocional,383.79
2025-11,Centro,CLI-186,VIP (alto volumen / alta frecuencia),Línea Económica,Económica Promocional,388.09
2025-12,Centro,CLI-186,VIP (alto volumen / alta frecuencia),Línea Económica,Económica Promocional,469.24
2026-01,Centro,CLI-186,VIP (alto volumen / alta frecuencia),Línea Económica,Económica Promocional,486.72
2026-02,Centro,CLI-186,VIP (alto volumen / alta frecuencia),Línea Económica,Económica Promocional,444.36
2026-03,Centro,CLI-186,VIP (alto volumen / alta frecuencia),Línea Económica,Económica Promocional,492.22
2026-04,Centro,CLI-186,VIP (alto volumen / alta frecuencia),Línea Económica,Económica Promocional,517.18
2026-05,Centro,CLI-186,VIP (alto volumen / alta frecuencia),Línea Económica,Económica Promocional,404.42
2026-06,Centro,CLI-186,VIP (alto volumen / alta frecuencia),Línea Económica,Económica Promocional,482.94
2026-07,Centro,CLI-186,VIP (alto volumen / alta frecuencia),Línea Económica,Económica Promocional,451.66
2025-01,Centro,CLI-186,VIP (alto volumen / alta frecuencia),Línea Económica,Económica Básica,430.38
2025-02,Centro,CLI-186,VIP (alto volumen / alta frecuencia),Línea Económica,Económica Básica,463.29
2025-03,Centro,CLI-186,VIP (alto volumen / alta frecuencia),Línea Económica,Económica Básica,574.25
2025-04,Centro,CLI-186,VIP (alto volumen / alta frecuencia),Línea Económica,Económica Básica,454.49
2025-05,Centro,CLI-186,VIP (alto volumen / alta frecuencia),Línea Económica,Económica Básica,515.73
2025-06,Centro,CLI-186,VIP (alto volumen / alta frecuencia),Línea Económica,Económica Básica,499.48
2025-07,Centro,CLI-186,VIP (alto volumen / alta frecuencia),Línea Económica,Económica Básica,448.79
2025-08,Centro,CLI-186,VIP (alto volumen / alta frecuencia),Línea Económica,Económica Básica,444.03
2025-09,Centro,CLI-186,VIP (alto volumen / alta frecuencia),Línea Económica,Económica Básica,416.78
2025-10,Centro,CLI-186,VIP (alto volumen / alta frecuencia),Línea Económica,Económica Básica,499.54
2025-11,Centro,CLI-186,VIP (alto volumen / alta frecuencia),Línea Económica,Económica Básica,563.83
2025-12,Centro,CLI-186,VIP (alto volumen / alta frecuencia),Línea Económica,Económica Básica,555.77
2026-01,Centro,CLI-186,VIP (alto volumen / alta frecuencia),Línea Económica,Económica Básica,472.65
2026-02,Centro,CLI-186,VIP (alto volumen / alta frecuencia),Línea Económica,Económica Básica,375.18
2026-03,Centro,CLI-186,VIP (alto volumen / alta frecuencia),Línea Económica,Económica Básica,444.2
2026-04,Centro,CLI-186,VIP (alto volumen / alta frecuencia),Línea Económica,Económica Básica,472.47
2026-05,Centro,CLI-186,VIP (alto volumen / alta frecuencia),Línea Económica,Económica Básica,517.97
2026-06,Centro,CLI-186,VIP (alto volumen / alta frecuencia),Línea Económica,Económica Básica,480.71
2026-07,Centro,CLI-186,VIP (alto volumen / alta frecuencia),Línea Económica,Económica Básica,480.21
2026-08,Centro,CLI-186,VIP (alto volumen / alta frecuencia),Línea Económica,Económica Básica,540.85
2025-01,Centro,CLI-187,Recurrente (bajo volumen / alta frecuencia),Línea Económica,Económica Promocional,152.92
2025-02,Centro,CLI-187,Recurrente (bajo volumen / alta frecuencia),Línea Económica,Económica Promocional,173.07
2025-04,Centro,CLI-187,Recurrente (bajo volumen / alta frecuencia),Línea Económica,Económica Promocional,177.42
2025-06,Centro,CLI-187,Recurrente (bajo volumen / alta frecuencia),Línea Económica,Económica Promocional,187.03
2025-07,Centro,CLI-187,Recurrente (bajo volumen / alta frecuencia),Línea Económica,Económica Promocional,152.0
2025-08,Centro,CLI-187,Recurrente (bajo volumen / alta frecuencia),Línea Económica,Económica Promocional,164.21
2025-09,Centro,CLI-187,Recurrente (bajo volumen / alta frecuencia),Línea Económica,Económica Promocional,172.99
2025-10,Centro,CLI-187,Recurrente (bajo volumen / alta frecuencia),Línea Económica,Económica Promocional,191.0
2025-12,Centro,CLI-187,Recurrente (bajo volumen / alta frecuencia),Línea Económica,Económica Promocional,163.44
2026-01,Centro,CLI-187,Recurrente (bajo volumen / alta frecuencia),Línea Económica,Económica Promocional,117.04
2026-03,Centro,CLI-187,Recurrente (bajo volumen / alta frecuencia),Línea Económica,Económica Promocional,151.67
2026-04,Centro,CLI-187,Recurrente (bajo volumen / alta frecuencia),Línea Económica,Económica Promocional,154.29
2026-05,Centro,CLI-187,Recurrente (bajo volumen / alta frecuencia),Línea Económica,Económica Promocional,146.0
2026-07,Centro,CLI-187,Recurrente (bajo volumen / alta frecuencia),Línea Económica,Económica Promocional,185.45
2026-08,Centro,CLI-187,Recurrente (bajo volumen / alta frecuencia),Línea Económica,Económica Promocional,172.22
2025-01,Centro,CLI-187,Recurrente (bajo volumen / alta frecuencia),Línea Estándar,Estándar Mayoreo,278.97
2025-03,Centro,CLI-187,Recurrente (bajo volumen / alta frecuencia),Línea Estándar,Estándar Mayoreo,316.82
2025-04,Centro,CLI-187,Recurrente (bajo volumen / alta frecuencia),Línea Estándar,Estándar Mayoreo,326.39
2025-05,Centro,CLI-187,Recurrente (bajo volumen / alta frecuencia),Línea Estándar,Estándar Mayoreo,313.17
2025-09,Centro,CLI-187,Recurrente (bajo volumen / alta frecuencia),Línea Estándar,Estándar Mayoreo,324.08
2025-10,Centro,CLI-187,Recurrente (bajo volumen / alta frecuencia),Línea Estándar,Estándar Mayoreo,377.55
2025-11,Centro,CLI-187,Recurrente (bajo volumen / alta frecuencia),Línea Estándar,Estándar Mayoreo,333.81
2025-12,Centro,CLI-187,Recurrente (bajo volumen / alta frecuencia),Línea Estándar,Estándar Mayoreo,312.18
2026-01,Centro,CLI-187,Recurrente (bajo volumen / alta frecuencia),Línea Estándar,Estándar Mayoreo,360.12
2026-02,Centro,CLI-187,Recurrente (bajo volumen / alta frecuencia),Línea Estándar,Estándar Mayoreo,303.12
2026-03,Centro,CLI-187,Recurrente (bajo volumen / alta frecuencia),Línea Estándar,Estándar Mayoreo,337.29
2026-04,Centro,CLI-187,Recurrente (bajo volumen / alta frecuencia),Línea Estándar,Estándar Mayoreo,333.26
2026-05,Centro,CLI-187,Recurrente (bajo volumen / alta frecuencia),Línea Estándar,Estándar Mayoreo,315.61
2026-06,Centro,CLI-187,Recurrente (bajo volumen / alta frecuencia),Línea Estándar,Estándar Mayoreo,316.16
2026-08,Centro,CLI-187,Recurrente (bajo volumen / alta frecuencia),Línea Estándar,Estándar Mayoreo,212.67
2025-02,Centro,CLI-187,Recurrente (bajo volumen / alta frecuencia),Línea Premium,Premium Oficina,355.13
2025-04,Centro,CLI-187,Recurrente (bajo volumen / alta frecuencia),Línea Premium,Premium Oficina,352.11
2025-05,Centro,CLI-187,Recurrente (bajo volumen / alta frecuencia),Línea Premium,Premium Oficina,327.64
2025-06,Centro,CLI-187,Recurrente (bajo volumen / alta frecuencia),Línea Premium,Premium Oficina,387.07
2025-07,Centro,CLI-187,Recurrente (bajo volumen / alta frecuencia),Línea Premium,Premium Oficina,288.29
2025-08,Centro,CLI-187,Recurrente (bajo volumen / alta frecuencia),Línea Premium,Premium Oficina,328.93
2025-11,Centro,CLI-187,Recurrente (bajo volumen / alta frecuencia),Línea Premium,Premium Oficina,350.68
2025-12,Centro,CLI-187,Recurrente (bajo volumen / alta frecuencia),Línea Premium,Premium Oficina,390.49
2026-02,Centro,CLI-187,Recurrente (bajo volumen / alta frecuencia),Línea Premium,Premium Oficina,334.35
2026-03,Centro,CLI-187,Recurrente (bajo volumen / alta frecuencia),Línea Premium,Premium Oficina,419.53
2026-04,Centro,CLI-187,Recurrente (bajo volumen / alta frecuencia),Línea Premium,Premium Oficina,324.57
2026-07,Centro,CLI-187,Recurrente (bajo volumen / alta frecuencia),Línea Premium,Premium Oficina,383.83
2026-08,Centro,CLI-187,Recurrente (bajo volumen / alta frecuencia),Línea Premium,Premium Oficina,321.21
2025-01,Centro,CLI-187,Recurrente (bajo volumen / alta frecuencia),Línea Estándar,Estándar Retail,322.84
2025-02,Centro,CLI-187,Recurrente (bajo volumen / alta frecuencia),Línea Estándar,Estándar Retail,302.81
2025-03,Centro,CLI-187,Recurrente (bajo volumen / alta frecuencia),Línea Estándar,Estándar Retail,230.23
2025-05,Centro,CLI-187,Recurrente (bajo volumen / alta frecuencia),Línea Estándar,Estándar Retail,300.92
2025-06,Centro,CLI-187,Recurrente (bajo volumen / alta frecuencia),Línea Estándar,Estándar Retail,231.54
2025-08,Centro,CLI-187,Recurrente (bajo volumen / alta frecuencia),Línea Estándar,Estándar Retail,337.23
2025-09,Centro,CLI-187,Recurrente (bajo volumen / alta frecuencia),Línea Estándar,Estándar Retail,298.75
2025-10,Centro,CLI-187,Recurrente (bajo volumen / alta frecuencia),Línea Estándar,Estándar Retail,270.15
2025-11,Centro,CLI-187,Recurrente (bajo volumen / alta frecuencia),Línea Estándar,Estándar Retail,222.89
2026-01,Centro,CLI-187,Recurrente (bajo volumen / alta frecuencia),Línea Estándar,Estándar Retail,293.18
2026-03,Centro,CLI-187,Recurrente (bajo volumen / alta frecuencia),Línea Estándar,Estándar Retail,195.88
2026-04,Centro,CLI-187,Recurrente (bajo volumen / alta frecuencia),Línea Estándar,Estándar Retail,266.69
2026-06,Centro,CLI-187,Recurrente (bajo volumen / alta frecuencia),Línea Estándar,Estándar Retail,237.82
2026-08,Centro,CLI-187,Recurrente (bajo volumen / alta frecuencia),Línea Estándar,Estándar Retail,233.78
2025-02,Centro,CLI-187,Recurrente (bajo volumen / alta frecuencia),Línea Económica,Económica Básica,200.77
2025-03,Centro,CLI-187,Recurrente (bajo volumen / alta frecuencia),Línea Económica,Económica Básica,154.22
2025-04,Centro,CLI-187,Recurrente (bajo volumen / alta frecuencia),Línea Económica,Económica Básica,181.06
2025-05,Centro,CLI-187,Recurrente (bajo volumen / alta frecuencia),Línea Económica,Económica Básica,181.92
2025-07,Centro,CLI-187,Recurrente (bajo volumen / alta frecuencia),Línea Económica,Económica Básica,208.37
2025-08,Centro,CLI-187,Recurrente (bajo volumen / alta frecuencia),Línea Económica,Económica Básica,196.17
2025-09,Centro,CLI-187,Recurrente (bajo volumen / alta frecuencia),Línea Económica,Económica Básica,175.79
2025-10,Centro,CLI-187,Recurrente (bajo volumen / alta frecuencia),Línea Económica,Económica Básica,259.5
2025-11,Centro,CLI-187,Recurrente (bajo volumen / alta frecuencia),Línea Económica,Económica Básica,220.68
2026-01,Centro,CLI-187,Recurrente (bajo volumen / alta frecuencia),Línea Económica,Económica Básica,184.88
2026-02,Centro,CLI-187,Recurrente (bajo volumen / alta frecuencia),Línea Económica,Económica Básica,215.56
2026-04,Centro,CLI-187,Recurrente (bajo volumen / alta frecuencia),Línea Económica,Económica Básica,156.59
2026-05,Centro,CLI-187,Recurrente (bajo volumen / alta frecuencia),Línea Económica,Económica Básica,232.62
2026-06,Centro,CLI-187,Recurrente (bajo volumen / alta frecuencia),Línea Económica,Económica Básica,210.16
2026-07,Centro,CLI-187,Recurrente (bajo volumen / alta frecuencia),Línea Económica,Económica Básica,203.13
2026-08,Centro,CLI-187,Recurrente (bajo volumen / alta frecuencia),Línea Económica,Económica Básica,241.29
2025-05,Sureste,CLI-188,Ocasional (alto volumen / baja frecuencia),Línea Premium,Premium Hogar,1068.54
2025-08,Sureste,CLI-188,Ocasional (alto volumen / baja frecuencia),Línea Premium,Premium Hogar,1220.51
2025-11,Sureste,CLI-188,Ocasional (alto volumen / baja frecuencia),Línea Premium,Premium Hogar,1092.24
2026-05,Sureste,CLI-188,Ocasional (alto volumen / baja frecuencia),Línea Premium,Premium Hogar,1397.33
2026-06,Sureste,CLI-188,Ocasional (alto volumen / baja frecuencia),Línea Premium,Premium Hogar,1479.53
2025-04,Sureste,CLI-188,Ocasional (alto volumen / baja frecuencia),Línea Estándar,Estándar Mayoreo,834.53
2025-05,Sureste,CLI-188,Ocasional (alto volumen / baja frecuencia),Línea Estándar,Estándar Mayoreo,1025.13
2025-10,Sureste,CLI-188,Ocasional (alto volumen / baja frecuencia),Línea Estándar,Estándar Mayoreo,1066.7
2025-12,Sureste,CLI-188,Ocasional (alto volumen / baja frecuencia),Línea Estándar,Estándar Mayoreo,1020.38
2026-01,Sureste,CLI-188,Ocasional (alto volumen / baja frecuencia),Línea Estándar,Estándar Mayoreo,844.2
2026-06,Sureste,CLI-188,Ocasional (alto volumen / baja frecuencia),Línea Estándar,Estándar Mayoreo,1004.26
2025-01,Occidente,CLI-189,Recurrente (bajo volumen / alta frecuencia),Línea Estándar,Estándar Retail,396.93
2025-02,Occidente,CLI-189,Recurrente (bajo volumen / alta frecuencia),Línea Estándar,Estándar Retail,354.99
2025-03,Occidente,CLI-189,Recurrente (bajo volumen / alta frecuencia),Línea Estándar,Estándar Retail,352.26
2025-05,Occidente,CLI-189,Recurrente (bajo volumen / alta frecuencia),Línea Estándar,Estándar Retail,391.62
2025-07,Occidente,CLI-189,Recurrente (bajo volumen / alta frecuencia),Línea Estándar,Estándar Retail,290.59
2025-08,Occidente,CLI-189,Recurrente (bajo volumen / alta frecuencia),Línea Estándar,Estándar Retail,433.95
2025-10,Occidente,CLI-189,Recurrente (bajo volumen / alta frecuencia),Línea Estándar,Estándar Retail,358.7
2025-11,Occidente,CLI-189,Recurrente (bajo volumen / alta frecuencia),Línea Estándar,Estándar Retail,379.62
2025-12,Occidente,CLI-189,Recurrente (bajo volumen / alta frecuencia),Línea Estándar,Estándar Retail,345.89
2026-01,Occidente,CLI-189,Recurrente (bajo volumen / alta frecuencia),Línea Estándar,Estándar Retail,423.44
2026-02,Occidente,CLI-189,Recurrente (bajo volumen / alta frecuencia),Línea Estándar,Estándar Retail,370.49
2026-03,Occidente,CLI-189,Recurrente (bajo volumen / alta frecuencia),Línea Estándar,Estándar Retail,369.15
2026-04,Occidente,CLI-189,Recurrente (bajo volumen / alta frecuencia),Línea Estándar,Estándar Retail,339.05
2026-05,Occidente,CLI-189,Recurrente (bajo volumen / alta frecuencia),Línea Estándar,Estándar Retail,464.24
2026-06,Occidente,CLI-189,Recurrente (bajo volumen / alta frecuencia),Línea Estándar,Estándar Retail,379.76
2026-07,Occidente,CLI-189,Recurrente (bajo volumen / alta frecuencia),Línea Estándar,Estándar Retail,448.77
2025-01,Occidente,CLI-189,Recurrente (bajo volumen / alta frecuencia),Línea Estándar,Estándar Mayoreo,514.78
2025-03,Occidente,CLI-189,Recurrente (bajo volumen / alta frecuencia),Línea Estándar,Estándar Mayoreo,480.71
2025-04,Occidente,CLI-189,Recurrente (bajo volumen / alta frecuencia),Línea Estándar,Estándar Mayoreo,536.56
2025-05,Occidente,CLI-189,Recurrente (bajo volumen / alta frecuencia),Línea Estándar,Estándar Mayoreo,471.88
2025-07,Occidente,CLI-189,Recurrente (bajo volumen / alta frecuencia),Línea Estándar,Estándar Mayoreo,434.89
2025-09,Occidente,CLI-189,Recurrente (bajo volumen / alta frecuencia),Línea Estándar,Estándar Mayoreo,455.04
2025-10,Occidente,CLI-189,Recurrente (bajo volumen / alta frecuencia),Línea Estándar,Estándar Mayoreo,483.47
2025-12,Occidente,CLI-189,Recurrente (bajo volumen / alta frecuencia),Línea Estándar,Estándar Mayoreo,446.43
2026-02,Occidente,CLI-189,Recurrente (bajo volumen / alta frecuencia),Línea Estándar,Estándar Mayoreo,495.09
2026-03,Occidente,CLI-189,Recurrente (bajo volumen / alta frecuencia),Línea Estándar,Estándar Mayoreo,440.83
2026-04,Occidente,CLI-189,Recurrente (bajo volumen / alta frecuencia),Línea Estándar,Estándar Mayoreo,389.05
2026-05,Occidente,CLI-189,Recurrente (bajo volumen / alta frecuencia),Línea Estándar,Estándar Mayoreo,429.62
2026-07,Occidente,CLI-189,Recurrente (bajo volumen / alta frecuencia),Línea Estándar,Estándar Mayoreo,512.53
2025-03,Occidente,CLI-189,Recurrente (bajo volumen / alta frecuencia),Línea Económica,Económica Promocional,189.35
2025-05,Occidente,CLI-189,Recurrente (bajo volumen / alta frecuencia),Línea Económica,Económica Promocional,173.7
2025-06,Occidente,CLI-189,Recurrente (bajo volumen / alta frecuencia),Línea Económica,Económica Promocional,170.43
2025-09,Occidente,CLI-189,Recurrente (bajo volumen / alta frecuencia),Línea Económica,Económica Promocional,148.43
2025-10,Occidente,CLI-189,Recurrente (bajo volumen / alta frecuencia),Línea Económica,Económica Promocional,180.4
2025-11,Occidente,CLI-189,Recurrente (bajo volumen / alta frecuencia),Línea Económica,Económica Promocional,155.9
2025-12,Occidente,CLI-189,Recurrente (bajo volumen / alta frecuencia),Línea Económica,Económica Promocional,180.67
2026-01,Occidente,CLI-189,Recurrente (bajo volumen / alta frecuencia),Línea Económica,Económica Promocional,192.71
2026-03,Occidente,CLI-189,Recurrente (bajo volumen / alta frecuencia),Línea Económica,Económica Promocional,184.49
2026-04,Occidente,CLI-189,Recurrente (bajo volumen / alta frecuencia),Línea Económica,Económica Promocional,138.89
2026-05,Occidente,CLI-189,Recurrente (bajo volumen / alta frecuencia),Línea Económica,Económica Promocional,155.86
2026-06,Occidente,CLI-189,Recurrente (bajo volumen / alta frecuencia),Línea Económica,Económica Promocional,159.01
2026-07,Occidente,CLI-189,Recurrente (bajo volumen / alta frecuencia),Línea Económica,Económica Promocional,169.54
2026-08,Occidente,CLI-189,Recurrente (bajo volumen / alta frecuencia),Línea Económica,Económica Promocional,208.0
2025-01,Occidente,CLI-189,Recurrente (bajo volumen / alta frecuencia),Servicios postventa,Soporte y Mantenimiento,118.38
2025-03,Occidente,CLI-189,Recurrente (bajo volumen / alta frecuencia),Servicios postventa,Soporte y Mantenimiento,134.87
2025-04,Occidente,CLI-189,Recurrente (bajo volumen / alta frecuencia),Servicios postventa,Soporte y Mantenimiento,141.48
2025-05,Occidente,CLI-189,Recurrente (bajo volumen / alta frecuencia),Servicios postventa,Soporte y Mantenimiento,129.22
2025-07,Occidente,CLI-189,Recurrente (bajo volumen / alta frecuencia),Servicios postventa,Soporte y Mantenimiento,146.55
2025-09,Occidente,CLI-189,Recurrente (bajo volumen / alta frecuencia),Servicios postventa,Soporte y Mantenimiento,150.63
2025-11,Occidente,CLI-189,Recurrente (bajo volumen / alta frecuencia),Servicios postventa,Soporte y Mantenimiento,162.2
2025-12,Occidente,CLI-189,Recurrente (bajo volumen / alta frecuencia),Servicios postventa,Soporte y Mantenimiento,151.49
2026-01,Occidente,CLI-189,Recurrente (bajo volumen / alta frecuencia),Servicios postventa,Soporte y Mantenimiento,158.42
2026-02,Occidente,CLI-189,Recurrente (bajo volumen / alta frecuencia),Servicios postventa,Soporte y Mantenimiento,171.93
2026-03,Occidente,CLI-189,Recurrente (bajo volumen / alta frecuencia),Servicios postventa,Soporte y Mantenimiento,170.16
2026-06,Occidente,CLI-189,Recurrente (bajo volumen / alta frecuencia),Servicios postventa,Soporte y Mantenimiento,153.78
2026-07,Occidente,CLI-189,Recurrente (bajo volumen / alta frecuencia),Servicios postventa,Soporte y Mantenimiento,141.87
2026-08,Occidente,CLI-189,Recurrente (bajo volumen / alta frecuencia),Servicios postventa,Soporte y Mantenimiento,152.97
2025-02,Occidente,CLI-189,Recurrente (bajo volumen / alta frecuencia),Línea Económica,Económica Básica,259.05
2025-03,Occidente,CLI-189,Recurrente (bajo volumen / alta frecuencia),Línea Económica,Económica Básica,287.65
2025-04,Occidente,CLI-189,Recurrente (bajo volumen / alta frecuencia),Línea Económica,Económica Básica,330.15
2025-05,Occidente,CLI-189,Recurrente (bajo volumen / alta frecuencia),Línea Económica,Económica Básica,243.37
2025-08,Occidente,CLI-189,Recurrente (bajo volumen / alta frecuencia),Línea Económica,Económica Básica,248.72
2025-09,Occidente,CLI-189,Recurrente (bajo volumen / alta frecuencia),Línea Económica,Económica Básica,292.3
2025-10,Occidente,CLI-189,Recurrente (bajo volumen / alta frecuencia),Línea Económica,Económica Básica,297.2
2025-12,Occidente,CLI-189,Recurrente (bajo volumen / alta frecuencia),Línea Económica,Económica Básica,297.18
2026-02,Occidente,CLI-189,Recurrente (bajo volumen / alta frecuencia),Línea Económica,Económica Básica,232.82
2026-03,Occidente,CLI-189,Recurrente (bajo volumen / alta frecuencia),Línea Económica,Económica Básica,265.33
2026-04,Occidente,CLI-189,Recurrente (bajo volumen / alta frecuencia),Línea Económica,Económica Básica,311.6
2026-05,Occidente,CLI-189,Recurrente (bajo volumen / alta frecuencia),Línea Económica,Económica Básica,349.76
2026-06,Occidente,CLI-189,Recurrente (bajo volumen / alta frecuencia),Línea Económica,Económica Básica,310.13
2026-07,Occidente,CLI-189,Recurrente (bajo volumen / alta frecuencia),Línea Económica,Económica Básica,262.83
2026-08,Occidente,CLI-189,Recurrente (bajo volumen / alta frecuencia),Línea Económica,Económica Básica,304.11
2025-05,Sureste,CLI-190,Esporádico (bajo volumen / baja frecuencia),Servicios postventa,Soporte y Mantenimiento,139.89
2025-09,Sureste,CLI-190,Esporádico (bajo volumen / baja frecuencia),Servicios postventa,Soporte y Mantenimiento,162.05
2026-03,Sureste,CLI-190,Esporádico (bajo volumen / baja frecuencia),Servicios postventa,Soporte y Mantenimiento,168.42
2025-01,Sureste,CLI-190,Esporádico (bajo volumen / baja frecuencia),Línea Estándar,Estándar Mayoreo,409.7
2025-12,Sureste,CLI-190,Esporádico (bajo volumen / baja frecuencia),Línea Estándar,Estándar Mayoreo,369.88
2026-02,Sureste,CLI-190,Esporádico (bajo volumen / baja frecuencia),Línea Estándar,Estándar Mayoreo,291.34
2026-03,Sureste,CLI-190,Esporádico (bajo volumen / baja frecuencia),Línea Estándar,Estándar Mayoreo,377.59
2026-06,Sureste,CLI-190,Esporádico (bajo volumen / baja frecuencia),Línea Estándar,Estándar Mayoreo,378.99
2026-04,Sureste,CLI-190,Esporádico (bajo volumen / baja frecuencia),Línea Económica,Económica Básica,276.98
2025-01,Norte,CLI-191,VIP (alto volumen / alta frecuencia),Línea Premium,Premium Exportación,1328.7
2025-02,Norte,CLI-191,VIP (alto volumen / alta frecuencia),Línea Premium,Premium Exportación,1359.52
2025-03,Norte,CLI-191,VIP (alto volumen / alta frecuencia),Línea Premium,Premium Exportación,883.16
2025-04,Norte,CLI-191,VIP (alto volumen / alta frecuencia),Línea Premium,Premium Exportación,1414.99
2025-05,Norte,CLI-191,VIP (alto volumen / alta frecuencia),Línea Premium,Premium Exportación,1184.66
2025-07,Norte,CLI-191,VIP (alto volumen / alta frecuencia),Línea Premium,Premium Exportación,1390.75
2025-08,Norte,CLI-191,VIP (alto volumen / alta frecuencia),Línea Premium,Premium Exportación,1209.62
2025-09,Norte,CLI-191,VIP (alto volumen / alta frecuencia),Línea Premium,Premium Exportación,1278.24
2025-10,Norte,CLI-191,VIP (alto volumen / alta frecuencia),Línea Premium,Premium Exportación,1156.27
2025-11,Norte,CLI-191,VIP (alto volumen / alta frecuencia),Línea Premium,Premium Exportación,1392.67
2025-12,Norte,CLI-191,VIP (alto volumen / alta frecuencia),Línea Premium,Premium Exportación,1310.79
2026-01,Norte,CLI-191,VIP (alto volumen / alta frecuencia),Línea Premium,Premium Exportación,1079.97
2026-02,Norte,CLI-191,VIP (alto volumen / alta frecuencia),Línea Premium,Premium Exportación,1206.57
2026-03,Norte,CLI-191,VIP (alto volumen / alta frecuencia),Línea Premium,Premium Exportación,1376.31
2026-04,Norte,CLI-191,VIP (alto volumen / alta frecuencia),Línea Premium,Premium Exportación,1371.49
2026-05,Norte,CLI-191,VIP (alto volumen / alta frecuencia),Línea Premium,Premium Exportación,1504.82
2026-07,Norte,CLI-191,VIP (alto volumen / alta frecuencia),Línea Premium,Premium Exportación,1440.48
2026-08,Norte,CLI-191,VIP (alto volumen / alta frecuencia),Línea Premium,Premium Exportación,1277.28
2025-01,Norte,CLI-191,VIP (alto volumen / alta frecuencia),Línea Premium,Premium Hogar,905.64
2025-02,Norte,CLI-191,VIP (alto volumen / alta frecuencia),Línea Premium,Premium Hogar,1179.29
2025-03,Norte,CLI-191,VIP (alto volumen / alta frecuencia),Línea Premium,Premium Hogar,1219.3
2025-04,Norte,CLI-191,VIP (alto volumen / alta frecuencia),Línea Premium,Premium Hogar,987.25
2025-05,Norte,CLI-191,VIP (alto volumen / alta frecuencia),Línea Premium,Premium Hogar,1322.67
2025-07,Norte,CLI-191,VIP (alto volumen / alta frecuencia),Línea Premium,Premium Hogar,1409.83
2025-08,Norte,CLI-191,VIP (alto volumen / alta frecuencia),Línea Premium,Premium Hogar,1178.43
2025-09,Norte,CLI-191,VIP (alto volumen / alta frecuencia),Línea Premium,Premium Hogar,1140.74
2025-10,Norte,CLI-191,VIP (alto volumen / alta frecuencia),Línea Premium,Premium Hogar,1241.01
2025-12,Norte,CLI-191,VIP (alto volumen / alta frecuencia),Línea Premium,Premium Hogar,1373.49
2026-01,Norte,CLI-191,VIP (alto volumen / alta frecuencia),Línea Premium,Premium Hogar,1431.92
2026-02,Norte,CLI-191,VIP (alto volumen / alta frecuencia),Línea Premium,Premium Hogar,1161.57
2026-03,Norte,CLI-191,VIP (alto volumen / alta frecuencia),Línea Premium,Premium Hogar,1351.99
2026-05,Norte,CLI-191,VIP (alto volumen / alta frecuencia),Línea Premium,Premium Hogar,1090.59
2026-06,Norte,CLI-191,VIP (alto volumen / alta frecuencia),Línea Premium,Premium Hogar,1470.41
2026-07,Norte,CLI-191,VIP (alto volumen / alta frecuencia),Línea Premium,Premium Hogar,1262.13
2026-08,Norte,CLI-191,VIP (alto volumen / alta frecuencia),Línea Premium,Premium Hogar,1155.87
2025-01,Norte,CLI-191,VIP (alto volumen / alta frecuencia),Línea Premium,Premium Oficina,965.01
2025-02,Norte,CLI-191,VIP (alto volumen / alta frecuencia),Línea Premium,Premium Oficina,844.49
2025-03,Norte,CLI-191,VIP (alto volumen / alta frecuencia),Línea Premium,Premium Oficina,1169.46
2025-04,Norte,CLI-191,VIP (alto volumen / alta frecuencia),Línea Premium,Premium Oficina,1089.66
2025-05,Norte,CLI-191,VIP (alto volumen / alta frecuencia),Línea Premium,Premium Oficina,969.41
2025-06,Norte,CLI-191,VIP (alto volumen / alta frecuencia),Línea Premium,Premium Oficina,834.8
2025-07,Norte,CLI-191,VIP (alto volumen / alta frecuencia),Línea Premium,Premium Oficina,1017.15
2025-09,Norte,CLI-191,VIP (alto volumen / alta frecuencia),Línea Premium,Premium Oficina,967.18
2025-10,Norte,CLI-191,VIP (alto volumen / alta frecuencia),Línea Premium,Premium Oficina,1054.35
2025-11,Norte,CLI-191,VIP (alto volumen / alta frecuencia),Línea Premium,Premium Oficina,1050.77
2025-12,Norte,CLI-191,VIP (alto volumen / alta frecuencia),Línea Premium,Premium Oficina,1028.97
2026-01,Norte,CLI-191,VIP (alto volumen / alta frecuencia),Línea Premium,Premium Oficina,1004.09
2026-02,Norte,CLI-191,VIP (alto volumen / alta frecuencia),Línea Premium,Premium Oficina,1015.38
2026-03,Norte,CLI-191,VIP (alto volumen / alta frecuencia),Línea Premium,Premium Oficina,1061.31
2026-04,Norte,CLI-191,VIP (alto volumen / alta frecuencia),Línea Premium,Premium Oficina,899.32
2026-05,Norte,CLI-191,VIP (alto volumen / alta frecuencia),Línea Premium,Premium Oficina,1241.99
2026-06,Norte,CLI-191,VIP (alto volumen / alta frecuencia),Línea Premium,Premium Oficina,1072.88
2026-07,Norte,CLI-191,VIP (alto volumen / alta frecuencia),Línea Premium,Premium Oficina,1109.1
2026-08,Norte,CLI-191,VIP (alto volumen / alta frecuencia),Línea Premium,Premium Oficina,1208.97
2025-01,Norte,CLI-191,VIP (alto volumen / alta frecuencia),Línea Económica,Económica Promocional,576.37
2025-02,Norte,CLI-191,VIP (alto volumen / alta frecuencia),Línea Económica,Económica Promocional,496.46
2025-03,Norte,CLI-191,VIP (alto volumen / alta frecuencia),Línea Económica,Económica Promocional,513.71
2025-04,Norte,CLI-191,VIP (alto volumen / alta frecuencia),Línea Económica,Económica Promocional,640.21
2025-05,Norte,CLI-191,VIP (alto volumen / alta frecuencia),Línea Económica,Económica Promocional,589.95
2025-06,Norte,CLI-191,VIP (alto volumen / alta frecuencia),Línea Económica,Económica Promocional,547.58
2025-07,Norte,CLI-191,VIP (alto volumen / alta frecuencia),Línea Económica,Económica Promocional,432.45
2025-08,Norte,CLI-191,VIP (alto volumen / alta frecuencia),Línea Económica,Económica Promocional,571.48
2025-09,Norte,CLI-191,VIP (alto volumen / alta frecuencia),Línea Económica,Económica Promocional,559.62
2025-10,Norte,CLI-191,VIP (alto volumen / alta frecuencia),Línea Económica,Económica Promocional,337.12
2025-11,Norte,CLI-191,VIP (alto volumen / alta frecuencia),Línea Económica,Económica Promocional,545.68
2025-12,Norte,CLI-191,VIP (alto volumen / alta frecuencia),Línea Económica,Económica Promocional,527.91
2026-01,Norte,CLI-191,VIP (alto volumen / alta frecuencia),Línea Económica,Económica Promocional,655.42
2026-02,Norte,CLI-191,VIP (alto volumen / alta frecuencia),Línea Económica,Económica Promocional,632.64
2026-03,Norte,CLI-191,VIP (alto volumen / alta frecuencia),Línea Económica,Económica Promocional,522.99
2026-04,Norte,CLI-191,VIP (alto volumen / alta frecuencia),Línea Económica,Económica Promocional,498.1
2026-05,Norte,CLI-191,VIP (alto volumen / alta frecuencia),Línea Económica,Económica Promocional,513.67
2026-06,Norte,CLI-191,VIP (alto volumen / alta frecuencia),Línea Económica,Económica Promocional,620.73
2026-07,Norte,CLI-191,VIP (alto volumen / alta frecuencia),Línea Económica,Económica Promocional,439.26
2026-08,Norte,CLI-191,VIP (alto volumen / alta frecuencia),Línea Económica,Económica Promocional,615.18
2025-01,Norte,CLI-191,VIP (alto volumen / alta frecuencia),Línea Estándar,Estándar Retail,690.55
2025-02,Norte,CLI-191,VIP (alto volumen / alta frecuencia),Línea Estándar,Estándar Retail,1047.95
2025-03,Norte,CLI-191,VIP (alto volumen / alta frecuencia),Línea Estándar,Estándar Retail,877.8
2025-04,Norte,CLI-191,VIP (alto volumen / alta frecuencia),Línea Estándar,Estándar Retail,868.38
2025-05,Norte,CLI-191,VIP (alto volumen / alta frecuencia),Línea Estándar,Estándar Retail,810.02
2025-06,Norte,CLI-191,VIP (alto volumen / alta frecuencia),Línea Estándar,Estándar Retail,881.05
2025-07,Norte,CLI-191,VIP (alto volumen / alta frecuencia),Línea Estándar,Estándar Retail,951.38
2025-08,Norte,CLI-191,VIP (alto volumen / alta frecuencia),Línea Estándar,Estándar Retail,908.88
2025-09,Norte,CLI-191,VIP (alto volumen / alta frecuencia),Línea Estándar,Estándar Retail,738.8
2025-10,Norte,CLI-191,VIP (alto volumen / alta frecuencia),Línea Estándar,Estándar Retail,793.65
2025-11,Norte,CLI-191,VIP (alto volumen / alta frecuencia),Línea Estándar,Estándar Retail,877.37
2025-12,Norte,CLI-191,VIP (alto volumen / alta frecuencia),Línea Estándar,Estándar Retail,1021.45
2026-01,Norte,CLI-191,VIP (alto volumen / alta frecuencia),Línea Estándar,Estándar Retail,793.15
2026-02,Norte,CLI-191,VIP (alto volumen / alta frecuencia),Línea Estándar,Estándar Retail,859.93
2026-03,Norte,CLI-191,VIP (alto volumen / alta frecuencia),Línea Estándar,Estándar Retail,809.54
2026-04,Norte,CLI-191,VIP (alto volumen / alta frecuencia),Línea Estándar,Estándar Retail,923.58
2026-05,Norte,CLI-191,VIP (alto volumen / alta frecuencia),Línea Estándar,Estándar Retail,923.66
2026-06,Norte,CLI-191,VIP (alto volumen / alta frecuencia),Línea Estándar,Estándar Retail,907.37
2026-07,Norte,CLI-191,VIP (alto volumen / alta frecuencia),Línea Estándar,Estándar Retail,853.68
2026-08,Norte,CLI-191,VIP (alto volumen / alta frecuencia),Línea Estándar,Estándar Retail,859.36
2025-01,Norte,CLI-191,VIP (alto volumen / alta frecuencia),Servicios postventa,Soporte y Mantenimiento,284.49
2025-02,Norte,CLI-191,VIP (alto volumen / alta frecuencia),Servicios postventa,Soporte y Mantenimiento,286.93
2025-03,Norte,CLI-191,VIP (alto volumen / alta frecuencia),Servicios postventa,Soporte y Mantenimiento,350.69
2025-05,Norte,CLI-191,VIP (alto volumen / alta frecuencia),Servicios postventa,Soporte y Mantenimiento,321.12
2025-06,Norte,CLI-191,VIP (alto volumen / alta frecuencia),Servicios postventa,Soporte y Mantenimiento,363.34
2025-07,Norte,CLI-191,VIP (alto volumen / alta frecuencia),Servicios postventa,Soporte y Mantenimiento,407.41
2025-08,Norte,CLI-191,VIP (alto volumen / alta frecuencia),Servicios postventa,Soporte y Mantenimiento,263.31
2025-09,Norte,CLI-191,VIP (alto volumen / alta frecuencia),Servicios postventa,Soporte y Mantenimiento,310.04
2025-10,Norte,CLI-191,VIP (alto volumen / alta frecuencia),Servicios postventa,Soporte y Mantenimiento,337.85
2025-11,Norte,CLI-191,VIP (alto volumen / alta frecuencia),Servicios postventa,Soporte y Mantenimiento,488.26
2025-12,Norte,CLI-191,VIP (alto volumen / alta frecuencia),Servicios postventa,Soporte y Mantenimiento,337.74
2026-01,Norte,CLI-191,VIP (alto volumen / alta frecuencia),Servicios postventa,Soporte y Mantenimiento,383.64
2026-02,Norte,CLI-191,VIP (alto volumen / alta frecuencia),Servicios postventa,Soporte y Mantenimiento,355.39
2026-04,Norte,CLI-191,VIP (alto volumen / alta frecuencia),Servicios postventa,Soporte y Mantenimiento,374.53
2026-05,Norte,CLI-191,VIP (alto volumen / alta frecuencia),Servicios postventa,Soporte y Mantenimiento,340.96
2026-06,Norte,CLI-191,VIP (alto volumen / alta frecuencia),Servicios postventa,Soporte y Mantenimiento,419.14
2026-07,Norte,CLI-191,VIP (alto volumen / alta frecuencia),Servicios postventa,Soporte y Mantenimiento,405.49
2026-08,Norte,CLI-191,VIP (alto volumen / alta frecuencia),Servicios postventa,Soporte y Mantenimiento,509.91
2025-01,Norte,CLI-191,VIP (alto volumen / alta frecuencia),Línea Estándar,Estándar Mayoreo,1126.51
2025-02,Norte,CLI-191,VIP (alto volumen / alta frecuencia),Línea Estándar,Estándar Mayoreo,990.22
2025-03,Norte,CLI-191,VIP (alto volumen / alta frecuencia),Línea Estándar,Estándar Mayoreo,1123.01
2025-04,Norte,CLI-191,VIP (alto volumen / alta frecuencia),Línea Estándar,Estándar Mayoreo,1021.61
2025-05,Norte,CLI-191,VIP (alto volumen / alta frecuencia),Línea Estándar,Estándar Mayoreo,833.9
2025-06,Norte,CLI-191,VIP (alto volumen / alta frecuencia),Línea Estándar,Estándar Mayoreo,1112.21
2025-07,Norte,CLI-191,VIP (alto volumen / alta frecuencia),Línea Estándar,Estándar Mayoreo,983.1
2025-08,Norte,CLI-191,VIP (alto volumen / alta frecuencia),Línea Estándar,Estándar Mayoreo,908.6
2025-09,Norte,CLI-191,VIP (alto volumen / alta frecuencia),Línea Estándar,Estándar Mayoreo,975.59
2025-10,Norte,CLI-191,VIP (alto volumen / alta frecuencia),Línea Estándar,Estándar Mayoreo,979.99
2025-11,Norte,CLI-191,VIP (alto volumen / alta frecuencia),Línea Estándar,Estándar Mayoreo,1130.93
2025-12,Norte,CLI-191,VIP (alto volumen / alta frecuencia),Línea Estándar,Estándar Mayoreo,989.7
2026-01,Norte,CLI-191,VIP (alto volumen / alta frecuencia),Línea Estándar,Estándar Mayoreo,954.85
2026-02,Norte,CLI-191,VIP (alto volumen / alta frecuencia),Línea Estándar,Estándar Mayoreo,958.51
2026-04,Norte,CLI-191,VIP (alto volumen / alta frecuencia),Línea Estándar,Estándar Mayoreo,1091.5
2026-06,Norte,CLI-191,VIP (alto volumen / alta frecuencia),Línea Estándar,Estándar Mayoreo,1125.72
2026-07,Norte,CLI-191,VIP (alto volumen / alta frecuencia),Línea Estándar,Estándar Mayoreo,1023.28
2026-08,Norte,CLI-191,VIP (alto volumen / alta frecuencia),Línea Estándar,Estándar Mayoreo,573.94
2025-01,Norte,CLI-191,VIP (alto volumen / alta frecuencia),Línea Económica,Económica Básica,613.87
2025-02,Norte,CLI-191,VIP (alto volumen / alta frecuencia),Línea Económica,Económica Básica,740.39
2025-03,Norte,CLI-191,VIP (alto volumen / alta frecuencia),Línea Económica,Económica Básica,621.39
2025-05,Norte,CLI-191,VIP (alto volumen / alta frecuencia),Línea Económica,Económica Básica,684.19
2025-06,Norte,CLI-191,VIP (alto volumen / alta frecuencia),Línea Económica,Económica Básica,651.34
2025-07,Norte,CLI-191,VIP (alto volumen / alta frecuencia),Línea Económica,Económica Básica,533.98
2025-08,Norte,CLI-191,VIP (alto volumen / alta frecuencia),Línea Económica,Económica Básica,593.13
2025-09,Norte,CLI-191,VIP (alto volumen / alta frecuencia),Línea Económica,Económica Básica,601.89
2025-11,Norte,CLI-191,VIP (alto volumen / alta frecuencia),Línea Económica,Económica Básica,704.82
2025-12,Norte,CLI-191,VIP (alto volumen / alta frecuencia),Línea Económica,Económica Básica,614.68
2026-01,Norte,CLI-191,VIP (alto volumen / alta frecuencia),Línea Económica,Económica Básica,724.56
2026-02,Norte,CLI-191,VIP (alto volumen / alta frecuencia),Línea Económica,Económica Básica,556.33
2026-03,Norte,CLI-191,VIP (alto volumen / alta frecuencia),Línea Económica,Económica Básica,707.43
2026-04,Norte,CLI-191,VIP (alto volumen / alta frecuencia),Línea Económica,Económica Básica,669.89
2026-06,Norte,CLI-191,VIP (alto volumen / alta frecuencia),Línea Económica,Económica Básica,737.78
2026-07,Norte,CLI-191,VIP (alto volumen / alta frecuencia),Línea Económica,Económica Básica,636.94
2026-08,Norte,CLI-191,VIP (alto volumen / alta frecuencia),Línea Económica,Económica Básica,685.62
2025-03,Norte,CLI-192,Esporádico (bajo volumen / baja frecuencia),Línea Económica,Económica Promocional,215.48
2025-08,Norte,CLI-192,Esporádico (bajo volumen / baja frecuencia),Línea Económica,Económica Promocional,193.29
2025-11,Norte,CLI-192,Esporádico (bajo volumen / baja frecuencia),Línea Económica,Económica Promocional,214.35
2026-05,Norte,CLI-192,Esporádico (bajo volumen / baja frecuencia),Línea Económica,Económica Promocional,241.2
2025-02,Norte,CLI-193,Ocasional (alto volumen / baja frecuencia),Línea Económica,Económica Básica,475.65
2025-03,Norte,CLI-193,Ocasional (alto volumen / baja frecuencia),Línea Económica,Económica Básica,488.51
2025-06,Norte,CLI-193,Ocasional (alto volumen / baja frecuencia),Línea Económica,Económica Básica,458.39
2025-07,Norte,CLI-193,Ocasional (alto volumen / baja frecuencia),Línea Económica,Económica Básica,461.58
2025-08,Norte,CLI-193,Ocasional (alto volumen / baja frecuencia),Línea Económica,Económica Básica,437.99
2025-09,Norte,CLI-193,Ocasional (alto volumen / baja frecuencia),Línea Económica,Económica Básica,510.04
2026-07,Norte,CLI-193,Ocasional (alto volumen / baja frecuencia),Línea Económica,Económica Básica,418.27
2026-08,Norte,CLI-193,Ocasional (alto volumen / baja frecuencia),Línea Económica,Económica Básica,379.1
2025-05,Norte,CLI-193,Ocasional (alto volumen / baja frecuencia),Línea Estándar,Estándar Mayoreo,815.25
2025-08,Norte,CLI-193,Ocasional (alto volumen / baja frecuencia),Línea Estándar,Estándar Mayoreo,755.71
2025-10,Norte,CLI-193,Ocasional (alto volumen / baja frecuencia),Línea Estándar,Estándar Mayoreo,731.78
2025-11,Norte,CLI-193,Ocasional (alto volumen / baja frecuencia),Línea Estándar,Estándar Mayoreo,888.37
2026-05,Norte,CLI-193,Ocasional (alto volumen / baja frecuencia),Línea Estándar,Estándar Mayoreo,603.7
2026-07,Norte,CLI-193,Ocasional (alto volumen / baja frecuencia),Línea Estándar,Estándar Mayoreo,823.07
2025-04,Norte,CLI-193,Ocasional (alto volumen / baja frecuencia),Línea Premium,Premium Oficina,677.75
2025-08,Norte,CLI-193,Ocasional (alto volumen / baja frecuencia),Línea Premium,Premium Oficina,980.98
2026-01,Norte,CLI-193,Ocasional (alto volumen / baja frecuencia),Línea Premium,Premium Oficina,861.06
2026-02,Norte,CLI-193,Ocasional (alto volumen / baja frecuencia),Línea Premium,Premium Oficina,812.09
2026-05,Norte,CLI-193,Ocasional (alto volumen / baja frecuencia),Línea Premium,Premium Oficina,742.98
2026-07,Norte,CLI-193,Ocasional (alto volumen / baja frecuencia),Línea Premium,Premium Oficina,736.19
2025-01,Norte,CLI-194,Recurrente (bajo volumen / alta frecuencia),Línea Económica,Económica Promocional,104.01
2025-02,Norte,CLI-194,Recurrente (bajo volumen / alta frecuencia),Línea Económica,Económica Promocional,173.57
2025-03,Norte,CLI-194,Recurrente (bajo volumen / alta frecuencia),Línea Económica,Económica Promocional,149.41
2025-05,Norte,CLI-194,Recurrente (bajo volumen / alta frecuencia),Línea Económica,Económica Promocional,152.85
2025-06,Norte,CLI-194,Recurrente (bajo volumen / alta frecuencia),Línea Económica,Económica Promocional,152.27
2025-07,Norte,CLI-194,Recurrente (bajo volumen / alta frecuencia),Línea Económica,Económica Promocional,152.58
2025-08,Norte,CLI-194,Recurrente (bajo volumen / alta frecuencia),Línea Económica,Económica Promocional,140.03
2025-09,Norte,CLI-194,Recurrente (bajo volumen / alta frecuencia),Línea Económica,Económica Promocional,159.64
2025-10,Norte,CLI-194,Recurrente (bajo volumen / alta frecuencia),Línea Económica,Económica Promocional,151.58
2026-01,Norte,CLI-194,Recurrente (bajo volumen / alta frecuencia),Línea Económica,Económica Promocional,154.3
2026-02,Norte,CLI-194,Recurrente (bajo volumen / alta frecuencia),Línea Económica,Económica Promocional,162.74
2026-04,Norte,CLI-194,Recurrente (bajo volumen / alta frecuencia),Línea Económica,Económica Promocional,128.08
2026-05,Norte,CLI-194,Recurrente (bajo volumen / alta frecuencia),Línea Económica,Económica Promocional,149.49
2026-06,Norte,CLI-194,Recurrente (bajo volumen / alta frecuencia),Línea Económica,Económica Promocional,155.73
2026-08,Norte,CLI-194,Recurrente (bajo volumen / alta frecuencia),Línea Económica,Económica Promocional,133.41
2025-01,Norte,CLI-194,Recurrente (bajo volumen / alta frecuencia),Línea Estándar,Estándar Mayoreo,216.11
2025-02,Norte,CLI-194,Recurrente (bajo volumen / alta frecuencia),Línea Estándar,Estándar Mayoreo,323.37
2025-03,Norte,CLI-194,Recurrente (bajo volumen / alta frecuencia),Línea Estándar,Estándar Mayoreo,227.52
2025-07,Norte,CLI-194,Recurrente (bajo volumen / alta frecuencia),Línea Estándar,Estándar Mayoreo,361.35
2025-08,Norte,CLI-194,Recurrente (bajo volumen / alta frecuencia),Línea Estándar,Estándar Mayoreo,277.87
2025-09,Norte,CLI-194,Recurrente (bajo volumen / alta frecuencia),Línea Estándar,Estándar Mayoreo,301.07
2025-10,Norte,CLI-194,Recurrente (bajo volumen / alta frecuencia),Línea Estándar,Estándar Mayoreo,265.02
2025-11,Norte,CLI-194,Recurrente (bajo volumen / alta frecuencia),Línea Estándar,Estándar Mayoreo,293.87
2025-12,Norte,CLI-194,Recurrente (bajo volumen / alta frecuencia),Línea Estándar,Estándar Mayoreo,217.09
2026-02,Norte,CLI-194,Recurrente (bajo volumen / alta frecuencia),Línea Estándar,Estándar Mayoreo,210.26
2026-03,Norte,CLI-194,Recurrente (bajo volumen / alta frecuencia),Línea Estándar,Estándar Mayoreo,272.83
2026-04,Norte,CLI-194,Recurrente (bajo volumen / alta frecuencia),Línea Estándar,Estándar Mayoreo,267.31
2026-07,Norte,CLI-194,Recurrente (bajo volumen / alta frecuencia),Línea Estándar,Estándar Mayoreo,224.27
2025-04,Norte,CLI-194,Recurrente (bajo volumen / alta frecuencia),Línea Premium,Premium Hogar,321.05
2025-05,Norte,CLI-194,Recurrente (bajo volumen / alta frecuencia),Línea Premium,Premium Hogar,298.02
2025-06,Norte,CLI-194,Recurrente (bajo volumen / alta frecuencia),Línea Premium,Premium Hogar,475.29
2025-07,Norte,CLI-194,Recurrente (bajo volumen / alta frecuencia),Línea Premium,Premium Hogar,353.26
2025-08,Norte,CLI-194,Recurrente (bajo volumen / alta frecuencia),Línea Premium,Premium Hogar,511.63
2025-09,Norte,CLI-194,Recurrente (bajo volumen / alta frecuencia),Línea Premium,Premium Hogar,412.61
2025-10,Norte,CLI-194,Recurrente (bajo volumen / alta frecuencia),Línea Premium,Premium Hogar,314.39
2025-12,Norte,CLI-194,Recurrente (bajo volumen / alta frecuencia),Línea Premium,Premium Hogar,403.72
2026-01,Norte,CLI-194,Recurrente (bajo volumen / alta frecuencia),Línea Premium,Premium Hogar,488.24
2026-02,Norte,CLI-194,Recurrente (bajo volumen / alta frecuencia),Línea Premium,Premium Hogar,363.07
2026-03,Norte,CLI-194,Recurrente (bajo volumen / alta frecuencia),Línea Premium,Premium Hogar,326.12
2026-04,Norte,CLI-194,Recurrente (bajo volumen / alta frecuencia),Línea Premium,Premium Hogar,402.3
2026-05,Norte,CLI-194,Recurrente (bajo volumen / alta frecuencia),Línea Premium,Premium Hogar,397.39
2026-07,Norte,CLI-194,Recurrente (bajo volumen / alta frecuencia),Línea Premium,Premium Hogar,437.58
2025-01,Norte,CLI-194,Recurrente (bajo volumen / alta frecuencia),Servicios postventa,Soporte y Mantenimiento,109.33
2025-02,Norte,CLI-194,Recurrente (bajo volumen / alta frecuencia),Servicios postventa,Soporte y Mantenimiento,118.84
2025-03,Norte,CLI-194,Recurrente (bajo volumen / alta frecuencia),Servicios postventa,Soporte y Mantenimiento,81.89
2025-05,Norte,CLI-194,Recurrente (bajo volumen / alta frecuencia),Servicios postventa,Soporte y Mantenimiento,124.31
2025-06,Norte,CLI-194,Recurrente (bajo volumen / alta frecuencia),Servicios postventa,Soporte y Mantenimiento,99.26
2025-08,Norte,CLI-194,Recurrente (bajo volumen / alta frecuencia),Servicios postventa,Soporte y Mantenimiento,111.5
2025-09,Norte,CLI-194,Recurrente (bajo volumen / alta frecuencia),Servicios postventa,Soporte y Mantenimiento,129.14
2025-10,Norte,CLI-194,Recurrente (bajo volumen / alta frecuencia),Servicios postventa,Soporte y Mantenimiento,110.66
2025-11,Norte,CLI-194,Recurrente (bajo volumen / alta frecuencia),Servicios postventa,Soporte y Mantenimiento,102.84
2025-12,Norte,CLI-194,Recurrente (bajo volumen / alta frecuencia),Servicios postventa,Soporte y Mantenimiento,113.83
2026-02,Norte,CLI-194,Recurrente (bajo volumen / alta frecuencia),Servicios postventa,Soporte y Mantenimiento,108.99
2026-03,Norte,CLI-194,Recurrente (bajo volumen / alta frecuencia),Servicios postventa,Soporte y Mantenimiento,135.76
2026-04,Norte,CLI-194,Recurrente (bajo volumen / alta frecuencia),Servicios postventa,Soporte y Mantenimiento,124.49
2026-05,Norte,CLI-194,Recurrente (bajo volumen / alta frecuencia),Servicios postventa,Soporte y Mantenimiento,124.63
2026-06,Norte,CLI-194,Recurrente (bajo volumen / alta frecuencia),Servicios postventa,Soporte y Mantenimiento,178.48
2026-07,Norte,CLI-194,Recurrente (bajo volumen / alta frecuencia),Servicios postventa,Soporte y Mantenimiento,137.84
2026-08,Norte,CLI-194,Recurrente (bajo volumen / alta frecuencia),Servicios postventa,Soporte y Mantenimiento,142.03
2025-05,Norte,CLI-194,Recurrente (bajo volumen / alta frecuencia),Línea Económica,Económica Básica,183.71
2025-06,Norte,CLI-194,Recurrente (bajo volumen / alta frecuencia),Línea Económica,Económica Básica,195.16
2025-07,Norte,CLI-194,Recurrente (bajo volumen / alta frecuencia),Línea Económica,Económica Básica,174.56
2025-08,Norte,CLI-194,Recurrente (bajo volumen / alta frecuencia),Línea Económica,Económica Básica,177.08
2025-09,Norte,CLI-194,Recurrente (bajo volumen / alta frecuencia),Línea Económica,Económica Básica,164.08
2025-10,Norte,CLI-194,Recurrente (bajo volumen / alta frecuencia),Línea Económica,Económica Básica,151.08
2025-12,Norte,CLI-194,Recurrente (bajo volumen / alta frecuencia),Línea Económica,Económica Básica,206.1
2026-01,Norte,CLI-194,Recurrente (bajo volumen / alta frecuencia),Línea Económica,Económica Básica,212.98
2026-02,Norte,CLI-194,Recurrente (bajo volumen / alta frecuencia),Línea Económica,Económica Básica,202.53
2026-06,Norte,CLI-194,Recurrente (bajo volumen / alta frecuencia),Línea Económica,Económica Básica,151.01
2026-07,Norte,CLI-194,Recurrente (bajo volumen / alta frecuencia),Línea Económica,Económica Básica,182.13
2026-08,Norte,CLI-194,Recurrente (bajo volumen / alta frecuencia),Línea Económica,Económica Básica,180.78
2025-01,Norte,CLI-194,Recurrente (bajo volumen / alta frecuencia),Línea Estándar,Estándar Retail,227.41
2025-02,Norte,CLI-194,Recurrente (bajo volumen / alta frecuencia),Línea Estándar,Estándar Retail,273.07
2025-03,Norte,CLI-194,Recurrente (bajo volumen / alta frecuencia),Línea Estándar,Estándar Retail,254.39
2025-04,Norte,CLI-194,Recurrente (bajo volumen / alta frecuencia),Línea Estándar,Estándar Retail,245.06
2025-05,Norte,CLI-194,Recurrente (bajo volumen / alta frecuencia),Línea Estándar,Estándar Retail,285.92
2025-06,Norte,CLI-194,Recurrente (bajo volumen / alta frecuencia),Línea Estándar,Estándar Retail,229.75
2025-08,Norte,CLI-194,Recurrente (bajo volumen / alta frecuencia),Línea Estándar,Estándar Retail,227.75
2025-10,Norte,CLI-194,Recurrente (bajo volumen / alta frecuencia),Línea Estándar,Estándar Retail,230.79
2025-11,Norte,CLI-194,Recurrente (bajo volumen / alta frecuencia),Línea Estándar,Estándar Retail,293.62
2026-01,Norte,CLI-194,Recurrente (bajo volumen / alta frecuencia),Línea Estándar,Estándar Retail,305.02
2026-02,Norte,CLI-194,Recurrente (bajo volumen / alta frecuencia),Línea Estándar,Estándar Retail,255.9
2026-03,Norte,CLI-194,Recurrente (bajo volumen / alta frecuencia),Línea Estándar,Estándar Retail,242.0
2026-04,Norte,CLI-194,Recurrente (bajo volumen / alta frecuencia),Línea Estándar,Estándar Retail,258.08
2026-05,Norte,CLI-194,Recurrente (bajo volumen / alta frecuencia),Línea Estándar,Estándar Retail,253.78
2026-06,Norte,CLI-194,Recurrente (bajo volumen / alta frecuencia),Línea Estándar,Estándar Retail,266.32
2026-07,Norte,CLI-194,Recurrente (bajo volumen / alta frecuencia),Línea Estándar,Estándar Retail,196.82
2026-02,Norte,CLI-195,Ocasional (alto volumen / baja frecuencia),Línea Premium,Premium Hogar,1176.03
2026-08,Norte,CLI-195,Ocasional (alto volumen / baja frecuencia),Línea Premium,Premium Hogar,1104.99
2025-03,Norte,CLI-195,Ocasional (alto volumen / baja frecuencia),Línea Económica,Económica Promocional,398.84
2025-08,Norte,CLI-195,Ocasional (alto volumen / baja frecuencia),Línea Económica,Económica Promocional,332.36
2025-09,Norte,CLI-195,Ocasional (alto volumen / baja frecuencia),Línea Económica,Económica Promocional,401.38
2025-12,Norte,CLI-195,Ocasional (alto volumen / baja frecuencia),Línea Económica,Económica Promocional,356.02
2025-08,Norte,CLI-195,Ocasional (alto volumen / baja frecuencia),Línea Estándar,Estándar Mayoreo,993.6
2025-10,Norte,CLI-195,Ocasional (alto volumen / baja frecuencia),Línea Estándar,Estándar Mayoreo,840.17
2025-11,Norte,CLI-195,Ocasional (alto volumen / baja frecuencia),Línea Estándar,Estándar Mayoreo,1120.14
2026-04,Norte,CLI-195,Ocasional (alto volumen / baja frecuencia),Línea Estándar,Estándar Mayoreo,1156.1
2026-06,Norte,CLI-195,Ocasional (alto volumen / baja frecuencia),Línea Estándar,Estándar Mayoreo,1087.26
2026-07,Norte,CLI-195,Ocasional (alto volumen / baja frecuencia),Línea Estándar,Estándar Mayoreo,1135.7
2026-08,Norte,CLI-195,Ocasional (alto volumen / baja frecuencia),Línea Estándar,Estándar Mayoreo,623.22
2025-03,Occidente,CLI-196,Esporádico (bajo volumen / baja frecuencia),Línea Premium,Premium Exportación,432.3
2025-05,Occidente,CLI-196,Esporádico (bajo volumen / baja frecuencia),Línea Premium,Premium Exportación,467.16
2025-08,Occidente,CLI-196,Esporádico (bajo volumen / baja frecuencia),Línea Premium,Premium Exportación,437.6
2025-05,Occidente,CLI-196,Esporádico (bajo volumen / baja frecuencia),Línea Económica,Económica Básica,210.62
2025-10,Occidente,CLI-196,Esporádico (bajo volumen / baja frecuencia),Línea Económica,Económica Básica,180.79
2026-04,Occidente,CLI-196,Esporádico (bajo volumen / baja frecuencia),Línea Económica,Económica Básica,236.38
2026-08,Occidente,CLI-196,Esporádico (bajo volumen / baja frecuencia),Línea Económica,Económica Básica,172.29
2025-02,Centro,CLI-197,Esporádico (bajo volumen / baja frecuencia),Línea Económica,Económica Básica,165.0
2025-09,Centro,CLI-197,Esporádico (bajo volumen / baja frecuencia),Línea Económica,Económica Básica,147.86
2026-03,Centro,CLI-197,Esporádico (bajo volumen / baja frecuencia),Línea Económica,Económica Básica,177.16
2026-04,Centro,CLI-197,Esporádico (bajo volumen / baja frecuencia),Línea Económica,Económica Promocional,152.86
2025-06,Occidente,CLI-198,Ocasional (alto volumen / baja frecuencia),Línea Premium,Premium Oficina,894.85
2025-09,Occidente,CLI-198,Ocasional (alto volumen / baja frecuencia),Línea Premium,Premium Oficina,961.1
2025-10,Occidente,CLI-198,Ocasional (alto volumen / baja frecuencia),Línea Premium,Premium Oficina,872.11
2025-11,Occidente,CLI-198,Ocasional (alto volumen / baja frecuencia),Línea Premium,Premium Oficina,802.8
2026-03,Occidente,CLI-198,Ocasional (alto volumen / baja frecuencia),Línea Premium,Premium Oficina,1029.45
2025-06,Occidente,CLI-198,Ocasional (alto volumen / baja frecuencia),Servicios postventa,Soporte y Mantenimiento,313.7
2025-08,Occidente,CLI-198,Ocasional (alto volumen / baja frecuencia),Servicios postventa,Soporte y Mantenimiento,349.29
2025-10,Occidente,CLI-198,Ocasional (alto volumen / baja frecuencia),Servicios postventa,Soporte y Mantenimiento,289.69
2026-01,Occidente,CLI-198,Ocasional (alto volumen / baja frecuencia),Servicios postventa,Soporte y Mantenimiento,380.74
2026-04,Occidente,CLI-198,Ocasional (alto volumen / baja frecuencia),Servicios postventa,Soporte y Mantenimiento,300.0
2026-05,Occidente,CLI-198,Ocasional (alto volumen / baja frecuencia),Servicios postventa,Soporte y Mantenimiento,385.16
2026-06,Occidente,CLI-198,Ocasional (alto volumen / baja frecuencia),Servicios postventa,Soporte y Mantenimiento,476.31
2026-08,Occidente,CLI-198,Ocasional (alto volumen / baja frecuencia),Servicios postventa,Soporte y Mantenimiento,521.68
2025-04,Occidente,CLI-198,Ocasional (alto volumen / baja frecuencia),Línea Estándar,Estándar Retail,689.03
2025-05,Occidente,CLI-198,Ocasional (alto volumen / baja frecuencia),Línea Estándar,Estándar Retail,729.85
2025-11,Occidente,CLI-198,Ocasional (alto volumen / baja frecuencia),Línea Estándar,Estándar Retail,822.21
2026-03,Occidente,CLI-198,Ocasional (alto volumen / baja frecuencia),Línea Estándar,Estándar Retail,677.97
2025-02,Centro,CLI-199,Esporádico (bajo volumen / baja frecuencia),Línea Económica,Económica Promocional,178.97
2025-06,Centro,CLI-199,Esporádico (bajo volumen / baja frecuencia),Línea Económica,Económica Promocional,163.23
2025-10,Centro,CLI-199,Esporádico (bajo volumen / baja frecuencia),Línea Económica,Económica Promocional,148.62
2026-05,Centro,CLI-199,Esporádico (bajo volumen / baja frecuencia),Línea Económica,Económica Promocional,178.18
2026-07,Centro,CLI-199,Esporádico (bajo volumen / baja frecuencia),Línea Económica,Económica Promocional,216.17
2025-05,Norte,CLI-200,Ocasional (alto volumen / baja frecuencia),Línea Premium,Premium Exportación,1012.98
2025-06,Norte,CLI-200,Ocasional (alto volumen / baja frecuencia),Línea Premium,Premium Exportación,940.12
2025-07,Norte,CLI-200,Ocasional (alto volumen / baja frecuencia),Línea Premium,Premium Exportación,1151.88
2025-08,Norte,CLI-200,Ocasional (alto volumen / baja frecuencia),Línea Premium,Premium Exportación,1091.95
2025-11,Norte,CLI-200,Ocasional (alto volumen / baja frecuencia),Línea Premium,Premium Exportación,1058.32
2025-12,Norte,CLI-200,Ocasional (alto volumen / baja frecuencia),Línea Premium,Premium Exportación,1146.0
2026-01,Norte,CLI-200,Ocasional (alto volumen / baja frecuencia),Línea Premium,Premium Exportación,1147.22
2026-02,Norte,CLI-200,Ocasional (alto volumen / baja frecuencia),Línea Premium,Premium Exportación,1667.71
2026-03,Norte,CLI-200,Ocasional (alto volumen / baja frecuencia),Línea Premium,Premium Exportación,1044.02
2026-07,Norte,CLI-200,Ocasional (alto volumen / baja frecuencia),Línea Premium,Premium Exportación,1525.98
2025-02,Norte,CLI-200,Ocasional (alto volumen / baja frecuencia),Servicios postventa,Soporte y Mantenimiento,283.92
2025-06,Norte,CLI-200,Ocasional (alto volumen / baja frecuencia),Servicios postventa,Soporte y Mantenimiento,273.32
2025-11,Norte,CLI-200,Ocasional (alto volumen / baja frecuencia),Servicios postventa,Soporte y Mantenimiento,314.13
2026-03,Norte,CLI-200,Ocasional (alto volumen / baja frecuencia),Servicios postventa,Soporte y Mantenimiento,338.84
2025-02,Norte,CLI-200,Ocasional (alto volumen / baja frecuencia),Línea Estándar,Estándar Retail,739.45
2025-05,Norte,CLI-200,Ocasional (alto volumen / baja frecuencia),Línea Estándar,Estándar Retail,657.16
2025-08,Norte,CLI-200,Ocasional (alto volumen / baja frecuencia),Línea Estándar,Estándar Retail,785.69
2025-09,Norte,CLI-200,Ocasional (alto volumen / baja frecuencia),Línea Estándar,Estándar Retail,744.18
2026-01,Norte,CLI-200,Ocasional (alto volumen / baja frecuencia),Línea Estándar,Estándar Retail,626.51
2026-08,Norte,CLI-200,Ocasional (alto volumen / baja frecuencia),Línea Estándar,Estándar Retail,740.06
2025-01,Norte,CLI-200,Ocasional (alto volumen / baja frecuencia),Línea Premium,Premium Hogar,989.75
2026-01,Norte,CLI-200,Ocasional (alto volumen / baja frecuencia),Línea Premium,Premium Hogar,1025.07
2026-02,Norte,CLI-200,Ocasional (alto volumen / baja frecuencia),Línea Premium,Premium Hogar,1005.31
2026-07,Norte,CLI-200,Ocasional (alto volumen / baja frecuencia),Línea Premium,Premium Hogar,951.91
2026-08,Norte,CLI-200,Ocasional (alto volumen / baja frecuencia),Línea Premium,Premium Hogar,1184.25
