cliente_id,fecha,monto_mxn
C-0001,2025-12-06,707.96
C-0001,2026-08-08,974.28
C-0001,2026-02-24,770.38
C-0001,2026-01-07,1082.79
C-0001,2026-08-19,814.26
C-0001,2026-02-11,1556.41
C-0001,2025-12-01,381.02
C-0001,2025-10-03,1030.78
C-0001,2025-09-24,2026.19
C-0001,2026-06-22,1272.79
C-0001,2025-12-31,514.13
C-0001,2025-11-02,705.05
C-0001,2026-06-29,259.99
C-0001,2025-09-16,313.18
C-0001,2026-05-21,477.55
C-0001,2025-10-23,1336.71
C-0001,2025-11-01,823.67
C-0001,2026-01-21,1899.01
C-0001,2025-11-10,438.06
C-0001,2026-01-22,743.84
C-0001,2026-01-23,810.07
C-0001,2025-11-01,636.18
C-0001,2025-12-11,1214.74
C-0001,2026-08-15,1130.19
C-0001,2026-05-05,1564.89
C-0001,2026-03-04,524.79
C-0001,2025-11-05,1463.0
C-0001,2025-12-15,762.59
C-0001,2026-03-25,858.68
C-0001,2025-11-04,1122.06
C-0001,2026-03-24,995.81
C-0001,2026-01-13,877.93
C-0001,2026-07-03,2071.8
C-0002,2026-01-12,360.14
C-0002,2026-06-11,1473.74
C-0002,2025-12-24,1213.87
C-0002,2026-06-14,898.09
C-0002,2026-03-02,909.19
C-0002,2026-03-17,2118.98
C-0002,2026-05-05,860.31
C-0002,2025-10-17,1781.59
C-0002,2025-10-17,1229.4
C-0002,2025-12-07,444.05
C-0002,2026-03-18,511.65
C-0002,2026-02-17,2370.53
C-0002,2026-02-11,276.82
C-0002,2025-09-23,1213.26
C-0002,2026-06-09,630.33
C-0002,2026-05-28,556.81
C-0002,2025-11-28,1615.41
C-0002,2026-06-19,893.84
C-0002,2026-03-20,1264.64
C-0002,2026-05-09,498.89
C-0002,2026-01-09,491.58
C-0002,2025-12-30,1610.13
C-0002,2025-10-25,703.41
C-0002,2026-06-06,676.13
C-0002,2026-01-30,398.19
C-0002,2026-04-14,633.02
C-0002,2025-10-21,600.1
C-0002,2026-04-16,425.05
C-0002,2026-07-13,172.47
C-0002,2026-03-06,2616.86
C-0002,2026-02-07,2899.42
C-0002,2026-01-13,905.7
C-0002,2026-07-25,1239.25
C-0002,2026-06-02,2498.78
C-0002,2025-12-15,840.57
C-0002,2026-06-28,734.69
C-0002,2025-12-18,471.17
C-0002,2026-05-10,1530.44
C-0002,2025-12-22,414.89
C-0002,2025-10-25,1681.99
C-0003,2026-08-15,962.57
C-0003,2025-11-05,1117.81
C-0003,2026-01-13,666.97
C-0003,2026-08-18,703.86
C-0003,2026-05-14,1089.68
C-0003,2025-10-26,1212.41
C-0003,2026-04-10,1040.44
C-0003,2026-05-18,1417.94
C-0003,2025-09-21,855.75
C-0003,2025-11-10,1632.13
C-0003,2026-05-21,1199.66
C-0003,2026-02-19,1083.16
C-0003,2026-04-02,845.4
C-0003,2025-09-16,884.47
C-0003,2026-01-23,289.08
C-0003,2025-09-22,688.06
C-0003,2026-03-03,684.13
C-0003,2026-04-05,893.28
C-0003,2026-01-28,1214.26
C-0003,2025-11-07,1954.24
C-0003,2026-05-30,1476.65
C-0003,2026-02-22,5180.1
C-0003,2026-05-04,1397.9
C-0003,2026-07-05,1042.0
C-0003,2026-06-14,945.65
C-0003,2026-07-02,2271.48
C-0003,2025-11-04,520.17
C-0003,2026-07-07,1021.87
C-0003,2025-10-06,654.33
C-0003,2026-06-28,375.63
C-0003,2026-02-14,507.74
C-0003,2025-09-08,2127.65
C-0003,2025-12-08,128.28
C-0003,2026-03-10,1017.24
C-0003,2026-05-10,595.24
C-0003,2026-04-17,2050.85
C-0003,2026-07-18,785.3
C-0003,2026-02-06,474.23
C-0003,2025-09-07,350.1
C-0003,2026-01-17,1292.75
C-0003,2025-12-15,1117.3
C-0003,2025-11-28,618.79
C-0003,2026-01-14,703.04
C-0003,2026-08-19,877.13
C-0003,2026-07-14,2277.99
C-0004,2025-11-25,1602.53
C-0004,2025-11-05,931.17
C-0004,2026-01-08,1620.96
C-0004,2026-04-12,1365.49
C-0004,2026-02-28,1036.98
C-0004,2026-05-29,1161.17
C-0004,2026-03-27,265.11
C-0004,2025-11-08,1268.91
C-0004,2026-07-06,1786.8
C-0004,2026-04-17,377.1
C-0004,2025-10-30,731.91
C-0004,2026-07-26,1450.97
C-0004,2026-04-22,786.38
C-0004,2026-06-28,691.61
C-0004,2026-02-07,820.08
C-0004,2025-10-12,419.76
C-0004,2026-05-21,739.11
C-0004,2026-06-14,343.26
C-0004,2026-07-12,443.16
C-0004,2025-11-01,2109.99
C-0004,2026-02-24,1280.45
C-0004,2025-09-19,579.86
C-0004,2026-02-15,451.86
C-0004,2025-09-14,1177.05
C-0004,2025-10-21,463.51
C-0004,2026-06-21,1209.73
C-0004,2026-07-27,871.6
C-0004,2026-05-09,1046.47
C-0004,2026-07-13,93.66
C-0004,2026-04-08,2399.12
C-0004,2026-06-17,1631.18
C-0004,2025-10-01,1648.75
C-0004,2026-03-11,978.79
C-0004,2025-09-11,1317.06
C-0004,2025-12-25,525.63
C-0004,2025-10-22,317.71
C-0004,2026-07-25,499.51
C-0004,2025-09-13,2587.6
C-0005,2026-02-28,2306.06
C-0005,2025-12-06,1034.26
C-0005,2025-11-14,538.95
C-0005,2026-08-12,1280.79
C-0005,2026-01-23,2833.29
C-0005,2025-12-05,892.03
C-0005,2026-01-01,815.19
C-0005,2026-03-10,674.49
C-0005,2025-09-14,656.64
C-0005,2025-10-27,696.88
C-0005,2025-09-19,218.83
C-0005,2025-11-22,296.77
C-0005,2025-11-18,1109.0
C-0005,2026-08-18,413.58
C-0005,2025-10-08,836.96
C-0005,2026-06-25,989.41
C-0005,2026-07-18,821.42
C-0005,2026-03-22,1072.9
C-0005,2026-03-27,1820.42
C-0005,2025-09-14,1047.7
C-0005,2025-11-01,1446.43
C-0005,2025-10-22,479.71
C-0005,2026-06-24,705.67
C-0005,2026-07-08,309.02
C-0005,2026-04-03,183.15
C-0005,2026-02-21,237.19
C-0005,2026-03-02,609.56
C-0005,2025-10-11,516.48
C-0005,2026-01-12,1741.62
C-0005,2025-12-05,719.27
C-0005,2025-10-27,1009.64
C-0005,2025-12-29,464.16
C-0005,2026-07-13,603.71
C-0005,2025-10-23,1361.12
C-0005,2025-10-20,389.56
C-0005,2025-09-22,1081.62
C-0005,2026-08-01,412.67
C-0005,2026-05-14,630.04
C-0005,2026-01-06,1621.17
C-0005,2025-11-03,1352.24
C-0005,2026-03-12,800.53
C-0005,2026-04-18,505.88
C-0005,2026-08-18,1302.87
C-0005,2026-08-06,449.08
C-0005,2026-07-14,657.3
C-0005,2026-08-12,309.12
C-0005,2025-09-18,587.46
C-0005,2025-11-24,414.55
C-0005,2025-12-09,404.84
C-0006,2025-12-22,1157.48
C-0006,2025-10-17,552.17
C-0006,2026-01-30,781.3
C-0006,2025-11-08,1107.5
C-0006,2026-03-25,199.32
C-0006,2025-10-17,1904.81
C-0006,2026-08-02,1789.66
C-0006,2025-11-19,2311.91
C-0006,2026-06-22,477.19
C-0006,2026-02-21,452.59
C-0006,2026-04-09,903.42
C-0006,2026-08-05,973.19
C-0006,2026-06-03,135.39
C-0006,2026-06-24,618.01
C-0006,2026-03-11,388.71
C-0006,2026-07-21,560.94
C-0006,2026-07-28,855.3
C-0006,2026-01-04,1115.37
C-0006,2026-03-10,225.0
C-0006,2026-03-03,443.62
C-0006,2026-02-20,1168.35
C-0006,2025-12-17,455.85
C-0006,2025-10-23,474.66
C-0006,2025-10-03,579.93
C-0006,2026-03-20,1227.86
C-0006,2025-12-01,437.81
C-0006,2026-03-12,1921.25
C-0006,2026-01-04,225.04
C-0006,2026-08-21,1221.78
C-0006,2025-10-15,413.71
C-0006,2026-06-18,310.49
C-0006,2026-08-12,953.87
C-0006,2026-06-23,802.66
C-0006,2026-08-12,1199.72
C-0006,2026-05-09,1166.35
C-0006,2025-09-27,244.3
C-0006,2026-01-20,740.47
C-0006,2026-01-11,950.28
C-0006,2026-03-07,737.76
C-0006,2025-09-25,1154.0
C-0006,2026-04-14,370.7
C-0006,2026-06-09,1064.66
C-0006,2026-04-04,969.48
C-0006,2026-01-09,793.64
C-0006,2025-11-03,443.3
C-0006,2025-10-20,631.06
C-0006,2026-05-07,334.75
C-0007,2026-02-07,786.86
C-0007,2026-06-15,999.05
C-0007,2026-02-04,357.89
C-0007,2026-06-30,1284.65
C-0007,2025-12-23,690.39
C-0007,2025-12-02,80.0
C-0007,2026-03-24,178.33
C-0007,2026-05-28,1042.37
C-0007,2025-10-11,763.87
C-0007,2026-08-01,883.35
C-0007,2026-05-30,1885.6
C-0007,2026-03-03,2349.59
C-0007,2026-06-26,2729.05
C-0007,2026-04-14,530.75
C-0007,2026-04-09,795.89
C-0007,2025-10-21,882.05
C-0007,2026-05-28,1680.82
C-0007,2026-06-11,1040.45
C-0007,2026-07-16,2472.77
C-0007,2026-04-08,668.14
C-0007,2026-06-20,281.05
C-0007,2026-06-24,2092.02
C-0007,2025-09-13,1248.97
C-0007,2026-01-22,1456.83
C-0007,2026-08-09,412.8
C-0007,2025-10-04,732.86
C-0007,2026-07-23,1710.08
C-0007,2025-09-23,495.89
C-0007,2025-09-20,520.63
C-0007,2026-03-19,2166.52
C-0007,2026-07-28,884.99
C-0007,2026-07-23,525.12
C-0007,2026-06-01,308.13
C-0007,2025-11-28,632.47
C-0007,2026-08-07,1822.68
C-0008,2025-10-11,777.32
C-0008,2026-02-16,513.06
C-0008,2025-12-07,847.5
C-0008,2026-01-09,109.68
C-0008,2025-10-18,392.9
C-0008,2026-03-07,678.15
C-0008,2026-03-09,969.49
C-0008,2026-05-24,446.04
C-0008,2026-04-28,2655.82
C-0008,2026-08-02,1762.51
C-0008,2026-03-24,1771.48
C-0008,2026-03-28,985.11
C-0008,2025-10-30,389.61
C-0008,2026-06-24,843.8
C-0008,2026-07-12,106.21
C-0008,2026-05-09,476.5
C-0008,2025-12-21,1539.51
C-0008,2026-04-20,683.27
C-0008,2025-10-20,1034.83
C-0008,2025-10-12,1825.67
C-0008,2025-12-07,1177.13
C-0008,2026-05-17,775.29
C-0008,2025-09-22,739.01
C-0008,2025-09-08,670.15
C-0008,2026-07-25,669.32
C-0008,2026-05-03,2149.31
C-0008,2026-07-17,1014.66
C-0008,2025-09-25,736.48
C-0008,2025-10-18,737.08
C-0008,2026-01-06,1141.86
C-0008,2026-08-20,543.45
C-0008,2025-10-31,594.02
C-0008,2026-05-02,678.1
C-0008,2025-09-08,1115.73
C-0008,2025-12-28,904.06
C-0008,2025-11-01,100.72
C-0008,2025-10-23,1224.48
C-0008,2026-04-08,1066.22
C-0008,2026-07-04,829.61
C-0009,2026-06-03,393.49
C-0009,2025-12-12,528.75
C-0009,2025-12-26,264.26
C-0009,2026-03-05,1235.69
C-0009,2026-04-01,108.57
C-0009,2026-01-16,1059.73
C-0009,2025-12-04,460.32
C-0009,2025-09-17,1843.98
C-0009,2026-05-30,1953.87
C-0009,2026-07-10,4605.52
C-0009,2026-07-19,1176.17
C-0009,2025-11-27,2342.83
C-0009,2026-03-22,737.5
C-0009,2026-02-14,1077.67
C-0009,2025-10-15,554.17
C-0009,2026-05-31,801.41
C-0009,2026-07-23,734.58
C-0009,2026-06-22,1116.67
C-0009,2026-02-20,1279.18
C-0009,2025-11-02,985.41
C-0009,2025-10-03,555.01
C-0009,2026-07-13,635.59
C-0009,2025-12-07,642.77
C-0009,2026-01-29,413.67
C-0009,2026-07-17,1000.97
C-0009,2025-11-20,1944.43
C-0009,2025-09-06,1165.72
C-0009,2026-05-10,1284.48
C-0009,2025-12-19,2266.95
C-0009,2026-04-28,384.83
C-0009,2026-06-02,408.6
C-0009,2026-02-04,1582.82
C-0009,2026-06-02,443.91
C-0009,2026-05-08,1668.05
C-0009,2026-02-22,647.02
C-0009,2026-07-19,1285.55
C-0009,2026-08-16,891.19
C-0010,2026-07-22,1233.65
C-0010,2026-06-11,247.48
C-0010,2026-05-03,453.25
C-0010,2026-01-23,1517.73
C-0010,2026-03-02,508.91
C-0010,2026-06-24,1627.64
C-0010,2026-02-17,1183.44
C-0010,2026-04-08,346.09
C-0010,2026-05-11,728.29
C-0010,2026-01-15,1231.13
C-0010,2026-07-19,1145.52
C-0010,2026-02-12,554.39
C-0010,2026-07-13,253.91
C-0010,2026-01-21,436.93
C-0010,2026-03-06,1425.62
C-0010,2026-07-06,607.33
C-0010,2026-07-21,1302.34
C-0010,2026-04-25,483.28
C-0010,2026-05-27,1416.21
C-0010,2026-08-07,1212.36
C-0010,2025-12-26,612.84
C-0010,2026-01-25,462.58
C-0010,2026-01-08,540.22
C-0010,2026-06-03,807.57
C-0010,2025-12-20,1584.49
C-0010,2026-02-03,1040.17
C-0010,2025-11-20,741.47
C-0010,2026-08-01,511.74
C-0010,2026-06-19,1359.41
C-0010,2026-03-30,687.96
C-0010,2025-10-27,1110.54
C-0010,2026-05-10,626.21
C-0010,2025-11-01,914.13
C-0011,2025-11-28,700.43
C-0011,2025-10-05,1153.63
C-0011,2025-09-21,506.7
C-0011,2025-11-12,203.21
C-0011,2026-05-15,159.8
C-0011,2025-09-08,1379.22
C-0011,2025-10-31,1243.03
C-0011,2026-05-11,752.67
C-0011,2026-01-08,707.79
C-0011,2026-07-08,286.03
C-0011,2026-06-22,570.99
C-0011,2026-03-17,1385.65
C-0011,2026-01-07,1538.34
C-0011,2025-10-19,518.5
C-0011,2026-04-24,636.47
C-0011,2025-10-19,767.46
C-0011,2026-01-23,839.92
C-0011,2026-08-06,1433.99
C-0011,2026-08-25,782.21
C-0011,2025-12-13,776.61
C-0011,2025-10-05,324.05
C-0011,2025-11-23,928.03
C-0011,2026-07-13,268.1
C-0011,2025-12-28,555.59
C-0011,2025-09-09,1187.62
C-0011,2026-04-28,826.69
C-0011,2026-08-21,1549.01
C-0011,2026-04-13,1289.71
C-0011,2026-05-04,487.02
C-0011,2026-06-11,1185.75
C-0011,2026-07-18,1207.97
C-0011,2026-07-14,1838.94
C-0011,2026-07-07,1104.23
C-0011,2026-02-25,1610.95
C-0011,2026-02-04,1587.54
C-0011,2025-12-07,277.9
C-0011,2026-05-21,483.82
C-0011,2025-10-25,804.24
C-0011,2025-12-03,1864.34
C-0012,2026-04-14,416.5
C-0012,2026-06-24,319.43
C-0012,2025-11-01,1168.98
C-0012,2026-04-14,754.64
C-0012,2025-12-02,606.13
C-0012,2025-10-04,1025.69
C-0012,2025-09-17,564.74
C-0012,2026-03-13,423.63
C-0012,2026-07-01,801.43
C-0012,2025-09-26,1072.99
C-0012,2025-11-21,1463.2
C-0012,2025-09-28,1607.33
C-0012,2025-09-27,837.78
C-0012,2026-03-26,326.99
C-0012,2026-03-07,1084.31
C-0012,2026-04-02,1993.73
C-0012,2026-02-15,901.27
C-0012,2025-10-24,1231.53
C-0012,2026-02-21,1270.93
C-0012,2026-06-03,386.62
C-0012,2026-05-29,1279.13
C-0012,2026-04-25,916.32
C-0012,2025-10-06,211.74
C-0012,2025-09-05,349.26
C-0012,2025-09-26,971.67
C-0012,2025-09-11,956.08
C-0012,2026-07-20,1339.64
C-0012,2025-12-16,709.53
C-0012,2026-04-30,2074.25
C-0012,2025-11-08,1400.98
C-0012,2025-11-08,114.28
C-0012,2026-08-21,387.95
C-0012,2025-10-31,426.94
C-0012,2025-12-04,187.23
C-0012,2026-04-30,889.69
C-0012,2026-02-24,808.04
C-0012,2025-12-09,1162.59
C-0012,2025-12-22,611.56
C-0012,2026-03-08,1143.26
C-0012,2026-03-08,924.56
C-0012,2026-08-22,2168.7
C-0012,2026-07-13,640.15
C-0012,2026-04-29,966.9
C-0012,2025-10-11,251.38
C-0012,2026-05-14,1481.97
C-0012,2026-02-10,315.44
C-0012,2026-04-23,1191.7
C-0012,2026-08-14,253.19
C-0012,2026-08-09,1463.15
C-0012,2026-08-21,1294.21
C-0012,2026-02-09,1117.12
C-0013,2026-03-14,395.86
C-0013,2026-06-24,1487.95
C-0013,2025-12-02,354.11
C-0013,2026-05-16,222.44
C-0013,2026-07-25,80.0
C-0013,2026-04-08,386.42
C-0013,2026-01-30,1324.16
C-0013,2026-02-18,559.54
C-0013,2026-01-04,346.37
C-0013,2026-03-12,1419.26
C-0013,2025-12-13,1187.12
C-0013,2026-07-03,1297.17
C-0013,2026-01-02,143.61
C-0013,2026-04-18,985.59
C-0013,2025-12-06,848.1
C-0013,2026-04-09,1550.05
C-0013,2026-01-12,1303.73
C-0013,2025-12-10,619.34
C-0013,2025-12-03,997.13
C-0013,2026-07-17,369.89
C-0013,2026-04-29,2110.18
C-0013,2026-04-29,165.02
C-0013,2026-03-08,943.17
C-0013,2026-01-31,1192.65
C-0013,2026-02-17,414.17
C-0013,2026-01-26,603.89
C-0013,2026-03-28,864.82
C-0013,2026-01-20,626.21
C-0013,2026-05-30,1921.32
C-0013,2025-11-24,296.85
C-0013,2026-02-19,850.53
C-0013,2025-12-10,987.61
C-0013,2026-01-01,309.11
C-0013,2025-09-22,690.25
C-0013,2026-06-03,936.33
C-0013,2026-01-07,178.64
C-0013,2026-03-24,601.36
C-0013,2026-02-21,553.21
C-0013,2026-01-26,943.96
C-0013,2025-10-02,555.74
C-0013,2025-12-20,633.52
C-0013,2026-08-24,1554.6
C-0014,2026-01-25,495.93
C-0014,2025-09-17,563.01
C-0014,2026-03-29,851.43
C-0014,2026-03-02,1753.01
C-0014,2026-08-13,1320.23
C-0014,2025-12-19,703.38
C-0014,2026-03-05,1290.2
C-0014,2025-10-20,644.54
C-0014,2026-02-27,1727.17
C-0014,2025-11-03,820.72
C-0014,2026-02-07,495.76
C-0014,2026-02-12,188.15
C-0014,2026-07-26,1328.53
C-0014,2026-04-17,345.35
C-0014,2026-03-05,895.65
C-0014,2025-12-28,1629.22
C-0014,2026-03-19,179.92
C-0014,2026-04-04,962.64
C-0014,2025-10-16,496.34
C-0014,2026-03-30,1387.81
C-0014,2025-12-03,1746.32
C-0014,2026-04-12,315.42
C-0014,2026-08-05,880.13
C-0014,2026-02-04,909.48
C-0014,2026-02-04,356.41
C-0014,2025-12-06,1405.52
C-0014,2025-09-23,1292.68
C-0014,2026-05-14,967.19
C-0014,2026-03-23,298.28
C-0014,2025-12-02,113.16
C-0014,2026-03-16,2421.04
C-0014,2026-01-05,1121.25
C-0014,2025-10-03,2251.23
C-0014,2026-08-02,914.42
C-0014,2025-11-30,2081.4
C-0014,2026-05-06,1230.46
C-0015,2026-06-11,2059.21
C-0015,2025-09-26,314.62
C-0015,2026-05-01,546.83
C-0015,2025-09-13,571.74
C-0015,2026-03-04,895.13
C-0015,2026-03-07,2568.6
C-0015,2025-12-24,80.0
C-0015,2025-11-12,989.88
C-0015,2026-06-23,624.04
C-0015,2025-12-10,880.39
C-0015,2026-05-10,1124.22
C-0015,2025-10-14,2505.85
C-0015,2026-01-13,1233.24
C-0015,2026-04-20,259.63
C-0015,2026-04-11,1097.53
C-0015,2026-08-29,329.57
C-0015,2026-06-06,3250.89
C-0015,2026-03-23,1816.11
C-0015,2026-07-07,908.33
C-0015,2026-03-25,844.47
C-0015,2025-12-16,150.43
C-0015,2025-12-23,1208.25
C-0015,2025-12-03,656.91
C-0015,2025-10-25,865.13
C-0015,2025-10-01,2334.66
C-0015,2026-06-18,404.33
C-0015,2026-05-08,496.88
C-0015,2026-02-27,1116.68
C-0015,2026-01-18,175.17
C-0015,2026-05-28,574.24
C-0015,2025-12-11,991.44
C-0015,2026-03-23,1357.17
C-0015,2026-06-28,775.08
C-0015,2025-11-23,906.7
C-0015,2026-05-05,2414.19
C-0015,2026-04-26,1027.42
C-0015,2026-02-03,2175.91
C-0015,2025-11-21,262.76
C-0015,2026-06-28,580.48
C-0015,2026-07-13,447.38
C-0015,2026-05-23,866.56
C-0015,2025-11-21,1904.02
C-0016,2026-01-13,2567.89
C-0016,2025-12-05,693.14
C-0016,2026-06-25,654.09
C-0016,2025-09-27,854.16
C-0016,2026-01-08,645.84
C-0016,2025-10-25,1084.7
C-0016,2026-04-05,1077.03
C-0016,2026-05-06,777.18
C-0016,2026-07-16,313.53
C-0016,2026-07-19,342.96
C-0016,2025-11-16,307.63
C-0016,2026-01-14,248.69
C-0016,2026-07-28,286.28
C-0016,2026-02-23,1264.04
C-0016,2026-06-30,731.45
C-0016,2025-09-29,602.2
C-0016,2025-10-07,811.31
C-0016,2026-01-23,551.92
C-0016,2025-11-24,2065.4
C-0016,2026-02-24,610.73
C-0016,2026-03-25,375.25
C-0016,2025-10-19,1938.66
C-0016,2026-04-25,1119.33
C-0016,2025-09-24,843.26
C-0016,2025-11-30,208.92
C-0016,2025-09-15,833.23
C-0016,2025-09-16,1602.25
C-0016,2025-11-10,402.92
C-0016,2026-04-13,976.92
C-0016,2026-07-14,1531.82
C-0016,2026-06-01,1122.72
C-0016,2025-10-25,892.75
C-0016,2025-12-22,1865.81
C-0016,2025-10-11,666.78
C-0016,2025-12-19,1694.04
C-0016,2025-09-30,1703.02
C-0016,2026-05-08,1757.17
C-0016,2026-08-06,1523.99
C-0016,2026-07-03,881.93
C-0016,2025-12-04,843.45
C-0016,2025-09-24,512.56
C-0017,2025-10-22,270.42
C-0017,2026-01-03,1622.36
C-0017,2026-05-01,901.85
C-0017,2026-07-21,282.82
C-0017,2025-11-11,809.25
C-0017,2026-03-06,810.16
C-0017,2025-12-16,948.42
C-0017,2026-01-24,441.49
C-0017,2026-08-04,573.81
C-0017,2026-01-22,736.5
C-0017,2026-01-11,329.24
C-0017,2026-03-14,598.76
C-0017,2026-08-01,514.69
C-0017,2025-12-05,367.44
C-0017,2025-12-02,2352.59
C-0017,2025-12-19,641.22
C-0017,2026-03-04,983.89
C-0017,2025-11-26,749.51
C-0017,2026-05-24,2216.27
C-0017,2025-12-20,972.58
C-0017,2026-01-13,787.19
C-0017,2025-12-11,1630.9
C-0017,2026-01-18,1839.27
C-0017,2026-06-12,377.47
C-0017,2026-01-15,1449.27
C-0017,2025-11-28,177.4
C-0017,2026-06-02,1105.44
C-0017,2026-08-15,778.15
C-0017,2026-05-06,1147.87
C-0017,2026-04-01,897.06
C-0018,2026-03-10,1020.01
C-0018,2026-05-29,118.94
C-0018,2026-08-07,891.79
C-0018,2026-04-26,640.84
C-0018,2025-11-29,682.17
C-0018,2026-04-02,1525.9
C-0018,2026-04-30,708.23
C-0018,2026-04-05,892.47
C-0018,2026-01-14,196.16
C-0018,2026-03-30,549.45
C-0018,2026-01-26,913.94
C-0018,2026-04-11,394.57
C-0018,2025-11-20,299.84
C-0018,2026-08-27,1223.85
C-0018,2025-12-23,812.78
C-0018,2026-02-04,294.85
C-0018,2026-08-24,486.35
C-0018,2026-04-22,555.13
C-0018,2026-07-26,1627.85
C-0018,2025-12-03,1114.12
C-0018,2025-09-13,648.54
C-0018,2025-11-26,154.72
C-0018,2026-03-26,586.76
C-0018,2026-01-25,550.64
C-0018,2026-02-02,279.9
C-0018,2026-07-31,2187.74
C-0018,2026-05-18,484.9
C-0018,2026-08-17,338.79
C-0018,2026-06-15,1123.27
C-0018,2026-06-27,1331.29
C-0018,2026-03-20,540.24
C-0018,2026-06-18,2114.22
C-0018,2025-12-03,1199.13
C-0018,2026-01-07,309.37
C-0018,2025-11-14,1494.3
C-0018,2026-01-11,1139.72
C-0018,2025-12-13,1422.28
C-0018,2026-01-26,942.12
C-0018,2026-01-30,773.46
C-0018,2025-09-16,934.79
C-0019,2026-08-07,821.12
C-0019,2025-10-21,1216.71
C-0019,2025-09-18,825.28
C-0019,2025-10-16,1070.4
C-0019,2025-09-10,1012.12
C-0019,2026-05-14,376.14
C-0019,2026-02-25,813.91
C-0019,2026-01-17,957.47
C-0019,2026-03-03,1248.25
C-0019,2026-02-16,1540.94
C-0019,2026-05-17,529.39
C-0019,2026-01-07,80.0
C-0019,2026-01-01,80.0
C-0019,2025-10-18,1133.07
C-0019,2025-11-22,1115.93
C-0019,2026-04-13,463.45
C-0019,2025-09-14,108.41
C-0019,2025-10-22,1178.79
C-0019,2026-07-24,972.64
C-0019,2026-01-20,2381.18
C-0019,2026-01-31,1852.28
C-0019,2026-02-18,909.25
C-0019,2026-08-19,1166.96
C-0019,2026-01-14,1384.51
C-0019,2026-05-15,1002.98
C-0019,2025-09-24,1499.25
C-0019,2026-01-16,411.76
C-0019,2025-09-14,1033.54
C-0019,2025-12-22,513.24
C-0019,2025-11-04,985.36
C-0020,2025-12-06,1494.32
C-0020,2026-05-02,143.54
C-0020,2025-09-11,353.82
C-0020,2026-05-26,1210.76
C-0020,2025-12-18,2286.12
C-0020,2026-01-08,2432.66
C-0020,2026-06-26,1997.86
C-0020,2026-08-04,723.49
C-0020,2025-12-28,1487.63
C-0020,2025-11-12,1220.93
C-0020,2026-01-22,1182.75
C-0020,2026-07-18,1616.54
C-0020,2026-06-30,1249.81
C-0020,2026-03-07,1567.74
C-0020,2026-04-30,1035.21
C-0020,2026-04-10,419.96
C-0020,2026-04-24,1595.87
C-0020,2025-09-28,350.63
C-0020,2025-09-30,1243.75
C-0020,2026-07-10,1382.91
C-0020,2026-06-15,893.31
C-0020,2026-03-24,937.64
C-0020,2026-03-20,818.66
C-0020,2025-09-25,313.55
C-0020,2025-10-06,621.52
C-0020,2026-06-16,478.48
C-0020,2026-03-13,1024.17
C-0020,2026-04-22,1313.83
C-0020,2026-08-19,1984.35
C-0020,2026-08-02,985.2
C-0020,2025-09-16,697.32
C-0020,2026-07-28,961.42
C-0020,2026-03-21,1569.03
C-0020,2026-01-12,811.59
C-0020,2026-02-28,485.65
C-0020,2026-04-20,1706.38
C-0020,2026-04-18,604.7
C-0020,2026-07-16,1698.15
C-0020,2026-06-03,987.13
C-0020,2026-01-06,1237.94
C-0021,2026-06-29,1138.05
C-0021,2026-05-09,1375.84
C-0021,2026-04-27,308.02
C-0021,2025-10-18,1747.81
C-0021,2026-07-26,418.31
C-0021,2025-10-01,557.49
C-0021,2025-12-22,1834.21
C-0021,2026-01-27,976.77
C-0021,2026-05-17,2080.0
C-0021,2026-07-02,472.94
C-0021,2026-06-05,722.19
C-0021,2026-03-23,349.44
C-0021,2026-06-01,1182.52
C-0021,2026-08-12,1153.82
C-0021,2025-10-28,551.68
C-0021,2025-12-29,194.68
C-0021,2026-05-26,425.77
C-0021,2026-08-17,1633.32
C-0021,2026-06-06,860.9
C-0021,2026-02-01,538.56
C-0021,2026-07-14,1444.48
C-0021,2026-08-01,493.92
C-0021,2025-12-27,997.76
C-0021,2026-02-15,560.43
C-0021,2025-12-02,462.02
C-0021,2026-08-21,1052.11
C-0021,2026-01-25,2318.05
C-0021,2026-04-16,602.51
C-0021,2026-07-01,752.28
C-0021,2026-06-30,1230.43
C-0021,2026-02-03,584.26
C-0021,2025-11-22,1191.64
C-0021,2025-11-06,246.01
C-0021,2026-07-31,716.05
C-0022,2025-09-26,216.73
C-0022,2026-08-01,699.74
C-0022,2026-07-30,1496.67
C-0022,2025-09-11,1585.91
C-0022,2025-11-17,182.62
C-0022,2026-01-21,408.78
C-0022,2026-02-14,843.56
C-0022,2025-11-24,1146.65
C-0022,2025-10-20,265.63
C-0022,2025-11-10,1503.83
C-0022,2026-07-14,2068.55
C-0022,2025-09-08,660.66
C-0022,2025-09-30,270.4
C-0022,2026-06-16,807.7
C-0022,2026-04-05,1291.08
C-0022,2026-08-05,1123.2
C-0022,2025-12-07,1302.43
C-0022,2026-07-19,2292.23
C-0022,2025-11-02,475.19
C-0022,2025-10-04,771.43
C-0022,2026-05-12,1217.67
C-0022,2026-07-28,246.12
C-0022,2025-09-21,1969.86
C-0022,2026-01-01,387.31
C-0022,2026-01-25,1316.38
C-0022,2025-12-25,239.13
C-0022,2025-10-03,411.5
C-0022,2025-10-07,1088.21
C-0022,2026-07-15,851.11
C-0022,2026-03-19,910.2
C-0022,2026-03-09,504.43
C-0022,2026-02-09,1613.47
C-0022,2026-02-27,1099.36
C-0022,2025-11-22,368.51
C-0022,2025-12-31,1386.0
C-0022,2026-06-10,1321.7
C-0022,2026-03-20,1007.75
C-0022,2026-04-08,1174.76
C-0022,2026-03-30,817.95
C-0022,2025-11-07,144.85
C-0022,2026-01-28,336.31
C-0022,2025-10-14,559.61
C-0022,2025-10-29,1467.64
C-0023,2026-01-08,569.31
C-0023,2026-03-25,1511.55
C-0023,2026-05-30,674.8
C-0023,2026-01-23,543.17
C-0023,2025-09-19,791.73
C-0023,2026-01-31,1266.54
C-0023,2026-08-10,819.44
C-0023,2026-02-06,1600.14
C-0023,2026-06-29,353.93
C-0023,2026-06-15,336.69
C-0023,2026-01-08,959.87
C-0023,2026-05-19,1381.33
C-0023,2026-08-16,1299.23
C-0023,2025-10-25,613.23
C-0023,2025-11-18,936.25
C-0023,2026-06-20,1528.74
C-0023,2025-11-15,835.74
C-0023,2026-04-25,1116.98
C-0023,2025-11-30,2124.55
C-0023,2026-03-11,1015.32
C-0023,2026-03-14,340.3
C-0023,2026-06-01,881.88
C-0023,2026-02-01,1795.67
C-0023,2026-01-27,1560.87
C-0023,2025-11-01,670.18
C-0023,2026-07-14,724.41
C-0023,2026-05-14,998.83
C-0023,2026-08-18,565.53
C-0023,2025-09-10,467.24
C-0023,2026-04-27,315.91
C-0023,2026-01-12,1238.84
C-0023,2026-01-09,521.08
C-0023,2026-04-29,1274.49
C-0023,2026-07-20,558.98
C-0024,2026-03-18,857.65
C-0024,2025-12-11,386.13
C-0024,2025-11-07,699.4
C-0024,2025-10-02,943.51
C-0024,2026-03-27,2575.44
C-0024,2026-02-24,587.4
C-0024,2025-12-21,472.16
C-0024,2025-10-12,573.01
C-0024,2025-10-03,525.22
C-0024,2026-03-27,2195.97
C-0024,2026-02-15,276.18
C-0024,2025-12-13,1007.35
C-0024,2025-10-10,825.39
C-0024,2025-10-16,949.01
C-0024,2026-01-24,1131.88
C-0024,2025-09-17,1267.3
C-0024,2026-01-17,686.17
C-0024,2026-01-19,614.39
C-0024,2026-07-26,1129.51
C-0024,2025-12-26,1433.48
C-0024,2025-09-19,835.3
C-0024,2026-02-07,491.36
C-0024,2026-08-02,605.65
C-0024,2026-05-17,1621.09
C-0024,2025-12-08,462.37
C-0024,2026-01-05,1322.17
C-0024,2025-09-19,4274.17
C-0024,2025-10-05,1211.07
C-0024,2025-11-17,740.79
C-0024,2026-03-30,1081.54
C-0024,2026-06-14,361.19
C-0024,2026-01-07,1210.95
C-0025,2026-06-24,264.55
C-0025,2025-11-25,1042.26
C-0025,2026-04-28,186.51
C-0025,2025-12-06,271.15
C-0025,2025-12-18,276.91
C-0025,2026-04-25,816.84
C-0025,2025-09-30,636.74
C-0025,2026-04-18,1583.31
C-0025,2026-08-21,789.23
C-0025,2026-03-15,394.26
C-0025,2025-11-20,725.11
C-0025,2025-11-18,1100.7
C-0025,2025-11-16,744.31
C-0025,2025-09-22,1339.1
C-0025,2026-03-23,1695.2
C-0025,2025-11-22,1260.65
C-0025,2026-01-20,275.41
C-0025,2026-04-05,1222.38
C-0025,2026-06-22,590.83
C-0025,2025-12-16,422.41
C-0025,2026-05-24,2074.74
C-0025,2026-03-13,839.79
C-0025,2025-12-18,869.22
C-0025,2025-11-07,686.0
C-0025,2025-09-13,1218.2
C-0025,2026-02-15,917.78
C-0025,2025-10-09,1028.52
C-0025,2026-06-15,1128.78
C-0025,2026-05-09,801.08
C-0025,2025-12-06,260.62
C-0025,2026-06-06,549.74
C-0025,2025-10-18,1220.48
C-0025,2025-11-17,798.24
C-0025,2026-01-20,1798.73
C-0025,2025-09-11,2590.81
C-0026,2026-01-25,752.13
C-0026,2026-03-15,489.29
C-0026,2025-10-09,1015.78
C-0026,2025-10-29,1162.53
C-0026,2026-04-04,1247.69
C-0026,2025-11-27,724.8
C-0026,2026-01-02,1000.5
C-0026,2026-04-09,323.94
C-0026,2025-12-09,393.01
C-0026,2025-09-27,1609.9
C-0026,2026-02-17,1681.1
C-0026,2025-12-10,416.6
C-0026,2026-08-26,1835.15
C-0026,2026-02-17,1089.9
C-0026,2025-10-01,692.16
C-0026,2026-06-30,726.6
C-0026,2026-07-25,519.73
C-0026,2026-07-09,326.31
C-0026,2025-09-15,550.45
C-0026,2026-01-31,803.02
C-0026,2025-11-01,155.46
C-0026,2025-10-12,725.88
C-0026,2026-07-17,874.07
C-0026,2025-10-19,225.23
C-0026,2026-04-14,519.7
C-0026,2026-01-18,1146.44
C-0026,2026-04-12,2168.64
C-0026,2026-08-15,492.21
C-0026,2026-02-23,764.76
C-0026,2026-08-22,1575.37
C-0026,2026-04-05,1208.6
C-0027,2026-05-15,1616.19
C-0027,2026-06-16,619.94
C-0027,2025-11-14,352.21
C-0027,2025-09-13,581.16
C-0027,2025-09-30,1202.72
C-0027,2025-12-08,1947.5
C-0027,2025-09-21,761.1
C-0027,2026-08-03,1143.19
C-0027,2025-11-10,401.1
C-0027,2026-07-07,493.89
C-0027,2026-07-11,1179.35
C-0027,2026-01-10,572.55
C-0027,2026-03-07,368.83
C-0027,2026-04-21,102.72
C-0027,2026-05-14,646.59
C-0027,2026-06-26,1295.77
C-0027,2026-01-17,548.73
C-0027,2026-07-07,493.57
C-0027,2026-01-16,1337.22
C-0027,2026-04-19,495.64
C-0027,2025-09-09,772.93
C-0027,2026-04-16,958.0
C-0027,2026-04-27,190.2
C-0027,2026-07-11,991.93
C-0027,2026-01-19,566.05
C-0027,2025-09-17,914.81
C-0027,2025-10-27,284.87
C-0027,2025-12-12,1917.76
C-0027,2025-11-23,1502.32
C-0027,2026-02-06,341.72
C-0027,2026-06-26,784.9
C-0027,2026-02-04,1925.66
C-0027,2025-11-15,1732.61
C-0027,2025-10-07,853.5
C-0027,2025-10-04,404.11
C-0027,2026-04-26,597.68
C-0027,2026-04-27,799.11
C-0027,2026-04-01,2839.02
C-0028,2026-07-04,462.86
C-0028,2026-08-08,370.48
C-0028,2025-11-22,658.28
C-0028,2025-11-26,915.22
C-0028,2025-11-03,542.25
C-0028,2026-07-18,866.46
C-0028,2026-06-22,710.12
C-0028,2025-10-05,177.95
C-0028,2026-01-13,497.57
C-0028,2026-08-04,1469.93
C-0028,2026-04-22,1120.06
C-0028,2025-11-18,1427.72
C-0028,2026-05-17,1549.45
C-0028,2026-06-27,1547.71
C-0028,2026-07-20,1797.76
C-0028,2025-11-08,2283.02
C-0028,2026-02-08,993.85
C-0028,2025-10-04,1033.52
C-0028,2026-07-19,2159.13
C-0028,2026-01-09,1081.79
C-0028,2026-05-26,1620.87
C-0028,2026-02-22,1290.02
C-0028,2026-04-16,1057.12
C-0028,2026-06-08,617.06
C-0028,2026-05-11,1564.49
C-0028,2026-05-23,501.92
C-0028,2026-07-23,973.01
C-0028,2025-12-06,1111.37
C-0028,2026-03-11,1807.8
C-0028,2026-05-25,810.39
C-0028,2025-12-09,927.17
C-0028,2026-01-23,794.9
C-0028,2026-07-17,266.79
C-0028,2026-04-03,1142.54
C-0029,2026-04-21,1255.85
C-0029,2026-08-09,496.77
C-0029,2025-10-21,835.38
C-0029,2025-10-30,975.43
C-0029,2026-01-14,1360.33
C-0029,2025-12-14,1511.76
C-0029,2025-10-29,149.46
C-0029,2026-03-29,1980.03
C-0029,2026-06-04,743.49
C-0029,2025-10-13,1127.68
C-0029,2025-12-28,663.35
C-0029,2026-08-27,1689.63
C-0029,2026-04-01,462.97
C-0029,2026-04-06,255.7
C-0029,2025-12-14,1882.64
C-0029,2025-10-30,889.62
C-0029,2026-08-17,579.38
C-0029,2026-06-14,1367.71
C-0029,2025-12-01,291.76
C-0029,2026-05-19,1100.66
C-0029,2026-02-21,389.75
C-0029,2026-07-05,1172.83
C-0029,2026-07-06,1192.13
C-0029,2026-03-28,822.79
C-0029,2025-12-08,1450.3
C-0029,2026-06-23,1093.1
C-0029,2025-11-08,1235.98
C-0029,2025-12-10,1040.56
C-0029,2026-01-14,2001.53
C-0029,2025-09-06,1725.8
C-0029,2026-06-06,1036.15
C-0029,2026-08-21,1267.11
C-0029,2025-09-22,619.43
C-0029,2026-05-02,706.86
C-0029,2025-12-27,433.74
C-0029,2026-02-11,742.67
C-0030,2026-05-06,1119.98
C-0030,2025-09-09,155.01
C-0030,2026-05-20,489.03
C-0030,2025-11-02,1016.45
C-0030,2026-08-08,1423.03
C-0030,2026-08-17,935.6
C-0030,2025-12-10,1180.28
C-0030,2025-09-29,584.97
C-0030,2025-09-10,868.27
C-0030,2026-01-17,644.68
C-0030,2026-04-01,1018.7
C-0030,2026-01-20,80.0
C-0030,2026-04-08,1443.77
C-0030,2026-02-07,713.2
C-0030,2025-09-20,2755.07
C-0030,2026-04-07,1809.88
C-0030,2026-04-21,1010.4
C-0030,2026-07-20,734.16
C-0030,2025-11-22,706.06
C-0030,2026-03-15,400.37
C-0030,2026-05-21,940.52
C-0030,2026-04-02,473.77
C-0030,2026-05-23,571.46
C-0030,2026-06-02,755.72
C-0030,2026-06-27,849.29
C-0030,2026-04-19,991.96
C-0031,2025-11-29,103.99
C-0031,2026-04-14,912.09
C-0031,2025-10-29,833.99
C-0031,2026-01-05,2527.08
C-0031,2025-12-31,534.92
C-0031,2026-01-13,504.49
C-0031,2025-10-06,1041.43
C-0031,2026-07-11,2014.69
C-0031,2025-12-14,813.87
C-0031,2026-06-02,1387.46
C-0031,2025-12-10,1303.2
C-0031,2026-02-01,220.74
C-0031,2025-10-29,575.51
C-0031,2026-08-19,1416.58
C-0031,2025-11-09,763.49
C-0031,2026-02-26,1022.89
C-0031,2026-07-12,1843.5
C-0031,2026-05-08,728.15
C-0031,2026-08-21,569.27
C-0031,2025-12-22,561.87
C-0031,2026-01-24,1488.05
C-0031,2026-01-08,957.33
C-0031,2025-09-11,781.19
C-0031,2026-02-12,1574.4
C-0031,2026-08-26,767.86
C-0031,2026-07-03,717.81
C-0031,2026-06-16,1145.71
C-0031,2025-10-12,271.48
C-0031,2026-04-09,325.83
C-0031,2026-01-14,816.56
C-0031,2026-07-14,2220.88
C-0031,2026-07-18,1332.66
C-0031,2025-11-24,659.54
C-0031,2026-02-16,1752.19
C-0031,2025-10-24,876.35
C-0031,2026-04-18,787.17
C-0031,2025-12-16,1134.71
C-0031,2026-03-11,157.59
C-0031,2025-10-07,525.27
C-0031,2026-08-03,957.58
C-0032,2025-10-27,923.9
C-0032,2025-11-18,530.84
C-0032,2026-05-11,1290.13
C-0032,2025-10-14,107.81
C-0032,2026-08-07,1490.95
C-0032,2026-03-29,745.05
C-0032,2026-04-29,1127.68
C-0032,2026-01-02,1851.92
C-0032,2026-07-19,951.18
C-0032,2025-12-29,523.49
C-0032,2026-01-24,1260.06
C-0032,2025-11-14,2741.07
C-0032,2025-11-03,678.98
C-0032,2026-08-27,1257.03
C-0032,2026-03-12,913.55
C-0032,2025-11-28,946.38
C-0032,2026-02-27,526.12
C-0032,2025-11-12,241.42
C-0032,2026-05-26,358.27
C-0032,2025-11-06,346.84
C-0032,2026-07-08,429.68
C-0032,2026-05-18,477.09
C-0032,2025-11-10,310.45
C-0032,2026-04-19,453.64
C-0032,2026-05-05,1040.76
C-0033,2026-08-18,634.43
C-0033,2026-02-11,763.31
C-0033,2026-01-10,1734.9
C-0033,2026-04-10,466.38
C-0033,2026-08-21,925.53
C-0033,2026-03-23,459.88
C-0033,2025-10-20,772.41
C-0033,2026-04-30,775.41
C-0033,2026-03-12,786.31
C-0033,2025-10-29,495.33
C-0033,2026-05-04,543.84
C-0033,2026-07-14,1777.12
C-0033,2026-07-23,1095.59
C-0033,2025-11-21,3699.44
C-0033,2026-01-28,848.7
C-0033,2026-01-20,1132.96
C-0033,2025-12-08,286.44
C-0033,2025-10-22,540.7
C-0033,2026-03-23,823.79
C-0033,2026-03-16,1712.57
C-0033,2026-07-23,743.06
C-0033,2026-04-24,811.77
C-0033,2026-01-10,129.38
C-0033,2026-05-03,1014.44
C-0033,2026-07-12,1175.17
C-0033,2026-03-06,1300.44
C-0033,2026-02-15,276.78
C-0033,2026-06-19,527.41
C-0033,2026-02-27,1233.12
C-0033,2025-11-08,1692.15
C-0033,2026-02-12,825.42
C-0033,2026-08-21,567.63
C-0033,2025-10-11,286.44
C-0033,2026-02-14,1930.03
C-0033,2026-02-14,971.93
C-0033,2026-04-23,1291.43
C-0033,2026-07-24,1211.46
C-0033,2026-03-15,434.38
C-0034,2026-05-04,1820.9
C-0034,2026-05-03,872.45
C-0034,2026-06-27,80.0
C-0034,2025-09-05,269.44
C-0034,2026-02-16,1387.36
C-0034,2026-06-10,2519.87
C-0034,2026-04-24,1798.46
C-0034,2026-05-08,445.75
C-0034,2026-01-10,204.71
C-0034,2026-08-04,253.66
C-0034,2026-01-04,985.76
C-0034,2026-02-14,1171.87
C-0034,2025-12-01,1138.05
C-0034,2026-06-14,1033.62
C-0034,2025-10-26,432.48
C-0034,2026-01-15,544.06
C-0034,2026-06-06,976.67
C-0034,2025-11-29,1311.47
C-0034,2025-10-02,694.51
C-0034,2025-12-02,1422.08
C-0034,2026-04-04,871.46
C-0034,2025-12-19,1698.04
C-0034,2025-10-19,1196.22
C-0034,2026-05-09,444.53
C-0034,2026-08-18,2045.62
C-0034,2026-01-11,189.34
C-0034,2026-05-27,1762.77
C-0034,2025-12-22,1901.98
C-0034,2025-10-12,556.69
C-0034,2025-12-07,377.22
C-0034,2026-07-19,1390.16
C-0034,2025-11-20,1026.3
C-0034,2025-09-16,2188.0
C-0034,2026-08-06,526.53
C-0034,2026-03-13,891.86
C-0034,2026-07-12,1600.96
C-0034,2026-07-28,732.31
C-0034,2026-07-07,1179.49
C-0034,2026-01-23,1638.75
C-0034,2026-06-22,882.94
C-0034,2026-08-11,176.95
C-0034,2026-02-12,1607.07
C-0035,2026-08-04,484.12
C-0035,2025-12-13,863.24
C-0035,2025-11-19,1826.0
C-0035,2026-02-28,1610.94
C-0035,2025-10-20,362.38
C-0035,2026-04-01,778.7
C-0035,2026-03-09,612.95
C-0035,2025-12-05,271.86
C-0035,2025-12-07,1132.43
C-0035,2026-03-09,588.39
C-0035,2026-03-07,572.07
C-0035,2026-05-31,1656.79
C-0035,2026-02-14,593.54
C-0035,2026-06-20,389.32
C-0035,2025-12-17,171.57
C-0035,2026-05-26,414.31
C-0035,2026-06-13,1456.99
C-0035,2026-03-10,643.83
C-0035,2026-05-12,318.08
C-0035,2026-04-26,1795.65
C-0035,2026-06-21,1099.39
C-0035,2025-10-22,1511.93
C-0035,2026-03-21,1911.02
C-0035,2026-06-17,313.34
C-0035,2026-07-22,519.33
C-0035,2026-05-06,711.41
C-0035,2026-05-30,659.42
C-0035,2025-09-06,256.11
C-0035,2026-05-18,474.99
C-0035,2026-06-09,1030.66
C-0035,2025-12-14,1735.26
C-0035,2026-04-06,187.7
C-0035,2025-09-22,1836.94
C-0035,2026-06-19,2359.05
C-0035,2026-02-22,1004.41
C-0035,2026-03-30,217.68
C-0035,2026-05-20,1312.01
C-0035,2025-09-14,322.69
C-0035,2025-12-31,1875.56
C-0035,2026-03-12,961.66
C-0036,2025-11-14,497.44
C-0036,2025-09-14,403.78
C-0036,2026-07-01,361.87
C-0036,2026-06-30,401.38
C-0036,2026-06-10,1822.27
C-0036,2025-09-11,1578.19
C-0036,2026-01-26,2062.28
C-0036,2026-06-08,168.19
C-0036,2026-01-12,328.59
C-0036,2026-07-29,1897.07
C-0036,2026-07-25,1615.51
C-0036,2025-09-14,486.89
C-0036,2026-03-30,1912.23
C-0036,2026-03-20,673.0
C-0036,2026-02-02,1454.53
C-0036,2026-06-24,221.38
C-0036,2026-05-09,741.23
C-0036,2026-03-08,1648.09
C-0036,2026-05-14,328.7
C-0036,2026-03-02,959.78
C-0036,2025-09-29,1042.42
C-0036,2026-02-01,1351.62
C-0036,2026-06-29,1237.75
C-0036,2026-04-21,559.93
C-0036,2026-04-18,1154.48
C-0036,2026-01-01,1046.87
C-0036,2026-05-19,294.96
C-0036,2026-07-17,430.26
C-0036,2025-12-22,80.0
C-0036,2026-05-04,1061.19
C-0036,2026-06-29,1190.87
C-0036,2025-10-24,476.95
C-0036,2026-07-26,1241.69
C-0036,2026-05-23,351.92
C-0036,2026-06-26,2460.57
C-0036,2026-04-16,1010.79
C-0036,2026-07-01,80.0
C-0036,2025-11-27,2824.21
C-0036,2025-12-21,460.36
C-0037,2025-12-05,741.31
C-0037,2026-04-08,102.48
C-0037,2026-04-06,396.49
C-0037,2025-11-17,1476.24
C-0037,2026-03-24,1815.3
C-0037,2026-07-18,459.12
C-0037,2025-09-22,1660.89
C-0037,2026-04-02,1817.05
C-0037,2026-03-07,263.57
C-0037,2026-07-24,564.8
C-0037,2025-11-30,1499.06
C-0037,2025-12-07,561.6
C-0037,2026-01-01,161.89
C-0037,2026-04-28,2075.61
C-0037,2026-05-19,1132.86
C-0037,2026-07-22,470.87
C-0037,2026-08-14,200.78
C-0037,2026-02-04,676.63
C-0037,2025-09-06,1203.74
C-0037,2026-02-05,2186.44
C-0037,2026-08-14,448.53
C-0037,2026-05-17,940.67
C-0037,2026-03-27,631.91
C-0037,2025-11-08,1494.69
C-0037,2026-02-18,1841.95
C-0037,2026-08-18,242.27
C-0037,2026-05-18,359.05
C-0037,2025-09-05,565.94
C-0037,2026-08-13,992.1
C-0037,2026-05-18,1274.28
C-0037,2026-03-06,922.6
C-0037,2026-04-18,682.96
C-0037,2025-11-30,280.92
C-0037,2026-07-04,1184.82
C-0037,2026-01-27,2939.35
C-0037,2026-08-04,1028.76
C-0037,2026-08-25,4720.73
C-0037,2026-02-05,1411.37
C-0037,2025-12-15,1946.54
C-0037,2026-03-16,817.44
C-0037,2025-10-28,379.15
C-0037,2025-11-08,1034.28
C-0037,2025-10-27,909.46
C-0038,2026-08-02,281.83
C-0038,2026-03-14,605.57
C-0038,2026-01-17,988.11
C-0038,2026-01-27,670.38
C-0038,2026-07-29,673.7
C-0038,2026-06-12,444.06
C-0038,2026-03-17,1134.06
C-0038,2025-12-24,502.01
C-0038,2025-09-09,1300.71
C-0038,2026-01-21,271.69
C-0038,2026-02-27,384.5
C-0038,2026-02-05,1061.27
C-0038,2026-02-20,503.84
C-0038,2025-12-05,1216.43
C-0038,2026-04-07,1003.74
C-0038,2026-01-07,1106.0
C-0038,2026-01-05,220.66
C-0038,2026-01-04,3109.86
C-0038,2025-12-25,1645.72
C-0038,2025-09-22,1355.24
C-0038,2026-03-19,517.94
C-0038,2026-08-07,854.52
C-0038,2026-05-24,316.6
C-0038,2026-05-17,426.84
C-0038,2026-03-10,472.65
C-0038,2026-01-13,905.79
C-0038,2026-01-24,2650.45
C-0038,2026-05-27,365.74
C-0038,2025-10-31,1025.17
C-0038,2026-02-02,361.67
C-0038,2026-01-30,1153.37
C-0038,2025-10-18,1108.83
C-0038,2025-11-30,1586.85
C-0038,2026-08-06,348.06
C-0038,2025-11-03,175.82
C-0038,2026-07-17,1945.89
C-0038,2026-03-11,464.37
C-0038,2025-11-06,1646.67
C-0038,2026-04-14,548.9
C-0038,2026-07-08,1446.5
C-0039,2026-08-02,355.08
C-0039,2026-02-28,1853.63
C-0039,2026-06-14,424.12
C-0039,2025-11-29,465.72
C-0039,2025-11-26,1594.12
C-0039,2025-12-10,80.0
C-0039,2026-07-28,859.67
C-0039,2026-02-19,1213.16
C-0039,2026-05-19,732.59
C-0039,2025-10-12,666.22
C-0039,2026-04-27,1344.93
C-0039,2026-06-07,312.41
C-0039,2026-08-05,327.83
C-0039,2026-01-05,2290.98
C-0039,2025-10-30,344.16
C-0039,2026-03-11,559.55
C-0039,2026-04-25,1175.04
C-0039,2025-09-14,721.24
C-0039,2026-03-03,1293.38
C-0039,2025-12-08,578.67
C-0039,2026-04-08,1279.89
C-0039,2025-12-26,813.62
C-0039,2025-12-15,1101.03
C-0039,2026-05-26,530.56
C-0039,2026-06-04,638.25
C-0039,2025-09-11,2303.89
C-0039,2026-01-14,652.63
C-0039,2026-05-23,1859.4
C-0039,2025-10-15,760.45
C-0039,2026-03-05,707.3
C-0039,2026-01-25,340.55
C-0039,2025-11-10,1643.73
C-0039,2026-06-22,348.03
C-0040,2026-01-09,1124.98
C-0040,2026-03-12,2522.69
C-0040,2026-08-15,1114.79
C-0040,2026-05-26,995.93
C-0040,2026-05-03,1572.68
C-0040,2026-05-28,158.41
C-0040,2026-02-06,990.67
C-0040,2025-12-06,1227.29
C-0040,2025-10-30,1467.66
C-0040,2026-01-19,1113.78
C-0040,2025-12-10,808.94
C-0040,2026-01-25,124.78
C-0040,2025-10-06,167.63
C-0040,2026-04-12,2815.2
C-0040,2026-04-20,405.51
C-0040,2025-11-06,607.24
C-0040,2025-12-28,982.23
C-0040,2026-01-16,2826.36
C-0040,2026-05-22,514.64
C-0040,2026-03-26,864.27
C-0040,2026-07-07,1393.55
C-0040,2025-11-16,1911.99
C-0040,2026-04-25,666.47
C-0040,2026-05-20,1496.36
C-0040,2025-10-09,1774.08
C-0040,2025-11-23,638.92
C-0040,2025-09-12,731.21
C-0040,2026-08-21,1001.6
C-0040,2026-04-30,414.77
C-0040,2026-06-22,1440.08
C-0040,2026-03-25,1568.2
C-0040,2025-12-08,1235.03
C-0041,2026-03-02,1240.26
C-0041,2025-10-19,1086.66
C-0041,2026-01-06,1134.85
C-0041,2025-10-10,478.23
C-0041,2026-01-19,2196.77
C-0041,2026-01-19,456.62
C-0041,2025-12-16,187.65
C-0041,2025-12-14,436.64
C-0041,2026-06-24,784.43
C-0041,2026-02-01,1105.81
C-0041,2025-11-17,313.13
C-0041,2026-08-03,338.39
C-0041,2026-05-10,749.11
C-0041,2026-06-20,1285.04
C-0041,2026-05-25,1264.36
C-0041,2025-09-18,2048.15
C-0041,2025-12-11,937.57
C-0041,2026-04-05,999.14
C-0041,2025-11-16,271.46
C-0041,2025-10-17,721.75
C-0041,2026-07-31,1881.75
C-0041,2026-01-19,595.6
C-0041,2026-02-07,1463.62
C-0041,2026-02-10,304.68
C-0041,2026-06-27,837.59
C-0041,2026-04-16,594.04
C-0041,2026-01-08,572.65
C-0041,2026-08-19,444.07
C-0041,2026-04-22,1557.95
C-0041,2026-05-17,580.04
C-0041,2025-10-09,544.12
C-0041,2025-10-06,2159.5
C-0041,2026-04-22,2102.58
C-0041,2026-03-16,1142.74
C-0041,2025-09-28,719.4
C-0041,2026-06-16,617.56
C-0041,2026-04-25,571.25
C-0041,2025-10-12,1775.88
C-0041,2026-04-03,145.66
C-0041,2026-06-03,582.73
C-0041,2025-10-06,681.95
C-0041,2026-05-31,214.53
C-0041,2026-05-11,374.85
C-0041,2026-06-17,2786.06
C-0041,2026-03-23,1698.6
C-0042,2026-03-04,799.03
C-0042,2026-03-15,387.78
C-0042,2026-08-05,848.55
C-0042,2026-04-13,1578.3
C-0042,2025-11-03,809.42
C-0042,2026-04-01,543.64
C-0042,2026-01-12,1083.86
C-0042,2026-07-15,547.63
C-0042,2025-11-15,386.16
C-0042,2026-05-02,915.53
C-0042,2026-05-31,80.0
C-0042,2026-02-28,933.9
C-0042,2026-05-08,590.83
C-0042,2026-01-29,485.24
C-0042,2026-07-10,1258.51
C-0042,2025-10-06,682.4
C-0042,2026-03-31,1458.54
C-0042,2026-06-26,929.96
C-0042,2025-11-16,504.6
C-0042,2026-05-04,1555.21
C-0042,2026-04-07,601.95
C-0042,2026-01-21,1211.41
C-0042,2026-06-24,886.07
C-0042,2025-11-07,942.55
C-0042,2026-03-17,742.38
C-0042,2025-10-10,1119.88
C-0042,2026-03-26,1209.14
C-0042,2025-10-17,2069.44
C-0042,2026-05-24,480.95
C-0042,2026-01-20,1318.73
C-0042,2026-07-17,2009.53
C-0042,2025-11-15,698.65
C-0042,2025-09-19,469.85
C-0042,2025-12-22,821.1
C-0042,2026-03-14,435.33
C-0042,2025-10-23,497.54
C-0042,2026-04-09,1412.87
C-0042,2026-04-23,1235.74
C-0042,2026-05-20,768.87
C-0042,2025-11-23,239.75
C-0042,2026-04-19,932.78
C-0042,2026-05-29,264.62
C-0042,2025-10-27,251.89
C-0043,2026-06-16,1065.56
C-0043,2026-06-02,654.43
C-0043,2026-01-23,603.88
C-0043,2026-05-09,522.37
C-0043,2026-04-28,1449.71
C-0043,2026-03-13,327.58
C-0043,2025-12-26,290.01
C-0043,2026-08-20,1847.16
C-0043,2026-07-01,1010.79
C-0043,2026-01-25,888.5
C-0043,2026-06-23,1299.23
C-0043,2026-05-07,1711.75
C-0043,2026-03-23,381.39
C-0043,2026-06-16,483.59
C-0043,2026-05-08,1037.11
C-0043,2026-07-16,1534.23
C-0043,2026-01-22,467.98
C-0043,2025-10-25,971.25
C-0043,2026-01-26,114.71
C-0043,2026-08-15,834.54
C-0043,2025-09-17,350.94
C-0043,2026-04-04,775.01
C-0043,2025-10-04,553.85
C-0043,2025-11-03,1195.49
C-0043,2026-05-22,772.71
C-0043,2025-09-05,474.16
C-0043,2026-06-05,1170.42
C-0043,2026-03-03,80.0
C-0043,2025-12-04,284.99
C-0043,2026-02-04,1005.74
C-0043,2026-01-03,653.18
C-0043,2026-04-08,1663.5
C-0043,2025-09-30,788.9
C-0043,2026-06-13,1050.16
C-0043,2026-02-06,261.15
C-0043,2025-09-21,1051.43
C-0043,2026-04-07,229.63
C-0044,2026-01-27,2221.37
C-0044,2025-09-18,1434.89
C-0044,2025-09-16,1318.51
C-0044,2026-04-11,503.37
C-0044,2026-05-18,3557.35
C-0044,2025-09-18,2384.27
C-0044,2025-10-25,1543.09
C-0044,2026-02-17,605.26
C-0044,2026-05-03,140.28
C-0044,2026-04-22,932.94
C-0044,2026-06-10,709.36
C-0044,2025-09-16,970.76
C-0044,2026-07-03,253.61
C-0044,2026-05-13,391.16
C-0044,2026-05-16,509.72
C-0044,2026-06-17,1441.25
C-0044,2026-05-16,443.28
C-0044,2026-07-17,520.91
C-0044,2025-10-08,1694.72
C-0044,2026-04-29,871.81
C-0044,2026-08-20,764.47
C-0044,2025-09-29,1617.31
C-0044,2026-02-06,2388.08
C-0044,2026-02-04,1633.07
C-0044,2026-08-21,176.9
C-0044,2026-04-04,776.34
C-0044,2025-11-23,501.72
C-0044,2025-11-01,1611.76
C-0044,2025-09-28,1617.55
C-0044,2026-05-12,854.98
C-0044,2026-05-13,1180.41
C-0044,2026-02-24,868.0
C-0044,2026-03-24,574.48
C-0044,2026-08-05,804.78
C-0044,2026-07-26,2013.58
C-0044,2026-05-30,1068.56
C-0044,2026-06-13,391.6
C-0044,2026-02-07,1248.4
C-0045,2025-12-05,502.42
C-0045,2026-08-03,383.9
C-0045,2026-03-25,2114.76
C-0045,2025-11-10,987.59
C-0045,2026-05-27,818.74
C-0045,2026-04-07,823.7
C-0045,2025-10-09,1351.24
C-0045,2026-05-15,855.46
C-0045,2026-04-01,194.71
C-0045,2025-12-06,984.19
C-0045,2026-03-24,594.4
C-0045,2026-01-17,685.91
C-0045,2026-03-13,848.09
C-0045,2026-05-14,1209.87
C-0045,2026-02-07,646.9
C-0045,2025-12-24,768.36
C-0045,2026-03-21,1422.08
C-0045,2025-12-21,1432.87
C-0045,2025-12-26,133.1
C-0045,2026-02-28,1336.1
C-0045,2025-10-08,841.49
C-0045,2025-12-06,663.14
C-0045,2025-11-28,229.31
C-0045,2025-12-19,1132.87
C-0045,2025-11-17,725.63
C-0045,2026-05-22,1490.17
C-0045,2025-09-24,462.23
C-0045,2026-07-09,717.6
C-0045,2025-12-16,1086.3
C-0045,2025-10-28,735.64
C-0045,2026-03-15,144.88
C-0045,2026-03-08,405.84
C-0045,2025-10-07,1431.43
C-0045,2026-07-30,1351.88
C-0045,2026-03-27,1192.05
C-0045,2026-06-21,480.33
C-0045,2026-05-06,3302.36
C-0045,2026-02-02,1723.97
C-0045,2026-03-20,444.44
C-0045,2026-07-09,631.5
C-0045,2026-01-17,1467.0
C-0045,2026-03-05,2010.87
C-0046,2026-02-15,611.18
C-0046,2026-05-05,1510.4
C-0046,2026-07-15,601.42
C-0046,2025-10-08,1274.89
C-0046,2026-02-04,1335.82
C-0046,2026-08-07,902.81
C-0046,2026-07-27,632.29
C-0046,2026-08-05,1735.57
C-0046,2026-04-16,735.29
C-0046,2026-02-28,2244.26
C-0046,2026-05-07,524.97
C-0046,2026-03-15,639.98
C-0046,2026-04-06,1254.67
C-0046,2025-09-05,959.82
C-0046,2026-04-13,1178.96
C-0046,2026-07-09,1466.64
C-0046,2026-02-28,275.07
C-0046,2025-09-23,775.66
C-0046,2025-10-29,1828.35
C-0046,2026-07-05,307.78
C-0046,2026-03-09,1304.88
C-0046,2026-02-03,1774.1
C-0046,2025-09-22,268.99
C-0046,2026-08-10,1639.89
C-0046,2026-05-19,392.06
C-0046,2026-03-22,1473.11
C-0046,2025-11-28,1292.91
C-0046,2026-08-14,1758.19
C-0046,2026-03-05,1054.58
C-0046,2025-12-11,990.63
C-0046,2025-10-10,1011.16
C-0046,2026-07-08,579.98
C-0046,2025-11-05,1955.31
C-0046,2025-12-10,773.51
C-0046,2026-02-28,728.49
C-0046,2026-05-09,693.05
C-0046,2025-10-23,929.53
C-0046,2025-09-10,924.22
C-0046,2025-09-27,1441.07
C-0047,2026-03-02,2206.37
C-0047,2026-02-01,488.3
C-0047,2026-02-10,1237.92
C-0047,2026-08-17,543.05
C-0047,2026-03-08,250.8
C-0047,2026-06-07,214.37
C-0047,2025-12-03,878.17
C-0047,2025-09-10,493.67
C-0047,2026-08-16,350.81
C-0047,2025-12-23,1538.08
C-0047,2025-10-23,487.68
C-0047,2026-05-28,420.57
C-0047,2026-06-13,484.0
C-0047,2026-06-01,332.78
C-0047,2025-11-25,762.31
C-0047,2025-10-14,606.79
C-0047,2026-08-13,1359.55
C-0047,2026-04-29,252.05
C-0047,2026-03-14,916.78
C-0047,2026-03-17,1028.95
C-0047,2025-11-15,1173.82
C-0047,2025-11-14,1049.55
C-0047,2026-02-02,356.09
C-0047,2025-10-04,1930.83
C-0047,2025-10-03,923.86
C-0047,2026-07-08,665.58
C-0047,2025-11-09,1204.59
C-0047,2025-12-05,317.9
C-0047,2026-03-13,324.82
C-0047,2026-01-05,2359.68
C-0047,2025-11-03,638.64
C-0047,2026-06-22,178.23
C-0048,2026-06-27,1488.19
C-0048,2026-01-08,521.61
C-0048,2026-05-22,363.91
C-0048,2026-01-15,1060.45
C-0048,2026-05-20,634.23
C-0048,2026-08-16,1062.79
C-0048,2026-06-06,727.77
C-0048,2026-05-01,253.75
C-0048,2026-05-30,686.87
C-0048,2026-07-12,1006.56
C-0048,2025-11-14,432.08
C-0048,2026-05-31,2052.61
C-0048,2026-03-09,1054.45
C-0048,2026-03-31,1668.88
C-0048,2026-07-08,3209.83
C-0048,2026-04-23,584.35
C-0048,2025-09-28,595.84
C-0048,2026-07-27,1357.98
C-0048,2025-12-10,188.52
C-0048,2025-10-13,983.14
C-0048,2025-11-09,236.79
C-0048,2026-04-09,497.65
C-0048,2025-12-02,1621.07
C-0048,2026-05-04,716.05
C-0048,2026-03-12,226.82
C-0048,2025-09-10,124.51
C-0048,2026-05-25,713.3
C-0048,2025-12-27,1823.65
C-0048,2026-03-21,1661.64
C-0048,2026-08-17,1053.92
C-0048,2025-10-26,1017.83
C-0048,2026-06-17,2206.06
C-0048,2025-09-21,851.87
C-0048,2026-04-26,496.07
C-0048,2026-02-20,1289.07
C-0048,2026-07-28,1570.85
C-0048,2026-07-23,512.26
C-0048,2026-01-02,1047.9
C-0048,2026-03-08,694.25
C-0048,2025-11-17,1830.88
C-0048,2026-06-21,896.61
C-0048,2026-05-14,989.42
C-0049,2025-10-15,622.15
C-0049,2025-10-07,1358.73
C-0049,2026-06-06,978.16
C-0049,2026-03-13,787.4
C-0049,2026-08-13,1308.2
C-0049,2026-03-17,275.44
C-0049,2026-04-24,674.94
C-0049,2026-07-08,1564.95
C-0049,2026-01-22,681.55
C-0049,2025-11-06,204.58
C-0049,2026-01-01,659.67
C-0049,2025-09-29,518.76
C-0049,2026-08-14,1654.87
C-0049,2026-07-08,964.76
C-0049,2026-06-03,1093.49
C-0049,2026-05-22,1041.73
C-0049,2026-04-05,1746.19
C-0049,2026-06-17,327.72
C-0049,2025-11-15,619.38
C-0049,2026-04-28,554.11
C-0049,2026-02-04,706.98
C-0049,2026-01-10,711.92
C-0049,2025-10-17,198.7
C-0049,2025-11-18,1697.31
C-0049,2025-10-29,429.9
C-0049,2025-10-22,179.29
C-0049,2026-04-22,1601.99
C-0049,2025-09-18,775.73
C-0049,2026-03-10,631.88
C-0049,2026-02-21,586.23
C-0049,2026-08-01,1775.33
C-0049,2025-12-09,588.06
C-0049,2026-05-07,1114.03
C-0049,2026-05-04,650.97
C-0049,2026-04-03,1496.21
C-0049,2025-12-28,1593.28
C-0049,2026-04-22,426.25
C-0050,2026-04-03,421.01
C-0050,2026-05-10,1822.78
C-0050,2025-09-12,287.81
C-0050,2026-06-30,674.97
C-0050,2025-12-07,304.46
C-0050,2026-07-01,761.05
C-0050,2025-09-09,277.67
C-0050,2026-02-24,2189.46
C-0050,2025-09-20,747.81
C-0050,2025-10-28,2029.9
C-0050,2026-06-26,817.12
C-0050,2026-01-16,372.56
C-0050,2026-03-15,1047.15
C-0050,2025-11-29,1763.89
C-0050,2026-05-05,277.8
C-0050,2026-04-20,851.65
C-0050,2026-02-25,690.19
C-0050,2026-02-10,1118.25
C-0050,2026-05-17,2500.75
C-0050,2026-02-18,1575.06
C-0050,2025-10-17,1184.73
C-0050,2026-03-24,1106.26
C-0050,2025-12-02,132.95
C-0050,2026-06-12,2567.7
C-0050,2026-05-25,1130.76
C-0050,2026-06-08,605.74
C-0050,2026-01-25,875.02
C-0050,2026-01-25,1630.96
C-0051,2026-04-25,254.62
C-0051,2025-11-18,3040.06
C-0051,2025-10-03,954.76
C-0051,2026-06-25,1580.78
C-0051,2026-04-01,311.66
C-0051,2026-06-08,158.09
C-0051,2026-01-29,243.55
C-0051,2026-08-17,1173.71
C-0051,2026-03-30,2235.15
C-0051,2026-05-01,2117.54
C-0051,2026-05-05,793.37
C-0051,2026-04-23,458.51
C-0051,2026-05-25,706.38
C-0051,2026-06-19,1013.92
C-0051,2025-10-30,737.08
C-0051,2026-03-15,1194.67
C-0051,2025-09-29,953.67
C-0051,2026-06-07,908.81
C-0051,2026-05-25,1151.87
C-0051,2026-07-23,1957.95
C-0051,2026-06-18,782.39
C-0051,2025-11-19,1169.73
C-0051,2025-12-07,2109.39
C-0051,2026-06-20,821.77
C-0051,2026-07-07,1045.62
C-0051,2025-11-17,460.09
C-0051,2026-01-24,455.19
C-0051,2025-11-19,289.46
C-0051,2025-10-17,771.5
C-0051,2026-08-02,305.07
C-0051,2025-11-05,1943.19
C-0051,2026-07-09,801.08
C-0051,2026-06-15,517.14
C-0051,2026-03-19,623.26
C-0051,2026-07-02,331.74
C-0051,2026-08-20,829.46
C-0051,2026-02-17,402.81
C-0051,2026-03-26,1045.59
C-0051,2026-04-13,1361.12
C-0051,2026-04-26,907.6
C-0051,2026-06-03,375.94
C-0051,2025-10-24,1148.19
C-0051,2026-03-15,257.56
C-0051,2026-02-22,863.25
C-0051,2025-09-20,1643.46
C-0052,2025-11-20,678.95
C-0052,2025-10-21,766.33
C-0052,2025-12-30,556.0
C-0052,2025-11-05,778.47
C-0052,2026-05-13,515.27
C-0052,2026-05-13,816.67
C-0052,2026-01-15,1510.49
C-0052,2026-02-04,662.56
C-0052,2025-11-13,548.25
C-0052,2026-05-10,1296.93
C-0052,2025-09-16,568.32
C-0052,2026-07-12,215.35
C-0052,2026-03-03,479.39
C-0052,2026-07-14,750.62
C-0052,2025-12-05,355.24
C-0052,2026-08-07,764.39
C-0052,2025-09-28,817.68
C-0052,2025-09-22,1000.64
C-0052,2026-05-22,462.04
C-0052,2026-06-28,244.06
C-0052,2026-07-19,1363.67
C-0052,2026-06-09,1575.61
C-0052,2026-03-04,251.82
C-0052,2026-01-10,269.01
C-0052,2026-01-11,1365.05
C-0052,2026-08-14,863.64
C-0052,2025-11-26,220.11
C-0052,2025-11-04,632.31
C-0052,2025-10-15,1136.87
C-0052,2026-05-30,1370.75
C-0052,2025-11-20,731.19
C-0053,2026-04-08,722.9
C-0053,2025-11-16,394.96
C-0053,2025-09-27,327.5
C-0053,2026-06-20,1253.44
C-0053,2025-12-24,262.24
C-0053,2026-07-28,1371.19
C-0053,2026-05-31,687.53
C-0053,2026-03-29,1499.47
C-0053,2026-06-19,1636.16
C-0053,2025-11-06,1052.76
C-0053,2026-06-26,379.41
C-0053,2025-09-23,2056.22
C-0053,2026-07-31,825.77
C-0053,2026-05-02,1167.36
C-0053,2026-08-03,471.43
C-0053,2026-05-04,165.83
C-0053,2025-11-22,749.24
C-0053,2025-10-21,666.09
C-0053,2026-07-01,883.01
C-0053,2025-09-18,2183.48
C-0053,2026-01-12,243.53
C-0053,2025-10-29,198.24
C-0053,2026-03-29,564.68
C-0053,2026-08-12,139.53
C-0053,2026-03-02,113.85
C-0053,2025-11-05,453.81
C-0053,2026-02-25,581.75
C-0053,2025-11-17,857.17
C-0053,2026-07-14,438.19
C-0053,2026-06-01,1098.32
C-0053,2026-01-14,544.42
C-0053,2026-06-03,1789.9
C-0053,2025-10-05,1755.41
C-0054,2026-01-04,2161.56
C-0054,2026-04-20,960.51
C-0054,2025-12-09,110.34
C-0054,2026-04-15,919.45
C-0054,2026-03-27,405.76
C-0054,2025-12-16,995.92
C-0054,2026-04-09,395.95
C-0054,2026-01-18,626.34
C-0054,2026-02-12,506.28
C-0054,2025-11-14,1552.39
C-0054,2026-05-18,632.96
C-0054,2026-01-15,652.91
C-0054,2026-04-07,763.88
C-0054,2026-03-29,1107.62
C-0054,2026-03-31,2329.85
C-0054,2026-06-12,611.45
C-0054,2025-10-30,678.03
C-0054,2025-12-02,2305.03
C-0054,2026-01-13,1186.53
C-0054,2026-05-03,416.83
C-0054,2025-12-06,2462.19
C-0054,2026-03-17,1548.06
C-0054,2025-11-21,830.45
C-0054,2026-06-10,1958.55
C-0054,2026-08-21,642.3
C-0054,2026-07-19,2091.5
C-0054,2026-07-15,289.58
C-0054,2026-01-06,1287.52
C-0054,2025-09-05,969.2
C-0054,2025-12-21,865.34
C-0054,2026-06-20,1021.15
C-0054,2025-12-08,904.35
C-0054,2026-08-22,971.99
C-0054,2026-03-05,662.04
C-0054,2026-05-26,471.76
C-0054,2026-06-01,1263.88
C-0054,2026-02-08,1810.44
C-0054,2026-01-02,1059.02
C-0054,2026-06-26,402.51
C-0054,2026-06-05,737.38
C-0055,2026-01-14,1085.94
C-0055,2026-05-22,860.56
C-0055,2026-01-06,3711.08
C-0055,2026-08-17,1495.05
C-0055,2026-03-05,790.38
C-0055,2025-09-12,2342.04
C-0055,2025-09-26,930.9
C-0055,2025-11-11,217.98
C-0055,2026-04-20,688.38
C-0055,2025-12-29,1011.89
C-0055,2026-01-27,914.65
C-0055,2026-08-04,586.25
C-0055,2026-07-09,140.03
C-0055,2025-12-20,1103.0
C-0055,2025-12-29,1652.67
C-0055,2026-01-21,733.46
C-0055,2026-06-12,1358.93
C-0055,2026-07-27,653.45
C-0055,2026-01-20,761.14
C-0055,2025-09-14,1570.69
C-0055,2025-09-26,1123.05
C-0055,2026-06-09,1096.07
C-0055,2025-09-20,1182.21
C-0055,2025-12-30,775.56
C-0055,2026-07-31,148.48
C-0055,2026-04-23,494.49
C-0055,2025-11-07,1497.6
C-0055,2025-10-18,194.9
C-0055,2026-04-09,1045.3
C-0055,2026-02-11,840.86
C-0055,2025-10-14,529.64
C-0055,2026-01-16,421.76
C-0055,2026-05-24,1141.54
C-0055,2026-01-22,708.1
C-0055,2026-04-08,2758.1
C-0055,2026-05-01,752.59
C-0055,2025-12-21,688.84
C-0055,2025-10-20,730.87
C-0055,2026-08-03,206.79
C-0055,2026-04-03,844.06
C-0055,2025-11-25,892.05
C-0055,2026-01-23,1088.3
C-0055,2026-04-06,1359.08
C-0055,2026-04-02,859.78
C-0055,2025-11-24,167.88
C-0055,2026-03-24,399.05
C-0055,2025-11-26,757.62
C-0055,2026-03-12,966.79
C-0055,2026-07-02,1018.18
C-0055,2026-04-21,653.07
C-0055,2025-11-08,1165.67
C-0055,2026-04-23,264.08
C-0055,2025-09-06,1936.12
C-0055,2026-07-01,254.94
C-0055,2025-10-13,830.57
C-0055,2026-01-02,80.0
C-0055,2026-06-28,434.08
C-0055,2026-04-11,843.74
C-0055,2025-10-08,607.38
C-0056,2026-06-30,363.21
C-0056,2025-09-07,934.22
C-0056,2026-01-10,1888.49
C-0056,2026-02-12,2542.48
C-0056,2026-03-24,885.33
C-0056,2025-10-23,1516.93
C-0056,2025-10-18,316.91
C-0056,2025-11-20,267.32
C-0056,2025-11-21,2419.15
C-0056,2026-01-10,298.91
C-0056,2025-12-17,523.29
C-0056,2026-05-21,321.31
C-0056,2026-08-28,787.24
C-0056,2025-12-06,1003.13
C-0056,2026-02-24,1956.89
C-0056,2025-09-06,747.32
C-0056,2026-01-03,1082.02
C-0056,2026-02-16,507.9
C-0056,2026-02-06,404.54
C-0056,2026-03-01,126.33
C-0056,2026-06-27,393.51
C-0056,2026-08-12,516.46
C-0056,2025-12-28,589.97
C-0056,2025-10-13,384.41
C-0056,2025-11-24,631.86
C-0056,2025-10-12,1148.17
C-0056,2026-01-16,1799.71
C-0056,2025-12-20,94.4
C-0056,2025-09-21,548.32
C-0056,2026-02-20,768.85
C-0056,2026-08-20,699.02
C-0056,2026-03-30,724.68
C-0056,2026-02-07,1579.8
C-0056,2025-11-08,1454.8
C-0057,2025-11-27,884.23
C-0057,2026-07-06,704.4
C-0057,2026-04-05,758.76
C-0057,2025-11-22,117.83
C-0057,2026-01-10,204.01
C-0057,2026-08-22,617.68
C-0057,2025-12-04,1684.25
C-0057,2026-08-17,1624.33
C-0057,2026-05-27,960.61
C-0057,2026-03-07,401.97
C-0057,2026-04-16,1326.11
C-0057,2025-12-22,613.78
C-0057,2025-11-16,85.62
C-0057,2025-09-09,1837.92
C-0057,2025-09-24,1217.31
C-0057,2025-10-30,750.97
C-0057,2025-11-02,678.14
C-0057,2026-05-06,642.87
C-0057,2026-01-21,205.62
C-0057,2025-10-21,510.51
C-0057,2026-06-02,315.3
C-0057,2026-04-02,380.81
C-0057,2025-11-27,662.75
C-0057,2026-07-16,482.26
C-0057,2026-03-05,693.63
C-0057,2026-03-27,143.27
C-0057,2025-09-07,864.04
C-0057,2025-12-08,582.65
C-0057,2025-10-01,666.38
C-0057,2026-05-10,750.13
C-0057,2026-07-14,1336.22
C-0057,2025-11-03,867.31
C-0057,2026-01-04,1673.65
C-0057,2026-02-04,1050.16
C-0058,2026-02-02,247.7
C-0058,2026-07-22,640.93
C-0058,2026-01-19,853.59
C-0058,2026-06-28,1050.2
C-0058,2026-06-18,691.78
C-0058,2026-01-16,744.43
C-0058,2025-12-03,2169.95
C-0058,2026-03-28,776.51
C-0058,2025-10-19,899.45
C-0058,2026-04-22,645.9
C-0058,2026-07-03,1803.21
C-0058,2026-05-10,651.33
C-0058,2026-05-10,813.33
C-0058,2026-01-22,470.24
C-0058,2025-10-08,174.29
C-0058,2025-12-15,130.2
C-0058,2026-05-29,1601.83
C-0058,2026-01-18,644.35
C-0058,2026-04-01,1195.79
C-0058,2025-09-16,1101.59
C-0058,2026-02-07,703.89
C-0058,2026-05-25,670.04
C-0058,2025-12-19,1725.86
C-0058,2026-04-19,438.29
C-0058,2025-12-14,1721.97
C-0058,2025-09-16,144.1
C-0058,2026-07-13,1076.06
C-0058,2026-01-25,144.78
C-0058,2026-06-04,529.5
C-0058,2026-05-19,1023.08
C-0058,2026-07-19,348.99
C-0058,2026-07-08,616.82
C-0058,2025-09-17,782.44
C-0058,2026-05-16,1804.19
C-0058,2026-02-06,590.72
C-0058,2026-01-21,103.94
C-0058,2025-10-11,984.16
C-0058,2025-10-20,660.83
C-0058,2025-11-15,2514.52
C-0058,2025-11-01,669.41
C-0058,2026-03-15,1912.8
C-0059,2026-06-19,978.32
C-0059,2026-03-25,884.45
C-0059,2026-07-29,1708.38
C-0059,2026-07-19,1391.08
C-0059,2026-07-20,170.85
C-0059,2025-12-20,146.5
C-0059,2026-01-04,819.83
C-0059,2026-07-21,484.73
C-0059,2026-08-03,1047.47
C-0059,2026-07-11,809.56
C-0059,2025-09-24,1768.72
C-0059,2026-08-01,173.46
C-0059,2026-05-19,481.77
C-0059,2026-05-22,542.55
C-0059,2025-10-23,189.45
C-0059,2025-10-27,454.93
C-0059,2026-03-08,681.37
C-0059,2026-08-22,1673.87
C-0059,2026-05-17,681.17
C-0059,2026-06-20,964.98
C-0059,2025-09-26,774.54
C-0059,2026-03-02,2623.1
C-0059,2025-11-01,1544.82
C-0059,2026-05-13,237.21
C-0059,2026-05-23,1968.78
C-0059,2025-12-28,2213.01
C-0059,2026-03-11,867.88
C-0059,2025-12-17,993.78
C-0059,2026-07-03,2078.7
C-0059,2026-06-27,390.1
C-0059,2026-03-13,2094.55
C-0059,2025-11-04,778.13
C-0059,2026-02-12,566.75
C-0059,2026-04-16,825.27
C-0059,2026-07-13,2080.3
C-0059,2026-08-08,1095.83
C-0059,2025-12-05,536.52
C-0059,2025-12-30,553.77
C-0059,2026-03-15,1705.1
C-0059,2025-12-28,728.18
C-0059,2025-09-30,763.3
C-0060,2026-01-12,1102.09
C-0060,2026-06-05,456.46
C-0060,2026-06-24,766.21
C-0060,2026-01-25,479.76
C-0060,2026-02-21,642.63
C-0060,2026-06-18,486.18
C-0060,2026-07-04,1724.12
C-0060,2026-07-25,643.82
C-0060,2026-03-19,1162.01
C-0060,2026-01-06,589.92
C-0060,2025-11-08,1129.75
C-0060,2025-11-01,509.33
C-0060,2026-02-04,1756.72
C-0060,2026-03-15,207.03
C-0060,2025-09-28,2211.2
C-0060,2026-06-29,549.32
C-0060,2025-09-30,835.82
C-0060,2026-05-24,1389.07
C-0060,2025-09-06,318.01
C-0060,2025-11-23,1335.61
C-0060,2026-06-02,2035.35
C-0060,2026-04-09,668.85
C-0060,2026-07-03,1496.1
C-0060,2026-03-08,974.3
C-0060,2025-10-11,459.35
C-0060,2025-10-01,992.55
C-0060,2026-06-01,912.83
C-0060,2026-02-28,1231.58
C-0060,2025-12-28,1451.6
C-0060,2026-07-04,1216.04
C-0060,2026-05-25,528.87
C-0060,2025-10-03,722.51
C-0060,2026-03-22,1358.28
C-0061,2025-09-05,482.73
C-0061,2025-09-27,175.38
C-0061,2026-01-01,211.63
C-0061,2026-07-17,458.94
C-0061,2026-02-28,551.03
C-0061,2025-11-03,404.44
C-0061,2026-04-09,339.34
C-0061,2026-04-10,598.78
C-0061,2026-01-17,1643.28
C-0061,2025-12-15,1207.1
C-0061,2026-02-10,549.96
C-0061,2025-12-01,257.96
C-0061,2026-08-24,693.38
C-0061,2026-06-01,595.0
C-0061,2026-06-24,1010.07
C-0061,2026-08-17,207.67
C-0061,2025-12-22,1033.21
C-0061,2026-01-12,788.25
C-0061,2026-03-12,440.93
C-0062,2025-10-19,993.16
C-0062,2025-12-24,781.19
C-0062,2025-11-19,547.66
C-0062,2026-01-25,232.58
C-0062,2026-08-01,547.85
C-0062,2026-07-15,191.05
C-0062,2026-04-06,1413.64
C-0062,2025-09-25,538.43
C-0062,2026-04-24,446.91
C-0062,2026-01-23,540.88
C-0063,2026-01-20,240.91
C-0063,2026-04-23,705.49
C-0063,2025-11-16,144.63
C-0063,2026-05-22,661.07
C-0063,2026-01-27,1358.77
C-0063,2025-11-18,1283.0
C-0063,2026-06-25,227.86
C-0063,2026-06-15,219.55
C-0063,2026-01-23,956.34
C-0063,2025-12-18,1168.02
C-0063,2026-01-21,170.89
C-0063,2025-10-18,781.69
C-0063,2025-10-03,857.37
C-0063,2026-07-29,661.41
C-0064,2026-03-05,705.53
C-0064,2026-05-20,246.83
C-0064,2025-11-21,644.19
C-0064,2026-08-20,359.79
C-0064,2026-04-16,795.23
C-0064,2025-10-25,159.75
C-0064,2026-02-24,491.09
C-0064,2026-05-01,621.34
C-0064,2026-06-28,90.69
C-0064,2026-05-25,1226.18
C-0064,2026-07-22,598.31
C-0064,2026-02-15,238.47
C-0064,2026-03-17,91.86
C-0064,2025-09-28,397.85
C-0064,2026-06-05,815.96
C-0064,2025-11-10,798.47
C-0064,2025-09-24,757.05
C-0064,2025-12-08,518.3
C-0064,2026-04-10,572.13
C-0064,2026-02-04,717.63
C-0064,2026-08-20,502.24
C-0064,2026-08-10,419.77
C-0065,2026-01-01,190.24
C-0065,2025-09-22,277.49
C-0065,2025-10-11,699.97
C-0065,2026-08-29,573.69
C-0065,2026-02-23,852.76
C-0065,2026-04-15,1034.53
C-0065,2026-08-08,1597.02
C-0065,2025-12-23,913.63
C-0065,2026-08-16,329.55
C-0065,2025-11-20,387.74
C-0065,2026-01-27,631.71
C-0065,2025-09-17,796.98
C-0065,2025-09-13,556.88
C-0065,2026-02-21,95.51
C-0065,2026-01-14,132.96
C-0065,2025-09-11,290.73
C-0065,2026-01-07,131.28
C-0065,2026-01-15,85.1
C-0065,2026-04-09,316.31
C-0065,2025-12-20,417.51
C-0065,2026-02-20,204.97
C-0065,2026-08-07,361.64
C-0065,2026-03-17,466.4
C-0065,2025-09-21,411.73
C-0065,2026-02-10,303.4
C-0066,2025-11-21,449.78
C-0066,2026-03-15,1227.33
C-0066,2026-06-08,453.35
C-0066,2026-03-31,1215.24
C-0066,2026-05-15,636.02
C-0066,2026-05-27,309.86
C-0066,2026-02-17,737.83
C-0066,2026-02-16,735.15
C-0066,2025-09-10,724.73
C-0066,2026-02-10,512.71
C-0066,2026-06-16,282.18
C-0066,2025-11-12,661.34
C-0066,2026-05-19,214.09
C-0066,2026-05-17,1064.78
C-0066,2026-06-07,584.14
C-0066,2026-06-09,763.43
C-0066,2026-01-26,272.35
C-0066,2026-05-26,1057.58
C-0066,2025-09-13,330.34
C-0066,2026-05-16,117.7
C-0066,2026-04-18,273.05
C-0066,2026-04-30,603.2
C-0066,2026-01-19,329.73
C-0067,2025-11-18,824.36
C-0067,2026-07-05,775.11
C-0067,2025-11-20,602.8
C-0067,2026-04-06,80.0
C-0067,2026-06-12,272.11
C-0067,2026-06-28,237.58
C-0067,2026-02-17,102.84
C-0067,2026-06-14,378.28
C-0067,2026-01-10,944.93
C-0067,2025-12-28,306.88
C-0067,2026-03-21,520.08
C-0067,2026-05-27,898.91
C-0067,2026-06-05,1612.21
C-0067,2026-05-13,306.12
C-0067,2026-01-06,168.71
C-0067,2026-08-05,252.83
C-0067,2026-03-30,347.93
C-0067,2025-12-11,840.93
C-0067,2025-09-09,804.94
C-0067,2025-11-07,932.75
C-0067,2026-02-22,176.34
C-0067,2026-02-13,599.45
C-0067,2026-01-09,818.52
C-0068,2026-03-02,378.83
C-0068,2026-02-04,447.49
C-0068,2026-02-14,439.37
C-0068,2026-05-15,391.62
C-0068,2025-09-16,599.72
C-0068,2026-05-05,575.84
C-0068,2026-04-24,765.81
C-0068,2025-09-05,384.56
C-0068,2025-11-02,383.9
C-0068,2025-10-13,422.85
C-0068,2026-04-24,466.92
C-0068,2025-10-06,369.23
C-0068,2025-12-24,371.34
C-0068,2026-05-07,515.71
C-0068,2026-04-26,319.08
C-0068,2025-09-06,934.53
C-0068,2026-05-29,461.45
C-0068,2025-11-07,760.54
C-0068,2026-05-12,800.61
C-0068,2026-06-17,345.9
C-0068,2026-08-23,1168.5
C-0068,2025-10-17,1463.16
C-0068,2026-04-04,161.65
C-0068,2026-07-28,202.12
C-0068,2025-11-28,665.12
C-0068,2025-11-28,394.01
C-0069,2026-01-19,851.81
C-0069,2025-09-18,151.03
C-0069,2026-03-15,240.81
C-0069,2026-06-08,1003.0
C-0069,2026-07-24,193.92
C-0069,2025-10-20,421.89
C-0069,2026-05-13,1664.42
C-0069,2025-10-28,719.4
C-0069,2026-02-06,112.73
C-0069,2026-04-03,411.92
C-0069,2025-10-19,821.02
C-0069,2025-12-18,290.58
C-0069,2026-02-17,1096.25
C-0069,2026-04-06,537.62
C-0069,2025-12-14,594.86
C-0069,2026-04-25,80.0
C-0069,2026-03-23,327.41
C-0069,2025-11-10,328.78
C-0069,2025-10-26,286.42
C-0069,2026-06-25,590.18
C-0069,2026-03-12,385.39
C-0069,2025-11-04,624.49
C-0069,2026-05-09,576.49
C-0070,2026-06-29,317.36
C-0070,2025-12-08,1218.58
C-0070,2026-04-18,259.29
C-0070,2026-05-31,97.27
C-0070,2025-11-20,889.56
C-0070,2025-11-17,1138.77
C-0070,2025-12-31,1463.22
C-0070,2026-08-25,1150.09
C-0070,2026-01-12,927.54
C-0070,2025-12-31,528.1
C-0070,2025-09-19,92.48
C-0070,2025-09-20,1132.4
C-0070,2026-05-06,458.85
C-0070,2026-04-30,752.74
C-0070,2026-06-03,399.86
C-0070,2026-06-30,1824.07
C-0070,2025-09-27,799.76
C-0071,2025-11-04,164.67
C-0071,2026-07-09,651.15
C-0071,2026-01-13,323.07
C-0071,2026-08-11,1090.63
C-0071,2026-03-07,646.92
C-0071,2026-04-03,550.23
C-0071,2026-07-31,416.5
C-0071,2025-12-15,823.29
C-0071,2025-10-15,827.03
C-0071,2026-01-24,112.52
C-0071,2025-10-21,148.21
C-0071,2026-06-08,415.68
C-0071,2026-04-22,435.46
C-0071,2026-04-28,468.92
C-0071,2026-01-09,647.4
C-0071,2026-08-16,1168.37
C-0071,2026-04-07,253.28
C-0071,2026-06-17,246.3
C-0071,2026-05-26,614.91
C-0071,2026-03-09,902.1
C-0072,2026-08-12,1266.4
C-0072,2025-10-31,578.28
C-0072,2026-06-09,666.18
C-0072,2025-09-05,775.4
C-0072,2026-03-24,520.67
C-0072,2026-08-03,599.91
C-0072,2026-04-11,184.03
C-0072,2026-02-10,972.23
C-0072,2025-12-14,470.35
C-0072,2026-07-30,590.5
C-0072,2026-02-21,508.33
C-0072,2025-12-23,827.35
C-0072,2026-03-22,286.11
C-0072,2025-10-06,605.36
C-0072,2025-12-24,222.11
C-0072,2026-06-21,692.63
C-0072,2026-04-10,369.7
C-0072,2025-09-10,985.6
C-0072,2026-01-27,245.58
C-0072,2026-02-23,232.9
C-0073,2025-11-30,397.91
C-0073,2026-04-06,1080.69
C-0073,2025-09-12,366.6
C-0073,2026-02-14,927.72
C-0073,2026-01-28,987.04
C-0073,2026-07-28,316.17
C-0073,2026-05-09,835.4
C-0073,2025-09-10,1088.36
C-0073,2026-08-10,766.1
C-0073,2025-11-11,137.62
C-0073,2026-08-08,377.51
C-0073,2026-07-01,784.16
C-0073,2026-01-11,516.9
C-0073,2025-12-03,734.88
C-0073,2026-04-06,898.17
C-0073,2026-08-04,284.84
C-0073,2025-12-02,365.59
C-0073,2026-08-09,295.85
C-0073,2026-04-12,675.27
C-0073,2025-11-16,566.87
C-0073,2026-02-25,762.87
C-0073,2026-03-10,204.13
C-0073,2025-12-30,149.88
C-0073,2025-11-24,640.64
C-0074,2026-05-11,285.12
C-0074,2025-09-14,578.65
C-0074,2026-03-08,406.35
C-0074,2026-04-26,415.91
C-0074,2026-02-25,391.99
C-0074,2026-02-04,361.86
C-0074,2026-03-03,424.37
C-0074,2025-10-01,1028.48
C-0074,2026-02-20,235.27
C-0074,2025-12-18,243.13
C-0074,2026-04-14,732.61
C-0074,2026-01-04,456.92
C-0074,2025-12-18,916.12
C-0074,2026-03-23,1184.42
C-0074,2026-04-24,100.19
C-0074,2026-06-02,146.93
C-0074,2026-08-01,641.77
C-0074,2025-11-07,1287.17
C-0074,2025-10-07,100.31
C-0074,2026-07-14,91.87
C-0074,2026-04-09,763.21
C-0074,2026-01-22,592.31
C-0074,2026-01-21,666.26
C-0074,2026-01-04,1087.23
C-0074,2026-06-30,2001.59
C-0075,2026-07-09,544.08
C-0075,2025-10-27,151.51
C-0075,2025-11-16,333.69
C-0075,2025-11-27,846.54
C-0075,2025-10-02,464.82
C-0075,2025-12-06,342.19
C-0075,2026-01-08,370.65
C-0075,2026-01-16,627.15
C-0075,2026-07-15,467.64
C-0075,2026-03-19,348.11
C-0075,2026-06-11,333.18
C-0075,2026-07-08,106.7
C-0075,2025-11-21,745.33
C-0075,2025-11-18,1463.76
C-0075,2026-06-08,501.91
C-0075,2025-12-24,660.35
C-0075,2026-05-31,665.81
C-0075,2025-10-10,80.55
C-0075,2026-03-08,468.11
C-0075,2026-08-08,419.73
C-0075,2026-06-13,423.08
C-0076,2026-08-15,228.05
C-0076,2026-06-29,604.27
C-0076,2026-04-20,290.59
C-0076,2026-02-24,1180.93
C-0076,2026-07-11,300.82
C-0076,2025-12-20,80.0
C-0076,2026-07-18,933.7
C-0076,2026-02-23,391.41
C-0076,2025-12-31,1016.56
C-0076,2026-05-16,475.7
C-0076,2026-08-18,869.52
C-0076,2026-02-04,359.23
C-0076,2026-04-06,384.1
C-0076,2026-08-21,80.0
C-0076,2025-10-24,912.88
C-0076,2026-07-11,150.66
C-0076,2026-07-06,617.46
C-0077,2025-10-22,227.74
C-0077,2026-04-21,1027.46
C-0077,2025-10-13,622.34
C-0077,2026-01-22,1276.14
C-0077,2026-05-05,301.59
C-0077,2026-03-04,390.21
C-0077,2026-04-24,1451.13
C-0077,2026-08-23,80.0
C-0077,2026-06-17,462.02
C-0078,2026-04-11,1144.97
C-0078,2026-02-24,392.41
C-0078,2025-11-24,1029.37
C-0078,2026-05-18,1200.05
C-0078,2026-08-04,507.32
C-0078,2026-07-22,761.01
C-0078,2025-12-12,275.24
C-0078,2026-08-11,188.49
C-0078,2025-11-04,279.52
C-0078,2026-04-16,622.08
C-0078,2026-06-27,419.21
C-0078,2025-10-15,418.35
C-0078,2026-01-29,362.41
C-0078,2026-04-10,412.28
C-0078,2026-04-14,853.38
C-0078,2025-11-18,450.61
C-0078,2026-05-08,1056.53
C-0078,2025-09-19,589.68
C-0078,2026-05-13,140.93
C-0078,2026-02-11,571.77
C-0078,2025-11-03,1254.22
C-0079,2025-12-14,516.58
C-0079,2025-09-10,786.91
C-0079,2026-04-26,312.96
C-0079,2026-06-19,1014.6
C-0079,2025-11-06,416.99
C-0079,2026-01-28,1155.32
C-0079,2025-10-17,929.34
C-0079,2026-06-16,571.32
C-0079,2026-04-08,423.55
C-0079,2025-11-24,260.99
C-0079,2026-08-20,107.17
C-0079,2026-07-21,575.42
C-0079,2026-08-19,892.07
C-0079,2026-02-16,694.35
C-0079,2026-06-02,1757.67
C-0079,2026-05-12,605.61
C-0079,2025-10-25,652.7
C-0079,2026-01-30,424.89
C-0079,2026-04-07,609.93
C-0079,2026-08-29,501.28
C-0080,2026-06-22,831.62
C-0080,2026-04-23,278.42
C-0080,2026-04-05,306.84
C-0080,2025-09-06,571.01
C-0080,2025-11-06,596.46
C-0080,2026-07-05,689.63
C-0080,2026-06-11,190.48
C-0080,2025-10-03,675.9
C-0080,2026-06-23,498.44
C-0080,2025-11-12,641.3
C-0080,2026-04-08,303.66
C-0080,2026-08-22,1196.67
C-0080,2025-09-28,2078.9
C-0080,2025-12-16,736.63
C-0080,2026-06-23,361.29
C-0080,2026-02-04,687.27
C-0080,2025-09-07,316.33
C-0080,2025-09-13,432.98
C-0080,2026-05-22,612.19
C-0080,2026-03-30,450.66
C-0080,2026-08-02,424.79
C-0081,2025-09-29,279.96
C-0081,2026-02-20,1694.27
C-0081,2025-10-03,485.96
C-0081,2026-05-03,850.82
C-0081,2026-06-28,611.39
C-0081,2026-05-12,211.2
C-0081,2026-02-18,1326.85
C-0081,2026-06-26,479.24
C-0081,2026-04-13,686.73
C-0081,2025-10-24,1571.96
C-0081,2026-03-14,1122.26
C-0081,2026-02-03,114.62
C-0081,2026-04-12,273.33
C-0081,2025-11-14,473.81
C-0081,2026-04-15,958.43
C-0081,2026-05-10,270.97
C-0081,2025-12-11,510.16
C-0081,2026-05-05,322.23
C-0081,2026-04-25,636.29
C-0081,2025-11-23,401.68
C-0081,2025-09-17,1055.01
C-0081,2026-04-22,197.02
C-0081,2026-07-02,343.03
C-0081,2025-12-17,621.73
C-0081,2025-09-13,788.63
C-0082,2026-05-06,224.19
C-0082,2026-01-12,735.38
C-0082,2026-05-30,397.8
C-0082,2026-06-03,135.67
C-0082,2025-09-15,263.63
C-0082,2026-06-09,153.31
C-0082,2025-09-06,133.36
C-0082,2025-12-21,680.07
C-0082,2026-02-12,821.51
C-0082,2026-01-25,459.13
C-0082,2025-09-27,1812.44
C-0082,2025-12-08,401.32
C-0082,2025-09-13,406.69
C-0082,2026-02-13,365.51
C-0082,2026-06-09,99.15
C-0083,2026-06-14,600.4
C-0083,2025-09-30,294.82
C-0083,2025-10-07,933.11
C-0083,2025-09-30,748.03
C-0083,2026-07-08,456.81
C-0083,2026-04-09,315.33
C-0083,2026-05-11,80.0
C-0083,2026-04-22,413.73
C-0083,2026-04-16,317.16
C-0083,2026-06-25,150.91
C-0083,2026-01-08,442.54
C-0083,2026-02-14,1253.35
C-0083,2025-09-09,126.91
C-0083,2025-10-19,399.11
C-0083,2025-11-09,483.13
C-0083,2025-09-28,733.58
C-0083,2026-06-11,305.03
C-0083,2026-06-02,410.44
C-0083,2026-07-26,451.8
C-0083,2026-04-03,765.61
C-0083,2025-10-26,480.14
C-0083,2025-09-27,979.93
C-0083,2025-09-17,295.64
C-0084,2026-02-07,737.1
C-0084,2026-04-14,524.99
C-0084,2025-10-13,1068.35
C-0084,2025-12-24,575.76
C-0084,2026-05-03,582.19
C-0084,2026-08-26,507.46
C-0084,2026-06-20,712.46
C-0084,2026-02-18,191.12
C-0084,2026-03-09,449.22
C-0084,2026-01-17,2404.45
C-0084,2026-03-17,80.0
C-0084,2025-11-16,561.01
C-0084,2026-01-15,626.86
C-0084,2026-05-26,670.47
C-0084,2026-07-20,356.21
C-0084,2026-07-31,1057.5
C-0084,2026-03-30,1241.51
C-0084,2026-04-27,495.73
C-0084,2025-09-06,923.77
C-0084,2026-05-06,110.21
C-0084,2025-09-25,657.57
C-0084,2026-05-25,274.09
C-0084,2026-07-26,699.85
C-0084,2025-11-20,687.2
C-0084,2026-05-20,301.24
C-0084,2026-06-12,534.38
C-0084,2025-10-24,299.15
C-0085,2026-05-25,663.93
C-0085,2026-01-19,609.36
C-0085,2026-05-16,317.36
C-0085,2026-04-17,524.23
C-0085,2026-04-14,466.22
C-0085,2026-02-04,145.82
C-0085,2026-02-17,353.88
C-0085,2025-09-06,419.56
C-0085,2026-05-05,330.15
C-0085,2025-11-20,245.9
C-0085,2025-10-01,1172.25
C-0085,2026-07-01,845.48
C-0085,2026-04-18,160.26
C-0085,2026-08-04,500.06
C-0085,2025-12-23,467.79
C-0085,2025-09-13,630.03
C-0086,2025-10-21,442.62
C-0086,2026-01-10,154.96
C-0086,2026-03-31,80.0
C-0086,2026-06-04,193.81
C-0086,2026-04-20,308.16
C-0086,2026-05-28,400.31
C-0086,2026-03-09,486.52
C-0086,2026-04-21,542.41
C-0086,2026-02-12,685.11
C-0086,2025-10-18,97.33
C-0086,2026-06-12,673.6
C-0086,2026-06-08,541.35
C-0086,2026-06-06,1272.19
C-0087,2026-02-21,1624.37
C-0087,2026-07-18,549.97
C-0087,2026-03-24,956.1
C-0087,2026-06-11,841.19
C-0087,2026-08-21,1664.59
C-0087,2026-05-20,924.77
C-0087,2025-10-14,1178.93
C-0087,2026-01-08,1471.07
C-0087,2026-05-28,2085.82
C-0087,2026-05-18,992.35
C-0087,2026-06-07,517.66
C-0087,2026-01-29,787.63
C-0087,2026-05-07,957.4
C-0087,2026-01-11,144.75
C-0087,2026-04-23,191.96
C-0087,2025-11-10,1425.85
C-0087,2026-06-09,543.11
C-0087,2026-04-11,721.12
C-0087,2026-02-27,425.44
C-0087,2025-12-04,514.1
C-0087,2025-10-27,1053.38
C-0087,2025-11-21,1272.63
C-0087,2026-04-02,720.39
C-0087,2026-06-19,174.38
C-0087,2026-05-17,306.34
C-0088,2026-03-09,275.65
C-0088,2025-11-09,1134.26
C-0088,2026-04-22,1113.66
C-0088,2025-10-23,283.27
C-0088,2026-04-24,898.5
C-0088,2026-06-16,944.15
C-0088,2026-01-01,2147.73
C-0088,2025-09-13,269.05
C-0088,2026-06-12,162.0
C-0088,2026-02-21,270.68
C-0088,2026-01-03,1588.4
C-0088,2026-05-03,167.26
C-0088,2026-02-18,1089.24
C-0088,2026-02-01,604.86
C-0088,2026-01-02,453.73
C-0088,2025-09-12,836.07
C-0088,2026-01-12,659.81
C-0088,2025-09-24,656.44
C-0089,2026-04-17,407.37
C-0089,2026-06-02,451.12
C-0089,2025-09-27,1589.45
C-0089,2026-07-06,1117.96
C-0089,2026-04-28,658.31
C-0089,2025-10-03,258.32
C-0089,2025-12-25,1370.02
C-0089,2025-10-31,603.32
C-0089,2026-08-29,249.81
C-0089,2026-03-21,268.09
C-0089,2025-09-21,132.61
C-0089,2026-08-28,547.24
C-0089,2025-12-14,454.55
C-0089,2026-03-01,473.28
C-0090,2026-06-20,221.42
C-0090,2025-09-11,762.27
C-0090,2026-02-08,283.25
C-0090,2025-12-04,895.91
C-0090,2026-06-22,555.31
C-0090,2026-07-07,259.21
C-0090,2026-01-21,515.63
C-0090,2026-01-07,593.3
C-0090,2026-05-14,565.37
C-0090,2026-05-10,745.61
C-0090,2026-08-01,591.04
C-0090,2025-12-20,355.99
C-0090,2026-05-28,260.72
C-0090,2025-09-06,1480.85
C-0090,2025-09-24,1426.86
C-0090,2026-01-23,437.37
C-0090,2026-06-04,833.2
C-0090,2025-11-12,1225.22
C-0091,2025-10-11,381.14
C-0091,2025-11-24,103.37
C-0091,2025-10-26,920.35
C-0091,2026-03-01,268.63
C-0091,2026-03-22,345.08
C-0091,2025-11-24,650.17
C-0091,2026-08-12,567.24
C-0091,2025-11-21,1035.03
C-0091,2025-11-22,1151.17
C-0091,2025-10-09,730.05
C-0091,2025-10-18,307.96
C-0091,2026-01-02,468.56
C-0091,2025-09-19,356.96
C-0091,2026-02-15,2149.14
C-0091,2025-09-14,663.23
C-0091,2026-02-21,398.2
C-0091,2026-03-28,483.28
C-0091,2026-01-19,255.63
C-0091,2026-06-22,290.61
C-0091,2026-05-27,434.66
C-0091,2025-10-12,620.41
C-0091,2026-03-26,874.22
C-0092,2026-06-28,522.64
C-0092,2026-03-24,678.88
C-0092,2026-06-20,652.96
C-0092,2026-03-16,338.67
C-0092,2026-05-21,719.34
C-0092,2026-07-28,1002.88
C-0092,2025-09-27,340.9
C-0092,2025-09-11,267.44
C-0092,2026-05-03,671.48
C-0092,2026-05-31,290.61
C-0092,2025-09-15,1808.22
C-0092,2026-04-30,485.19
C-0092,2026-04-04,337.88
C-0092,2025-12-20,1398.47
C-0092,2026-07-07,1377.56
C-0092,2025-10-10,500.49
C-0092,2025-12-27,355.19
C-0093,2025-09-19,1075.92
C-0093,2026-06-21,504.41
C-0093,2026-03-25,1144.76
C-0093,2026-05-23,388.65
C-0093,2026-08-08,630.74
C-0093,2026-06-03,743.29
C-0093,2026-08-23,430.09
C-0093,2026-04-26,247.11
C-0093,2026-07-30,696.03
C-0093,2026-02-24,442.69
C-0093,2026-04-22,261.4
C-0093,2026-06-04,414.4
C-0093,2025-11-13,499.73
C-0093,2026-05-29,1036.27
C-0093,2026-05-13,666.6
C-0094,2026-07-18,295.59
C-0094,2026-04-27,374.93
C-0094,2026-07-20,167.24
C-0094,2025-12-01,669.53
C-0094,2025-11-23,149.83
C-0094,2025-12-26,736.91
C-0094,2026-03-28,590.34
C-0094,2026-08-02,490.94
C-0094,2025-09-21,240.81
C-0094,2025-10-25,908.89
C-0094,2026-05-23,1140.38
C-0094,2026-05-25,713.34
C-0094,2026-04-20,664.78
C-0094,2025-10-15,630.43
C-0094,2026-08-12,351.62
C-0094,2026-04-28,399.07
C-0095,2026-07-22,824.49
C-0095,2026-03-15,611.05
C-0095,2025-12-21,417.87
C-0095,2025-12-13,418.45
C-0095,2026-07-13,241.14
C-0095,2026-02-09,854.49
C-0095,2026-08-20,231.57
C-0095,2026-02-15,1219.54
C-0095,2026-08-14,722.4
C-0095,2025-11-07,619.87
C-0095,2026-07-31,305.53
C-0095,2026-01-05,1309.15
C-0095,2026-07-15,949.38
C-0095,2026-02-23,431.77
C-0096,2026-06-15,475.01
C-0096,2026-04-13,967.93
C-0096,2026-06-13,1571.51
C-0096,2026-02-01,963.01
C-0096,2025-09-05,279.0
C-0096,2025-12-09,1030.3
C-0096,2025-12-03,687.89
C-0096,2026-01-23,802.15
C-0096,2026-04-17,1364.33
C-0096,2026-05-28,1229.89
C-0096,2026-04-11,1204.94
C-0096,2026-06-28,811.67
C-0096,2026-06-26,1259.06
C-0096,2026-03-24,1072.44
C-0096,2026-01-31,327.55
C-0096,2026-03-24,446.66
C-0096,2026-05-23,321.52
C-0096,2026-04-17,111.19
C-0096,2026-02-12,643.96
C-0097,2026-01-01,154.78
C-0097,2026-04-20,1154.0
C-0097,2025-10-28,354.51
C-0097,2025-09-17,154.01
C-0097,2026-08-10,489.32
C-0097,2026-05-12,1166.72
C-0097,2026-04-12,445.51
C-0097,2026-03-09,417.6
C-0097,2026-04-22,294.98
C-0097,2025-10-30,611.01
C-0097,2026-04-02,486.48
C-0097,2026-05-06,1725.82
C-0097,2026-07-11,423.33
C-0097,2025-11-27,356.78
C-0097,2025-11-10,427.83
C-0097,2026-01-18,327.19
C-0098,2025-09-17,1132.35
C-0098,2026-03-05,425.67
C-0098,2026-03-07,126.18
C-0098,2026-03-22,484.96
C-0098,2025-12-06,937.8
C-0098,2025-11-10,845.31
C-0098,2026-05-16,228.1
C-0098,2025-10-08,330.29
C-0098,2025-09-16,442.48
C-0098,2026-01-18,243.95
C-0098,2026-04-25,80.0
C-0098,2026-08-21,537.76
C-0098,2026-07-28,332.25
C-0098,2026-01-30,681.51
C-0098,2025-10-20,429.38
C-0098,2025-09-08,354.92
C-0098,2026-08-26,445.66
C-0098,2026-05-06,383.43
C-0098,2025-12-01,349.26
C-0098,2026-06-04,659.2
C-0098,2026-04-21,896.2
C-0098,2025-10-01,259.24
C-0098,2025-11-28,289.32
C-0098,2026-01-24,1123.42
C-0098,2026-03-23,392.48
C-0098,2026-02-12,250.68
C-0098,2025-12-05,1170.4
C-0098,2025-09-23,1075.57
C-0098,2026-08-11,1137.21
C-0098,2025-09-14,602.26
C-0099,2025-11-13,240.67
C-0099,2025-11-21,605.85
C-0099,2025-10-07,312.95
C-0099,2026-06-21,432.61
C-0099,2025-11-12,633.32
C-0099,2025-12-13,1023.32
C-0099,2026-01-23,672.04
C-0099,2026-04-01,784.49
C-0099,2026-06-21,748.4
C-0099,2026-01-27,367.89
C-0099,2025-11-16,441.93
C-0099,2026-02-14,550.39
C-0099,2026-03-01,178.88
C-0099,2026-03-16,318.21
C-0099,2026-08-14,343.34
C-0099,2025-09-19,811.97
C-0099,2026-03-07,639.56
C-0100,2026-01-20,441.13
C-0100,2026-06-22,129.36
C-0100,2025-12-27,601.69
C-0100,2025-11-05,145.35
C-0100,2026-03-27,551.31
C-0100,2026-06-09,532.36
C-0100,2026-05-22,716.88
C-0100,2025-12-11,284.96
C-0100,2025-12-28,705.29
C-0100,2026-06-01,276.52
C-0100,2026-04-02,632.62
C-0100,2025-09-15,583.37
C-0100,2025-11-04,753.25
C-0100,2026-06-02,1612.7
C-0100,2025-11-11,1614.81
C-0100,2026-02-14,225.0
C-0100,2026-04-02,198.06
C-0100,2026-08-03,2168.39
C-0100,2026-01-18,308.13
C-0101,2026-03-11,458.19
C-0101,2025-12-31,878.17
C-0101,2026-06-29,1453.11
C-0101,2025-11-23,633.59
C-0101,2026-04-04,516.86
C-0101,2026-05-08,1335.83
C-0101,2026-08-10,374.42
C-0101,2026-07-07,289.06
C-0101,2025-11-09,367.94
C-0101,2025-12-13,1612.55
C-0101,2026-05-15,774.5
C-0101,2026-04-17,1167.36
C-0101,2026-02-27,342.85
C-0101,2026-03-04,945.02
C-0101,2025-12-18,522.85
C-0102,2026-03-28,577.15
C-0102,2026-03-05,321.5
C-0102,2025-09-05,303.99
C-0102,2026-03-19,1751.59
C-0102,2026-01-30,335.81
C-0102,2026-06-02,301.31
C-0102,2025-10-22,442.04
C-0102,2026-05-26,700.41
C-0102,2026-05-11,1284.83
C-0102,2025-11-22,399.01
C-0102,2026-07-17,431.06
C-0102,2026-04-24,217.01
C-0102,2026-06-01,849.19
C-0102,2026-05-12,262.17
C-0102,2025-11-23,274.3
C-0102,2026-07-14,694.09
C-0103,2026-04-27,373.03
C-0103,2026-04-30,329.7
C-0103,2026-03-08,519.36
C-0103,2026-01-28,1120.16
C-0103,2025-11-04,719.74
C-0103,2026-03-28,209.87
C-0103,2026-04-14,1228.53
C-0103,2026-03-15,593.81
C-0103,2025-11-08,753.64
C-0103,2026-01-12,1401.95
C-0103,2025-09-05,837.97
C-0103,2025-10-23,610.58
C-0103,2025-12-14,617.58
C-0103,2025-12-10,1462.35
C-0103,2025-11-19,284.3
C-0103,2026-08-05,353.84
C-0103,2026-02-06,1074.0
C-0103,2025-11-03,476.69
C-0104,2026-01-25,1087.31
C-0104,2025-10-15,548.37
C-0104,2025-09-13,628.66
C-0104,2026-08-05,254.34
C-0104,2026-07-13,182.21
C-0104,2026-08-30,366.88
C-0104,2026-02-17,1018.75
C-0104,2025-12-06,670.25
C-0104,2025-10-27,839.97
C-0104,2025-12-27,670.99
C-0104,2026-03-30,297.88
C-0104,2026-03-08,138.66
C-0105,2025-11-02,888.68
C-0105,2025-10-30,696.8
C-0105,2026-04-20,1015.68
C-0105,2025-12-19,83.09
C-0105,2026-02-25,818.93
C-0105,2025-10-08,538.06
C-0105,2026-06-08,418.56
C-0105,2025-10-06,186.97
C-0105,2025-12-31,154.03
C-0105,2026-02-18,470.07
C-0105,2025-09-08,222.36
C-0105,2026-06-02,1164.33
C-0105,2025-10-15,442.1
C-0105,2025-11-05,702.55
C-0105,2026-01-20,436.3
C-0105,2025-10-21,993.34
C-0105,2026-05-03,404.23
C-0105,2025-12-27,1289.2
C-0105,2026-06-14,624.57
C-0105,2025-10-28,825.27
C-0106,2026-05-25,1066.42
C-0106,2025-10-12,354.76
C-0106,2025-09-21,311.12
C-0106,2026-01-03,591.85
C-0106,2025-12-08,996.57
C-0106,2026-07-26,1236.7
C-0106,2026-02-27,1036.26
C-0106,2025-12-15,80.0
C-0106,2026-08-15,629.03
C-0106,2026-05-25,277.22
C-0106,2026-08-26,526.18
C-0106,2026-03-07,343.09
C-0106,2025-11-23,1485.73
C-0106,2026-03-02,104.34
C-0106,2026-07-04,141.92
C-0106,2026-03-26,1332.84
C-0106,2025-10-12,739.46
C-0106,2026-02-03,270.0
C-0106,2025-12-11,828.87
C-0106,2025-11-05,142.41
C-0106,2026-02-27,371.93
C-0106,2025-11-18,403.78
C-0107,2026-07-14,397.92
C-0107,2026-03-05,917.34
C-0107,2026-01-31,450.86
C-0107,2026-08-05,310.66
C-0107,2026-06-29,990.63
C-0107,2026-07-01,329.8
C-0107,2026-08-17,471.41
C-0107,2026-01-16,820.03
C-0107,2026-08-10,510.02
C-0107,2025-10-11,456.07
C-0107,2025-09-16,1628.28
C-0107,2026-03-09,229.14
C-0107,2025-11-19,1024.34
C-0107,2026-01-13,1031.43
C-0107,2026-04-09,855.66
C-0107,2026-02-18,752.13
C-0107,2025-10-06,265.34
C-0107,2025-10-13,507.85
C-0107,2026-01-07,348.05
C-0108,2026-07-28,302.5
C-0108,2026-01-31,1047.26
C-0108,2025-11-06,292.0
C-0108,2026-05-22,740.65
C-0108,2026-01-11,516.27
C-0108,2026-08-11,1645.69
C-0108,2026-05-10,364.89
C-0108,2025-10-29,525.71
C-0108,2026-04-15,184.09
C-0108,2026-03-20,1002.43
C-0108,2025-10-23,199.35
C-0108,2025-10-16,1004.68
C-0108,2025-10-29,651.11
C-0108,2025-10-14,849.48
C-0108,2026-03-17,470.35
C-0108,2025-11-25,80.0
C-0108,2026-07-25,524.03
C-0108,2026-01-27,506.12
C-0108,2026-08-23,174.93
C-0108,2025-11-11,381.23
C-0109,2025-10-06,694.49
C-0109,2026-04-11,1212.29
C-0109,2026-01-12,337.09
C-0109,2025-09-05,749.35
C-0109,2026-05-18,111.23
C-0109,2025-09-18,709.34
C-0109,2025-12-08,262.19
C-0109,2026-03-01,791.07
C-0109,2025-09-09,294.13
C-0109,2026-05-24,682.04
C-0109,2026-05-12,1084.83
C-0109,2026-08-06,677.76
C-0109,2025-09-19,856.38
C-0109,2025-10-03,269.32
C-0109,2025-11-01,429.65
C-0109,2025-12-03,1125.07
C-0109,2026-04-27,765.84
C-0109,2026-05-03,571.79
C-0110,2026-08-28,80.0
C-0110,2026-03-26,464.94
C-0110,2026-05-30,736.68
C-0110,2025-10-05,1244.99
C-0110,2026-01-07,81.07
C-0110,2026-02-08,708.03
C-0110,2026-06-29,511.78
C-0110,2026-06-26,333.16
C-0110,2025-09-10,512.05
C-0110,2026-07-31,557.58
C-0110,2026-02-06,602.3
C-0110,2026-01-21,849.49
C-0110,2026-04-01,1057.08
C-0110,2026-05-30,850.37
C-0110,2026-01-27,1162.2
C-0110,2026-02-01,599.57
C-0110,2026-01-21,167.56
C-0110,2026-05-16,312.25
C-0111,2026-02-28,487.77
C-0111,2026-04-28,558.79
C-0111,2025-09-16,1036.9
C-0111,2026-03-29,859.95
C-0111,2026-07-18,403.33
C-0111,2026-02-26,381.0
C-0111,2025-11-02,213.19
C-0111,2026-04-13,580.39
C-0111,2026-01-22,172.65
C-0112,2026-03-28,155.37
C-0112,2026-01-02,679.06
C-0112,2025-12-10,483.95
C-0112,2026-02-04,1046.65
C-0112,2025-12-31,907.1
C-0112,2026-03-02,300.75
C-0112,2026-03-09,645.82
C-0112,2026-02-10,307.97
C-0112,2026-04-06,499.55
C-0112,2025-12-28,650.58
C-0112,2025-10-20,570.01
C-0112,2025-12-01,981.97
C-0112,2026-02-27,438.59
C-0113,2025-11-08,404.95
C-0113,2026-08-01,544.38
C-0113,2026-03-12,440.53
C-0113,2025-12-31,533.4
C-0113,2026-07-07,80.0
C-0113,2026-03-06,1221.66
C-0113,2025-12-25,422.3
C-0113,2025-12-02,325.76
C-0113,2026-02-17,265.34
C-0113,2026-02-05,1148.92
C-0113,2026-01-06,1534.73
C-0113,2026-02-26,587.32
C-0113,2026-02-20,386.82
C-0113,2025-12-24,453.28
C-0113,2025-11-07,443.08
C-0113,2026-06-02,679.26
C-0114,2026-02-14,361.97
C-0114,2026-02-08,1566.62
C-0114,2026-01-17,423.44
C-0114,2026-04-26,1195.96
C-0114,2026-02-23,207.42
C-0114,2025-10-20,872.7
C-0114,2026-02-07,252.19
C-0114,2026-03-23,913.3
C-0114,2026-05-23,837.91
C-0114,2025-11-18,1330.42
C-0114,2025-09-08,381.64
C-0114,2026-07-15,455.18
C-0114,2026-03-27,287.77
C-0114,2025-12-18,712.98
C-0114,2026-04-23,410.01
C-0114,2026-05-05,598.51
C-0114,2026-08-12,351.65
C-0114,2025-11-10,967.6
C-0114,2026-07-16,2324.25
C-0114,2026-07-10,268.82
C-0114,2026-07-14,683.63
C-0114,2026-01-06,831.61
C-0115,2025-10-20,1461.21
C-0115,2025-12-30,120.96
C-0115,2025-09-15,1242.22
C-0115,2026-01-08,1228.64
C-0115,2025-10-26,913.39
C-0115,2025-11-11,617.83
C-0115,2026-02-04,459.49
C-0115,2025-12-03,244.7
C-0115,2025-09-16,835.74
C-0115,2026-02-25,557.99
C-0115,2026-02-06,982.76
C-0115,2025-12-27,460.39
C-0115,2026-06-25,778.28
C-0115,2026-05-07,266.89
C-0115,2026-06-14,818.9
C-0115,2026-07-06,519.65
C-0116,2025-10-08,548.22
C-0116,2025-12-01,210.73
C-0116,2025-11-20,237.03
C-0116,2025-10-14,941.89
C-0116,2026-02-10,553.71
C-0116,2026-08-20,267.09
C-0116,2026-08-20,698.96
C-0116,2026-07-23,258.86
C-0116,2026-06-13,319.82
C-0116,2026-08-12,157.58
C-0116,2026-07-25,475.27
C-0116,2026-01-26,718.19
C-0116,2026-03-29,141.77
C-0116,2026-01-21,1229.93
C-0116,2026-02-03,1150.25
C-0116,2025-12-29,761.48
C-0116,2025-09-26,637.29
C-0116,2026-03-25,805.39
C-0116,2025-09-18,1286.97
C-0116,2026-04-11,437.57
C-0116,2026-04-27,593.41
C-0116,2026-07-18,962.93
C-0117,2026-05-23,150.27
C-0117,2025-12-18,1699.35
C-0117,2026-05-16,338.77
C-0117,2026-03-07,2281.63
C-0117,2025-12-19,518.58
C-0117,2026-06-02,495.02
C-0117,2026-05-10,439.03
C-0117,2025-10-26,675.55
C-0117,2025-11-06,635.23
C-0117,2026-07-01,449.09
C-0117,2025-10-31,317.64
C-0117,2026-06-11,1161.22
C-0117,2025-10-27,555.35
C-0117,2026-02-16,1958.59
C-0117,2026-02-25,1081.47
C-0117,2025-12-03,381.89
C-0117,2026-08-07,465.66
C-0117,2026-03-31,1186.26
C-0117,2026-05-23,80.0
C-0117,2026-07-16,343.42
C-0117,2026-01-17,241.89
C-0118,2026-06-09,80.0
C-0118,2025-10-09,80.0
C-0118,2026-04-27,747.34
C-0118,2025-10-05,2469.27
C-0118,2025-11-03,508.53
C-0118,2026-04-26,480.91
C-0118,2025-11-05,299.95
C-0118,2025-10-02,420.0
C-0118,2026-04-08,725.66
C-0118,2026-03-03,184.48
C-0118,2026-08-04,455.05
C-0118,2026-01-04,718.54
C-0118,2025-10-03,702.36
C-0118,2026-04-17,603.2
C-0118,2026-07-30,560.51
C-0118,2026-01-16,91.42
C-0118,2025-11-02,155.29
C-0118,2025-09-26,771.61
C-0118,2025-09-28,601.93
C-0118,2026-04-08,834.52
C-0118,2025-10-17,407.93
C-0118,2026-05-23,408.61
C-0118,2026-05-04,517.54
C-0118,2025-12-25,905.43
C-0119,2026-04-25,935.88
C-0119,2025-10-13,588.68
C-0119,2025-11-21,1030.63
C-0119,2026-07-24,862.34
C-0119,2025-09-08,334.79
C-0119,2026-04-18,530.88
C-0119,2026-02-27,925.85
C-0119,2025-12-07,555.35
C-0119,2026-05-29,550.68
C-0119,2026-03-03,847.73
C-0119,2025-10-22,541.25
C-0119,2026-05-28,147.86
C-0119,2025-09-14,347.26
C-0119,2026-07-08,1091.06
C-0119,2025-09-09,473.85
C-0119,2025-12-01,893.99
C-0119,2025-12-07,1007.09
C-0119,2026-08-12,292.18
C-0120,2026-05-18,753.51
C-0120,2026-04-25,196.97
C-0120,2026-02-03,163.73
C-0120,2025-12-04,786.53
C-0120,2026-01-18,256.53
C-0120,2026-02-10,840.53
C-0120,2026-05-26,844.52
C-0120,2026-06-01,803.51
C-0120,2025-09-05,704.43
C-0120,2026-04-16,804.21
C-0120,2026-07-19,1365.94
C-0120,2026-02-04,170.65
C-0120,2025-11-16,132.95
C-0120,2026-07-15,302.99
C-0120,2025-11-08,625.83
C-0120,2025-11-12,187.51
C-0121,2026-03-23,1011.21
C-0121,2026-03-26,150.84
C-0121,2026-06-28,493.56
C-0121,2025-12-02,1082.91
C-0121,2026-02-02,112.55
C-0121,2025-11-30,822.74
C-0121,2025-09-27,1686.95
C-0121,2026-01-07,1244.18
C-0121,2026-03-28,193.88
C-0121,2025-12-19,166.1
C-0121,2025-10-24,355.46
C-0121,2026-04-25,245.85
C-0121,2026-03-08,557.37
C-0121,2026-03-26,657.29
C-0121,2025-09-05,2037.09
C-0121,2025-11-16,440.87
C-0121,2026-04-23,232.1
C-0121,2026-08-22,609.77
C-0121,2025-09-28,345.74
C-0121,2026-06-23,1515.64
C-0122,2026-07-10,1650.91
C-0122,2025-10-19,368.7
C-0122,2025-12-22,246.12
C-0122,2026-04-12,471.45
C-0122,2026-06-16,171.99
C-0122,2025-11-17,503.11
C-0122,2025-12-15,894.84
C-0122,2026-05-19,80.0
C-0122,2026-07-15,568.19
C-0122,2026-05-09,1255.8
C-0122,2026-06-16,594.34
C-0122,2025-12-12,478.8
C-0122,2026-07-06,1039.75
C-0122,2026-08-12,313.16
C-0122,2025-12-25,370.58
C-0122,2025-10-16,302.11
C-0122,2025-09-20,134.86
C-0123,2025-10-13,528.01
C-0123,2025-12-14,1055.07
C-0123,2026-06-03,1855.22
C-0123,2026-07-12,427.98
C-0123,2025-09-05,2422.99
C-0123,2025-09-12,988.68
C-0123,2026-05-06,718.1
C-0123,2026-07-23,585.99
C-0123,2025-12-30,887.19
C-0123,2026-03-17,676.43
C-0123,2026-05-29,360.18
C-0123,2026-04-09,421.55
C-0123,2026-05-10,327.98
C-0123,2026-03-12,660.28
C-0123,2026-05-24,1033.22
C-0124,2026-03-17,516.93
C-0124,2026-06-28,309.33
C-0124,2025-09-20,205.27
C-0124,2025-09-08,528.43
C-0124,2025-09-09,787.75
C-0124,2026-01-13,2617.15
C-0124,2025-09-08,1650.59
C-0124,2026-03-19,755.21
C-0124,2026-07-02,279.99
C-0124,2025-09-08,336.84
C-0124,2025-11-06,508.12
C-0124,2026-07-21,226.02
C-0125,2026-04-23,671.66
C-0125,2026-07-07,516.14
C-0125,2025-10-06,157.92
C-0125,2025-11-19,827.29
C-0125,2026-05-18,1016.54
C-0125,2025-12-20,1135.42
C-0125,2026-04-08,497.58
C-0125,2026-04-14,372.83
C-0125,2026-01-23,900.4
C-0125,2026-07-05,446.82
C-0125,2025-12-25,905.96
C-0125,2025-09-24,609.68
C-0125,2026-05-13,682.77
C-0125,2026-03-10,126.31
C-0125,2026-07-27,88.49
C-0125,2026-01-27,283.06
C-0125,2026-07-11,1174.87
C-0125,2025-09-17,686.9
C-0125,2026-04-09,313.89
C-0125,2026-07-17,396.69
C-0125,2025-09-21,701.56
C-0125,2025-10-08,1168.26
C-0125,2025-12-11,644.3
C-0125,2026-04-29,388.21
C-0125,2025-11-02,695.27
C-0126,2025-11-20,295.51
C-0126,2025-11-21,120.18
C-0126,2025-12-04,171.64
C-0126,2026-02-18,1000.74
C-0126,2025-09-11,559.48
C-0126,2025-12-02,551.7
C-0126,2025-09-29,494.02
C-0126,2026-05-25,366.56
C-0126,2026-03-01,200.13
C-0126,2026-06-30,1097.51
C-0126,2026-05-09,714.32
C-0126,2026-06-05,225.87
C-0126,2026-03-03,442.93
C-0126,2026-04-13,233.48
C-0126,2025-09-29,1163.84
C-0126,2026-03-01,80.0
C-0126,2026-03-27,278.45
C-0126,2026-07-02,354.62
C-0127,2025-12-28,668.64
C-0127,2026-02-23,939.09
C-0127,2026-01-29,1073.63
C-0127,2026-03-01,138.76
C-0127,2026-01-10,835.56
C-0127,2026-07-26,1617.98
C-0127,2025-12-10,869.51
C-0127,2025-12-13,248.83
C-0127,2026-04-23,205.95
C-0127,2026-02-17,625.18
C-0127,2025-09-20,503.09
C-0127,2026-04-28,288.61
C-0127,2025-09-23,164.04
C-0128,2026-07-02,870.64
C-0128,2025-10-26,511.34
C-0128,2026-01-18,1335.07
C-0128,2026-07-27,575.26
C-0128,2026-06-23,825.71
C-0128,2025-11-18,674.88
C-0128,2026-01-12,978.56
C-0128,2026-07-21,880.95
C-0128,2026-05-03,846.46
C-0128,2026-05-26,1211.58
C-0128,2026-04-19,512.58
C-0128,2025-10-29,939.48
C-0128,2026-02-01,336.64
C-0128,2025-12-17,886.53
C-0128,2025-09-30,138.1
C-0128,2026-07-17,1148.78
C-0128,2026-02-15,731.73
C-0128,2026-02-16,1015.14
C-0128,2026-03-02,443.2
C-0129,2026-01-14,2351.72
C-0129,2026-02-28,425.06
C-0129,2025-11-14,789.52
C-0129,2026-01-03,743.65
C-0129,2025-10-18,560.65
C-0129,2025-10-26,1219.86
C-0129,2026-03-27,711.26
C-0129,2025-12-29,89.28
C-0129,2026-02-04,119.16
C-0129,2026-01-07,519.24
C-0129,2025-10-12,494.27
C-0129,2026-06-23,477.83
C-0129,2026-03-07,511.97
C-0129,2026-01-05,392.35
C-0129,2025-11-30,220.69
C-0129,2026-06-19,882.81
C-0129,2026-08-02,254.68
C-0129,2026-06-17,187.13
C-0129,2026-02-09,288.46
C-0130,2026-06-19,94.64
C-0130,2026-04-10,1059.51
C-0130,2026-05-19,632.44
C-0130,2026-06-26,629.17
C-0130,2026-04-02,574.71
C-0130,2026-01-11,956.45
C-0130,2026-01-09,80.0
C-0130,2026-05-03,1092.84
C-0130,2026-06-24,358.32
C-0130,2026-03-21,144.56
C-0130,2025-12-13,424.49
C-0130,2025-12-13,584.44
C-0130,2025-09-10,843.16
C-0131,2026-05-17,896.45
C-0131,2026-07-20,1443.87
C-0131,2025-09-09,271.51
C-0131,2025-10-21,231.65
C-0131,2026-02-17,83.2
C-0131,2026-05-15,485.79
C-0131,2025-11-30,923.86
C-0131,2026-01-12,398.76
C-0131,2025-09-22,303.82
C-0131,2025-10-09,80.0
C-0131,2026-08-10,386.84
C-0131,2025-11-12,554.13
C-0131,2026-01-14,676.45
C-0131,2026-01-01,436.79
C-0131,2025-12-10,608.55
C-0131,2025-10-22,447.15
C-0131,2026-05-09,702.37
C-0131,2026-05-04,1329.37
C-0131,2026-04-14,373.39
C-0131,2026-01-07,503.95
C-0131,2026-07-17,1344.04
C-0131,2026-05-04,158.05
C-0131,2026-01-12,687.58
C-0132,2026-06-06,617.7
C-0132,2026-08-13,80.0
C-0132,2025-12-12,264.12
C-0132,2026-07-04,515.0
C-0132,2026-06-19,425.8
C-0132,2026-06-10,726.73
C-0132,2026-07-27,440.83
C-0132,2026-04-18,464.94
C-0132,2025-09-12,306.51
C-0132,2025-10-02,182.76
C-0132,2025-10-18,415.47
C-0132,2026-08-27,1531.49
C-0132,2025-12-15,257.0
C-0132,2026-03-16,697.65
C-0132,2025-12-21,471.33
C-0133,2026-05-09,508.12
C-0133,2026-07-30,679.49
C-0133,2026-03-23,144.26
C-0133,2026-08-15,985.05
C-0133,2026-08-11,384.8
C-0133,2025-09-28,989.94
C-0133,2026-02-04,1209.18
C-0133,2025-11-18,393.71
C-0133,2025-12-24,585.91
C-0133,2026-07-05,263.41
C-0133,2025-09-25,322.88
C-0133,2026-03-17,456.37
C-0133,2026-08-07,789.88
C-0133,2025-10-20,117.07
C-0133,2026-01-29,1449.81
C-0133,2026-04-29,564.25
C-0133,2026-07-13,466.72
C-0133,2025-11-29,236.9
C-0134,2026-08-23,615.08
C-0134,2026-05-10,178.41
C-0134,2026-08-21,1160.38
C-0134,2025-10-07,1835.23
C-0134,2025-09-08,960.32
C-0134,2026-05-17,603.5
C-0134,2025-12-16,998.12
C-0134,2025-12-19,310.99
C-0134,2026-01-02,1252.67
C-0134,2026-03-25,384.87
C-0134,2026-08-25,283.05
C-0134,2025-11-19,1167.37
C-0134,2026-02-21,951.93
C-0134,2026-06-27,543.59
C-0134,2026-03-27,444.24
C-0134,2025-09-10,958.83
C-0134,2026-01-20,1412.37
C-0134,2026-02-21,295.49
C-0135,2025-11-02,1028.76
C-0135,2026-07-26,235.37
C-0135,2026-04-09,1143.96
C-0135,2026-05-10,1599.84
C-0135,2025-11-24,865.87
C-0135,2025-11-28,167.14
C-0135,2025-12-20,465.08
C-0135,2026-01-01,223.83
C-0135,2026-05-04,346.32
C-0135,2025-10-09,235.38
C-0135,2025-09-07,1160.85
C-0135,2025-11-21,508.18
C-0135,2026-01-12,128.04
C-0135,2026-05-13,192.02
C-0136,2025-12-08,585.17
C-0136,2025-11-25,417.33
C-0136,2025-11-09,613.55
C-0136,2026-07-17,741.31
C-0136,2026-03-13,370.39
C-0136,2026-01-14,450.07
C-0136,2025-09-06,513.1
C-0136,2026-04-09,936.52
C-0136,2026-06-24,728.38
C-0136,2025-09-30,565.32
C-0136,2026-04-03,815.12
C-0136,2025-11-24,901.98
C-0136,2026-02-10,513.22
C-0136,2026-08-11,1777.52
C-0136,2025-09-10,1160.16
C-0136,2026-04-10,1036.82
C-0136,2025-12-14,442.52
C-0136,2026-08-27,313.65
C-0136,2026-01-06,1673.6
C-0136,2026-08-04,279.65
C-0136,2026-07-27,772.39
C-0136,2026-04-12,1277.23
C-0137,2025-11-04,659.52
C-0137,2025-10-22,1467.8
C-0137,2026-07-13,343.44
C-0137,2026-07-31,1423.17
C-0137,2026-05-04,231.76
C-0137,2026-06-29,353.2
C-0137,2026-06-27,971.84
C-0137,2025-10-15,1176.98
C-0137,2026-01-13,155.35
C-0137,2026-02-07,472.73
C-0137,2026-03-25,282.7
C-0137,2026-03-05,80.0
C-0137,2025-11-26,354.47
C-0137,2026-08-04,500.89
C-0137,2025-11-08,606.29
C-0137,2025-11-13,819.67
C-0137,2026-03-20,578.72
C-0137,2026-03-14,343.32
C-0137,2026-04-08,164.47
C-0137,2026-04-24,438.41
C-0138,2026-01-18,689.4
C-0138,2025-11-21,1933.2
C-0138,2025-10-21,252.08
C-0138,2026-02-12,301.83
C-0138,2026-07-02,382.56
C-0138,2025-11-18,537.92
C-0138,2026-01-21,898.09
C-0138,2025-11-19,107.41
C-0138,2025-09-12,605.77
C-0138,2026-07-01,775.53
C-0138,2026-04-14,509.88
C-0138,2026-07-08,538.3
C-0138,2025-09-17,500.94
C-0138,2025-11-14,884.99
C-0138,2026-03-13,203.23
C-0138,2026-04-20,166.77
C-0139,2025-09-25,279.12
C-0139,2026-04-27,214.6
C-0139,2026-06-01,382.04
C-0139,2025-12-21,240.45
C-0139,2025-10-05,344.97
C-0139,2025-11-29,689.82
C-0139,2026-06-10,1260.73
C-0139,2026-07-24,639.32
C-0139,2025-11-24,1273.06
C-0139,2025-10-04,395.8
C-0139,2026-01-27,233.71
C-0139,2026-02-25,873.45
C-0139,2025-09-21,862.63
C-0139,2026-07-21,555.58
C-0139,2025-12-27,1040.85
C-0139,2026-03-31,80.0
C-0139,2026-01-02,369.23
C-0139,2025-11-11,824.34
C-0139,2026-04-16,405.31
C-0139,2026-04-07,637.72
C-0139,2026-06-21,234.86
C-0139,2026-07-26,1344.04
C-0139,2025-12-25,723.27
C-0139,2025-11-18,577.91
C-0139,2026-04-23,1746.92
C-0140,2026-06-03,80.0
C-0140,2026-03-14,177.98
C-0140,2026-08-09,1034.44
C-0140,2026-02-07,391.55
C-0140,2026-04-22,1726.31
C-0140,2025-11-20,309.87
C-0140,2026-01-25,769.6
C-0140,2025-11-08,1376.27
C-0140,2026-05-26,905.75
C-0140,2025-12-12,783.09
C-0140,2025-09-11,675.28
C-0140,2025-12-24,772.81
C-0140,2026-04-16,500.61
C-0140,2026-05-27,150.33
C-0140,2026-03-22,557.4
C-0140,2025-11-30,1603.93
C-0140,2026-01-02,484.22
C-0140,2026-07-21,459.19
C-0140,2025-10-11,665.39
C-0140,2026-07-24,362.72
C-0140,2026-06-23,531.42
C-0140,2026-03-24,182.05
C-0140,2026-07-01,578.3
C-0140,2025-10-07,170.28
C-0140,2025-12-29,404.86
C-0140,2025-12-21,954.6
C-0140,2026-05-28,296.31
C-0141,2026-07-13,551.02
C-0141,2026-03-13,535.69
C-0141,2025-11-14,637.79
C-0141,2026-06-24,708.5
C-0141,2026-08-15,168.18
C-0141,2025-10-27,1118.15
C-0141,2025-11-27,574.79
C-0141,2026-04-13,455.61
C-0141,2026-07-07,486.7
C-0141,2026-02-20,384.77
C-0141,2026-08-22,517.84
C-0141,2025-10-20,305.33
C-0141,2026-04-25,863.86
C-0141,2026-05-09,1406.49
C-0141,2026-06-26,304.58
C-0141,2026-08-10,890.9
C-0141,2026-01-08,195.5
C-0141,2026-02-05,797.51
C-0141,2025-12-31,404.4
C-0141,2026-08-02,820.88
C-0141,2026-03-12,177.5
C-0141,2025-12-27,153.58
C-0141,2026-05-23,1103.23
C-0141,2026-03-15,332.81
C-0142,2026-01-21,951.18
C-0142,2026-02-19,712.66
C-0142,2026-08-13,210.8
C-0142,2025-12-09,593.54
C-0142,2026-04-01,604.34
C-0142,2026-07-20,341.4
C-0142,2026-01-19,707.48
C-0142,2025-10-26,395.97
C-0142,2026-08-03,248.84
C-0142,2025-10-08,238.6
C-0142,2025-12-23,1494.76
C-0142,2026-08-16,717.53
C-0142,2026-07-18,1141.83
C-0142,2026-06-18,421.88
C-0142,2025-09-15,569.57
C-0142,2025-11-29,630.26
C-0142,2025-10-10,113.56
C-0142,2026-01-15,518.57
C-0142,2026-02-28,518.26
C-0142,2026-04-11,574.73
C-0142,2026-03-18,520.27
C-0142,2026-01-23,107.85
C-0142,2026-01-12,629.44
C-0142,2026-05-17,349.23
C-0142,2026-05-13,505.76
C-0142,2025-11-29,332.82
C-0142,2025-11-24,308.7
C-0143,2026-03-28,1521.66
C-0143,2026-07-30,1328.97
C-0143,2026-03-15,863.69
C-0143,2025-12-23,627.96
C-0143,2025-09-28,1223.24
C-0143,2026-03-16,868.17
C-0143,2025-10-15,277.07
C-0143,2026-05-11,586.15
C-0143,2025-12-18,1797.8
C-0143,2026-08-08,538.08
C-0143,2026-04-18,616.64
C-0143,2026-08-03,1687.54
C-0143,2026-07-14,797.62
C-0143,2026-02-26,259.46
C-0143,2026-05-16,1124.14
C-0143,2025-10-08,623.56
C-0143,2026-01-17,743.25
C-0143,2026-03-11,1352.21
C-0143,2026-07-08,442.77
C-0143,2025-09-17,493.2
C-0143,2026-07-17,783.79
C-0143,2026-01-07,449.43
C-0143,2026-03-24,391.13
C-0143,2025-10-25,492.28
C-0143,2026-07-03,612.27
C-0143,2025-09-10,131.57
C-0144,2025-10-03,94.39
C-0144,2026-03-20,883.09
C-0144,2026-08-06,1489.44
C-0144,2026-06-28,1071.14
C-0144,2026-02-02,495.17
C-0144,2025-09-05,731.06
C-0144,2026-05-14,80.0
C-0144,2026-04-14,748.63
C-0144,2025-11-17,674.23
C-0144,2026-06-10,1587.96
C-0144,2026-04-03,278.11
C-0144,2026-02-20,261.59
C-0144,2025-12-15,823.42
C-0144,2025-09-30,319.69
C-0144,2026-06-10,557.81
C-0144,2026-02-20,1931.15
C-0144,2026-03-07,451.27
C-0144,2026-08-12,162.15
C-0144,2026-08-01,501.27
C-0144,2026-08-21,1224.61
C-0144,2026-05-26,549.67
C-0144,2026-06-09,364.23
C-0144,2026-02-20,129.58
C-0144,2025-11-13,488.83
C-0144,2025-12-21,636.3
C-0145,2026-03-05,616.87
C-0145,2026-03-24,193.5
C-0145,2026-01-01,462.01
C-0145,2025-12-28,340.0
C-0145,2026-06-18,773.22
C-0145,2026-08-13,279.86
C-0145,2025-09-26,748.33
C-0145,2026-07-30,120.22
C-0145,2025-12-05,874.1
C-0145,2026-07-16,721.34
C-0145,2026-06-13,931.47
C-0145,2026-03-09,1765.09
C-0145,2025-10-10,351.69
C-0145,2026-04-01,295.27
C-0145,2026-05-18,171.74
C-0146,2026-05-25,164.63
C-0146,2025-09-16,453.45
C-0146,2025-11-17,156.52
C-0146,2026-07-11,500.93
C-0146,2026-05-21,306.57
C-0146,2026-04-16,1044.08
C-0146,2025-10-21,384.17
C-0146,2025-11-12,462.3
C-0146,2026-04-01,747.63
C-0146,2026-04-24,487.41
C-0146,2026-02-25,450.89
C-0146,2025-11-22,693.38
C-0146,2025-12-01,320.89
C-0146,2026-05-23,844.75
C-0146,2026-02-20,553.86
C-0146,2026-02-18,197.79
C-0146,2026-05-25,639.72
C-0146,2026-02-04,428.41
C-0146,2026-01-19,917.48
C-0146,2026-08-08,447.71
C-0146,2026-01-06,1126.71
C-0146,2026-06-03,370.21
C-0146,2026-01-13,283.25
C-0146,2026-05-12,743.36
C-0146,2026-06-24,1046.63
C-0146,2025-12-28,1621.54
C-0146,2026-07-29,1276.73
C-0147,2026-08-19,683.87
C-0147,2026-05-09,367.55
C-0147,2025-12-14,401.39
C-0147,2026-03-12,470.06
C-0147,2026-04-07,725.02
C-0147,2026-06-18,605.29
C-0147,2026-01-10,1412.36
C-0147,2026-07-05,312.35
C-0147,2025-12-24,80.0
C-0147,2025-12-27,719.91
C-0147,2025-12-16,1004.18
C-0147,2025-11-06,184.01
C-0147,2026-08-05,156.08
C-0147,2026-05-29,216.72
C-0147,2025-10-07,762.9
C-0147,2026-06-22,482.57
C-0147,2025-09-13,144.62
C-0147,2026-02-18,564.49
C-0147,2025-11-03,704.99
C-0147,2026-01-17,234.24
C-0147,2025-11-15,705.37
C-0147,2026-02-05,1005.96
C-0147,2025-11-24,154.75
C-0147,2025-09-18,310.63
C-0147,2025-11-30,748.69
C-0147,2026-02-13,399.97
C-0147,2026-03-10,345.4
C-0148,2026-05-08,783.28
C-0148,2025-09-05,167.84
C-0148,2026-03-19,286.85
C-0148,2025-12-01,803.92
C-0148,2026-04-23,675.38
C-0148,2025-09-27,969.22
C-0148,2025-12-11,559.37
C-0148,2026-07-01,1248.83
C-0148,2025-11-09,524.17
C-0148,2026-06-14,289.26
C-0148,2026-06-04,1134.47
C-0148,2026-01-10,949.12
C-0148,2026-05-02,1875.98
C-0148,2025-10-02,315.88
C-0148,2025-12-30,366.54
C-0148,2025-10-31,587.43
C-0149,2026-04-11,1036.31
C-0149,2025-11-26,686.94
C-0149,2026-05-30,883.6
C-0149,2025-09-25,324.44
C-0149,2025-12-19,1215.23
C-0149,2026-08-19,596.8
C-0149,2026-06-02,277.76
C-0149,2025-10-17,288.34
C-0149,2026-04-15,195.76
C-0149,2025-09-25,1792.44
C-0149,2026-01-10,1177.37
C-0149,2026-05-04,504.38
C-0149,2026-07-05,366.15
C-0149,2026-05-20,728.27
C-0149,2025-09-21,731.69
C-0149,2025-10-08,427.51
C-0149,2026-04-26,130.24
C-0149,2026-08-19,204.79
C-0149,2025-09-09,484.27
C-0149,2026-05-25,899.99
C-0149,2025-11-10,323.07
C-0150,2026-02-18,467.88
C-0150,2026-05-20,1121.51
C-0150,2025-09-23,715.78
C-0150,2025-10-09,1648.37
C-0150,2026-01-03,433.15
C-0150,2025-10-12,643.96
C-0150,2026-02-04,2752.53
C-0150,2026-01-02,414.51
C-0150,2025-10-27,719.12
C-0150,2025-12-18,389.54
C-0150,2026-03-06,385.53
C-0150,2026-04-15,524.99
C-0150,2026-07-15,793.46
C-0151,2026-01-19,496.55
C-0151,2026-06-25,633.53
C-0151,2026-01-14,407.2
C-0151,2026-03-27,285.28
C-0151,2026-03-10,455.88
C-0151,2025-09-26,1207.61
C-0151,2025-10-10,1944.89
C-0151,2026-01-20,196.34
C-0151,2025-10-30,341.27
C-0151,2026-01-13,814.87
C-0151,2025-12-03,457.64
C-0151,2025-09-21,514.61
C-0151,2026-08-14,480.74
C-0151,2025-11-23,1136.13
C-0151,2026-05-09,646.09
C-0151,2026-03-08,153.64
C-0151,2026-03-31,704.56
C-0151,2025-10-14,393.67
C-0151,2025-12-30,464.23
C-0151,2026-03-16,275.43
C-0151,2025-12-09,340.01
C-0152,2026-07-07,417.25
C-0152,2026-01-29,1898.92
C-0152,2025-10-05,198.17
C-0152,2026-08-18,352.95
C-0152,2026-02-10,675.1
C-0152,2026-06-27,1446.26
C-0152,2026-07-29,680.96
C-0152,2026-04-25,384.98
C-0152,2026-02-12,640.44
C-0152,2025-10-04,289.33
C-0152,2026-02-22,803.12
C-0152,2026-07-17,232.68
C-0152,2026-06-14,852.25
C-0152,2026-04-29,165.68
C-0152,2026-01-20,259.55
C-0152,2026-02-27,113.19
C-0152,2026-06-10,126.79
C-0152,2026-01-25,346.65
C-0152,2026-03-16,756.1
C-0152,2026-01-03,121.66
C-0152,2026-06-21,498.14
C-0152,2026-03-05,225.2
C-0153,2025-11-08,1516.21
C-0153,2026-07-01,373.49
C-0153,2026-06-26,291.14
C-0153,2026-07-22,335.28
C-0153,2025-11-05,989.25
C-0153,2026-05-17,655.9
C-0153,2026-06-26,1345.14
C-0153,2025-10-09,347.6
C-0153,2025-09-11,766.3
C-0153,2026-08-09,762.13
C-0153,2026-06-30,504.33
C-0153,2026-03-18,89.79
C-0154,2025-11-19,776.92
C-0154,2025-12-03,252.94
C-0154,2026-05-11,550.37
C-0154,2026-02-16,1253.74
C-0154,2025-10-02,646.59
C-0154,2026-07-14,749.05
C-0154,2025-09-17,647.47
C-0154,2025-11-06,433.64
C-0154,2026-04-01,429.24
C-0154,2026-06-08,727.48
C-0154,2026-07-12,338.92
C-0154,2025-12-13,1033.46
C-0154,2026-02-03,522.69
C-0154,2026-04-02,624.41
C-0154,2025-12-07,531.71
C-0154,2026-08-07,452.64
C-0154,2026-05-24,592.69
C-0154,2025-10-29,264.2
C-0154,2026-04-03,1745.04
C-0154,2025-10-28,1129.43
C-0154,2025-11-25,977.13
C-0154,2025-11-05,1284.0
C-0154,2025-10-20,861.92
C-0154,2025-12-13,667.13
C-0154,2026-03-02,156.61
C-0155,2026-04-03,206.91
C-0155,2025-10-06,1560.17
C-0155,2026-06-06,654.47
C-0155,2026-04-05,390.21
C-0155,2025-12-24,465.26
C-0155,2025-12-06,500.91
C-0155,2025-10-08,662.24
C-0155,2026-04-26,1633.4
C-0155,2026-03-17,1133.79
C-0155,2026-03-06,525.54
C-0155,2026-05-24,917.92
C-0155,2026-04-07,217.6
C-0155,2026-02-24,1192.18
C-0155,2026-07-27,485.68
C-0155,2025-10-31,80.0
C-0155,2025-12-16,1112.02
C-0155,2025-09-10,359.24
C-0155,2026-01-25,637.47
C-0155,2026-05-20,741.21
C-0155,2026-01-29,1099.83
C-0156,2026-04-24,262.59
C-0156,2026-03-28,1039.91
C-0156,2026-07-11,250.85
C-0156,2025-12-21,1543.89
C-0156,2025-12-24,1031.34
C-0156,2026-02-03,681.82
C-0156,2025-09-21,180.76
C-0156,2026-08-14,620.92
C-0156,2026-06-15,1013.75
C-0156,2026-05-01,463.79
C-0156,2026-03-06,808.69
C-0156,2025-10-12,432.5
C-0156,2026-04-17,365.36
C-0156,2026-04-19,695.56
C-0156,2026-05-11,567.43
C-0156,2025-11-05,336.92
C-0156,2026-02-24,632.35
C-0156,2026-06-01,131.39
C-0156,2026-01-24,441.77
C-0156,2025-11-06,555.87
C-0157,2026-02-10,479.01
C-0157,2026-07-03,1155.82
C-0157,2026-08-30,507.86
C-0157,2026-04-11,1364.87
C-0157,2025-12-04,947.76
C-0157,2026-06-05,1223.17
C-0157,2026-08-01,561.45
C-0157,2026-05-07,483.48
C-0157,2025-09-26,696.26
C-0157,2026-03-25,389.98
C-0157,2026-04-21,387.52
C-0157,2025-10-12,127.81
C-0157,2026-05-27,715.99
C-0157,2026-03-12,891.49
C-0157,2026-07-22,187.96
C-0157,2026-06-12,680.22
C-0157,2025-12-29,675.35
C-0158,2025-10-07,1064.36
C-0158,2026-07-04,1576.66
C-0158,2026-01-22,658.04
C-0158,2026-03-24,181.29
C-0158,2026-06-05,1142.53
C-0158,2026-05-12,631.03
C-0158,2026-03-13,426.03
C-0158,2025-10-26,1708.07
C-0158,2025-11-09,789.68
C-0158,2026-06-14,870.66
C-0158,2025-10-15,471.13
C-0158,2026-04-01,1183.29
C-0158,2026-01-29,223.14
C-0158,2026-08-08,775.27
C-0158,2026-07-31,191.62
C-0158,2025-09-24,838.23
C-0158,2026-05-12,657.8
C-0159,2026-02-02,174.74
C-0159,2026-02-05,570.03
C-0159,2025-09-07,514.85
C-0159,2026-02-21,1592.16
C-0159,2026-06-26,722.64
C-0159,2026-04-15,614.3
C-0159,2026-03-13,997.54
C-0159,2026-03-25,710.08
C-0159,2026-03-14,1234.22
C-0159,2025-12-30,602.52
C-0159,2026-05-26,1836.34
C-0159,2026-03-25,384.81
C-0159,2026-08-09,944.29
C-0159,2025-10-06,651.66
C-0159,2026-04-06,1095.41
C-0159,2026-02-19,858.04
C-0160,2026-03-22,185.85
C-0160,2026-06-20,456.65
C-0160,2026-07-21,517.42
C-0160,2026-06-14,603.86
C-0160,2026-05-19,465.49
C-0160,2025-11-10,454.86
C-0160,2026-02-28,1261.75
C-0160,2026-02-02,887.0
C-0160,2025-12-07,1685.96
C-0160,2026-03-05,1103.27
C-0160,2026-06-20,798.58
C-0160,2025-12-01,372.14
C-0160,2026-04-30,319.55
C-0160,2026-01-04,470.54
C-0160,2026-01-16,393.08
C-0160,2025-09-05,266.57
C-0160,2026-02-02,726.01
C-0160,2026-01-26,290.98
C-0160,2026-04-12,702.61
C-0161,2025-09-30,1903.16
C-0161,2026-01-05,1009.75
C-0161,2026-05-19,230.73
C-0161,2025-10-17,785.44
C-0161,2025-11-14,859.96
C-0161,2026-01-24,1048.31
C-0161,2025-09-14,413.67
C-0161,2026-04-09,816.13
C-0161,2026-02-08,1745.07
C-0161,2025-11-08,101.49
C-0161,2025-12-09,1515.37
C-0161,2026-01-20,976.23
C-0161,2026-02-16,548.92
C-0161,2026-05-31,404.71
C-0161,2025-11-01,520.12
C-0161,2025-09-17,80.0
C-0161,2026-07-08,134.49
C-0161,2026-07-29,468.09
C-0161,2026-03-08,494.26
C-0161,2025-10-17,308.76
C-0161,2026-07-14,472.87
C-0161,2026-01-09,507.46
C-0161,2025-10-22,320.67
C-0161,2026-08-26,176.79
C-0161,2025-12-12,187.8
C-0161,2025-09-09,442.11
C-0161,2025-12-04,820.77
C-0161,2026-06-05,1138.21
C-0161,2025-11-19,588.63
C-0161,2025-12-28,295.82
C-0161,2026-01-27,572.67
C-0161,2026-05-02,468.07
C-0162,2026-01-01,277.8
C-0162,2025-11-21,1063.13
C-0162,2025-09-06,546.09
C-0162,2026-03-20,479.59
C-0162,2026-02-27,750.0
C-0162,2026-04-28,977.81
C-0162,2025-10-08,352.56
C-0162,2026-04-12,393.51
C-0162,2026-06-26,790.73
C-0162,2025-11-15,458.08
C-0162,2026-07-05,201.41
C-0163,2026-02-19,1067.67
C-0163,2025-10-14,553.97
C-0163,2025-10-20,177.16
C-0163,2025-09-16,720.87
C-0163,2026-04-10,1206.01
C-0163,2025-10-29,1031.32
C-0163,2026-07-24,257.22
C-0163,2026-07-30,1258.28
C-0163,2026-06-08,408.95
C-0163,2026-01-21,147.02
C-0163,2026-05-13,80.0
C-0163,2026-02-03,533.74
C-0163,2026-02-15,941.59
C-0163,2025-11-12,521.16
C-0163,2026-02-25,206.12
C-0163,2026-07-16,655.95
C-0163,2025-12-18,1198.62
C-0163,2026-08-16,162.31
C-0163,2026-07-14,384.01
C-0163,2026-05-22,80.0
C-0163,2025-11-21,108.31
C-0163,2025-12-20,2043.28
C-0163,2025-12-18,481.19
C-0163,2026-01-26,643.98
C-0163,2025-12-21,1167.91
C-0163,2026-01-14,1289.84
C-0163,2025-09-21,1497.07
C-0164,2025-12-22,1766.82
C-0164,2025-12-13,80.0
C-0164,2026-08-20,101.09
C-0164,2026-03-29,1043.2
C-0164,2025-10-30,381.91
C-0164,2026-08-07,428.54
C-0164,2026-06-16,1310.21
C-0164,2025-12-12,1910.84
C-0164,2025-12-31,533.44
C-0164,2026-05-08,358.61
C-0164,2026-04-12,703.07
C-0164,2026-04-13,399.11
C-0164,2026-06-30,609.15
C-0164,2026-08-11,544.93
C-0164,2025-12-27,745.18
C-0164,2025-12-14,636.66
C-0164,2026-07-17,683.09
C-0165,2026-02-11,1416.79
C-0165,2025-09-20,1191.9
C-0165,2026-02-08,872.09
C-0165,2025-12-05,1546.49
C-0165,2026-02-03,1281.66
C-0165,2026-05-10,510.89
C-0165,2025-10-13,742.9
C-0165,2026-04-22,581.69
C-0165,2025-11-22,539.34
C-0165,2026-02-04,944.01
C-0165,2026-06-25,1049.54
C-0165,2026-06-15,578.35
C-0165,2026-05-20,507.45
C-0165,2026-05-12,613.12
C-0165,2026-02-22,1569.84
C-0165,2026-05-10,2521.7
C-0165,2025-10-12,1162.19
C-0165,2026-08-06,355.67
C-0165,2025-09-09,1084.1
C-0165,2026-02-08,615.97
C-0165,2026-02-22,796.38
C-0165,2026-01-15,633.69
C-0165,2026-01-20,307.74
C-0165,2025-09-15,597.24
C-0165,2026-08-09,408.98
C-0165,2026-08-22,289.81
C-0165,2025-10-02,434.64
C-0165,2025-09-19,341.83
C-0165,2026-04-04,1425.85
C-0165,2026-04-16,380.4
C-0166,2026-07-01,369.0
C-0166,2026-07-08,396.4
C-0166,2026-02-18,700.94
C-0166,2026-02-27,535.91
C-0166,2025-10-10,334.29
C-0166,2025-11-10,681.22
C-0166,2025-09-07,1178.38
C-0166,2026-01-13,142.24
C-0166,2026-06-13,309.84
C-0166,2026-05-21,179.11
C-0166,2025-11-09,395.84
C-0166,2026-07-05,519.14
C-0166,2026-04-03,1219.47
C-0166,2025-12-31,1082.29
C-0166,2025-11-29,843.06
C-0167,2025-11-10,590.96
C-0167,2026-04-18,203.97
C-0167,2025-09-06,202.51
C-0167,2025-10-08,228.35
C-0167,2025-12-02,495.57
C-0167,2026-02-20,582.19
C-0167,2025-11-04,202.31
C-0167,2026-05-09,514.56
C-0167,2026-07-19,221.66
C-0167,2026-07-11,929.61
C-0167,2025-10-04,80.0
C-0167,2025-09-18,242.21
C-0167,2025-12-06,290.36
C-0167,2026-06-08,491.89
C-0167,2026-01-11,639.66
C-0167,2026-07-02,321.26
C-0167,2026-04-10,434.03
C-0167,2026-06-26,354.99
C-0167,2026-02-17,195.64
C-0167,2026-04-22,945.41
C-0168,2025-12-26,1495.71
C-0168,2025-11-19,454.89
C-0168,2025-09-19,1174.59
C-0168,2025-10-14,80.0
C-0168,2026-06-02,430.34
C-0168,2026-08-01,358.45
C-0168,2026-07-31,821.29
C-0168,2026-04-16,634.71
C-0168,2026-01-11,584.24
C-0168,2025-10-06,695.32
C-0168,2026-04-26,428.8
C-0168,2026-04-25,381.63
C-0168,2025-11-08,80.0
C-0168,2026-02-21,586.69
C-0168,2025-12-28,185.92
C-0168,2025-10-07,460.96
C-0169,2026-07-07,1079.66
C-0169,2026-05-20,307.22
C-0169,2025-11-22,214.76
C-0169,2025-12-23,948.54
C-0169,2026-06-30,311.79
C-0169,2026-01-28,1624.79
C-0169,2026-03-02,350.45
C-0169,2026-05-21,818.15
C-0169,2026-07-30,352.58
C-0169,2025-09-11,1251.03
C-0169,2026-05-29,223.67
C-0169,2026-06-27,897.16
C-0169,2025-09-20,588.85
C-0169,2025-11-21,1300.69
C-0169,2026-05-12,346.93
C-0169,2026-05-31,231.08
C-0169,2026-07-21,528.3
C-0169,2025-12-25,155.75
C-0170,2025-12-01,745.45
C-0170,2026-01-29,552.85
C-0170,2025-09-28,349.43
C-0170,2026-04-26,500.66
C-0170,2026-05-24,361.67
C-0170,2026-08-04,849.28
C-0170,2025-12-11,1188.4
C-0170,2026-05-19,477.38
C-0170,2026-05-16,238.95
C-0170,2025-09-06,1119.68
C-0170,2026-03-13,994.35
C-0170,2025-11-07,204.09
C-0170,2026-08-10,435.84
C-0170,2025-10-03,1606.95
C-0170,2026-01-05,229.6
C-0171,2026-03-10,764.86
C-0171,2025-11-25,733.55
C-0171,2026-02-25,1091.57
C-0171,2026-07-06,80.0
C-0171,2026-03-08,541.29
C-0171,2026-08-05,263.48
C-0171,2026-04-12,470.65
C-0171,2026-03-09,313.62
C-0171,2026-03-24,469.44
C-0171,2026-02-27,648.8
C-0171,2026-06-27,128.21
C-0171,2026-01-06,966.9
C-0171,2025-11-07,989.96
C-0171,2026-08-14,614.18
C-0171,2026-08-02,160.31
C-0171,2026-04-20,382.58
C-0171,2026-06-05,1433.12
C-0171,2025-10-03,757.19
C-0171,2026-07-04,1030.34
C-0171,2025-10-04,1051.43
C-0171,2025-12-31,244.14
C-0171,2026-02-09,1216.36
C-0171,2026-05-30,91.36
C-0171,2025-12-03,646.79
C-0172,2026-06-10,502.16
C-0172,2026-08-08,1312.99
C-0172,2026-01-31,231.49
C-0172,2026-07-29,429.69
C-0172,2026-03-02,597.63
C-0172,2025-11-01,434.62
C-0172,2026-02-23,312.45
C-0172,2025-09-07,199.51
C-0172,2026-02-22,971.26
C-0172,2026-03-04,80.0
C-0172,2025-11-04,484.46
C-0172,2025-10-18,1066.48
C-0172,2026-04-23,402.93
C-0172,2026-07-13,568.18
C-0172,2026-05-02,685.77
C-0172,2025-09-06,264.35
C-0172,2026-03-29,490.47
C-0172,2025-12-10,163.09
C-0172,2026-01-31,884.56
C-0172,2026-03-15,321.13
C-0172,2026-06-17,111.1
C-0173,2026-04-01,380.54
C-0173,2026-04-04,263.47
C-0173,2025-11-17,305.13
C-0173,2026-02-04,689.89
C-0173,2025-09-16,871.15
C-0173,2025-09-19,360.37
C-0173,2026-02-17,637.12
C-0173,2026-06-21,859.52
C-0173,2026-03-14,1406.68
C-0173,2026-04-11,465.02
C-0173,2026-07-23,435.94
C-0173,2026-07-26,193.35
C-0173,2026-03-09,644.8
C-0173,2026-01-18,1075.77
C-0173,2025-10-08,866.6
C-0173,2026-05-12,336.33
C-0173,2026-01-23,281.53
C-0173,2025-11-04,376.95
C-0173,2026-08-22,628.68
C-0174,2026-01-22,822.14
C-0174,2025-09-16,459.9
C-0174,2026-08-29,400.9
C-0174,2026-04-08,612.73
C-0174,2026-03-17,973.52
C-0174,2025-11-24,778.57
C-0174,2025-11-15,868.31
C-0174,2026-02-28,585.24
C-0174,2026-07-15,583.58
C-0174,2025-12-10,633.47
C-0174,2026-08-25,80.0
C-0174,2025-09-13,291.12
C-0174,2026-04-03,437.36
C-0174,2025-11-05,436.55
C-0174,2026-06-06,469.47
C-0174,2025-10-30,461.2
C-0174,2026-08-15,128.57
C-0174,2025-09-13,498.17
C-0174,2025-09-10,581.95
C-0174,2026-04-28,956.02
C-0174,2026-02-03,371.9
C-0174,2026-03-28,662.21
C-0175,2026-02-22,1043.58
C-0175,2025-12-09,404.37
C-0175,2026-03-07,332.48
C-0175,2026-06-25,853.57
C-0175,2026-02-19,1234.96
C-0175,2026-04-29,749.51
C-0175,2025-11-06,1240.84
C-0175,2026-02-16,1405.15
C-0175,2025-11-01,887.04
C-0175,2025-12-20,1030.29
C-0175,2026-04-07,763.67
C-0175,2026-04-26,604.55
C-0175,2025-10-12,393.51
C-0175,2026-08-01,876.01
C-0175,2026-03-07,587.06
C-0176,2026-05-27,387.65
C-0176,2025-11-06,142.65
C-0176,2026-02-03,892.51
C-0176,2026-06-09,81.39
C-0176,2025-12-25,1058.04
C-0176,2026-08-10,134.71
C-0176,2025-12-08,88.33
C-0176,2026-03-23,1079.5
C-0176,2025-12-23,461.23
C-0176,2026-04-30,240.84
C-0176,2026-02-11,1226.58
C-0176,2025-09-19,565.91
C-0177,2025-12-05,240.89
C-0177,2026-04-13,356.62
C-0177,2026-05-22,812.5
C-0177,2026-06-03,572.04
C-0177,2025-10-28,146.51
C-0177,2026-03-03,1012.76
C-0177,2026-01-31,649.97
C-0177,2025-10-12,2032.21
C-0177,2026-04-24,945.03
C-0177,2026-08-07,358.21
C-0177,2025-10-06,457.44
C-0177,2026-05-14,491.76
C-0177,2025-12-22,170.69
C-0177,2025-09-13,320.41
C-0177,2026-05-27,396.65
C-0177,2026-06-10,1144.05
C-0177,2025-12-15,774.6
C-0177,2025-10-29,699.89
C-0177,2026-01-17,80.0
C-0177,2025-11-26,328.63
C-0177,2026-04-14,542.18
C-0177,2026-06-07,110.63
C-0177,2026-04-10,242.63
C-0177,2025-12-06,1080.81
C-0177,2025-09-08,324.62
C-0177,2026-06-04,1059.19
C-0178,2025-11-09,468.51
C-0178,2025-12-12,837.54
C-0178,2025-12-20,80.0
C-0178,2026-08-20,523.05
C-0178,2026-06-08,764.06
C-0178,2026-02-25,321.64
C-0178,2026-06-27,896.08
C-0178,2026-07-18,181.88
C-0178,2026-01-11,561.96
C-0178,2026-02-02,513.01
C-0178,2025-09-12,181.94
C-0178,2026-03-04,1466.42
C-0178,2025-09-23,659.31
C-0178,2026-03-30,840.17
C-0178,2026-04-15,367.23
C-0178,2026-08-17,704.87
C-0178,2025-11-02,735.66
C-0178,2026-06-03,874.68
C-0178,2025-10-01,963.66
C-0179,2026-06-17,640.96
C-0179,2026-08-27,203.21
C-0179,2025-12-18,147.13
C-0179,2026-02-26,597.76
C-0179,2026-01-09,1316.04
C-0179,2025-09-07,171.13
C-0179,2026-08-05,403.48
C-0179,2026-03-29,552.03
C-0179,2026-02-17,356.18
C-0179,2026-03-15,521.6
C-0179,2025-12-11,1082.65
C-0179,2026-07-13,430.27
C-0179,2026-05-18,590.6
C-0179,2026-08-28,191.46
C-0179,2026-02-16,334.76
C-0179,2026-04-11,1739.59
C-0179,2025-12-14,993.35
C-0179,2026-04-14,1105.22
C-0179,2025-12-24,185.06
C-0180,2026-07-08,744.24
C-0180,2025-11-16,346.55
C-0180,2026-06-08,190.8
C-0180,2026-07-16,1423.29
C-0180,2025-10-24,534.44
C-0180,2026-08-04,850.03
C-0180,2025-09-11,1022.06
C-0180,2025-09-11,677.64
C-0180,2026-07-12,453.45
C-0180,2026-06-15,376.11
C-0180,2026-01-01,899.56
C-0180,2026-03-23,638.85
C-0180,2026-08-20,1282.74
C-0180,2025-09-12,335.58
C-0180,2025-10-18,419.3
C-0180,2026-05-08,510.94
C-0181,2026-01-19,1223.77
C-0181,2025-12-24,272.78
C-0181,2026-02-21,889.72
C-0181,2026-03-12,373.55
C-0181,2025-12-13,852.92
C-0181,2026-01-02,704.72
C-0181,2026-03-02,446.57
C-0181,2026-01-10,1903.61
C-0181,2026-03-19,181.7
C-0182,2026-01-11,723.97
C-0182,2025-12-23,1124.14
C-0182,2026-02-25,819.1
C-0182,2026-01-29,431.34
C-0182,2026-04-28,378.26
C-0182,2026-01-20,1205.47
C-0182,2026-02-10,1906.72
C-0182,2026-01-16,807.06
C-0182,2026-03-23,694.78
C-0182,2026-02-12,1038.95
C-0182,2026-01-31,942.01
C-0182,2026-05-02,925.53
C-0182,2026-02-05,418.57
C-0183,2025-12-10,616.65
C-0183,2026-01-21,429.52
C-0183,2026-01-05,467.61
C-0183,2026-02-01,372.29
C-0183,2026-01-08,1001.25
C-0184,2026-04-07,1278.17
C-0184,2026-01-10,738.32
C-0184,2025-12-30,3842.62
C-0184,2026-02-10,1136.09
C-0184,2026-04-10,569.3
C-0184,2026-03-01,735.21
C-0184,2026-01-16,263.55
C-0184,2026-02-02,1390.98
C-0185,2026-03-07,2522.73
C-0185,2026-01-04,349.23
C-0185,2025-10-18,1492.32
C-0185,2025-11-28,347.68
C-0185,2026-01-28,595.49
C-0185,2026-02-05,463.44
C-0185,2025-10-30,864.7
C-0186,2026-01-19,688.14
C-0186,2026-01-28,942.69
C-0187,2026-02-09,517.73
C-0187,2025-12-02,255.24
C-0187,2025-12-13,261.79
C-0187,2026-04-24,354.45
C-0187,2026-04-02,344.23
C-0187,2026-01-06,1564.64
C-0188,2025-09-06,644.64
C-0188,2025-12-12,112.88
C-0188,2025-11-18,318.52
C-0188,2025-11-04,307.8
C-0188,2025-10-06,4745.86
C-0188,2026-01-20,498.13
C-0189,2025-11-01,1069.62
C-0189,2026-02-12,1854.79
C-0189,2026-01-31,967.55
C-0189,2025-12-03,342.6
C-0189,2025-11-04,781.04
C-0189,2026-03-03,999.0
C-0190,2025-10-07,1093.93
C-0190,2026-02-04,890.19
C-0190,2025-10-19,973.69
C-0190,2025-11-24,435.26
C-0190,2026-01-17,1331.52
C-0190,2025-10-01,452.81
C-0190,2025-12-16,401.35
C-0190,2026-01-22,364.4
C-0190,2026-01-12,1109.17
C-0191,2026-02-17,814.92
C-0191,2025-12-24,99.73
C-0191,2025-12-17,783.43
C-0191,2026-03-09,611.72
C-0191,2026-03-02,1174.84
C-0192,2026-03-15,101.43
C-0192,2026-03-23,347.9
C-0192,2026-01-04,503.58
C-0192,2026-04-27,485.36
C-0192,2026-04-19,476.7
C-0192,2026-05-11,593.16
C-0192,2026-01-09,508.76
C-0192,2026-03-16,1406.22
C-0192,2026-01-21,1169.57
C-0193,2026-04-25,285.16
C-0193,2026-01-28,525.03
C-0193,2026-01-22,492.39
C-0193,2026-01-10,306.94
C-0193,2025-12-22,1103.86
C-0194,2026-01-07,1083.94
C-0194,2026-01-05,808.7
C-0194,2025-12-17,688.19
C-0194,2026-04-11,571.62
C-0194,2026-02-05,1402.33
C-0194,2026-02-08,972.51
C-0194,2026-04-30,487.19
C-0194,2026-03-01,1242.24
C-0194,2026-02-20,1365.05
C-0195,2026-04-03,574.63
C-0195,2026-01-01,689.62
C-0195,2025-11-19,449.71
C-0195,2026-02-11,447.21
C-0195,2026-01-13,940.11
C-0195,2025-12-28,675.16
C-0195,2026-02-08,104.92
C-0195,2025-12-31,589.58
C-0195,2026-02-27,719.93
C-0196,2025-12-01,804.59
C-0196,2025-12-05,1344.21
C-0196,2026-03-10,343.41
C-0196,2025-12-09,650.01
C-0196,2026-04-25,331.12
C-0196,2026-02-24,511.19
C-0196,2026-04-18,1921.31
C-0196,2026-03-03,80.0
C-0196,2026-02-11,435.28
C-0196,2026-03-01,2396.88
C-0196,2026-04-23,1178.77
C-0196,2026-01-08,482.17
C-0197,2026-02-10,323.52
C-0197,2026-03-29,2434.97
C-0197,2026-04-16,220.2
C-0197,2026-02-15,335.08
C-0197,2026-01-20,429.02
C-0197,2026-03-27,288.37
C-0197,2025-12-31,1913.55
C-0197,2026-02-11,176.42
C-0197,2025-12-19,149.78
C-0197,2025-12-31,687.27
C-0198,2026-01-16,963.4
C-0198,2025-11-12,343.82
C-0198,2025-12-08,704.49
C-0198,2025-09-21,834.14
C-0198,2026-02-13,213.17
C-0198,2025-12-17,1012.31
C-0198,2026-01-30,836.18
C-0199,2026-03-06,420.37
C-0199,2026-02-06,650.11
C-0199,2026-02-09,123.57
C-0199,2026-04-01,209.12
C-0199,2026-03-28,296.13
C-0199,2026-03-08,907.39
C-0199,2026-04-04,855.02
C-0200,2026-01-18,350.65
C-0200,2025-11-20,391.1
C-0200,2025-11-25,2003.23
C-0201,2025-10-22,468.68
C-0201,2025-10-19,851.84
C-0201,2025-12-17,945.33
C-0201,2025-09-23,407.68
C-0201,2025-11-20,129.45
C-0201,2026-01-05,878.89
C-0201,2026-01-13,458.95
C-0202,2026-02-10,538.23
C-0202,2026-02-10,1066.62
C-0202,2025-12-29,800.93
C-0202,2026-03-30,318.39
C-0203,2026-01-17,783.56
C-0203,2026-01-08,694.63
C-0203,2026-01-14,3354.34
C-0203,2025-12-18,1185.79
C-0203,2026-01-01,304.18
C-0203,2026-02-14,1171.18
C-0204,2026-02-27,229.77
C-0204,2026-02-23,555.52
C-0204,2025-11-01,450.64
C-0204,2026-01-11,362.93
C-0204,2026-02-25,539.33
C-0204,2026-03-10,687.2
C-0204,2025-12-18,171.54
C-0204,2025-12-25,935.45
C-0204,2026-02-15,1656.37
C-0205,2026-04-08,839.11
C-0205,2026-01-03,1291.74
C-0205,2026-03-10,1505.69
C-0205,2026-02-21,637.43
C-0205,2026-01-16,861.58
C-0205,2026-03-13,1293.54
C-0205,2026-01-28,351.64
C-0205,2026-02-27,888.34
C-0206,2026-01-31,665.82
C-0206,2025-12-23,965.54
C-0206,2025-12-29,677.23
C-0206,2026-01-03,557.41
C-0206,2026-01-25,395.5
C-0206,2025-10-06,1207.57
C-0206,2026-02-03,909.56
C-0207,2026-01-14,619.74
C-0207,2026-04-02,1655.33
C-0207,2026-04-24,1409.22
C-0207,2026-05-06,671.63
C-0207,2026-01-17,573.41
C-0207,2026-05-10,429.95
C-0207,2026-04-16,961.41
C-0207,2026-01-01,713.96
C-0208,2025-12-14,80.0
C-0208,2026-02-24,179.39
C-0209,2025-10-25,3280.42
C-0209,2025-09-14,363.11
C-0209,2025-11-04,424.83
C-0209,2025-12-31,91.55
C-0209,2025-10-27,801.43
C-0209,2025-09-21,658.55
C-0209,2025-12-08,2285.67
C-0209,2026-01-28,132.86
C-0209,2025-11-17,80.0
C-0209,2026-01-27,906.46
C-0209,2026-01-01,1340.32
C-0209,2026-01-21,363.05
C-0210,2026-02-14,627.82
C-0210,2026-05-08,269.25
C-0210,2026-02-10,1459.5
C-0210,2026-02-04,928.96
C-0210,2026-04-17,339.3
C-0210,2026-02-28,1828.07
C-0211,2025-11-11,1331.2
C-0211,2025-10-06,170.98
C-0211,2025-12-29,691.98
C-0211,2025-11-10,834.26
C-0211,2025-09-19,80.0
C-0212,2026-05-11,806.65
C-0212,2026-04-16,907.78
C-0212,2026-04-17,482.13
C-0212,2026-02-21,1053.81
C-0212,2026-02-10,377.57
C-0212,2026-04-24,452.08
C-0212,2026-03-20,2321.86
C-0213,2026-03-20,250.21
C-0213,2026-03-16,524.74
C-0213,2026-03-26,1215.77
C-0213,2026-03-16,650.68
C-0213,2026-05-13,595.88
C-0214,2025-12-28,653.69
C-0215,2026-03-14,310.09
C-0215,2026-03-04,645.47
C-0215,2026-03-19,564.81
C-0215,2026-01-06,1998.46
C-0215,2026-02-26,621.73
C-0215,2026-02-27,609.83
C-0216,2026-02-22,1154.36
C-0216,2026-03-27,576.84
C-0216,2025-12-29,444.07
C-0216,2026-02-09,859.51
C-0216,2025-12-09,1257.68
C-0216,2026-01-01,581.72
C-0216,2026-03-11,693.45
C-0216,2026-03-30,338.08
C-0216,2026-03-09,710.43
C-0217,2025-10-05,1074.36
C-0217,2025-12-30,697.1
C-0218,2025-11-21,701.12
C-0218,2025-12-09,1160.75
C-0218,2025-10-03,727.67
C-0218,2026-01-24,1121.71
C-0218,2026-02-19,993.33
C-0218,2025-11-15,577.22
C-0219,2026-02-04,215.5
C-0219,2026-01-26,470.55
C-0219,2025-12-30,719.54
C-0220,2025-11-02,1379.03
C-0220,2025-11-18,1588.55
C-0220,2025-11-22,1114.78
C-0221,2025-11-20,1298.29
C-0221,2026-01-01,1074.51
C-0221,2025-11-22,144.84
C-0222,2025-12-24,642.47
C-0222,2026-01-16,789.02
C-0222,2026-02-28,1815.28
C-0222,2026-01-17,619.02
C-0222,2026-01-02,1320.61
C-0222,2026-02-19,2077.96
C-0222,2025-11-26,981.27
C-0223,2026-04-14,820.31
C-0224,2025-11-24,498.0
C-0224,2025-12-16,516.95
C-0224,2026-01-13,773.41
C-0225,2026-03-17,1605.0
C-0225,2026-05-01,283.88
C-0225,2026-05-01,522.28
C-0226,2026-02-10,287.0
C-0226,2026-03-13,535.08
C-0226,2026-03-22,284.76
C-0227,2026-05-14,186.69
C-0227,2026-01-09,746.93
C-0227,2026-05-15,546.49
C-0227,2026-05-14,449.14
C-0227,2026-01-10,693.44
C-0228,2025-10-11,325.0
C-0228,2025-11-19,565.53
C-0228,2025-11-15,606.07
C-0228,2025-12-18,927.17
C-0229,2025-10-11,548.99
C-0229,2026-01-21,464.33
C-0229,2025-11-04,936.41
C-0229,2026-01-03,196.17
C-0229,2026-01-05,407.09
C-0230,2025-12-25,773.75
C-0230,2026-02-20,1061.45
C-0230,2025-12-04,236.63
C-0230,2026-02-27,920.78
C-0230,2025-11-17,985.82
C-0231,2025-11-28,537.45
C-0231,2025-10-03,234.18
C-0231,2026-01-04,251.57
C-0231,2025-11-19,1272.68
C-0231,2025-11-28,1093.6
C-0231,2026-01-13,378.63
C-0231,2025-11-18,292.42
C-0231,2025-09-18,412.2
C-0231,2025-11-27,341.2
C-0231,2025-10-01,827.43
C-0232,2026-03-06,191.67
C-0232,2026-04-23,523.57
C-0232,2025-12-19,400.75
C-0232,2025-12-15,381.79
C-0232,2026-03-08,1138.43
C-0232,2025-12-13,213.88
C-0233,2026-03-01,1712.02
C-0233,2025-12-19,571.64
C-0233,2025-11-11,419.42
C-0233,2026-03-14,602.67
C-0233,2025-11-12,951.08
C-0233,2025-12-07,1100.63
C-0234,2025-12-14,1485.79
C-0234,2026-01-29,467.29
C-0234,2026-02-03,1363.47
C-0234,2026-02-04,736.51
C-0234,2026-03-07,314.1
C-0234,2025-10-22,959.03
C-0234,2026-02-26,1110.28
C-0235,2025-11-30,1272.63
C-0235,2025-11-04,456.68
C-0235,2026-01-27,1258.26
C-0235,2025-12-25,519.39
C-0236,2026-02-26,109.72
C-0236,2026-01-05,125.17
C-0236,2026-02-03,588.13
C-0236,2026-01-20,482.07
C-0236,2026-01-01,809.89
C-0236,2026-02-21,977.51
C-0236,2025-11-30,1852.3
C-0237,2026-02-22,272.36
C-0237,2026-01-19,856.06
C-0237,2026-01-14,491.5
C-0238,2026-01-19,588.19
C-0238,2025-12-20,292.47
C-0238,2026-03-14,1504.73
C-0238,2026-02-27,85.82
C-0238,2026-02-16,735.77
C-0238,2025-12-22,243.59
C-0238,2026-03-04,533.35
C-0238,2025-12-20,251.08
C-0239,2025-11-03,1064.34
C-0239,2025-11-08,490.98
C-0239,2025-12-04,1725.81
C-0239,2026-01-23,1360.17
C-0239,2025-12-24,574.47
C-0239,2026-02-26,259.43
C-0240,2026-02-12,621.15
C-0240,2025-12-19,429.41
C-0240,2025-11-29,596.73
C-0240,2025-11-03,661.69
C-0240,2026-01-27,605.89
C-0240,2025-12-14,1593.96
C-0240,2026-02-22,1647.38
C-0240,2025-11-26,495.52
C-0240,2026-02-15,877.24
C-0241,2026-02-28,1412.22
C-0241,2026-02-18,998.24
C-0241,2026-01-08,515.45
C-0241,2026-03-22,388.01
C-0241,2026-02-22,715.43
C-0241,2026-05-11,732.28
C-0241,2026-03-19,1959.44
C-0242,2026-01-31,572.44
C-0242,2026-03-14,244.8
C-0243,2026-03-28,192.08
C-0243,2026-05-02,991.82
C-0243,2026-04-17,851.35
C-0243,2026-04-07,618.52
C-0243,2025-12-26,379.45
C-0243,2026-04-02,836.19
C-0244,2025-12-06,364.18
C-0244,2025-11-21,2197.17
C-0244,2026-04-10,235.55
C-0244,2026-03-27,109.73
C-0244,2026-01-01,1007.0
C-0244,2025-12-17,557.31
C-0244,2026-01-06,687.97
C-0245,2026-04-13,1623.06
C-0245,2025-12-24,193.95
C-0245,2026-04-12,686.78
C-0245,2026-02-16,542.02
C-0245,2026-02-14,541.43
C-0245,2026-04-15,851.26
C-0245,2025-12-29,1302.05
C-0245,2026-04-04,797.52
C-0246,2026-01-13,506.29
C-0246,2025-12-27,682.38
C-0246,2025-11-24,280.43
C-0246,2026-01-23,438.62
C-0246,2026-02-06,652.62
C-0246,2025-12-03,1858.75
C-0247,2025-10-20,1386.35
C-0247,2025-11-19,457.32
C-0247,2025-10-31,253.93
C-0247,2026-02-17,435.68
C-0247,2025-11-09,797.0
C-0248,2026-02-10,2599.79
C-0248,2026-02-09,198.66
C-0248,2026-02-23,309.9
C-0248,2026-02-24,902.45
C-0248,2025-12-12,1119.28
C-0248,2025-10-30,194.45
C-0248,2026-02-20,642.62
C-0248,2026-03-07,197.75
C-0249,2025-11-18,694.4
C-0249,2026-01-22,394.92
C-0249,2026-03-09,903.39
C-0249,2025-12-09,693.81
C-0249,2025-11-24,402.52
C-0249,2026-02-24,1215.71
C-0249,2025-12-03,1501.03
C-0250,2026-01-09,268.48
C-0250,2026-03-09,631.04
C-0250,2026-03-02,933.23
C-0250,2026-05-22,448.08
C-0251,2025-10-19,618.93
C-0251,2026-02-15,509.96
C-0251,2025-11-01,3016.15
C-0251,2025-12-24,339.25
C-0251,2026-01-12,719.7
C-0251,2025-11-19,310.96
C-0251,2025-12-08,865.26
C-0251,2025-11-20,1667.99
C-0252,2026-01-29,252.04
C-0252,2025-11-22,1613.73
C-0252,2026-01-12,555.41
C-0252,2026-01-08,2163.3
C-0252,2026-01-14,1383.61
C-0252,2026-02-10,1425.01
C-0253,2026-01-03,516.85
C-0253,2025-11-27,1582.33
C-0253,2025-10-26,998.69
C-0253,2025-11-19,544.11
C-0253,2026-01-21,1060.57
C-0253,2026-03-15,235.85
C-0254,2026-01-05,1809.09
C-0254,2026-01-04,1312.66
C-0254,2025-11-26,320.92
C-0254,2025-11-02,1036.42
C-0254,2025-12-25,476.71
C-0254,2026-02-23,143.26
C-0255,2026-03-19,795.12
C-0255,2026-01-11,183.71
C-0255,2026-03-19,619.97
C-0255,2025-11-27,977.78
C-0255,2025-12-28,1210.54
C-0255,2025-11-20,348.86
C-0255,2026-02-19,1818.16
C-0256,2025-11-19,1490.24
C-0256,2025-12-19,3208.77
C-0256,2026-01-01,840.7
C-0256,2025-11-05,1041.1
C-0256,2026-02-19,502.98
C-0256,2026-01-19,615.4
C-0257,2026-01-12,770.89
C-0257,2025-09-15,832.66
C-0257,2025-09-29,780.81
C-0257,2025-09-27,217.93
C-0257,2026-01-20,787.53
C-0257,2025-12-29,931.3
C-0257,2025-10-20,534.07
C-0257,2025-12-30,442.21
C-0258,2026-02-19,706.95
C-0258,2026-01-15,505.92
C-0258,2026-02-01,1151.4
C-0258,2025-12-22,1102.46
C-0258,2026-05-13,443.89
C-0258,2026-04-06,398.59
C-0259,2026-01-17,662.19
C-0259,2026-02-17,1329.55
C-0259,2026-03-22,628.68
C-0259,2025-11-09,363.64
C-0260,2026-03-29,1631.53
C-0260,2026-01-30,625.46
C-0260,2026-02-04,1113.11
C-0260,2026-03-29,473.35
C-0261,2026-01-17,895.2
C-0261,2026-04-08,550.17
C-0261,2026-01-28,187.12
C-0261,2026-01-10,131.32
C-0261,2026-03-07,112.37
C-0261,2026-02-02,335.01
C-0261,2026-01-06,358.1
C-0262,2026-01-17,374.36
C-0262,2025-12-17,735.87
C-0262,2025-10-19,176.39
C-0262,2025-10-27,892.13
C-0262,2026-02-03,921.01
C-0262,2026-01-21,208.53
C-0262,2025-09-14,563.02
C-0262,2025-11-03,542.4
C-0262,2026-01-05,465.39
C-0263,2026-04-02,763.76
C-0263,2026-01-24,543.26
C-0263,2026-02-21,112.06
C-0263,2026-03-20,875.35
C-0263,2025-12-22,316.13
C-0263,2026-03-16,215.0
C-0263,2026-04-08,1218.39
C-0263,2026-04-10,515.9
C-0263,2025-12-30,266.43
C-0263,2026-02-04,899.94
C-0264,2025-10-31,815.96
C-0264,2026-02-12,358.98
C-0264,2025-10-25,1773.97
C-0264,2025-10-27,870.4
C-0265,2025-09-25,898.68
C-0265,2025-09-26,492.27
C-0265,2025-09-08,979.52
C-0265,2025-10-06,1281.37
C-0265,2025-09-26,139.22
C-0265,2025-10-21,455.93
C-0265,2026-01-01,615.55
C-0265,2025-12-27,1424.52
C-0266,2025-11-21,117.36
C-0266,2025-10-17,1849.35
C-0266,2025-12-09,600.2
C-0266,2025-10-09,1301.76
C-0266,2026-01-23,534.93
C-0266,2026-02-17,696.45
C-0267,2026-02-24,488.58
C-0267,2025-11-06,647.27
C-0267,2025-11-05,503.2
C-0267,2026-01-27,323.77
C-0267,2026-03-06,1290.66
C-0267,2026-02-01,1627.63
C-0267,2026-02-03,983.57
C-0267,2025-11-24,1670.09
C-0268,2025-11-29,135.75
C-0268,2026-01-08,373.64
C-0269,2026-02-13,675.04
C-0269,2026-04-29,477.61
C-0269,2026-01-24,149.79
C-0269,2026-02-20,846.3
C-0270,2025-11-30,653.49
C-0270,2026-03-05,923.93
C-0270,2025-11-22,929.87
C-0270,2025-12-11,1469.67
C-0271,2026-01-13,431.72
C-0271,2025-09-23,461.07
C-0271,2025-11-25,1162.31
C-0271,2025-12-14,323.19
C-0271,2025-10-01,849.51
C-0271,2025-10-30,455.57
C-0271,2025-11-12,1276.08
C-0271,2025-12-11,340.92
C-0272,2026-01-13,654.24
C-0273,2025-12-12,827.14
C-0273,2025-09-11,2115.16
C-0273,2025-10-02,557.29
C-0273,2025-11-12,1149.1
C-0273,2025-10-17,977.13
C-0273,2026-01-03,1272.43
C-0274,2025-12-28,809.58
C-0274,2026-02-03,856.94
C-0274,2026-01-10,531.24
C-0274,2026-04-15,1166.32
C-0274,2026-01-10,432.92
C-0274,2026-02-11,1136.81
C-0275,2026-01-28,1745.12
C-0275,2025-11-30,457.34
C-0275,2025-11-19,489.59
C-0275,2026-02-02,519.06
C-0275,2025-11-11,891.2
C-0275,2026-03-25,502.13
C-0275,2026-02-04,1016.6
C-0275,2026-02-01,160.81
C-0276,2026-02-22,1138.02
C-0276,2026-03-12,1365.06
C-0276,2026-02-19,474.67
C-0276,2026-04-14,662.14
C-0276,2026-01-10,819.81
C-0277,2026-01-18,1170.11
C-0277,2025-09-11,789.46
C-0277,2025-11-04,996.03
C-0277,2025-11-29,1612.79
C-0277,2025-10-29,1273.66
C-0277,2025-10-22,1050.15
C-0278,2026-04-15,1069.46
C-0278,2026-01-02,712.13
C-0278,2026-01-16,604.34
C-0278,2026-04-26,803.38
C-0278,2026-01-27,774.28
C-0279,2026-03-27,607.29
C-0279,2026-03-07,1060.3
C-0279,2026-04-03,618.32
C-0279,2026-04-12,681.48
C-0279,2026-02-10,2211.67
C-0280,2026-04-17,1212.07
C-0280,2025-12-20,592.39
C-0280,2025-12-25,329.44
C-0280,2026-03-19,437.42
C-0280,2026-03-13,1425.81
C-0280,2025-12-13,457.45
C-0281,2025-11-07,497.08
C-0281,2025-10-23,746.35
C-0281,2026-01-22,1078.4
C-0281,2025-11-26,440.64
C-0282,2025-08-29,399.86
C-0282,2025-09-12,940.3
C-0282,2025-12-20,844.02
C-0282,2026-01-14,543.66
C-0282,2025-09-22,967.8
C-0282,2025-11-07,358.17
C-0283,2026-02-10,730.09
C-0283,2026-02-02,311.78
C-0283,2026-01-04,385.19
C-0283,2025-11-23,425.6
C-0283,2025-12-18,1018.81
C-0284,2025-11-17,225.47
C-0284,2026-01-04,161.5
C-0284,2026-01-10,1853.89
C-0284,2025-11-17,552.92
C-0284,2025-10-27,801.08
C-0284,2025-11-18,263.46
C-0284,2025-11-07,833.77
C-0285,2026-01-14,1099.73
C-0285,2025-12-18,2024.71
C-0285,2025-12-06,1463.0
C-0285,2025-11-27,1226.39
C-0286,2025-09-13,1449.7
C-0286,2025-12-27,945.97
C-0286,2025-11-05,704.19
C-0287,2026-04-13,741.51
C-0287,2026-04-14,1319.18
C-0287,2026-02-17,389.21
C-0287,2026-03-27,80.0
C-0287,2026-01-26,1020.93
C-0287,2026-04-11,487.33
C-0287,2025-12-26,1076.44
C-0287,2026-05-14,367.76
C-0287,2026-02-19,385.99
C-0288,2026-03-19,847.89
C-0288,2025-12-09,665.8
C-0288,2026-03-09,186.75
C-0288,2026-01-07,1249.01
C-0288,2026-03-07,356.35
C-0289,2026-03-20,329.82
C-0289,2026-03-20,306.36
C-0290,2026-02-06,834.83
C-0290,2025-12-28,278.2
C-0291,2026-02-24,318.58
C-0291,2026-01-18,361.32
C-0291,2026-01-26,175.52
C-0292,2026-01-27,451.1
C-0292,2025-12-28,433.52
C-0292,2026-01-11,121.21
C-0293,2026-02-16,80.0
C-0294,2026-01-31,383.44
C-0295,2026-04-10,198.3
C-0296,2026-04-24,203.91
C-0297,2026-03-16,291.25
C-0298,2026-05-07,203.64
C-0298,2026-04-22,80.0
C-0298,2026-05-07,520.8
C-0299,2026-03-17,80.0
C-0300,2026-03-11,323.33
C-0300,2026-04-05,137.48
C-0301,2026-01-30,537.53
C-0301,2026-03-01,197.79
C-0302,2026-02-15,240.29
C-0302,2026-02-18,150.65
C-0302,2026-02-07,117.52
C-0303,2026-03-10,288.56
C-0304,2026-03-24,405.77
C-0305,2026-03-16,280.55
C-0306,2026-04-08,469.51
C-0306,2026-03-30,396.18
C-0307,2026-04-19,1434.7
C-0307,2026-04-25,301.07
C-0308,2026-04-12,174.46
C-0309,2026-02-18,1015.06
C-0309,2026-01-05,1123.67
C-0309,2026-02-11,700.54
C-0310,2026-01-25,275.92
C-0311,2026-03-02,766.5
C-0312,2026-04-17,1120.55
C-0312,2026-05-10,661.19
C-0312,2026-04-28,659.98
C-0313,2026-01-08,451.4
C-0314,2026-04-19,262.04
C-0315,2025-12-25,134.27
C-0315,2025-12-24,701.9
C-0315,2025-12-12,460.84
C-0315,2026-01-15,80.0
C-0315,2025-12-12,402.95
C-0315,2026-01-03,275.48
C-0316,2026-02-20,435.64
C-0317,2025-12-24,465.15
C-0317,2026-01-12,243.07
C-0318,2026-05-16,582.21
C-0319,2025-12-21,80.0
C-0319,2026-01-06,272.31
C-0320,2026-02-06,975.85
C-0321,2026-04-17,217.94
C-0322,2026-04-09,268.77
C-0323,2026-02-06,433.46
C-0324,2026-03-12,971.78
C-0324,2026-03-14,312.51
C-0324,2026-04-01,271.0
C-0325,2026-02-21,479.57
C-0326,2026-04-02,351.56
C-0327,2026-01-20,294.05
C-0328,2025-12-16,581.63
C-0329,2026-02-21,175.99
C-0330,2026-01-14,408.84
C-0330,2026-01-28,489.71
C-0331,2026-02-07,260.83
C-0332,2026-02-12,253.47
C-0333,2026-01-21,190.28
C-0334,2025-12-04,585.39
C-0335,2026-02-19,271.85
C-0336,2026-05-27,685.21
C-0337,2026-02-02,663.88
C-0338,2026-02-25,858.78
C-0338,2026-03-17,599.29
C-0338,2026-03-02,758.55
C-0339,2026-04-29,831.14
C-0340,2026-03-25,484.54
C-0340,2026-03-23,226.79
C-0341,2026-02-25,338.9
C-0342,2026-03-27,695.01
C-0342,2026-04-22,241.03
C-0342,2026-02-28,386.17
C-0343,2026-01-07,755.95
C-0344,2025-12-31,250.97
C-0345,2026-02-05,533.77
C-0346,2026-03-15,238.98
C-0346,2026-03-31,300.5
C-0347,2026-01-24,389.94
C-0348,2026-03-05,307.17
C-0348,2026-03-12,388.81
C-0349,2026-02-04,163.41
C-0350,2026-04-07,382.05
C-0350,2026-04-13,301.6
C-0351,2025-12-25,536.23
C-0352,2026-03-09,116.89
C-0353,2026-01-08,672.57
C-0354,2026-03-31,103.51
C-0355,2026-01-20,1271.05
C-0355,2026-01-21,378.37
C-0355,2025-12-19,1258.48
C-0355,2026-02-01,456.19
C-0356,2026-04-03,426.6
C-0357,2026-02-03,508.31
C-0358,2025-12-30,289.21
C-0359,2026-02-01,238.54
C-0360,2026-01-19,859.5
C-0361,2026-03-27,285.19
C-0362,2026-03-24,388.45
C-0362,2026-03-15,121.43
C-0363,2026-03-21,677.56
C-0363,2026-03-26,498.76
C-0363,2026-02-17,397.62
C-0364,2026-03-12,427.34
C-0365,2026-01-24,270.88
C-0366,2026-05-08,145.09
C-0366,2026-04-16,299.87
C-0367,2026-04-11,208.05
C-0368,2026-04-17,80.0
C-0368,2026-03-14,493.6
C-0369,2026-03-04,210.81
C-0370,2026-03-15,543.32
C-0371,2026-04-20,491.48
C-0372,2026-03-17,454.81
C-0372,2026-04-27,216.17
C-0373,2025-12-05,445.42
C-0374,2026-02-21,365.51
C-0375,2026-02-17,417.05
C-0376,2026-03-02,532.08
C-0377,2026-01-31,134.52
C-0378,2026-03-07,295.17
C-0379,2026-01-16,270.6
C-0380,2026-02-12,342.23
C-0381,2026-01-08,195.97
C-0381,2025-12-19,1210.34
C-0382,2026-05-29,181.7
C-0383,2026-04-01,651.81
C-0384,2026-01-21,245.9
C-0385,2026-04-08,86.0
C-0386,2026-05-06,339.73
C-0387,2026-02-27,83.59
C-0388,2026-05-04,860.14
C-0389,2026-02-10,272.0
C-0390,2026-03-26,133.6
C-0391,2026-02-23,96.54
C-0391,2026-02-20,327.78
C-0392,2026-02-05,303.23
C-0392,2025-12-21,368.93
C-0393,2025-12-27,294.78
C-0394,2025-12-18,198.14
C-0394,2026-01-14,95.76
C-0394,2026-01-13,577.64
C-0395,2026-04-25,173.02
C-0395,2026-04-11,287.35
C-0395,2026-03-21,287.06
C-0396,2026-03-16,730.03
C-0396,2026-03-08,237.29
C-0397,2026-03-09,477.04
C-0398,2026-02-22,506.05
C-0398,2026-02-07,301.86
C-0399,2025-12-08,138.07
C-0399,2025-11-27,234.2
C-0400,2026-03-29,80.0
C-0401,2026-03-11,231.99
C-0402,2026-02-13,506.03
C-0403,2026-02-17,237.72
C-0404,2026-04-06,571.03
C-0405,2026-02-28,320.53
C-0406,2026-02-28,532.12
C-0407,2026-04-16,124.68
C-0407,2026-04-09,171.15
C-0408,2026-04-05,536.7
C-0409,2026-03-18,292.25
C-0410,2026-04-16,126.54
C-0410,2026-05-16,466.73
C-0411,2026-02-04,239.48
C-0412,2026-03-09,429.42
C-0413,2026-04-03,80.0
C-0413,2026-04-01,1226.0
C-0414,2026-01-13,394.22
C-0415,2026-03-06,233.56
C-0416,2026-02-09,526.35
C-0416,2026-02-08,216.82
C-0417,2026-02-25,190.03
C-0417,2026-03-05,80.0
C-0418,2026-04-02,557.3
C-0419,2026-04-04,400.7
C-0420,2026-04-03,1241.97
C-0420,2026-03-28,531.48
C-0421,2026-08-14,416.41
C-0422,2026-08-12,327.14
C-0422,2026-08-12,115.33
C-0423,2026-08-01,437.61
C-0424,2026-08-09,577.47
C-0425,2026-08-26,133.78
C-0426,2026-08-20,171.92
C-0426,2026-08-02,438.89
C-0427,2026-08-03,331.38
C-0428,2026-08-09,295.28
C-0429,2026-08-07,653.41
C-0429,2026-08-20,510.65
C-0430,2026-08-06,96.7
C-0431,2026-08-11,445.35
C-0431,2026-08-10,95.87
C-0432,2026-08-07,482.71
C-0432,2026-08-11,220.63
C-0432,2026-08-18,129.92
C-0432,2026-08-22,575.4
C-0433,2026-08-16,163.83
C-0434,2026-08-12,1403.25
C-0435,2026-08-01,719.75
C-0436,2026-08-09,344.4
C-0436,2026-08-08,825.44
C-0437,2026-08-12,614.58
C-0438,2026-08-01,280.53
C-0439,2026-08-12,801.59
C-0440,2026-08-15,373.14
C-0441,2026-08-08,339.42
C-0442,2026-08-05,1286.46
C-0443,2026-08-02,513.58
C-0444,2026-08-09,790.06
C-0445,2026-08-14,1001.32
C-0445,2026-08-11,1145.93
C-0445,2026-08-05,495.34
C-0446,2026-08-07,607.4
C-0446,2026-08-11,348.26
C-0447,2026-08-17,252.19
C-0448,2026-08-01,505.5
C-0448,2026-08-10,699.49
C-0449,2026-08-02,105.5
C-0450,2026-08-17,187.82
C-0451,2026-08-23,165.32
C-0452,2026-08-06,295.37
C-0453,2026-08-10,185.12
C-0453,2026-08-18,209.51
C-0454,2026-08-13,494.88
C-0455,2026-08-05,285.84
C-0455,2026-08-12,826.63
C-0455,2026-08-10,680.76
C-0456,2026-08-03,1516.15
C-0456,2026-08-18,421.98
C-0457,2026-08-09,356.95
C-0458,2026-08-05,649.4
C-0459,2026-08-15,214.86
C-0459,2026-08-03,720.84
C-0460,2026-08-14,589.38
C-0461,2026-08-04,128.13
C-0462,2026-08-22,569.21
C-0462,2026-08-14,321.46
C-0463,2026-08-09,466.74
C-0464,2026-08-01,435.84
C-0464,2026-08-18,486.95
C-0465,2026-08-15,559.33
C-0466,2026-08-05,311.61
C-0467,2026-08-26,347.09
C-0468,2026-08-05,282.1
C-0468,2026-08-06,443.25
C-0469,2026-08-15,731.75
C-0469,2026-08-05,238.77
C-0469,2026-08-20,780.33
C-0469,2026-08-02,291.34
C-0470,2026-08-07,580.15
C-0471,2026-08-02,469.92
C-0472,2026-08-08,205.79
C-0472,2026-08-22,338.96
C-0473,2026-08-07,574.52
C-0474,2026-08-06,571.05
C-0475,2026-08-15,81.87
C-0476,2026-08-11,932.45
C-0476,2026-08-21,89.56
C-0477,2026-08-07,475.43
C-0478,2026-08-18,100.68
C-0479,2026-08-11,130.37
C-0480,2026-08-02,285.41
C-0481,2026-08-02,90.49
C-0482,2026-08-07,1576.16
C-0483,2026-08-25,277.43
C-0484,2026-08-20,398.33
C-0485,2026-08-16,148.44
C-0486,2026-08-22,563.13
C-0487,2026-08-14,830.56
C-0488,2026-08-15,123.35
C-0489,2026-08-15,278.38
C-0490,2026-08-07,763.8
C-0491,2026-08-07,1097.15
C-0491,2026-08-12,385.23
C-0491,2026-08-18,241.16
C-0492,2026-08-13,294.37
C-0492,2026-08-01,634.82
C-0493,2026-08-18,149.67
C-0493,2026-08-06,435.58
C-0494,2026-08-14,1021.95
C-0495,2026-08-09,1051.9
C-0495,2026-08-15,388.24
C-0495,2026-08-05,490.63
C-0496,2026-08-17,80.0
C-0496,2026-08-03,203.36
C-0497,2026-08-07,403.25
C-0497,2026-08-15,832.3
C-0498,2026-08-01,269.28
C-0498,2026-08-12,89.94
C-0499,2026-08-01,722.09
C-0500,2026-08-14,534.31
C-0501,2026-08-21,454.65
C-0501,2026-08-20,1131.97
C-0501,2026-08-26,647.63
C-0502,2026-08-19,469.45
C-0503,2026-08-04,327.8
C-0504,2026-08-19,318.41
C-0505,2026-08-16,250.46
C-0505,2026-08-24,289.91
C-0506,2026-08-25,985.53
C-0507,2026-08-04,510.72
C-0508,2026-08-06,101.42
C-0509,2026-08-02,272.28
C-0510,2026-08-06,522.41
C-0511,2026-06-14,322.97
C-0511,2026-08-12,133.21
C-0511,2026-03-22,165.39
C-0512,2026-05-11,142.95
C-0512,2026-06-18,244.79
C-0513,2026-01-10,80.0
C-0514,2026-03-11,587.18
C-0514,2026-05-28,451.97
C-0515,2026-04-02,80.0
C-0515,2026-03-22,454.25
C-0516,2026-07-16,251.01
C-0516,2026-06-15,106.48
C-0516,2026-06-28,413.09
C-0516,2026-01-03,260.72
C-0516,2026-03-20,426.37
C-0516,2026-04-03,356.53
C-0516,2026-04-21,80.0
C-0517,2026-04-29,306.44
C-0517,2026-06-10,80.0
C-0517,2026-07-09,188.13
C-0517,2026-07-30,333.56
C-0517,2026-03-24,415.15
C-0517,2026-07-08,645.57
C-0518,2026-06-27,416.16
C-0518,2026-02-15,151.02
C-0518,2026-01-07,729.76
C-0519,2026-06-02,173.1
C-0519,2026-05-12,434.75
C-0519,2026-07-21,874.04
C-0519,2026-06-14,509.93
C-0520,2026-08-21,379.19
C-0520,2026-06-12,341.5
C-0521,2026-03-08,201.65
C-0522,2026-05-30,114.7
C-0522,2026-06-21,390.26
C-0522,2026-05-18,164.19
C-0523,2026-02-14,863.08
C-0523,2026-01-20,784.68
C-0523,2026-08-13,112.05
C-0523,2026-02-15,122.84
C-0524,2026-05-09,266.46
C-0524,2026-06-16,158.52
C-0524,2026-02-21,646.78
C-0525,2026-02-06,305.81
C-0525,2026-08-18,315.47
C-0525,2026-01-10,418.41
C-0526,2026-08-22,423.52
C-0527,2026-02-10,221.79
C-0527,2026-08-20,203.65
C-0527,2026-08-22,366.6
C-0527,2026-01-25,80.0
C-0527,2026-02-22,768.07
C-0528,2026-06-16,298.81
C-0528,2026-04-21,535.05
C-0528,2026-07-21,80.0
C-0529,2026-05-21,700.5
C-0530,2026-08-19,330.14
C-0530,2026-08-06,302.44
C-0531,2026-06-24,613.02
C-0531,2026-04-11,288.05
C-0532,2026-07-23,289.22
C-0532,2026-01-13,492.11
C-0532,2026-06-10,388.39
C-0532,2026-01-23,303.33
C-0532,2026-04-26,501.39
C-0533,2026-01-13,235.16
C-0533,2026-02-16,140.13
C-0534,2026-07-06,651.83
C-0535,2026-03-01,182.76
C-0535,2026-06-07,268.13
C-0535,2026-06-03,80.0
C-0535,2026-02-07,238.61
C-0536,2026-08-19,153.53
C-0536,2026-03-08,295.17
C-0536,2026-05-27,311.27
C-0536,2026-05-11,192.24
C-0536,2026-03-04,242.09
C-0536,2026-01-03,179.95
C-0537,2026-04-07,189.54
C-0537,2026-05-06,244.36
C-0537,2026-03-15,377.27
C-0538,2026-03-29,80.0
C-0538,2026-06-08,377.16
C-0538,2026-07-30,735.5
C-0538,2026-06-10,592.1
C-0538,2026-07-20,110.63
C-0538,2026-04-30,167.64
C-0539,2026-04-21,256.51
C-0539,2026-04-11,192.05
C-0539,2026-07-21,90.78
C-0540,2026-07-13,202.64
C-0541,2026-06-30,398.77
C-0541,2026-06-29,420.71
C-0542,2026-07-24,443.85
C-0542,2026-07-05,329.29
C-0542,2026-08-18,148.0
C-0542,2026-04-22,322.26
C-0543,2026-04-07,233.9
C-0543,2026-05-30,416.7
C-0543,2026-05-28,751.63
C-0543,2026-02-18,218.8
C-0543,2026-04-16,172.08
C-0544,2026-06-16,166.02
C-0544,2026-08-17,80.0
C-0544,2026-01-19,471.32
C-0544,2026-01-22,238.81
C-0545,2026-06-02,200.5
C-0545,2026-05-15,80.0
C-0546,2026-05-21,231.23
C-0546,2026-06-10,176.18
C-0546,2026-03-21,115.18
C-0547,2026-02-06,170.18
C-0547,2026-05-04,426.43
C-0547,2026-05-27,363.67
C-0547,2026-07-18,130.01
C-0547,2026-05-12,619.79
C-0547,2026-01-19,276.98
C-0547,2026-07-12,183.9
C-0548,2026-05-02,136.35
C-0549,2026-02-03,131.8
C-0549,2026-01-30,104.94
C-0549,2026-06-21,304.55
C-0549,2026-02-19,524.46
C-0550,2026-07-31,566.39
C-0551,2026-03-22,743.58
C-0551,2026-04-21,419.82
C-0551,2026-03-30,474.92
C-0551,2026-06-25,132.93
C-0551,2026-02-26,238.55
C-0551,2026-05-23,354.23
C-0551,2026-04-15,106.46
C-0552,2026-07-18,518.27
C-0552,2026-05-31,246.23
C-0552,2026-05-30,415.12
C-0552,2026-02-22,543.18
C-0553,2026-01-25,274.33
C-0553,2026-08-01,421.28
C-0554,2026-07-20,136.09
C-0555,2026-08-23,186.04
C-0555,2026-03-30,526.25
C-0555,2026-07-27,334.89
C-0556,2026-02-02,300.34
C-0556,2026-05-15,332.98
C-0557,2026-06-05,126.77
C-0558,2026-03-30,318.57
C-0558,2026-01-10,232.49
C-0558,2026-05-17,450.28
C-0558,2026-04-04,272.73
C-0558,2026-08-03,396.5
C-0558,2026-07-20,597.84
C-0559,2026-01-21,482.6
C-0559,2026-07-20,209.98
C-0560,2026-06-18,598.68
C-0560,2026-05-23,120.52
C-0561,2026-01-27,486.85
C-0561,2026-04-07,163.08
C-0561,2026-08-08,80.0
C-0561,2026-03-07,298.47
C-0562,2026-08-29,488.4
C-0562,2026-06-01,220.89
C-0562,2026-08-17,258.32
C-0562,2026-05-22,439.21
C-0562,2026-08-25,145.12
C-0562,2026-05-31,235.22
C-0563,2026-03-18,285.31
C-0563,2026-04-30,80.0
C-0563,2026-03-23,275.43
C-0564,2026-03-01,842.43
C-0564,2026-05-02,399.23
C-0564,2026-08-07,537.03
C-0564,2026-03-11,204.04
C-0565,2026-08-20,264.48
C-0565,2026-03-18,80.0
C-0565,2026-07-21,378.41
C-0566,2026-01-30,178.52
C-0567,2026-08-16,567.77
C-0568,2026-04-30,246.62
C-0568,2026-04-07,447.53
C-0569,2026-05-22,80.0
C-0569,2026-01-15,213.04
C-0569,2026-08-14,527.28
C-0569,2026-07-08,358.69
C-0569,2026-01-26,87.32
C-0569,2026-02-16,110.21
C-0570,2026-03-17,159.24
C-0570,2026-02-02,299.15
C-0570,2026-01-30,260.46
C-0570,2026-06-30,255.31
C-0570,2026-07-08,108.72
C-0570,2026-04-17,202.92
C-0571,2026-05-19,205.16
C-0571,2026-03-10,188.98
C-0572,2026-04-02,553.03
C-0572,2026-04-10,112.43
C-0572,2026-08-06,174.57
C-0573,2026-06-24,406.44
C-0573,2026-03-26,135.6
C-0573,2026-07-12,216.03
C-0574,2026-05-28,293.79
C-0574,2026-08-25,125.46
C-0575,2026-03-08,80.0
C-0575,2026-04-22,375.03
C-0576,2026-06-14,136.64
C-0576,2026-04-17,80.0
C-0576,2026-05-04,258.48
C-0577,2026-07-07,627.82
C-0577,2026-01-08,445.01
C-0578,2026-05-06,265.36
C-0578,2026-05-03,323.32
C-0578,2026-04-17,253.76
C-0578,2026-06-30,99.97
C-0578,2026-03-26,88.8
C-0578,2026-01-23,887.11
C-0578,2026-08-18,233.12
C-0578,2026-04-01,359.34
C-0579,2026-06-28,352.47
C-0579,2026-07-06,233.58
C-0580,2026-06-27,80.0
C-0580,2026-06-04,657.24
C-0580,2026-06-16,317.8
C-0580,2026-07-16,529.3
C-0580,2026-03-22,277.66
C-0581,2026-04-28,586.87
C-0581,2026-07-31,240.98
C-0581,2026-06-27,244.08
C-0582,2026-01-03,119.91
C-0582,2026-02-22,175.75
C-0582,2026-07-04,137.84
C-0583,2026-03-14,167.56
C-0583,2026-04-14,429.59
C-0584,2026-01-23,377.35
C-0585,2026-04-11,162.24
C-0585,2026-01-17,80.0
C-0585,2026-06-11,176.09
C-0585,2026-07-07,160.84
C-0586,2026-05-24,368.78
C-0586,2026-02-19,226.29
C-0587,2026-05-07,184.82
C-0587,2026-04-21,317.64
C-0588,2026-05-31,347.04
C-0588,2026-03-29,80.0
C-0588,2026-02-07,132.88
C-0589,2026-01-24,252.64
C-0589,2026-05-12,180.04
C-0589,2026-06-21,350.86
C-0589,2026-02-05,559.22
C-0589,2026-04-08,80.0
C-0590,2026-06-20,80.0
C-0590,2026-07-03,140.92
C-0591,2026-03-25,499.27
C-0592,2026-01-28,308.91
C-0592,2026-03-11,160.26
C-0593,2026-08-03,260.74
C-0593,2026-07-25,137.35
C-0593,2026-02-18,153.91
C-0593,2026-05-21,256.76
C-0594,2026-06-26,586.02
C-0594,2026-03-07,80.0
C-0594,2026-01-25,408.59
C-0595,2026-02-19,161.7
C-0595,2026-03-10,705.2
C-0595,2026-02-15,95.12
C-0596,2026-07-10,106.15
C-0596,2026-07-20,305.04
C-0596,2026-02-23,521.93
C-0596,2026-07-24,329.01
C-0596,2026-02-03,409.79
C-0597,2026-06-19,349.41
C-0597,2026-02-08,335.41
C-0597,2026-04-04,184.53
C-0598,2026-02-24,422.83
C-0598,2026-06-14,116.99
C-0598,2026-05-21,339.5
C-0599,2026-01-29,718.56
C-0599,2026-05-19,522.13
C-0599,2026-02-27,645.93
C-0599,2026-01-28,153.3
C-0600,2026-08-08,575.07
C-0600,2026-02-22,235.69
C-0600,2026-02-17,275.14
