pago_id,factura_id,fecha_pago,monto_pagado,metodo_pago
PAG-000001,FAC-001647,2025-02-10,6163.64,Transferencia
PAG-000002,FAC-000408,2024-12-29,818.77,Tarjeta
PAG-000003,FAC-002546,2024-12-12,2446.85,Tarjeta
PAG-000004,FAC-001797,2024-10-14,6911.96,Tarjeta
PAG-000005,FAC-000041,2025-10-12,2266.35,Transferencia
PAG-000006,FAC-002233,2025-01-18,2190.27,Transferencia
PAG-000007,FAC-000035,2025-12-12,970.60,Transferencia
PAG-000008,FAC-002256,2025-05-02,1751.82,Transferencia
PAG-000009,FAC-001329,2025-02-14,3300.12,Transferencia
PAG-000010,FAC-000350,2025-02-12,344.46,Transferencia
PAG-000011,FAC-003132,2024-10-14,414.72,Tarjeta
PAG-000012,FAC-002059,2025-04-07,6868.68,Transferencia
PAG-000013,FAC-002701,2024-10-23,1566.05,Cheque
PAG-000014,FAC-001922,2025-06-20,148.78,Cheque
PAG-000015,FAC-001231,2024-12-13,4774.95,Cheque
PAG-000016,FAC-001321,2025-02-17,321.27,Efectivo
PAG-000017,FAC-001890,2024-03-29,1003.56,Transferencia
PAG-000018,FAC-002737,2025-03-20,5405.76,Tarjeta
PAG-000019,FAC-002930,2024-07-15,2762.30,Transferencia
PAG-000020,FAC-002005,2025-04-22,9861.20,Cheque
PAG-000021,FAC-000140,2025-01-05,11943.30,Transferencia
PAG-000022,FAC-003050,2024-04-20,4890.90,Cheque
PAG-000023,FAC-002464,2025-04-26,1293.51,Transferencia
PAG-000024,FAC-001435,2024-09-17,3431.49,Tarjeta
PAG-000025,FAC-001349,2025-07-12,1689.96,Cheque
PAG-000026,FAC-001349,2025-07-23,1126.64,Cheque
PAG-000027,FAC-003458,2026-02-27,2138.15,Transferencia
PAG-000028,FAC-000437,2026-01-18,3234.69,Cheque
PAG-000029,FAC-003463,2024-03-25,992.59,Cheque
PAG-000030,FAC-000466,2025-11-08,8679.65,Transferencia
PAG-000031,FAC-001939,2024-12-20,30.33,Efectivo
PAG-000032,FAC-002858,2024-02-21,4880.68,Tarjeta
PAG-000033,FAC-000803,2024-03-25,7612.56,Tarjeta
PAG-000034,FAC-002370,2024-08-20,377.71,Efectivo
PAG-000035,FAC-000753,2024-06-10,366.08,Transferencia
PAG-000036,FAC-001271,2025-04-19,1032.76,Transferencia
PAG-000037,FAC-002961,2025-10-24,833.04,Transferencia
PAG-000038,FAC-002050,2025-03-09,4994.10,Tarjeta
PAG-000039,FAC-002348,2024-05-27,1593.18,Transferencia
PAG-000040,FAC-002348,2024-06-09,1062.12,Transferencia
PAG-000041,FAC-000141,2025-12-30,839.45,Tarjeta
PAG-000042,FAC-000141,2026-01-18,559.63,Tarjeta
PAG-000043,FAC-000262,2024-03-18,6716.85,Tarjeta
PAG-000044,FAC-001937,2025-07-11,2478.25,Transferencia
PAG-000045,FAC-001398,2024-08-05,2127.32,Cheque
PAG-000046,FAC-001134,2026-01-31,764.43,Tarjeta
PAG-000047,FAC-002943,2025-12-09,1357.02,Tarjeta
PAG-000048,FAC-000897,2024-08-07,449.45,Transferencia
PAG-000049,FAC-002483,2024-03-02,11592.42,Transferencia
PAG-000050,FAC-002145,2025-11-26,11738.76,Transferencia
PAG-000051,FAC-001003,2024-02-03,6695.64,Cheque
PAG-000052,FAC-001611,2025-03-01,2382.00,Tarjeta
PAG-000053,FAC-000464,2025-05-25,2465.68,Transferencia
PAG-000054,FAC-001812,2025-03-22,321.68,Transferencia
PAG-000055,FAC-003242,2024-03-02,3398.64,Cheque
PAG-000056,FAC-001269,2024-08-16,1967.48,Tarjeta
PAG-000057,FAC-000206,2025-08-17,2138.76,Efectivo
PAG-000058,FAC-003189,2025-05-06,16160.62,Transferencia
PAG-000059,FAC-003459,2025-01-27,2826.18,Transferencia
PAG-000060,FAC-000010,2024-06-12,539.71,Transferencia
PAG-000061,FAC-000010,2024-06-26,359.81,Transferencia
PAG-000062,FAC-003424,2025-12-07,6278.95,Transferencia
PAG-000063,FAC-001187,2025-10-01,1126.20,Transferencia
PAG-000064,FAC-002079,2025-01-26,1272.38,Cheque
PAG-000065,FAC-001179,2025-06-30,1646.64,Cheque
PAG-000066,FAC-001179,2025-07-13,1097.76,Cheque
PAG-000067,FAC-001914,2024-08-01,1548.70,Transferencia
PAG-000068,FAC-001753,2024-06-17,4054.82,Transferencia
PAG-000069,FAC-003342,2025-03-18,3508.41,Transferencia
PAG-000070,FAC-001163,2025-09-17,3757.68,Transferencia
PAG-000071,FAC-002533,2025-04-28,3375.08,Transferencia
PAG-000072,FAC-003036,2024-05-24,2068.32,Transferencia
PAG-000073,FAC-000685,2025-04-17,638.31,Cheque
PAG-000074,FAC-000390,2024-04-02,3405.62,Transferencia
PAG-000075,FAC-001172,2024-02-20,1154.16,Transferencia
PAG-000076,FAC-001513,2025-07-20,5404.44,Transferencia
PAG-000077,FAC-003028,2024-03-18,4931.15,Transferencia
PAG-000078,FAC-003364,2024-10-09,2679.12,Transferencia
PAG-000079,FAC-003204,2024-08-26,3292.02,Tarjeta
PAG-000080,FAC-002100,2024-12-14,762.36,Transferencia
PAG-000081,FAC-002331,2024-06-29,1036.75,Transferencia
PAG-000082,FAC-001624,2024-01-15,3365.95,Tarjeta
PAG-000083,FAC-002869,2024-06-17,323.52,Cheque
PAG-000084,FAC-002476,2025-02-28,324.26,Transferencia
PAG-000085,FAC-003292,2026-01-23,145.57,Cheque
PAG-000086,FAC-000472,2025-02-18,2718.60,Transferencia
PAG-000087,FAC-000346,2024-06-02,211.87,Transferencia
PAG-000088,FAC-001299,2025-06-16,12592.02,Cheque
PAG-000089,FAC-000910,2025-07-06,11765.46,Transferencia
PAG-000090,FAC-000726,2025-10-02,3459.12,Efectivo
PAG-000091,FAC-003278,2024-09-04,8558.88,Efectivo
PAG-000092,FAC-001372,2024-03-19,7690.08,Transferencia
PAG-000093,FAC-003068,2024-08-11,3939.86,Cheque
PAG-000094,FAC-000650,2025-07-13,3814.71,Tarjeta
PAG-000095,FAC-000823,2025-07-07,1482.60,Tarjeta
PAG-000096,FAC-000008,2024-09-18,286.20,Cheque
PAG-000097,FAC-000008,2024-10-14,190.80,Cheque
PAG-000098,FAC-003233,2025-10-15,1777.06,Transferencia
PAG-000099,FAC-001320,2024-05-12,3586.52,Transferencia
PAG-000100,FAC-001224,2025-11-01,2337.53,Transferencia
PAG-000101,FAC-001119,2024-04-02,550.29,Efectivo
PAG-000102,FAC-002616,2024-08-22,2231.76,Tarjeta
PAG-000103,FAC-000028,2026-01-01,5714.70,Transferencia
PAG-000104,FAC-002300,2025-07-11,1209.92,Transferencia
PAG-000105,FAC-000218,2024-08-06,6036.17,Transferencia
PAG-000106,FAC-000976,2024-04-11,683.78,Cheque
PAG-000107,FAC-000862,2024-05-05,1797.59,Transferencia
PAG-000108,FAC-000862,2024-05-21,1198.39,Transferencia
PAG-000109,FAC-002932,2025-06-20,2956.99,Transferencia
PAG-000110,FAC-002932,2025-07-11,1971.32,Transferencia
PAG-000111,FAC-000945,2024-07-30,4301.43,Cheque
PAG-000112,FAC-001582,2025-12-15,1203.57,Tarjeta
PAG-000113,FAC-000615,2025-07-14,1756.47,Transferencia
PAG-000114,FAC-001500,2024-04-05,5088.48,Tarjeta
PAG-000115,FAC-002390,2025-06-05,1563.14,Cheque
PAG-000116,FAC-002390,2025-07-02,1042.09,Cheque
PAG-000117,FAC-002117,2024-04-28,1686.54,Transferencia
PAG-000118,FAC-001112,2024-11-06,5192.22,Tarjeta
PAG-000119,FAC-002761,2024-06-13,635.84,Tarjeta
PAG-000120,FAC-002264,2024-04-16,425.50,Transferencia
PAG-000121,FAC-002944,2025-05-05,3089.17,Transferencia
PAG-000122,FAC-001744,2024-02-28,2980.18,Transferencia
PAG-000123,FAC-000724,2025-06-14,976.61,Tarjeta
PAG-000124,FAC-003483,2024-04-17,1765.18,Transferencia
PAG-000125,FAC-003483,2024-05-15,1176.78,Transferencia
PAG-000126,FAC-001766,2024-06-17,6788.25,Cheque
PAG-000127,FAC-000234,2024-06-17,2900.22,Transferencia
PAG-000128,FAC-003282,2024-11-25,746.79,Transferencia
PAG-000129,FAC-002843,2025-04-06,404.66,Transferencia
PAG-000130,FAC-001959,2024-03-01,1200.08,Tarjeta
PAG-000131,FAC-002704,2025-12-15,2601.36,Transferencia
PAG-000132,FAC-001597,2024-04-07,991.54,Tarjeta
PAG-000133,FAC-001597,2024-05-07,661.02,Tarjeta
PAG-000134,FAC-003497,2025-12-26,735.66,Cheque
PAG-000135,FAC-001774,2026-01-01,11466.72,Cheque
PAG-000136,FAC-001802,2024-10-13,6480.54,Transferencia
PAG-000137,FAC-001700,2024-07-06,5928.10,Transferencia
PAG-000138,FAC-000863,2026-02-03,610.74,Cheque
PAG-000139,FAC-000863,2026-02-19,407.16,Cheque
PAG-000140,FAC-000226,2025-10-13,10665.36,Transferencia
PAG-000141,FAC-000367,2024-09-03,5077.59,Transferencia
PAG-000142,FAC-000213,2024-09-06,978.39,Transferencia
PAG-000143,FAC-003410,2025-07-23,1097.07,Cheque
PAG-000144,FAC-000330,2024-01-28,15547.26,Transferencia
PAG-000145,FAC-003352,2025-06-02,2616.90,Transferencia
PAG-000146,FAC-002625,2024-08-25,8667.40,Transferencia
PAG-000147,FAC-003169,2026-01-09,1856.85,Tarjeta
PAG-000148,FAC-000260,2024-05-06,2081.65,Efectivo
PAG-000149,FAC-003429,2024-04-06,440.26,Transferencia
PAG-000150,FAC-001004,2025-08-04,846.38,Transferencia
PAG-000151,FAC-002210,2025-02-22,2775.68,Tarjeta
PAG-000152,FAC-000018,2026-01-15,72.05,Transferencia
PAG-000153,FAC-002558,2025-06-25,2235.80,Cheque
PAG-000154,FAC-001789,2024-10-01,1097.74,Transferencia
PAG-000155,FAC-001898,2025-06-02,5803.68,Cheque
PAG-000156,FAC-003361,2024-08-23,1100.60,Transferencia
PAG-000157,FAC-001982,2024-12-28,5439.56,Transferencia
PAG-000158,FAC-001319,2026-01-05,4356.06,Transferencia
PAG-000159,FAC-003460,2024-07-11,1537.80,Cheque
PAG-000160,FAC-002462,2025-06-18,3777.97,Tarjeta
PAG-000161,FAC-002175,2024-02-24,815.15,Transferencia
PAG-000162,FAC-000208,2024-03-11,2879.03,Transferencia
PAG-000163,FAC-001658,2024-08-03,7465.00,Tarjeta
PAG-000164,FAC-002889,2026-01-30,5620.44,Tarjeta
PAG-000165,FAC-002889,2026-02-24,3746.96,Tarjeta
PAG-000166,FAC-000919,2025-05-05,1161.45,Transferencia
PAG-000167,FAC-001157,2025-07-13,8168.09,Transferencia
PAG-000168,FAC-000712,2025-06-22,2305.14,Transferencia
PAG-000169,FAC-001411,2025-11-27,10363.00,Transferencia
PAG-000170,FAC-000853,2024-01-15,2045.58,Cheque
PAG-000171,FAC-003025,2025-04-14,15550.98,Tarjeta
PAG-000172,FAC-003398,2025-10-06,2547.45,Tarjeta
PAG-000173,FAC-003202,2024-03-21,2737.38,Transferencia
PAG-000174,FAC-000659,2025-03-11,8243.52,Transferencia
PAG-000175,FAC-000339,2025-10-12,2454.70,Transferencia
PAG-000176,FAC-000940,2024-11-17,5107.50,Cheque
PAG-000177,FAC-001217,2025-12-28,1464.98,Transferencia
PAG-000178,FAC-002754,2024-03-29,3618.84,Efectivo
PAG-000179,FAC-001068,2025-05-07,667.87,Efectivo
PAG-000180,FAC-001614,2024-01-14,1028.60,Transferencia
PAG-000181,FAC-002821,2024-02-10,6336.01,Tarjeta
PAG-000182,FAC-003178,2025-12-30,3005.16,Transferencia
PAG-000183,FAC-003447,2024-10-09,881.78,Efectivo
PAG-000184,FAC-002129,2024-04-18,1176.96,Transferencia
PAG-000185,FAC-001767,2024-12-18,914.90,Transferencia
PAG-000186,FAC-000844,2025-10-19,2245.60,Transferencia
PAG-000187,FAC-000490,2024-04-11,3444.33,Cheque
PAG-000188,FAC-000741,2024-09-21,2559.96,Transferencia
PAG-000189,FAC-000507,2024-12-25,313.58,Transferencia
PAG-000190,FAC-000020,2025-12-14,437.45,Transferencia
PAG-000191,FAC-001146,2026-01-18,219.72,Transferencia
PAG-000192,FAC-002413,2024-07-07,617.60,Transferencia
PAG-000193,FAC-002566,2024-09-30,5213.82,Transferencia
PAG-000194,FAC-002935,2025-01-10,1470.21,Tarjeta
PAG-000195,FAC-000568,2024-02-06,14054.32,Transferencia
PAG-000196,FAC-001704,2025-10-22,1794.81,Transferencia
PAG-000197,FAC-000829,2025-12-12,712.98,Tarjeta
PAG-000198,FAC-002373,2024-08-15,11934.60,Transferencia
PAG-000199,FAC-003344,2025-05-05,1148.01,Transferencia
PAG-000200,FAC-002960,2025-05-07,2546.30,Transferencia
PAG-000201,FAC-000526,2024-10-30,8872.38,Transferencia
PAG-000202,FAC-000309,2026-01-14,951.19,Cheque
PAG-000203,FAC-000104,2024-05-03,1322.10,Transferencia
PAG-000204,FAC-002323,2025-12-02,2252.74,Efectivo
PAG-000205,FAC-001441,2024-06-21,3872.10,Tarjeta
PAG-000206,FAC-000110,2025-12-25,5821.55,Transferencia
PAG-000207,FAC-001902,2025-06-05,166.11,Transferencia
PAG-000208,FAC-000135,2025-11-29,9008.09,Cheque
PAG-000209,FAC-003168,2024-04-29,1151.95,Transferencia
PAG-000210,FAC-001806,2024-11-17,5309.36,Transferencia
PAG-000211,FAC-000722,2024-11-08,13769.49,Transferencia
PAG-000212,FAC-000336,2024-07-19,5988.30,Tarjeta
PAG-000213,FAC-001765,2025-04-14,5863.76,Transferencia
PAG-000214,FAC-003151,2025-08-17,7751.17,Transferencia
PAG-000215,FAC-001825,2026-01-02,1649.10,Transferencia
PAG-000216,FAC-002006,2024-05-22,9204.93,Transferencia
PAG-000217,FAC-000842,2026-01-08,1082.60,Transferencia
PAG-000218,FAC-000066,2024-06-09,209.19,Transferencia
PAG-000219,FAC-002336,2025-10-18,1779.47,Transferencia
PAG-000220,FAC-000445,2024-08-25,940.59,Transferencia
PAG-000221,FAC-000371,2025-02-14,1774.76,Cheque
PAG-000222,FAC-001277,2024-04-27,2888.70,Transferencia
PAG-000223,FAC-001234,2025-01-07,2577.21,Tarjeta
PAG-000224,FAC-001963,2024-11-17,4760.76,Transferencia
PAG-000225,FAC-000861,2025-09-20,2276.86,Transferencia
PAG-000226,FAC-000861,2025-10-14,1517.91,Transferencia
PAG-000227,FAC-003133,2024-09-22,6871.02,Transferencia
PAG-000228,FAC-001019,2025-08-26,4068.33,Cheque
PAG-000229,FAC-002220,2024-11-18,1854.08,Transferencia
PAG-000230,FAC-001556,2025-11-03,1643.49,Transferencia
PAG-000231,FAC-002082,2026-01-18,1399.08,Transferencia
PAG-000232,FAC-002529,2024-05-04,3752.49,Transferencia
PAG-000233,FAC-000994,2025-03-18,5283.76,Cheque
PAG-000234,FAC-001915,2024-11-12,4777.86,Transferencia
PAG-000235,FAC-001943,2024-10-11,1480.75,Cheque
PAG-000236,FAC-002394,2024-08-22,2402.48,Transferencia
PAG-000237,FAC-003183,2024-11-28,1911.63,Efectivo
PAG-000238,FAC-000635,2025-12-25,8402.16,Efectivo
PAG-000239,FAC-000038,2025-04-12,784.92,Cheque
PAG-000240,FAC-003109,2026-01-12,3584.07,Cheque
PAG-000241,FAC-003109,2026-01-25,2389.38,Cheque
PAG-000242,FAC-002545,2025-10-26,835.30,Transferencia
PAG-000243,FAC-002009,2025-06-03,2825.05,Tarjeta
PAG-000244,FAC-000265,2025-05-06,185.73,Tarjeta
PAG-000245,FAC-002895,2024-05-20,644.25,Transferencia
PAG-000246,FAC-003014,2025-01-25,7257.35,Transferencia
PAG-000247,FAC-002576,2025-08-14,913.68,Tarjeta
PAG-000248,FAC-001610,2024-12-02,1240.05,Transferencia
PAG-000249,FAC-001424,2024-02-22,498.88,Transferencia
PAG-000250,FAC-003143,2025-05-29,3027.60,Transferencia
PAG-000251,FAC-003143,2025-06-14,2018.40,Transferencia
PAG-000252,FAC-001709,2025-06-22,14630.35,Transferencia
PAG-000253,FAC-002730,2024-04-14,311.37,Transferencia
PAG-000254,FAC-002730,2024-05-05,207.58,Transferencia
PAG-000255,FAC-000243,2025-07-02,655.52,Transferencia
PAG-000256,FAC-001122,2024-09-20,907.14,Transferencia
PAG-000257,FAC-000192,2025-06-04,8301.40,Transferencia
PAG-000258,FAC-003475,2024-10-04,11435.55,Efectivo
PAG-000259,FAC-000515,2025-05-26,5104.11,Transferencia
PAG-000260,FAC-001503,2024-10-30,612.09,Cheque
PAG-000261,FAC-000426,2025-05-21,1767.84,Transferencia
PAG-000262,FAC-003396,2024-08-02,1320.83,Transferencia
PAG-000263,FAC-002713,2024-02-23,998.62,Tarjeta
PAG-000264,FAC-000546,2025-02-03,9156.58,Transferencia
PAG-000265,FAC-000822,2026-01-16,993.66,Efectivo
PAG-000266,FAC-001053,2025-06-11,1593.45,Transferencia
PAG-000267,FAC-001189,2025-06-24,2102.64,Transferencia
PAG-000268,FAC-001232,2024-12-16,175.48,Cheque
PAG-000269,FAC-001232,2025-01-03,116.98,Cheque
PAG-000270,FAC-001845,2026-01-27,2003.58,Transferencia
PAG-000271,FAC-003206,2025-03-30,2898.94,Tarjeta
PAG-000272,FAC-001568,2024-04-13,12082.74,Transferencia
PAG-000273,FAC-001690,2025-05-25,415.64,Transferencia
PAG-000274,FAC-003258,2025-06-04,8491.26,Transferencia
PAG-000275,FAC-002665,2024-08-13,11530.74,Transferencia
PAG-000276,FAC-003012,2024-05-02,1155.72,Transferencia
PAG-000277,FAC-003481,2025-06-21,6783.88,Tarjeta
PAG-000278,FAC-002428,2024-10-20,327.68,Transferencia
PAG-000279,FAC-001225,2024-11-09,2034.51,Tarjeta
PAG-000280,FAC-001892,2025-02-11,3476.12,Cheque
PAG-000281,FAC-001140,2024-06-20,3705.75,Transferencia
PAG-000282,FAC-000092,2025-01-21,4256.91,Transferencia
PAG-000283,FAC-002518,2025-10-25,652.80,Transferencia
PAG-000284,FAC-001489,2025-02-10,1454.32,Tarjeta
PAG-000285,FAC-000022,2024-09-11,9882.84,Cheque
PAG-000286,FAC-000644,2024-07-21,1736.52,Tarjeta
PAG-000287,FAC-002539,2024-03-10,7905.96,Cheque
PAG-000288,FAC-002622,2025-12-22,785.84,Tarjeta
PAG-000289,FAC-000373,2025-06-08,8432.48,Tarjeta
PAG-000290,FAC-000362,2024-08-19,486.35,Transferencia
PAG-000291,FAC-003142,2025-01-24,2180.68,Transferencia
PAG-000292,FAC-003222,2025-08-29,550.33,Cheque
PAG-000293,FAC-002532,2025-12-22,7852.44,Transferencia
PAG-000294,FAC-002846,2024-02-28,4718.68,Transferencia
PAG-000295,FAC-000719,2024-03-26,849.02,Transferencia
PAG-000296,FAC-001519,2024-03-16,10356.84,Efectivo
PAG-000297,FAC-000845,2024-12-10,3436.74,Transferencia
PAG-000298,FAC-001712,2025-04-06,4561.11,Cheque
PAG-000299,FAC-001457,2025-09-14,196.81,Tarjeta
PAG-000300,FAC-001457,2025-09-27,131.21,Tarjeta
PAG-000301,FAC-001365,2025-04-26,2222.52,Transferencia
PAG-000302,FAC-000471,2025-10-30,1949.08,Transferencia
PAG-000303,FAC-002008,2024-04-08,6446.76,Cheque
PAG-000304,FAC-000885,2024-10-21,868.95,Cheque
PAG-000305,FAC-001318,2025-04-29,1650.11,Tarjeta
PAG-000306,FAC-001994,2025-07-13,6874.62,Tarjeta
PAG-000307,FAC-001994,2025-08-04,4583.08,Tarjeta
PAG-000308,FAC-001740,2025-08-05,2763.20,Transferencia
PAG-000309,FAC-000069,2025-11-27,3922.44,Cheque
PAG-000310,FAC-002900,2024-01-31,1332.39,Efectivo
PAG-000311,FAC-001656,2024-10-18,10875.00,Transferencia
PAG-000312,FAC-001303,2025-11-26,14870.50,Tarjeta
PAG-000313,FAC-001449,2025-01-28,867.16,Transferencia
PAG-000314,FAC-002003,2025-06-09,2693.82,Transferencia
PAG-000315,FAC-003152,2024-08-29,1624.99,Transferencia
PAG-000316,FAC-000355,2026-01-07,2984.10,Transferencia
PAG-000317,FAC-000355,2026-02-06,1989.40,Transferencia
PAG-000318,FAC-000675,2024-04-13,5065.26,Transferencia
PAG-000319,FAC-001113,2024-06-15,363.40,Transferencia
PAG-000320,FAC-001095,2025-04-23,682.23,Cheque
PAG-000321,FAC-001485,2024-07-06,3197.82,Transferencia
PAG-000322,FAC-003406,2024-05-16,2111.24,Transferencia
PAG-000323,FAC-002902,2024-04-29,5923.26,Tarjeta
PAG-000324,FAC-001926,2024-12-24,856.90,Transferencia
PAG-000325,FAC-002803,2024-06-07,1974.06,Transferencia
PAG-000326,FAC-000706,2025-05-24,1998.36,Transferencia
PAG-000327,FAC-002875,2026-01-30,499.36,Cheque
PAG-000328,FAC-001665,2024-11-13,4731.95,Cheque
PAG-000329,FAC-000580,2025-02-11,1950.12,Transferencia
PAG-000330,FAC-000815,2024-08-29,472.37,Tarjeta
PAG-000331,FAC-001662,2024-10-31,6041.16,Transferencia
PAG-000332,FAC-000497,2024-04-16,2406.56,Transferencia
PAG-000333,FAC-002366,2024-09-06,1388.91,Tarjeta
PAG-000334,FAC-001129,2025-07-20,4685.52,Transferencia
PAG-000335,FAC-000771,2024-07-27,1550.48,Transferencia
PAG-000336,FAC-003044,2024-11-02,11151.21,Cheque
PAG-000337,FAC-000413,2024-04-09,2105.52,Transferencia
PAG-000338,FAC-000363,2026-03-16,188.60,Transferencia
PAG-000339,FAC-002460,2024-05-25,508.16,Tarjeta
PAG-000340,FAC-002460,2024-06-12,338.78,Tarjeta
PAG-000341,FAC-001143,2026-02-06,1754.30,Transferencia
PAG-000342,FAC-001143,2026-03-05,1169.53,Transferencia
PAG-000343,FAC-000152,2025-06-08,5114.16,Transferencia
PAG-000344,FAC-000758,2024-12-14,2044.49,Efectivo
PAG-000345,FAC-001282,2025-11-20,4493.40,Transferencia
PAG-000346,FAC-003061,2025-12-22,1397.10,Tarjeta
PAG-000347,FAC-000279,2024-11-05,522.86,Transferencia
PAG-000348,FAC-000279,2024-11-23,348.58,Transferencia
PAG-000349,FAC-000538,2024-09-03,2533.58,Cheque
PAG-000350,FAC-000316,2024-12-24,11312.90,Transferencia
PAG-000351,FAC-002088,2024-04-16,3983.49,Transferencia
PAG-000352,FAC-001985,2025-04-29,1080.49,Transferencia
PAG-000353,FAC-001985,2025-05-10,720.33,Transferencia
PAG-000354,FAC-001829,2025-10-22,3042.54,Transferencia
PAG-000355,FAC-000720,2025-05-23,1483.16,Cheque
PAG-000356,FAC-000441,2024-07-06,1296.54,Transferencia
PAG-000357,FAC-002904,2025-06-11,660.50,Tarjeta
PAG-000358,FAC-003184,2024-10-09,9858.24,Transferencia
PAG-000359,FAC-002553,2024-04-06,324.27,Cheque
PAG-000360,FAC-000103,2024-07-27,581.95,Transferencia
PAG-000361,FAC-000595,2025-11-29,1307.01,Transferencia
PAG-000362,FAC-001085,2024-12-23,295.96,Transferencia
PAG-000363,FAC-001984,2024-06-10,1669.40,Cheque
PAG-000364,FAC-001482,2024-02-18,571.86,Transferencia
PAG-000365,FAC-003378,2025-05-29,5751.83,Tarjeta
PAG-000366,FAC-000272,2024-04-15,3032.89,Transferencia
PAG-000367,FAC-003279,2024-08-08,2330.25,Transferencia
PAG-000368,FAC-000607,2024-11-18,2513.84,Transferencia
PAG-000369,FAC-003231,2026-01-15,1611.84,Transferencia
PAG-000370,FAC-002287,2024-05-20,506.84,Tarjeta
PAG-000371,FAC-002287,2024-06-15,337.90,Tarjeta
PAG-000372,FAC-002563,2026-03-24,1504.44,Transferencia
PAG-000373,FAC-001267,2024-08-18,1487.82,Transferencia
PAG-000374,FAC-003425,2024-11-29,3263.20,Efectivo
PAG-000375,FAC-000044,2025-03-15,3856.16,Transferencia
PAG-000376,FAC-001263,2025-10-28,1709.71,Transferencia
PAG-000377,FAC-002772,2026-02-21,5470.95,Cheque
PAG-000378,FAC-002089,2024-06-08,675.28,Transferencia
PAG-000379,FAC-002334,2024-05-09,1718.76,Transferencia
PAG-000380,FAC-002200,2025-05-05,4388.60,Cheque
PAG-000381,FAC-002608,2024-06-19,5705.65,Transferencia
PAG-000382,FAC-001895,2024-03-12,1572.76,Tarjeta
PAG-000383,FAC-002914,2024-11-29,2187.20,Transferencia
PAG-000384,FAC-001359,2024-05-13,3366.08,Transferencia
PAG-000385,FAC-000029,2026-01-28,2488.86,Transferencia
PAG-000386,FAC-002599,2024-01-11,358.03,Cheque
PAG-000387,FAC-003420,2025-01-01,2636.16,Transferencia
PAG-000388,FAC-001407,2024-02-04,388.50,Tarjeta
PAG-000389,FAC-000618,2024-01-17,2912.08,Transferencia
PAG-000390,FAC-001581,2025-04-26,798.99,Transferencia
PAG-000391,FAC-000440,2025-04-14,1842.10,Transferencia
PAG-000392,FAC-002861,2024-09-27,18031.32,Efectivo
PAG-000393,FAC-000821,2025-02-21,55.28,Cheque
PAG-000394,FAC-001099,2025-08-16,147.16,Transferencia
PAG-000395,FAC-001715,2024-10-31,10529.70,Transferencia
PAG-000396,FAC-000912,2025-11-16,9766.75,Tarjeta
PAG-000397,FAC-002946,2024-01-30,1292.85,Transferencia
PAG-000398,FAC-003139,2025-11-29,5091.80,Transferencia
PAG-000399,FAC-001859,2024-07-25,2152.08,Transferencia
PAG-000400,FAC-002807,2025-12-08,6827.34,Transferencia
PAG-000401,FAC-003251,2025-04-15,4515.03,Efectivo
PAG-000402,FAC-002372,2024-03-31,549.53,Efectivo
PAG-000403,FAC-000370,2024-09-23,2772.58,Cheque
PAG-000404,FAC-002543,2025-04-08,10536.42,Efectivo
PAG-000405,FAC-001364,2025-11-05,760.20,Cheque
PAG-000406,FAC-002171,2025-03-25,1263.99,Transferencia
PAG-000407,FAC-001601,2024-04-26,144.72,Transferencia
PAG-000408,FAC-000782,2025-01-21,3993.50,Tarjeta
PAG-000409,FAC-000324,2024-08-13,16278.64,Tarjeta
PAG-000410,FAC-001617,2024-11-06,606.30,Tarjeta
PAG-000411,FAC-000581,2024-12-04,4079.68,Transferencia
PAG-000412,FAC-001219,2024-08-03,902.84,Transferencia
PAG-000413,FAC-003252,2025-01-19,653.28,Transferencia
PAG-000414,FAC-003252,2025-02-05,435.52,Transferencia
PAG-000415,FAC-002361,2025-01-27,1305.42,Tarjeta
PAG-000416,FAC-001534,2025-11-26,674.72,Transferencia
PAG-000417,FAC-001337,2025-09-12,194.46,Transferencia
PAG-000418,FAC-000541,2024-05-15,3798.94,Transferencia
PAG-000419,FAC-001908,2025-01-22,3031.56,Cheque
PAG-000420,FAC-000539,2024-11-01,11268.84,Transferencia
PAG-000421,FAC-003290,2025-04-26,9559.56,Transferencia
PAG-000422,FAC-001018,2024-04-16,588.46,Cheque
PAG-000423,FAC-001331,2025-04-20,4629.40,Tarjeta
PAG-000424,FAC-003488,2024-06-13,7184.48,Transferencia
PAG-000425,FAC-001504,2024-05-09,15656.20,Tarjeta
PAG-000426,FAC-000381,2025-04-16,3922.20,Tarjeta
PAG-000427,FAC-001462,2025-02-01,1970.04,Transferencia
PAG-000428,FAC-001595,2024-07-05,593.90,Transferencia
PAG-000429,FAC-001488,2024-03-02,909.80,Efectivo
PAG-000430,FAC-001484,2025-02-07,2044.80,Transferencia
PAG-000431,FAC-002915,2024-05-26,2221.70,Cheque
PAG-000432,FAC-000288,2025-09-09,4106.88,Tarjeta
PAG-000433,FAC-000288,2025-09-22,2737.92,Tarjeta
PAG-000434,FAC-002771,2025-11-19,1373.33,Efectivo
PAG-000435,FAC-002771,2025-12-08,915.55,Efectivo
PAG-000436,FAC-002000,2025-07-06,4643.76,Cheque
PAG-000437,FAC-002779,2024-08-14,15407.15,Transferencia
PAG-000438,FAC-003160,2025-11-26,4669.74,Tarjeta
PAG-000439,FAC-001580,2025-05-29,2520.12,Transferencia
PAG-000440,FAC-003360,2025-08-02,1500.45,Transferencia
PAG-000441,FAC-002465,2024-06-16,2887.35,Transferencia
PAG-000442,FAC-000123,2025-12-22,1812.85,Transferencia
PAG-000443,FAC-003192,2025-01-23,1577.80,Cheque
PAG-000444,FAC-000983,2025-11-18,542.12,Transferencia
PAG-000445,FAC-001739,2025-12-31,1973.00,Transferencia
PAG-000446,FAC-000459,2025-10-05,72.13,Transferencia
PAG-000447,FAC-000459,2025-10-21,48.09,Transferencia
PAG-000448,FAC-000446,2025-10-30,781.70,Transferencia
PAG-000449,FAC-000982,2026-01-31,1802.32,Efectivo
PAG-000450,FAC-000460,2024-07-18,2262.54,Tarjeta
PAG-000451,FAC-001353,2024-08-09,6161.47,Transferencia
PAG-000452,FAC-002153,2025-04-27,251.63,Transferencia
PAG-000453,FAC-003064,2024-07-29,1416.11,Cheque
PAG-000454,FAC-000322,2025-05-06,7893.72,Efectivo
PAG-000455,FAC-003164,2024-12-09,3716.52,Efectivo
PAG-000456,FAC-002996,2024-03-16,4259.40,Tarjeta
PAG-000457,FAC-002849,2025-08-28,2868.24,Cheque
PAG-000458,FAC-001706,2025-04-03,8911.70,Transferencia
PAG-000459,FAC-002735,2025-01-31,856.81,Transferencia
PAG-000460,FAC-003055,2024-05-21,1257.52,Cheque
PAG-000461,FAC-000252,2025-12-14,5452.09,Transferencia
PAG-000462,FAC-001571,2025-07-14,864.40,Transferencia
PAG-000463,FAC-002602,2025-02-22,2985.94,Tarjeta
PAG-000464,FAC-001355,2025-12-03,54.03,Transferencia
PAG-000465,FAC-001184,2024-05-20,951.55,Transferencia
PAG-000466,FAC-002388,2025-02-06,3063.28,Cheque
PAG-000467,FAC-002767,2024-12-19,2510.40,Transferencia
PAG-000468,FAC-001495,2025-06-23,5708.32,Transferencia
PAG-000469,FAC-003070,2025-02-06,7812.00,Transferencia
PAG-000470,FAC-002514,2025-06-11,3747.24,Efectivo
PAG-000471,FAC-001280,2024-10-12,1880.70,Transferencia
PAG-000472,FAC-002565,2025-02-17,8639.82,Cheque
PAG-000473,FAC-001897,2024-06-18,1630.83,Transferencia
PAG-000474,FAC-002516,2025-02-24,297.78,Transferencia
PAG-000475,FAC-001632,2024-04-27,515.07,Tarjeta
PAG-000476,FAC-003255,2024-06-26,2136.00,Transferencia
PAG-000477,FAC-000645,2024-02-27,2819.35,Cheque
PAG-000478,FAC-002426,2025-09-17,3166.08,Transferencia
PAG-000479,FAC-001735,2025-04-25,3254.34,Transferencia
PAG-000480,FAC-000297,2025-12-19,3382.30,Transferencia
PAG-000481,FAC-001335,2025-01-26,2914.78,Transferencia
PAG-000482,FAC-002488,2025-01-21,1157.27,Tarjeta
PAG-000483,FAC-003105,2025-07-03,145.41,Cheque
PAG-000484,FAC-000887,2024-05-08,1036.23,Transferencia
PAG-000485,FAC-000452,2024-10-18,1073.15,Transferencia
PAG-000486,FAC-000970,2024-11-09,2300.85,Tarjeta
PAG-000487,FAC-001636,2025-03-06,2019.62,Transferencia
PAG-000488,FAC-002093,2025-04-20,3678.53,Transferencia
PAG-000489,FAC-002093,2025-05-20,2452.35,Transferencia
PAG-000490,FAC-001197,2024-09-10,1280.04,Transferencia
PAG-000491,FAC-001969,2025-05-03,593.60,Transferencia
PAG-000492,FAC-001969,2025-05-29,395.74,Transferencia
PAG-000493,FAC-001027,2024-05-23,4019.70,Cheque
PAG-000494,FAC-000933,2024-10-14,12331.84,Tarjeta
PAG-000495,FAC-001878,2024-11-07,1146.35,Transferencia
PAG-000496,FAC-003134,2024-07-24,868.98,Tarjeta
PAG-000497,FAC-003123,2024-08-08,1568.58,Transferencia
PAG-000498,FAC-001918,2025-01-19,3038.21,Tarjeta
PAG-000499,FAC-002589,2025-05-08,9971.85,Transferencia
PAG-000500,FAC-000825,2024-10-17,859.39,Transferencia
PAG-000501,FAC-000616,2024-12-14,1481.33,Cheque
PAG-000502,FAC-002957,2025-06-17,2108.40,Transferencia
PAG-000503,FAC-003263,2025-08-19,3157.10,Efectivo
PAG-000504,FAC-002524,2025-03-26,4169.58,Transferencia
PAG-000505,FAC-001201,2025-07-01,722.92,Transferencia
PAG-000506,FAC-000255,2025-10-03,1327.50,Tarjeta
PAG-000507,FAC-000310,2024-03-15,370.26,Tarjeta
PAG-000508,FAC-000310,2024-04-04,246.84,Tarjeta
PAG-000509,FAC-003060,2024-03-15,884.58,Cheque
PAG-000510,FAC-001486,2024-02-19,7982.64,Transferencia
PAG-000511,FAC-003350,2025-11-19,2876.48,Transferencia
PAG-000512,FAC-001501,2024-06-01,409.31,Transferencia
PAG-000513,FAC-002621,2025-08-25,642.47,Transferencia
PAG-000514,FAC-001308,2024-07-04,1018.98,Transferencia
PAG-000515,FAC-001204,2024-11-16,1845.58,Cheque
PAG-000516,FAC-000465,2025-08-08,12121.88,Cheque
PAG-000517,FAC-003080,2024-12-26,1606.80,Transferencia
PAG-000518,FAC-001133,2024-08-13,559.33,Transferencia
PAG-000519,FAC-001820,2025-04-20,2036.56,Transferencia
PAG-000520,FAC-002890,2024-04-11,804.78,Transferencia
PAG-000521,FAC-000003,2024-09-28,2848.94,Transferencia
PAG-000522,FAC-001255,2024-06-21,2434.20,Transferencia
PAG-000523,FAC-000098,2025-01-10,1525.68,Transferencia
PAG-000524,FAC-002689,2024-04-04,216.72,Tarjeta
PAG-000525,FAC-002691,2024-08-15,11583.20,Transferencia
PAG-000526,FAC-001222,2025-01-13,3369.38,Tarjeta
PAG-000527,FAC-001643,2024-12-11,1605.48,Efectivo
PAG-000528,FAC-001298,2024-04-25,5882.70,Transferencia
PAG-000529,FAC-002506,2026-04-08,836.32,Tarjeta
PAG-000530,FAC-000181,2025-08-06,4916.58,Tarjeta
PAG-000531,FAC-002102,2025-08-13,3402.99,Transferencia
PAG-000532,FAC-001696,2025-10-04,1084.90,Tarjeta
PAG-000533,FAC-001165,2026-02-25,2629.87,Tarjeta
PAG-000534,FAC-001165,2026-03-27,1753.25,Tarjeta
PAG-000535,FAC-000054,2024-04-05,1549.24,Transferencia
PAG-000536,FAC-001115,2024-12-14,3806.02,Transferencia
PAG-000537,FAC-001079,2025-05-03,3467.31,Transferencia
PAG-000538,FAC-001714,2025-09-01,3790.15,Transferencia
PAG-000539,FAC-002404,2025-12-11,567.56,Transferencia
PAG-000540,FAC-003185,2024-04-22,6068.09,Tarjeta
PAG-000541,FAC-001547,2025-12-03,2277.78,Transferencia
PAG-000542,FAC-001858,2024-06-29,3596.56,Transferencia
PAG-000543,FAC-000957,2024-07-07,102.17,Transferencia
PAG-000544,FAC-000053,2024-07-04,2518.44,Transferencia
PAG-000545,FAC-001334,2025-11-13,8098.51,Transferencia
PAG-000546,FAC-002199,2026-01-21,5891.68,Transferencia
PAG-000547,FAC-000817,2024-06-10,3030.44,Efectivo
PAG-000548,FAC-003456,2026-02-18,447.38,Transferencia
PAG-000549,FAC-000270,2024-09-19,217.62,Cheque
PAG-000550,FAC-002810,2025-11-22,2706.21,Efectivo
PAG-000551,FAC-002963,2025-10-25,422.64,Transferencia
PAG-000552,FAC-001357,2025-06-14,1311.57,Cheque
PAG-000553,FAC-003127,2025-06-16,3754.45,Transferencia
PAG-000554,FAC-002333,2025-07-21,2173.27,Transferencia
PAG-000555,FAC-002333,2025-08-05,1448.85,Transferencia
PAG-000556,FAC-002486,2025-06-02,1107.86,Transferencia
PAG-000557,FAC-002838,2025-06-02,325.55,Tarjeta
PAG-000558,FAC-000649,2024-02-02,4494.90,Transferencia
PAG-000559,FAC-002035,2025-10-19,1760.52,Transferencia
PAG-000560,FAC-003118,2024-11-16,148.21,Tarjeta
PAG-000561,FAC-000312,2024-02-14,713.67,Transferencia
PAG-000562,FAC-002597,2024-12-15,1662.70,Tarjeta
PAG-000563,FAC-000986,2025-08-20,412.17,Transferencia
PAG-000564,FAC-002555,2024-06-18,3664.23,Efectivo
PAG-000565,FAC-001810,2024-09-03,2361.98,Transferencia
PAG-000566,FAC-001731,2024-05-13,8941.23,Efectivo
PAG-000567,FAC-003305,2024-07-13,4210.90,Tarjeta
PAG-000568,FAC-002255,2025-01-05,194.49,Tarjeta
PAG-000569,FAC-002921,2024-04-04,130.29,Tarjeta
PAG-000570,FAC-000537,2025-02-28,8783.34,Transferencia
PAG-000571,FAC-001338,2024-05-20,1313.52,Transferencia
PAG-000572,FAC-000731,2024-04-12,3555.52,Transferencia
PAG-000573,FAC-000860,2024-06-06,3428.35,Transferencia
PAG-000574,FAC-002975,2024-11-09,3233.64,Transferencia
PAG-000575,FAC-003466,2025-01-06,2622.75,Cheque
PAG-000576,FAC-000325,2024-05-23,948.32,Tarjeta
PAG-000577,FAC-000630,2024-09-29,1553.73,Transferencia
PAG-000578,FAC-000895,2024-10-17,7272.42,Tarjeta
PAG-000579,FAC-001603,2026-01-08,2372.58,Cheque
PAG-000580,FAC-000773,2025-03-23,2421.36,Transferencia
PAG-000581,FAC-001947,2024-11-18,2524.77,Cheque
PAG-000582,FAC-002031,2025-01-22,400.48,Transferencia
PAG-000583,FAC-002490,2025-03-07,132.78,Transferencia
PAG-000584,FAC-000211,2024-09-28,1107.64,Transferencia
PAG-000585,FAC-002260,2025-09-18,13080.27,Transferencia
PAG-000586,FAC-002473,2024-01-24,538.67,Transferencia
PAG-000587,FAC-002473,2024-02-06,359.11,Transferencia
PAG-000588,FAC-001551,2025-09-05,1570.05,Efectivo
PAG-000589,FAC-002664,2025-02-16,500.37,Transferencia
PAG-000590,FAC-002550,2025-06-18,512.62,Transferencia
PAG-000591,FAC-002550,2025-07-05,341.74,Transferencia
PAG-000592,FAC-001755,2025-02-02,1759.72,Transferencia
PAG-000593,FAC-001891,2025-08-27,2586.66,Transferencia
PAG-000594,FAC-002195,2025-11-22,114.82,Transferencia
PAG-000595,FAC-002195,2025-12-22,76.54,Transferencia
PAG-000596,FAC-000873,2024-10-27,368.73,Transferencia
PAG-000597,FAC-002661,2025-04-13,4915.44,Transferencia
PAG-000598,FAC-001466,2024-01-20,8023.26,Efectivo
PAG-000599,FAC-001945,2025-06-01,4394.52,Transferencia
PAG-000600,FAC-000661,2025-10-16,13907.46,Transferencia
PAG-000601,FAC-000655,2024-12-20,4571.08,Tarjeta
PAG-000602,FAC-003331,2025-08-08,1118.10,Transferencia
PAG-000603,FAC-003013,2024-10-25,763.92,Transferencia
PAG-000604,FAC-002344,2025-05-12,514.83,Efectivo
PAG-000605,FAC-001442,2024-08-07,646.45,Tarjeta
PAG-000606,FAC-000578,2024-12-25,1339.48,Transferencia
PAG-000607,FAC-002408,2024-08-31,13178.62,Cheque
PAG-000608,FAC-000875,2025-10-26,629.01,Transferencia
PAG-000609,FAC-002884,2025-04-30,5744.60,Cheque
PAG-000610,FAC-003091,2025-05-11,3058.14,Transferencia
PAG-000611,FAC-001668,2024-10-21,1473.88,Transferencia
PAG-000612,FAC-001668,2024-11-07,982.58,Transferencia
PAG-000613,FAC-002112,2024-04-22,2004.75,Transferencia
PAG-000614,FAC-001870,2025-03-02,5996.16,Efectivo
PAG-000615,FAC-001946,2025-12-29,202.34,Transferencia
PAG-000616,FAC-001368,2025-08-21,174.19,Transferencia
PAG-000617,FAC-001368,2025-09-15,116.12,Transferencia
PAG-000618,FAC-001958,2024-08-30,449.86,Transferencia
PAG-000619,FAC-001177,2025-10-12,4411.70,Efectivo
PAG-000620,FAC-001109,2024-06-06,2772.25,Tarjeta
PAG-000621,FAC-001775,2025-06-11,386.19,Transferencia
PAG-000622,FAC-000995,2025-05-04,436.91,Tarjeta
PAG-000623,FAC-000225,2024-05-29,1389.19,Transferencia
PAG-000624,FAC-003478,2024-07-08,3401.10,Transferencia
PAG-000625,FAC-002215,2024-11-15,1746.35,Transferencia
PAG-000626,FAC-001979,2025-03-15,11512.62,Tarjeta
PAG-000627,FAC-001312,2024-03-18,3268.50,Transferencia
PAG-000628,FAC-003307,2025-03-11,2728.40,Transferencia
PAG-000629,FAC-000082,2024-08-14,497.28,Transferencia
PAG-000630,FAC-002126,2025-02-21,1062.25,Transferencia
PAG-000631,FAC-002308,2024-11-07,6167.91,Transferencia
PAG-000632,FAC-002882,2025-03-14,604.78,Transferencia
PAG-000633,FAC-002592,2024-03-18,9852.08,Transferencia
PAG-000634,FAC-001478,2025-04-09,2583.03,Transferencia
PAG-000635,FAC-001478,2025-05-01,1722.02,Transferencia
PAG-000636,FAC-001843,2024-08-03,415.62,Transferencia
PAG-000637,FAC-001215,2024-04-22,5586.57,Transferencia
PAG-000638,FAC-001977,2025-10-27,419.64,Transferencia
PAG-000639,FAC-002940,2024-05-08,393.50,Transferencia
PAG-000640,FAC-001861,2024-03-16,245.48,Transferencia
PAG-000641,FAC-003337,2025-03-01,3976.28,Tarjeta
PAG-000642,FAC-000729,2024-09-06,3690.41,Transferencia
PAG-000643,FAC-000729,2024-09-21,2460.28,Transferencia
PAG-000644,FAC-000778,2025-01-17,4173.70,Cheque
PAG-000645,FAC-000483,2024-12-03,89.76,Transferencia
PAG-000646,FAC-001815,2025-06-13,11952.90,Transferencia
PAG-000647,FAC-003387,2024-04-08,1951.26,Transferencia
PAG-000648,FAC-002700,2024-12-21,5299.28,Tarjeta
PAG-000649,FAC-000963,2025-03-10,9396.36,Transferencia
PAG-000650,FAC-003049,2025-11-20,1300.32,Transferencia
PAG-000651,FAC-000058,2024-04-18,314.33,Transferencia
PAG-000652,FAC-002507,2025-08-15,521.46,Cheque
PAG-000653,FAC-000521,2024-07-03,1544.73,Transferencia
PAG-000654,FAC-000521,2024-07-31,1029.82,Transferencia
PAG-000655,FAC-000665,2025-09-25,1377.17,Transferencia
PAG-000656,FAC-001717,2025-04-25,563.55,Transferencia
PAG-000657,FAC-001784,2024-10-20,3932.30,Transferencia
PAG-000658,FAC-003078,2025-03-24,6193.80,Transferencia
PAG-000659,FAC-001865,2024-07-07,692.17,Transferencia
PAG-000660,FAC-000600,2024-02-02,1827.98,Transferencia
PAG-000661,FAC-003426,2024-09-09,420.96,Transferencia
PAG-000662,FAC-001212,2025-01-20,10720.45,Transferencia
PAG-000663,FAC-003057,2025-10-19,1686.84,Transferencia
PAG-000664,FAC-001161,2024-04-19,855.79,Efectivo
PAG-000665,FAC-003227,2025-07-28,2563.14,Transferencia
PAG-000666,FAC-003457,2024-12-10,5871.66,Transferencia
PAG-000667,FAC-002359,2025-08-11,2005.50,Transferencia
PAG-000668,FAC-003076,2024-08-03,3056.82,Tarjeta
PAG-000669,FAC-003439,2025-07-02,971.52,Transferencia
PAG-000670,FAC-001393,2024-03-20,1568.56,Transferencia
PAG-000671,FAC-002931,2025-04-07,4393.15,Cheque
PAG-000672,FAC-000671,2024-10-29,5981.99,Transferencia
PAG-000673,FAC-002457,2024-06-17,782.00,Tarjeta
PAG-000674,FAC-003196,2026-03-18,1636.12,Tarjeta
PAG-000675,FAC-001097,2025-07-23,8675.52,Transferencia
PAG-000676,FAC-001698,2025-07-17,214.81,Transferencia
PAG-000677,FAC-003486,2026-01-19,974.32,Transferencia
PAG-000678,FAC-002288,2025-12-15,108.24,Cheque
PAG-000679,FAC-003210,2024-03-02,483.98,Transferencia
PAG-000680,FAC-003210,2024-03-13,322.66,Transferencia
PAG-000681,FAC-002522,2025-03-03,3243.74,Tarjeta
PAG-000682,FAC-002522,2025-03-16,2162.50,Tarjeta
PAG-000683,FAC-003187,2024-01-24,4536.07,Cheque
PAG-000684,FAC-001260,2025-10-03,213.71,Transferencia
PAG-000685,FAC-001260,2025-10-21,142.48,Transferencia
PAG-000686,FAC-001974,2025-11-06,787.80,Transferencia
PAG-000687,FAC-000061,2024-03-26,819.90,Transferencia
PAG-000688,FAC-001520,2025-03-14,968.16,Transferencia
PAG-000689,FAC-003308,2025-01-30,9197.90,Efectivo
PAG-000690,FAC-001373,2025-06-21,4697.31,Tarjeta
PAG-000691,FAC-000798,2024-08-24,7201.75,Transferencia
PAG-000692,FAC-000703,2026-01-23,1973.20,Transferencia
PAG-000693,FAC-003016,2025-12-02,5669.25,Transferencia
PAG-000694,FAC-001445,2025-01-26,1627.70,Cheque
PAG-000695,FAC-002351,2025-09-03,1309.38,Transferencia
PAG-000696,FAC-000828,2025-07-02,1091.97,Transferencia
PAG-000697,FAC-001101,2025-11-24,1843.38,Tarjeta
PAG-000698,FAC-002694,2024-02-10,1056.60,Efectivo
PAG-000699,FAC-002694,2024-03-05,704.40,Efectivo
PAG-000700,FAC-001993,2025-11-21,332.69,Cheque
PAG-000701,FAC-001675,2024-11-17,313.38,Transferencia
PAG-000702,FAC-002500,2024-02-16,4142.60,Transferencia
PAG-000703,FAC-002765,2024-05-24,713.65,Tarjeta
PAG-000704,FAC-002139,2024-12-04,926.79,Transferencia
PAG-000705,FAC-001011,2024-10-05,158.25,Efectivo
PAG-000706,FAC-000219,2024-07-29,3160.06,Cheque
PAG-000707,FAC-002818,2025-03-21,3094.81,Transferencia
PAG-000708,FAC-002818,2025-04-16,2063.21,Transferencia
PAG-000709,FAC-002879,2025-02-16,51.93,Transferencia
PAG-000710,FAC-001317,2024-11-04,344.55,Efectivo
PAG-000711,FAC-001528,2024-10-30,869.28,Transferencia
PAG-000712,FAC-001468,2024-09-17,5299.35,Transferencia
PAG-000713,FAC-002157,2024-08-15,3444.81,Transferencia
PAG-000714,FAC-002157,2024-08-31,2296.54,Transferencia
PAG-000715,FAC-000783,2024-12-21,5831.76,Efectivo
PAG-000716,FAC-000358,2024-07-31,1123.70,Tarjeta
PAG-000717,FAC-000276,2025-03-09,1635.15,Transferencia
PAG-000718,FAC-000946,2025-03-25,3468.08,Transferencia
PAG-000719,FAC-001033,2024-04-23,3681.72,Tarjeta
PAG-000720,FAC-000788,2024-03-24,9725.80,Transferencia
PAG-000721,FAC-001596,2025-01-31,6160.14,Transferencia
PAG-000722,FAC-002291,2024-11-18,1043.46,Cheque
PAG-000723,FAC-001953,2025-08-25,3666.44,Transferencia
PAG-000724,FAC-001786,2024-03-04,544.53,Transferencia
PAG-000725,FAC-001620,2024-05-22,8116.71,Tarjeta
PAG-000726,FAC-000214,2025-08-06,3924.68,Transferencia
PAG-000727,FAC-002813,2025-01-02,2064.08,Transferencia
PAG-000728,FAC-000002,2024-11-30,567.62,Tarjeta
PAG-000729,FAC-002234,2025-03-03,2464.12,Transferencia
PAG-000730,FAC-000591,2024-07-19,2362.22,Transferencia
PAG-000731,FAC-002253,2025-03-21,1348.12,Tarjeta
PAG-000732,FAC-001627,2024-06-23,11279.66,Tarjeta
PAG-000733,FAC-003438,2024-12-04,2920.55,Tarjeta
PAG-000734,FAC-003321,2024-12-11,630.56,Cheque
PAG-000735,FAC-002116,2025-07-17,4467.04,Cheque
PAG-000736,FAC-003046,2024-06-06,1916.85,Cheque
PAG-000737,FAC-002262,2024-05-20,2007.36,Cheque
PAG-000738,FAC-002060,2024-09-29,3953.73,Transferencia
PAG-000739,FAC-002282,2025-10-29,2225.30,Cheque
PAG-000740,FAC-000819,2025-11-22,1573.88,Transferencia
PAG-000741,FAC-002017,2024-06-01,2991.93,Transferencia
PAG-000742,FAC-003309,2025-08-27,2109.17,Transferencia
PAG-000743,FAC-002526,2024-11-03,3371.90,Transferencia
PAG-000744,FAC-000489,2025-11-06,57.57,Transferencia
PAG-000745,FAC-001227,2024-10-14,10206.00,Tarjeta
PAG-000746,FAC-001156,2024-09-23,849.12,Transferencia
PAG-000747,FAC-002582,2026-02-01,1879.08,Transferencia
PAG-000748,FAC-002881,2024-06-24,14530.46,Transferencia
PAG-000749,FAC-001029,2025-11-02,2164.96,Transferencia
PAG-000750,FAC-001073,2024-11-17,3383.88,Cheque
PAG-000751,FAC-000674,2024-02-22,2949.72,Transferencia
PAG-000752,FAC-000888,2024-06-28,4211.64,Cheque
PAG-000753,FAC-002786,2024-06-08,276.70,Cheque
PAG-000754,FAC-002548,2024-04-30,12240.78,Cheque
PAG-000755,FAC-002223,2024-10-16,1815.74,Cheque
PAG-000756,FAC-002502,2025-03-17,2090.68,Tarjeta
PAG-000757,FAC-000796,2024-10-19,1620.15,Transferencia
PAG-000758,FAC-002170,2024-03-11,192.81,Tarjeta
PAG-000759,FAC-003086,2025-10-28,14207.30,Transferencia
PAG-000760,FAC-003090,2025-07-05,3490.69,Efectivo
PAG-000761,FAC-001796,2026-01-26,2406.16,Transferencia
PAG-000762,FAC-001868,2025-10-07,1238.07,Transferencia
PAG-000763,FAC-000344,2026-02-03,8529.78,Tarjeta
PAG-000764,FAC-000990,2026-01-15,530.74,Tarjeta
PAG-000765,FAC-000901,2025-03-15,1300.47,Transferencia
PAG-000766,FAC-001526,2025-04-06,1949.64,Efectivo
PAG-000767,FAC-002144,2024-09-06,11057.52,Transferencia
PAG-000768,FAC-002600,2025-01-22,3523.94,Transferencia
PAG-000769,FAC-001920,2025-03-03,3536.18,Tarjeta
PAG-000770,FAC-001014,2024-06-04,3167.04,Transferencia
PAG-000771,FAC-002159,2025-03-04,7013.16,Transferencia
PAG-000772,FAC-001253,2024-03-12,235.90,Tarjeta
PAG-000773,FAC-001747,2025-10-12,340.05,Transferencia
PAG-000774,FAC-000015,2024-04-23,2286.88,Tarjeta
PAG-000775,FAC-002718,2025-02-08,1465.22,Cheque
PAG-000776,FAC-000416,2025-06-12,11327.47,Tarjeta
PAG-000777,FAC-001516,2025-11-24,1432.08,Transferencia
PAG-000778,FAC-003289,2025-08-25,6131.44,Transferencia
PAG-000779,FAC-002338,2025-03-06,3452.61,Cheque
PAG-000780,FAC-002521,2024-05-22,2470.95,Transferencia
PAG-000781,FAC-002521,2024-06-20,1647.30,Transferencia
PAG-000782,FAC-002277,2025-01-23,749.88,Transferencia
PAG-000783,FAC-003348,2024-12-27,1910.38,Tarjeta
PAG-000784,FAC-002703,2025-12-08,3896.43,Transferencia
PAG-000785,FAC-001607,2025-07-28,2425.05,Transferencia
PAG-000786,FAC-003101,2024-11-23,525.88,Transferencia
PAG-000787,FAC-002294,2024-09-27,1272.48,Transferencia
PAG-000788,FAC-000495,2025-10-09,442.38,Cheque
PAG-000789,FAC-002402,2024-04-05,1392.36,Transferencia
PAG-000790,FAC-000333,2025-01-19,1648.85,Transferencia
PAG-000791,FAC-000613,2025-01-31,7237.15,Transferencia
PAG-000792,FAC-003362,2025-02-06,2847.17,Transferencia
PAG-000793,FAC-000083,2024-03-31,548.52,Transferencia
PAG-000794,FAC-001453,2024-03-05,2620.20,Transferencia
PAG-000795,FAC-003377,2024-06-11,4789.64,Transferencia
PAG-000796,FAC-000733,2024-02-20,5818.74,Transferencia
PAG-000797,FAC-002745,2025-09-02,414.86,Cheque
PAG-000798,FAC-002745,2025-09-29,276.58,Cheque
PAG-000799,FAC-002949,2024-06-13,3320.10,Tarjeta
PAG-000800,FAC-000094,2024-02-18,8791.51,Transferencia
PAG-000801,FAC-000561,2024-03-26,4468.98,Transferencia
PAG-000802,FAC-002066,2025-02-14,2331.52,Transferencia
PAG-000803,FAC-002538,2024-02-06,2051.78,Efectivo
PAG-000804,FAC-002538,2024-03-05,1367.86,Efectivo
PAG-000805,FAC-002420,2026-01-20,382.80,Transferencia
PAG-000806,FAC-003099,2024-04-30,1087.72,Transferencia
PAG-000807,FAC-002190,2025-03-24,3147.56,Transferencia
PAG-000808,FAC-000480,2024-12-12,1596.81,Transferencia
PAG-000809,FAC-000278,2025-02-27,1024.50,Cheque
PAG-000810,FAC-001653,2024-08-26,4631.15,Transferencia
PAG-000811,FAC-001758,2025-09-06,3294.00,Transferencia
PAG-000812,FAC-000922,2025-06-14,1615.74,Transferencia
PAG-000813,FAC-001358,2025-10-17,1296.35,Transferencia
PAG-000814,FAC-000962,2025-11-26,1216.04,Cheque
PAG-000815,FAC-000281,2025-11-21,6285.76,Transferencia
PAG-000816,FAC-002322,2024-08-16,3325.04,Cheque
PAG-000817,FAC-003365,2025-08-10,4165.50,Transferencia
PAG-000818,FAC-001086,2026-03-13,2496.00,Tarjeta
PAG-000819,FAC-001138,2025-09-07,606.23,Transferencia
PAG-000820,FAC-001278,2025-10-07,2301.92,Transferencia
PAG-000821,FAC-000653,2025-12-10,1848.92,Transferencia
PAG-000822,FAC-000653,2025-12-22,1232.62,Transferencia
PAG-000823,FAC-000071,2025-12-07,542.17,Tarjeta
PAG-000824,FAC-000855,2025-10-11,277.68,Tarjeta
PAG-000825,FAC-001131,2025-11-06,1583.34,Transferencia
PAG-000826,FAC-000926,2024-11-12,4033.52,Transferencia
PAG-000827,FAC-002785,2025-09-02,660.85,Transferencia
PAG-000828,FAC-003162,2025-04-21,435.78,Transferencia
PAG-000829,FAC-001570,2024-07-06,2622.36,Transferencia
PAG-000830,FAC-002828,2024-10-08,5684.35,Transferencia
PAG-000831,FAC-002824,2026-01-20,267.25,Transferencia
PAG-000832,FAC-000632,2025-03-01,1035.83,Tarjeta
PAG-000833,FAC-000869,2024-03-03,4423.20,Transferencia
PAG-000834,FAC-003409,2025-01-24,8685.42,Cheque
PAG-000835,FAC-002290,2024-09-06,1623.96,Tarjeta
PAG-000836,FAC-001126,2025-07-22,759.30,Transferencia
PAG-000837,FAC-003191,2025-08-26,1362.29,Cheque
PAG-000838,FAC-000870,2025-05-11,2358.06,Transferencia
PAG-000839,FAC-003347,2025-07-21,378.06,Tarjeta
PAG-000840,FAC-003376,2026-02-09,8757.56,Transferencia
PAG-000841,FAC-003250,2025-04-22,2850.41,Transferencia
PAG-000842,FAC-003250,2025-05-07,1900.27,Transferencia
PAG-000843,FAC-002030,2024-10-17,2982.40,Transferencia
PAG-000844,FAC-002477,2024-03-25,4502.16,Cheque
PAG-000845,FAC-000399,2024-11-15,5952.68,Cheque
PAG-000846,FAC-001777,2025-07-14,8742.21,Cheque
PAG-000847,FAC-000056,2026-01-08,3553.96,Transferencia
PAG-000848,FAC-002655,2024-08-14,1909.43,Tarjeta
PAG-000849,FAC-003010,2024-05-16,619.41,Tarjeta
PAG-000850,FAC-001903,2025-08-06,3540.80,Tarjeta
PAG-000851,FAC-002797,2024-07-05,3433.25,Transferencia
PAG-000852,FAC-000150,2025-12-11,2179.04,Transferencia
PAG-000853,FAC-003246,2024-05-21,3530.32,Transferencia
PAG-000854,FAC-003075,2025-04-28,928.32,Transferencia
PAG-000855,FAC-002211,2025-11-16,2806.48,Cheque
PAG-000856,FAC-000065,2024-07-01,942.72,Cheque
PAG-000857,FAC-002459,2024-06-27,882.75,Cheque
PAG-000858,FAC-002459,2024-07-26,588.50,Cheque
PAG-000859,FAC-002988,2024-07-30,1595.76,Efectivo
PAG-000860,FAC-002432,2025-08-28,2206.03,Transferencia
PAG-000861,FAC-000502,2025-08-07,1186.88,Transferencia
PAG-000862,FAC-001533,2025-03-16,7810.04,Transferencia
PAG-000863,FAC-000698,2024-04-02,152.56,Transferencia
PAG-000864,FAC-003096,2025-04-20,256.02,Cheque
PAG-000865,FAC-000779,2026-01-02,2808.36,Tarjeta
PAG-000866,FAC-000779,2026-01-27,1872.24,Tarjeta
PAG-000867,FAC-002480,2026-01-05,229.92,Transferencia
PAG-000868,FAC-000415,2024-07-29,9529.50,Transferencia
PAG-000869,FAC-002741,2024-03-29,2648.31,Transferencia
PAG-000870,FAC-001054,2024-04-03,4970.79,Transferencia
PAG-000871,FAC-000881,2024-11-04,2708.18,Transferencia
PAG-000872,FAC-000264,2025-10-15,7768.44,Efectivo
PAG-000873,FAC-001196,2024-04-28,3920.04,Transferencia
PAG-000874,FAC-000422,2025-07-16,2528.40,Transferencia
PAG-000875,FAC-000622,2025-08-13,1681.47,Cheque
PAG-000876,FAC-001968,2025-07-23,4772.67,Transferencia
PAG-000877,FAC-000501,2025-06-25,5337.00,Transferencia
PAG-000878,FAC-003238,2024-11-25,594.43,Efectivo
PAG-000879,FAC-002368,2024-05-10,2109.99,Tarjeta
PAG-000880,FAC-002523,2024-10-21,191.19,Tarjeta
PAG-000881,FAC-000461,2024-06-01,1647.26,Transferencia
PAG-000882,FAC-002027,2024-06-28,3328.16,Efectivo
PAG-000883,FAC-001811,2024-11-18,414.04,Tarjeta
PAG-000884,FAC-002073,2024-08-06,9350.60,Tarjeta
PAG-000885,FAC-001142,2026-01-30,118.65,Cheque
PAG-000886,FAC-000323,2025-12-21,2267.95,Tarjeta
PAG-000887,FAC-000323,2026-01-08,1511.96,Tarjeta
PAG-000888,FAC-002492,2025-02-07,1163.08,Tarjeta
PAG-000889,FAC-000238,2024-05-12,1075.35,Transferencia
PAG-000890,FAC-000577,2025-06-03,742.42,Transferencia
PAG-000891,FAC-002792,2025-03-20,916.77,Transferencia
PAG-000892,FAC-001642,2025-08-11,5988.99,Transferencia
PAG-000893,FAC-001619,2026-01-18,5485.86,Transferencia
PAG-000894,FAC-000593,2024-05-25,1355.67,Transferencia
PAG-000895,FAC-002094,2024-11-25,1749.15,Cheque
PAG-000896,FAC-003473,2024-06-24,297.65,Transferencia
PAG-000897,FAC-002692,2025-08-12,4360.15,Transferencia
PAG-000898,FAC-002752,2025-04-19,3743.90,Transferencia
PAG-000899,FAC-001773,2025-03-17,116.90,Transferencia
PAG-000900,FAC-001502,2024-08-21,6258.21,Transferencia
PAG-000901,FAC-003140,2025-02-07,1472.94,Transferencia
PAG-000902,FAC-002688,2025-03-27,2563.38,Transferencia
PAG-000903,FAC-000160,2024-04-09,2630.26,Transferencia
PAG-000904,FAC-000160,2024-04-30,1753.50,Transferencia
PAG-000905,FAC-002834,2025-05-12,2377.56,Cheque
PAG-000906,FAC-002800,2025-08-05,10324.09,Tarjeta
PAG-000907,FAC-000173,2025-11-09,4110.87,Transferencia
PAG-000908,FAC-000365,2025-02-21,5780.52,Transferencia
PAG-000909,FAC-003354,2025-01-25,3313.62,Tarjeta
PAG-000910,FAC-002933,2024-09-11,11445.77,Tarjeta
PAG-000911,FAC-000451,2024-06-24,645.06,Transferencia
PAG-000912,FAC-002971,2024-10-08,6701.27,Transferencia
PAG-000913,FAC-002971,2024-10-20,4467.51,Transferencia
PAG-000914,FAC-000259,2024-05-29,2158.18,Transferencia
PAG-000915,FAC-001123,2024-04-14,5783.65,Transferencia
PAG-000916,FAC-001206,2025-03-18,1037.67,Transferencia
PAG-000917,FAC-001940,2025-07-01,2293.78,Transferencia
PAG-000918,FAC-002151,2024-12-04,1193.92,Transferencia
PAG-000919,FAC-000201,2024-12-04,18023.70,Transferencia
PAG-000920,FAC-002912,2024-05-20,382.35,Transferencia
PAG-000921,FAC-002446,2024-08-10,3747.06,Transferencia
PAG-000922,FAC-001702,2024-04-01,1793.40,Cheque
PAG-000923,FAC-002517,2025-11-01,1672.27,Transferencia
PAG-000924,FAC-001301,2024-09-26,2593.89,Transferencia
PAG-000925,FAC-000748,2025-02-15,10877.51,Transferencia
PAG-000926,FAC-002268,2024-06-16,1515.35,Transferencia
PAG-000927,FAC-001634,2024-12-27,1164.56,Transferencia
PAG-000928,FAC-001687,2024-08-14,2039.31,Transferencia
PAG-000929,FAC-000848,2024-12-27,8990.05,Cheque
PAG-000930,FAC-001203,2025-01-18,1242.84,Transferencia
PAG-000931,FAC-003211,2025-06-27,2769.98,Transferencia
PAG-000932,FAC-003211,2025-07-15,1846.66,Transferencia
PAG-000933,FAC-002436,2024-05-31,8717.34,Efectivo
PAG-000934,FAC-001970,2024-02-28,965.10,Transferencia
PAG-000935,FAC-001972,2024-05-27,3075.40,Transferencia
PAG-000936,FAC-001954,2024-07-27,1451.24,Transferencia
PAG-000937,FAC-001455,2024-08-08,1191.77,Tarjeta
PAG-000938,FAC-002484,2024-10-03,1693.86,Transferencia
PAG-000939,FAC-003197,2024-10-27,1712.46,Transferencia
PAG-000940,FAC-001199,2025-05-08,2949.00,Transferencia
PAG-000941,FAC-001251,2025-11-18,2806.64,Cheque
PAG-000942,FAC-003179,2024-07-04,297.60,Transferencia
PAG-000943,FAC-003112,2025-02-02,6396.40,Transferencia
PAG-000944,FAC-003041,2025-11-20,2107.20,Transferencia
PAG-000945,FAC-000816,2025-09-03,3692.08,Transferencia
PAG-000946,FAC-000999,2024-08-21,589.44,Transferencia
PAG-000947,FAC-001104,2025-06-09,5210.03,Transferencia
PAG-000948,FAC-003153,2025-07-12,2629.26,Transferencia
PAG-000949,FAC-001518,2025-04-22,505.92,Transferencia
PAG-000950,FAC-000527,2025-11-30,2553.72,Tarjeta
PAG-000951,FAC-002663,2024-02-07,2103.02,Transferencia
PAG-000952,FAC-001952,2024-09-01,2576.88,Tarjeta
PAG-000953,FAC-000348,2025-05-18,4139.58,Transferencia
PAG-000954,FAC-000353,2024-06-06,5089.28,Transferencia
PAG-000955,FAC-002853,2024-09-21,944.68,Cheque
PAG-000956,FAC-001292,2024-05-29,215.68,Transferencia
PAG-000957,FAC-001701,2024-12-08,2610.00,Transferencia
PAG-000958,FAC-000473,2025-10-27,13869.90,Tarjeta
PAG-000959,FAC-000162,2025-01-19,21206.78,Transferencia
PAG-000960,FAC-001514,2024-03-30,843.69,Transferencia
PAG-000961,FAC-002265,2024-11-19,1658.01,Transferencia
PAG-000962,FAC-003330,2025-10-01,1130.55,Transferencia
PAG-000963,FAC-002755,2024-12-08,2063.67,Tarjeta
PAG-000964,FAC-001361,2025-08-19,416.68,Transferencia
PAG-000965,FAC-002401,2025-10-05,387.31,Tarjeta
PAG-000966,FAC-003043,2025-02-03,1967.05,Transferencia
PAG-000967,FAC-001911,2025-01-03,1152.15,Tarjeta
PAG-000968,FAC-000590,2025-04-25,1215.54,Tarjeta
PAG-000969,FAC-001847,2025-06-02,55.83,Transferencia
PAG-000970,FAC-001699,2024-08-26,1831.88,Transferencia
PAG-000971,FAC-002966,2025-06-29,3054.87,Transferencia
PAG-000972,FAC-002649,2024-06-08,2205.96,Transferencia
PAG-000973,FAC-001483,2025-11-28,845.58,Transferencia
PAG-000974,FAC-002429,2025-01-26,11382.00,Transferencia
PAG-000975,FAC-002542,2025-03-08,1759.88,Transferencia
PAG-000976,FAC-001589,2024-10-01,15219.82,Cheque
PAG-000977,FAC-002270,2025-10-17,4892.34,Efectivo
PAG-000978,FAC-000818,2025-07-02,6177.45,Transferencia
PAG-000979,FAC-003176,2025-05-20,4578.54,Transferencia
PAG-000980,FAC-001188,2024-12-17,1494.55,Cheque
PAG-000981,FAC-001052,2025-01-14,337.32,Tarjeta
PAG-000982,FAC-000366,2024-02-20,4500.18,Tarjeta
PAG-000983,FAC-002679,2025-11-26,4570.10,Transferencia
PAG-000984,FAC-000768,2024-05-06,865.18,Transferencia
PAG-000985,FAC-000285,2024-04-03,8428.60,Transferencia
PAG-000986,FAC-002909,2025-12-21,1701.15,Tarjeta
PAG-000987,FAC-002939,2024-02-08,6308.96,Transferencia
PAG-000988,FAC-002455,2025-06-03,8558.48,Transferencia
PAG-000989,FAC-000227,2024-03-01,5728.68,Transferencia
PAG-000990,FAC-000681,2024-04-13,36.39,Transferencia
PAG-000991,FAC-002213,2024-02-23,5369.70,Tarjeta
PAG-000992,FAC-003444,2026-04-22,3781.68,Transferencia
PAG-000993,FAC-000743,2024-08-14,365.69,Transferencia
PAG-000994,FAC-000743,2024-09-10,243.79,Transferencia
PAG-000995,FAC-001833,2025-12-20,885.50,Transferencia
PAG-000996,FAC-000183,2024-08-16,2524.39,Cheque
PAG-000997,FAC-001941,2024-08-31,11438.49,Transferencia
PAG-000998,FAC-002146,2024-08-14,1642.28,Efectivo
PAG-000999,FAC-002989,2024-04-28,16138.43,Transferencia
PAG-001000,FAC-000075,2024-03-25,1272.48,Transferencia
PAG-001001,FAC-003329,2024-03-08,2045.12,Transferencia
PAG-001002,FAC-002962,2025-01-04,11478.68,Transferencia
PAG-001003,FAC-000011,2025-12-05,14304.66,Transferencia
PAG-001004,FAC-002614,2024-03-05,6313.95,Transferencia
PAG-001005,FAC-003407,2025-09-30,421.57,Cheque
PAG-001006,FAC-000809,2025-01-02,1719.99,Tarjeta
PAG-001007,FAC-000220,2024-12-18,2120.73,Tarjeta
PAG-001008,FAC-000403,2025-03-30,869.52,Cheque
PAG-001009,FAC-001871,2024-06-10,1097.94,Tarjeta
PAG-001010,FAC-001787,2025-04-10,992.19,Tarjeta
PAG-001011,FAC-000942,2025-06-22,17827.92,Tarjeta
PAG-001012,FAC-001557,2025-06-13,1561.77,Cheque
PAG-001013,FAC-001684,2024-09-30,2844.00,Tarjeta
PAG-001014,FAC-000076,2025-04-03,400.75,Transferencia
PAG-001015,FAC-003136,2025-05-23,2285.58,Tarjeta
PAG-001016,FAC-001864,2024-03-09,1145.70,Cheque
PAG-001017,FAC-002360,2024-06-24,72.07,Tarjeta
PAG-001018,FAC-002751,2025-07-18,2080.15,Tarjeta
PAG-001019,FAC-001352,2024-05-07,162.16,Transferencia
PAG-001020,FAC-000784,2025-08-23,7772.22,Transferencia
PAG-001021,FAC-001051,2024-02-28,1794.88,Transferencia
PAG-001022,FAC-000969,2026-02-07,136.12,Transferencia
PAG-001023,FAC-002676,2024-06-20,2009.57,Transferencia
PAG-001024,FAC-002676,2024-06-30,1339.72,Transferencia
PAG-001025,FAC-001191,2025-04-09,1634.06,Transferencia
PAG-001026,FAC-002293,2025-03-21,382.41,Transferencia
PAG-001027,FAC-003464,2025-02-03,54.30,Transferencia
PAG-001028,FAC-000614,2024-07-11,6033.40,Transferencia
PAG-001029,FAC-001171,2025-08-17,3298.50,Transferencia
PAG-001030,FAC-000273,2025-02-05,9167.94,Transferencia
PAG-001031,FAC-001751,2025-05-17,922.48,Transferencia
PAG-001032,FAC-001377,2025-09-19,852.56,Transferencia
PAG-001033,FAC-003062,2025-08-28,3141.38,Transferencia
PAG-001034,FAC-000725,2025-11-24,2734.26,Transferencia
PAG-001035,FAC-001360,2025-06-19,6058.50,Transferencia
PAG-001036,FAC-001720,2025-01-20,2599.35,Cheque
PAG-001037,FAC-000230,2024-04-05,5061.40,Transferencia
PAG-001038,FAC-003442,2024-12-12,7046.82,Transferencia
PAG-001039,FAC-002646,2025-10-21,5662.75,Transferencia
PAG-001040,FAC-001150,2024-03-26,3045.35,Transferencia
PAG-001041,FAC-000345,2024-02-01,2226.40,Tarjeta
PAG-001042,FAC-003065,2026-02-07,763.03,Tarjeta
PAG-001043,FAC-001256,2024-08-29,2112.00,Transferencia
PAG-001044,FAC-003081,2026-02-01,495.80,Transferencia
PAG-001045,FAC-001630,2025-07-08,4300.62,Transferencia
PAG-001046,FAC-000924,2025-09-29,2279.40,Tarjeta
PAG-001047,FAC-001055,2025-08-31,437.75,Tarjeta
PAG-001048,FAC-000155,2025-12-17,2922.85,Transferencia
PAG-001049,FAC-002063,2024-03-12,1403.76,Tarjeta
PAG-001050,FAC-000488,2025-03-29,6128.66,Cheque
PAG-001051,FAC-000575,2025-02-25,717.04,Transferencia
PAG-001052,FAC-000756,2024-04-07,8408.88,Tarjeta
PAG-001053,FAC-001103,2025-03-15,12518.87,Tarjeta
PAG-001054,FAC-002272,2024-10-28,1610.40,Transferencia
PAG-001055,FAC-001621,2024-04-24,7563.88,Transferencia
PAG-001056,FAC-001173,2025-12-03,5475.89,Transferencia
PAG-001057,FAC-002164,2024-07-05,9633.30,Transferencia
PAG-001058,FAC-002497,2025-08-17,1224.31,Transferencia
PAG-001059,FAC-002497,2025-09-11,816.21,Transferencia
PAG-001060,FAC-002263,2025-08-11,2469.06,Cheque
PAG-001061,FAC-001036,2024-12-25,2556.75,Tarjeta
PAG-001062,FAC-002091,2024-04-15,1016.12,Tarjeta
PAG-001063,FAC-003441,2024-04-19,2030.72,Transferencia
PAG-001064,FAC-000543,2025-05-09,6023.92,Transferencia
PAG-001065,FAC-002926,2024-07-03,6670.27,Tarjeta
PAG-001066,FAC-000036,2024-07-03,4429.98,Transferencia
PAG-001067,FAC-000429,2024-08-30,2146.13,Transferencia
PAG-001068,FAC-000102,2025-10-18,3236.16,Transferencia
PAG-001069,FAC-001576,2025-01-29,347.58,Transferencia
PAG-001070,FAC-002857,2024-07-05,5131.32,Tarjeta
PAG-001071,FAC-001598,2025-03-31,1062.90,Transferencia
PAG-001072,FAC-001598,2025-04-14,708.60,Transferencia
PAG-001073,FAC-000410,2024-10-02,2093.64,Transferencia
PAG-001074,FAC-002964,2025-09-14,5073.08,Transferencia
PAG-001075,FAC-000879,2024-08-27,12080.65,Transferencia
PAG-001076,FAC-000126,2026-01-17,4152.63,Cheque
PAG-001077,FAC-000567,2024-10-25,3090.56,Transferencia
PAG-001078,FAC-001988,2024-09-20,4507.80,Transferencia
PAG-001079,FAC-002770,2024-05-17,2088.60,Tarjeta
PAG-001080,FAC-003358,2024-10-26,104.29,Tarjeta
PAG-001081,FAC-002072,2025-05-24,2050.48,Cheque
PAG-001082,FAC-002158,2025-12-21,817.50,Cheque
PAG-001083,FAC-003243,2024-02-27,110.28,Transferencia
PAG-001084,FAC-001132,2025-12-07,6625.92,Transferencia
PAG-001085,FAC-000805,2025-06-14,1235.30,Transferencia
PAG-001086,FAC-000750,2025-04-25,8531.88,Cheque
PAG-001087,FAC-003436,2025-04-24,715.44,Transferencia
PAG-001088,FAC-002041,2024-04-24,272.70,Transferencia
PAG-001089,FAC-003479,2024-09-27,10617.46,Tarjeta
PAG-001090,FAC-002289,2025-08-08,250.38,Cheque
PAG-001091,FAC-002289,2025-09-03,166.92,Cheque
PAG-001092,FAC-001220,2024-06-18,4433.58,Tarjeta
PAG-001093,FAC-002411,2024-07-13,297.33,Transferencia
PAG-001094,FAC-002316,2024-11-15,361.72,Transferencia
PAG-001095,FAC-003181,2024-08-13,2283.96,Cheque
PAG-001096,FAC-002637,2025-01-20,1514.32,Transferencia
PAG-001097,FAC-002637,2025-02-14,1009.55,Transferencia
PAG-001098,FAC-000194,2025-03-31,5090.52,Transferencia
PAG-001099,FAC-002917,2024-03-03,73.43,Transferencia
PAG-001100,FAC-003403,2025-07-06,1349.52,Tarjeta
PAG-001101,FAC-002736,2024-05-14,505.60,Tarjeta
PAG-001102,FAC-002039,2024-01-13,1317.80,Transferencia
PAG-001103,FAC-001091,2024-02-11,822.94,Tarjeta
PAG-001104,FAC-001091,2024-02-29,548.63,Tarjeta
PAG-001105,FAC-000383,2025-10-09,14125.02,Transferencia
PAG-001106,FAC-001723,2025-11-17,1569.85,Transferencia
PAG-001107,FAC-001002,2024-03-02,15215.64,Transferencia
PAG-001108,FAC-001912,2025-05-30,646.74,Transferencia
PAG-001109,FAC-003493,2024-05-14,225.05,Transferencia
PAG-001110,FAC-000972,2024-09-23,3196.50,Transferencia
PAG-001111,FAC-003298,2024-11-23,2085.60,Tarjeta
PAG-001112,FAC-001637,2024-07-08,2836.70,Transferencia
PAG-001113,FAC-003268,2024-03-22,2011.08,Transferencia
PAG-001114,FAC-001584,2024-03-18,2501.22,Transferencia
PAG-001115,FAC-001363,2024-10-12,6356.91,Tarjeta
PAG-001116,FAC-001673,2026-01-20,1536.48,Transferencia
PAG-001117,FAC-000766,2024-08-28,5331.06,Efectivo
PAG-001118,FAC-000766,2024-09-09,3554.04,Efectivo
PAG-001119,FAC-002444,2024-03-22,846.85,Transferencia
PAG-001120,FAC-002168,2025-10-07,2087.20,Transferencia
PAG-001121,FAC-001183,2024-10-11,1241.28,Transferencia
PAG-001122,FAC-000717,2024-09-25,13909.91,Transferencia
PAG-001123,FAC-001490,2024-04-04,5086.56,Transferencia
PAG-001124,FAC-003113,2024-11-17,2792.82,Transferencia
PAG-001125,FAC-000242,2025-02-16,60.61,Transferencia
PAG-001126,FAC-003495,2025-03-27,9911.16,Transferencia
PAG-001127,FAC-002739,2024-10-30,2881.76,Transferencia
PAG-001128,FAC-000068,2025-11-03,1517.76,Cheque
PAG-001129,FAC-001286,2024-11-02,1186.30,Cheque
PAG-001130,FAC-001525,2024-09-30,888.85,Transferencia
PAG-001131,FAC-001525,2024-10-18,592.56,Transferencia
PAG-001132,FAC-003038,2025-07-29,1844.40,Transferencia
PAG-001133,FAC-000335,2025-03-09,1409.93,Transferencia
PAG-001134,FAC-001048,2025-07-31,8735.72,Transferencia
PAG-001135,FAC-000149,2024-07-17,2314.78,Transferencia
PAG-001136,FAC-003201,2025-05-01,561.56,Cheque
PAG-001137,FAC-002185,2025-10-24,3944.50,Cheque
PAG-001138,FAC-001558,2025-11-25,4528.30,Cheque
PAG-001139,FAC-002064,2025-07-30,3156.00,Efectivo
PAG-001140,FAC-000198,2025-01-20,2975.94,Transferencia
PAG-001141,FAC-001270,2025-04-03,675.99,Transferencia
PAG-001142,FAC-002998,2024-06-30,1908.50,Transferencia
PAG-001143,FAC-002328,2026-01-30,1767.35,Transferencia
PAG-001144,FAC-000188,2025-06-12,10478.65,Tarjeta
PAG-001145,FAC-002358,2025-04-25,3965.79,Transferencia
PAG-001146,FAC-000314,2024-08-09,6364.40,Transferencia
PAG-001147,FAC-000484,2025-07-04,3733.63,Efectivo
PAG-001148,FAC-000484,2025-07-27,2489.09,Efectivo
PAG-001149,FAC-002702,2025-09-17,1483.36,Transferencia
PAG-001150,FAC-003287,2025-04-27,1153.98,Efectivo
PAG-001151,FAC-001059,2025-02-04,214.92,Transferencia
PAG-001152,FAC-002920,2025-02-12,1965.25,Cheque
PAG-001153,FAC-002920,2025-03-03,1310.17,Cheque
PAG-001154,FAC-001746,2025-01-28,165.81,Transferencia
PAG-001155,FAC-002562,2025-05-02,1420.76,Transferencia
PAG-001156,FAC-001819,2025-04-15,297.22,Cheque
PAG-001157,FAC-001545,2025-04-14,186.79,Transferencia
PAG-001158,FAC-001545,2025-05-01,124.53,Transferencia
PAG-001159,FAC-002118,2024-12-14,5675.88,Transferencia
PAG-001160,FAC-000647,2024-07-06,12672.17,Tarjeta
PAG-001161,FAC-001408,2024-03-24,1069.84,Tarjeta
PAG-001162,FAC-001473,2024-06-26,6894.51,Tarjeta
PAG-001163,FAC-000992,2024-09-03,709.11,Cheque
PAG-001164,FAC-002850,2024-08-18,1761.96,Transferencia
PAG-001165,FAC-002491,2024-06-18,9856.42,Transferencia
PAG-001166,FAC-001480,2024-09-23,1739.92,Transferencia
PAG-001167,FAC-001207,2025-05-11,487.28,Transferencia
PAG-001168,FAC-003389,2025-09-30,1937.97,Transferencia
PAG-001169,FAC-001216,2025-03-13,6149.64,Transferencia
PAG-001170,FAC-000566,2024-05-29,200.79,Transferencia
PAG-001171,FAC-002205,2024-07-10,142.88,Transferencia
PAG-001172,FAC-001515,2025-11-11,6535.65,Transferencia
PAG-001173,FAC-000747,2026-01-01,1005.48,Cheque
PAG-001174,FAC-000229,2025-11-23,7469.56,Tarjeta
PAG-001175,FAC-002595,2024-10-06,5062.32,Cheque
PAG-001176,FAC-000232,2024-06-18,7826.16,Tarjeta
PAG-001177,FAC-000927,2025-05-14,4801.68,Transferencia
PAG-001178,FAC-001618,2024-07-10,3042.48,Efectivo
PAG-001179,FAC-000221,2025-09-24,16290.05,Transferencia
PAG-001180,FAC-000531,2025-11-28,14817.40,Tarjeta
PAG-001181,FAC-000009,2025-03-28,6859.66,Efectivo
PAG-001182,FAC-002634,2024-07-19,2063.48,Transferencia
PAG-001183,FAC-003302,2025-04-30,911.94,Transferencia
PAG-001184,FAC-001783,2024-07-24,566.40,Efectivo
PAG-001185,FAC-002769,2025-07-14,11526.48,Cheque
PAG-001186,FAC-002613,2025-09-20,962.10,Tarjeta
PAG-001187,FAC-001394,2025-03-07,7913.01,Cheque
PAG-001188,FAC-001682,2025-05-17,9195.36,Cheque
PAG-001189,FAC-001567,2025-06-06,4306.60,Transferencia
PAG-001190,FAC-002138,2025-01-01,4552.17,Cheque
PAG-001191,FAC-003498,2025-07-11,4193.82,Cheque
PAG-001192,FAC-001679,2025-08-16,3947.01,Cheque
PAG-001193,FAC-001671,2025-03-02,1211.38,Transferencia
PAG-001194,FAC-001671,2025-03-19,807.58,Transferencia
PAG-001195,FAC-001629,2026-02-03,2224.40,Cheque
PAG-001196,FAC-002398,2025-05-31,314.85,Cheque
PAG-001197,FAC-000222,2025-11-12,860.54,Cheque
PAG-001198,FAC-002419,2024-04-01,4218.10,Transferencia
PAG-001199,FAC-000559,2024-05-06,5416.32,Cheque
PAG-001200,FAC-001779,2025-01-21,3486.63,Transferencia
PAG-001201,FAC-001860,2025-12-01,894.55,Transferencia
PAG-001202,FAC-002847,2025-05-27,2579.04,Transferencia
PAG-001203,FAC-000808,2025-05-19,444.30,Transferencia
PAG-001204,FAC-002284,2024-08-13,1406.25,Transferencia
PAG-001205,FAC-001039,2025-12-16,429.96,Transferencia
PAG-001206,FAC-001028,2024-06-25,482.07,Cheque
PAG-001207,FAC-002105,2024-11-06,1499.80,Transferencia
PAG-001208,FAC-002479,2026-01-18,370.67,Tarjeta
PAG-001209,FAC-000738,2024-01-30,892.68,Transferencia
PAG-001210,FAC-002954,2025-11-10,3505.68,Tarjeta
PAG-001211,FAC-000463,2025-03-15,4266.15,Transferencia
PAG-001212,FAC-000564,2024-04-20,646.02,Transferencia
PAG-001213,FAC-001405,2024-10-07,1720.32,Cheque
PAG-001214,FAC-001467,2025-01-23,3130.82,Cheque
PAG-001215,FAC-002624,2025-12-03,1167.95,Transferencia
PAG-001216,FAC-003281,2025-06-30,7850.94,Transferencia
PAG-001217,FAC-000532,2025-11-19,2987.40,Transferencia
PAG-001218,FAC-002609,2025-02-01,1715.89,Transferencia
PAG-001219,FAC-002468,2026-01-05,2537.94,Transferencia
PAG-001220,FAC-001082,2025-05-20,2533.74,Cheque
PAG-001221,FAC-000663,2024-03-19,5902.32,Transferencia
PAG-001222,FAC-000915,2024-03-30,467.56,Transferencia
PAG-001223,FAC-000482,2024-03-17,1385.60,Transferencia
PAG-001224,FAC-001350,2024-10-08,214.62,Transferencia
PAG-001225,FAC-003375,2025-06-07,1882.16,Tarjeta
PAG-001226,FAC-000880,2025-06-04,7798.44,Tarjeta
PAG-001227,FAC-000436,2024-08-18,2569.90,Transferencia
PAG-001228,FAC-001290,2025-12-31,1364.04,Transferencia
PAG-001229,FAC-001141,2024-08-06,1942.20,Cheque
PAG-001230,FAC-001063,2024-09-08,2207.01,Transferencia
PAG-001231,FAC-003095,2025-07-17,4017.90,Transferencia
PAG-001232,FAC-001951,2024-04-28,4008.00,Transferencia
PAG-001233,FAC-003119,2025-05-06,3591.40,Transferencia
PAG-001234,FAC-002304,2024-08-15,999.67,Tarjeta
PAG-001235,FAC-000678,2024-08-20,504.04,Cheque
PAG-001236,FAC-000832,2024-05-16,1637.84,Transferencia
PAG-001237,FAC-003051,2025-10-12,1497.88,Transferencia
PAG-001238,FAC-003408,2024-12-14,8248.08,Transferencia
PAG-001239,FAC-000610,2024-01-28,873.66,Transferencia
PAG-001240,FAC-001382,2024-03-08,9608.94,Tarjeta
PAG-001241,FAC-002619,2025-05-20,1743.32,Transferencia
PAG-001242,FAC-002746,2024-09-21,649.20,Tarjeta
PAG-001243,FAC-002489,2026-02-25,4891.36,Transferencia
PAG-001244,FAC-003035,2024-03-17,722.98,Transferencia
PAG-001245,FAC-000617,2025-12-31,239.42,Transferencia
PAG-001246,FAC-002086,2024-05-09,2714.82,Transferencia
PAG-001247,FAC-001875,2025-09-12,5139.40,Transferencia
PAG-001248,FAC-000251,2025-09-11,205.76,Tarjeta
PAG-001249,FAC-002762,2024-08-21,3791.95,Efectivo
PAG-001250,FAC-003157,2024-07-04,12612.81,Transferencia
PAG-001251,FAC-002671,2025-04-20,1948.40,Transferencia
PAG-001252,FAC-003048,2025-07-18,817.84,Transferencia
PAG-001253,FAC-000695,2024-06-20,744.00,Transferencia
PAG-001254,FAC-000810,2024-01-23,1756.00,Cheque
PAG-001255,FAC-001973,2026-02-24,1211.10,Transferencia
PAG-001256,FAC-001976,2024-07-06,1194.43,Cheque
PAG-001257,FAC-001655,2025-05-17,1246.16,Transferencia
PAG-001258,FAC-003223,2025-04-07,1950.68,Efectivo
PAG-001259,FAC-003338,2024-02-07,1032.87,Transferencia
PAG-001260,FAC-000629,2025-04-01,1375.52,Transferencia
PAG-001261,FAC-002955,2025-10-08,3339.00,Cheque
PAG-001262,FAC-001305,2025-04-10,2892.64,Transferencia
PAG-001263,FAC-001305,2025-05-07,1928.42,Transferencia
PAG-001264,FAC-003021,2025-10-24,824.74,Transferencia
PAG-001265,FAC-002137,2024-12-05,1701.27,Transferencia
PAG-001266,FAC-001734,2025-10-20,3890.14,Transferencia
PAG-001267,FAC-001734,2025-11-18,2593.43,Transferencia
PAG-001268,FAC-000947,2025-08-30,4044.60,Transferencia
PAG-001269,FAC-002173,2024-10-04,619.11,Transferencia
PAG-001270,FAC-002639,2024-09-21,334.81,Transferencia
PAG-001271,FAC-000427,2025-05-11,650.89,Transferencia
PAG-001272,FAC-003154,2024-07-01,2131.48,Cheque
PAG-001273,FAC-000223,2025-12-24,12354.93,Tarjeta
PAG-001274,FAC-000633,2024-07-28,534.91,Tarjeta
PAG-001275,FAC-000857,2025-04-23,1212.42,Cheque
PAG-001276,FAC-000708,2025-02-27,7088.76,Efectivo
PAG-001277,FAC-002140,2024-11-21,2732.16,Transferencia
PAG-001278,FAC-002947,2025-02-17,796.34,Transferencia
PAG-001279,FAC-001193,2024-01-14,9592.16,Tarjeta
PAG-001280,FAC-002461,2025-04-21,703.30,Tarjeta
PAG-001281,FAC-000401,2025-05-23,1268.61,Efectivo
PAG-001282,FAC-000401,2025-06-18,845.74,Efectivo
PAG-001283,FAC-000772,2025-04-17,3288.84,Transferencia
PAG-001284,FAC-000240,2025-07-14,2686.45,Cheque
PAG-001285,FAC-000560,2025-01-08,2119.70,Tarjeta
PAG-001286,FAC-000199,2025-08-23,7506.48,Transferencia
PAG-001287,FAC-003182,2024-05-06,1199.01,Transferencia
PAG-001288,FAC-001448,2024-04-30,207.66,Efectivo
PAG-001289,FAC-003058,2024-01-24,3265.20,Tarjeta
PAG-001290,FAC-002878,2024-04-13,109.98,Efectivo
PAG-001291,FAC-002699,2026-02-26,1810.76,Cheque
PAG-001292,FAC-002981,2025-04-26,765.87,Transferencia
PAG-001293,FAC-001479,2024-05-18,109.30,Cheque
PAG-001294,FAC-000292,2025-03-01,4724.70,Transferencia
PAG-001295,FAC-002125,2025-04-25,5887.50,Transferencia
PAG-001296,FAC-000106,2025-03-25,877.83,Tarjeta
PAG-001297,FAC-002645,2024-03-26,2450.19,Transferencia
PAG-001298,FAC-000117,2025-07-31,4939.86,Transferencia
PAG-001299,FAC-002865,2025-06-03,956.74,Cheque
PAG-001300,FAC-002556,2026-02-04,1993.39,Transferencia
PAG-001301,FAC-002651,2024-05-11,6686.19,Cheque
PAG-001302,FAC-000101,2025-09-29,6034.68,Tarjeta
PAG-001303,FAC-000693,2025-12-13,1026.84,Transferencia
PAG-001304,FAC-002714,2025-10-28,7971.84,Transferencia
PAG-001305,FAC-000820,2025-09-03,112.58,Tarjeta
PAG-001306,FAC-000522,2025-05-25,2549.40,Transferencia
PAG-001307,FAC-000298,2024-12-21,1810.35,Tarjeta
PAG-001308,FAC-002519,2025-07-07,1648.52,Transferencia
PAG-001309,FAC-000592,2026-01-29,6595.12,Tarjeta
PAG-001310,FAC-001259,2024-09-01,2785.68,Transferencia
PAG-001311,FAC-000154,2024-07-27,7922.20,Transferencia
PAG-001312,FAC-001106,2024-10-03,1266.10,Transferencia
PAG-001313,FAC-002891,2025-07-03,804.70,Transferencia
PAG-001314,FAC-001785,2025-11-15,1466.28,Transferencia
PAG-001315,FAC-000356,2024-09-18,1788.50,Efectivo
PAG-001316,FAC-001090,2024-02-17,2164.47,Transferencia
PAG-001317,FAC-002193,2024-12-01,897.96,Transferencia
PAG-001318,FAC-002099,2025-11-28,1759.91,Transferencia
PAG-001319,FAC-001877,2024-03-03,329.04,Transferencia
PAG-001320,FAC-000697,2025-08-06,2296.82,Efectivo
PAG-001321,FAC-001493,2025-08-16,3550.76,Transferencia
PAG-001322,FAC-003440,2025-10-06,1274.01,Transferencia
PAG-001323,FAC-001238,2024-05-14,640.23,Cheque
PAG-001324,FAC-002036,2025-11-25,11433.42,Cheque
PAG-001325,FAC-000542,2025-08-15,1591.20,Transferencia
PAG-001326,FAC-002081,2025-03-19,156.96,Transferencia
PAG-001327,FAC-000714,2024-01-22,1492.05,Transferencia
PAG-001328,FAC-003240,2024-05-22,6281.88,Transferencia
PAG-001329,FAC-001728,2025-07-20,6679.02,Cheque
PAG-001330,FAC-002067,2025-12-27,717.20,Efectivo
PAG-001331,FAC-001512,2025-09-22,3404.71,Tarjeta
PAG-001332,FAC-002377,2024-03-10,5442.48,Efectivo
PAG-001333,FAC-003228,2024-09-30,1815.80,Transferencia
PAG-001334,FAC-000411,2025-01-11,3701.75,Transferencia
PAG-001335,FAC-001613,2025-10-28,4879.88,Transferencia
PAG-001336,FAC-000757,2024-09-04,2750.16,Tarjeta
PAG-001337,FAC-002863,2024-04-05,3663.52,Transferencia
PAG-001338,FAC-001540,2024-03-29,244.82,Transferencia
PAG-001339,FAC-001569,2024-11-03,1732.35,Transferencia
PAG-001340,FAC-003339,2025-12-02,12208.30,Cheque
PAG-001341,FAC-003415,2026-01-02,1130.94,Efectivo
PAG-001342,FAC-002528,2024-07-01,2062.16,Tarjeta
PAG-001343,FAC-003103,2025-08-18,10549.84,Transferencia
PAG-001344,FAC-001409,2025-12-23,857.10,Transferencia
PAG-001345,FAC-000688,2024-12-19,3274.53,Transferencia
PAG-001346,FAC-002443,2024-10-19,1978.56,Cheque
PAG-001347,FAC-002760,2024-07-17,1658.57,Tarjeta
PAG-001348,FAC-001324,2024-05-08,9718.45,Tarjeta
PAG-001349,FAC-000136,2024-08-24,2596.62,Tarjeta
PAG-001350,FAC-000626,2024-11-03,3655.36,Transferencia
PAG-001351,FAC-001246,2025-12-01,292.53,Cheque
PAG-001352,FAC-003259,2025-01-04,1160.11,Transferencia
PAG-001353,FAC-000190,2025-04-21,3233.95,Cheque
PAG-001354,FAC-000190,2025-05-09,2155.97,Cheque
PAG-001355,FAC-000043,2025-04-14,2663.12,Cheque
PAG-001356,FAC-002346,2026-02-10,531.23,Transferencia
PAG-001357,FAC-003412,2024-09-25,1948.52,Transferencia
PAG-001358,FAC-001328,2025-02-20,2887.08,Transferencia
PAG-001359,FAC-003072,2026-01-09,1309.65,Tarjeta
PAG-001360,FAC-000662,2025-03-02,779.13,Transferencia
PAG-001361,FAC-003280,2025-08-26,2078.96,Tarjeta
PAG-001362,FAC-002188,2024-04-26,11523.89,Transferencia
PAG-001363,FAC-003030,2024-10-09,467.40,Cheque
PAG-001364,FAC-001459,2024-08-29,7458.12,Transferencia
PAG-001365,FAC-000711,2024-09-08,3845.04,Tarjeta
PAG-001366,FAC-002697,2025-04-05,275.40,Transferencia
PAG-001367,FAC-001695,2024-03-06,788.26,Tarjeta
PAG-001368,FAC-000269,2024-05-04,1626.31,Transferencia
PAG-001369,FAC-003368,2025-10-29,8349.65,Transferencia
PAG-001370,FAC-002376,2025-06-28,404.08,Transferencia
PAG-001371,FAC-003469,2024-06-26,2534.84,Transferencia
PAG-001372,FAC-000787,2024-09-15,497.30,Transferencia
PAG-001373,FAC-001375,2025-03-05,277.32,Transferencia
PAG-001374,FAC-003288,2024-05-24,3269.18,Transferencia
PAG-001375,FAC-002520,2025-05-04,5595.70,Transferencia
PAG-001376,FAC-002180,2024-05-13,1026.86,Transferencia
PAG-001377,FAC-000569,2025-07-24,4823.43,Cheque
PAG-001378,FAC-003166,2025-08-23,1281.03,Transferencia
PAG-001379,FAC-001842,2025-04-01,1776.69,Transferencia
PAG-001380,FAC-002021,2025-01-29,8105.58,Transferencia
PAG-001381,FAC-000179,2025-03-11,5872.56,Transferencia
PAG-001382,FAC-003073,2024-07-18,4523.12,Transferencia
PAG-001383,FAC-003318,2025-05-24,8392.51,Transferencia
PAG-001384,FAC-000200,2024-10-24,1319.43,Transferencia
PAG-001385,FAC-002938,2024-11-05,109.12,Cheque
PAG-001386,FAC-001997,2025-09-05,9066.30,Transferencia
PAG-001387,FAC-002575,2024-10-12,1689.58,Transferencia
PAG-001388,FAC-002659,2024-03-30,1293.69,Transferencia
PAG-001389,FAC-003494,2024-05-22,1796.10,Transferencia
PAG-001390,FAC-003390,2025-06-12,5094.74,Transferencia
PAG-001391,FAC-003414,2025-10-17,2833.18,Transferencia
PAG-001392,FAC-000943,2024-04-18,450.93,Transferencia
PAG-001393,FAC-002051,2025-07-20,1310.44,Transferencia
PAG-001394,FAC-002051,2025-07-30,873.63,Transferencia
PAG-001395,FAC-002034,2025-02-23,480.80,Transferencia
PAG-001396,FAC-001506,2024-04-02,3674.62,Transferencia
PAG-001397,FAC-001070,2024-09-11,884.97,Cheque
PAG-001398,FAC-000341,2024-12-15,882.76,Transferencia
PAG-001399,FAC-002716,2025-10-14,9947.16,Transferencia
PAG-001400,FAC-001986,2025-02-28,1197.50,Transferencia
PAG-001401,FAC-000467,2025-07-21,499.83,Transferencia
PAG-001402,FAC-000797,2024-03-31,2330.79,Tarjeta
PAG-001403,FAC-000852,2024-08-03,3715.28,Transferencia
PAG-001404,FAC-000833,2024-12-08,5448.39,Efectivo
PAG-001405,FAC-003108,2024-08-21,1726.16,Transferencia
PAG-001406,FAC-000479,2025-04-21,428.28,Transferencia
PAG-001407,FAC-001498,2025-04-02,11553.57,Transferencia
PAG-001408,FAC-002748,2024-04-30,1473.96,Transferencia
PAG-001409,FAC-001575,2024-06-10,1384.57,Tarjeta
PAG-001410,FAC-000034,2024-01-24,1739.80,Transferencia
PAG-001411,FAC-001460,2025-05-13,2368.63,Cheque
PAG-001412,FAC-001460,2025-06-05,1579.09,Cheque
PAG-001413,FAC-001346,2025-03-25,3850.56,Transferencia
PAG-001414,FAC-001295,2025-02-22,7399.32,Transferencia
PAG-001415,FAC-001678,2025-06-30,2430.95,Cheque
PAG-001416,FAC-003159,2025-05-11,829.41,Transferencia
PAG-001417,FAC-001992,2026-01-21,3018.68,Transferencia
PAG-001418,FAC-002948,2026-01-24,5797.40,Transferencia
PAG-001419,FAC-000941,2025-06-02,4889.64,Efectivo
PAG-001420,FAC-001669,2026-01-01,1183.43,Transferencia
PAG-001421,FAC-001669,2026-01-22,788.96,Transferencia
PAG-001422,FAC-000625,2026-01-04,208.53,Tarjeta
PAG-001423,FAC-001913,2025-10-23,12138.65,Cheque
PAG-001424,FAC-003009,2025-09-15,1831.83,Tarjeta
PAG-001425,FAC-002720,2025-12-20,882.95,Cheque
PAG-001426,FAC-002874,2025-09-01,827.86,Cheque
PAG-001427,FAC-003335,2026-01-13,2597.32,Cheque
PAG-001428,FAC-000934,2026-04-10,2713.06,Tarjeta
PAG-001429,FAC-001130,2025-04-22,848.24,Transferencia
PAG-001430,FAC-002774,2024-03-15,3698.52,Transferencia
PAG-001431,FAC-001439,2025-12-30,5189.38,Transferencia
PAG-001432,FAC-000867,2025-04-09,1700.40,Cheque
PAG-001433,FAC-000274,2025-03-13,15159.41,Transferencia
PAG-001434,FAC-000026,2024-11-14,1472.04,Efectivo
PAG-001435,FAC-003175,2024-09-30,4762.17,Cheque
PAG-001436,FAC-001275,2025-01-30,298.22,Cheque
PAG-001437,FAC-000204,2024-11-15,6221.10,Transferencia
PAG-001438,FAC-000754,2026-01-09,6822.68,Efectivo
PAG-001439,FAC-001651,2024-03-10,481.08,Transferencia
PAG-001440,FAC-003395,2025-12-30,2647.40,Transferencia
PAG-001441,FAC-000859,2024-08-20,442.09,Transferencia
PAG-001442,FAC-003266,2024-09-05,2268.00,Tarjeta
PAG-001443,FAC-002207,2025-05-14,5919.08,Cheque
PAG-001444,FAC-001252,2025-11-16,3474.64,Transferencia
PAG-001445,FAC-003316,2024-09-03,52.08,Transferencia
PAG-001446,FAC-001881,2024-08-14,2487.05,Transferencia
PAG-001447,FAC-001905,2025-01-31,969.84,Transferencia
PAG-001448,FAC-001905,2025-02-16,646.56,Transferencia
PAG-001449,FAC-001080,2025-03-13,6314.28,Transferencia
PAG-001450,FAC-001050,2025-08-16,476.14,Transferencia
PAG-001451,FAC-001564,2024-03-27,204.05,Transferencia
PAG-001452,FAC-000640,2025-06-09,6021.05,Transferencia
PAG-001453,FAC-003015,2025-03-09,299.50,Tarjeta
PAG-001454,FAC-003286,2024-04-17,10101.49,Transferencia
PAG-001455,FAC-000921,2024-08-06,2291.66,Tarjeta
PAG-001456,FAC-001561,2025-01-11,4339.10,Transferencia
PAG-001457,FAC-000974,2025-01-30,759.16,Transferencia
PAG-001458,FAC-000966,2025-12-23,2597.35,Transferencia
PAG-001459,FAC-003388,2024-04-17,2718.00,Transferencia
PAG-001460,FAC-003217,2025-04-01,3616.08,Transferencia
PAG-001461,FAC-003026,2024-10-22,10153.10,Transferencia
PAG-001462,FAC-002058,2025-07-22,3003.88,Transferencia
PAG-001463,FAC-000122,2025-10-07,5005.70,Transferencia
PAG-001464,FAC-000713,2024-06-28,15366.50,Transferencia
PAG-001465,FAC-000174,2024-06-22,2569.50,Efectivo
PAG-001466,FAC-002307,2025-06-02,646.88,Transferencia
PAG-001467,FAC-001549,2025-06-03,541.92,Transferencia
PAG-001468,FAC-001759,2025-10-27,3802.50,Transferencia
PAG-001469,FAC-002839,2024-09-13,858.15,Transferencia
PAG-001470,FAC-003172,2024-07-15,373.17,Transferencia
PAG-001471,FAC-001062,2026-01-13,1401.39,Tarjeta
PAG-001472,FAC-000450,2024-05-03,10631.18,Cheque
PAG-001473,FAC-000939,2024-03-15,2181.30,Cheque
PAG-001474,FAC-000997,2025-02-27,4149.18,Cheque
PAG-001475,FAC-002568,2025-09-28,1266.15,Transferencia
PAG-001476,FAC-001236,2025-11-22,1781.74,Efectivo
PAG-001477,FAC-000716,2025-08-27,285.06,Transferencia
PAG-001478,FAC-002541,2025-03-18,3316.72,Transferencia
PAG-001479,FAC-000060,2025-08-27,2721.88,Cheque
PAG-001480,FAC-002362,2024-03-04,3471.40,Cheque
PAG-001481,FAC-001730,2025-04-15,5192.34,Tarjeta
PAG-001482,FAC-001741,2025-02-02,441.30,Transferencia
PAG-001483,FAC-002469,2025-09-26,2240.90,Transferencia
PAG-001484,FAC-003008,2025-12-05,6187.36,Transferencia
PAG-001485,FAC-000764,2025-05-08,4970.64,Efectivo
PAG-001486,FAC-000340,2024-08-24,1351.59,Cheque
PAG-001487,FAC-001223,2024-11-21,340.36,Transferencia
PAG-001488,FAC-002107,2024-11-02,3625.12,Tarjeta
PAG-001489,FAC-002424,2025-09-11,1325.58,Tarjeta
PAG-001490,FAC-000964,2025-08-26,1707.00,Cheque
PAG-001491,FAC-003002,2024-05-17,8530.50,Transferencia
PAG-001492,FAC-000337,2025-09-03,12855.22,Transferencia
PAG-001493,FAC-002695,2024-07-18,464.53,Transferencia
PAG-001494,FAC-002695,2024-08-15,309.69,Transferencia
PAG-001495,FAC-002952,2025-01-23,2165.88,Efectivo
PAG-001496,FAC-003104,2024-11-20,1641.57,Tarjeta
PAG-001497,FAC-002953,2024-03-09,2167.56,Efectivo
PAG-001498,FAC-002708,2025-12-15,5559.26,Transferencia
PAG-001499,FAC-003294,2025-04-19,2642.70,Transferencia
PAG-001500,FAC-000774,2024-03-07,8058.33,Tarjeta
PAG-001501,FAC-003195,2025-03-01,1445.16,Transferencia
PAG-001502,FAC-003149,2024-09-02,1480.05,Tarjeta
PAG-001503,FAC-002983,2024-03-05,108.78,Transferencia
PAG-001504,FAC-002219,2025-07-29,8844.08,Transferencia
PAG-001505,FAC-002152,2024-01-13,6308.88,Transferencia
PAG-001506,FAC-000636,2024-07-09,1558.00,Transferencia
PAG-001507,FAC-000384,2024-02-20,2178.54,Transferencia
PAG-001508,FAC-002967,2025-02-15,2166.40,Transferencia
PAG-001509,FAC-001776,2025-05-12,3787.24,Transferencia
PAG-001510,FAC-002685,2025-12-18,680.57,Transferencia
PAG-001511,FAC-000412,2025-02-24,8018.34,Transferencia
PAG-001512,FAC-002309,2025-10-06,919.85,Tarjeta
PAG-001513,FAC-002799,2025-05-16,4974.83,Transferencia
PAG-001514,FAC-001996,2025-02-27,8312.78,Transferencia
PAG-001515,FAC-000306,2025-04-15,623.45,Tarjeta
PAG-001516,FAC-001689,2024-08-26,876.96,Transferencia
PAG-001517,FAC-000142,2024-05-12,2549.10,Transferencia
PAG-001518,FAC-002252,2024-11-04,1598.67,Transferencia
PAG-001519,FAC-003111,2025-10-11,740.32,Transferencia
PAG-001520,FAC-003094,2025-01-10,1445.86,Transferencia
PAG-001521,FAC-000338,2025-07-05,370.96,Transferencia
PAG-001522,FAC-001676,2024-10-07,1248.20,Transferencia
PAG-001523,FAC-000928,2024-09-04,561.00,Tarjeta
PAG-001524,FAC-000448,2025-05-23,4315.70,Transferencia
PAG-001525,FAC-002104,2025-03-15,4287.48,Transferencia
PAG-001526,FAC-000475,2025-11-30,839.70,Transferencia
PAG-001527,FAC-001930,2024-08-16,3376.38,Cheque
PAG-001528,FAC-002042,2024-09-01,749.07,Transferencia
PAG-001529,FAC-003327,2024-12-10,3475.30,Transferencia
PAG-001530,FAC-000263,2025-08-07,1767.04,Transferencia
PAG-001531,FAC-002123,2025-03-12,1511.84,Transferencia
PAG-001532,FAC-002313,2025-02-09,1091.58,Efectivo
PAG-001533,FAC-002903,2025-03-30,3853.38,Transferencia
PAG-001534,FAC-003216,2025-07-03,1168.20,Tarjeta
PAG-001535,FAC-002907,2024-11-27,141.46,Transferencia
PAG-001536,FAC-002278,2024-08-22,1209.28,Transferencia
PAG-001537,FAC-000952,2025-02-25,1144.56,Tarjeta
PAG-001538,FAC-000643,2025-05-20,705.40,Tarjeta
PAG-001539,FAC-003374,2024-01-14,2821.16,Transferencia
PAG-001540,FAC-000619,2025-02-02,2635.80,Transferencia
PAG-001541,FAC-003126,2024-03-28,11775.05,Transferencia
PAG-001542,FAC-002984,2025-09-14,9177.44,Transferencia
PAG-001543,FAC-003465,2025-12-30,4784.40,Transferencia
PAG-001544,FAC-001691,2025-09-23,1762.56,Cheque
PAG-001545,FAC-000304,2024-07-26,6885.90,Transferencia
PAG-001546,FAC-002235,2025-04-24,110.26,Tarjeta
PAG-001547,FAC-001917,2025-12-20,859.08,Transferencia
PAG-001548,FAC-001316,2024-10-12,433.24,Transferencia
PAG-001549,FAC-000585,2025-09-24,1467.84,Transferencia
PAG-001550,FAC-000486,2025-07-04,1747.40,Transferencia
PAG-001551,FAC-002583,2026-02-10,1728.12,Tarjeta
PAG-001552,FAC-001824,2024-06-05,7306.04,Cheque
PAG-001553,FAC-002127,2025-09-20,3077.68,Transferencia
PAG-001554,FAC-002536,2025-03-18,2193.24,Transferencia
PAG-001555,FAC-002218,2024-01-30,2146.42,Transferencia
PAG-001556,FAC-002218,2024-02-10,1430.94,Transferencia
PAG-001557,FAC-001887,2025-02-18,1470.30,Transferencia
PAG-001558,FAC-003299,2026-03-08,1924.88,Transferencia
PAG-001559,FAC-001966,2025-08-07,897.90,Cheque
PAG-001560,FAC-001768,2025-05-31,119.26,Transferencia
PAG-001561,FAC-001333,2025-04-02,5833.66,Tarjeta
PAG-001562,FAC-000137,2024-01-30,369.47,Transferencia
PAG-001563,FAC-003394,2024-08-17,4654.14,Efectivo
PAG-001564,FAC-002896,2024-04-23,1351.32,Transferencia
PAG-001565,FAC-001923,2025-07-21,3973.13,Transferencia
PAG-001566,FAC-001017,2025-12-11,1325.52,Tarjeta
PAG-001567,FAC-001228,2025-04-23,7367.28,Transferencia
PAG-001568,FAC-002787,2026-01-31,1719.20,Transferencia
PAG-001569,FAC-002766,2025-01-23,756.68,Transferencia
PAG-001570,FAC-003419,2024-05-09,611.24,Efectivo
PAG-001571,FAC-002101,2025-12-25,1023.92,Tarjeta
PAG-001572,FAC-003296,2025-01-05,872.64,Tarjeta
PAG-001573,FAC-002578,2025-08-05,1266.61,Transferencia
PAG-001574,FAC-001443,2024-06-14,706.68,Cheque
PAG-001575,FAC-000984,2024-07-18,2425.53,Transferencia
PAG-001576,FAC-003421,2024-11-29,3076.46,Tarjeta
PAG-001577,FAC-003421,2024-12-15,2050.98,Tarjeta
PAG-001578,FAC-001921,2025-11-25,1285.64,Transferencia
PAG-001579,FAC-002870,2025-06-14,1111.76,Transferencia
PAG-001580,FAC-003117,2024-08-06,4678.96,Transferencia
PAG-001581,FAC-002668,2024-10-23,3412.34,Transferencia
PAG-001582,FAC-002668,2024-11-22,2274.90,Transferencia
PAG-001583,FAC-000217,2024-07-29,4915.89,Transferencia
PAG-001584,FAC-002958,2024-07-30,1492.89,Transferencia
PAG-001585,FAC-000109,2025-05-21,7333.04,Cheque
PAG-001586,FAC-001081,2024-08-05,3396.95,Transferencia
PAG-001587,FAC-002937,2025-03-01,12184.20,Cheque
PAG-001588,FAC-001559,2024-12-18,177.08,Transferencia
PAG-001589,FAC-001559,2025-01-02,118.06,Transferencia
PAG-001590,FAC-002796,2024-01-20,312.48,Transferencia
PAG-001591,FAC-000746,2024-06-16,4287.80,Tarjeta
PAG-001592,FAC-000835,2025-12-07,4836.90,Tarjeta
PAG-001593,FAC-003239,2025-07-17,3813.94,Transferencia
PAG-001594,FAC-001153,2025-07-11,1962.38,Transferencia
PAG-001595,FAC-000130,2024-07-23,1193.32,Transferencia
PAG-001596,FAC-000157,2024-05-05,810.51,Transferencia
PAG-001597,FAC-001763,2025-03-02,2781.85,Transferencia
PAG-001598,FAC-002747,2024-08-27,4924.60,Transferencia
PAG-001599,FAC-001042,2024-03-11,4314.45,Transferencia
PAG-001600,FAC-003170,2025-08-07,1258.18,Transferencia
PAG-001601,FAC-001719,2024-11-04,618.74,Transferencia
PAG-001602,FAC-002090,2026-01-01,3485.40,Transferencia
PAG-001603,FAC-001049,2024-12-12,3405.04,Cheque
PAG-001604,FAC-003346,2025-12-25,2812.10,Tarjeta
PAG-001605,FAC-001022,2024-12-14,1990.68,Transferencia
PAG-001606,FAC-000932,2025-08-06,573.47,Transferencia
PAG-001607,FAC-002329,2025-10-04,1189.35,Transferencia
PAG-001608,FAC-000866,2025-10-11,435.43,Efectivo
PAG-001609,FAC-001523,2024-07-08,675.24,Cheque
PAG-001610,FAC-001093,2025-06-22,1225.47,Tarjeta
PAG-001611,FAC-001425,2025-05-09,894.71,Transferencia
PAG-001612,FAC-001425,2025-06-07,596.47,Transferencia
PAG-001613,FAC-001821,2024-09-16,867.66,Transferencia
PAG-001614,FAC-002867,2024-11-25,1239.95,Tarjeta
PAG-001615,FAC-003482,2024-05-15,1759.48,Cheque
PAG-001616,FAC-001151,2025-08-14,8055.11,Transferencia
PAG-001617,FAC-002018,2024-04-05,5210.52,Transferencia
PAG-001618,FAC-002317,2024-04-09,1542.10,Transferencia
PAG-001619,FAC-002317,2024-04-27,1028.06,Transferencia
PAG-001620,FAC-001539,2024-02-24,991.10,Tarjeta
PAG-001621,FAC-000806,2025-01-27,3956.20,Transferencia
PAG-001622,FAC-003274,2024-08-30,1045.76,Tarjeta
PAG-001623,FAC-001205,2025-03-30,8177.25,Transferencia
PAG-001624,FAC-000892,2025-02-21,1075.89,Cheque
PAG-001625,FAC-000908,2025-07-08,5114.00,Efectivo
PAG-001626,FAC-002707,2024-06-23,1044.96,Transferencia
PAG-001627,FAC-000186,2024-10-21,2643.75,Transferencia
PAG-001628,FAC-002618,2025-01-23,168.24,Transferencia
PAG-001629,FAC-002618,2025-02-16,112.16,Transferencia
PAG-001630,FAC-001007,2024-05-13,5642.52,Tarjeta
PAG-001631,FAC-000789,2024-06-15,227.48,Tarjeta
PAG-001632,FAC-000212,2024-05-01,3620.01,Transferencia
PAG-001633,FAC-003071,2024-09-30,3481.38,Cheque
PAG-001634,FAC-000500,2024-04-28,513.95,Efectivo
PAG-001635,FAC-003017,2025-11-13,2712.28,Tarjeta
PAG-001636,FAC-001663,2024-02-08,378.86,Tarjeta
PAG-001637,FAC-001402,2024-07-31,439.07,Transferencia
PAG-001638,FAC-001955,2026-01-18,1359.48,Transferencia
PAG-001639,FAC-001125,2025-08-31,3074.40,Transferencia
PAG-001640,FAC-001827,2024-03-06,8162.91,Transferencia
PAG-001641,FAC-002717,2024-08-25,1619.38,Tarjeta
PAG-001642,FAC-003325,2026-02-11,9958.64,Cheque
PAG-001643,FAC-000902,2024-04-29,5047.71,Transferencia
PAG-001644,FAC-002301,2025-07-06,226.05,Cheque
PAG-001645,FAC-002733,2025-01-19,719.83,Tarjeta
PAG-001646,FAC-003356,2024-03-25,3164.00,Transferencia
PAG-001647,FAC-000091,2025-01-20,4716.95,Transferencia
PAG-001648,FAC-002379,2024-06-02,14395.75,Transferencia
PAG-001649,FAC-003158,2024-06-16,1826.83,Tarjeta
PAG-001650,FAC-003158,2024-07-15,1217.89,Tarjeta
PAG-001651,FAC-000286,2024-06-07,1396.59,Transferencia
PAG-001652,FAC-000299,2025-08-31,6108.30,Cheque
PAG-001653,FAC-002020,2026-01-23,3513.10,Cheque
PAG-001654,FAC-002407,2025-01-11,628.82,Transferencia
PAG-001655,FAC-000687,2025-06-26,3117.64,Transferencia
PAG-001656,FAC-000405,2024-12-14,10624.68,Tarjeta
PAG-001657,FAC-001288,2024-03-18,2788.45,Transferencia
PAG-001658,FAC-002504,2026-01-05,2160.54,Transferencia
PAG-001659,FAC-000612,2024-06-09,1540.77,Transferencia
PAG-001660,FAC-001401,2025-10-12,1564.08,Transferencia
PAG-001661,FAC-002559,2025-08-16,6619.28,Tarjeta
PAG-001662,FAC-002194,2025-05-24,5535.87,Cheque
PAG-001663,FAC-001226,2025-11-19,983.95,Transferencia
PAG-001664,FAC-002999,2024-03-12,15631.50,Tarjeta
PAG-001665,FAC-003053,2025-09-13,1678.29,Transferencia
PAG-001666,FAC-001586,2024-10-20,892.23,Transferencia
PAG-001667,FAC-002581,2025-10-18,4751.88,Cheque
PAG-001668,FAC-000354,2025-12-07,1804.24,Transferencia
PAG-001669,FAC-003393,2025-09-23,1009.80,Transferencia
PAG-001670,FAC-001563,2024-07-10,1369.98,Cheque
PAG-001671,FAC-003283,2025-12-10,2646.30,Transferencia
PAG-001672,FAC-000547,2024-07-06,312.20,Tarjeta
PAG-001673,FAC-002227,2024-07-14,4415.13,Transferencia
PAG-001674,FAC-000606,2025-01-09,2458.92,Transferencia
PAG-001675,FAC-000457,2024-10-13,315.77,Tarjeta
PAG-001676,FAC-002864,2025-11-16,6514.60,Transferencia
PAG-001677,FAC-003413,2025-07-24,773.88,Transferencia
PAG-001678,FAC-000598,2025-01-10,7632.42,Transferencia
PAG-001679,FAC-003306,2024-02-01,2008.96,Transferencia
PAG-001680,FAC-002229,2025-02-21,961.29,Transferencia
PAG-001681,FAC-000909,2025-07-26,432.72,Transferencia
PAG-001682,FAC-001536,2025-05-03,5476.08,Transferencia
PAG-001683,FAC-000096,2024-05-31,5016.66,Transferencia
PAG-001684,FAC-000216,2024-11-27,1496.60,Transferencia
PAG-001685,FAC-001210,2024-12-19,183.41,Transferencia
PAG-001686,FAC-001210,2025-01-10,122.28,Transferencia
PAG-001687,FAC-002876,2024-09-10,5557.72,Transferencia
PAG-001688,FAC-002918,2024-04-25,376.35,Transferencia
PAG-001689,FAC-003270,2025-04-10,20415.99,Cheque
PAG-001690,FAC-001894,2025-06-28,6255.45,Transferencia
PAG-001691,FAC-002573,2024-10-26,902.16,Cheque
PAG-001692,FAC-002135,2024-11-09,133.85,Cheque
PAG-001693,FAC-002135,2024-12-07,89.23,Cheque
PAG-001694,FAC-000132,2025-10-15,858.48,Transferencia
PAG-001695,FAC-000965,2024-03-17,2750.00,Tarjeta
PAG-001696,FAC-001322,2025-05-30,3485.50,Transferencia
PAG-001697,FAC-003461,2025-10-28,74.16,Transferencia
PAG-001698,FAC-003461,2025-11-24,49.44,Transferencia
PAG-001699,FAC-001572,2025-01-23,636.80,Cheque
PAG-001700,FAC-001572,2025-02-03,424.54,Cheque
PAG-001701,FAC-003448,2024-08-13,1141.08,Transferencia
PAG-001702,FAC-000682,2024-05-15,3168.83,Transferencia
PAG-001703,FAC-000458,2025-04-14,4223.34,Cheque
PAG-001704,FAC-003224,2025-02-22,1772.10,Transferencia
PAG-001705,FAC-000067,2025-04-30,851.58,Cheque
PAG-001706,FAC-001925,2025-03-10,465.44,Tarjeta
PAG-001707,FAC-003131,2025-01-28,436.24,Transferencia
PAG-001708,FAC-001726,2025-06-28,6586.36,Transferencia
PAG-001709,FAC-000670,2024-08-26,716.23,Transferencia
PAG-001710,FAC-000392,2025-07-31,1436.26,Transferencia
PAG-001711,FAC-000493,2024-05-14,579.18,Transferencia
PAG-001712,FAC-001100,2025-02-26,5136.46,Tarjeta
PAG-001713,FAC-001100,2025-03-15,3424.31,Tarjeta
PAG-001714,FAC-001034,2024-02-17,964.72,Transferencia
PAG-001715,FAC-003391,2025-12-27,2672.52,Transferencia
PAG-001716,FAC-001128,2025-04-06,804.30,Transferencia
PAG-001717,FAC-000382,2024-04-26,2075.58,Transferencia
PAG-001718,FAC-002055,2024-12-08,2640.45,Transferencia
PAG-001719,FAC-002712,2025-03-02,2091.76,Transferencia
PAG-001720,FAC-000864,2024-11-01,5311.46,Transferencia
PAG-001721,FAC-001938,2026-02-03,2701.56,Tarjeta
PAG-001722,FAC-000755,2025-06-19,2294.22,Tarjeta
PAG-001723,FAC-000555,2024-08-13,10195.26,Transferencia
PAG-001724,FAC-001862,2025-10-20,9155.08,Transferencia
PAG-001725,FAC-000843,2024-12-05,540.67,Transferencia
PAG-001726,FAC-000843,2024-12-30,360.45,Transferencia
PAG-001727,FAC-000583,2025-07-01,1612.58,Transferencia
PAG-001728,FAC-000583,2025-07-20,1075.06,Transferencia
PAG-001729,FAC-001880,2024-11-17,768.57,Transferencia
PAG-001730,FAC-002001,2024-07-28,6031.55,Transferencia
PAG-001731,FAC-001991,2025-09-07,1478.95,Transferencia
PAG-001732,FAC-002045,2024-07-10,4630.50,Tarjeta
PAG-001733,FAC-000250,2024-12-22,416.86,Cheque
PAG-001734,FAC-002040,2025-05-27,703.67,Transferencia
PAG-001735,FAC-000589,2025-02-21,4919.25,Efectivo
PAG-001736,FAC-001266,2025-04-30,539.88,Efectivo
PAG-001737,FAC-002327,2025-07-09,449.74,Transferencia
PAG-001738,FAC-002972,2025-08-20,5541.16,Transferencia
PAG-001739,FAC-001336,2025-04-02,4237.56,Cheque
PAG-001740,FAC-003431,2024-10-24,14160.42,Tarjeta
PAG-001741,FAC-001257,2024-05-13,1136.30,Cheque
PAG-001742,FAC-002296,2025-04-01,1398.27,Transferencia
PAG-001743,FAC-003411,2024-05-10,9410.94,Transferencia
PAG-001744,FAC-000694,2025-12-31,2604.24,Transferencia
PAG-001745,FAC-003198,2025-11-18,1991.04,Tarjeta
PAG-001746,FAC-000751,2025-09-05,3928.72,Transferencia
PAG-001747,FAC-003349,2025-08-23,2087.01,Cheque
PAG-001748,FAC-001790,2025-04-23,3854.76,Transferencia
PAG-001749,FAC-003405,2025-02-22,11545.80,Cheque
PAG-001750,FAC-000742,2024-05-01,1791.72,Cheque
PAG-001751,FAC-000742,2024-05-27,1194.48,Cheque
PAG-001752,FAC-002425,2024-09-10,1549.39,Transferencia
PAG-001753,FAC-002450,2024-06-17,5830.80,Transferencia
PAG-001754,FAC-003208,2025-10-14,4479.36,Transferencia
PAG-001755,FAC-002927,2024-04-28,1476.40,Tarjeta
PAG-001756,FAC-003074,2024-08-29,5114.32,Tarjeta
PAG-001757,FAC-001170,2025-05-07,546.93,Tarjeta
PAG-001758,FAC-002705,2024-07-01,5573.75,Transferencia
PAG-001759,FAC-001440,2024-06-27,1706.72,Transferencia
PAG-001760,FAC-001882,2024-03-02,1781.43,Transferencia
PAG-001761,FAC-001882,2024-03-31,1187.62,Transferencia
PAG-001762,FAC-002023,2024-01-18,2657.35,Efectivo
PAG-001763,FAC-001879,2026-02-12,1630.48,Cheque
PAG-001764,FAC-001936,2025-03-11,2333.08,Tarjeta
PAG-001765,FAC-000807,2025-11-04,1029.28,Tarjeta
PAG-001766,FAC-000203,2025-11-27,1979.94,Cheque
PAG-001767,FAC-003085,2025-01-21,2476.70,Cheque
PAG-001768,FAC-000648,2025-10-30,12403.02,Transferencia
PAG-001769,FAC-000938,2025-07-30,1053.18,Tarjeta
PAG-001770,FAC-000938,2025-08-16,702.12,Tarjeta
PAG-001771,FAC-002013,2025-12-18,5387.73,Transferencia
PAG-001772,FAC-000318,2024-11-25,2533.14,Cheque
PAG-001773,FAC-002742,2025-04-01,1486.05,Tarjeta
PAG-001774,FAC-000677,2024-09-06,7779.04,Transferencia
PAG-001775,FAC-001458,2025-05-04,852.92,Cheque
PAG-001776,FAC-002709,2024-05-18,5168.46,Transferencia
PAG-001777,FAC-001531,2025-03-04,2446.95,Transferencia
PAG-001778,FAC-001531,2025-03-22,1631.30,Transferencia
PAG-001779,FAC-001000,2025-04-03,4311.79,Cheque
PAG-001780,FAC-000059,2024-07-27,4017.68,Tarjeta
PAG-001781,FAC-003232,2025-12-20,4145.70,Tarjeta
PAG-001782,FAC-001672,2024-09-07,2834.80,Transferencia
PAG-001783,FAC-002922,2024-09-16,2657.07,Tarjeta
PAG-001784,FAC-000684,2024-09-12,1969.88,Transferencia
PAG-001785,FAC-001384,2025-10-24,2251.60,Transferencia
PAG-001786,FAC-001481,2025-01-15,883.37,Transferencia
PAG-001787,FAC-001481,2025-02-03,588.91,Transferencia
PAG-001788,FAC-000291,2025-12-22,6871.52,Transferencia
PAG-001789,FAC-000423,2026-02-01,1584.12,Transferencia
PAG-001790,FAC-002409,2025-07-30,1882.96,Transferencia
PAG-001791,FAC-001527,2025-11-01,371.78,Efectivo
PAG-001792,FAC-002431,2026-01-03,8782.06,Transferencia
PAG-001793,FAC-001461,2025-11-24,4309.56,Transferencia
PAG-001794,FAC-001419,2024-07-29,3280.15,Transferencia
PAG-001795,FAC-002675,2025-10-27,4719.72,Transferencia
PAG-001796,FAC-002508,2025-10-04,3080.21,Transferencia
PAG-001797,FAC-002466,2025-11-20,1701.27,Transferencia
PAG-001798,FAC-002719,2024-05-26,887.78,Transferencia
PAG-001799,FAC-002397,2024-10-21,825.96,Transferencia
PAG-001800,FAC-000839,2024-12-29,1225.15,Transferencia
PAG-001801,FAC-000777,2025-02-24,500.63,Transferencia
PAG-001802,FAC-001293,2026-01-09,1531.89,Transferencia
PAG-001803,FAC-000315,2025-03-23,2352.96,Transferencia
PAG-001804,FAC-001314,2025-10-20,13663.30,Tarjeta
PAG-001805,FAC-002385,2025-04-15,1897.76,Efectivo
PAG-001806,FAC-003244,2024-02-27,1096.06,Cheque
PAG-001807,FAC-003476,2024-02-29,2901.82,Cheque
PAG-001808,FAC-003476,2024-03-18,1934.55,Cheque
PAG-001809,FAC-000030,2025-11-30,1107.94,Transferencia
PAG-001810,FAC-000057,2026-01-09,3767.13,Transferencia
PAG-001811,FAC-001242,2024-10-07,6233.36,Transferencia
PAG-001812,FAC-000478,2024-05-29,10458.85,Tarjeta
PAG-001813,FAC-000114,2024-10-30,14769.80,Transferencia
PAG-001814,FAC-001311,2025-05-17,1460.88,Efectivo
PAG-001815,FAC-000704,2024-06-20,1503.45,Cheque
PAG-001816,FAC-001788,2025-03-03,1251.29,Transferencia
PAG-001817,FAC-002557,2025-11-24,17630.46,Cheque
PAG-001818,FAC-002242,2024-10-21,2411.58,Cheque
PAG-001819,FAC-003297,2025-01-27,1634.42,Transferencia
PAG-001820,FAC-001121,2024-07-15,6911.82,Transferencia
PAG-001821,FAC-001221,2024-03-08,2706.75,Transferencia
PAG-001822,FAC-000185,2025-08-30,2713.90,Tarjeta
PAG-001823,FAC-000284,2024-12-30,2257.53,Cheque
PAG-001824,FAC-002453,2025-01-05,4200.00,Cheque
PAG-001825,FAC-001593,2024-07-03,3605.65,Transferencia
PAG-001826,FAC-000394,2025-12-04,1306.68,Cheque
PAG-001827,FAC-002182,2025-09-15,439.38,Transferencia
PAG-001828,FAC-003120,2024-11-25,753.56,Transferencia
PAG-001829,FAC-001628,2024-09-08,1072.65,Cheque
PAG-001830,FAC-002176,2024-03-19,7408.45,Transferencia
PAG-001831,FAC-000395,2024-10-26,2788.40,Cheque
PAG-001832,FAC-001209,2025-10-30,1168.74,Transferencia
PAG-001833,FAC-001550,2026-03-07,3943.48,Tarjeta
PAG-001834,FAC-002570,2025-07-04,2927.33,Transferencia
PAG-001835,FAC-000361,2025-08-16,5849.58,Transferencia
PAG-001836,FAC-000667,2025-12-03,7651.80,Transferencia
PAG-001837,FAC-002097,2026-01-08,3801.98,Cheque
PAG-001838,FAC-000728,2024-09-11,1324.75,Transferencia
PAG-001839,FAC-002872,2024-12-04,670.48,Transferencia
PAG-001840,FAC-000090,2025-02-18,19801.32,Transferencia
PAG-001841,FAC-002560,2024-05-04,668.74,Transferencia
PAG-001842,FAC-003114,2026-01-31,3499.74,Tarjeta
PAG-001843,FAC-002448,2026-01-25,1279.56,Cheque
PAG-001844,FAC-001427,2025-05-14,4523.55,Cheque
PAG-001845,FAC-003340,2024-05-17,5809.44,Transferencia
PAG-001846,FAC-003087,2025-09-11,605.17,Cheque
PAG-001847,FAC-001999,2025-01-20,2454.32,Transferencia
PAG-001848,FAC-002439,2025-07-02,8591.80,Cheque
PAG-001849,FAC-000417,2024-07-27,6758.94,Transferencia
PAG-001850,FAC-002856,2025-07-10,5108.70,Cheque
PAG-001851,FAC-001149,2025-07-24,1052.86,Tarjeta
PAG-001852,FAC-001447,2025-05-26,287.76,Cheque
PAG-001853,FAC-001592,2024-07-25,4704.70,Transferencia
PAG-001854,FAC-002169,2025-09-20,2387.95,Cheque
PAG-001855,FAC-002680,2024-04-19,1306.77,Tarjeta
PAG-001856,FAC-002945,2024-03-07,1015.33,Tarjeta
PAG-001857,FAC-002010,2024-05-28,1561.60,Transferencia
PAG-001858,FAC-002654,2025-06-27,3778.11,Transferencia
PAG-001859,FAC-001395,2025-12-03,5234.28,Transferencia
PAG-001860,FAC-002905,2025-06-03,1641.03,Tarjeta
PAG-001861,FAC-003207,2025-01-27,4995.44,Transferencia
PAG-001862,FAC-002122,2024-11-29,2433.64,Transferencia
PAG-001863,FAC-000517,2024-05-23,1310.67,Cheque
PAG-001864,FAC-002470,2025-10-12,8410.45,Transferencia
PAG-001865,FAC-001289,2024-09-08,1710.05,Transferencia
PAG-001866,FAC-001015,2025-05-16,14595.45,Cheque
PAG-001867,FAC-001978,2025-11-05,1291.71,Tarjeta
PAG-001868,FAC-000095,2025-06-07,219.72,Cheque
PAG-001869,FAC-001816,2025-09-30,886.32,Transferencia
PAG-001870,FAC-002075,2024-06-20,773.44,Transferencia
PAG-001871,FAC-001792,2026-03-02,1318.44,Transferencia
PAG-001872,FAC-003193,2024-09-13,2858.34,Transferencia
PAG-001873,FAC-003371,2024-05-17,1517.58,Tarjeta
PAG-001874,FAC-003371,2024-05-28,1011.72,Tarjeta
PAG-001875,FAC-002133,2025-05-14,5378.72,Transferencia
PAG-001876,FAC-001910,2025-12-17,432.32,Transferencia
PAG-001877,FAC-001800,2025-12-17,8683.95,Transferencia
PAG-001878,FAC-003241,2025-11-20,5526.60,Transferencia
PAG-001879,FAC-000233,2025-10-13,3988.55,Transferencia
PAG-001880,FAC-001006,2024-10-22,5567.40,Transferencia
PAG-001881,FAC-003453,2024-03-14,1633.56,Transferencia
PAG-001882,FAC-000191,2024-09-10,444.45,Transferencia
PAG-001883,FAC-002339,2025-04-10,1146.24,Tarjeta
PAG-001884,FAC-002196,2024-06-10,2506.24,Cheque
PAG-001885,FAC-003256,2024-09-27,1402.20,Transferencia
PAG-001886,FAC-003047,2024-10-08,5943.60,Transferencia
PAG-001887,FAC-000571,2025-10-30,2134.65,Tarjeta
PAG-001888,FAC-001801,2025-07-17,5933.91,Cheque
PAG-001889,FAC-000398,2025-01-23,6417.46,Transferencia
PAG-001890,FAC-002681,2026-03-27,838.68,Efectivo
PAG-001891,FAC-000368,2026-02-10,1493.17,Tarjeta
PAG-001892,FAC-003343,2024-02-18,2531.65,Transferencia
PAG-001893,FAC-000930,2025-05-31,4224.00,Transferencia
PAG-001894,FAC-000171,2024-09-13,706.76,Efectivo
PAG-001895,FAC-000889,2024-10-07,2676.99,Transferencia
PAG-001896,FAC-003054,2025-04-15,14505.60,Cheque
PAG-001897,FAC-000510,2024-02-16,872.22,Tarjeta
PAG-001898,FAC-000510,2024-03-05,581.48,Tarjeta
PAG-001899,FAC-000511,2024-08-28,5747.52,Tarjeta
PAG-001900,FAC-003359,2025-07-06,382.32,Tarjeta
PAG-001901,FAC-003314,2025-02-20,2471.75,Transferencia
PAG-001902,FAC-002433,2024-09-17,2188.74,Cheque
PAG-001903,FAC-001056,2024-10-16,320.97,Transferencia
PAG-001904,FAC-002281,2024-07-05,5661.76,Tarjeta
PAG-001905,FAC-002795,2025-10-17,520.28,Transferencia
PAG-001906,FAC-002371,2024-01-27,807.42,Transferencia
PAG-001907,FAC-002763,2024-08-31,10677.17,Tarjeta
PAG-001908,FAC-001896,2024-10-24,4870.20,Transferencia
PAG-001909,FAC-000854,2025-08-12,5316.30,Transferencia
PAG-001910,FAC-001310,2025-11-21,828.43,Transferencia
PAG-001911,FAC-001313,2024-12-21,5462.84,Cheque
PAG-001912,FAC-003209,2024-11-22,1155.78,Transferencia
PAG-001913,FAC-003124,2025-09-11,941.76,Transferencia
PAG-001914,FAC-001351,2025-10-08,1143.05,Efectivo
PAG-001915,FAC-001351,2025-11-07,762.03,Efectivo
PAG-001916,FAC-003422,2025-04-01,2950.85,Tarjeta
PAG-001917,FAC-000476,2025-12-07,3089.94,Cheque
PAG-001918,FAC-000280,2024-03-22,2539.44,Tarjeta
PAG-001919,FAC-001152,2024-12-09,4939.56,Transferencia
PAG-001920,FAC-003019,2025-09-28,477.02,Transferencia
PAG-001921,FAC-003019,2025-10-08,318.02,Transferencia
PAG-001922,FAC-002166,2025-02-03,1102.88,Transferencia
PAG-001923,FAC-000877,2024-10-21,15511.65,Transferencia
PAG-001924,FAC-002047,2025-07-09,5688.65,Transferencia
PAG-001925,FAC-001795,2025-04-14,546.77,Tarjeta
PAG-001926,FAC-002437,2025-04-11,3350.60,Transferencia
PAG-001927,FAC-002246,2025-05-28,119.18,Cheque
PAG-001928,FAC-001332,2025-01-15,1728.22,Transferencia
PAG-001929,FAC-002633,2024-08-17,234.61,Transferencia
PAG-001930,FAC-002111,2025-05-12,3606.87,Transferencia
PAG-001931,FAC-001616,2024-06-30,2181.80,Tarjeta
PAG-001932,FAC-002163,2025-03-23,1541.85,Cheque
PAG-001933,FAC-001900,2024-03-09,243.11,Transferencia
PAG-001934,FAC-002690,2025-12-23,2135.49,Cheque
PAG-001935,FAC-000257,2025-05-05,766.64,Tarjeta
PAG-001936,FAC-001339,2024-08-19,3423.28,Efectivo
PAG-001937,FAC-001065,2024-08-18,3316.54,Cheque
PAG-001938,FAC-000402,2024-12-13,3560.40,Tarjeta
PAG-001939,FAC-000019,2024-06-14,1904.55,Transferencia
PAG-001940,FAC-002240,2024-12-03,3786.68,Transferencia
PAG-001941,FAC-001841,2024-06-21,4712.05,Cheque
PAG-001942,FAC-000175,2024-01-17,1465.74,Cheque
PAG-001943,FAC-000175,2024-02-13,977.16,Cheque
PAG-001944,FAC-000587,2025-06-29,1703.70,Efectivo
PAG-001945,FAC-001931,2025-09-14,4798.22,Transferencia
PAG-001946,FAC-002942,2024-04-04,829.40,Tarjeta
PAG-001947,FAC-000858,2025-12-26,1230.09,Tarjeta
PAG-001948,FAC-001933,2024-01-18,1787.64,Transferencia
PAG-001949,FAC-001573,2025-07-09,5395.17,Transferencia
PAG-001950,FAC-001497,2025-02-13,2284.76,Cheque
PAG-001951,FAC-002686,2024-07-16,3741.01,Tarjeta
PAG-001952,FAC-000049,2024-09-14,8711.68,Transferencia
PAG-001953,FAC-000049,2024-10-10,5807.79,Transferencia
PAG-001954,FAC-003392,2024-10-29,825.63,Tarjeta
PAG-001955,FAC-000193,2025-01-15,1815.04,Tarjeta
PAG-001956,FAC-002053,2025-04-24,1037.76,Transferencia
PAG-001957,FAC-001615,2024-04-26,1156.44,Transferencia
PAG-001958,FAC-002859,2024-09-24,2602.16,Tarjeta
PAG-001959,FAC-002321,2024-08-24,846.59,Transferencia
PAG-001960,FAC-001491,2025-08-09,8958.24,Transferencia
PAG-001961,FAC-003269,2024-07-04,2767.92,Tarjeta
PAG-001962,FAC-000657,2024-09-05,4203.90,Cheque
PAG-001963,FAC-000228,2025-05-18,9264.76,Transferencia
PAG-001964,FAC-000379,2025-04-19,4000.50,Cheque
PAG-001965,FAC-002753,2024-01-28,2897.45,Tarjeta
PAG-001966,FAC-001389,2026-01-05,2053.31,Efectivo
PAG-001967,FAC-001168,2025-09-01,21320.11,Transferencia
PAG-001968,FAC-000496,2024-06-18,7365.85,Transferencia
PAG-001969,FAC-002956,2025-12-19,448.10,Tarjeta
PAG-001970,FAC-001040,2024-04-16,8074.08,Transferencia
PAG-001971,FAC-000045,2025-09-18,2470.44,Cheque
PAG-001972,FAC-002672,2025-12-14,4004.98,Tarjeta
PAG-001973,FAC-002731,2024-03-15,208.88,Cheque
PAG-001974,FAC-002711,2024-07-05,4603.07,Transferencia
PAG-001975,FAC-002711,2024-07-21,3068.71,Transferencia
PAG-001976,FAC-001436,2024-02-24,702.86,Transferencia
PAG-001977,FAC-002357,2025-04-23,3509.64,Transferencia
PAG-001978,FAC-002580,2025-12-24,4496.94,Transferencia
PAG-001979,FAC-002028,2025-03-28,3367.84,Cheque
PAG-001980,FAC-001757,2025-06-25,1855.35,Cheque
PAG-001981,FAC-001077,2025-03-12,7075.38,Tarjeta
PAG-001982,FAC-000148,2025-07-21,2962.91,Transferencia
PAG-001983,FAC-002823,2024-06-15,1685.26,Tarjeta
PAG-001984,FAC-001837,2026-02-14,3085.80,Transferencia
PAG-001985,FAC-003219,2025-08-26,3024.00,Transferencia
PAG-001986,FAC-002908,2026-01-17,380.76,Transferencia
PAG-001987,FAC-002893,2025-08-15,1067.16,Transferencia
PAG-001988,FAC-003034,2024-08-21,585.03,Transferencia
PAG-001989,FAC-001174,2025-06-22,2661.36,Cheque
PAG-001990,FAC-002496,2025-07-21,459.40,Transferencia
PAG-001991,FAC-001873,2024-03-11,2538.57,Transferencia
PAG-001992,FAC-001873,2024-04-03,1692.38,Transferencia
PAG-001993,FAC-002534,2025-07-10,5140.94,Transferencia
PAG-001994,FAC-002134,2024-08-31,433.47,Tarjeta
PAG-001995,FAC-002011,2025-05-29,8659.44,Transferencia
PAG-001996,FAC-000669,2025-04-21,9944.82,Transferencia
PAG-001997,FAC-002002,2024-05-28,2722.06,Tarjeta
PAG-001998,FAC-002837,2024-04-26,116.05,Cheque
PAG-001999,FAC-002740,2024-04-03,247.92,Cheque
PAG-002000,FAC-001087,2024-09-01,2329.54,Transferencia
PAG-002001,FAC-000977,2025-11-03,1180.87,Transferencia
PAG-002002,FAC-000977,2025-11-21,787.24,Transferencia
PAG-002003,FAC-003264,2024-09-18,7837.76,Transferencia
PAG-002004,FAC-001791,2025-02-07,1452.56,Tarjeta
PAG-002005,FAC-001472,2025-12-22,854.88,Transferencia
PAG-002006,FAC-002374,2025-10-30,868.14,Transferencia
PAG-002007,FAC-002119,2025-12-20,2153.90,Transferencia
PAG-002008,FAC-002628,2024-10-07,7546.20,Tarjeta
PAG-002009,FAC-001814,2025-09-10,4505.60,Transferencia
PAG-002010,FAC-001098,2024-12-19,1584.84,Cheque
PAG-002011,FAC-003144,2024-04-16,4230.95,Transferencia
PAG-002012,FAC-003116,2026-02-27,55.50,Transferencia
PAG-002013,FAC-001934,2024-12-18,2491.32,Tarjeta
PAG-002014,FAC-003156,2024-07-17,9784.26,Transferencia
PAG-002015,FAC-001546,2025-01-23,1163.79,Transferencia
PAG-002016,FAC-003452,2024-10-20,252.86,Transferencia
PAG-002017,FAC-001771,2025-09-14,226.48,Cheque
PAG-002018,FAC-001348,2025-01-04,1473.25,Tarjeta
PAG-002019,FAC-000513,2024-06-27,1659.64,Cheque
PAG-002020,FAC-000184,2025-10-06,304.51,Tarjeta
PAG-002021,FAC-001094,2025-11-25,492.02,Cheque
PAG-002022,FAC-003059,2025-09-02,3392.52,Transferencia
PAG-002023,FAC-002161,2025-05-04,1280.94,Transferencia
PAG-002024,FAC-003226,2024-04-27,708.70,Transferencia
PAG-002025,FAC-002899,2024-03-20,398.47,Transferencia
PAG-002026,FAC-002899,2024-04-11,265.65,Transferencia
PAG-002027,FAC-001649,2024-05-25,2351.22,Transferencia
PAG-002028,FAC-002405,2024-05-18,1075.32,Efectivo
PAG-002029,FAC-001602,2024-10-29,2839.42,Cheque
PAG-002030,FAC-000197,2024-12-07,13693.19,Tarjeta
PAG-002031,FAC-003077,2024-05-10,6402.48,Transferencia
PAG-002032,FAC-002355,2025-12-13,876.24,Transferencia
PAG-002033,FAC-003271,2024-11-20,13288.87,Tarjeta
PAG-002034,FAC-000275,2024-08-20,2505.80,Transferencia
PAG-002035,FAC-000303,2025-02-01,854.40,Transferencia
PAG-002036,FAC-001390,2025-04-02,159.21,Transferencia
PAG-002037,FAC-002982,2024-09-01,4368.36,Transferencia
PAG-002038,FAC-001983,2025-04-22,174.12,Tarjeta
PAG-002039,FAC-003333,2024-09-27,8283.38,Tarjeta
PAG-002040,FAC-000156,2024-10-25,853.68,Tarjeta
PAG-002041,FAC-002069,2024-05-18,908.46,Transferencia
PAG-002042,FAC-000576,2025-09-05,4654.24,Transferencia
PAG-002043,FAC-002503,2024-10-09,2946.84,Transferencia
PAG-002044,FAC-003221,2024-09-22,718.91,Cheque
PAG-002045,FAC-000485,2025-03-12,7198.25,Transferencia
PAG-002046,FAC-002474,2025-11-13,2221.44,Transferencia
PAG-002047,FAC-002474,2025-11-28,1480.96,Transferencia
PAG-002048,FAC-000161,2025-04-29,2144.80,Transferencia
PAG-002049,FAC-003446,2025-01-05,9684.06,Transferencia
PAG-002050,FAC-000553,2024-04-28,1477.00,Tarjeta
PAG-002051,FAC-001072,2024-07-05,4372.85,Tarjeta
PAG-002052,FAC-003229,2025-02-02,1079.10,Transferencia
PAG-002053,FAC-000937,2025-11-28,4273.68,Transferencia
PAG-002054,FAC-000978,2025-11-19,2699.90,Transferencia
PAG-002055,FAC-000978,2025-12-02,1799.94,Transferencia
PAG-002056,FAC-000917,2024-06-20,945.55,Transferencia
PAG-002057,FAC-000046,2024-09-05,8316.92,Tarjeta
PAG-002058,FAC-002427,2025-11-17,1097.80,Transferencia
PAG-002059,FAC-001009,2024-03-18,3609.41,Transferencia
PAG-002060,FAC-002019,2026-01-23,3576.56,Cheque
PAG-002061,FAC-000642,2024-03-18,3039.96,Transferencia
PAG-002062,FAC-001956,2024-06-25,5178.48,Cheque
PAG-002063,FAC-003022,2025-06-02,2777.67,Transferencia
PAG-002064,FAC-000078,2025-05-11,170.08,Transferencia
PAG-002065,FAC-001578,2024-10-27,1346.39,Tarjeta
PAG-002066,FAC-002662,2026-01-01,5213.64,Transferencia
PAG-002067,FAC-003467,2026-02-10,833.38,Transferencia
PAG-002068,FAC-002191,2025-04-30,9347.80,Transferencia
PAG-002069,FAC-003326,2024-12-18,77.45,Transferencia
PAG-002070,FAC-003326,2024-12-30,51.64,Transferencia
PAG-002071,FAC-001418,2025-10-15,4250.25,Transferencia
PAG-002072,FAC-001932,2025-02-27,1017.62,Transferencia
PAG-002073,FAC-000169,2024-07-06,4464.74,Transferencia
PAG-002074,FAC-001067,2024-08-19,2111.20,Transferencia
PAG-002075,FAC-000705,2025-11-03,295.20,Transferencia
PAG-002076,FAC-001640,2026-02-01,3116.40,Efectivo
PAG-002077,FAC-000320,2024-11-02,835.50,Transferencia
PAG-002078,FAC-000404,2024-05-11,2259.40,Transferencia
PAG-002079,FAC-000024,2024-05-23,1629.24,Tarjeta
PAG-002080,FAC-000836,2025-06-28,1480.20,Tarjeta
PAG-002081,FAC-001646,2024-05-24,4902.80,Transferencia
PAG-002082,FAC-002929,2024-03-02,721.60,Transferencia
PAG-002083,FAC-001383,2025-06-14,246.60,Tarjeta
PAG-002084,FAC-000300,2025-09-26,274.55,Cheque
PAG-002085,FAC-002378,2024-08-03,1922.76,Tarjeta
PAG-002086,FAC-002319,2024-08-25,715.19,Transferencia
PAG-002087,FAC-002777,2024-07-07,729.24,Transferencia
PAG-002088,FAC-003312,2025-10-22,1147.05,Tarjeta
PAG-002089,FAC-001553,2025-08-21,6079.92,Cheque
PAG-002090,FAC-001417,2024-09-04,4934.94,Cheque
PAG-002091,FAC-001385,2026-02-01,963.30,Efectivo
PAG-002092,FAC-000656,2025-09-11,1014.86,Transferencia
PAG-002093,FAC-000108,2024-01-27,1266.18,Transferencia
PAG-002094,FAC-000397,2024-07-24,5082.70,Tarjeta
PAG-002095,FAC-001981,2025-06-30,753.54,Transferencia
PAG-002096,FAC-001666,2024-05-09,1033.24,Transferencia
PAG-002097,FAC-000907,2024-05-21,3018.68,Transferencia
PAG-002098,FAC-003079,2025-03-31,4976.35,Efectivo
PAG-002099,FAC-002579,2025-05-01,1655.99,Transferencia
PAG-002100,FAC-001677,2025-09-16,182.94,Transferencia
PAG-002101,FAC-000834,2025-01-16,836.70,Cheque
PAG-002102,FAC-001025,2025-03-27,1197.64,Tarjeta
PAG-002103,FAC-001971,2025-03-28,2063.07,Cheque
PAG-002104,FAC-002154,2024-07-06,161.01,Transferencia
PAG-002105,FAC-002835,2025-09-16,3108.06,Transferencia
PAG-002106,FAC-003100,2024-09-03,5969.11,Transferencia
PAG-002107,FAC-000638,2024-10-11,1589.91,Tarjeta
PAG-002108,FAC-003336,2025-06-09,3372.30,Transferencia
PAG-002109,FAC-002593,2024-02-16,2628.00,Tarjeta
PAG-002110,FAC-001919,2025-02-03,2783.28,Cheque
PAG-002111,FAC-001645,2025-04-27,145.02,Transferencia
PAG-002112,FAC-003416,2025-10-08,2592.15,Transferencia
PAG-002113,FAC-001750,2025-06-24,2586.44,Tarjeta
PAG-002114,FAC-002674,2024-09-11,91.50,Cheque
PAG-002115,FAC-001736,2024-06-20,4109.20,Efectivo
PAG-002116,FAC-002130,2025-07-02,1891.25,Transferencia
PAG-002117,FAC-001302,2024-06-29,454.62,Tarjeta
PAG-002118,FAC-001302,2024-07-27,303.08,Tarjeta
PAG-002119,FAC-003027,2024-05-22,2782.30,Transferencia
PAG-002120,FAC-001148,2025-08-18,4213.79,Transferencia
PAG-002121,FAC-002236,2025-01-27,2411.44,Tarjeta
PAG-002122,FAC-000525,2026-02-07,5202.82,Transferencia
PAG-002123,FAC-001124,2024-12-23,979.80,Transferencia
PAG-002124,FAC-002495,2025-01-18,12755.89,Tarjeta
PAG-002125,FAC-002198,2025-02-24,1094.41,Transferencia
PAG-002126,FAC-003400,2025-05-08,1584.39,Transferencia
PAG-002127,FAC-002363,2024-12-04,751.17,Cheque
PAG-002128,FAC-000831,2025-08-13,242.38,Transferencia
PAG-002129,FAC-002076,2026-01-30,2072.58,Cheque
PAG-002130,FAC-003141,2024-12-15,1994.44,Transferencia
PAG-002131,FAC-001471,2025-12-18,5832.61,Tarjeta
PAG-002132,FAC-001817,2025-03-06,8896.72,Transferencia
PAG-002133,FAC-001342,2025-05-07,5050.20,Transferencia
PAG-002134,FAC-001420,2025-11-05,749.55,Transferencia
PAG-002135,FAC-001772,2024-11-27,293.76,Transferencia
PAG-002136,FAC-002627,2024-03-14,821.57,Transferencia
PAG-002137,FAC-002230,2025-02-18,2349.99,Transferencia
PAG-002138,FAC-001577,2024-06-20,3597.72,Transferencia
PAG-002139,FAC-000752,2025-10-06,403.56,Tarjeta
PAG-002140,FAC-002463,2024-06-19,3324.04,Tarjeta
PAG-002141,FAC-002254,2025-10-03,5202.60,Tarjeta
PAG-002142,FAC-001804,2025-01-03,1237.50,Cheque
PAG-002143,FAC-000565,2024-07-13,4070.88,Cheque
PAG-002144,FAC-000428,2025-11-14,4884.84,Transferencia
PAG-002145,FAC-001782,2025-02-06,540.13,Cheque
PAG-002146,FAC-002778,2024-08-22,3395.91,Transferencia
PAG-002147,FAC-002778,2024-09-21,2263.94,Transferencia
PAG-002148,FAC-000548,2026-01-13,3374.10,Transferencia
PAG-002149,FAC-003355,2024-08-26,621.35,Cheque
PAG-002150,FAC-002241,2024-11-09,1013.76,Transferencia
PAG-002151,FAC-002241,2024-11-28,675.84,Transferencia
PAG-002152,FAC-000518,2026-01-05,1177.96,Transferencia
PAG-002153,FAC-002758,2026-01-13,4274.95,Tarjeta
PAG-002154,FAC-001511,2025-03-23,769.83,Transferencia
PAG-002155,FAC-003418,2025-11-26,8104.60,Transferencia
PAG-002156,FAC-003215,2024-12-30,1330.87,Tarjeta
PAG-002157,FAC-003215,2025-01-25,887.24,Tarjeta
PAG-002158,FAC-000920,2024-09-25,1305.15,Efectivo
PAG-002159,FAC-000683,2025-11-12,7545.96,Transferencia
PAG-002160,FAC-001159,2024-07-21,426.81,Cheque
PAG-002161,FAC-003039,2024-03-16,3602.15,Transferencia
PAG-002162,FAC-003366,2025-10-04,207.52,Transferencia
PAG-002163,FAC-003366,2025-10-16,138.34,Transferencia
PAG-002164,FAC-000031,2025-04-12,2873.08,Tarjeta
PAG-002165,FAC-003384,2024-10-04,9131.85,Transferencia
PAG-002166,FAC-003023,2024-07-27,98.63,Transferencia
PAG-002167,FAC-000795,2025-04-20,1808.64,Cheque
PAG-002168,FAC-003435,2026-01-06,1599.65,Transferencia
PAG-002169,FAC-003353,2024-06-12,5205.44,Transferencia
PAG-002170,FAC-002430,2025-02-21,18218.52,Transferencia
PAG-002171,FAC-000769,2025-03-05,2251.38,Transferencia
PAG-002172,FAC-000557,2024-11-12,2009.84,Transferencia
PAG-002173,FAC-000925,2024-09-26,482.74,Transferencia
PAG-002174,FAC-002451,2025-09-28,1945.58,Cheque
PAG-002175,FAC-000246,2025-07-17,1339.15,Tarjeta
PAG-002176,FAC-003385,2024-08-03,625.25,Transferencia
PAG-002177,FAC-002866,2025-09-03,188.81,Tarjeta
PAG-002178,FAC-000236,2024-04-17,1161.54,Cheque
PAG-002179,FAC-002951,2024-10-19,5686.56,Transferencia
PAG-002180,FAC-000558,2024-09-30,2202.65,Efectivo
PAG-002181,FAC-000874,2025-10-20,4054.60,Transferencia
PAG-002182,FAC-001421,2025-07-04,145.57,Transferencia
PAG-002183,FAC-001421,2025-08-03,97.05,Transferencia
PAG-002184,FAC-002977,2024-10-31,1582.83,Cheque
PAG-002185,FAC-002302,2025-02-15,5278.74,Transferencia
PAG-002186,FAC-000524,2025-05-06,476.44,Transferencia
PAG-002187,FAC-000574,2024-05-09,595.48,Tarjeta
PAG-002188,FAC-001566,2026-01-13,3710.14,Transferencia
PAG-002189,FAC-002643,2025-06-13,6837.54,Transferencia
PAG-002190,FAC-001529,2025-03-23,1330.59,Transferencia
PAG-002191,FAC-002648,2025-08-11,1703.80,Tarjeta
PAG-002192,FAC-002275,2024-02-25,5518.56,Transferencia
PAG-002193,FAC-000876,2025-05-04,826.45,Efectivo
PAG-002194,FAC-000876,2025-05-24,550.97,Efectivo
PAG-002195,FAC-003138,2026-02-16,3454.48,Transferencia
PAG-002196,FAC-003083,2025-10-28,13979.16,Transferencia
PAG-002197,FAC-000329,2024-10-30,1655.36,Transferencia
PAG-002198,FAC-000012,2024-08-10,3835.98,Transferencia
PAG-002199,FAC-002836,2024-09-29,5685.47,Transferencia
PAG-002200,FAC-002511,2025-07-15,2636.00,Transferencia
PAG-002201,FAC-003487,2024-08-30,1812.77,Transferencia
PAG-002202,FAC-001043,2025-11-30,5114.25,Cheque
PAG-002203,FAC-003203,2024-11-27,1213.98,Transferencia
PAG-002204,FAC-000953,2026-01-14,890.58,Tarjeta
PAG-002205,FAC-000944,2024-09-18,2514.27,Cheque
PAG-002206,FAC-001737,2025-01-05,4016.37,Transferencia
PAG-002207,FAC-002325,2025-08-21,3672.37,Transferencia
PAG-002208,FAC-000326,2025-03-16,1635.21,Transferencia
PAG-002209,FAC-002515,2025-06-01,1020.82,Tarjeta
PAG-002210,FAC-002515,2025-06-24,680.54,Tarjeta
PAG-002211,FAC-000765,2026-01-20,1089.69,Transferencia
PAG-002212,FAC-002415,2025-08-13,1622.05,Tarjeta
PAG-002213,FAC-002794,2024-09-17,1068.66,Transferencia
PAG-002214,FAC-002292,2024-08-06,6418.29,Efectivo
PAG-002215,FAC-003007,2025-09-10,5528.25,Transferencia
PAG-002216,FAC-003007,2025-10-04,3685.50,Transferencia
PAG-002217,FAC-002551,2024-11-13,3075.17,Transferencia
PAG-002218,FAC-000081,2025-03-23,9393.72,Transferencia
PAG-002219,FAC-002108,2024-07-20,4683.45,Transferencia
PAG-002220,FAC-001798,2025-07-27,689.04,Transferencia
PAG-002221,FAC-001748,2025-12-12,538.35,Cheque
PAG-002222,FAC-000105,2024-10-27,4486.29,Transferencia
PAG-002223,FAC-002623,2024-08-25,688.14,Tarjeta
PAG-002224,FAC-000776,2025-04-15,1077.30,Transferencia
PAG-002225,FAC-002087,2025-04-01,1209.15,Transferencia
PAG-002226,FAC-000050,2024-11-20,4343.99,Transferencia
PAG-002227,FAC-000205,2025-02-05,447.32,Cheque
PAG-002228,FAC-001147,2024-12-04,400.93,Tarjeta
PAG-002229,FAC-000520,2025-09-13,759.42,Efectivo
PAG-002230,FAC-001137,2025-05-02,21250.32,Tarjeta
PAG-002231,FAC-000736,2025-10-23,3533.70,Transferencia
PAG-002232,FAC-002586,2024-06-12,1130.00,Transferencia
PAG-002233,FAC-001354,2024-07-25,2063.04,Transferencia
PAG-002234,FAC-001809,2024-09-03,403.76,Transferencia
PAG-002235,FAC-001738,2024-10-24,480.20,Transferencia
PAG-002236,FAC-000975,2026-03-28,6699.28,Transferencia
PAG-002237,FAC-003430,2025-11-25,1538.13,Transferencia
PAG-002238,FAC-002916,2025-05-31,2998.68,Cheque
PAG-002239,FAC-002131,2024-05-21,4464.16,Transferencia
PAG-002240,FAC-000621,2025-03-31,9788.50,Efectivo
PAG-002241,FAC-002852,2026-01-08,1691.76,Tarjeta
PAG-002242,FAC-003320,2024-07-31,3471.30,Transferencia
PAG-002243,FAC-002162,2025-03-24,481.96,Tarjeta
PAG-002244,FAC-001178,2024-04-25,2578.94,Transferencia
PAG-002245,FAC-000389,2024-10-20,4611.00,Transferencia
PAG-002246,FAC-002120,2024-08-17,721.04,Transferencia
PAG-002247,FAC-002871,2024-11-07,1061.04,Transferencia
PAG-002248,FAC-001307,2026-01-11,1336.68,Transferencia
PAG-002249,FAC-000790,2024-10-17,6015.08,Transferencia
PAG-002250,FAC-001272,2025-04-09,242.24,Transferencia
PAG-002251,FAC-002642,2025-05-12,2780.35,Transferencia
PAG-002252,FAC-002249,2026-01-26,2198.88,Transferencia
PAG-002253,FAC-002303,2025-11-24,902.01,Transferencia
PAG-002254,FAC-000791,2024-07-12,316.98,Cheque
PAG-002255,FAC-003432,2024-09-09,143.20,Transferencia
PAG-002256,FAC-003334,2024-03-01,1084.92,Transferencia
PAG-002257,FAC-002178,2025-10-15,2092.76,Transferencia
PAG-002258,FAC-002759,2025-02-06,3137.32,Transferencia
PAG-002259,FAC-000487,2025-12-12,5359.41,Transferencia
PAG-002260,FAC-001154,2025-06-14,108.93,Cheque
PAG-002261,FAC-002057,2025-07-10,7482.24,Transferencia
PAG-002262,FAC-000505,2024-10-15,643.00,Transferencia
PAG-002263,FAC-001432,2025-02-02,597.66,Transferencia
PAG-002264,FAC-000775,2024-04-23,7822.20,Transferencia
PAG-002265,FAC-000454,2024-06-21,102.44,Transferencia
PAG-002266,FAC-002658,2025-12-18,3780.24,Transferencia
PAG-002267,FAC-003284,2025-10-12,1742.45,Cheque
PAG-002268,FAC-003295,2025-10-31,624.43,Tarjeta
PAG-002269,FAC-001770,2025-04-20,8904.63,Tarjeta
PAG-002270,FAC-001850,2025-08-03,1211.38,Transferencia
PAG-002271,FAC-003245,2025-09-06,808.90,Tarjeta
PAG-002272,FAC-001330,2025-12-08,2171.10,Transferencia
PAG-002273,FAC-000444,2025-04-11,990.90,Transferencia
PAG-002274,FAC-000001,2024-03-30,779.84,Transferencia
PAG-002275,FAC-002414,2024-07-30,1640.40,Transferencia
PAG-002276,FAC-002306,2024-04-03,773.76,Transferencia
PAG-002277,FAC-001356,2024-05-29,4539.28,Transferencia
PAG-002278,FAC-001949,2025-02-13,864.32,Cheque
PAG-002279,FAC-000267,2025-09-24,387.05,Transferencia
PAG-002280,FAC-003218,2025-01-24,1051.79,Cheque
PAG-002281,FAC-003218,2025-02-10,701.20,Cheque
PAG-002282,FAC-002342,2025-11-12,2378.58,Transferencia
PAG-002283,FAC-002387,2025-10-09,3631.39,Tarjeta
PAG-002284,FAC-002657,2024-04-01,2912.76,Transferencia
PAG-002285,FAC-000088,2025-02-15,621.60,Transferencia
PAG-002286,FAC-000673,2024-12-22,5706.96,Cheque
PAG-002287,FAC-000433,2025-06-15,3164.46,Transferencia
PAG-002288,FAC-003471,2025-11-18,1174.52,Cheque
PAG-002289,FAC-003450,2025-11-30,1626.68,Transferencia
PAG-002290,FAC-000118,2024-06-24,116.50,Transferencia
PAG-002291,FAC-000680,2024-03-27,1632.78,Cheque
PAG-002292,FAC-001008,2024-06-11,1582.52,Transferencia
PAG-002293,FAC-003324,2024-10-03,1100.04,Tarjeta
PAG-002294,FAC-003324,2024-10-17,733.36,Tarjeta
PAG-002295,FAC-003212,2024-08-22,6170.32,Transferencia
PAG-002296,FAC-001273,2025-01-11,916.88,Transferencia
PAG-002297,FAC-003006,2024-03-14,1953.43,Cheque
PAG-002298,FAC-002728,2024-10-22,1447.92,Transferencia
PAG-002299,FAC-002620,2024-11-22,14510.04,Cheque
PAG-002300,FAC-001852,2025-03-27,825.29,Efectivo
PAG-002301,FAC-001852,2025-04-14,550.19,Efectivo
PAG-002302,FAC-000696,2025-10-19,2932.93,Cheque
PAG-002303,FAC-002743,2026-01-29,1226.48,Transferencia
PAG-002304,FAC-002525,2024-07-28,715.34,Transferencia
PAG-002305,FAC-002750,2025-08-17,2596.52,Tarjeta
PAG-002306,FAC-002750,2025-08-30,1731.02,Tarjeta
PAG-002307,FAC-002840,2025-03-07,5590.98,Transferencia
PAG-002308,FAC-000651,2024-02-20,4171.23,Cheque
PAG-002309,FAC-000651,2024-03-03,2780.82,Cheque
PAG-002310,FAC-002535,2025-12-11,187.33,Transferencia
PAG-002311,FAC-000321,2024-03-24,1163.04,Transferencia
PAG-002312,FAC-000544,2024-10-10,8639.12,Transferencia
PAG-002313,FAC-003454,2025-10-01,1803.54,Cheque
PAG-002314,FAC-002991,2024-06-15,2441.80,Transferencia
PAG-002315,FAC-001296,2024-03-08,364.32,Transferencia
PAG-002316,FAC-000767,2024-05-21,1018.80,Tarjeta
PAG-002317,FAC-002467,2025-12-14,2162.55,Cheque
PAG-002318,FAC-000936,2025-03-02,12310.06,Transferencia
PAG-002319,FAC-000177,2025-08-19,1378.51,Transferencia
PAG-002320,FAC-002764,2025-09-04,408.85,Transferencia
PAG-002321,FAC-001058,2024-11-11,11387.16,Transferencia
PAG-002322,FAC-003005,2025-03-26,12399.94,Transferencia
PAG-002323,FAC-001989,2025-03-21,826.66,Efectivo
PAG-002324,FAC-000432,2025-01-29,996.40,Transferencia
PAG-002325,FAC-002422,2024-11-27,838.76,Transferencia
PAG-002326,FAC-000245,2025-09-16,4993.73,Transferencia
PAG-002327,FAC-000025,2025-05-28,209.64,Transferencia
PAG-002328,FAC-003135,2025-11-02,2607.65,Transferencia
PAG-002329,FAC-000718,2024-09-15,1209.96,Transferencia
PAG-002330,FAC-000470,2025-06-12,1710.92,Transferencia
PAG-002331,FAC-000072,2026-04-28,624.77,Transferencia
PAG-002332,FAC-000351,2024-11-06,3813.18,Tarjeta
PAG-002333,FAC-002115,2024-11-04,384.46,Transferencia
PAG-002334,FAC-001012,2025-10-11,3120.12,Transferencia
PAG-002335,FAC-000268,2024-08-13,2738.05,Tarjeta
PAG-002336,FAC-001838,2024-02-10,989.76,Cheque
PAG-002337,FAC-000631,2024-08-30,4456.05,Tarjeta
PAG-002338,FAC-002380,2025-10-15,1091.70,Tarjeta
PAG-002339,FAC-003272,2024-02-21,2019.93,Transferencia
PAG-002340,FAC-002974,2025-08-24,1271.13,Efectivo
PAG-002341,FAC-000935,2025-06-29,2860.77,Transferencia
PAG-002342,FAC-001960,2025-12-29,4617.36,Transferencia
PAG-002343,FAC-002197,2025-11-05,5298.72,Tarjeta
PAG-002344,FAC-002887,2025-05-14,971.64,Tarjeta
PAG-002345,FAC-001839,2024-08-01,3623.04,Transferencia
PAG-002346,FAC-000916,2025-02-21,2169.93,Transferencia
PAG-002347,FAC-000916,2025-03-05,1446.62,Transferencia
PAG-002348,FAC-003401,2024-09-23,1620.36,Cheque
PAG-002349,FAC-003261,2026-03-05,2408.94,Tarjeta
PAG-002350,FAC-002855,2025-10-05,1303.26,Cheque
PAG-002351,FAC-001608,2024-09-21,4234.08,Transferencia
PAG-002352,FAC-003247,2026-02-26,600.64,Transferencia
PAG-002353,FAC-001258,2025-11-01,243.40,Transferencia
PAG-002354,FAC-002189,2025-11-16,1569.18,Transferencia
PAG-002355,FAC-001118,2024-12-29,1747.33,Transferencia
PAG-002356,FAC-001010,2024-10-07,1627.38,Cheque
PAG-002357,FAC-001674,2024-09-05,12535.62,Transferencia
PAG-002358,FAC-002919,2025-08-05,2169.25,Transferencia
PAG-002359,FAC-002499,2025-12-03,9631.68,Tarjeta
PAG-002360,FAC-001167,2025-12-30,838.94,Transferencia
PAG-002361,FAC-001688,2025-08-07,1748.47,Transferencia
PAG-002362,FAC-002478,2025-11-21,2330.86,Transferencia
PAG-002363,FAC-002478,2025-12-16,1553.90,Transferencia
PAG-002364,FAC-001208,2024-04-04,1074.92,Tarjeta
PAG-002365,FAC-002650,2025-08-05,1151.70,Tarjeta
PAG-002366,FAC-000759,2025-08-07,4171.58,Tarjeta
PAG-002367,FAC-003102,2025-05-03,1282.76,Efectivo
PAG-002368,FAC-001276,2025-02-16,9026.71,Transferencia
PAG-002369,FAC-002726,2026-03-06,440.46,Tarjeta
PAG-002370,FAC-002177,2025-08-21,369.68,Transferencia
PAG-002371,FAC-002177,2025-09-04,246.46,Transferencia
PAG-002372,FAC-001175,2026-01-27,847.50,Transferencia
PAG-002373,FAC-001060,2025-06-14,122.00,Tarjeta
PAG-002374,FAC-001464,2024-10-11,2064.06,Transferencia
PAG-002375,FAC-001114,2024-03-04,7105.99,Cheque
PAG-002376,FAC-001944,2024-01-22,3275.88,Transferencia
PAG-002377,FAC-002652,2024-02-28,502.58,Transferencia
PAG-002378,FAC-000551,2024-07-21,1559.65,Transferencia
PAG-002379,FAC-001412,2024-11-18,9693.36,Cheque
PAG-002380,FAC-002554,2024-05-07,4459.21,Tarjeta
PAG-002381,FAC-002638,2024-04-03,5069.16,Cheque
PAG-002382,FAC-002286,2025-04-23,4437.90,Transferencia
PAG-002383,FAC-002647,2025-09-26,5047.80,Tarjeta
PAG-002384,FAC-000400,2024-08-05,11944.68,Transferencia
PAG-002385,FAC-000453,2024-05-25,4897.84,Transferencia
PAG-002386,FAC-001249,2026-01-11,2235.90,Transferencia
PAG-002387,FAC-002883,2024-09-29,229.20,Transferencia
PAG-002388,FAC-003173,2024-12-23,105.64,Transferencia
PAG-002389,FAC-002660,2024-08-09,1920.19,Transferencia
PAG-002390,FAC-000443,2025-01-12,521.10,Transferencia
PAG-002391,FAC-001494,2025-08-22,5621.58,Transferencia
PAG-002392,FAC-000786,2025-03-20,4645.72,Transferencia
PAG-002393,FAC-001965,2025-04-14,1340.58,Transferencia
PAG-002394,FAC-000327,2025-04-27,301.47,Efectivo
PAG-002395,FAC-001083,2025-04-04,250.36,Cheque
PAG-002396,FAC-001475,2025-05-12,1969.98,Cheque
PAG-002397,FAC-000261,2025-10-30,57.93,Transferencia
PAG-002398,FAC-003303,2024-10-04,577.83,Cheque
PAG-002399,FAC-003303,2024-10-23,385.22,Cheque
PAG-002400,FAC-001612,2024-03-26,2009.63,Tarjeta
PAG-002401,FAC-000176,2024-01-11,1838.24,Cheque
PAG-002402,FAC-001182,2025-06-29,4509.64,Transferencia
PAG-002403,FAC-000328,2025-04-09,1042.22,Transferencia
PAG-002404,FAC-001117,2025-01-14,3874.05,Transferencia
PAG-002405,FAC-001284,2025-04-01,506.03,Transferencia
PAG-002406,FAC-002335,2025-12-11,1171.11,Efectivo
PAG-002407,FAC-002673,2026-01-31,2546.06,Efectivo
PAG-002408,FAC-001164,2024-07-22,8779.60,Transferencia
PAG-002409,FAC-000249,2025-07-01,2124.81,Transferencia
PAG-002410,FAC-002186,2024-07-04,1252.48,Transferencia
PAG-002411,FAC-001116,2025-01-16,2371.35,Transferencia
PAG-002412,FAC-000014,2024-06-03,1915.78,Efectivo
PAG-002413,FAC-001708,2024-05-22,512.70,Transferencia
PAG-002414,FAC-000504,2024-10-18,1408.26,Tarjeta
PAG-002415,FAC-002848,2025-10-28,826.80,Transferencia
PAG-002416,FAC-000080,2024-06-29,2598.36,Transferencia
PAG-002417,FAC-000080,2024-07-11,1732.24,Transferencia
PAG-002418,FAC-002276,2025-04-08,379.05,Cheque
PAG-002419,FAC-001306,2024-05-20,11112.64,Transferencia
PAG-002420,FAC-001450,2025-08-26,1309.25,Transferencia
PAG-002421,FAC-000563,2025-04-29,5764.50,Transferencia
PAG-002422,FAC-000851,2025-03-26,3163.46,Transferencia
PAG-002423,FAC-002423,2025-12-08,1824.24,Transferencia
PAG-002424,FAC-001344,2024-10-28,2085.16,Cheque
PAG-002425,FAC-003137,2024-08-29,1088.22,Transferencia
PAG-002426,FAC-002386,2025-11-07,496.59,Transferencia
PAG-002427,FAC-002386,2025-11-18,331.06,Transferencia
PAG-002428,FAC-000343,2024-05-03,1852.45,Transferencia
PAG-002429,FAC-002994,2024-05-07,1972.20,Transferencia
PAG-002430,FAC-002074,2024-11-20,594.12,Cheque
PAG-002431,FAC-002074,2024-12-01,396.08,Cheque
PAG-002432,FAC-001844,2025-03-27,436.77,Transferencia
PAG-002433,FAC-000302,2025-12-11,1450.08,Transferencia
PAG-002434,FAC-000588,2025-04-14,326.22,Cheque
PAG-002435,FAC-002727,2024-10-18,260.75,Transferencia
PAG-002436,FAC-002727,2024-11-16,173.84,Transferencia
PAG-002437,FAC-000604,2025-08-30,1199.80,Transferencia
PAG-002438,FAC-002611,2025-10-01,1107.60,Transferencia
PAG-002439,FAC-001283,2025-11-04,3759.96,Transferencia
PAG-002440,FAC-002280,2024-09-15,2564.45,Transferencia
PAG-002441,FAC-001304,2025-12-19,1336.14,Tarjeta
PAG-002442,FAC-001092,2025-09-23,5809.65,Transferencia
PAG-002443,FAC-002026,2025-07-15,227.22,Transferencia
PAG-002444,FAC-000319,2025-11-14,9423.60,Transferencia
PAG-002445,FAC-002811,2025-05-16,2176.93,Transferencia
PAG-002446,FAC-002305,2026-01-12,4566.04,Transferencia
PAG-002447,FAC-001876,2025-02-22,3159.42,Cheque
PAG-002448,FAC-003180,2025-10-21,6608.19,Transferencia
PAG-002449,FAC-001023,2024-09-24,1809.48,Transferencia
PAG-002450,FAC-000107,2025-04-05,6972.50,Transferencia
PAG-002451,FAC-003310,2025-07-18,4811.04,Transferencia
PAG-002452,FAC-000594,2024-04-21,2822.89,Transferencia
PAG-002453,FAC-000506,2024-12-22,706.86,Tarjeta
PAG-002454,FAC-000409,2026-01-06,889.76,Transferencia
PAG-002455,FAC-003205,2025-08-25,194.56,Transferencia
PAG-002456,FAC-003205,2025-09-11,129.71,Transferencia
PAG-002457,FAC-001654,2024-05-05,8918.19,Cheque
PAG-002458,FAC-003382,2024-03-16,765.06,Transferencia
PAG-002459,FAC-002014,2025-04-21,387.93,Transferencia
PAG-002460,FAC-001434,2024-05-16,429.82,Efectivo
PAG-002461,FAC-000491,2025-02-05,2517.90,Transferencia
PAG-002462,FAC-001990,2024-07-16,4750.24,Transferencia
PAG-002463,FAC-000124,2025-03-24,1941.67,Transferencia
PAG-002464,FAC-001554,2024-10-18,430.47,Cheque
PAG-002465,FAC-001287,2024-04-02,219.67,Transferencia
PAG-002466,FAC-003107,2025-11-26,133.02,Cheque
PAG-002467,FAC-003107,2025-12-11,88.68,Cheque
PAG-002468,FAC-001606,2024-09-07,1060.29,Transferencia
PAG-002469,FAC-001664,2024-10-10,366.90,Cheque
PAG-002470,FAC-001866,2024-05-29,15548.28,Transferencia
PAG-002471,FAC-002995,2024-07-17,4465.35,Transferencia
PAG-002472,FAC-002572,2026-03-06,2150.20,Transferencia
PAG-002473,FAC-000146,2024-09-26,3861.90,Transferencia
PAG-002474,FAC-000812,2025-07-18,2270.45,Tarjeta
PAG-002475,FAC-002226,2024-06-24,10047.54,Transferencia
PAG-002476,FAC-000277,2024-02-14,874.37,Transferencia
PAG-002477,FAC-000277,2024-03-08,582.91,Transferencia
PAG-002478,FAC-000017,2025-05-11,983.26,Transferencia
PAG-002479,FAC-001834,2024-12-17,1134.06,Cheque
PAG-002480,FAC-001064,2024-05-25,1541.84,Transferencia
PAG-002481,FAC-003300,2024-12-06,757.16,Transferencia
PAG-002482,FAC-001162,2025-04-16,3515.48,Efectivo
PAG-002483,FAC-001924,2025-03-09,14403.20,Transferencia
PAG-002484,FAC-002604,2024-09-04,352.34,Tarjeta
PAG-002485,FAC-000258,2024-07-03,52.07,Transferencia
PAG-002486,FAC-001374,2024-11-02,10429.80,Transferencia
PAG-002487,FAC-000182,2025-05-13,907.10,Tarjeta
PAG-002488,FAC-002025,2024-08-21,1172.88,Transferencia
PAG-002489,FAC-002025,2024-09-16,781.92,Transferencia
PAG-002490,FAC-002106,2024-07-14,3815.24,Transferencia
PAG-002491,FAC-000032,2025-10-13,335.94,Transferencia
PAG-002492,FAC-000032,2025-11-10,223.96,Transferencia
PAG-002493,FAC-000342,2024-09-06,2763.75,Cheque
PAG-002494,FAC-002356,2024-05-01,2073.31,Transferencia
PAG-002495,FAC-001108,2025-02-23,2590.18,Transferencia
PAG-002496,FAC-002841,2024-09-09,2840.46,Transferencia
PAG-002497,FAC-000745,2025-10-17,307.99,Tarjeta
PAG-002498,FAC-001957,2025-05-01,846.65,Transferencia
PAG-002499,FAC-002564,2025-02-28,21111.37,Transferencia
PAG-002500,FAC-000241,2025-12-30,487.26,Cheque
PAG-002501,FAC-002791,2025-04-07,602.47,Tarjeta
PAG-002502,FAC-002485,2025-01-30,1619.24,Transferencia
PAG-002503,FAC-000113,2024-07-31,362.94,Cheque
PAG-002504,FAC-000311,2024-07-17,1909.62,Transferencia
PAG-002505,FAC-002458,2024-04-09,224.70,Tarjeta
PAG-002506,FAC-002364,2024-06-08,102.96,Transferencia
PAG-002507,FAC-002318,2025-03-06,1445.47,Transferencia
PAG-002508,FAC-000781,2024-09-29,3924.76,Tarjeta
PAG-002509,FAC-000980,2025-10-16,260.00,Transferencia
PAG-002510,FAC-003379,2024-11-04,4968.24,Cheque
PAG-002511,FAC-003379,2024-11-26,3312.16,Cheque
PAG-002512,FAC-001214,2025-08-12,13858.02,Transferencia
PAG-002513,FAC-001521,2024-02-14,1170.48,Transferencia
PAG-002514,FAC-002980,2025-03-14,810.57,Efectivo
PAG-002515,FAC-001413,2024-07-19,1704.06,Cheque
PAG-002516,FAC-000949,2024-06-28,1450.89,Transferencia
PAG-002517,FAC-000949,2024-07-24,967.26,Transferencia
PAG-002518,FAC-001032,2025-06-03,5984.07,Cheque
PAG-002519,FAC-001422,2025-08-04,1512.77,Transferencia
PAG-002520,FAC-002632,2024-06-21,6981.24,Transferencia
PAG-002521,FAC-002780,2025-12-05,6958.76,Cheque
PAG-002522,FAC-002132,2024-09-27,2749.05,Tarjeta
PAG-002523,FAC-002725,2024-04-06,603.20,Transferencia
PAG-002524,FAC-001657,2024-09-10,2370.60,Cheque
PAG-002525,FAC-002510,2025-05-03,1708.08,Transferencia
PAG-002526,FAC-003214,2025-02-20,8187.48,Transferencia
PAG-002527,FAC-001326,2024-10-28,1750.00,Efectivo
PAG-002528,FAC-000210,2025-04-25,5111.33,Tarjeta
PAG-002529,FAC-001030,2024-02-03,8640.87,Transferencia
PAG-002530,FAC-001433,2025-04-25,2578.40,Cheque
PAG-002531,FAC-000089,2024-04-28,4465.72,Transferencia
PAG-002532,FAC-002540,2025-12-23,2242.35,Transferencia
PAG-002533,FAC-002540,2026-01-11,1494.90,Transferencia
PAG-002534,FAC-003082,2024-10-27,2135.46,Transferencia
PAG-002535,FAC-003082,2024-11-13,1423.64,Transferencia
PAG-002536,FAC-002561,2025-03-29,388.14,Tarjeta
PAG-002537,FAC-002435,2025-01-03,500.92,Cheque
PAG-002538,FAC-003042,2025-11-04,820.78,Tarjeta
PAG-002539,FAC-002527,2024-07-24,4823.35,Transferencia
PAG-002540,FAC-003434,2025-03-20,2258.60,Tarjeta
PAG-002541,FAC-000735,2025-07-07,2079.77,Transferencia
PAG-002542,FAC-002471,2025-05-02,885.78,Transferencia
PAG-002543,FAC-001285,2025-07-06,3075.45,Cheque
PAG-002544,FAC-000424,2024-06-18,1705.86,Transferencia
PAG-002545,FAC-001599,2025-09-16,1479.40,Tarjeta
PAG-002546,FAC-000151,2025-06-06,1298.48,Transferencia
PAG-002547,FAC-000151,2025-06-20,865.66,Transferencia
PAG-002548,FAC-000247,2025-09-02,812.83,Transferencia
PAG-002549,FAC-003372,2024-12-27,369.78,Transferencia
PAG-002550,FAC-000749,2024-02-11,972.20,Cheque
PAG-002551,FAC-002434,2025-12-08,5987.43,Transferencia
PAG-002552,FAC-000293,2025-07-07,644.56,Efectivo
PAG-002553,FAC-000231,2025-05-17,2599.06,Efectivo
PAG-002554,FAC-002475,2024-04-10,841.27,Transferencia
PAG-002555,FAC-000811,2026-03-20,52.73,Transferencia
PAG-002556,FAC-001499,2025-02-11,3242.84,Transferencia
PAG-002557,FAC-002239,2024-08-10,1278.08,Transferencia
PAG-002558,FAC-000900,2025-03-28,439.98,Transferencia
PAG-002559,FAC-000143,2024-12-31,13738.55,Transferencia
PAG-002560,FAC-002749,2024-05-02,485.76,Transferencia
PAG-002561,FAC-001367,2024-12-23,2598.84,Transferencia
PAG-002562,FAC-001367,2025-01-06,1732.56,Transferencia
PAG-002563,FAC-002790,2025-11-16,2088.01,Transferencia
PAG-002564,FAC-001562,2024-02-16,5433.90,Transferencia
PAG-002565,FAC-000027,2025-08-17,5722.29,Transferencia
PAG-002566,FAC-000051,2025-04-29,748.68,Transferencia
PAG-002567,FAC-001243,2025-06-12,320.47,Tarjeta
PAG-002568,FAC-000690,2024-07-26,483.42,Cheque
PAG-002569,FAC-002341,2024-06-21,3114.23,Transferencia
PAG-002570,FAC-002354,2024-07-08,927.24,Transferencia
PAG-002571,FAC-003311,2025-04-16,952.03,Cheque
PAG-002572,FAC-002854,2025-03-12,1746.36,Transferencia
PAG-002573,FAC-002854,2025-03-29,1164.24,Transferencia
PAG-002574,FAC-003381,2024-08-22,1494.30,Cheque
PAG-002575,FAC-002584,2024-09-19,5622.75,Transferencia
PAG-002576,FAC-000086,2025-08-02,891.82,Transferencia
PAG-002577,FAC-000929,2024-12-21,2649.75,Transferencia
PAG-002578,FAC-002456,2025-07-26,9694.95,Efectivo
PAG-002579,FAC-001111,2025-03-20,1412.28,Tarjeta
PAG-002580,FAC-002898,2024-10-10,2503.11,Cheque
PAG-002581,FAC-002722,2026-02-24,1020.30,Tarjeta
PAG-002582,FAC-000406,2025-05-08,1994.96,Cheque
PAG-002583,FAC-002885,2025-08-24,464.20,Cheque
PAG-002584,FAC-001831,2024-09-05,2989.56,Transferencia
PAG-002585,FAC-000134,2026-04-14,880.20,Transferencia
PAG-002586,FAC-002438,2025-06-07,212.10,Cheque
PAG-002587,FAC-001780,2024-06-27,620.40,Cheque
PAG-002588,FAC-002192,2024-11-10,968.07,Cheque
PAG-002589,FAC-003363,2025-04-25,2202.59,Transferencia
PAG-002590,FAC-003363,2025-05-12,1468.39,Transferencia
PAG-002591,FAC-000308,2025-10-17,11390.52,Transferencia
PAG-002592,FAC-000991,2025-08-24,895.04,Tarjeta
PAG-002593,FAC-002216,2025-01-17,2652.70,Transferencia
PAG-002594,FAC-002141,2024-03-16,2095.08,Transferencia
PAG-002595,FAC-002141,2024-04-13,1396.72,Transferencia
PAG-002596,FAC-001084,2025-05-01,5009.04,Transferencia
PAG-002597,FAC-001069,2025-02-16,332.42,Efectivo
PAG-002598,FAC-003323,2025-04-10,11063.29,Transferencia
PAG-002599,FAC-000850,2025-11-11,4922.40,Tarjeta
PAG-002600,FAC-000906,2024-10-04,1302.24,Transferencia
PAG-002601,FAC-000739,2025-09-25,883.56,Tarjeta
PAG-002602,FAC-002776,2025-05-28,20403.95,Transferencia
PAG-002603,FAC-003291,2024-04-06,4765.95,Tarjeta
PAG-002604,FAC-001693,2025-03-19,1014.24,Transferencia
PAG-002605,FAC-001803,2024-01-15,2579.22,Transferencia
PAG-002606,FAC-000686,2024-07-25,4791.64,Transferencia
PAG-002607,FAC-001452,2025-05-16,3932.18,Cheque
PAG-002608,FAC-002552,2024-03-09,3928.35,Tarjeta
PAG-002609,FAC-000954,2025-08-29,2136.18,Transferencia
PAG-002610,FAC-000386,2024-10-04,1050.20,Transferencia
PAG-002611,FAC-002793,2025-05-05,1494.68,Tarjeta
PAG-002612,FAC-002569,2025-09-27,2213.50,Tarjeta
PAG-002613,FAC-001244,2024-11-25,7399.20,Transferencia
PAG-002614,FAC-000554,2024-07-12,6410.20,Transferencia
PAG-002615,FAC-001544,2026-02-27,1607.08,Tarjeta
PAG-002616,FAC-002696,2025-10-11,3174.08,Transferencia
PAG-002617,FAC-003230,2024-06-02,6753.95,Cheque
PAG-002618,FAC-002204,2025-08-31,859.58,Transferencia
PAG-002619,FAC-003428,2025-10-11,2264.55,Transferencia
PAG-002620,FAC-000849,2024-10-20,2036.88,Tarjeta
PAG-002621,FAC-001867,2025-05-15,18125.58,Transferencia
PAG-002622,FAC-000305,2025-08-16,270.35,Transferencia
PAG-002623,FAC-000826,2025-10-16,565.92,Transferencia
PAG-002624,FAC-002029,2024-06-29,8674.86,Transferencia
PAG-002625,FAC-001469,2024-02-02,1570.25,Transferencia
PAG-002626,FAC-001823,2024-11-27,1503.74,Tarjeta
PAG-002627,FAC-000093,2024-10-23,205.74,Transferencia
PAG-002628,FAC-000093,2024-11-13,137.16,Transferencia
PAG-002629,FAC-002472,2024-12-19,1121.82,Transferencia
PAG-002630,FAC-002941,2024-09-09,6670.30,Transferencia
PAG-002631,FAC-002798,2024-08-11,804.34,Transferencia
PAG-002632,FAC-001548,2024-04-05,1326.93,Transferencia
PAG-002633,FAC-002687,2025-08-30,423.71,Transferencia
PAG-002634,FAC-000603,2025-05-26,5988.32,Transferencia
PAG-002635,FAC-003254,2025-09-24,6948.90,Cheque
PAG-002636,FAC-002441,2025-12-31,1957.24,Transferencia
PAG-002637,FAC-000421,2025-03-01,533.02,Transferencia
PAG-002638,FAC-001190,2025-08-23,3051.40,Transferencia
PAG-002639,FAC-002440,2024-12-02,5818.26,Cheque
PAG-002640,FAC-000865,2024-12-04,9102.45,Transferencia
PAG-002641,FAC-002678,2025-12-27,2457.26,Cheque
PAG-002642,FAC-001248,2024-05-05,745.59,Transferencia
PAG-002643,FAC-002337,2024-08-15,973.32,Transferencia
PAG-002644,FAC-001089,2025-10-01,2532.66,Tarjeta
PAG-002645,FAC-002128,2024-10-20,549.21,Transferencia
PAG-002646,FAC-003260,2025-07-07,1733.10,Transferencia
PAG-002647,FAC-001697,2024-11-21,2508.38,Transferencia
PAG-002648,FAC-002959,2026-03-13,6527.65,Transferencia
PAG-002649,FAC-002820,2025-06-10,1863.48,Tarjeta
PAG-002650,FAC-000378,2025-02-18,299.70,Transferencia
PAG-002651,FAC-000119,2024-11-16,227.08,Efectivo
PAG-002652,FAC-000119,2024-12-10,151.39,Efectivo
PAG-002653,FAC-000195,2025-05-29,294.70,Tarjeta
PAG-002654,FAC-002677,2024-02-24,1924.15,Transferencia
PAG-002655,FAC-002447,2024-11-25,1175.91,Transferencia
PAG-002656,FAC-000153,2024-07-24,1074.76,Tarjeta
PAG-002657,FAC-002574,2024-11-04,3090.12,Transferencia
PAG-002658,FAC-000676,2024-01-07,3008.28,Transferencia
PAG-002659,FAC-002353,2025-05-01,3614.28,Transferencia
PAG-002660,FAC-002587,2025-04-25,7045.78,Cheque
PAG-002661,FAC-001013,2025-12-18,417.03,Tarjeta
PAG-002662,FAC-003018,2024-11-19,2295.17,Tarjeta
PAG-002663,FAC-002928,2025-07-23,1854.44,Transferencia
PAG-002664,FAC-001400,2025-10-15,1209.62,Tarjeta
PAG-002665,FAC-001400,2025-11-01,806.41,Tarjeta
PAG-002666,FAC-000868,2025-02-20,4695.00,Transferencia
PAG-002667,FAC-003357,2024-04-06,2198.14,Cheque
PAG-002668,FAC-001543,2025-01-25,152.50,Transferencia
PAG-002669,FAC-001543,2025-02-20,101.66,Transferencia
PAG-002670,FAC-000099,2024-05-01,222.56,Transferencia
PAG-002671,FAC-002862,2024-10-23,1074.90,Transferencia
PAG-002672,FAC-003069,2025-05-24,1146.71,Transferencia
PAG-002673,FAC-000307,2025-11-29,1387.38,Efectivo
PAG-002674,FAC-002537,2025-04-12,1212.48,Transferencia
PAG-002675,FAC-001057,2025-07-03,668.10,Transferencia
PAG-002676,FAC-002015,2024-06-13,1836.78,Transferencia
PAG-002677,FAC-003477,2025-11-09,11452.77,Tarjeta
PAG-002678,FAC-000079,2025-09-07,3591.60,Cheque
PAG-002679,FAC-001102,2025-05-03,3702.42,Transferencia
PAG-002680,FAC-003332,2024-08-16,1770.76,Transferencia
PAG-002681,FAC-001181,2025-02-25,2928.60,Cheque
PAG-002682,FAC-002970,2024-07-18,144.79,Tarjeta
PAG-002683,FAC-003213,2025-01-21,2945.39,Transferencia
PAG-002684,FAC-000040,2024-03-08,2925.86,Tarjeta
PAG-002685,FAC-002187,2024-04-25,1964.88,Cheque
PAG-002686,FAC-003225,2025-04-03,5017.89,Transferencia
PAG-002687,FAC-000996,2025-12-04,742.64,Transferencia
PAG-002688,FAC-003148,2024-11-11,3166.49,Transferencia
PAG-002689,FAC-000042,2024-09-03,579.84,Transferencia
PAG-002690,FAC-001135,2025-01-09,1176.64,Transferencia
PAG-002691,FAC-000164,2025-03-16,3063.24,Transferencia
PAG-002692,FAC-000660,2025-05-21,361.59,Transferencia
PAG-002693,FAC-000434,2025-12-24,4349.00,Tarjeta
PAG-002694,FAC-002851,2025-03-11,1290.79,Cheque
PAG-002695,FAC-003351,2024-04-12,1664.38,Transferencia
PAG-002696,FAC-003351,2024-05-09,1109.58,Transferencia
PAG-002697,FAC-000021,2025-04-28,8071.12,Transferencia
PAG-002698,FAC-003237,2025-07-30,1399.64,Transferencia
PAG-002699,FAC-000955,2025-04-03,2504.80,Cheque
PAG-002700,FAC-002143,2025-10-20,3550.71,Transferencia
PAG-002701,FAC-002802,2025-12-18,686.52,Transferencia
PAG-002702,FAC-002147,2024-12-16,1147.30,Transferencia
PAG-002703,FAC-001639,2024-08-04,771.88,Transferencia
PAG-002704,FAC-003130,2025-05-19,675.69,Cheque
PAG-002705,FAC-000477,2025-03-31,819.88,Tarjeta
PAG-002706,FAC-002345,2024-06-17,2793.45,Transferencia
PAG-002707,FAC-002698,2025-07-28,21391.51,Transferencia
PAG-002708,FAC-002636,2024-09-27,1298.77,Tarjeta
PAG-002709,FAC-000987,2026-03-15,220.10,Tarjeta
PAG-002710,FAC-001760,2024-05-12,1227.93,Tarjeta
PAG-002711,FAC-001995,2025-10-07,1828.80,Cheque
PAG-002712,FAC-002110,2024-12-30,1299.90,Tarjeta
PAG-002713,FAC-002367,2025-08-11,1539.86,Transferencia
PAG-002714,FAC-000431,2024-10-24,2209.09,Transferencia
PAG-002715,FAC-000431,2024-11-19,1472.72,Transferencia
PAG-002716,FAC-000878,2025-02-14,336.12,Transferencia
PAG-002717,FAC-000878,2025-03-16,224.08,Transferencia
PAG-002718,FAC-002203,2024-04-10,4793.82,Transferencia
PAG-002719,FAC-000608,2025-11-26,2987.42,Transferencia
PAG-002720,FAC-000950,2025-10-03,13810.20,Transferencia
PAG-002721,FAC-003115,2025-07-10,2603.00,Transferencia
PAG-002722,FAC-001591,2025-08-30,762.31,Transferencia
PAG-002723,FAC-000062,2024-11-16,2688.49,Transferencia
PAG-002724,FAC-001883,2024-09-19,1849.85,Tarjeta
PAG-002725,FAC-003301,2024-06-20,6343.92,Tarjeta
PAG-002726,FAC-001262,2024-03-27,899.58,Transferencia
PAG-002727,FAC-003293,2025-10-28,3219.30,Cheque
PAG-002728,FAC-001446,2025-05-22,1347.36,Cheque
PAG-002729,FAC-001200,2025-05-22,260.86,Transferencia
PAG-002730,FAC-001110,2025-10-29,1872.11,Tarjeta
PAG-002731,FAC-000734,2024-10-28,2958.75,Transferencia
PAG-002732,FAC-000740,2025-08-22,755.82,Transferencia
PAG-002733,FAC-000037,2024-06-17,3328.08,Transferencia
PAG-002734,FAC-002012,2025-12-25,9437.90,Transferencia
PAG-002735,FAC-001345,2025-05-28,446.01,Transferencia
PAG-002736,FAC-000256,2024-09-16,923.13,Transferencia
PAG-002737,FAC-001964,2024-06-19,1658.44,Transferencia
PAG-002738,FAC-001874,2026-01-06,644.50,Transferencia
PAG-002739,FAC-002065,2026-03-26,2967.37,Transferencia
PAG-002740,FAC-000283,2026-02-13,9781.50,Transferencia
PAG-002741,FAC-000301,2025-06-29,3889.32,Tarjeta
PAG-002742,FAC-002381,2026-01-01,1853.76,Transferencia
PAG-002743,FAC-002248,2025-11-09,1762.32,Transferencia
PAG-002744,FAC-002148,2024-09-05,9578.04,Tarjeta
PAG-002745,FAC-000163,2025-08-25,709.68,Transferencia
PAG-002746,FAC-001437,2025-09-07,1205.48,Tarjeta
PAG-002747,FAC-003267,2025-12-04,2168.61,Transferencia
PAG-002748,FAC-003267,2025-12-27,1445.74,Transferencia
PAG-002749,FAC-003248,2026-01-04,3181.15,Transferencia
PAG-002750,FAC-003437,2025-03-31,7097.70,Cheque
PAG-002751,FAC-001808,2025-01-31,3987.34,Transferencia
PAG-002752,FAC-002886,2025-01-25,4743.78,Transferencia
PAG-002753,FAC-001078,2025-12-12,142.65,Transferencia
PAG-002754,FAC-002136,2025-07-29,795.76,Cheque
PAG-002755,FAC-000115,2024-04-02,432.94,Tarjeta
PAG-002756,FAC-001198,2024-09-29,1072.86,Tarjeta
PAG-002757,FAC-000960,2025-06-16,1827.44,Tarjeta
PAG-002758,FAC-002250,2024-05-22,577.36,Tarjeta
PAG-002759,FAC-002641,2024-10-21,3749.64,Tarjeta
PAG-002760,FAC-001681,2025-12-08,575.58,Transferencia
PAG-002761,FAC-001522,2024-11-15,126.29,Transferencia
PAG-002762,FAC-001692,2025-07-25,1361.12,Cheque
PAG-002763,FAC-002509,2024-02-12,1317.62,Cheque
PAG-002764,FAC-002243,2024-06-04,44.40,Transferencia
PAG-002765,FAC-000533,2024-06-20,6749.40,Cheque
PAG-002766,FAC-002258,2024-03-02,1574.10,Efectivo
PAG-002767,FAC-002789,2024-11-01,1829.16,Transferencia
PAG-002768,FAC-000294,2024-04-06,441.45,Cheque
PAG-002769,FAC-002978,2024-11-15,885.35,Transferencia
PAG-002770,FAC-000700,2025-11-18,5382.42,Cheque
PAG-002771,FAC-000116,2024-12-11,2657.43,Transferencia
PAG-002772,FAC-003186,2024-05-07,287.76,Tarjeta
PAG-002773,FAC-000552,2024-02-17,2595.00,Transferencia
PAG-002774,FAC-002052,2024-03-25,369.60,Transferencia
PAG-002775,FAC-001745,2025-06-16,1883.84,Tarjeta
PAG-002776,FAC-003341,2025-11-27,1168.47,Tarjeta
PAG-002777,FAC-000215,2024-12-22,1707.57,Transferencia
PAG-002778,FAC-002037,2025-01-11,1741.68,Transferencia
PAG-002779,FAC-000202,2025-11-06,694.72,Transferencia
PAG-002780,FAC-001136,2024-07-31,312.96,Tarjeta
PAG-002781,FAC-003317,2024-08-17,1907.01,Transferencia
PAG-002782,FAC-003496,2024-12-21,2396.20,Transferencia
PAG-002783,FAC-001987,2024-06-09,3677.45,Cheque
PAG-002784,FAC-001038,2024-05-09,6718.80,Transferencia
PAG-002785,FAC-000248,2024-09-27,596.48,Transferencia
PAG-002786,FAC-000730,2024-12-22,506.45,Transferencia
PAG-002787,FAC-003451,2025-04-25,11674.39,Transferencia
PAG-002788,FAC-001508,2024-11-13,414.76,Efectivo
PAG-002789,FAC-001076,2025-02-08,2130.15,Transferencia
PAG-002790,FAC-002232,2025-08-17,1617.70,Transferencia
PAG-002791,FAC-002083,2025-03-10,2053.24,Tarjeta
PAG-002792,FAC-000639,2025-08-12,1290.18,Cheque
PAG-002793,FAC-002816,2025-03-08,3552.36,Transferencia
PAG-002794,FAC-002365,2025-05-29,3429.64,Transferencia
PAG-002795,FAC-001799,2025-12-15,2734.50,Transferencia
PAG-002796,FAC-001470,2025-05-08,9768.64,Tarjeta
PAG-002797,FAC-000131,2024-10-14,927.96,Tarjeta
PAG-002798,FAC-003033,2025-03-04,3318.54,Tarjeta
PAG-002799,FAC-001727,2024-04-16,2526.85,Cheque
PAG-002800,FAC-001863,2024-04-21,962.72,Tarjeta
PAG-002801,FAC-002209,2024-03-21,3548.86,Tarjeta
PAG-002802,FAC-001872,2025-10-09,6386.10,Transferencia
PAG-002803,FAC-001851,2024-05-07,2496.12,Transferencia
PAG-002804,FAC-000360,2025-05-21,7772.80,Transferencia
PAG-002805,FAC-000125,2024-02-10,996.12,Efectivo
PAG-002806,FAC-000792,2024-06-12,1625.22,Transferencia
PAG-002807,FAC-000369,2024-07-06,3701.53,Transferencia
PAG-002808,FAC-000207,2024-05-30,2498.28,Tarjeta
PAG-002809,FAC-000468,2025-07-10,2984.36,Tarjeta
PAG-002810,FAC-003480,2024-07-26,4802.35,Transferencia
PAG-002811,FAC-002109,2024-12-13,1513.68,Transferencia
PAG-002812,FAC-001144,2024-08-26,17662.74,Cheque
PAG-002813,FAC-003490,2024-07-19,3607.31,Transferencia
PAG-002814,FAC-000624,2024-11-08,3430.98,Transferencia
PAG-002815,FAC-002369,2025-11-26,4935.84,Transferencia
PAG-002816,FAC-000838,2024-02-04,4415.94,Transferencia
PAG-002817,FAC-001622,2024-05-13,3268.08,Transferencia
PAG-002818,FAC-000087,2025-07-13,2831.28,Transferencia
PAG-002819,FAC-000979,2026-03-03,1919.16,Tarjeta
PAG-002820,FAC-002827,2026-01-28,1431.81,Transferencia
PAG-002821,FAC-000425,2025-06-21,3869.55,Transferencia
PAG-002822,FAC-000023,2024-03-27,2705.70,Transferencia
PAG-002823,FAC-001505,2024-07-20,6236.23,Cheque
PAG-002824,FAC-001888,2025-05-01,724.02,Transferencia
PAG-002825,FAC-000145,2025-04-13,1828.01,Transferencia
PAG-002826,FAC-000145,2025-04-29,1218.67,Transferencia
PAG-002827,FAC-003194,2024-04-26,2377.47,Transferencia
PAG-002828,FAC-001487,2025-11-19,7226.60,Tarjeta
PAG-002829,FAC-002830,2026-02-07,9355.50,Transferencia
PAG-002830,FAC-002815,2025-11-07,872.48,Transferencia
PAG-002831,FAC-001176,2025-01-16,2707.50,Tarjeta
PAG-002832,FAC-000634,2024-06-21,3045.49,Cheque
PAG-002833,FAC-002418,2024-03-15,2142.72,Tarjeta
PAG-002834,FAC-003067,2024-10-30,7211.96,Efectivo
PAG-002835,FAC-002092,2024-05-06,2855.51,Transferencia
PAG-002836,FAC-001404,2025-03-05,983.82,Tarjeta
PAG-002837,FAC-003177,2025-06-04,1447.17,Cheque
PAG-002838,FAC-001754,2024-10-04,232.20,Transferencia
PAG-002839,FAC-001535,2025-11-23,10792.18,Transferencia
PAG-002840,FAC-000627,2024-11-01,769.43,Transferencia
PAG-002841,FAC-001742,2025-04-11,13974.06,Transferencia
PAG-002842,FAC-002588,2025-06-15,2445.31,Cheque
PAG-002843,FAC-000762,2026-01-04,948.42,Tarjeta
PAG-002844,FAC-000763,2024-09-12,1687.80,Transferencia
PAG-002845,FAC-001950,2024-12-10,1635.35,Transferencia
PAG-002846,FAC-001047,2024-03-26,14131.88,Transferencia
PAG-002847,FAC-001369,2024-06-26,1109.64,Tarjeta
PAG-002848,FAC-001369,2024-07-17,739.76,Tarjeta
PAG-002849,FAC-002202,2025-01-22,2329.02,Transferencia
PAG-002850,FAC-001574,2025-10-14,3433.92,Transferencia
PAG-002851,FAC-001648,2025-03-15,247.40,Transferencia
PAG-002852,FAC-002684,2024-06-13,3047.66,Transferencia
PAG-002853,FAC-001998,2025-03-09,2052.96,Transferencia
PAG-002854,FAC-002155,2025-10-07,511.20,Transferencia
PAG-002855,FAC-000896,2024-04-17,4873.19,Cheque
PAG-002856,FAC-000387,2025-02-12,537.77,Transferencia
PAG-002857,FAC-000439,2024-05-16,1030.68,Transferencia
PAG-002858,FAC-000701,2025-09-09,4059.05,Transferencia
PAG-002859,FAC-002347,2025-09-16,396.93,Transferencia
PAG-002860,FAC-003472,2024-08-06,2976.96,Transferencia
PAG-002861,FAC-001325,2025-09-24,253.48,Transferencia
PAG-002862,FAC-001869,2025-07-15,8616.84,Cheque
PAG-002863,FAC-000498,2024-09-23,6487.25,Tarjeta
PAG-002864,FAC-000813,2024-08-26,423.76,Transferencia
PAG-002865,FAC-002738,2025-07-17,471.88,Transferencia
PAG-002866,FAC-001583,2024-07-21,6015.69,Transferencia
PAG-002867,FAC-002653,2024-08-12,483.53,Cheque
PAG-002868,FAC-002222,2024-09-20,375.80,Cheque
PAG-002869,FAC-003491,2025-08-29,10006.64,Tarjeta
PAG-002870,FAC-001743,2024-06-13,986.14,Cheque
PAG-002871,FAC-000170,2024-07-19,4331.22,Tarjeta
PAG-002872,FAC-001370,2025-05-17,822.16,Transferencia
PAG-002873,FAC-000189,2026-02-25,7096.50,Tarjeta
PAG-002874,FAC-001927,2025-04-20,748.88,Tarjeta
PAG-002875,FAC-001967,2024-05-22,1716.57,Efectivo
PAG-002876,FAC-000005,2025-02-17,743.40,Transferencia
PAG-002877,FAC-001392,2025-03-21,3024.56,Tarjeta
PAG-002878,FAC-002412,2024-05-19,1398.78,Transferencia
PAG-002879,FAC-001158,2025-07-18,385.14,Cheque
PAG-002880,FAC-003484,2026-01-10,867.32,Cheque
PAG-002881,FAC-000646,2024-04-11,2128.89,Tarjeta
PAG-002882,FAC-001391,2025-11-16,3466.32,Cheque
PAG-002883,FAC-000158,2025-03-20,4682.76,Tarjeta
PAG-002884,FAC-000692,2025-12-31,707.14,Efectivo
PAG-002885,FAC-002343,2025-08-30,785.26,Transferencia
PAG-002886,FAC-003063,2025-05-21,6367.69,Transferencia
PAG-002887,FAC-002617,2025-07-29,3896.06,Transferencia
PAG-002888,FAC-002421,2024-12-27,7104.00,Cheque
PAG-002889,FAC-003322,2024-09-02,544.57,Transferencia
PAG-002890,FAC-002594,2025-05-28,869.84,Transferencia
PAG-002891,FAC-001904,2025-05-29,1780.95,Cheque
PAG-002892,FAC-001670,2025-03-13,5142.40,Transferencia
PAG-002893,FAC-001192,2024-08-26,4609.55,Transferencia
PAG-002894,FAC-000064,2024-10-21,930.60,Cheque
PAG-002895,FAC-001683,2025-10-31,3495.66,Transferencia
PAG-002896,FAC-003370,2025-06-07,7677.04,Efectivo
PAG-002897,FAC-002888,2025-11-25,738.48,Transferencia
PAG-002898,FAC-000654,2025-08-23,1615.11,Efectivo
PAG-002899,FAC-000033,2024-04-03,2723.65,Transferencia
PAG-002900,FAC-000180,2024-07-25,10233.93,Transferencia
PAG-002901,FAC-001247,2024-06-20,502.49,Tarjeta
PAG-002902,FAC-001247,2024-07-17,334.99,Tarjeta
PAG-002903,FAC-000289,2025-11-18,1449.90,Transferencia
PAG-002904,FAC-002997,2024-05-31,1284.60,Transferencia
PAG-002905,FAC-000913,2024-02-11,1771.25,Transferencia
PAG-002906,FAC-002056,2025-05-17,3320.05,Transferencia
PAG-002907,FAC-000073,2025-04-28,734.46,Tarjeta
PAG-002908,FAC-001633,2025-03-06,13154.40,Transferencia
PAG-002909,FAC-000841,2026-01-02,6691.38,Cheque
PAG-002910,FAC-000070,2025-02-07,16551.99,Cheque
PAG-002911,FAC-001605,2024-02-19,577.88,Transferencia
PAG-002912,FAC-000586,2024-10-23,164.13,Transferencia
PAG-002913,FAC-002383,2026-01-15,7443.21,Cheque
PAG-002914,FAC-000509,2026-01-06,2546.75,Transferencia
PAG-002915,FAC-003449,2025-01-16,770.64,Transferencia
PAG-002916,FAC-000550,2025-11-27,3205.93,Tarjeta
PAG-002917,FAC-000334,2024-04-03,2711.50,Tarjeta
PAG-002918,FAC-003040,2025-09-06,1761.86,Cheque
PAG-002919,FAC-000556,2024-06-21,836.25,Transferencia
PAG-002920,FAC-000100,2024-12-14,4649.64,Transferencia
PAG-002921,FAC-003088,2024-08-24,1339.62,Tarjeta
PAG-002922,FAC-000545,2024-03-04,3568.39,Cheque
PAG-002923,FAC-002682,2024-09-20,16073.33,Transferencia
PAG-002924,FAC-001962,2024-02-16,2602.80,Transferencia
PAG-002925,FAC-001211,2024-10-21,1649.86,Transferencia
PAG-002926,FAC-002782,2025-08-23,12949.02,Transferencia
PAG-002927,FAC-000761,2024-12-14,3534.84,Transferencia
PAG-002928,FAC-003188,2026-04-03,542.10,Cheque
PAG-002929,FAC-002808,2025-04-26,313.29,Tarjeta
PAG-002930,FAC-002016,2024-02-02,323.34,Cheque
PAG-002931,FAC-001725,2024-11-14,12327.48,Transferencia
PAG-002932,FAC-000529,2024-11-05,1296.52,Transferencia
PAG-002933,FAC-002868,2024-11-08,5498.56,Transferencia
PAG-002934,FAC-003433,2025-04-01,3258.34,Efectivo
PAG-002935,FAC-002077,2024-04-09,430.40,Cheque
PAG-002936,FAC-003020,2024-05-09,3978.00,Transferencia
PAG-002937,FAC-001024,2024-07-09,988.42,Efectivo
PAG-002938,FAC-002809,2026-02-12,914.80,Cheque
PAG-002939,FAC-001778,2025-11-19,8938.51,Cheque
PAG-002940,FAC-002729,2025-12-06,620.52,Transferencia
PAG-002941,FAC-002729,2025-12-16,413.68,Transferencia
PAG-002942,FAC-003492,2024-05-18,2211.55,Transferencia
PAG-002943,FAC-003492,2024-06-07,1474.37,Transferencia
PAG-002944,FAC-001948,2025-07-31,596.25,Transferencia
PAG-002945,FAC-003146,2025-08-25,4863.33,Transferencia
PAG-002946,FAC-001254,2024-10-21,1809.99,Transferencia
PAG-002947,FAC-001254,2024-11-12,1206.66,Transferencia
PAG-002948,FAC-001530,2024-03-31,17137.96,Transferencia
PAG-002949,FAC-002670,2025-09-26,3884.95,Cheque
PAG-002950,FAC-002549,2024-03-16,5825.68,Tarjeta
PAG-002951,FAC-000800,2025-10-21,258.34,Transferencia
PAG-002952,FAC-001035,2025-12-03,1522.08,Cheque
PAG-002953,FAC-003031,2024-08-11,1596.24,Cheque
PAG-002954,FAC-003417,2024-02-17,2672.60,Transferencia
PAG-002955,FAC-003161,2024-11-16,2477.20,Transferencia
PAG-002956,FAC-002805,2024-06-03,2482.38,Tarjeta
PAG-002957,FAC-001105,2025-12-10,233.76,Transferencia
PAG-002958,FAC-002544,2024-03-19,833.52,Cheque
PAG-002959,FAC-001588,2025-09-25,1994.90,Cheque
PAG-002960,FAC-002788,2025-06-03,4837.28,Transferencia
PAG-002961,FAC-002038,2024-06-23,9849.07,Transferencia
PAG-002962,FAC-001718,2024-02-15,4212.36,Transferencia
PAG-002963,FAC-000988,2025-09-16,995.08,Transferencia
PAG-002964,FAC-002269,2024-11-11,2593.26,Tarjeta
PAG-002965,FAC-001492,2024-12-27,2651.67,Transferencia
PAG-002966,FAC-000837,2024-06-16,7591.14,Transferencia
PAG-002967,FAC-000723,2025-09-08,2938.26,Transferencia
PAG-002968,FAC-001387,2024-05-24,4877.90,Transferencia
PAG-002969,FAC-000824,2024-07-11,4611.18,Transferencia
PAG-002970,FAC-002214,2025-08-27,16095.10,Transferencia
PAG-002971,FAC-001724,2025-09-08,1895.58,Transferencia
PAG-002972,FAC-001846,2025-09-10,614.86,Cheque
PAG-002973,FAC-001510,2026-01-23,2000.60,Cheque
PAG-002974,FAC-003163,2024-08-27,2693.60,Cheque
PAG-002975,FAC-000004,2025-10-22,204.19,Transferencia
PAG-002976,FAC-000120,2025-05-20,852.18,Tarjeta
PAG-002977,FAC-000120,2025-06-02,568.12,Tarjeta
PAG-002978,FAC-002149,2025-09-22,516.48,Tarjeta
PAG-002979,FAC-002149,2025-10-15,344.32,Tarjeta
PAG-002980,FAC-000958,2024-10-07,2365.98,Transferencia
PAG-002981,FAC-003277,2025-03-06,8977.50,Transferencia
PAG-002982,FAC-001347,2026-02-22,6255.68,Tarjeta
PAG-002983,FAC-002320,2026-03-06,3064.01,Transferencia
PAG-002984,FAC-002320,2026-03-16,2042.68,Transferencia
PAG-002985,FAC-000290,2025-12-28,1532.85,Transferencia
PAG-002986,FAC-000948,2026-01-10,1150.68,Transferencia
PAG-002987,FAC-000780,2025-11-17,1880.52,Transferencia
PAG-002988,FAC-000968,2024-07-22,348.38,Transferencia
PAG-002989,FAC-002384,2025-06-04,1043.55,Tarjeta
PAG-002990,FAC-002826,2025-05-01,2639.19,Transferencia
PAG-002991,FAC-000084,2025-03-24,9300.28,Transferencia
PAG-002992,FAC-002244,2024-12-31,6723.48,Transferencia
PAG-002993,FAC-000732,2025-03-05,5188.02,Cheque
PAG-002994,FAC-002340,2025-02-10,295.77,Tarjeta
PAG-002995,FAC-002842,2024-07-26,739.27,Transferencia
PAG-002996,FAC-001794,2025-06-04,2765.75,Transferencia
PAG-002997,FAC-002330,2025-11-04,1284.36,Efectivo
PAG-002998,FAC-000886,2024-10-26,3021.72,Transferencia
PAG-002999,FAC-000891,2025-10-11,1642.87,Transferencia
PAG-003000,FAC-003089,2024-08-13,860.16,Transferencia
PAG-003001,FAC-002969,2025-09-10,599.08,Transferencia
PAG-003002,FAC-002812,2024-02-13,6713.16,Tarjeta
PAG-003003,FAC-000376,2025-02-18,3156.84,Transferencia
PAG-003004,FAC-000052,2025-03-23,2996.56,Cheque
PAG-003005,FAC-001074,2024-12-02,346.83,Transferencia
PAG-003006,FAC-002630,2025-05-19,843.06,Cheque
PAG-003007,FAC-001886,2024-04-15,3713.15,Transferencia
PAG-003008,FAC-001761,2025-05-13,9473.76,Tarjeta
PAG-003009,FAC-000435,2024-10-09,4257.33,Transferencia
PAG-003010,FAC-000121,2025-01-28,6969.18,Transferencia
PAG-003011,FAC-001429,2024-05-19,8178.55,Transferencia
PAG-003012,FAC-001378,2025-09-18,3889.65,Transferencia
PAG-003013,FAC-002068,2024-09-01,8341.55,Transferencia
PAG-003014,FAC-000144,2025-07-05,4733.43,Transferencia
PAG-003015,FAC-002910,2025-07-27,4409.44,Cheque
PAG-003016,FAC-001848,2024-08-24,3072.36,Tarjeta
PAG-003017,FAC-000652,2024-06-08,571.63,Transferencia
PAG-003018,FAC-000602,2025-11-30,1265.28,Cheque
PAG-003019,FAC-000074,2024-10-01,2383.40,Transferencia
PAG-003020,FAC-000287,2024-11-30,4695.76,Transferencia
PAG-003021,FAC-001218,2024-11-01,1626.54,Cheque
PAG-003022,FAC-003249,2024-05-04,308.86,Transferencia
PAG-003023,FAC-002174,2025-07-16,5702.06,Transferencia
PAG-003024,FAC-002501,2024-09-15,2852.32,Transferencia
PAG-003025,FAC-001585,2025-10-23,13273.32,Transferencia
PAG-003026,FAC-001195,2025-09-20,3710.36,Transferencia
PAG-003027,FAC-001195,2025-10-04,2473.58,Transferencia
PAG-003028,FAC-000799,2024-12-27,1400.89,Cheque
PAG-003029,FAC-001705,2024-10-26,2808.72,Cheque
PAG-003030,FAC-002332,2025-02-05,1942.89,Efectivo
PAG-003031,FAC-000814,2024-09-12,1891.44,Transferencia
PAG-003032,FAC-002061,2024-12-03,1436.82,Tarjeta
PAG-003033,FAC-002061,2024-12-30,957.88,Tarjeta
PAG-003034,FAC-000159,2024-02-07,270.26,Cheque
PAG-003035,FAC-000159,2024-02-23,180.18,Cheque
PAG-003036,FAC-002124,2024-02-19,2090.40,Transferencia
PAG-003037,FAC-001909,2024-06-01,656.76,Cheque
PAG-003038,FAC-000794,2024-05-17,923.08,Transferencia
PAG-003039,FAC-001428,2026-01-07,9822.82,Transferencia
PAG-003040,FAC-002096,2024-10-06,6974.94,Cheque
PAG-003041,FAC-001885,2024-12-04,294.96,Transferencia
PAG-003042,FAC-001769,2025-10-26,1511.37,Efectivo
PAG-003043,FAC-001840,2024-04-18,2692.58,Transferencia
PAG-003044,FAC-001711,2025-09-24,539.32,Transferencia
PAG-003045,FAC-000744,2024-06-16,1930.71,Tarjeta
PAG-003046,FAC-001975,2025-07-27,375.91,Cheque
PAG-003047,FAC-000503,2025-07-22,1246.36,Transferencia
PAG-003048,FAC-001045,2025-09-20,4575.63,Tarjeta
PAG-003049,FAC-002494,2025-01-28,369.08,Transferencia
PAG-003050,FAC-000196,2024-06-16,8247.42,Transferencia
PAG-003051,FAC-003315,2025-05-13,486.63,Transferencia
PAG-003052,FAC-000884,2025-05-06,4132.86,Transferencia
PAG-003053,FAC-002393,2024-06-18,2136.87,Transferencia
PAG-003054,FAC-002393,2024-07-11,1424.58,Transferencia
PAG-003055,FAC-001431,2024-02-16,827.86,Transferencia
PAG-003056,FAC-000898,2024-03-03,1713.94,Transferencia
PAG-003057,FAC-000898,2024-03-26,1142.62,Transferencia
PAG-003058,FAC-000332,2024-02-05,10307.76,Transferencia
PAG-003059,FAC-001300,2024-12-28,1919.55,Cheque
PAG-003060,FAC-002666,2026-02-15,5207.50,Cheque
PAG-003061,FAC-001399,2025-02-24,392.21,Cheque
PAG-003062,FAC-001399,2025-03-24,261.47,Cheque
PAG-003063,FAC-001609,2024-04-06,1554.58,Transferencia
PAG-003064,FAC-002973,2025-11-05,1094.10,Tarjeta
PAG-003065,FAC-002683,2025-07-12,309.06,Transferencia
PAG-003066,FAC-001660,2026-02-10,1049.62,Tarjeta
PAG-003067,FAC-000420,2025-12-25,11923.87,Cheque
PAG-003068,FAC-001169,2024-05-15,1224.78,Transferencia
PAG-003069,FAC-001541,2025-03-19,2471.56,Cheque
PAG-003070,FAC-000989,2025-07-04,551.90,Transferencia
PAG-003071,FAC-002085,2025-04-25,622.50,Tarjeta
PAG-003072,FAC-000605,2024-03-11,512.55,Transferencia
PAG-003073,FAC-000572,2025-04-14,258.36,Transferencia
PAG-003074,FAC-001274,2024-07-17,287.40,Transferencia
PAG-003075,FAC-002113,2024-08-04,1395.25,Transferencia
PAG-003076,FAC-000530,2024-09-10,1064.66,Tarjeta
PAG-003077,FAC-000530,2024-09-30,709.77,Tarjeta
PAG-003078,FAC-003373,2024-09-25,537.18,Transferencia
PAG-003079,FAC-001366,2024-11-19,9304.02,Cheque
PAG-003080,FAC-001416,2024-09-02,7439.76,Transferencia
PAG-003081,FAC-001379,2025-11-22,2410.72,Cheque
PAG-003082,FAC-000347,2024-11-03,3552.94,Transferencia
PAG-003083,FAC-003367,2025-09-02,1020.66,Cheque
PAG-003084,FAC-002710,2026-03-06,438.21,Transferencia
PAG-003085,FAC-001600,2024-12-27,3456.41,Tarjeta
PAG-003086,FAC-001444,2024-10-17,5729.10,Efectivo
PAG-003087,FAC-002829,2025-01-04,761.84,Transferencia
PAG-003088,FAC-001537,2025-09-21,1229.68,Transferencia
PAG-003089,FAC-002897,2025-04-22,5033.35,Transferencia
PAG-003090,FAC-000519,2025-05-06,887.16,Transferencia
PAG-003091,FAC-000512,2024-09-03,2794.60,Transferencia
PAG-003092,FAC-003128,2024-10-30,1701.75,Transferencia
PAG-003093,FAC-000710,2025-01-10,1106.34,Transferencia
PAG-003094,FAC-001001,2025-12-16,1715.99,Tarjeta
PAG-003095,FAC-002667,2024-01-29,215.01,Tarjeta
PAG-003096,FAC-001901,2024-03-22,1313.03,Cheque
PAG-003097,FAC-003052,2024-10-03,419.72,Cheque
PAG-003098,FAC-002225,2025-06-11,169.29,Transferencia
PAG-003099,FAC-000715,2024-03-04,2119.68,Transferencia
PAG-003100,FAC-001907,2024-04-07,588.46,Transferencia
PAG-003101,FAC-002078,2025-01-02,1758.28,Transferencia
PAG-003102,FAC-002314,2025-12-11,16864.61,Transferencia
PAG-003103,FAC-002267,2024-08-14,1657.12,Cheque
PAG-003104,FAC-001371,2025-07-18,1744.95,Tarjeta
PAG-003105,FAC-002022,2025-10-26,4659.69,Transferencia
PAG-003106,FAC-003383,2025-11-14,459.67,Tarjeta
PAG-003107,FAC-003383,2025-11-30,306.45,Tarjeta
PAG-003108,FAC-003485,2024-03-19,244.42,Transferencia
PAG-003109,FAC-000658,2025-01-07,2648.10,Transferencia
PAG-003110,FAC-001524,2025-10-16,5133.24,Transferencia
PAG-003111,FAC-003489,2024-05-20,845.47,Transferencia
PAG-003112,FAC-003489,2024-06-01,563.65,Transferencia
PAG-003113,FAC-001733,2025-09-04,587.22,Transferencia
PAG-003114,FAC-000609,2025-01-02,3489.45,Tarjeta
PAG-003115,FAC-002513,2024-05-23,2217.02,Transferencia
PAG-003116,FAC-002596,2025-05-26,6514.00,Transferencia
PAG-003117,FAC-001722,2024-06-23,751.08,Tarjeta
PAG-003118,FAC-003122,2025-06-17,1913.31,Transferencia
PAG-003119,FAC-002095,2025-06-19,1731.08,Transferencia
PAG-003120,FAC-002669,2025-09-16,11766.00,Transferencia
PAG-003121,FAC-002237,2024-07-18,10233.15,Tarjeta
PAG-003122,FAC-003024,2025-01-24,1158.86,Transferencia
PAG-003123,FAC-001403,2024-07-19,495.87,Transferencia
PAG-003124,FAC-001229,2025-12-01,1829.70,Tarjeta
PAG-003125,FAC-000516,2025-06-23,849.42,Efectivo
PAG-003126,FAC-000951,2025-08-26,11601.95,Transferencia
PAG-003127,FAC-002626,2024-03-22,4163.25,Transferencia
PAG-003128,FAC-002819,2024-09-21,800.37,Transferencia
PAG-003129,FAC-003125,2024-09-28,148.72,Tarjeta
PAG-003130,FAC-001560,2025-03-08,1308.32,Transferencia
PAG-003131,FAC-001538,2024-09-19,8933.80,Cheque
PAG-003132,FAC-001626,2025-07-08,1174.56,Tarjeta
PAG-003133,FAC-002644,2024-09-05,2256.17,Transferencia
PAG-003134,FAC-001423,2024-10-10,1362.27,Cheque
PAG-003135,FAC-001127,2025-12-26,4532.65,Transferencia
PAG-003136,FAC-001667,2024-02-02,5023.92,Transferencia
PAG-003137,FAC-002721,2025-12-08,5143.38,Transferencia
PAG-003138,FAC-001279,2025-04-27,346.24,Transferencia
PAG-003139,FAC-003056,2025-09-09,5893.16,Tarjeta
PAG-003140,FAC-001552,2024-11-26,2082.52,Cheque
PAG-003141,FAC-002781,2026-02-04,3625.76,Cheque
PAG-003142,FAC-000388,2025-06-10,1467.84,Efectivo
PAG-003143,FAC-001604,2025-07-10,1017.17,Transferencia
PAG-003144,FAC-001604,2025-07-24,678.11,Transferencia
PAG-003145,FAC-000449,2025-09-30,1185.84,Transferencia
PAG-003146,FAC-001587,2025-05-12,884.32,Transferencia
PAG-003147,FAC-000804,2025-02-23,4246.92,Tarjeta
PAG-003148,FAC-000357,2025-07-23,2187.25,Transferencia
PAG-003149,FAC-001686,2025-08-27,739.44,Cheque
PAG-003150,FAC-002925,2024-08-16,2309.28,Transferencia
PAG-003151,FAC-000499,2024-10-22,6613.28,Transferencia
PAG-003152,FAC-003262,2025-08-24,2588.54,Transferencia
PAG-003153,FAC-002179,2024-03-20,3428.40,Transferencia
PAG-003154,FAC-000535,2024-07-26,3292.92,Transferencia
PAG-003155,FAC-002715,2024-12-25,1665.95,Transferencia
PAG-003156,FAC-002615,2025-09-04,5648.30,Transferencia
PAG-003157,FAC-003443,2025-09-14,823.30,Tarjeta
PAG-003158,FAC-001297,2024-09-02,2858.73,Cheque
PAG-003159,FAC-000048,2025-08-22,3419.62,Tarjeta
PAG-003160,FAC-000391,2025-11-23,7073.09,Tarjeta
PAG-003161,FAC-000391,2025-12-05,4715.40,Tarjeta
PAG-003162,FAC-001942,2025-07-20,211.02,Transferencia
PAG-003163,FAC-001202,2024-07-28,4217.10,Transferencia
PAG-003164,FAC-001835,2024-12-19,1124.70,Transferencia
PAG-003165,FAC-000128,2025-06-10,2388.90,Tarjeta
PAG-003166,FAC-000430,2024-07-04,4375.00,Transferencia
PAG-003167,FAC-003235,2024-10-06,4396.75,Transferencia
PAG-003168,FAC-001853,2025-04-20,3767.88,Tarjeta
PAG-003169,FAC-002844,2024-06-02,2062.16,Transferencia
PAG-003170,FAC-000282,2025-08-01,2551.32,Tarjeta
PAG-003171,FAC-001046,2025-10-05,2174.52,Tarjeta
PAG-003172,FAC-000438,2024-02-28,4742.56,Tarjeta
PAG-003173,FAC-001555,2025-04-14,920.70,Transferencia
PAG-003174,FAC-001555,2025-05-05,613.80,Transferencia
PAG-003175,FAC-002591,2025-05-18,7456.84,Transferencia
PAG-003176,FAC-001680,2025-06-14,994.10,Tarjeta
PAG-003177,FAC-001641,2025-09-09,61.59,Tarjeta
PAG-003178,FAC-002845,2025-06-02,2252.24,Transferencia
PAG-003179,FAC-001239,2025-07-21,308.43,Efectivo
PAG-003180,FAC-000007,2024-11-08,2896.32,Transferencia
PAG-003181,FAC-001694,2024-07-12,202.79,Transferencia
PAG-003182,FAC-002285,2024-04-23,1322.82,Cheque
PAG-003183,FAC-002257,2024-11-10,7152.10,Tarjeta
PAG-003184,FAC-000349,2024-11-17,165.57,Cheque
PAG-003185,FAC-001315,2025-04-07,3411.24,Transferencia
PAG-003186,FAC-000455,2025-11-05,1567.12,Tarjeta
PAG-003187,FAC-000967,2024-05-31,2290.17,Transferencia
PAG-003188,FAC-002993,2024-09-23,829.28,Transferencia
PAG-003189,FAC-002396,2025-09-01,3111.70,Transferencia
PAG-003190,FAC-001477,2024-05-03,427.02,Transferencia
PAG-003191,FAC-001362,2025-06-28,2720.09,Cheque
PAG-003192,FAC-001362,2025-07-27,1813.39,Cheque
PAG-003193,FAC-002612,2024-04-11,3055.70,Transferencia
