factura_id,fecha,cliente_id,sku,cantidad,precio_unitario,moneda,total,canal_venta
FAC-001647,2025-01-30,CLI-00382,SKU-00039,4,1540.91,MXN,6163.64,E-commerce
FAC-000408,2024-12-07,CLI-00119,SKU-00134,6,211.85,MXN,818.77,Marketplace
FAC-002546,19/10/2024,CLI-00142,SKU-00100,2,"$2,149.67",USD,2446.85,E-commerce
FAC-001797,2024-10-07,CLI-00187,SKU-00006,4,1727.99,MXN,6911.96,Marketplace
FAC-000041,2025-09-29,CLI-00236,SKU-00138,5,453.27,MXN,2266.35,Tienda física
FAC-002233,2024-12-25,CLI-98817,SKU-00010,3,730.09,USD,2190.27,E-commerce
FAC-000035,2025-09-18,CLI-00248,SKU-00021,5,194.12,MXN,970.6,Tienda física
FAC-002256,2025-04-19,CLI-00459,SKU-00104,7,250.26, MXN ,1751.82,E-commerce
FAC-000063,09/28/2024,CLI-00040,SKU-00071,6,73.39,MXN,440.34,Tienda física
FAC-002965,06/14/2025,CLI-00484,SKU-00104,3,237.59,MXN,712.77,Marketplace
FAC-001329,2025-01-29,CLI-00056,SKU-95124,4,825.03,MXN,3300.12,E-commerce
FAC-000047,2025-08-29,CLI-00204,SKU-00061,7,423.25,MXN,2962.75,Tienda física
FAC-000350,2024-11-03,,SKU-00073,6,57.41,MXN,344.46,Marketplace
FAC-003132,28/09/2024,CLI-00182,SKU-00131,4,103.68,MXN,414.72,Tienda física
FAC-002059,10/02/2025,CLI-00267,SKU-00033,6,1144.78,MXN,6868.68,Tienda física
FAC-002701,29/09/2024,CLI-00124,SKU-00068,5,313.21,MXN,1566.05,Marketplace
FAC-001807,01/30/2025,CLI-00281,SKU-00074,7,423.47,MXN,2964.29,Tienda física
FAC-001922,03/06/2025,CLI-97303,SKU-00092,1,148.78,MXN,148.78,Teléfono
FAC-001231,2024-09-13,CLI-00248,SKU-00084,5,954.99,USD,4774.95,Tienda física
FAC-001321,05/02/2025,CLI-00063,SKU-00131,3,107.09,MXN,321.27,E-commerce
FAC-001890,2024-03-12,CLI-00290,SKU-00050,2,501.78,MXN,1003.56,Tienda física
FAC-002084,15/03/2025,CLI-00153,SKU-00003,1,2908.39,MXN,2908.39,Marketplace
FAC-002737,2025-03-12,CLI-00285,SKU-00086,4,1351.44,USD,5405.76,E-commerce
FAC-002930,2024-06-30,CLI-00165,SKU-00152,5,552.46,USD,2762.3,Tienda física
FAC-002005,03/04/2025,CLI-00296,SKU-00097,5,1972.24,mxn,9861.2,Tienda física
FAC-000562,07/14/2025,CLI-00232,SKU-00008,2,1866.53,MXN,3733.06,Tienda física
FAC-000140,06/12/2024,CLI-94070,SKU-00097,6,1990.55,MXN,11943.3,Tienda física
FAC-003050,2024-03-03,CLI-00359,SKU-00010,7,698.7,MXN,4890.9,Marketplace
FAC-002464,2025-04-21,CLI-00232,SKU-00054,3,431.17,mxn,1293.51,Tienda física
FAC-001435,2024-07-24,CLI-00103,SKU-00046,3,1143.83,USD,3431.49,Marketplace
FAC-001349,2025-07-03,CLI-00014,SKU-00055,5,$563.32,USD,2816.6,Marketplace
FAC-003458,2025-12-26,CLI-00402,SKU-00054,5,427.63,MXN,2138.15,Tienda física
FAC-000437,2025-12-07,CLI-00126,SKU-00034,3,1078.23,MXN,3234.69,Tienda física
FAC-003463,07/03/2024,CLI-00196,SKU-00082,1,992.59,MXN,992.59,Tienda física
FAC-000466,2025-10-19,CLI-00368,SKU-91628,7,1239.95,MXN,8679.65,E-commerce
FAC-001939,03/12/2024,CLI-00284,SKU-90811,1,52.3,MXN,30.33,E-commerce
FAC-001752,03/17/2024,CLI-00026,SKU-00019,7,2439.9,MXN,17079.3,Marketplace
FAC-002858,08/02/2024,CLI-00191,SKU-00053,7,697.24,USD,4880.68,Tienda física
FAC-000803,2024-02-13,CLI-00451,SKU-00007,6,1268.76,MXN,7612.56,Tienda física
FAC-002370,2024-07-30,CLI-00275,SKU-00062,1,377.71,MXN,377.71,Marketplace
FAC-000753,2024-05-20,CLI-00373,SKU-00069,1,366.08,USD,366.08,Marketplace
FAC-001271,2024-12-26,,SKU-00150,2,516.38,USD,1032.76,Marketplace
FAC-002961,2025-07-28,CLI-00509,SKU-00067,4,208.26,MXN,833.04,E-commerce
FAC-002050,2025-01-13,CLI-00295,SKU-00082,5,998.82,USD,4994.1,E-commerce
FAC-002348,2024-05-14,CLI-00275,SKU-00030,3,885.1,MXN,2655.3,Tienda física
FAC-003147,05/04/2024,,SKU-94675,2,171.23,MXN,342.46,Tienda física
FAC-000141,04/11/2025,CLI-00389,SKU-00096,1,1399.08,mxn,1399.08,E-commerce
FAC-000262,2024-02-16,CLI-00025,SKU-00089,5,1343.37,MXN,6716.85,Tienda física
FAC-001937,18/06/2025,CLI-00052,SKU-00081,5,495.65,MXN,2478.25,Tienda física
FAC-001398,2024-07-14,CLI-00447,SKU-00137,4,531.83,MXN,2127.32,Tienda física
FAC-001134,2025-10-16,,SKU-00035,1,764.43,MXN,764.43,Tienda física
FAC-002943,2025-12-03,CLI-00297,SKU-00106,2,678.51,mxn,1357.02,E-commerce
FAC-000897,2024-08-01,CLI-00214,SKU-00054,1,449.45,MXN,449.45,Marketplace
FAC-002483,2024-01-06,CLI-00011,SKU-00042,7,"$1,656.06",MXN,11592.42,Tienda física
FAC-002145,06/10/2025,CLI-00025,SKU-00111,6,1956.46,MXN,11738.76,E-commerce
FAC-001003,2024-01-18,CLI-00405,SKU-00046,6,1115.94,mxn,6695.64,E-commerce
FAC-001611,2025-02-21,CLI-00481,SKU-00033,2,1191.0, MXN ,2382.0,E-commerce
FAC-000464,06/05/2025,CLI-00071,SKU-00025,4,616.42,MXN,2465.68,Tienda física
FAC-001507,20/03/2025,CLI-00308,SKU-00023,7,336.55,MXN,2355.85,E-commerce
FAC-001812,2025-03-06,CLI-00290,SKU-00139,2,160.84,MXN,321.68,Tienda física
FAC-000352,08/06/2025,CLI-00353,SKU-00055,1,543.97,MXN,297.69,Tienda física
FAC-003242,2024-01-18,CLI-00231,SKU-00028,6,566.44,MXN,3398.64,Marketplace
FAC-001269,2024-07-01,CLI-00270,SKU-00126,4,491.87,MXN,1967.48,E-commerce
FAC-000206,2025-07-04,CLI-00361,SKU-00137,4,534.69,MXN,2138.76,E-commerce
FAC-000528,2025-06-17,,SKU-00007,5,1249.43,USD,6247.15,Tienda física
FAC-003189,11/04/2025,CLI-00249,SKU-00113,7,2308.66,MXN,16160.62,Tienda física
FAC-003459,2025-01-19,CLI-00449,SKU-00086,2,1413.09,MXN,2826.18,Tienda física
FAC-000010,2024-05-11,CLI-00476,SKU-00024,1,899.52,MXN,899.52,E-commerce
FAC-002391,2025-09-06,CLI-00197,SKU-00104,4,237.72,MXN,950.88,Marketplace
FAC-003424,29/10/2025,CLI-00267,SKU-00007,5,1255.79,MXN,6278.95,Marketplace
FAC-001187,2025-07-28,CLI-00502,SKU-00021,6,187.7,MXN,1126.2,Marketplace
FAC-002079,09/11/2024,CLI-00002,SKU-00106,2,636.19,mxn,1272.38,Marketplace
FAC-001179,2025-05-25,CLI-00394,SKU-00048,5,548.88,USD,2744.4,Marketplace
FAC-002577,07/22/2025,CLI-00472,SKU-00017,7,847.05,MXN,5929.35,Marketplace
FAC-001914,2024-07-15,CLI-00079,SKU-00129,5,309.74,MXN,1548.7,E-commerce
FAC-001753,03/06/2024,CLI-00249,SKU-00051,7,579.26,MXN,4054.82,Marketplace
FAC-001145,07/15/2024,CLI-00109,SKU-00084,1,945.93,MXN,945.93,Tienda física
FAC-003342,2025-02-07,CLI-00126,SKU-00096,3,1424.54,MXN,3508.41,E-commerce
FAC-001163,2025-06-03,CLI-00321,SKU-00057,3,1252.56,mxn,3757.68,Tienda física
FAC-002533,24/02/2025,CLI-00081,SKU-00030,4,843.77,MXN,3375.08,E-commerce
FAC-003036,2024-05-06,CLI-00459,SKU-00050,4,517.08,MXN,2068.32,Tienda física
FAC-002577,07/22/2025,CLI-00472,SKU-00017,7,847.05,MXN,5929.35,Marketplace
FAC-001323,2025-03-11,CLI-00032,SKU-00100,4,2131.27,USD,8525.08,Tienda física
FAC-001233,2024-11-02,CLI-00328,SKU-00103,5,2456.18,MXN,,Tienda física
FAC-000685,06/04/2025,CLI-00024,SKU-00134,3,$212.77,MXN,638.31,Tienda física
FAC-000390,2024-03-17,CLI-00356,SKU-00006,2,1702.81,MXN,3405.62,Tienda física
FAC-001172,2024-02-02,CLI-00470,SKU-00146,3,384.72,MXN,1154.16,E-commerce
FAC-001513,2025-07-05,CLI-00026,SKU-00080,6,900.74,MXN,5404.44,Tienda física
FAC-002744,09/14/2024,CLI-00082,SKU-00100,4,2088.83,MXN,8355.32,Tienda física
FAC-003028,2024-02-23,CLI-00048,SKU-00120,-3,704.45,MXN,4931.15,Marketplace
FAC-003364,23/09/2024,CLI-00028,SKU-00054,6,446.52,MXN,2679.12,E-commerce
FAC-000407,2024-02-21,CLI-00012,SKU-00030,2,862.55,USD,1725.1,Tienda física
FAC-003204,02/07/2024,CLI-00210,SKU-00148,6,548.67,MXN,3292.02,Tienda física
FAC-002100,2024-09-22,CLI-93704,SKU-00064,6,127.06,USD,762.36,E-commerce
FAC-001884,09/19/2024,CLI-00126,SKU-00070,1,407.48,MXN,407.48,Marketplace
FAC-002331,2024-04-25,CLI-00403,SKU-00067,-4,207.35,MXN,1036.75,Tienda física
FAC-001624,07/01/2024,CLI-00481,SKU-00081,7,$480.85,MXN,3365.95,E-commerce
FAC-002869,2024-04-20,CLI-00448,SKU-00076,6,53.92,MXN,323.52,Tienda física
FAC-002476,2025-02-22,CLI-00296,SKU-96499,2,162.13,MXN,324.26,Tienda física
FAC-003292,2025-12-11,CLI-00096,SKU-00092,1,145.57,MXN,145.57,Tienda física
FAC-000472,2025-01-17,CLI-00259,SKU-00051,5,543.72,USD,2718.6,Marketplace
FAC-000346,2024-05-11,CLI-00373,SKU-00065,1,211.87,USD,211.87,Tienda física
FAC-001299,2025-05-05,CLI-00268,SKU-00109,7,1798.86,MXN,12592.02,Teléfono
FAC-000910,2025-06-14,CLI-00182,SKU-00008,6,1960.91,MXN,11765.46,E-commerce
FAC-000726,19/08/2025,CLI-00132,SKU-00119,4,864.78,MXN,3459.12,Teléfono
FAC-003278,2024-05-12,CLI-91254,SKU-00077,6,1426.48,MXN,8558.88,E-commerce
FAC-001372,2024-02-12,CLI-00062,SKU-00099,4,1922.52,MXN,7690.08,E-commerce
FAC-003068,2024-06-13,CLI-00291,SKU-00111,2,1969.93,MXN,3939.86,Tienda física
FAC-000650,2025-06-01,CLI-00342,SKU-00009,3,1271.57,MXN,3814.71,Marketplace
FAC-000823,2025-05-14,CLI-00231,SKU-00129,5,296.52,MXN,1482.6,Tienda física
FAC-000008,2024-08-24,CLI-00014,SKU-00064,4,119.25,MXN,,E-commerce
FAC-002906,05/17/2025,CLI-00220,SKU-00046,3,1168.93,MXN,3506.79,Tienda física
FAC-003233,19/08/2025,,SKU-00018,2,888.53,MXN,1777.06,E-commerce
FAC-001320,01/04/2024,CLI-00446,SKU-00004,7,512.36,USD,3586.52,E-commerce
FAC-001224,27/10/2025,CLI-00217,SKU-00103,1,2337.53,MXN,2337.53,Marketplace
FAC-001119,2024-03-09,CLI-00283,SKU-00021,3,183.43,MXN,550.29,E-commerce
FAC-002616,09/05/2024,,SKU-00117,3,743.92,USD,2231.76,E-commerce
FAC-000028,2025-10-15,CLI-00381,SKU-00046,5,1142.94,usd,5714.7,Tienda física
FAC-002300,2025-04-25,CLI-00065,SKU-00108,4,302.48,MXN,1209.92,E-commerce
FAC-000218,2024-07-24,CLI-00112,SKU-00101,7,862.31,MXN,6036.17,Tienda física
FAC-000976,04/04/2024,CLI-00145,SKU-00023,2,341.89,MXN,683.78,E-commerce
FAC-000862,2024-04-19,CLI-00046,SKU-00004,6,499.33,MXN,2995.98,Tienda física
FAC-002932,2025-05-28,CLI-00305,SKU-00042,3,1642.77,USD,4928.31,Teléfono
FAC-000945,2024-07-17,CLI-00309,SKU-00090,3,1433.81,MXN,4301.43,Tienda física
FAC-001582,2025-10-31,CLI-00135,SKU-00057,1,1203.57,MXN,1203.57,Teléfono
FAC-003167,01/14/2025,CLI-00008,SKU-00058,5,146.29,MXN,731.45,Tienda física
FAC-000615,2025-04-15,CLI-00308,SKU-00109,1,1756.47,MXN,1756.47,E-commerce
FAC-002172,04/25/2025,CLI-00421,SKU-00142,6,513.18,MXN,3079.08,Marketplace
FAC-000596,01/04/2025,CLI-00228,SKU-00104,3,234.5,MXN,703.5,Marketplace
FAC-001500,2024-03-19,CLI-90098,SKU-00036,6,848.08,MXN,5088.48,E-commerce
FAC-002390,26/05/2025,CLI-00232,SKU-00091,3,868.41,MXN,2605.23,Tienda física
FAC-002117,2024-04-14,CLI-00390,SKU-00010,4,696.86, MXN ,1686.54,Tienda física
FAC-001112,2024-11-01,CLI-00279,SKU-00101,6,865.37,MXN,5192.22,Marketplace
FAC-002761,2024-05-24,CLI-00324,SKU-00023,2,317.92,USD,635.84,Tienda física
FAC-002264,29/03/2024,CLI-00003,SKU-00134,2,212.75,MXN,425.5,Tienda física
FAC-002944,2025-03-07,CLI-00292,SKU-00066,7,441.31,MXN,3089.17,E-commerce
FAC-001744,2024-01-05,CLI-00409,SKU-00060,7,$425.74,MXN,2980.18,Marketplace
FAC-000724,2025-04-12,CLI-00494,SKU-00084,1,976.61,MXN,976.61,Tienda física
FAC-003483,2024-02-29,CLI-00436,SKU-00060,7,420.28,MXN,2941.96,Marketplace
FAC-001766,2024-06-08,CLI-00337,SKU-00079,5,1357.65,MXN,6788.25,Tienda física
FAC-000234,2024-04-17,CLI-00223,SKU-98061,1,2900.22,MXN,2900.22,Tienda física
FAC-003282,2024-10-05,CLI-00166,SKU-00104,3,248.93,MXN,,Marketplace
FAC-002843,2025-03-31,CLI-00253,SKU-92378,2,202.33,MXN,404.66,E-commerce
FAC-001959,2024-02-08,CLI-00115,SKU-00063,4,300.02,MXN,1200.08,Tienda física
FAC-002704,05/12/2025,CLI-00149,SKU-00060,6,433.56,MXN,2601.36,Tienda física
FAC-001597,09/02/2024,CLI-00359,SKU-00119,2,826.28,MXN,1652.56,E-commerce
FAC-003497,2025-10-21,CLI-00401,SKU-00064,6,122.61,MXN,735.66,E-commerce
FAC-001774,2025-10-21,CLI-00444,SKU-00001,6,1911.12,USD,11466.72,E-commerce
FAC-001802,2024-09-05,CLI-00177,SKU-00034,6,1080.09, USD ,6480.54,E-commerce
FAC-001700,2024-06-12,CLI-00347,SKU-00033,5,"$1,185.62",MXN,5928.1,Tienda física
FAC-000863,2025-12-01,CLI-00135,SKU-00067,5,203.58,USD,1017.9,Tienda física
FAC-000226,2025-10-03,CLI-00123,SKU-00006,6,1777.56,MXN,10665.36,E-commerce
FAC-000367,26/08/2024,CLI-00478,SKU-00043,7,725.37,MXN,5077.59,Tienda física
FAC-000213,2024-08-22,CLI-00205,SKU-00023,3,326.13,MXN,978.39,Teléfono
FAC-003410,2025-07-01,CLI-00129,SKU-00045,-3,1097.07,MXN,1097.07,Tienda física
FAC-000330,2024-01-06,CLI-00466,SKU-00013,6,2591.21,MXN,15547.26,Tienda física
FAC-003352,2025-04-23,CLI-00144,SKU-00130,6,436.15,MXN,2616.9,Tienda física
FAC-002625,2024-08-07,CLI-00226,SKU-00087,7,1238.2,MXN,8667.4,E-commerce
FAC-003169,2025-11-17,CLI-96673,SKU-00146,5,$371.37,MXN,1856.85,Marketplace
FAC-000260,2024-04-24,CLI-00343,SKU-00059,5,416.33, MXN ,2081.65,E-commerce
FAC-003429,19/02/2024,CLI-00090,SKU-00134,2,220.13,MXN,440.26,Marketplace
FAC-003369,02/20/2025,CLI-00371,SKU-00151,3,$542.81, MXN ,1628.43,Tienda física
FAC-001004,2025-07-18,CLI-00015,SKU-00130,2,423.19,MXN,846.38,Tienda física
FAC-002210,2025-02-17,CLI-00483,SKU-00127,4,693.92,MXN,2775.68,Tienda física
FAC-001893,31/01/2025,CLI-00230,SKU-00045,4,1150.62,MXN,4602.48,Marketplace
FAC-001496,11/19/2024,CLI-00213,SKU-00115,2,121.45,MXN,242.9,Tienda física
FAC-000018,2025-12-16,CLI-90443,SKU-00071,1,72.05,MXN,,E-commerce
FAC-002558,2025-05-02,CLI-00152,SKU-00138,5,447.16,MXN,2235.8,E-commerce
FAC-001789,2024-06-29,,SKU-00055,2,548.87,MXN,1097.74,E-commerce
FAC-001898,2025-04-16,CLI-00211,SKU-00084,6,967.28,MXN,5803.68,Marketplace
FAC-003361,2024-08-08,CLI-00117,SKU-00134,5,220.12,USD,1100.6,E-commerce
FAC-001982,2024-11-04,CLI-00132,SKU-00035,7,777.08, MXN ,5439.56,E-commerce
FAC-001319,2025-12-18,CLI-00047,SKU-00043,6,726.01,MXN,4356.06,Tienda física
FAC-003460,2024-06-08,CLI-00506,SKU-00150,3,512.6,MXN,1537.8,E-commerce
FAC-002462,01/03/2025,CLI-00389,SKU-00137,-1,539.71,MXN,3777.97,Tienda física
FAC-002175,2024-02-12,CLI-00121,SKU-00139,5,163.03,MXN,815.15,Marketplace
FAC-000208,2024-02-27,CLI-00159,SKU-00059,7,411.29,MXN,2879.03,E-commerce
FAC-001658,2024-06-07,CLI-00113,SKU-00099,4,1866.25,MXN,7465.0,E-commerce
FAC-002889,30/11/2025,CLI-00267,SKU-00008,5,1873.48, MXN ,9367.4,Teléfono
FAC-000919,2025-04-12,CLI-00110,SKU-00135,3,387.15,MXN,1161.45,E-commerce
FAC-001157,2025-06-20,CLI-00472,SKU-00026,7,1166.87,MXN,8168.09,E-commerce
FAC-001261,2025-10-08,CLI-00274,SKU-00038,7,640.51,MXN,4483.57,E-commerce
FAC-000712,2025-05-19,CLI-00197,SKU-00056,3,768.38,MXN,2305.14,E-commerce
FAC-001411,2025-09-09,CLI-00161,SKU-00100,5,2072.6, USD ,10363.0,Tienda física
FAC-000853,10/01/2024,CLI-00083,SKU-00040,3,681.86,MXN,2045.58,Teléfono
FAC-003025,09/04/2025,CLI-00215,SKU-00013,6,2591.83,MXN,15550.98,Marketplace
FAC-003402,2025-08-08,CLI-00410,SKU-00119,3,834.69,MXN,2504.07,E-commerce
FAC-003398,2025-09-27,CLI-00368,SKU-00101,3,849.15,MXN,2547.45,E-commerce
FAC-003202,2024-01-08,CLI-00153,SKU-00145,6,456.23,USD,2737.38,Tienda física
FAC-000659,2025-02-05,CLI-00095,SKU-00100,4,2060.88,MXN,8243.52,E-commerce
FAC-000339,2025-10-02,CLI-00253,SKU-00029,5,490.94,MXN,2454.7,Tienda física
FAC-000940,2024-11-01,CLI-00130,SKU-00101,6,851.25,MXN,,E-commerce
FAC-001217,16/11/2025,CLI-00138,SKU-00053,2,$732.49,USD,1464.98,Tienda física
FAC-002754,2024-03-08,CLI-99791,SKU-00028,6,603.14, MXN ,3618.84,Marketplace
FAC-001068,2025-04-20,CLI-00206,SKU-00072,3,421.74,MXN,667.87,Teléfono
FAC-001614,2024-01-06,CLI-00312,SKU-00067,5,205.72, MXN ,1028.6,Teléfono
FAC-002821,19/01/2024,CLI-90867,SKU-00039,6,1487.84,MXN,6336.01,E-commerce
FAC-003178,2025-12-01,CLI-00009,SKU-00142,6,500.86,MXN,3005.16,E-commerce
FAC-003447,2024-07-07,CLI-00311,SKU-00054,2,440.89, MXN ,881.78,Marketplace
FAC-002129,2024-04-07,CLI-00080,SKU-00063,4,294.24,MXN,1176.96,E-commerce
FAC-001767,10/12/2024,CLI-00033,SKU-00021,5,$182.98,MXN,914.9,Marketplace
FAC-000844,2025-08-19,CLI-00209,SKU-00142,6,522.37,mxn,2245.6,E-commerce
FAC-000490,2024-03-22,CLI-00417,SKU-00034,3,1148.11,MXN,3444.33,E-commerce
FAC-001713,2024-05-25,CLI-00158,SKU-00068,2,302.44,MXN,604.88,Tienda física
FAC-000741,2024-08-20,CLI-00502,SKU-00047,2,1279.98,MXN,2559.96,E-commerce
FAC-000507,2024-12-05,CLI-95903,SKU-00068,1,313.58,MXN,313.58,E-commerce
FAC-000020,2025-11-23,CLI-00472,SKU-00123,1,437.45,MXN,437.45,Marketplace
FAC-001565,02/15/2025,CLI-00397,SKU-00100,6,2184.43,MXN,13106.58,Tienda física
FAC-001146,2025-10-20,CLI-00328,SKU-00073,4,54.93,MXN,219.72,E-commerce
FAC-002156,10/24/2024,CLI-00141,SKU-00117,7,766.83, MXN ,5367.81,E-commerce
FAC-002413,2024-07-02,CLI-00221,SKU-00115,5,123.52,MXN,617.6,E-commerce
FAC-002566,2024-09-17,CLI-00419,SKU-00119,6,868.97,USD,5213.82,E-commerce
FAC-002935,03/12/2024,CLI-00348,SKU-00122,7,210.03,MXN,1470.21,Tienda física
FAC-000568,2024-01-14,CLI-00131,SKU-00099,7,2007.76,MXN,14054.32,E-commerce
FAC-001704,2025-10-10,CLI-00508,SKU-00152,5,567.49,MXN,1794.81,Marketplace
FAC-000829,2025-11-17,CLI-00405,SKU-91888,1,712.98,MXN,712.98,E-commerce
FAC-002373,12/06/2024,CLI-00428,SKU-96339,6,1989.1,MXN,11934.6,Marketplace
FAC-003344,2025-02-05,CLI-00363,SKU-00005,3,382.67,MXN,1148.01,E-commerce
FAC-001245,14/01/2024,CLI-00255,SKU-00023,5,321.56,MXN,1607.8,E-commerce
FAC-002960,2025-04-02,CLI-00498,SKU-00004,5,509.26,MXN,2546.3,Tienda física
FAC-000526,2024-09-13,CLI-00143,SKU-00077,6,1478.73,MXN,8872.38,E-commerce
FAC-001764,07/14/2025,CLI-00054,SKU-00118,4,284.88,mxn,1139.52,Tienda física
FAC-000309,2025-11-11,,SKU-00037,1,951.19,mxn,951.19,Tienda física
FAC-000104,2024-04-21,CLI-00145,SKU-00022,2,661.05,MXN,1322.1,Marketplace
FAC-002032,04/14/2025,CLI-00185,SKU-00081,1,509.36,MXN,509.36,Tienda física
FAC-002323,2025-11-14,CLI-00343,SKU-00034,-4,1126.37,MXN,2252.74,Tienda física
FAC-001441,01/05/2024,CLI-00503,SKU-00087,3,1290.7,MXN,3872.1,Tienda física
FAC-002324,2025-12-14,CLI-00311,SKU-00029,4,487.43,MXN,1949.72,E-commerce
FAC-000110,2025-10-18,CLI-00081,SKU-00026,5,1164.31,MXN,5821.55,Tienda física
FAC-001902,2025-05-22,CLI-00475,SKU-00076,3,55.37,MXN,166.11,Marketplace
FAC-000006,04/14/2025,CLI-00154,SKU-99430,7,494.63,USD,3462.41,Marketplace
FAC-000135,2025-10-28,CLI-99444,SKU-00007,7,1286.87,MXN,9008.09,Marketplace
FAC-003168,2024-04-11,CLI-99726,SKU-00033,1,1151.95,MXN,1151.95,E-commerce
FAC-001806,2024-09-14,CLI-00291,SKU-00043,7,$758.48,MXN,5309.36,Marketplace
FAC-000722,2024-11-02,CLI-00276,SKU-00008,7,1967.07,MXN,13769.49,Tienda física
FAC-000336,17/04/2024,CLI-00491,SKU-00033,5,1197.66,MXN,5988.3,E-commerce
FAC-001765,2025-03-12,CLI-00095,SKU-00119,7,837.68,MXN,5863.76,Tienda física
FAC-003151,2025-07-29,CLI-00480,SKU-00026,7,"$1,107.31",MXN,7751.17,Tienda física
FAC-001825,2025-12-26,CLI-00472,SKU-00151,3,549.7,MXN,,Tienda física
FAC-002006,02/05/2024,CLI-00092,SKU-00047,7,"$1,314.99",USD,9204.93,Tienda física
FAC-000842,2025-12-03,CLI-00369,SKU-00075,5,216.52,MXN,1082.6,E-commerce
FAC-000066,2024-04-03,CLI-00469,SKU-00065,1,209.19,MXN,209.19,Tienda física
FAC-002336,2025-09-24,CLI-00283,SKU-00055,6,583.08,USD,1779.47,E-commerce
FAC-000445,2024-08-10,CLI-00048,SKU-00108,3,313.53,MXN,940.59,Tienda física
FAC-000371,2025-02-04,CLI-00504,SKU-00109,1,1774.76,MXN,1774.76,Tienda física
FAC-001277,2024-04-20,CLI-00285,SKU-00096,2,1444.35,MXN,2888.7,E-commerce
FAC-001234,2024-12-02,CLI-00467,SKU-00132,3,859.07,MXN,2577.21,Marketplace
FAC-001963,31/10/2024,CLI-00086,SKU-00035,6,793.46,MXN,4760.76,Tienda física
FAC-000861,2025-08-21,CLI-00386,SKU-00128,7,542.11,MXN,3794.77,E-commerce
FAC-003133,2024-06-19,CLI-00385,SKU-00045,6,1145.17,MXN,6871.02,Tienda física
FAC-001019,2025-08-20,CLI-00076,SKU-00086,3,1356.11,MXN,4068.33,E-commerce
FAC-002220,27/09/2024,CLI-00204,SKU-00066,7,447.21,MXN,1854.08,Tienda física
FAC-001556,2025-10-24,CLI-00420,SKU-00048,3,547.83,MXN,1643.49,E-commerce
FAC-002082,03/12/2025,CLI-00376,SKU-00093,3,466.36,MXN,1399.08,Tienda física
FAC-002598,01/14/2024,CLI-00252,SKU-00138,7,443.38,MXN,3103.66,E-commerce
FAC-001155,06/24/2024,CLI-00474,SKU-00066,5,447.0,MXN,1504.44,Teléfono
FAC-002529,2024-01-28,CLI-00311,SKU-00047,3,1250.83,MXN,3752.49,E-commerce
FAC-000994,2025-02-14,CLI-00238,SKU-00098,4,1320.94,MXN,5283.76,Tienda física
FAC-001915,2024-09-24,CLI-00348,SKU-00032,6,796.31,MXN,4777.86,E-commerce
FAC-001943,2024-09-01,CLI-00189,SKU-00063,5,296.15,MXN,1480.75,E-commerce
FAC-002394,2024-08-05,CLI-00421,SKU-00057,2,1201.24,MXN,2402.48,Marketplace
FAC-003183,2024-11-21,CLI-00408,SKU-00043,4,742.81,MXN,1911.63,Tienda física
FAC-000635,2025-10-24,CLI-00427,SKU-00079,6,1400.36,MXN,8402.16,Tienda física
FAC-000038,2025-03-29,CLI-00214,SKU-00005,2,392.46,MXN,784.92,E-commerce
FAC-003109,2025-12-14,CLI-00229,SKU-00017,7,853.35,MXN,5973.45,Tienda física
FAC-002545,2025-09-23,CLI-00223,SKU-00017,1,835.3,MXN,835.3,E-commerce
FAC-002009,04/04/2025,CLI-99270,SKU-00152,5,565.01,MXN,2825.05,Marketplace
FAC-000265,2025-04-19,CLI-00478,SKU-00021,1,$185.73,MXN,185.73,Tienda física
FAC-002895,2024-05-10,CLI-00431,SKU-00133,3,214.75,MXN,644.25,Tienda física
FAC-003014,2025-01-20,CLI-00471,SKU-00039,5,1451.47,MXN,7257.35,E-commerce
FAC-002576,2025-06-11,CLI-00088,SKU-00063,3,304.56,MXN,913.68,Tienda física
FAC-001610,07/11/2024,CLI-00214,SKU-00083,7,177.15,USD,1240.05,Tienda física
FAC-001424,10/01/2024,CLI-00209,SKU-00115,4,124.72,MXN,498.88,Tienda física
FAC-003143,2025-04-14,CLI-00443,SKU-00101,6,$841.00,MXN,5046.0,Tienda física
FAC-001709,2025-06-06,CLI-00226,SKU-00100,7,2090.05,MXN,14630.35,Tienda física
FAC-002730,2024-01-07,,SKU-00029,1,518.95,MXN,518.95,E-commerce
FAC-003066,17/08/2025,CLI-00314,SKU-00130,7,448.4,MXN,3138.8,Marketplace
FAC-000243,07/06/2025,CLI-00507,SKU-00023,2,327.76, MXN ,655.52,Marketplace
FAC-001122,27/08/2024,CLI-00017,SKU-00078,1,907.14,MXN,907.14,Tienda física
FAC-000192,2025-05-26,CLI-00131,SKU-00105,5,1660.28,MXN,8301.4,Tienda física
FAC-003475,2024-07-28,CLI-00322,SKU-00041,7,1633.65,MXN,11435.55,Tienda física
FAC-000515,2025-05-03,CLI-00048,SKU-00099,4,1969.87,MXN,5104.11,Tienda física
FAC-001503,2024-10-06,CLI-00462,SKU-00067,-1,204.03,MXN,612.09,E-commerce
FAC-000426,03/05/2025,CLI-00070,SKU-00018,2,883.92,MXN,1767.84,Teléfono
FAC-003396,2024-07-23,CLI-00021,SKU-00083,7,188.69,MXN,1320.83,Marketplace
FAC-003273,12/23/2024,CLI-00279,SKU-00026,2,1166.9,USD,,Tienda física
FAC-002713,2024-01-20,CLI-00022,SKU-00058,7,142.66,MXN,998.62,Tienda física
FAC-000546,2024-12-29,CLI-00156,SKU-00105,7,1654.4, MXN ,9156.58,Tienda física
FAC-000793,06/19/2024,CLI-00401,SKU-00033,2,1175.8,USD,1486.45,Tienda física
FAC-000822,2025-12-30,CLI-00253,SKU-00139,6,165.61,MXN,993.66,Teléfono
FAC-001053,2025-05-17,CLI-93206,SKU-00141,3,531.15,MXN,1593.45,Teléfono
FAC-001189,27/05/2025,CLI-96030,SKU-00151,4,$525.66,USD,2102.64,Teléfono
FAC-001232,2024-10-28,CLI-00333,SKU-00143,7,41.78, MXN ,292.46,Tienda física
FAC-001845,2025-12-27,CLI-00078,SKU-00116,6,333.93,MXN,2003.58,Marketplace
FAC-003206,2025-02-18,CLI-00077,SKU-00132,5,847.81,usd,2898.94,E-commerce
FAC-001568,2024-01-19,CLI-00103,SKU-00111,6,2013.79,MXN,12082.74,Tienda física
FAC-001690,2025-03-26,CLI-00184,SKU-00123,1,415.64,MXN,415.64,Tienda física
FAC-003258,2025-05-02,CLI-91631,SKU-00077,6,1415.21,MXN,8491.26,E-commerce
FAC-002665,2024-07-27,CLI-00405,SKU-00001,6,1921.79,MXN,11530.74,Tienda física
FAC-003012,2024-03-14,CLI-00005,SKU-00148,4,552.38,MXN,1155.72,E-commerce
FAC-003481,2025-06-03,CLI-00047,SKU-00109,-4,1695.97,MXN,6783.88,E-commerce
FAC-002990,10/28/2024,CLI-00443,SKU-00123,5,422.07,MXN,1690.69,Tienda física
FAC-002428,2024-09-30,CLI-00343,SKU-00139,2,163.84,MXN,327.68,E-commerce
FAC-001225,2024-07-13,CLI-00248,SKU-00106,3,678.17,MXN,2034.51,Tienda física
FAC-001892,2024-12-31,CLI-00325,SKU-00119,4,869.03,MXN,,Tienda física
FAC-001140,2024-05-28,CLI-00317,SKU-00057,3,1235.25,MXN,3705.75,E-commerce
FAC-000092,04/01/2025,CLI-00046,SKU-00025,7,608.13,MXN,4256.91,Tienda física
FAC-002518,2025-10-16,CLI-00310,SKU-00144,6,108.8,MXN,652.8,Tienda física
FAC-001489,20/01/2025,CLI-00499,SKU-00053,2,727.16,MXN,1454.32,Tienda física
FAC-003427,2024-01-22,CLI-00194,SKU-00132,1,840.91,MXN,840.91,Marketplace
FAC-001230,12/21/2025,CLI-00407,SKU-00039,6,1456.36,MXN,8738.16,E-commerce
FAC-000022,25/05/2024,CLI-00465,SKU-00105,6,1647.14,MXN,9882.84,Marketplace
FAC-000644,2024-06-06,CLI-00043,SKU-00119,2,868.26,USD,1736.52,Marketplace
FAC-002539,14/02/2024,CLI-00398,SKU-00098,6,1317.66,mxn,7905.96,Tienda física
FAC-002622,2025-12-01,CLI-00101,SKU-00067,4,196.46,MXN,785.84,Marketplace
FAC-000373,2025-05-28,CLI-00508,SKU-00033,7,1204.64,MXN,8432.48,Tienda física
FAC-000362,07/08/2024,CLI-00072,SKU-00004,1,486.35, MXN ,486.35,E-commerce
FAC-003142,2024-10-31,CLI-00363,SKU-00011,4,545.17,MXN,2180.68,Tienda física
FAC-002985,09/23/2024,CLI-00253,SKU-00057,6,1181.81,MXN,7090.86,Tienda física
FAC-003222,2025-07-18,CLI-00051,SKU-00148,1,550.33,MXN,,E-commerce
FAC-002532,2025-11-28,CLI-00357,SKU-00088,6,1308.74,MXN,7852.44,Tienda física
FAC-001456,05/14/2025,CLI-00159,SKU-00121,2,318.29,MXN,636.58,Tienda física
FAC-002846,2024-02-03,CLI-00262,SKU-00033,4,1179.67,MXN,4718.68,Marketplace
FAC-000719,2024-02-07,CLI-00113,SKU-00130,2,424.51, MXN ,849.02,Tienda física
FAC-001519,2024-02-27,CLI-00297,SKU-00109,6,1726.14,USD,10356.84,Tienda física
FAC-000055,04/12/2024,CLI-00174,SKU-00036,4,827.64,MXN,3310.56,E-commerce
FAC-000845,2024-08-21,CLI-00433,SKU-00051,6,572.79,MXN,3436.74,Tienda física
FAC-001712,2025-03-24,CLI-00111,SKU-00039,6,1451.51,MXN,4561.11,Marketplace
FAC-001457,2025-07-19,CLI-00043,SKU-00144,3,109.34,MXN,328.02,Teléfono
FAC-001365,2025-04-13,CLI-00488,SKU-00069,6,370.42,MXN,2222.52,Tienda física
FAC-000471,07/08/2025,CLI-00153,SKU-00114,1,1949.08,MXN,1949.08,Marketplace
FAC-002008,2024-02-02,CLI-00185,SKU-00105,4,1611.69,MXN,6446.76,E-commerce
FAC-002831,10/13/2025,CLI-00161,SKU-00104,7,243.45,MXN,1704.15,Tienda física
FAC-000885,2024-08-22,CLI-00239,SKU-90694,1,$868.95,MXN,868.95,Marketplace
FAC-001318,2025-04-10,CLI-00283,SKU-00104,7,235.73,MXN,1650.11,Tienda física
FAC-001994,06/04/2025,CLI-00155,SKU-00103,5,2291.54,MXN,11457.7,Tienda física
FAC-001740,2025-07-29,CLI-00283,SKU-00127,4,690.8,MXN,2763.2,Tienda física
FAC-000069,2025-11-19,CLI-00258,SKU-00088,3,1307.48,MXN,3922.44,Tienda física
FAC-002900,26/01/2024,CLI-00164,SKU-00123,3,444.13,MXN,1332.39,E-commerce
FAC-001656,2024-10-06,CLI-00118,SKU-00001,6,1812.5,mxn,10875.0,Marketplace
FAC-001303,2025-09-18,,SKU-00002,5,2974.1,MXN,14870.5,E-commerce
FAC-001449,2024-11-30,CLI-00326,SKU-00064,7,123.88,MXN,867.16,E-commerce
FAC-002003,2025-03-14,CLI-00038,SKU-00052,3,897.94,MXN,,Tienda física
FAC-003152,2024-08-08,CLI-00508,SKU-96866,1,1624.99,MXN,1624.99,Teléfono
FAC-000355,2025-11-27,CLI-00229,SKU-00053,7,710.5,MXN,4973.5,Tienda física
FAC-000675,2024-03-06,CLI-00378,SKU-00132,6,$844.21,MXN,5065.26,Tienda física
FAC-001113,2024-05-01,CLI-00202,SKU-00021,2,181.7,MXN,363.4,E-commerce
FAC-001095,29/03/2025,CLI-96295,SKU-00016,1,682.23,MXN,682.23,Tienda física
FAC-001485,2024-06-30,CLI-00305,SKU-00128,6,532.97,MXN,3197.82,E-commerce
FAC-003406,2024-05-06,CLI-00457,SKU-00152,4,527.81,MXN,2111.24,Marketplace
FAC-002902,2024-04-17,CLI-00405,SKU-00018,7,846.18,MXN,,Tienda física
FAC-001926,2024-12-10,CLI-00070,SKU-00036,1,856.9,MXN,856.9,Marketplace
FAC-002803,05/04/2024,CLI-00208,SKU-00121,6,329.01,MXN,1974.06,E-commerce
FAC-000706,01/05/2025,CLI-00034,SKU-00093,4,499.59,MXN,1998.36,Tienda física
FAC-002875,2025-12-29,CLI-00292,SKU-00104,2,249.68, MXN ,499.36,E-commerce
FAC-001665,2024-10-28,CLI-00099,SKU-00024,5,946.39,MXN,4731.95,Tienda física
FAC-000580,2025-01-01,CLI-00178,SKU-00022,3,650.04,mxn,1950.12,E-commerce
FAC-000815,2024-07-20,CLI-00223,SKU-91881,1,472.37,MXN,472.37,E-commerce
FAC-001662,2024-10-18,CLI-00086,SKU-00099,3,2013.72,MXN,6041.16,Tienda física
FAC-000497,2024-04-05,CLI-00353,SKU-00025,4,601.64,USD,2406.56,Marketplace
FAC-002366,01/09/2024,CLI-00490,SKU-00096,1,"$1,388.91",MXN,1388.91,Tienda física
FAC-001129,02/07/2025,CLI-00458,SKU-00016,7,669.36,MXN,4685.52,Tienda física
FAC-000771,2024-06-08,CLI-00186,SKU-00032,2,775.24,USD,1550.48,E-commerce
FAC-003044,26/10/2024,CLI-00353,SKU-00042,7,1593.03,MXN,11151.21,Tienda física
FAC-000413,2024-01-28,CLI-00153,SKU-00120,3,701.84,MXN,2105.52,Tienda física
FAC-000363,05/12/2025,CLI-00328,SKU-00083,1,188.6,MXN,188.6,Marketplace
FAC-002460,2024-04-08,CLI-00062,SKU-00036,1,846.94,USD,846.94,E-commerce
FAC-001143,2025-12-26,CLI-00254,SKU-00061,7,417.69,MXN,2923.83,E-commerce
FAC-000152,2025-05-19,CLI-00160,SKU-00047,4,1278.54,MXN,5114.16,Tienda física
FAC-000758,2024-11-03,CLI-00043,SKU-00063,7,292.07,USD,2044.49,E-commerce
FAC-002464,2025-04-21,CLI-00232,SKU-00054,3,431.17,mxn,1293.51,Tienda física
FAC-001282,16/10/2025,CLI-00193,SKU-00078,5,898.68,mxn,4493.4,Marketplace
FAC-000584,10/29/2025,CLI-00046,SKU-00048,3,525.67, MXN ,1577.01,Tienda física
FAC-003061,14/09/2025,CLI-00341,SKU-00118,5,$279.42,MXN,1397.1,Marketplace
FAC-002894,2025-05-31,CLI-00380,SKU-00135,4,391.89,USD,1567.56,Tienda física
FAC-000279,2024-09-12,CLI-00208,SKU-00060,2,435.72,MXN,871.44,Marketplace
FAC-000538,2024-08-23,CLI-00474,SKU-00069,7,361.94,MXN,2533.58,Marketplace
FAC-000316,2024-12-07,CLI-00425,SKU-00113,5,2262.58,MXN,11312.9,Tienda física
FAC-000620,11/25/2025,CLI-00232,SKU-00064,4,123.38, MXN ,493.52,E-commerce
FAC-002088,2024-04-01,CLI-00455,SKU-00089,-3,1327.83,MXN,3983.49,Marketplace
FAC-001985,2025-03-29,CLI-00299,SKU-00001,1,1800.82,MXN,1800.82,Marketplace
FAC-001829,2025-07-23,CLI-00246,SKU-00142,6,507.09,MXN,3042.54,E-commerce
FAC-000720,2025-03-12,CLI-00140,SKU-00095,4,370.79,MXN,1483.16,Tienda física
FAC-000441,2024-04-23,,SKU-99506,2,648.27,MXN,1296.54,E-commerce
FAC-002024,02/28/2025,CLI-95772,SKU-00104,4,248.83,MXN,995.32,E-commerce
FAC-002904,2025-05-21,CLI-00287,SKU-00121,2,330.25,MXN,660.5,Marketplace
FAC-003184,2024-09-14,CLI-00007,SKU-00096,7,1408.32,USD,9858.24,Marketplace
FAC-002553,2024-02-20,CLI-00158,SKU-00121,1,324.27,MXN,324.27,E-commerce
FAC-000103,09/07/2024,CLI-00017,SKU-00028,1,581.95,USD,581.95,E-commerce
FAC-000595,2025-11-20,CLI-98515,SKU-92840,3,435.67,MXN,1307.01,Teléfono
FAC-001085,2024-09-01,CLI-00424,SKU-00129,1,295.96,USD,295.96,Tienda física
FAC-001984,2024-03-30,CLI-00150,SKU-00042,1,"$1,669.40",MXN,1669.4,Teléfono
FAC-001482,2024-02-03,CLI-00395,SKU-00112,3,190.62,MXN,571.86,E-commerce
FAC-003378,10/04/2025,CLI-00069,SKU-00124,7,821.69,MXN,5751.83,E-commerce
FAC-000272,09/01/2024,CLI-00424,SKU-00145,7,433.27,USD,3032.89,E-commerce
FAC-003279,2024-07-18,CLI-00445,SKU-00117,3,776.75,MXN,2330.25,Tienda física
FAC-001139,2025-06-07,CLI-00465,SKU-00058,2,140.63,MXN,281.26,E-commerce
FAC-000802,2025-06-27,CLI-00136,SKU-00147,2,285.99,USD,571.98,Tienda física
FAC-000607,2024-07-26,CLI-00304,SKU-00069,7,359.12,MXN,2513.84,Tienda física
FAC-003231,2025-10-03,CLI-00246,SKU-00135,-2,402.96,MXN,1611.84,E-commerce
FAC-002287,2024-04-25,CLI-00493,SKU-00031,4,414.22,MXN,844.74,Tienda física
FAC-002563,20/12/2025,CLI-00402,SKU-00136,6,250.74,MXN,1504.44,E-commerce
FAC-001267,08/07/2024,CLI-00233,SKU-00117,2,743.91,MXN,1487.82,Tienda física
FAC-003425,2024-10-19,CLI-00446,SKU-00044,2,1631.6,MXN,3263.2,Tienda física
FAC-000044,2025-03-06,CLI-00105,SKU-00148,7,550.88,USD,3856.16,Marketplace
FAC-001263,30/08/2025,CLI-00229,SKU-00109,1,1709.71,MXN,1709.71,Tienda física
FAC-002772,2025-12-18,CLI-00409,SKU-96155,3,2472.91,MXN,5470.95,Tienda física
FAC-002089,21/04/2024,CLI-00291,SKU-00010,1,675.28,MXN,675.28,E-commerce
FAC-003234,10/31/2024,CLI-00452,SKU-00021,7,194.93,USD,1364.51,E-commerce
FAC-002334,2024-03-06,CLI-00306,SKU-00055,3,572.92,MXN,1718.76,Tienda física
FAC-002200,12/04/2025,CLI-00300,SKU-00052,5,$877.72, MXN ,4388.6,E-commerce
FAC-002608,06/06/2024,CLI-00111,SKU-00033,5,1141.13,USD,5705.65,E-commerce
FAC-003423,11/26/2024,CLI-00238,SKU-00068,3,299.29,MXN,897.87,Tienda física
FAC-003084,2024-05-18,CLI-00032,SKU-00037,6,1023.46,MXN,6140.76,E-commerce
FAC-001895,2024-02-11,CLI-00259,SKU-00095,4,393.19,MXN,1572.76,Marketplace
FAC-002914,08/10/2024,CLI-00254,SKU-98810,2,1093.6,MXN,2187.2,Marketplace
FAC-001359,24/04/2024,CLI-00297,SKU-00101,4,841.52,MXN,3366.08,Marketplace
FAC-000029,2025-12-02,CLI-00084,SKU-00070,6,414.81,MXN,2488.86,Tienda física
FAC-001415,2025-04-13,CLI-00045,SKU-00089,5,1263.93, MXN ,6319.65,Tienda física
FAC-002599,2024-01-06,CLI-00117,SKU-00069,-1,358.03,MXN,358.03,E-commerce
FAC-003420,2024-10-22,CLI-00328,SKU-00106,4,659.04,MXN,2636.16,E-commerce
FAC-001407,2024-01-13,CLI-00217,SKU-00073,7,55.5,MXN,388.5,Tienda física
FAC-000618,03/01/2024,CLI-00014,SKU-00090,2,1456.04,MXN,2912.08,Tienda física
FAC-001581,2025-03-08,CLI-00193,SKU-94934,1,798.99,MXN,798.99,E-commerce
FAC-000440,03/04/2025,CLI-00168,SKU-00146,5,368.42,MXN,1842.1,Marketplace
FAC-000882,10/26/2025,,SKU-00023,2,337.35,MXN,674.7,Marketplace
FAC-002861,2024-06-25,CLI-00313,SKU-00002,6,3005.22,MXN,18031.32,E-commerce
FAC-000821,10/02/2025,CLI-00068,SKU-00073,1,55.28,MXN,55.28,Tienda física
FAC-001099,2025-07-24,CLI-00182,SKU-00058,1,147.16,MXN,147.16,Teléfono
FAC-001715,2024-10-20,CLI-00353,SKU-00100,5,2105.94,MXN,10529.7,Marketplace
FAC-000912,2025-10-15,CLI-00197,SKU-00090,7,1395.25,mxn,9766.75,E-commerce
FAC-002946,2024-01-21,CLI-00173,SKU-00145,3,430.95,MXN,1292.85,E-commerce
FAC-003139,2025-09-24,,SKU-00053,7,$727.40,MXN,5091.8,E-commerce
FAC-001859,04/07/2024,CLI-00042,SKU-00108,7,307.44,USD,2152.08,E-commerce
FAC-002807,19/10/2025,CLI-00503,SKU-00045,6,1137.89,MXN,6827.34,Tienda física
FAC-003251,2025-04-01,CLI-00454,SKU-00132,7,826.11,MXN,4515.03,Tienda física
FAC-001828,11/14/2025,CLI-00325,SKU-00137,7,565.57,MXN,3958.99,E-commerce
FAC-002372,2024-03-17,CLI-00337,SKU-00055,1,549.53, MXN ,549.53,E-commerce
FAC-000370,2024-09-04,CLI-00276,SKU-00096,3,1390.45,USD,2772.58,Tienda física
FAC-002543,2025-03-14,CLI-00107,SKU-00109,6,1756.07,MXN,10536.42,E-commerce
FAC-001364,2025-10-28,CLI-00224,SKU-00144,7,108.6,USD,760.2,E-commerce
FAC-002171,25/02/2025,CLI-00325,SKU-99173,3,421.33,MXN,1263.99,Tienda física
FAC-003121,02/16/2025,CLI-00032,SKU-00080,5,850.14,MXN,4250.7,Teléfono
FAC-001601,2024-04-11,CLI-00164,SKU-00071,2,72.36,MXN,144.72,E-commerce
FAC-000782,2024-11-17,CLI-00202,SKU-00124,5,798.7,MXN,3993.5,Tienda física
FAC-000209,2025-12-18,,SKU-00028,3,580.03,MXN,1740.09,E-commerce
FAC-000324,2024-06-15,CLI-00082,SKU-98931,7,2325.52,USD,16278.64,Tienda física
FAC-001617,2024-10-15,CLI-00020,SKU-00063,2,303.15,MXN,606.3,Marketplace
FAC-000581,03/09/2024,CLI-00136,SKU-00037,4,1019.92,MXN,4079.68,Tienda física
FAC-001635,2024-07-19,CLI-00366,SKU-00124,7,803.06,MXN,3937.76,E-commerce
FAC-002756,09/25/2024,CLI-00191,SKU-00019,4,2394.24,MXN,9576.96,E-commerce
FAC-001219,2024-07-17,CLI-00071,SKU-00075,4,225.71,MXN,902.84,Tienda física
FAC-003252,2024-12-16,CLI-00223,SKU-00045,1,1088.8,MXN,1088.8,E-commerce
FAC-002361,2024-12-12,CLI-00202,SKU-00054,3,435.14,MXN,1305.42,Marketplace
FAC-001534,2025-10-15,CLI-00358,SKU-00139,4,168.68,MXN,674.72,Tienda física
FAC-001337,2025-08-25,CLI-99807,SKU-00112,1,194.46,MXN,194.46,Tienda física
FAC-000541,2024-04-25,CLI-00235,SKU-00099,2,1899.47,MXN,3798.94,Tienda física
FAC-001908,03/12/2024,CLI-00132,SKU-00037,-3,1010.52,MXN,3031.56,Tienda física
FAC-000539,2024-10-02,CLI-00077,SKU-00099,6,1878.14,MXN,11268.84,E-commerce
FAC-003290,2025-02-28,CLI-00443,SKU-00103,4,2389.89,MXN,9559.56,Tienda física
FAC-001018,2024-03-17,CLI-00446,SKU-00068,2,294.23,MXN,588.46,Tienda física
FAC-001331,27/03/2025,CLI-00191,SKU-00024,5,$925.88,MXN,4629.4,Tienda física
FAC-003488,2024-04-10,CLI-00043,SKU-00001,4,1796.12,MXN,7184.48,Marketplace
FAC-001504,2024-02-16,CLI-00385,SKU-00113,7,2236.6,MXN,15656.2,Tienda física
FAC-000381,2025-04-07,CLI-00040,SKU-00098,3,"$1,307.40",MXN,3922.2,E-commerce
FAC-002832,21/06/2024,CLI-00060,SKU-00052,-1,944.3,MXN,,Teléfono
FAC-001462,12/12/2024,CLI-00175,SKU-00111,1,1970.04,mxn,,Marketplace
FAC-002183,02/18/2024,CLI-00348,SKU-00152,2,550.3,MXN,1100.6,Tienda física
FAC-001595,2024-05-09,CLI-00171,SKU-00028,1,593.9,MXN,593.9,Tienda física
FAC-001488,21/01/2024,CLI-00436,SKU-00024,1,909.8,MXN,909.8,E-commerce
FAC-001484,2025-01-28,CLI-00478,SKU-00059,-3,408.96,MXN,2044.8,E-commerce
FAC-002915,2024-02-11,,SKU-00137,5,535.88,mxn,2221.7,Tienda física
FAC-000288,2025-09-02,CLI-00052,SKU-00034,6,1140.8,MXN,6844.8,E-commerce
FAC-002771,13/11/2025,CLI-00340,SKU-93204,6,381.48,MXN,2288.88,Tienda física
FAC-002000,2025-06-15,CLI-00349,SKU-00032,6,773.96,MXN,4643.76,Tienda física
FAC-002779,2024-08-01,CLI-00495,SKU-00003,5,3081.43,MXN,15407.15,Marketplace
FAC-003160,2025-11-07,CLI-00080,SKU-00102,-4,1556.58,MXN,4669.74,Tienda física
FAC-000013,2024-07-17,CLI-00439,SKU-00036,2,834.94,mxn,1669.88,Tienda física
FAC-001580,08/05/2025,CLI-00296,SKU-00091,3,840.04,USD,2520.12,Teléfono
FAC-002326,2024-09-21,CLI-00465,SKU-00076,4,52.68,MXN,210.72,E-commerce
FAC-002311,2024-07-25,CLI-00161,SKU-00028,3,568.59,MXN,1705.77,Marketplace
FAC-003360,22/07/2025,CLI-00415,SKU-00122,7,$214.35,MXN,1500.45,Tienda física
FAC-002465,2024-06-06,CLI-00199,SKU-00051,5,577.47,MXN,2887.35,Marketplace
FAC-000959,2024-09-12,,SKU-00082,5,966.42, MXN ,4832.1,Tienda física
FAC-000123,2025-11-29,CLI-00493,SKU-00069,5,362.57,MXN,1812.85,E-commerce
FAC-003192,2024-12-12,CLI-00354,SKU-00108,5,$315.56,MXN,1577.8,Tienda física
FAC-000983,2025-11-12,CLI-00460,SKU-00137,1,542.12,MXN,542.12,Tienda física
FAC-001739,2025-11-20,CLI-00062,SKU-00142,4,493.25,MXN,1973.0,E-commerce
FAC-001793,2024-07-11,CLI-00161,SKU-00130,7,446.93,MXN,3128.51,Tienda física
FAC-000459,2025-09-22,CLI-00284,SKU-00115,1,120.22,MXN,120.22,Teléfono
FAC-000446,26/08/2025,CLI-00322,SKU-00031,2,390.85,MXN,781.7,E-commerce
FAC-000039,05/28/2024,CLI-00197,SKU-00015,2,877.39,MXN,,E-commerce
FAC-000982,2025-11-29,CLI-00341,SKU-97770,4,450.58,MXN,1802.32,E-commerce
FAC-000460,2024-07-02,CLI-00404,SKU-00062,6,377.09,MXN,2262.54,Marketplace
FAC-001353,2024-07-31,CLI-00253,SKU-00018,7,880.21,MXN,6161.47,Tienda física
FAC-002153,2025-04-07,CLI-00121,SKU-00014,1,251.63,MXN,251.63,Tienda física
FAC-003064,21/05/2024,CLI-91149,SKU-00090,1,1416.11,MXN,1416.11,E-commerce
FAC-000322,2025-04-30,CLI-00495,SKU-00111,4,"$1,973.43",MXN,7893.72,Tienda física
FAC-003164,2024-10-15,CLI-00011,SKU-00047,3,1238.84,MXN,3716.52,Tienda física
FAC-002996,2024-02-26,CLI-99504,SKU-00127,6,709.9,USD,4259.4,E-commerce
FAC-002849,2025-07-28,CLI-00430,SKU-00096,2,1434.12,MXN,2868.24,Marketplace
FAC-002825,01/17/2024,CLI-00127,SKU-00072,5,421.06,MXN,2105.3,Tienda física
FAC-001706,2025-03-26,CLI-00102,SKU-00098,7,"$1,273.10",MXN,8911.7,Tienda física
FAC-002735,2024-11-24,CLI-00194,SKU-00030,1,856.81,MXN,856.81,E-commerce
FAC-003055,2024-03-25,CLI-00384,SKU-00094,4,314.38,MXN,1257.52,Tienda física
FAC-000252,2025-11-25,CLI-00470,SKU-00117,7,778.87,MXN,5452.09,Marketplace
FAC-001571,22/06/2025,CLI-00047,SKU-00130,2,432.2,MXN,864.4,E-commerce
FAC-002602,2025-02-05,CLI-00027,SKU-00077,2,1492.97,mxn,2985.94,E-commerce
FAC-001355,2025-11-14,CLI-00013,SKU-00076,1,54.03,USD,54.03,E-commerce
FAC-001184,2024-04-25,CLI-00017,SKU-00021,5,190.31,MXN,951.55,Tienda física
FAC-002388,2024-10-12,,SKU-00044,2,1531.64,MXN,3063.28,Tienda física
FAC-002767,2024-12-14,CLI-00349,SKU-00013,1,2510.4,MXN,2510.4,E-commerce
FAC-000393,10/23/2025,,SKU-00071,3,68.27,MXN,204.81,E-commerce
FAC-001495,2025-05-12,CLI-00451,SKU-00086,4,1427.08,MXN,5708.32,E-commerce
FAC-003070,2025-01-16,CLI-94846,SKU-00008,4,1953.0,MXN,7812.0,E-commerce
FAC-002514,08/04/2025,CLI-00503,SKU-00052,4,936.81,MXN,3747.24,E-commerce
FAC-001280,29/09/2024,CLI-00004,SKU-00094,6,313.45,USD,1880.7,E-commerce
FAC-002565,2025-02-10,CLI-00179,SKU-00077,6,1439.97,MXN,8639.82,Tienda física
FAC-001897,2024-03-15,CLI-00383,SKU-00141,3,543.61,MXN,1630.83,E-commerce
FAC-002516,09/02/2025,CLI-00187,SKU-00063,1,297.78,USD,297.78,Tienda física
FAC-001632,08/04/2024,CLI-00487,SKU-00139,3,171.69,MXN,515.07,Marketplace
FAC-003255,2024-06-09,CLI-00284,SKU-00011,4,534.0,MXN,2136.0,Marketplace
FAC-000645,2024-02-18,CLI-00118,SKU-00055,5,563.87,MXN,2819.35,Tienda física
FAC-002426,2025-07-12,,SKU-00142,6,527.68,MXN,3166.08,E-commerce
FAC-001735,2025-03-26,CLI-00009,SKU-00045,3,1084.78, MXN ,3254.34,E-commerce
FAC-000297,2025-11-04,CLI-00292,SKU-00106,5,676.46,MXN,3382.3,Marketplace
FAC-001335,2025-01-04,CLI-00459,SKU-00077,2,1457.39,MXN,2914.78,Tienda física
FAC-002488,20/12/2024,CLI-00503,SKU-00033,1,1157.27,USD,1157.27,E-commerce
FAC-003105,2025-03-05,,SKU-00058,1,145.41,MXN,145.41,Marketplace
FAC-000998,11/21/2025,CLI-00470,SKU-00111,3,2009.57,MXN,6028.71,E-commerce
FAC-000887,2024-04-16,CLI-00487,SKU-00118,5,279.18,MXN,1036.23,Tienda física
FAC-001579,2024-03-05,CLI-00383,SKU-00149,4,60.58,MXN,242.32,Marketplace
FAC-000452,2024-08-26,CLI-00443,SKU-00122,5,214.63,MXN,,Marketplace
FAC-000970,15/10/2024,CLI-90707,SKU-00011,6,517.92,MXN,2300.85,Marketplace
FAC-001636,2024-11-17,,SKU-00082,2,1009.81,MXN,2019.62,Marketplace
FAC-002093,2025-02-11,CLI-00140,SKU-00119,7,875.84,MXN,6130.88,Marketplace
FAC-001197,2024-08-31,CLI-00346,SKU-00121,4,320.01,MXN,1280.04,E-commerce
FAC-001899,23/10/2024,,SKU-00050,6,495.72,MXN,2974.32,E-commerce
FAC-001969,22/03/2025,CLI-00132,SKU-00082,1,989.34,MXN,989.34,Tienda física
FAC-001027,2024-04-29,CLI-00121,SKU-00016,6,669.95,MXN,4019.7,Teléfono
FAC-000933,06/09/2024,CLI-00218,SKU-00003,4,3082.96,MXN,12331.84,Marketplace
FAC-001878,18/07/2024,CLI-00311,SKU-00045,1,1146.35,MXN,1146.35,Tienda física
FAC-003134,2024-05-25,CLI-00386,SKU-00092,6,144.83,MXN,868.98,E-commerce
FAC-003123,2024-07-24,CLI-00080,SKU-00011,3,522.86,MXN,1568.58,Tienda física
FAC-001918,20/11/2024,CLI-00423,SKU-00074,7,434.03,USD,3038.21,Marketplace
FAC-002589,2025-04-21,CLI-00312,SKU-00090,7,1424.55,mxn,9971.85,Teléfono
FAC-000825,2024-09-28,CLI-00247,SKU-00115,7,122.77,MXN,859.39,Tienda física
FAC-000616,2024-11-20,CLI-00101,SKU-00077,1,1481.33,MXN,1481.33,E-commerce
FAC-002957,2025-05-24,CLI-00305,SKU-00074,5,$421.68,MXN,2108.4,Teléfono
FAC-003263,09/08/2025,CLI-00030,SKU-00117,-3,780.58, MXN ,3157.1,Tienda física
FAC-002524,11/02/2025,CLI-00434,SKU-00088,3,1389.86,MXN,4169.58,Tienda física
FAC-001201,14/06/2025,CLI-00080,SKU-00083,4,180.73,MXN,722.92,Tienda física
FAC-000255,11/06/2025,CLI-00035,SKU-00122,6,$221.25,MXN,1327.5,Tienda física
FAC-000310,2024-02-08,CLI-98416,SKU-00131,6,102.85,MXN,617.1,Marketplace
FAC-003060,2024-02-19,CLI-00262,SKU-00066,2,442.29,MXN,884.58,Tienda física
FAC-001486,2024-02-08,CLI-00275,SKU-00089,6,1330.44,MXN,7982.64,E-commerce
FAC-003350,2025-08-22,CLI-00328,SKU-00010,4,719.12,MXN,2876.48,Tienda física
FAC-001501,2024-05-23,CLI-00463,SKU-00005,1,409.31,MXN,409.31,Tienda física
FAC-002621,2025-07-01,,SKU-00038,1,642.47,MXN,642.47,Tienda física
FAC-001532,25/09/2024,CLI-00241,SKU-00121,2,314.58,mxn,629.16,Tienda física
FAC-001308,2024-06-12,CLI-00044,SKU-90327,6,$169.83,MXN,1018.98,E-commerce
FAC-001204,25/10/2024,CLI-00206,SKU-00084,2,922.79,MXN,1845.58,Marketplace
FAC-002261,07/26/2024,CLI-00232,SKU-00043,1,740.8,MXN,740.8,Tienda física
FAC-000372,2025-06-19,CLI-00218,SKU-00081,3,500.06,MXN,1500.18,E-commerce
FAC-000465,2025-07-02,CLI-00177,SKU-00002,4,"$3,030.47",MXN,12121.88,Teléfono
FAC-003080,2024-11-02,CLI-00329,SKU-00014,6,267.8,MXN,1606.8,Marketplace
FAC-001133,17/06/2024,CLI-00418,SKU-00148,1,559.33,USD,559.33,Tienda física
FAC-001820,03/04/2025,CLI-00346,SKU-00004,4,509.14,MXN,2036.56,E-commerce
FAC-002181,05/30/2025,CLI-00408,SKU-00077,6,1427.34,MXN,8564.04,E-commerce
FAC-002890,2024-04-01,CLI-00013,SKU-00005,2,402.39,MXN,804.78,E-commerce
FAC-000003,2024-08-31,CLI-00222,SKU-00084,5,959.52,MXN,2848.94,E-commerce
FAC-001255,2024-06-09,CLI-00370,SKU-00135,6,405.7, MXN ,2434.2,E-commerce
FAC-000098,2024-12-22,CLI-00129,SKU-00005,4,381.42,MXN,1525.68,Tienda física
FAC-002689,2024-02-16,CLI-00209,SKU-00122,1,216.72,MXN,216.72,Teléfono
FAC-002691,26/07/2024,CLI-00164,SKU-00113,5,2316.64,MXN,11583.2,E-commerce
FAC-001222,2024-11-17,CLI-00193,SKU-00041,2,1684.69,MXN,3369.38,E-commerce
FAC-001020,2025-08-13,CLI-00257,SKU-00095,2,383.0,MXN,,Tienda física
FAC-001643,2024-11-01,CLI-00291,SKU-97847,4,401.37,MXN,1605.48,Tienda física
FAC-001298,2024-03-12,CLI-00184,SKU-00099,3,1960.9,mxn,5882.7,Tienda física
FAC-002506,2025-12-11,,SKU-97990,4,209.08,USD,836.32,Teléfono
FAC-000181,2025-07-19,CLI-00115,SKU-00013,2,2458.29,MXN,4916.58,E-commerce
FAC-002102,27/07/2025,CLI-00390,SKU-00034,3,1134.33,MXN,3402.99,Tienda física
FAC-001696,21/09/2025,CLI-00134,SKU-00122,5,216.98,MXN,1084.9,E-commerce
FAC-001165,19/12/2025,CLI-00496,SKU-00022,7,626.16,MXN,4383.12,Marketplace
FAC-000054,2024-03-15,CLI-00129,SKU-00095,4,387.31,MXN,1549.24,E-commerce
FAC-001115,07/12/2024,CLI-00406,SKU-00114,2,1903.01,MXN,3806.02,E-commerce
FAC-002251,06/15/2025,CLI-00124,SKU-00098,6,1322.89,USD,7937.34,E-commerce
FAC-001079,2025-04-11,CLI-00253,SKU-00142,7,495.33,USD,3467.31,Tienda física
FAC-001714,2025-08-16,CLI-00224,SKU-00148,7,541.45,MXN,3790.15,Tienda física
FAC-002404,2025-09-20,CLI-00401,SKU-00147,2,283.78,MXN,567.56,Marketplace
FAC-003185,2024-04-03,CLI-00112,SKU-00018,7,866.87,MXN,6068.09,Tienda física
FAC-000931,06/08/2024,CLI-00090,SKU-00144,4,104.51,MXN,418.04,Marketplace
FAC-001547,2025-11-14,CLI-00217,SKU-00062,6,379.63,MXN,2277.78,Tienda física
FAC-001240,2025-09-07,CLI-00331,SKU-00018,3,852.31,MXN,1639.98,E-commerce
FAC-001858,2024-04-06,CLI-00321,SKU-00078,4,899.14,MXN,3596.56,Marketplace
FAC-000957,2024-06-04,CLI-00316,SKU-00144,1,102.17,MXN,102.17,Marketplace
FAC-000053,2024-06-29,CLI-98523,SKU-00123,6,419.74,MXN,2518.44,Tienda física
FAC-001334,2025-10-14,CLI-00227,SKU-00033,7,1156.93,MXN,8098.51,Marketplace
FAC-001438,08/18/2025,CLI-00033,SKU-00063,3,292.95,MXN,878.85,Marketplace
FAC-002199,2025-12-15,CLI-00090,SKU-00102,4,1472.92,MXN,5891.68,Tienda física
FAC-000817,2024-03-18,CLI-00491,SKU-00039,2,1515.22,MXN,3030.44,Tienda física
FAC-003456,31/12/2025,CLI-00503,SKU-00122,2,223.69,MXN,447.38,Tienda física
FAC-000270,2024-08-22,CLI-00018,SKU-00071,3,72.54,USD,217.62,Tienda física
FAC-002810,16/11/2025,CLI-00347,SKU-00024,3,902.07,USD,2706.21,Marketplace
FAC-000523,02/14/2025,CLI-00188,SKU-00095,4,377.68,USD,890.82,Marketplace
FAC-002963,2025-10-04,CLI-00236,SKU-00065,2,211.32,MXN,422.64,Marketplace
FAC-001357,2025-04-17,,SKU-00056,3,806.91,MXN,1311.57,Marketplace
FAC-003127,04/04/2025,CLI-00241,SKU-00152,7,536.35,MXN,3754.45,E-commerce
FAC-002333,2025-05-03,CLI-00185,SKU-00052,5,919.64,MXN,3622.12,E-commerce
FAC-002486,2025-04-21,CLI-00157,SKU-00026,1,1107.86,MXN,1107.86,Marketplace
FAC-002838,2025-04-04,CLI-00327,SKU-00112,2,197.54,MXN,325.55,E-commerce
FAC-000649,04/01/2024,CLI-00498,SKU-00043,6,749.15,MXN,4494.9,Tienda física
FAC-002035,2025-10-11,CLI-00159,SKU-00029,-1,512.09,MXN,1760.52,E-commerce
FAC-003118,2024-11-05,CLI-00213,SKU-00058,1,148.21,MXN,148.21,Tienda física
FAC-002706,07/16/2024,CLI-00284,SKU-00056,3,792.29,MXN,2376.87,Tienda física
FAC-000312,2024-02-03,CLI-00449,SKU-00104,3,237.89,MXN,713.67,Marketplace
FAC-002597,2024-11-21,CLI-00371,SKU-00116,5,332.54,MXN,1662.7,Marketplace
FAC-000986,2025-08-07,CLI-00089,SKU-00005,1,412.17,MXN,412.17,Tienda física
FAC-002555,02/06/2024,CLI-00309,SKU-00033,3,1221.41,MXN,3664.23,Tienda física
FAC-001810,2024-08-13,CLI-00307,SKU-00103,1,2361.98,USD,2361.98,Marketplace
FAC-001731,2024-04-20,CLI-00493,SKU-00002,3,2980.41,MXN,8941.23,Marketplace
FAC-003305,2024-05-26,CLI-00301,SKU-00132,5,842.18,MXN,4210.9,Marketplace
FAC-002255,21/12/2024,CLI-00405,SKU-00112,1,194.49,MXN,194.49,E-commerce
FAC-002921,2024-03-20,CLI-00170,SKU-00143,3,43.43,MXN,130.29,Tienda física
FAC-000537,03/01/2025,CLI-00322,SKU-00039,6,1463.89,MXN,8783.34,Marketplace
FAC-001338,08/05/2024,CLI-00305,SKU-98806,6,218.92,MXN,1313.52,Marketplace
FAC-000731,2024-03-27,CLI-00063,SKU-00006,2,1777.76,MXN,3555.52,E-commerce
FAC-000860,2024-05-13,CLI-00087,SKU-95160,5,955.59, MXN ,3428.35,E-commerce
FAC-002975,2024-09-20,CLI-00291,SKU-00152,6,538.94,MXN,3233.64,Tienda física
FAC-000785,02/28/2025,CLI-00325,SKU-00065,2,204.34,MXN,408.68,Marketplace
FAC-003466,2024-12-12,CLI-00042,SKU-00018,3,874.25,MXN,2622.75,Marketplace
FAC-000325,2024-04-14,CLI-00096,SKU-00093,2,474.16,MXN,948.32,Marketplace
FAC-000630,2024-09-23,CLI-00349,SKU-00029,3,517.91,MXN,1553.73,E-commerce
FAC-000895,15/08/2024,,SKU-94198,3,2424.14,MXN,7272.42,Tienda física
FAC-001603,2025-11-25,CLI-00186,SKU-00031,6,395.43,MXN,2372.58,E-commerce
FAC-000773,2025-01-24,CLI-00022,SKU-00005,6,403.56,MXN,2421.36,Tienda física
FAC-001947,2024-11-08,CLI-00462,SKU-00030,3,841.59,MXN,2524.77,E-commerce
FAC-002031,2024-11-20,CLI-00295,SKU-00065,2,200.24,MXN,400.48,Marketplace
FAC-002490,2025-02-16,CLI-00162,SKU-00143,3,44.26,MXN,132.78,E-commerce
FAC-000211,05/09/2024,CLI-00015,SKU-00141,2,553.82,MXN,1107.64,Tienda física
FAC-002260,13/09/2025,CLI-00343,SKU-00001,7,1868.61, USD ,13080.27,Marketplace
FAC-002473,2024-01-08,CLI-00482,SKU-00014,4,267.77,MXN,897.78,Marketplace
FAC-001859,04/07/2024,CLI-00042,SKU-00108,7,307.44,USD,2152.08,E-commerce
FAC-001551,27/08/2025,CLI-00425,SKU-00150,3,523.35,MXN,1570.05,Tienda física
FAC-002664,2025-02-06,CLI-00470,SKU-00050,1,500.37,MXN,500.37,E-commerce
FAC-002550,2025-06-03,CLI-00214,SKU-00101,1,854.36,MXN,854.36,Tienda física
FAC-001755,2025-01-26,CLI-93020,SKU-00072,4,439.93,MXN,1759.72,E-commerce
FAC-001891,01/05/2025,CLI-00380,SKU-00009,2,1293.33,USD,2586.66,E-commerce
FAC-002195,01/11/2025,CLI-00466,SKU-00083,1,191.36,MXN,191.36,Tienda física
FAC-000873,2024-08-27,CLI-00193,SKU-00133,-4,223.54,MXN,368.73,Tienda física
FAC-002661,2025-01-10,CLI-00469,SKU-00032,6,819.24,USD,4915.44,Tienda física
FAC-001466,2024-01-05,CLI-00460,SKU-00079,6,1337.21,MXN,8023.26,Tienda física
FAC-001945,2025-04-18,CLI-00342,SKU-00034,4,"$1,098.63",MXN,4394.52,E-commerce
FAC-000661,2025-10-03,CLI-00023,SKU-00099,7,1986.78,MXN,13907.46,E-commerce
FAC-000655,2024-12-05,CLI-00112,SKU-00045,4,1142.77,mxn,4571.08,Teléfono
FAC-003331,2025-07-24,CLI-00003,SKU-91345,3,372.7,MXN,1118.1,Tienda física
FAC-003013,2024-07-26,CLI-00388,SKU-00014,3,254.64,MXN,763.92,E-commerce
FAC-001716,2025-07-21,CLI-00372,SKU-00036,5,800.7,MXN,4003.5,Tienda física
FAC-002344,2025-04-01,CLI-00218,SKU-00011,1,514.83,MXN,514.83,E-commerce
FAC-001442,2024-06-15,CLI-00329,SKU-00106,1,646.45,MXN,646.45,Tienda física
FAC-000578,2024-11-13,CLI-00259,SKU-00023,4,334.87,MXN,1339.48,E-commerce
FAC-002408,2024-08-01,CLI-00427,SKU-00097,7,1882.66,MXN,13178.62,Tienda física
FAC-000875,03/08/2025,CLI-00469,SKU-00074,2,421.05,MXN,629.01,Marketplace
FAC-002884,2025-03-28,CLI-00409,SKU-00039,4,1436.15,USD,5744.6,E-commerce
FAC-003091,28/03/2025,CLI-00082,SKU-00150,6,509.69,MXN,3058.14,E-commerce
FAC-001668,2024-09-03,CLI-00267,SKU-00124,3,818.82, MXN ,2456.46,Tienda física
FAC-002112,10/04/2024,CLI-94251,SKU-00120,3,668.25,MXN,2004.75,Teléfono
FAC-000375,2024-07-26,CLI-00270,SKU-00118,2,271.68,MXN,543.36,E-commerce
FAC-001870,2025-01-05,CLI-00175,SKU-00097,3,1998.72,USD,5996.16,E-commerce
FAC-001946,2025-11-01,CLI-92870,SKU-00067,1,202.34, USD ,202.34,Marketplace
FAC-001368,2025-06-17,CLI-00468,SKU-00063,1,290.31,MXN,290.31,Tienda física
FAC-001958,2024-08-14,CLI-00453,SKU-00134,2,224.93,MXN,449.86,Marketplace
FAC-001194,03/13/2025,CLI-00028,SKU-00055,1,563.46,usd,563.46,Marketplace
FAC-001177,2025-10-06,CLI-00450,SKU-00101,5,882.34,mxn,4411.7,Tienda física
FAC-001906,2025-07-20,CLI-00354,SKU-00120,7,684.53,MXN,4791.71,Tienda física
FAC-001109,2024-03-07,CLI-00380,SKU-00148,5,554.45,USD,2772.25,Tienda física
FAC-001775,2025-05-13,CLI-00051,SKU-00076,7,55.17,mxn,386.19,Tienda física
FAC-000028,2025-10-15,CLI-00381,SKU-00046,5,1142.94,usd,5714.7,Tienda física
FAC-000995,2025-04-25,CLI-00356,SKU-00072,1,436.91,MXN,436.91,Tienda física
FAC-000225,2024-03-29,CLI-00311,SKU-00151,3,552.92,MXN,1389.19,Tienda física
FAC-003478,2024-05-14,CLI-00301,SKU-00010,5,680.22,MXN,3401.1,Tienda física
FAC-000993,03/05/2024,CLI-00477,SKU-00102,6,1511.86,MXN,9071.16,E-commerce
FAC-002215,30/09/2024,CLI-00468,SKU-00116,5,349.27,MXN,1746.35,Teléfono
FAC-000492,2025-02-14,CLI-00043,SKU-00054,3,422.58,MXN,1267.74,E-commerce
FAC-001979,2025-02-28,CLI-00118,SKU-00099,6,1918.77,MXN,11512.62,Tienda física
FAC-001312,2024-02-29,CLI-00417,SKU-00151,6,544.75,MXN,3268.5,E-commerce
FAC-003307,2025-02-11,CLI-00238,SKU-00141,5,545.68,MXN,2728.4,Tienda física
FAC-000082,2024-05-18,CLI-00465,SKU-00140,3,165.76,MXN,497.28,E-commerce
FAC-002126,06/01/2025,CLI-00097,SKU-00133,5,212.45,MXN,1062.25,E-commerce
FAC-002308,2024-09-09,CLI-00091,SKU-00119,7,881.13,MXN,6167.91,E-commerce
FAC-002882,2025-01-04,CLI-00174,SKU-00028,1,604.78, MXN ,604.78,E-commerce
FAC-002592,2024-01-30,CLI-00326,SKU-00086,7,1407.44,MXN,9852.08,Tienda física
FAC-001478,2025-03-17,CLI-00172,SKU-00015,5,861.01,MXN,4305.05,Tienda física
FAC-001830,03/13/2025,CLI-00446,SKU-00031,1,394.02,MXN,394.02,Tienda física
FAC-001843,2024-04-11,CLI-00469,SKU-00071,6,69.27,MXN,415.62,E-commerce
FAC-001215,08/04/2024,CLI-00040,SKU-00097,3,1862.19,MXN,5586.57,Marketplace
FAC-001977,2025-08-13,CLI-00321,SKU-00060,1,419.64,MXN,419.64,Marketplace
FAC-001341,2025-09-30,CLI-00505,SKU-00123,1,429.96,USD,429.96,E-commerce
FAC-000041,2025-09-29,CLI-00236,SKU-00138,5,453.27,MXN,2266.35,Tienda física
FAC-002487,05/01/2025,CLI-00072,SKU-00075,-2,229.03,MXN,890.59,Marketplace
FAC-002940,2024-04-18,CLI-00431,SKU-00112,2,196.75,mxn,393.5,Tienda física
FAC-002571,03/29/2025,CLI-00141,SKU-00060,6,415.42,MXN,2492.52,Tienda física
FAC-001861,2024-02-24,CLI-00023,SKU-00149,4,61.37,MXN,245.48,Tienda física
FAC-003337,2025-02-13,CLI-00282,SKU-00111,2,1988.14,USD,3976.28,E-commerce
FAC-000729,2024-08-12,CLI-00042,SKU-00101,7,878.67,MXN,6150.69,Tienda física
FAC-000778,2024-11-18,CLI-00208,SKU-00091,5,834.74,MXN,4173.7,Marketplace
FAC-000483,2024-11-04,CLI-00186,SKU-00073,2,55.99,MXN,89.76,Tienda física
FAC-001815,2025-05-20,CLI-00373,SKU-00019,5,2390.58,MXN,,Tienda física
FAC-003387,24/03/2024,CLI-00247,SKU-00022,3,650.42,USD,,E-commerce
FAC-002700,2024-10-04,CLI-00016,SKU-00043,7,757.04,MXN,5299.28,E-commerce
FAC-000963,16/01/2025,CLI-00434,SKU-00019,4,2349.09,mxn,9396.36,Tienda física
FAC-003049,04/11/2025,CLI-00182,SKU-00054,3,433.44,MXN,1300.32,Marketplace
FAC-000058,19/03/2024,CLI-00157,SKU-00094,1,314.33,MXN,314.33,Marketplace
FAC-000959,2024-09-12,,SKU-00082,5,966.42, MXN ,4832.1,Tienda física
FAC-000172,2024-04-11,CLI-00288,SKU-00015,-1,911.28,MXN,6378.96,E-commerce
FAC-002605,04/25/2024,CLI-00360,SKU-00034,7,1075.27,MXN,7526.89,Marketplace
FAC-002507,2025-08-09,CLI-00479,SKU-00029,1,$521.46,MXN,521.46,E-commerce
FAC-000521,2024-06-19,CLI-00335,SKU-00128,5,514.91,MXN,2574.55,Tienda física
FAC-000665,2025-09-17,CLI-00490,SKU-00091,-1,$890.41,MXN,1377.17,Tienda física
FAC-001717,2025-01-17,CLI-00304,SKU-00021,3,187.85,USD,563.55,Tienda física
FAC-001784,2024-10-05,CLI-00089,SKU-00114,2,1966.15,MXN,3932.3,Tienda física
FAC-003078,2024-12-07,CLI-94887,SKU-00039,4,1548.45,MXN,6193.8,E-commerce
FAC-001865,2024-05-09,CLI-00320,SKU-00127,1,692.17,MXN,692.17,E-commerce
FAC-000600,2024-01-13,CLI-99272,SKU-00136,7,261.14,MXN,1827.98,E-commerce
FAC-003426,2024-07-09,CLI-00315,SKU-00060,1,420.96,MXN,420.96,Tienda física
FAC-001281,05/19/2025,CLI-00401,SKU-00039,6,1531.47,MXN,9188.82,E-commerce
FAC-001212,2024-11-18,CLI-00501,SKU-00100,5,2144.09,MXN,10720.45,Tienda física
FAC-002389,2024-05-12,CLI-00171,SKU-00136,3,252.28,USD,756.84,Marketplace
FAC-003057,2025-08-09,CLI-00212,SKU-00137,3,$562.28,MXN,1686.84,E-commerce
FAC-001161,16/02/2024,CLI-00082,SKU-00152,2,549.88,MXN,855.79,E-commerce
FAC-003227,11/06/2025,CLI-00096,SKU-00059,6,427.19,MXN,2563.14,E-commerce
FAC-003457,2024-10-27,CLI-00330,SKU-00082,6,978.61,MXN,5871.66,E-commerce
FAC-000727,01/24/2025,CLI-00469,SKU-00141,5,526.84, MXN ,2634.2,Tienda física
FAC-002359,2025-06-21,CLI-00218,SKU-00135,5,401.1,MXN,2005.5,Tienda física
FAC-003110,04/17/2025,CLI-93471,SKU-00128,6,525.82,MXN,3154.92,Tienda física
FAC-003076,2024-05-09,CLI-92294,SKU-00029,6,509.47,MXN,3056.82,E-commerce
FAC-003439,2025-06-12,CLI-00493,SKU-00104,4,242.88, MXN ,971.52,Tienda física
FAC-001393,2024-02-11,CLI-00106,SKU-00075,7,224.08,MXN,1568.56,Tienda física
FAC-002931,30/03/2025,CLI-00303,SKU-00132,5,878.63,MXN,4393.15,Marketplace
FAC-000352,08/06/2025,CLI-00353,SKU-00055,1,543.97,MXN,297.69,Tienda física
FAC-000671,2024-10-24,CLI-00033,SKU-00080,7,854.57,MXN,5981.99,Tienda física
FAC-002457,2024-05-31,CLI-95626,SKU-00005,2,391.0,MXN,782.0,Tienda física
FAC-003196,2025-11-20,CLI-00439,SKU-00044,1,1636.12, MXN ,1636.12,Tienda física
FAC-000462,2024-11-12,CLI-00153,SKU-00044,6,1642.14,mxn,9852.84,Tienda física
FAC-001097,2025-06-28,CLI-00191,SKU-00077,6,1445.92,MXN,8675.52,Marketplace
FAC-001698,03/07/2025,CLI-00154,SKU-00134,1,214.81,MXN,214.81,Tienda física
FAC-003486,07/12/2025,CLI-00207,SKU-00082,1,974.32,MXN,974.32,Tienda física
FAC-002288,2025-11-20,CLI-00296,SKU-00144,1,108.24,MXN,108.24,Tienda física
FAC-000508,10/18/2024,CLI-00464,SKU-00135,2,399.47,MXN,798.94,E-commerce
FAC-001762,2025-07-10,CLI-00136,SKU-00079,3,1319.85,MXN,3959.55,Tienda física
FAC-003210,14/02/2024,CLI-00305,SKU-96706,2,403.32,MXN,806.64,Tienda física
FAC-002522,2025-02-26,CLI-00176,SKU-00078,6,901.04,MXN,5406.24,E-commerce
FAC-003187,2024-01-14,CLI-00290,SKU-00106,7,648.01,MXN,4536.07,Marketplace
FAC-001260,09/06/2025,CLI-00401,SKU-00115,-3,118.73,MXN,356.19,Marketplace
FAC-001974,2025-10-18,CLI-00236,SKU-00031,2,393.9,MXN,787.8,E-commerce
FAC-000331,16/02/2024,,SKU-00134,3,216.38,mxn,649.14,Marketplace
FAC-002044,2024-01-31,CLI-00401,SKU-00152,4,559.72,MXN,2238.88,Tienda física
FAC-000061,2024-01-22,CLI-00211,SKU-00147,3,273.3,MXN,819.9,E-commerce
FAC-001343,2024-09-22,CLI-00357,SKU-00131,4,106.13,MXN,424.52,Marketplace
FAC-001520,25/01/2025,CLI-00156,SKU-00023,3,322.72,MXN,968.16,Marketplace
FAC-003308,2024-12-23,CLI-00412,SKU-00001,5,1839.58,MXN,9197.9,Marketplace
FAC-001373,17/04/2025,CLI-00291,SKU-95751,3,1565.77,MXN,4697.31,Tienda física
FAC-000798,2024-08-10,CLI-00510,SKU-00039,5,1440.35,MXN,7201.75,Tienda física
FAC-000703,2025-11-24,CLI-00178,SKU-00126,4,493.3,MXN,1973.2,E-commerce
FAC-003016,2025-08-29,CLI-00336,SKU-00045,5,1133.85,MXN,5669.25,Tienda física
FAC-001445,2025-01-20,CLI-00041,SKU-00023,5,325.54,MXN,1627.7,Tienda física
FAC-001005,12/22/2025,CLI-00319,SKU-00053,7,$725.30,MXN,5077.1,Marketplace
FAC-002351,19/08/2025,CLI-94318,SKU-00070,3,436.46,MXN,1309.38,Marketplace
FAC-000828,2025-06-09,CLI-00392,SKU-94094,3,363.99,MXN,1091.97,Tienda física
FAC-001101,2025-11-05,CLI-00340,SKU-00084,2,921.69,MXN,1843.38,E-commerce
FAC-002694,2024-01-24,CLI-00199,SKU-00116,5,352.2,MXN,1761.0,Teléfono
FAC-001993,2025-08-14,CLI-00334,SKU-00023,1,332.69,USD,332.69,Tienda física
FAC-001675,01/11/2024,CLI-00449,SKU-00144,3,104.46,MXN,313.38,E-commerce
FAC-002500,2024-02-08,CLI-00250,SKU-00091,5,828.52,MXN,4142.6,Tienda física
FAC-002765,09/03/2024,CLI-00380,SKU-00127,1,713.65,MXN,713.65,Marketplace
FAC-002139,28/11/2024,CLI-00117,SKU-00063,3,$308.93,USD,926.79,Marketplace
FAC-001011,21/09/2024,CLI-00187,SKU-00076,3,52.75,USD,158.25,Marketplace
FAC-000374,10/14/2024,CLI-00113,SKU-00114,3,2033.14,MXN,6099.42,Teléfono
FAC-003129,12/28/2024,CLI-00208,SKU-00030,5,902.13,USD,2316.64,E-commerce
FAC-000219,2024-07-07,CLI-00273,SKU-00102,2,1580.03,MXN,3160.06,E-commerce
FAC-002818,2025-03-16,CLI-00070,SKU-00101,6,859.67,MXN,5158.02,Tienda física
FAC-002879,2025-01-05,CLI-00204,SKU-00076,1,51.93,MXN,51.93,E-commerce
FAC-003380,12/24/2024,CLI-00257,SKU-00106,7,673.64,MXN,4715.48,Tienda física
FAC-002968,05/28/2025,CLI-00344,SKU-00066,6,460.17,USD,2761.02,Marketplace
FAC-001317,03/10/2024,CLI-00422,SKU-00071,5,68.91,MXN,344.55,Marketplace
FAC-001528,2024-10-18,CLI-00122,SKU-00092,6,144.88,mxn,869.28,Tienda física
FAC-001468,2024-07-18,CLI-00064,SKU-00117,7,757.05,MXN,5299.35,Tienda física
FAC-002157,2024-05-20,CLI-00485,SKU-00046,5,1148.27,MXN,5741.35,Tienda física
FAC-000783,2024-10-22,CLI-00271,SKU-00001,5,1910.14,MXN,5831.76,Marketplace
FAC-002121,2025-08-21,CLI-00045,SKU-00017,4,826.47,MXN,,Tienda física
FAC-000358,05/06/2024,CLI-00060,SKU-00133,5,224.74,MXN,1123.7,Tienda física
FAC-000276,21/02/2025,CLI-00181,SKU-00055,3,545.05,MXN,1635.15,Tienda física
FAC-000946,02/03/2025,CLI-00463,SKU-00018,4,867.02,MXN,3468.08,Teléfono
FAC-001033,2024-03-17,CLI-00204,SKU-00024,4,920.43,MXN,3681.72,Tienda física
FAC-000788,2024-02-24,CLI-93923,SKU-00103,4,2431.45,USD,9725.8,Tienda física
FAC-001596,10/01/2025,CLI-00441,SKU-00030,7,880.02,MXN,6160.14,Marketplace
FAC-002291,04/11/2024,CLI-00332,SKU-00050,2,521.73,MXN,,Tienda física
FAC-001953,2025-08-01,CLI-00160,SKU-00024,4,916.61,MXN,3666.44,Tienda física
FAC-001786,2024-02-14,CLI-00373,SKU-00021,3,181.51,USD,544.53,Tienda física
FAC-000016,06/28/2024,CLI-00200,SKU-00018,2,853.71,MXN,1707.42,Marketplace
FAC-001620,2024-05-05,CLI-00117,SKU-00026,7,1159.53,MXN,8116.71,Marketplace
FAC-000214,18/07/2025,CLI-00119,SKU-00097,2,1962.34,MXN,3924.68,Marketplace
FAC-002813,2024-12-14,CLI-00374,SKU-00029,4,516.02,MXN,2064.08,Tienda física
FAC-000002,2024-11-17,CLI-00149,SKU-00152,1,567.62,MXN,567.62,Tienda física
FAC-000890,2024-06-25,CLI-92538,SKU-00006,1,1704.03,MXN,1704.03,Tienda física
FAC-001590,07/27/2025,CLI-00445,SKU-00087,4,1249.01,MXN,4996.04,E-commerce
FAC-002234,2025-02-26,CLI-00365,SKU-00087,2,1232.06,MXN,2464.12,Tienda física
FAC-000591,2024-07-01,CLI-00101,SKU-00057,2,1181.11,MXN,2362.22,E-commerce
FAC-002253,14/03/2025,CLI-00276,SKU-00086,1,1348.12,MXN,1348.12,E-commerce
FAC-002530,2025-02-04,,SKU-00113,3,2308.84,MXN,6926.52,Tienda física
FAC-001627,2024-06-05,CLI-00196,SKU-00105,7,"$1,611.38",MXN,11279.66,Marketplace
FAC-003199,10/21/2024,CLI-00344,SKU-00039,1,1469.88,MXN,1469.88,Tienda física
FAC-003438,2024-10-03,CLI-00186,SKU-00051,5,584.11,MXN,2920.55,E-commerce
FAC-003321,2024-10-27,CLI-00025,SKU-00121,2,315.28,MXN,630.56,Tienda física
FAC-001430,20/11/2025,CLI-00127,SKU-00080,6,851.72,MXN,5110.32,E-commerce
FAC-002116,2025-06-16,CLI-00315,SKU-00026,7,1118.48,MXN,4467.04,E-commerce
FAC-003046,2024-05-12,CLI-00119,SKU-00095,5,383.37,MXN,1916.85,Tienda física
FAC-002262,03/05/2024,CLI-00234,SKU-00023,6,$334.56,MXN,2007.36,Tienda física
FAC-002060,2024-09-08,CLI-00487,SKU-00007,3,1317.91,MXN,3953.73,Tienda física
FAC-002282,2025-08-29,CLI-00293,SKU-00074,5,$445.06,MXN,2225.3,Tienda física
FAC-000819,08/10/2025,CLI-00142,SKU-00122,7,224.84,MXN,1573.88,Marketplace
FAC-001756,02/13/2025,CLI-00464,SKU-00151,1,555.07,MXN,555.07,Marketplace
FAC-002017,2024-04-29,CLI-00446,SKU-00037,3,997.31,MXN,2991.93,Tienda física
FAC-002212,09/16/2024,CLI-00510,SKU-00134,3,217.41,MXN,652.23,Marketplace
FAC-003309,2025-08-05,CLI-00371,SKU-00094,7,301.31,MXN,2109.17,Marketplace
FAC-002526,2024-10-27,CLI-00370,SKU-00126,7,481.7,MXN,3371.9,Tienda física
FAC-002348,2024-05-14,CLI-00275,SKU-00030,3,885.1,MXN,2655.3,Tienda física
FAC-000489,16/10/2025,CLI-00118,SKU-00149,1,57.57,MXN,57.57,E-commerce
FAC-001227,2024-07-14,CLI-00352,SKU-00100,5,2041.2,mxn,10206.0,Tienda física
FAC-001156,2024-09-08,CLI-00404,SKU-00134,4,212.28,USD,849.12,Marketplace
FAC-001685,02/19/2024,CLI-00253,SKU-00024,2,964.9,MXN,1929.8,E-commerce
FAC-002582,2025-12-10,CLI-00036,SKU-00025,3,626.36,MXN,1879.08,E-commerce
FAC-002881,07/06/2024,CLI-00080,SKU-00100,7,2075.78,USD,,Tienda física
FAC-001029,2025-10-13,CLI-00165,SKU-00152,4,$541.24,MXN,2164.96,Marketplace
FAC-001073,2024-10-31,CLI-00377,SKU-00151,6,563.98,MXN,3383.88,Tienda física
FAC-000674,01/02/2024,CLI-00273,SKU-00127,4,737.43,MXN,2949.72,Marketplace
FAC-000888,2024-05-11,CLI-00132,SKU-00120,6,701.94, MXN ,4211.64,E-commerce
FAC-002786,2024-05-21,CLI-00101,SKU-00073,5,55.34,MXN,276.7,Tienda física
FAC-002165,2025-01-24,CLI-00077,SKU-00052,7,898.55,MXN,6289.85,Tienda física
FAC-002548,14/04/2024,CLI-00162,SKU-00111,6,2040.13,mxn,12240.78,Marketplace
FAC-002223,2024-07-24,CLI-00304,SKU-00024,2,907.87,MXN,1815.74,Teléfono
FAC-002502,10/03/2025,CLI-00131,SKU-00128,4,522.67,MXN,2090.68,Tienda física
FAC-000796,2024-10-06,CLI-00275,SKU-00148,3,540.05, MXN ,1620.15,Marketplace
FAC-002170,2024-02-29,CLI-00323,SKU-00095,1,383.75,MXN,192.81,Tienda física
FAC-003086,2025-10-14,CLI-00023,SKU-00002,5,2841.46,MXN,14207.3,Marketplace
FAC-003090,2025-06-13,CLI-00280,SKU-00050,7,498.67,MXN,3490.69,E-commerce
FAC-001796,2025-11-29,CLI-00222,SKU-00038,4,601.54,MXN,2406.16,Tienda física
FAC-001868,2025-08-10,CLI-00171,SKU-00070,3,412.69,MXN,1238.07,Marketplace
FAC-000344,11/12/2025,CLI-00366,SKU-00096,6,1421.63,MXN,8529.78,Tienda física
FAC-000990,2025-12-30,CLI-00355,SKU-00135,2,383.78,MXN,530.74,E-commerce
FAC-003387,24/03/2024,CLI-00247,SKU-00022,3,650.42,USD,,E-commerce
FAC-000901,21/01/2025,CLI-00190,SKU-00130,3,433.49, MXN ,1300.47,E-commerce
FAC-001526,08/03/2025,CLI-00144,SKU-00029,4,487.41,MXN,1949.64,Tienda física
FAC-002144,2024-07-18,CLI-00277,SKU-00008,6,1842.92,MXN,11057.52,Marketplace
FAC-002600,2024-12-29,CLI-00421,SKU-00050,7,$503.42,MXN,3523.94,E-commerce
FAC-003257,01/22/2025,CLI-00395,SKU-00145,3,455.7,MXN,703.58,Marketplace
FAC-003236,2024-06-07,,SKU-00036,2,797.02,MXN,1594.04,Tienda física
FAC-001920,17/02/2025,CLI-00275,SKU-00006,2,1768.09,MXN,3536.18,Tienda física
FAC-001014,01/03/2024,CLI-00322,SKU-00142,6,527.84,MXN,3167.04,Tienda física
FAC-002159,2025-02-14,CLI-00483,SKU-00037,7,1001.88,MXN,7013.16,Tienda física
FAC-001253,2024-02-28,CLI-00225,SKU-00064,2,117.95,MXN,235.9,Tienda física
FAC-002992,08/24/2025,CLI-00030,SKU-00102,4,1516.89,MXN,6067.56,Tienda física
FAC-001747,2025-08-11,CLI-00329,SKU-00071,5,68.01,MXN,340.05,Tienda física
FAC-000894,06/27/2024,CLI-00217,SKU-00045,2,1163.1,MXN,2326.2,E-commerce
FAC-000015,2024-04-15,CLI-00001,SKU-00055,4,571.72,MXN,2286.88,Tienda física
FAC-002718,2025-01-19,CLI-00026,SKU-00070,5,433.73,MXN,1465.22,Tienda física
FAC-000416,2025-06-07,CLI-00014,SKU-00041,7,1618.21,USD,11327.47,E-commerce
FAC-001516,2025-09-09,CLI-00140,SKU-00062,4,358.02,MXN,1432.08,E-commerce
FAC-003289,2025-06-01,CLI-00174,SKU-00078,7,875.92,USD,6131.44,E-commerce
FAC-002338,2024-12-06,CLI-00195,SKU-00126,7,493.23,MXN,3452.61,Tienda física
FAC-002521,2024-03-24,CLI-00257,SKU-00044,4,1533.77,MXN,4118.25,Marketplace
FAC-002277,2025-01-17,CLI-00278,SKU-00095,2,374.94,MXN,,Tienda física
FAC-003348,25/11/2024,CLI-00403,SKU-00084,2,955.19,MXN,1910.38,E-commerce
FAC-002703,2025-11-26,CLI-00030,SKU-00082,5,977.25,MXN,3896.43,Tienda física
FAC-001607,08/07/2025,CLI-00013,SKU-00004,5,485.01,MXN,2425.05,Marketplace
FAC-003101,2024-10-15,CLI-00077,SKU-00141,1,$525.88,MXN,525.88,Marketplace
FAC-002294,14/09/2024,CLI-00214,SKU-00023,4,318.12,MXN,1272.48,Marketplace
FAC-000495,2025-09-10,CLI-00461,SKU-00134,2,221.19, MXN ,,E-commerce
FAC-002402,2024-03-13,CLI-00317,SKU-00116,4,348.09,USD,1392.36,E-commerce
FAC-000956,01/20/2024,CLI-00245,SKU-00071,3,72.41, USD ,217.23,Tienda física
FAC-000333,19/12/2024,CLI-00244,SKU-00023,5,329.77,MXN,,Tienda física
FAC-000296,2025-06-30,CLI-00352,SKU-00065,1,200.06,MXN,200.06,E-commerce
FAC-000613,2024-12-12,CLI-97380,SKU-90346,5,1447.43,MXN,7237.15,E-commerce
FAC-003362,2024-11-28,CLI-00362,SKU-00002,1,2847.17,MXN,2847.17,Tienda física
FAC-000083,2024-03-18,CLI-00462,SKU-00048,1,548.52,USD,548.52,E-commerce
FAC-001453,2024-01-28,CLI-00114,SKU-00150,5,524.04,mxn,2620.2,E-commerce
FAC-002934,03/25/2024,CLI-00413,SKU-00055,1,581.86,MXN,581.86,Tienda física
FAC-003377,2024-05-29,CLI-00102,SKU-00103,2,2394.82,USD,4789.64,Marketplace
FAC-000733,2024-01-23,CLI-00293,SKU-00003,2,2909.37,MXN,5818.74,Tienda física
FAC-002877,08/18/2024,CLI-00010,SKU-00055,3,551.07,MXN,1653.21,Tienda física
FAC-002610,06/21/2025,CLI-00377,SKU-00128,2,543.33,MXN,1086.66,Tienda física
FAC-002745,27/07/2025,CLI-00202,SKU-00075,3,230.48,MXN,691.44,Tienda física
FAC-002949,2024-05-26,CLI-00105,SKU-00055,6,553.35,MXN,3320.1,Tienda física
FAC-000846,2025-08-29,CLI-00161,SKU-00075,2,217.09,MXN,434.18,Tienda física
FAC-002399,05/24/2024,CLI-00154,SKU-00084,7,925.32,MXN,6477.24,Tienda física
FAC-000094,2024-01-25,CLI-00458,SKU-00089,7,1255.93,USD,8791.51,Tienda física
FAC-003399,2025-03-11,CLI-00155,SKU-00008,-4,1915.33,MXN,9576.65,Teléfono
FAC-000561,2024-03-09,CLI-00028,SKU-00117,6,744.83,MXN,4468.98,E-commerce
FAC-002066,2025-01-01,CLI-00430,SKU-00055,4,582.88,MXN,2331.52,Tienda física
FAC-002228,05/21/2025,CLI-00234,SKU-00047,-2,1300.45,MXN,6502.25,E-commerce
FAC-002538,21/01/2024,CLI-00455,SKU-00119,4,854.91,MXN,3419.64,Tienda física
FAC-002420,2025-12-17,CLI-00114,SKU-00112,2,191.4,usd,382.8,Marketplace
FAC-003099,09/04/2024,CLI-00365,SKU-00151,2,543.86,MXN,1087.72,Teléfono
FAC-000691,2025-05-08,CLI-00115,SKU-00149,2,59.49,USD,118.98,E-commerce
FAC-002190,2024-12-27,CLI-00385,SKU-00032,4,786.89,USD,3147.56,E-commerce
FAC-000480,01/11/2024,CLI-00452,SKU-00011,3,532.27,MXN,1596.81,Marketplace
FAC-000278,22/02/2025,CLI-00493,SKU-00150,2,512.25,MXN,1024.5,E-commerce
FAC-000549,05/12/2025,CLI-00435,SKU-00096,5,1461.11,MXN,7305.55,Tienda física
FAC-001653,2024-07-10,CLI-00218,SKU-00024,5,926.23,MXN,,Tienda física
FAC-001758,2025-07-27,CLI-00022,SKU-00105,2,1647.0,MXN,3294.0,Tienda física
FAC-000922,2025-05-21,CLI-00421,SKU-00152,3,538.58,MXN,1615.74,E-commerce
FAC-001358,2025-10-07,CLI-00435,SKU-00014,5,259.27,MXN,1296.35,Marketplace
FAC-001107,08/22/2024,CLI-00217,SKU-00097,3,1920.02,MXN,5760.06,E-commerce
FAC-000962,2025-08-30,CLI-00344,SKU-00063,4,304.01,MXN,1216.04,Marketplace
FAC-000281,31/07/2025,,SKU-00047,7,1292.75,mxn,6285.76,Marketplace
FAC-002322,06/08/2024,CLI-00453,SKU-00036,4,831.26,MXN,3325.04,Tienda física
FAC-003365,2025-06-11,CLI-00035,SKU-00053,6,694.25,USD,4165.5,Tienda física
FAC-001086,2025-12-30,CLI-00150,SKU-00004,5,499.2,MXN,2496.0,Marketplace
FAC-001138,2025-08-15,CLI-00290,SKU-00028,1,606.23,MXN,606.23,Tienda física
FAC-001278,14/07/2025,CLI-00352,SKU-00028,4,575.48,MXN,2301.92,E-commerce
FAC-000653,2025-11-04,CLI-00361,SKU-00048,6,513.59,MXN,3081.54,Marketplace
FAC-000071,2025-09-29,CLI-91041,SKU-00148,1,542.17,MXN,542.17,Teléfono
FAC-000855,2025-10-01,CLI-00215,SKU-00073,6,55.8,MXN,277.68,Tienda física
FAC-001131,2025-10-30,CLI-00061,SKU-00142,3,527.78,MXN,1583.34,Tienda física
FAC-000926,2024-11-06,CLI-93242,SKU-00082,4,1008.38,MXN,4033.52,E-commerce
FAC-000664,09/13/2024,CLI-00226,SKU-00007,1,1305.41,mxn,1305.41,Marketplace
FAC-002785,2025-07-08,CLI-00077,SKU-00135,3,395.43,USD,660.85,Tienda física
FAC-000985,2025-06-22,CLI-00002,SKU-00114,5,2045.36,USD,10226.8,Tienda física
FAC-003162,2025-03-03,CLI-00186,SKU-00059,1,435.78,MXN,435.78,E-commerce
FAC-001570,23/05/2024,CLI-00326,SKU-00018,3,874.12,MXN,2622.36,E-commerce
FAC-002828,13/09/2024,CLI-00262,SKU-00034,5,1136.87,MXN,5684.35,Teléfono
FAC-002824,2025-10-20,CLI-91848,SKU-00073,5,53.45,MXN,267.25,Teléfono
FAC-000632,2025-02-21,CLI-00374,SKU-00147,5,278.66,mxn,1035.83,E-commerce
FAC-000869,2024-02-20,CLI-00487,SKU-00043,6,737.2,MXN,4423.2,Tienda física
FAC-003409,2024-12-15,CLI-00202,SKU-00090,6,1447.57,MXN,8685.42,Tienda física
FAC-002290,2024-07-18,CLI-00211,SKU-00070,4,405.99,MXN,,Tienda física
FAC-001126,15/07/2025,CLI-00039,SKU-00064,6,126.55,MXN,759.3,Tienda física
FAC-003191,11/08/2025,CLI-00110,SKU-00098,1,1362.29,USD,1362.29,Marketplace
FAC-000870,2025-03-12,CLI-92709,SKU-00057,2,1179.03,MXN,2358.06,Marketplace
FAC-003347,12/07/2025,CLI-00298,SKU-00083,2,189.03,MXN,378.06,Tienda física
FAC-003376,2025-12-19,CLI-00059,SKU-00100,4,"$2,189.39",MXN,8757.56,E-commerce
FAC-003250,01/04/2025,CLI-00221,SKU-00032,6,791.78,USD,4750.68,Tienda física
FAC-002030,2024-09-28,CLI-00263,SKU-00043,4,745.6,USD,2982.4,Tienda física
FAC-002477,12/03/2024,CLI-00353,SKU-00039,3,1500.72,MXN,4502.16,E-commerce
FAC-000399,2024-07-22,CLI-00393,SKU-91301,4,1488.17,MXN,5952.68,Tienda física
FAC-000597,11/20/2025,CLI-00147,SKU-00062,4,376.22,MXN,1504.88,Marketplace
FAC-001777,2025-06-26,CLI-00425,SKU-00003,3,2914.07,MXN,8742.21,Marketplace
FAC-002493,2025-08-11,CLI-00306,SKU-00040,2,696.94,MXN,1393.88,Tienda física
FAC-000056,03/10/2025,CLI-00064,SKU-00101,4,888.49,MXN,3553.96,E-commerce
FAC-002655,2024-07-27,CLI-00483,SKU-00097,1,1909.43,MXN,1909.43,E-commerce
FAC-003010,2024-05-10,CLI-00490,SKU-97418,1,619.41,MXN,619.41,E-commerce
FAC-001903,2025-04-20,CLI-00212,SKU-00127,5,708.16,MXN,3540.8,Tienda física
FAC-002797,2024-03-25,CLI-00439,SKU-00016,5,686.65,MXN,3433.25,Tienda física
FAC-000150,2025-10-22,CLI-00386,SKU-00051,4,544.76,USD,2179.04,Marketplace
FAC-003246,2024-05-01,CLI-00367,SKU-00101,4,882.58,MXN,3530.32,E-commerce
FAC-003075,17/04/2025,CLI-00040,SKU-00068,-3,309.44,MXN,928.32,E-commerce
FAC-002211,2025-09-12,CLI-00212,SKU-00077,2,1403.24,USD,2806.48,E-commerce
FAC-000065,01/05/2024,CLI-00301,SKU-00108,3,314.24,MXN,942.72,Marketplace
FAC-002459,2024-05-05,CLI-00210,SKU-00090,-1,1471.25,MXN,1471.25,Tienda física
FAC-000165,10/30/2024,CLI-00325,SKU-00143,5,42.09, MXN ,210.45,Tienda física
FAC-002988,2024-06-29,CLI-00423,SKU-00135,4,398.94,MXN,1595.76,E-commerce
FAC-002432,2025-07-20,CLI-00265,SKU-00113,1,2206.03,MXN,2206.03,Tienda física
FAC-000502,2025-06-14,CLI-00476,SKU-00108,4,296.72,MXN,1186.88,E-commerce
FAC-001533,2025-01-20,CLI-00180,SKU-00026,7,1115.72, MXN ,7810.04,Teléfono
FAC-000698,2024-02-06,CLI-00403,SKU-00083,1,182.18,MXN,152.56,Marketplace
FAC-003096,08/04/2025,CLI-00112,SKU-00143,6,42.67,MXN,256.02,E-commerce
FAC-000779,2025-11-10,CLI-00269,SKU-00024,5,936.12,MXN,4680.6,Tienda física
FAC-002480,2025-12-13,CLI-00367,SKU-00149,4,57.48,MXN,229.92,E-commerce
FAC-000415,2024-07-16,CLI-96256,SKU-00001,5,1905.9,MXN,9529.5,E-commerce
FAC-002741,2024-03-24,CLI-00475,SKU-00080,3,882.77,MXN,2648.31,Tienda física
FAC-000847,12/11/2025,CLI-00218,SKU-00032,5,813.04,USD,4065.2,Tienda física
FAC-001721,02/25/2025,CLI-00001,SKU-00007,3,1283.03, MXN ,2612.7,Marketplace
FAC-002201,10/28/2024,CLI-00041,SKU-00092,7,147.8,USD,1034.6,Tienda física
FAC-001054,2024-03-24,CLI-00457,SKU-00105,3,1656.93,MXN,4970.79,Tienda física
FAC-000881,2024-09-16,CLI-00451,SKU-00098,2,1354.09,MXN,2708.18,Tienda física
FAC-000264,2025-09-21,CLI-00456,SKU-00097,4,1942.11,MXN,7768.44,Marketplace
FAC-001196,2024-04-10,CLI-00276,SKU-00037,4,980.01,USD,3920.04,E-commerce
FAC-002033,08/29/2025,CLI-00205,SKU-00051,2,575.92,MXN,,Marketplace
FAC-000422,10/04/2025,CLI-00485,SKU-00060,6,421.4,MXN,2528.4,Marketplace
FAC-000622,2025-08-02,CLI-00261,SKU-00104,7,240.21,MXN,1681.47,Tienda física
FAC-001968,2025-07-11,CLI-00421,SKU-00040,7,681.81,MXN,4772.67,E-commerce
FAC-000501,2025-04-16,CLI-00081,SKU-00080,6,889.5,MXN,5337.0,E-commerce
FAC-002783,05/13/2025,CLI-00048,SKU-00115,5,120.65,USD,603.25,Marketplace
FAC-000237,08/17/2024,CLI-00003,SKU-00068,6,314.07,MXN,1884.42,E-commerce
FAC-003238,04/11/2024,CLI-00034,SKU-00025,1,594.43,MXN,594.43,Tienda física
FAC-002368,06/03/2024,CLI-00220,SKU-00053,-1,703.33,MXN,2109.99,Tienda física
FAC-002523,2024-10-15,CLI-00040,SKU-00083,1,191.19,USD,191.19,Tienda física
FAC-000461,2024-04-26,CLI-00186,SKU-00043,4,717.99, MXN ,1647.26,Marketplace
FAC-002027,02/05/2024,CLI-00038,SKU-00034,4,1079.37,MXN,3328.16,E-commerce
FAC-000112,2024-09-20,CLI-00156,SKU-00145,5,435.34,MXN,2176.7,Marketplace
FAC-001811,2024-09-27,CLI-00138,SKU-00061,1,414.04,MXN,414.04,Tienda física
FAC-002073,2024-06-30,CLI-00090,SKU-00097,5,1870.12,USD,9350.6,E-commerce
FAC-000579,02/19/2024,CLI-95933,SKU-00115,7,118.4,MXN,828.8,E-commerce
FAC-001142,2025-11-29,CLI-00342,SKU-00064,1,118.65,MXN,118.65,E-commerce
FAC-000323,19/10/2025,CLI-96711,SKU-00057,3,1259.97,MXN,3779.91,Tienda física
FAC-002492,2024-12-04,CLI-00190,SKU-00028,2,581.54,MXN,1163.08,E-commerce
FAC-000238,2024-03-08,CLI-00186,SKU-91148,5,215.07,MXN,1075.35,Teléfono
FAC-000359,2025-07-16,CLI-93560,SKU-93454,6,103.52,MXN,621.12,E-commerce
FAC-000577,15/05/2025,CLI-00283,SKU-00062,2,371.21,MXN,742.42,Tienda física
FAC-002792,2025-02-24,CLI-00108,SKU-00129,3,305.59,MXN,916.77,Tienda física
FAC-000147,09/14/2024,CLI-00249,SKU-96183,5,266.72,MXN,1333.6,Marketplace
FAC-001642,2025-07-20,CLI-00411,SKU-00036,7,855.57,MXN,,Marketplace
FAC-001619,2025-11-29,CLI-00291,SKU-00015,6,914.31,MXN,5485.86,E-commerce
FAC-000593,2024-04-18,CLI-00082,SKU-00130,3,451.89,MXN,1355.67,E-commerce
FAC-001980,02/25/2025,CLI-00466,SKU-00004,1,506.61,MXN,506.61,E-commerce
FAC-002094,2024-11-07,CLI-95562,SKU-00116,5,349.83,MXN,1749.15,Tienda física
FAC-000668,10/25/2024,CLI-00181,SKU-00081,3,511.74,MXN,1535.22,Tienda física
FAC-003473,2024-06-18,CLI-00290,SKU-00014,2,266.01,USD,297.65,E-commerce
FAC-002692,2025-05-28,CLI-00038,SKU-00078,5,872.03,MXN,4360.15,Tienda física
FAC-002752,30/03/2025,CLI-00323,SKU-00008,2,"$1,871.95",MXN,3743.9,Marketplace
FAC-001773,2025-03-09,CLI-00419,SKU-00149,2,58.45,MXN,116.9,E-commerce
FAC-001502,2024-06-01,CLI-91146,SKU-00030,7,894.03,MXN,6258.21,E-commerce
FAC-003140,2024-12-14,CLI-00363,SKU-00136,6,245.49,MXN,1472.94,Tienda física
FAC-002688,21/02/2025,CLI-00369,SKU-00007,2,"$1,281.69",MXN,2563.38,Marketplace
FAC-000160,2024-02-13,CLI-00306,SKU-00034,4,1095.94,MXN,4383.76,Tienda física
FAC-002834,11/03/2025,CLI-00351,SKU-00031,6,396.26,MXN,2377.56,Tienda física
FAC-002800,2025-06-20,CLI-00409,SKU-00039,7,1474.87,MXN,10324.09,Marketplace
FAC-000173,2025-10-23,CLI-00347,SKU-00086,3,1370.29,usd,4110.87,E-commerce
FAC-000365,10/02/2025,CLI-00285,SKU-00039,4,1445.13,MXN,5780.52,E-commerce
FAC-003499,07/14/2024,CLI-97446,SKU-00137,3,569.5,MXN,1708.5,E-commerce
FAC-003354,2024-12-22,CLI-00476,SKU-00151,6,552.27,MXN,3313.62,Tienda física
FAC-002933,2024-07-31,CLI-00497,SKU-00042,7,1635.11,MXN,11445.77,E-commerce
FAC-000451,2024-05-05,CLI-00359,SKU-00122,3,215.02,mxn,645.06,Tienda física
FAC-002971,2024-08-21,CLI-00157,SKU-00041,7,1595.54, MXN ,11168.78,Marketplace
FAC-000259,22/04/2024,CLI-00133,SKU-00045,2,1079.09,MXN,2158.18,E-commerce
FAC-001123,2024-03-30,CLI-00214,SKU-00041,7,1589.37,MXN,5783.65,E-commerce
FAC-001206,2025-02-14,CLI-00239,SKU-00119,2,863.71,MXN,1037.67,Tienda física
FAC-001940,12/06/2025,CLI-00226,SKU-00026,3,1169.27,MXN,2293.78,E-commerce
FAC-002151,2024-10-02,CLI-00178,SKU-00139,7,170.56,MXN,1193.92,Tienda física
FAC-002116,2025-06-16,CLI-00315,SKU-00026,7,1118.48,MXN,4467.04,E-commerce
FAC-000201,2024-11-16,CLI-00335,SKU-00003,6,3003.95,MXN,18023.7,Tienda física
FAC-002912,2024-05-01,CLI-00405,SKU-00064,3,127.45,MXN,382.35,Tienda física
FAC-002446,2024-07-21,CLI-00083,SKU-00099,2,1873.53,MXN,3747.06,Tienda física
FAC-001702,24/03/2024,CLI-00438,SKU-00074,4,448.35,USD,1793.4,E-commerce
FAC-002517,2025-08-21,CLI-00494,SKU-00015,3,859.09,MXN,1672.27,Tienda física
FAC-001301,04/06/2024,,SKU-00018,3,864.63,USD,2593.89,Tienda física
FAC-000748,2025-02-05,CLI-00243,SKU-00044,7,1553.93,MXN,10877.51,Marketplace
FAC-002268,2024-06-03,CLI-00141,SKU-00094,5,303.07,MXN,1515.35,Marketplace
FAC-001634,2024-11-24,CLI-00189,SKU-00028,2,582.28,MXN,1164.56,E-commerce
FAC-001687,2024-06-14,CLI-00354,SKU-00147,7,291.33,MXN,2039.31,E-commerce
FAC-003165,2024-08-29,CLI-00315,SKU-00071,7,69.96,MXN,489.72,Tienda física
FAC-000848,2024-12-09,CLI-00221,SKU-00001,5,1798.01,MXN,8990.05,Tienda física
FAC-001203,2024-12-02,CLI-00095,SKU-99245,4,310.71,MXN,1242.84,Tienda física
FAC-003211,2025-06-20,CLI-00015,SKU-00103,3,2460.59,MXN,4616.64,Marketplace
FAC-002436,2024-05-15,CLI-00242,SKU-00096,6,1452.89,USD,8717.34,E-commerce
FAC-001970,09/02/2024,CLI-00261,SKU-00021,5,193.02,USD,965.1,E-commerce
FAC-001972,2024-05-12,CLI-92656,SKU-00025,5,615.08,MXN,3075.4,Tienda física
FAC-001954,2024-07-02,CLI-00262,SKU-00053,2,725.62,MXN,1451.24,E-commerce
FAC-001455,2024-06-07,CLI-00188,SKU-00033,1,1191.77,MXN,1191.77,Tienda física
FAC-002484,07/08/2024,CLI-00500,SKU-00118,6,282.31,MXN,1693.86,Marketplace
FAC-003197,2024-10-04,CLI-00353,SKU-00055,3,570.82,MXN,1712.46,E-commerce
FAC-001199,2025-04-22,CLI-00373,SKU-00025,5,589.8,MXN,2949.0,Tienda física
FAC-001251,2025-11-01,CLI-00242,SKU-00053,4,701.66,mxn,2806.64,E-commerce
FAC-003179,2024-03-22,CLI-00334,SKU-00068,-4,297.6,MXN,297.6,E-commerce
FAC-003112,2025-01-27,CLI-00472,SKU-00042,4,1599.1,MXN,6396.4,Teléfono
FAC-003041,2025-11-06,CLI-00290,SKU-00137,4,$526.80,MXN,2107.2,E-commerce
FAC-000816,2025-08-18,CLI-00419,SKU-00141,7,527.44,MXN,3692.08,Marketplace
FAC-000999,19/06/2024,CLI-00113,SKU-00058,4,147.36,MXN,589.44,E-commerce
FAC-003000,2025-08-18,CLI-00161,SKU-00095,4,370.43,MXN,1481.72,E-commerce
FAC-001104,2025-02-25,,SKU-00035,7,744.29,USD,5210.03,E-commerce
FAC-003153,2025-07-03,CLI-00338,SKU-00119,3,876.42,MXN,2629.26,E-commerce
FAC-001518,2025-01-01,,SKU-00064,4,126.48,MXN,505.92,E-commerce
FAC-000527,2025-09-09,CLI-00248,SKU-00087,2,1276.86,mxn,2553.72,Marketplace
FAC-002663,2024-01-20,CLI-00029,SKU-00066,7,432.0, MXN ,2103.02,E-commerce
FAC-001952,27/08/2024,CLI-98896,SKU-00132,3,858.96,MXN,2576.88,Marketplace
FAC-000348,2025-05-13,CLI-00066,SKU-00040,6,689.93,USD,4139.58,E-commerce
FAC-000353,2024-05-28,CLI-00281,SKU-00127,7,$727.04,MXN,5089.28,Tienda física
FAC-002853,03/09/2024,CLI-00046,SKU-00104,4,236.17,MXN,944.68,E-commerce
FAC-001292,2024-05-11,CLI-00213,SKU-00144,2,107.84,MXN,215.68,Tienda física
FAC-001701,2024-10-30,CLI-00204,SKU-00029,5,522.0,MXN,2610.0,Tienda física
FAC-000473,2025-08-27,CLI-00078,SKU-00113,6,2311.65,MXN,13869.9,E-commerce
FAC-000162,2024-11-13,CLI-00433,SKU-00003,7,3029.54,MXN,21206.78,Tienda física
FAC-001514,2024-03-21,CLI-00225,SKU-00147,3,281.23,MXN,,E-commerce
FAC-002265,2024-11-02,CLI-00279,SKU-00048,3,552.67,MXN,1658.01,Tienda física
FAC-003330,2025-08-18,CLI-97548,SKU-00045,1,1130.55,MXN,1130.55,Marketplace
FAC-002755,2024-11-26,CLI-00303,SKU-92403,7,294.81,MXN,2063.67,Marketplace
FAC-001361,02/08/2025,CLI-00047,SKU-00144,4,104.17,MXN,416.68,E-commerce
FAC-002401,2025-08-15,CLI-00497,SKU-00076,7,55.33,MXN,387.31,Tienda física
FAC-003043,2025-01-16,CLI-00250,SKU-00031,5,393.41,mxn,1967.05,E-commerce
FAC-001911,2024-11-15,CLI-00314,SKU-00146,3,384.05, MXN ,1152.15,Tienda física
FAC-000590,2025-04-11,CLI-00258,SKU-00065,6,202.59,MXN,1215.54,Marketplace
FAC-001847,11/05/2025,CLI-00280,SKU-00076,1,55.83,MXN,55.83,Teléfono
FAC-003285,07/11/2025,CLI-00065,SKU-00099,3,1902.08,MXN,4797.76,Teléfono
FAC-001699,2024-07-01,CLI-00330,SKU-00078,2,915.94,MXN,1831.88,E-commerce
FAC-000770,06/13/2024,CLI-00078,SKU-00029,3,508.1,MXN,1524.3,Tienda física
FAC-002966,2025-05-27,CLI-00197,SKU-00074,7,436.41,MXN,3054.87,Tienda física
FAC-002649,26/05/2024,CLI-00162,SKU-00137,4,551.49,MXN,2205.96,Tienda física
FAC-001483,2025-11-23,CLI-00390,SKU-00124,2,823.96,MXN,845.58,Marketplace
FAC-002429,2025-01-19,CLI-00437,SKU-00105,7,1626.0,MXN,11382.0,Teléfono
FAC-002542,2025-02-11,CLI-00456,SKU-00074,5,$451.87,MXN,1759.88,Tienda física
FAC-001589,10/09/2024,CLI-00471,SKU-00100,7,"$2,174.26",MXN,15219.82,Tienda física
FAC-002270,2025-10-06,CLI-00199,SKU-00119,6,$815.39,MXN,4892.34,Tienda física
FAC-001826,08/09/2024,CLI-00285,SKU-00037,6,992.02,MXN,5952.12,Marketplace
FAC-000818,2025-04-20,CLI-00402,SKU-00087,5,1235.49,MXN,6177.45,E-commerce
FAC-003176,2025-04-01,CLI-94487,SKU-00056,6,763.09,MXN,4578.54,E-commerce
FAC-001659,2025-03-27,CLI-00058,SKU-00120,5,685.4,MXN,3427.0,Tienda física
FAC-001188,2024-11-26,CLI-97781,SKU-00096,1,1494.55,MXN,1494.55,Teléfono
FAC-001052,2024-11-21,CLI-00075,SKU-00073,6,56.22,USD,337.32,Teléfono
FAC-000366,2024-01-27,CLI-00278,SKU-00102,3,1500.06,MXN,4500.18,E-commerce
FAC-002679,2025-10-15,CLI-00269,SKU-00024,5,914.02,MXN,4570.1,E-commerce
FAC-003171,06/15/2025,CLI-00461,SKU-00106,5,670.7, MXN ,3353.5,Tienda física
FAC-000768,2024-02-03,CLI-00334,SKU-00061,2,432.59,MXN,865.18,E-commerce
FAC-000285,2024-03-25,CLI-00420,SKU-00105,5,1685.72,USD,,E-commerce
FAC-002909,12/12/2025,CLI-00420,SKU-00152,3,$567.05,MXN,1701.15,Tienda física
FAC-002939,2024-01-17,CLI-00310,SKU-00078,7,901.28, MXN ,6308.96,Teléfono
FAC-002455,2025-05-21,CLI-00258,SKU-00057,7,1222.64,MXN,8558.48,E-commerce
FAC-000227,13/02/2024,CLI-00205,SKU-00097,3,1909.56,MXN,5728.68,Tienda física
FAC-000681,2024-03-25,CLI-96864,SKU-00076,1,55.94,MXN,36.39,E-commerce
FAC-002213,2024-02-09,CLI-00488,SKU-00015,6,894.95,USD,5369.7,Marketplace
FAC-003444,27/12/2025,CLI-00486,SKU-00150,7,540.24,MXN,3781.68,Tienda física
FAC-000743,2024-05-13,,SKU-00065,3,203.16,MXN,609.48,Teléfono
FAC-001833,06/12/2025,CLI-00206,SKU-00064,7,126.5,MXN,885.5,Marketplace
FAC-000183,2024-08-05,CLI-00072,SKU-00024,5,954.35,MXN,2524.39,E-commerce
FAC-001241,2025-01-24,CLI-00151,SKU-00122,6,222.57,MXN,1335.42,Marketplace
FAC-001941,06/08/2024,CLI-00030,SKU-00105,7,1634.07,MXN,11438.49,Tienda física
FAC-002146,2024-07-24,CLI-00365,SKU-00044,1,1642.28,MXN,1642.28,Marketplace
FAC-002989,2024-03-21,CLI-00464,SKU-00019,7,2305.49,MXN,16138.43,Marketplace
FAC-000075,17/02/2024,CLI-00177,SKU-00067,6,212.08,MXN,1272.48,Tienda física
FAC-003329,2024-02-27,CLI-00102,SKU-00128,4,$511.28,MXN,2045.12,Marketplace
FAC-003275,08/16/2025,CLI-00458,SKU-00108,2,299.05,MXN,337.9,E-commerce
FAC-002567,11/13/2025,CLI-00105,SKU-00101,2,887.12,MXN,1774.24,Tienda física
FAC-002962,2024-12-22,CLI-00199,SKU-00002,4,2869.67,USD,11478.68,Teléfono
FAC-000011,06/11/2025,CLI-00095,SKU-00019,6,2384.11,MXN,14304.66,E-commerce
FAC-002614,2024-02-12,CLI-00134,SKU-00087,5,1262.79, MXN ,6313.95,Tienda física
FAC-003407,10/09/2025,CLI-00225,SKU-00070,1,421.57,MXN,421.57,Marketplace
FAC-000809,2024-12-11,CLI-00263,SKU-00055,3,573.33,MXN,1719.99,Tienda física
FAC-000220,03/12/2024,CLI-00052,SKU-00010,3,706.91,MXN,2120.73,Tienda física
FAC-000403,2025-03-18,CLI-95400,SKU-97216,6,144.92,MXN,869.52,Tienda física
FAC-001871,2024-04-19,CLI-00078,SKU-91231,2,548.97,MXN,1097.94,Marketplace
FAC-001787,2025-02-21,CLI-00265,SKU-00121,3,330.73,MXN,992.19,Marketplace
FAC-001088,2025-06-10,CLI-00509,SKU-94130,3,1385.93,MXN,4157.79,Tienda física
FAC-000942,2025-05-09,CLI-00255,SKU-00002,6,2971.32,MXN,17827.92,Tienda física
FAC-001557,18/04/2025,CLI-00376,SKU-00048,3,520.59,MXN,1561.77,E-commerce
FAC-001684,2024-08-10,CLI-00503,SKU-94032,5,568.8,MXN,2844.0,Marketplace
FAC-000076,2025-03-10,CLI-00083,SKU-00073,7,57.25,MXN,400.75,Tienda física
FAC-003136,06/05/2025,CLI-00411,SKU-00045,2,1142.79,usd,2285.58,Marketplace
FAC-001864,2024-01-31,CLI-00501,SKU-00112,6,190.95,MXN,1145.7,Marketplace
FAC-002360,2024-06-12,CLI-00335,SKU-00071,1,72.07,MXN,72.07,E-commerce
FAC-002751,15/05/2025,CLI-00271,SKU-00070,5,416.03,MXN,2080.15,Tienda física
FAC-001352,2024-04-09,CLI-00202,SKU-00139,1,162.16,USD,162.16,Tienda física
FAC-000784,2025-08-18,CLI-00263,SKU-00009,6,1295.37,MXN,7772.22,E-commerce
FAC-001051,2024-01-19,CLI-00166,SKU-00030,2,897.44,MXN,1794.88,Marketplace
FAC-000969,2025-11-11,CLI-00385,SKU-00071,2,68.06,MXN,136.12,Marketplace
FAC-002676,2024-06-01,CLI-00392,SKU-00045,3,"$1,116.43",MXN,3349.29,Marketplace
FAC-001191,2025-01-25,CLI-00140,SKU-00036,2,817.03,MXN,1634.06,Marketplace
FAC-002293,2025-03-07,CLI-00282,SKU-00095,1,382.41,MXN,382.41,Tienda física
FAC-003464,2025-01-15,CLI-00449,SKU-00076,1,54.3,MXN,54.3,Marketplace
FAC-000614,2024-06-22,CLI-00080,SKU-00102,4,1508.35,mxn,6033.4,Tienda física
FAC-001171,2025-07-16,CLI-00260,SKU-00048,6,549.75,MXN,3298.5,E-commerce
FAC-003459,2025-01-19,CLI-00449,SKU-00086,2,1413.09,MXN,2826.18,Tienda física
FAC-000273,2024-12-03,CLI-00422,SKU-00003,3,3055.98,MXN,9167.94,E-commerce
FAC-001751,2025-03-25,CLI-00397,SKU-00075,4,230.62,MXN,922.48,Tienda física
FAC-001377,10/09/2025,CLI-00191,SKU-00145,2,426.28,MXN,852.56,Tienda física
FAC-003062,2025-06-06,CLI-00288,SKU-00042,2,1570.69,MXN,3141.38,Marketplace
FAC-000725,2025-11-13,CLI-00116,SKU-00138,6,455.71,MXN,2734.26,Marketplace
FAC-001360,2025-05-28,CLI-00236,SKU-00018,7,865.5,MXN,6058.5,Marketplace
FAC-001720,05/11/2024,CLI-00195,SKU-00142,5,519.87,MXN,2599.35,Teléfono
FAC-000230,2024-02-03,CLI-97498,SKU-00009,-1,1265.35,MXN,5061.4,E-commerce
FAC-003442,02/12/2024,CLI-00340,SKU-00046,6,1174.47,MXN,7046.82,Marketplace
FAC-002266,10/23/2025,CLI-00053,SKU-00007,4,1250.24,MXN,5000.96,Tienda física
FAC-002646,2025-08-29,CLI-00434,SKU-00045,5,1132.55,MXN,5662.75,E-commerce
FAC-001150,2024-03-15,CLI-00405,SKU-00061,7,435.05,MXN,3045.35,Marketplace
FAC-000345,18/01/2024,CLI-00111,SKU-00048,6,520.52,MXN,2226.4,Tienda física
FAC-003065,2025-11-21,,SKU-00054,2,450.79,MXN,763.03,E-commerce
FAC-001256,2024-07-30,CLI-00289,SKU-00074,5,422.4,MXN,2112.0,E-commerce
FAC-003081,2025-11-30,CLI-00409,SKU-00136,2,247.9,MXN,495.8,E-commerce
FAC-002635,01/16/2024,CLI-00315,SKU-00142,6,514.58,MXN,3087.48,E-commerce
FAC-001630,19/06/2025,CLI-00479,SKU-00010,6,716.77,MXN,4300.62,Marketplace
FAC-000924,2025-08-03,CLI-00345,SKU-00035,3,759.8, MXN ,2279.4,Tienda física
FAC-001055,2025-08-17,CLI-00044,SKU-00054,1,437.75,USD,437.75,E-commerce
FAC-000155,2025-11-02,CLI-00378,SKU-00031,-3,$417.55,usd,2922.85,Tienda física
FAC-003123,2024-07-24,CLI-00080,SKU-00011,3,522.86,MXN,1568.58,Tienda física
FAC-002043,02/23/2024,CLI-00043,SKU-00109,4,1733.63,MXN,6934.52,Marketplace
FAC-002063,2024-02-22,CLI-00455,SKU-00138,3,467.92,MXN,1403.76,Tienda física
FAC-000488,2025-03-04,CLI-00307,SKU-00041,6,1674.52,USD,6128.66,Tienda física
FAC-000575,2025-02-07,CLI-00179,SKU-00083,4,179.26,MXN,717.04,Marketplace
FAC-002298,10/15/2024,CLI-00178,SKU-00014,1,262.9,MXN,262.9,E-commerce
FAC-000756,12/01/2024,CLI-99601,SKU-00096,6,1401.48,MXN,8408.88,Marketplace
FAC-001103,2025-02-14,CLI-00293,SKU-00006,7,1788.41,MXN,12518.87,Tienda física
FAC-002272,2024-10-05,CLI-00447,SKU-00148,3,536.8,MXN,,Marketplace
FAC-001621,04/03/2024,CLI-00239,SKU-00008,4,1890.97,MXN,7563.88,Tienda física
FAC-001173,2025-11-01,CLI-00422,SKU-00035,7,782.27,MXN,5475.89,Tienda física
FAC-002164,2024-06-25,CLI-00364,SKU-00042,6,1605.55,MXN,9633.3,E-commerce
FAC-002497,2025-06-15,,SKU-00126,4,510.13,MXN,2040.52,Marketplace
FAC-002263,2025-07-31,CLI-00148,SKU-00132,3,823.02,MXN,2469.06,Teléfono
FAC-001036,2024-11-26,CLI-00088,SKU-00150,5,511.35,MXN,2556.75,E-commerce
FAC-002091,2024-04-07,CLI-96700,SKU-00061,3,412.12,MXN,1016.12,E-commerce
FAC-003441,2024-04-04,CLI-00023,SKU-00029,4,507.68,MXN,2030.72,Marketplace
FAC-000543,04/04/2025,CLI-00461,SKU-00015,7,860.56,MXN,6023.92,Marketplace
FAC-002926,2024-06-26,CLI-00089,SKU-00088,6,1378.84,MXN,6670.27,E-commerce
FAC-000036,2024-06-12,CLI-00425,SKU-00127,6,$738.33,MXN,4429.98,Marketplace
FAC-000429,2024-08-25,CLI-00141,SKU-00068,7,306.59,MXN,2146.13,Marketplace
FAC-000102,2025-10-03,CLI-00370,SKU-00034,3,1078.72,USD,3236.16,Tienda física
FAC-001180,2025-05-16,CLI-00400,SKU-00047,5,1249.52,USD,6247.6,Tienda física
FAC-001576,08/10/2024,CLI-00344,SKU-00149,6,57.93,MXN,347.58,Marketplace
FAC-002857,2024-06-21,CLI-00471,SKU-00007,4,1282.83,MXN,5131.32,Marketplace
FAC-000871,03/05/2025,CLI-00185,SKU-00146,3,374.78,mxn,1124.34,Marketplace
FAC-002873,2024-01-31,CLI-00140,SKU-00037,5,948.87,MXN,4744.35,Tienda física
FAC-001598,2025-03-17,CLI-00221,SKU-00063,6,295.25,MXN,1771.5,E-commerce
FAC-000410,2024-08-09,CLI-00018,SKU-00141,4,523.41,MXN,2093.64,Tienda física
FAC-002964,2025-07-15,CLI-00418,SKU-00013,2,2536.54,MXN,5073.08,E-commerce
FAC-000879,09/08/2024,CLI-00324,SKU-00103,5,2416.13,MXN,12080.65,Tienda física
FAC-002547,2024-07-17,CLI-00237,SKU-00070,-2,414.46,MXN,,Tienda física
FAC-000126,2025-12-26,CLI-00258,SKU-97075,3,1384.21,MXN,4152.63,Tienda física
FAC-000567,2024-09-06,CLI-00163,SKU-00102,2,1545.28,MXN,3090.56,E-commerce
FAC-001988,2024-06-10,,SKU-00117,6,751.3,MXN,4507.8,Marketplace
FAC-002770,2024-03-20,CLI-00333,SKU-00060,5,417.72,MXN,,Tienda física
FAC-003358,2024-09-01,CLI-00025,SKU-00144,1,104.29,MXN,104.29,Tienda física
FAC-002072,26/04/2025,CLI-92537,SKU-00029,7,492.04,MXN,2050.48,Tienda física
FAC-002158,10/12/2025,CLI-00478,SKU-00118,3,272.5,MXN,,Tienda física
FAC-003243,2024-02-02,CLI-00023,SKU-00073,2,55.14,MXN,110.28,Marketplace
FAC-001132,2025-10-22,CLI-00059,SKU-00082,7,946.56,MXN,6625.92,E-commerce
FAC-000805,2025-05-28,CLI-00474,SKU-00022,2,617.65,MXN,1235.3,E-commerce
FAC-000750,2025-04-07,CLI-00196,SKU-00086,6,1421.98,USD,8531.88,Tienda física
FAC-003436,2025-04-10,CLI-00048,SKU-00115,6,119.24,MXN,715.44,E-commerce
FAC-002041,2024-01-20,,SKU-00076,5,54.54,MXN,272.7,Tienda física
FAC-003479,2024-09-10,CLI-96331,SKU-00039,7,1516.78,MXN,10617.46,Tienda física
FAC-002289,2025-07-28,CLI-00493,SKU-00071,6,69.55,MXN,417.3,Teléfono
FAC-001220,2024-06-11,CLI-00382,SKU-00127,6,738.93,MXN,4433.58,Tienda física
FAC-002411,01/07/2024,CLI-00370,SKU-00063,1,297.33,mxn,297.33,Tienda física
FAC-002316,2024-10-28,CLI-00235,SKU-00069,1,361.72,MXN,361.72,E-commerce
FAC-003174,2024-01-02,CLI-00325,SKU-00065,7,201.95,MXN,1413.65,Tienda física
FAC-003181,2024-08-05,CLI-00147,SKU-00062,6,$380.66,mxn,2283.96,Tienda física
FAC-002637,2024-12-31,CLI-00282,SKU-00091,-1,841.29,MXN,2523.87,Teléfono
FAC-000194,2025-01-27,CLI-00218,SKU-00017,6,848.42,MXN,5090.52,Tienda física
FAC-002917,2024-02-18,CLI-00015,SKU-00064,1,121.48,MXN,73.43,Tienda física
FAC-003403,26/06/2025,CLI-00280,SKU-00145,3,449.84,MXN,1349.52,Tienda física
FAC-002736,2024-03-21,CLI-00255,SKU-00014,2,252.8,mxn,505.6,Tienda física
FAC-002039,07/01/2024,CLI-00472,SKU-94038,7,340.18,MXN,1317.8,Tienda física
FAC-001091,2024-01-29,CLI-00073,SKU-00086,1,1371.57,USD,1371.57,Tienda física
FAC-000383,2025-08-22,CLI-00468,SKU-00099,7,2017.86,MXN,14125.02,Tienda física
FAC-001723,2025-09-18,CLI-00418,SKU-00094,5,313.97,MXN,1569.85,E-commerce
FAC-002442,05/20/2025,CLI-00312,SKU-00096,4,1477.18, MXN ,5908.72,E-commerce
FAC-001002,2024-02-11,CLI-00488,SKU-00013,6,2535.94,MXN,15215.64,E-commerce
FAC-001912,2025-05-22,CLI-00024,SKU-00131,6,107.79,MXN,646.74,E-commerce
FAC-003493,2024-01-28,CLI-00308,SKU-00143,5,45.01,MXN,225.05,Marketplace
FAC-000972,22/07/2024,CLI-00114,SKU-00150,6,532.75,MXN,3196.5,E-commerce
FAC-003298,2024-11-13,CLI-91562,SKU-00031,5,417.12,MXN,2085.6,E-commerce
FAC-001637,2024-05-15,CLI-00010,SKU-00148,5,567.34,MXN,2836.7,E-commerce
FAC-003268,2024-01-23,CLI-00315,SKU-00099,-4,2011.08,MXN,2011.08,Tienda física
FAC-001584,2024-02-28,CLI-97947,SKU-00061,6,416.87,MXN,2501.22,E-commerce
FAC-002833,11/20/2024,CLI-00267,SKU-00142,7,488.74,USD,3421.18,E-commerce
FAC-001363,24/09/2024,CLI-00236,SKU-00015,7,908.13,MXN,6356.91,Tienda física
FAC-001673,2025-11-20,CLI-00442,SKU-00043,2,768.24,USD,1536.48,E-commerce
FAC-001463,11/19/2024,CLI-00134,SKU-00030,4,885.06,mxn,3540.24,E-commerce
FAC-002892,02/16/2025,CLI-00114,SKU-00004,1,512.78,MXN,512.78,E-commerce
FAC-000766,2024-08-04,CLI-00335,SKU-00087,7,1269.3,MXN,8885.1,Teléfono
FAC-002444,2024-01-12,CLI-00246,SKU-00140,5,169.37,MXN,846.85,E-commerce
FAC-002168,2025-09-30,CLI-00102,SKU-00142,4,521.8,MXN,2087.2,E-commerce
FAC-001183,2024-10-02,CLI-00472,SKU-00070,3,413.76,MXN,1241.28,Tienda física
FAC-000717,10/08/2024,CLI-00301,SKU-00111,7,1987.13,USD,13909.91,Tienda física
FAC-001490,2024-03-04,CLI-00397,SKU-00091,6,847.76,MXN,5086.56,Tienda física
FAC-003113,2024-10-29,CLI-00298,SKU-00152,7,525.18,MXN,2792.82,Tienda física
FAC-001016,2024-09-26,CLI-00230,SKU-00041,6,"$1,679.22",MXN,10075.32,Tienda física
FAC-000242,2025-01-17,CLI-00025,SKU-00144,1,107.75,MXN,60.61,Tienda física
FAC-003495,2025-03-10,CLI-00213,SKU-00090,7,1415.88,MXN,9911.16,E-commerce
FAC-002739,2024-07-12,,SKU-00096,2,1440.88, MXN ,2881.76,E-commerce
FAC-001044,30/08/2025,CLI-00391,SKU-00089,6,1287.92,MXN,6140.77,Tienda física
FAC-000068,21/10/2025,CLI-00214,SKU-00093,6,477.67,MXN,1517.76,Tienda física
FAC-001286,05/10/2024,CLI-00448,SKU-00137,3,551.87,MXN,1186.3,Marketplace
FAC-000244,12/22/2024,CLI-00456,SKU-00007,5,1296.23,USD,6481.15,E-commerce
FAC-001525,2024-09-21,CLI-00007,SKU-91254,7,211.63,MXN,1481.41,Marketplace
FAC-003038,13/07/2025,CLI-00368,SKU-98158,5,368.88,MXN,1844.4,E-commerce
FAC-000335,2025-01-17,CLI-00293,SKU-00077,1,1409.93, MXN ,1409.93,E-commerce
FAC-001048,2025-07-16,CLI-00029,SKU-00047,7,"$1,247.96",USD,8735.72,Marketplace
FAC-000149,2024-05-28,CLI-00210,SKU-00026,2,1157.39,mxn,2314.78,Tienda física
FAC-003004,2025-09-04,CLI-00506,SKU-00137,1,542.59,MXN,542.59,Tienda física
FAC-000271,14/10/2024,CLI-97786,SKU-00061,2,412.0,MXN,824.0,Tienda física
FAC-003201,2025-01-15,CLI-00246,SKU-00058,4,140.39,USD,561.56,Tienda física
FAC-002185,2025-10-14,CLI-00196,SKU-00117,5,788.9,MXN,3944.5,E-commerce
FAC-001558,19/11/2025,CLI-00029,SKU-00022,7,646.9,MXN,4528.3,Tienda física
FAC-002064,2025-07-25,CLI-00169,SKU-00041,2,"$1,578.00",USD,3156.0,Marketplace
FAC-003098,01/27/2024,CLI-00341,SKU-00024,4,913.33,MXN,3653.32,Teléfono
FAC-001021,2024-02-08,,SKU-00093,1,472.81,MXN,472.81,Marketplace
FAC-000198,06/01/2025,CLI-00057,SKU-00126,6,495.99,MXN,2975.94,E-commerce
FAC-001270,2025-01-28,CLI-00106,SKU-00134,3,225.33,USD,675.99,Tienda física
FAC-002150,2025-01-26,CLI-00140,SKU-00133,6,217.81,MXN,1306.86,Tienda física
FAC-002998,15/03/2024,CLI-00313,SKU-00005,5,381.7,MXN,1908.5,E-commerce
FAC-002328,2025-10-07,CLI-00444,SKU-00109,1,1767.35,MXN,1767.35,E-commerce
FAC-000188,2025-06-07,CLI-00463,SKU-00096,7,1496.95,MXN,10478.65,E-commerce
FAC-002358,2025-02-12,CLI-00433,SKU-00047,3,1321.93,USD,3965.79,E-commerce
FAC-003253,06/09/2024,,SKU-00137,4,528.02,MXN,2112.08,Marketplace
FAC-000314,01/08/2024,CLI-00165,SKU-00098,5,1272.88,MXN,6364.4,Tienda física
FAC-000484,2025-06-10,CLI-00196,SKU-00111,3,2074.24,MXN,6222.72,E-commerce
FAC-002129,2024-04-07,CLI-00080,SKU-00063,4,294.24,MXN,1176.96,E-commerce
FAC-002702,2025-08-01,CLI-00180,SKU-00062,-3,370.84,MXN,1483.36,E-commerce
FAC-003287,2025-04-17,CLI-00290,SKU-00028,2,576.99,MXN,1153.98,E-commerce
FAC-001120,12/15/2025,CLI-00250,SKU-00117,3,785.74, MXN ,2357.22,E-commerce
FAC-001059,2025-01-29,CLI-00224,SKU-00073,4,53.73,MXN,214.92,Tienda física
FAC-002920,2025-02-06,CLI-00400,SKU-00044,2,1637.71,MXN,3275.42,E-commerce
FAC-001746,07/01/2025,CLI-00145,SKU-00073,3,55.27,USD,165.81,E-commerce
FAC-002562,2025-03-25,CLI-00144,SKU-00127,2,710.38,USD,1420.76,E-commerce
FAC-001819,2025-04-02,CLI-00052,SKU-00143,7,42.46,USD,297.22,Marketplace
FAC-001545,2025-03-24,CLI-00284,SKU-00129,1,$311.32,USD,311.32,E-commerce
FAC-002118,2024-10-19,CLI-00229,SKU-00036,7,810.84,MXN,5675.88,Tienda física
FAC-000647,2024-04-08,,SKU-00006,7,1810.31,MXN,12672.17,E-commerce
FAC-001408,2024-03-17,CLI-98175,SKU-92584,2,534.92,MXN,1069.84,Marketplace
FAC-001473,09/06/2024,CLI-00052,SKU-00082,7,984.93,MXN,6894.51,E-commerce
FAC-000992,2024-08-25,CLI-00172,SKU-00053,1,709.11,MXN,709.11,E-commerce
FAC-002850,2024-06-20,CLI-00190,SKU-00108,6,293.66,MXN,1761.96,E-commerce
FAC-002491,07/06/2024,CLI-00337,SKU-00077,7,1408.06,MXN,9856.42,E-commerce
FAC-001480,2024-06-26,CLI-00171,SKU-00074,4,434.98,MXN,1739.92,E-commerce
FAC-000235,07/21/2025,CLI-00004,SKU-00050,6,492.82,MXN,2956.92,Marketplace
FAC-001207,2025-02-14,CLI-00153,SKU-00081,1,487.28,MXN,487.28,Tienda física
FAC-003389,2025-07-31,CLI-00422,SKU-00142,7,501.39,MXN,1937.97,Marketplace
FAC-000536,06/17/2025,CLI-00014,SKU-00037,2,1007.32,MXN,2014.64,E-commerce
FAC-001216,2025-02-26,CLI-00067,SKU-00044,4,1537.41,MXN,6149.64,Tienda física
FAC-000566,13/05/2024,CLI-00170,SKU-00067,1,200.79,MXN,200.79,E-commerce
FAC-002205,13/05/2024,CLI-00396,SKU-00058,1,142.88,MXN,142.88,Tienda física
FAC-001515,2025-09-26,CLI-00051,SKU-00100,3,2178.55,MXN,6535.65,E-commerce
FAC-000747,2025-12-01,CLI-93920,SKU-00058,7,143.64,MXN,1005.48,E-commerce
FAC-003093,2024-08-27,CLI-00295,SKU-00046,2,1132.66,MXN,2265.32,Marketplace
FAC-000229,11/11/2025,CLI-00067,SKU-00099,4,1867.39,MXN,7469.56,Marketplace
FAC-002595,2024-09-21,CLI-00030,SKU-00105,3,1687.44,MXN,,E-commerce
FAC-000232,10/05/2024,CLI-00436,SKU-00114,4,1956.54,USD,7826.16,Teléfono
FAC-000927,2025-04-29,CLI-93587,SKU-00032,6,800.28,MXN,4801.68,Tienda física
FAC-001618,2024-06-19,CLI-00499,SKU-00070,7,434.64,MXN,3042.48,Tienda física
FAC-000221,2025-07-25,CLI-00348,SKU-00019,7,2327.15,MXN,16290.05,Tienda física
FAC-001474,2025-06-25,CLI-00402,SKU-00007,4,1340.45,MXN,5361.8,Tienda física
FAC-000531,2025-08-24,CLI-00319,SKU-00003,5,2963.48,mxn,14817.4,E-commerce
FAC-000009,2025-03-16,CLI-00196,SKU-00088,6,1372.27,MXN,6859.66,E-commerce
FAC-002634,2024-05-25,CLI-00477,SKU-00081,4,515.87,MXN,2063.48,Marketplace
FAC-003302,2025-04-08,CLI-00283,SKU-00108,3,303.98,USD,911.94,E-commerce
FAC-001783,2024-05-25,CLI-00156,SKU-00147,2,283.2,MXN,566.4,Tienda física
FAC-002769,2025-06-28,CLI-00455,SKU-00042,7,1646.64,MXN,,Marketplace
FAC-002613,2025-08-30,CLI-00445,SKU-91435,6,160.35,MXN,962.1,E-commerce
FAC-001394,2025-01-05,CLI-00060,SKU-00045,7,1130.43,MXN,7913.01,Marketplace
FAC-001682,2025-03-17,CLI-92360,SKU-00102,6,1532.56,MXN,9195.36,E-commerce
FAC-001567,2025-06-01,CLI-00415,SKU-00078,5,861.32,MXN,4306.6,Marketplace
FAC-002138,2024-12-21,CLI-00252,SKU-00102,3,"$1,517.39",MXN,4552.17,Tienda física
FAC-003498,2025-05-31,CLI-00233,SKU-00100,2,2096.91,MXN,4193.82,E-commerce
FAC-001679,2025-08-01,CLI-00343,SKU-00089,3,1315.67,MXN,3947.01,E-commerce
FAC-001671,30/12/2024,CLI-00158,SKU-00126,4,504.74,MXN,2018.96,Marketplace
FAC-001629,2025-12-16,CLI-00192,SKU-00046,2,1112.2,MXN,2224.4,Marketplace
FAC-002398,2025-04-28,CLI-00430,SKU-00144,3,104.95,MXN,314.85,Marketplace
FAC-000222,2025-10-09,CLI-00268,SKU-00054,2,430.27,USD,860.54,Marketplace
FAC-002419,2024-03-21,CLI-00404,SKU-00034,7,1103.67,MXN,4218.1,E-commerce
FAC-000559,2024-04-28,CLI-00249,SKU-00056,7,$773.76,MXN,5416.32,E-commerce
FAC-001779,2024-11-03,CLI-00136,SKU-00142,7,498.09,MXN,3486.63,Teléfono
FAC-001860,04/08/2025,CLI-94641,SKU-00083,5,178.91,MXN,894.55,Tienda física
FAC-002847,2025-05-20,CLI-00042,SKU-00059,6,429.84,MXN,2579.04,Marketplace
FAC-000808,2025-05-01,CLI-00371,SKU-00130,1,444.3,MXN,444.3,E-commerce
FAC-002284,2024-07-25,CLI-00426,SKU-00138,3,468.75,USD,1406.25,E-commerce
FAC-001039,2025-12-02,CLI-00054,SKU-00061,1,429.96,MXN,429.96,Marketplace
FAC-000253,2024-07-03,CLI-00491,SKU-00054,4,434.24,MXN,1736.96,E-commerce
FAC-001028,2024-06-04,CLI-00067,SKU-00004,1,482.07,MXN,482.07,E-commerce
FAC-002105,2024-08-11,CLI-00334,SKU-00035,2,749.9,MXN,1499.8,Marketplace
FAC-000011,06/11/2025,CLI-00095,SKU-00019,6,2384.11,MXN,14304.66,E-commerce
FAC-002479,2025-12-24,CLI-00431,SKU-00069,1,$370.67,MXN,370.67,Tienda física
FAC-000738,2024-01-07,CLI-00249,SKU-00068,3,297.56,MXN,892.68,Tienda física
FAC-002954,2025-08-07,CLI-00444,SKU-00030,5,878.29,MXN,3505.68,Marketplace
FAC-000463,2025-03-07,CLI-00309,SKU-00101,5,853.23,MXN,4266.15,Marketplace
FAC-000564,2024-02-09,CLI-00491,SKU-00066,-3,458.83,MXN,646.02,Tienda física
FAC-001405,2024-09-12,CLI-00309,SKU-00104,7,245.76,MXN,1720.32,Tienda física
FAC-002395,02/17/2025,CLI-00039,SKU-00117,6,794.64,MXN,4767.84,E-commerce
FAC-001467,2024-12-15,CLI-00210,SKU-00066,7,447.26,MXN,3130.82,Tienda física
FAC-002624,2025-10-10,CLI-00484,SKU-00026,1,"$1,167.95",MXN,1167.95,E-commerce
FAC-003281,2025-06-11,CLI-00420,SKU-00088,6,1308.49, MXN ,7850.94,Marketplace
FAC-000532,2025-11-04,CLI-00297,SKU-00037,3,995.8,MXN,2987.4,Marketplace
FAC-002609,2024-10-31,CLI-00032,SKU-00151,4,534.9,MXN,1715.89,Tienda física
FAC-002468,2025-09-12,CLI-00334,SKU-00101,3,845.98,MXN,2537.94,Tienda física
FAC-001082,2025-05-13,CLI-00471,SKU-00060,6,422.29,MXN,2533.74,Tienda física
FAC-000663,2024-02-27,CLI-00504,SKU-00111,3,1967.44,USD,5902.32,E-commerce
FAC-000915,2024-03-21,CLI-00284,SKU-00093,1,467.56,MXN,467.56,E-commerce
FAC-000482,2024-03-05,CLI-00474,SKU-92092,5,277.12,MXN,1385.6,Tienda física
FAC-001350,2024-08-11,CLI-00069,SKU-00134,1,214.62,MXN,,Tienda física
FAC-003375,2025-05-23,CLI-00438,SKU-00014,7,268.88,MXN,1882.16,Tienda física
FAC-003445,02/27/2025,CLI-00016,SKU-00028,5,588.29,MXN,2941.45,Marketplace
FAC-000880,2025-05-28,CLI-00056,SKU-00098,6,1299.74,MXN,7798.44,Tienda física
FAC-000436,2024-08-08,CLI-00027,SKU-00047,2,1284.95, MXN ,2569.9,E-commerce
FAC-001290,2025-10-17,CLI-00032,SKU-00134,6,227.34,MXN,1364.04,Marketplace
FAC-000672,10/20/2025,CLI-00372,SKU-00076,1,53.56,MXN,53.56,Tienda física
FAC-001141,02/07/2024,CLI-00295,SKU-00005,5,388.44,MXN,1942.2,Teléfono
FAC-002310,2024-08-22,,SKU-00102,2,1506.31,MXN,3012.62,Marketplace
FAC-002062,10/31/2025,CLI-00022,SKU-00059,1,413.23,MXN,413.23,E-commerce
FAC-001063,2024-08-28,CLI-00109,SKU-00053,3,735.67,MXN,2207.01,E-commerce
FAC-003095,04/07/2025,CLI-00131,SKU-00124,5,803.58,MXN,4017.9,E-commerce
FAC-001212,2024-11-18,CLI-00501,SKU-00100,5,2144.09,MXN,10720.45,Tienda física
FAC-001951,2024-04-15,CLI-00089,SKU-00032,5,$801.60,MXN,4008.0,Marketplace
FAC-003119,2025-03-30,CLI-00143,SKU-00080,4,897.85,MXN,3591.4,Tienda física
FAC-002304,2024-07-05,CLI-00104,SKU-00058,7,142.81,MXN,999.67,Tienda física
FAC-000678,31/07/2024,CLI-00343,SKU-00136,-4,252.02,MXN,504.04,Tienda física
FAC-000832,2024-04-01,CLI-00345,SKU-00105,1,1637.84,MXN,1637.84,Tienda física
FAC-003051,06/10/2025,CLI-92889,SKU-00095,4,$374.47,MXN,1497.88,Tienda física
FAC-003408,2024-11-26,CLI-00261,SKU-00079,6,1374.68,MXN,8248.08,Tienda física
FAC-000610,2024-01-18,CLI-00123,SKU-00101,1,873.66,USD,873.66,Tienda física
FAC-001382,2024-01-25,CLI-00270,SKU-00006,7,1795.62,MXN,9608.94,Tienda física
FAC-002103,02/19/2024,CLI-00238,SKU-00116,7,341.73,MXN,2392.11,Marketplace
FAC-002619,2025-04-01,CLI-00354,SKU-00054,4,435.83,MXN,1743.32,E-commerce
FAC-002746,08/09/2024,CLI-00335,SKU-96105,6,108.2, MXN ,649.2,Tienda física
FAC-002489,2025-12-28,CLI-00136,SKU-00057,4,1222.84,MXN,4891.36,Tienda física
FAC-003035,2024-02-27,CLI-99155,SKU-00010,1,722.98,MXN,722.98,Tienda física
FAC-000617,2025-10-30,CLI-00325,SKU-00104,1,$239.42,MXN,239.42,Tienda física
FAC-002086,2024-04-18,CLI-00421,SKU-00030,3,904.94,mxn,2714.82,Tienda física
FAC-001875,31/08/2025,CLI-00356,SKU-00007,4,1284.85,MXN,5139.4,Tienda física
FAC-000251,2025-07-28,CLI-00397,SKU-00065,1,205.76,MXN,205.76,Tienda física
FAC-002762,2024-07-12,CLI-00074,SKU-00056,5,758.39,USD,3791.95,Tienda física
FAC-002631,06/16/2024,CLI-00443,SKU-00066,4,447.04,USD,1788.16,Tienda física
FAC-003157,13/05/2024,CLI-00476,SKU-00006,7,1801.83,MXN,12612.81,Tienda física
FAC-002671,29/03/2025,CLI-00392,SKU-00004,4,487.1,MXN,1948.4,Marketplace
FAC-003048,2025-05-14,CLI-00316,SKU-00124,1,817.84,USD,817.84,Tienda física
FAC-000695,2024-06-08,CLI-00413,SKU-00092,5,148.8,MXN,744.0,Tienda física
FAC-000810,14/01/2024,CLI-00353,SKU-00101,2,878.0,USD,1756.0,E-commerce
FAC-001973,2025-12-23,CLI-00409,SKU-00057,1,1211.1,MXN,1211.1,Marketplace
FAC-001976,2024-07-01,CLI-00071,SKU-00057,1,1194.43,MXN,1194.43,Tienda física
FAC-001655,2025-03-19,CLI-00133,SKU-00094,4,311.54,MXN,1246.16,Marketplace
FAC-003223,2025-01-12,CLI-00064,SKU-00111,1,1950.68,MXN,1950.68,Tienda física
FAC-002221,04/24/2024,CLI-00472,SKU-00087,4,1209.02,MXN,4836.08,E-commerce
FAC-003338,2024-02-01,CLI-00224,SKU-00014,5,254.77,MXN,1032.87,Marketplace
FAC-000629,2025-01-13,CLI-00362,SKU-00053,2,687.76,MXN,1375.52,Tienda física
FAC-001071,2024-08-12,CLI-00171,SKU-00140,2,177.07,MXN,354.14,Tienda física
FAC-002955,2025-09-19,CLI-00398,SKU-00093,7,477.0, USD ,3339.0,Tienda física
FAC-001305,2025-03-13,CLI-00177,SKU-00017,6,803.51,USD,4821.06,E-commerce
FAC-003021,02/09/2025,CLI-00264,SKU-00123,-2,412.37,MXN,824.74,E-commerce
FAC-002137,2024-09-04,CLI-00505,SKU-00148,3,567.09,usd,1701.27,Tienda física
FAC-001734,26/08/2025,CLI-00339,SKU-00100,3,2161.19,MXN,6483.57,Tienda física
FAC-000947,12/08/2025,CLI-00456,SKU-00016,6,674.1,MXN,4044.6,E-commerce
FAC-002173,2024-07-31,CLI-00369,SKU-00065,3,206.37,MXN,619.11,Marketplace
FAC-002245,07/26/2024,CLI-00298,SKU-00112,1,195.77,USD,195.77,Teléfono
FAC-002639,2024-08-30,CLI-00173,SKU-00116,1,334.81,MXN,334.81,Tienda física
FAC-000427,2025-03-07,CLI-00363,SKU-00106,1,650.89,MXN,650.89,Marketplace
FAC-003154,2024-06-24,CLI-92191,SKU-00151,4,532.87,MXN,2131.48,Tienda física
FAC-000223,2025-09-15,CLI-00477,SKU-00006,7,1764.99,MXN,12354.93,Tienda física
FAC-000918,10/06/2024,CLI-00430,SKU-00015,2,905.89,MXN,1811.78,E-commerce
FAC-000633,2024-07-23,CLI-00164,SKU-00152,1,534.91,MXN,534.91,Tienda física
FAC-000857,2025-04-01,CLI-00256,SKU-00067,-4,$202.07,USD,1212.42,Tienda física
FAC-000708,2024-12-10,CLI-00216,SKU-00019,3,2362.92,USD,7088.76,Tienda física
FAC-002140,2024-09-22,CLI-00329,SKU-00066,6,455.36,MXN,2732.16,Marketplace
FAC-002947,12/02/2025,CLI-00283,SKU-00036,1,796.34,MXN,796.34,E-commerce
FAC-001193,2024-01-04,CLI-00296,SKU-00019,4,2398.04,MXN,9592.16,E-commerce
FAC-002461,22/02/2025,,SKU-00120,1,703.3,MXN,,Marketplace
FAC-000401,2025-05-18,CLI-00318,SKU-00074,5,422.87,MXN,2114.35,E-commerce
FAC-000772,01/04/2025,CLI-00454,SKU-00045,3,1096.28,MXN,3288.84,E-commerce
FAC-000240,2025-05-17,CLI-00051,SKU-00137,5,537.29,mxn,,Tienda física
FAC-000560,16/10/2024,CLI-00012,SKU-00070,5,423.94,USD,2119.7,E-commerce
FAC-000199,2025-08-10,CLI-00196,SKU-00087,6,1251.08,MXN,7506.48,E-commerce
FAC-003182,2024-04-23,CLI-00324,SKU-00135,3,399.67,MXN,1199.01,E-commerce
FAC-001448,2024-04-15,CLI-00121,SKU-00065,1,207.66,MXN,207.66,Marketplace
FAC-003058,2024-01-18,CLI-00303,SKU-00106,5,653.04,MXN,3265.2,Tienda física
FAC-002878,2024-04-03,CLI-00092,SKU-00073,2,54.99,MXN,109.98,E-commerce
FAC-002699,2025-12-23,CLI-00322,SKU-91156,1,1810.76, MXN ,1810.76,Tienda física
FAC-002981,2025-04-14,CLI-00450,SKU-00056,1,$765.87,MXN,765.87,Tienda física
FAC-001479,15/02/2024,CLI-00153,SKU-00076,2,54.65, MXN ,109.3,E-commerce
FAC-000292,2025-02-16,CLI-95054,SKU-00124,6,787.45,MXN,4724.7,Tienda física
FAC-002125,03/03/2025,CLI-00096,SKU-00008,3,1962.5,MXN,5887.5,Tienda física
FAC-000106,06/03/2025,CLI-00490,SKU-00068,3,292.61,USD,877.83,E-commerce
FAC-002645,05/03/2024,CLI-00167,SKU-00119,-3,816.73,MXN,2450.19,Marketplace
FAC-000117,2025-06-13,CLI-00175,SKU-00019,2,2469.93,MXN,,Tienda física
FAC-002865,10/05/2025,CLI-00168,SKU-00126,2,478.37,MXN,956.74,Tienda física
FAC-002556,2025-12-17,CLI-00197,SKU-00111,1,1993.39,MXN,1993.39,E-commerce
FAC-000266,2025-02-07,CLI-00334,SKU-00108,6,300.23,USD,1218.14,Tienda física
FAC-002651,2024-04-22,CLI-00076,SKU-00024,7,955.17,MXN,6686.19,Tienda física
FAC-001388,2024-07-05,,SKU-00128,4,535.26,MXN,2141.04,Marketplace
FAC-000101,2025-09-17,CLI-00373,SKU-00111,3,2011.56,MXN,6034.68,E-commerce
FAC-000224,02/23/2024,CLI-00353,SKU-00050,6,508.12,MXN,3048.72,Tienda física
FAC-000693,2025-11-02,CLI-00177,SKU-99684,4,256.71,USD,1026.84,E-commerce
FAC-002714,2025-10-17,CLI-00056,SKU-00097,4,1992.96,MXN,7971.84,Tienda física
FAC-000820,17/07/2025,CLI-00446,SKU-00073,2,56.29,MXN,,Tienda física
FAC-003455,09/01/2025,CLI-00050,SKU-00097,2,1959.9,MXN,3919.8,E-commerce
FAC-000522,2025-04-15,CLI-00265,SKU-00070,6,424.9,MXN,2549.4,Marketplace
FAC-000298,2024-12-07,CLI-00052,SKU-00069,5,362.07,MXN,1810.35,Marketplace
FAC-002519,2025-06-29,CLI-00285,SKU-00044,1,1648.52,MXN,1648.52,E-commerce
FAC-000905,12/25/2025,CLI-00133,SKU-00063,2,313.08,USD,626.16,E-commerce
FAC-000592,2025-11-23,CLI-00228,SKU-00052,7,942.16,MXN,6595.12,E-commerce
FAC-001259,11/08/2024,CLI-00070,SKU-00040,4,696.42,MXN,2785.68,Marketplace
FAC-000154,2024-06-11,CLI-00233,SKU-00044,5,1584.44,MXN,7922.2,Marketplace
FAC-002272,2024-10-05,CLI-00447,SKU-00148,3,536.8,MXN,,Marketplace
FAC-000573,07/24/2025,CLI-00025,SKU-00054,4,423.28,MXN,1693.12,E-commerce
FAC-001106,2024-08-22,CLI-00443,SKU-00014,5,253.22,usd,1266.1,Tienda física
FAC-002891,2025-06-17,CLI-00263,SKU-00139,5,160.94,MXN,804.7,Marketplace
FAC-001785,2025-09-11,CLI-00144,SKU-00142,3,$488.76,MXN,1466.28,Tienda física
FAC-000356,04/09/2024,CLI-00245,SKU-00101,2,894.25,USD,1788.5,Tienda física
FAC-001090,31/01/2024,CLI-00067,SKU-00018,-1,833.13,MXN,2164.47,Tienda física
FAC-002193,2024-11-03,CLI-00277,SKU-00129,3,299.32,MXN,897.96,Marketplace
FAC-002099,2025-11-20,CLI-00310,SKU-00006,1,1759.91,MXN,1759.91,E-commerce
FAC-001877,2024-02-04,CLI-00166,SKU-00076,6,54.84,MXN,329.04,Tienda física
FAC-000697,2025-07-18,CLI-00162,SKU-97880,2,1148.41,MXN,2296.82,E-commerce
FAC-001493,2025-07-29,CLI-00182,SKU-92147,4,887.69,MXN,3550.76,E-commerce
FAC-003440,2025-07-14,CLI-00341,SKU-00060,3,424.67,MXN,1274.01,E-commerce
FAC-001238,2024-04-25,CLI-00061,SKU-00022,1,640.23,MXN,640.23,Tienda física
FAC-002036,2025-11-14,CLI-00374,SKU-00001,6,1905.57,MXN,11433.42,Tienda física
FAC-000542,23/07/2025,CLI-00406,SKU-00014,6,265.2,MXN,1591.2,Marketplace
FAC-000827,10/03/2025,CLI-00264,SKU-00048,4,542.98,MXN,2171.92,Tienda física
FAC-002081,14/03/2025,CLI-00154,SKU-00076,3,52.32,USD,156.96,E-commerce
FAC-000714,2024-01-15,CLI-00456,SKU-00133,7,213.15,MXN,1492.05,Marketplace
FAC-000447,2025-04-06,CLI-00344,SKU-00032,6,779.38,MXN,4676.28,Tienda física
FAC-003240,2024-04-24,CLI-00210,SKU-00042,4,1570.47,mxn,6281.88,Tienda física
FAC-001728,2025-06-17,CLI-00163,SKU-00034,6,1113.17,USD,6679.02,E-commerce
FAC-002067,2025-11-01,CLI-00469,SKU-00010,1,717.2,MXN,717.2,E-commerce
FAC-001512,2025-08-10,CLI-00316,SKU-00043,6,740.73,MXN,3404.71,Marketplace
FAC-002377,2024-02-20,CLI-00297,SKU-00024,6,907.08,MXN,5442.48,Marketplace
FAC-003228,21/09/2024,CLI-00407,SKU-00015,2,907.9,MXN,1815.8,Tienda física
FAC-000411,2024-11-26,CLI-97191,SKU-00035,5,740.35,MXN,3701.75,Tienda física
FAC-001613,2025-10-22,CLI-00021,SKU-00009,4,1219.97,MXN,4879.88,Marketplace
FAC-000757,28/08/2024,CLI-00454,SKU-00005,7,392.88,MXN,2750.16,E-commerce
FAC-002863,2024-03-13,CLI-00364,SKU-00011,7,523.36,MXN,3663.52,E-commerce
FAC-003319,2025-08-29,,SKU-00051,7,584.57,MXN,4091.99,E-commerce
FAC-002312,31/08/2024,CLI-00180,SKU-00132,4,867.42,USD,3469.68,Tienda física
FAC-001540,27/01/2024,CLI-00186,SKU-00115,2,122.41,MXN,244.82,Tienda física
FAC-001569,2024-09-04,CLI-00127,SKU-00006,1,1732.35,USD,1732.35,Marketplace
FAC-003339,2025-08-24,CLI-00311,SKU-00019,5,2441.66,MXN,12208.3,E-commerce
FAC-002400,2024-07-24,CLI-00230,SKU-00032,5,779.56,MXN,3897.8,E-commerce
FAC-003415,2025-11-15,CLI-00175,SKU-00112,6,188.49,mxn,1130.94,E-commerce
FAC-002528,2024-06-25,CLI-00203,SKU-00132,4,864.62,MXN,2062.16,E-commerce
FAC-001410,04/24/2025,CLI-00080,SKU-00114,5,2013.05,MXN,10065.25,E-commerce
FAC-000923,11/21/2025,CLI-00197,SKU-00046,3,1161.81,MXN,,Tienda física
FAC-003103,2025-07-14,CLI-00180,SKU-00039,7,1507.12,MXN,10549.84,E-commerce
FAC-002265,2024-11-02,CLI-00279,SKU-00048,3,552.67,MXN,1658.01,Tienda física
FAC-001409,2025-11-18,CLI-00503,SKU-00140,5,$171.42,MXN,857.1,Tienda física
FAC-000688,26/08/2024,,SKU-00093,7,467.79,MXN,3274.53,Teléfono
FAC-002443,2024-08-30,CLI-00233,SKU-00093,4,494.64,MXN,1978.56,Tienda física
FAC-002760,2024-05-22,CLI-00075,SKU-00010,4,712.98,MXN,1658.57,Tienda física
FAC-001652,06/21/2024,CLI-00434,SKU-00024,4,922.0,MXN,3688.0,E-commerce
FAC-001324,2024-03-05,CLI-00299,SKU-00097,5,1943.69,MXN,9718.45,E-commerce
FAC-000136,2024-07-30,CLI-00294,SKU-00088,2,1298.31,MXN,2596.62,Tienda física
FAC-000626,2024-08-19,CLI-00136,SKU-00008,2,1827.68,MXN,3655.36,Tienda física
FAC-001246,12/10/2025,CLI-00412,SKU-00068,1,292.53,mxn,292.53,Marketplace
FAC-003259,2024-12-27,CLI-00234,SKU-92948,7,165.73,MXN,1160.11,E-commerce
FAC-000190,2025-02-27,CLI-00095,SKU-00079,4,1347.48,mxn,5389.92,E-commerce
FAC-000043,2025-02-22,CLI-00158,SKU-00016,4,$665.78,MXN,2663.12,Tienda física
FAC-002346,24/10/2025,CLI-00322,SKU-00011,1,531.23,USD,531.23,Marketplace
FAC-003412,2024-07-22,CLI-00433,SKU-93187,4,487.13,MXN,1948.52,Marketplace
FAC-001328,2025-01-26,CLI-00086,SKU-00005,7,412.44,MXN,2887.08,Tienda física
FAC-000570,2025-03-19,CLI-00002,SKU-00140,4,165.74,MXN,338.95,E-commerce
FAC-003072,2025-12-20,CLI-00225,SKU-00123,3,436.55,MXN,1309.65,E-commerce
FAC-000662,2025-02-25,CLI-00453,SKU-00136,3,259.71,MXN,779.13,Tienda física
FAC-003280,2025-07-05,CLI-00452,SKU-00029,4,519.74,MXN,2078.96,Tienda física
FAC-002188,04/04/2024,CLI-00120,SKU-00044,7,1646.27,MXN,11523.89,Tienda física
FAC-003030,2024-08-07,CLI-00018,SKU-00068,2,309.26,MXN,467.4,Tienda física
FAC-001459,2024-07-29,CLI-00316,SKU-00087,6,1243.02,USD,7458.12,Marketplace
FAC-000711,2024-08-26,CLI-00463,SKU-00037,4,961.26,MXN,3845.04,E-commerce
FAC-002697,2025-01-25,CLI-00380,SKU-00071,4,$68.85,MXN,275.4,E-commerce
FAC-000469,12/28/2025,CLI-00176,SKU-00001,3,1875.01,MXN,5625.03,E-commerce
FAC-001695,10/01/2024,CLI-00212,SKU-00121,3,329.55,MXN,788.26,E-commerce
FAC-000269,2024-04-21,CLI-00420,SKU-00044,1,1626.31,MXN,1626.31,E-commerce
FAC-003368,2025-08-30,CLI-00210,SKU-00105,5,1669.93,MXN,8349.65,Tienda física
FAC-002376,2025-05-30,CLI-00391,SKU-00131,4,101.02,MXN,404.08,E-commerce
FAC-001406,12/26/2025,CLI-00266,SKU-00070,1,430.33,MXN,430.33,Tienda física
FAC-003469,01/06/2024,CLI-00499,SKU-00038,4,633.71,MXN,2534.84,Tienda física
FAC-000787,2024-09-08,CLI-00109,SKU-00104,2,248.65,MXN,497.3,Tienda física
FAC-000166,2024-01-24,CLI-00155,SKU-00014,4,257.99,MXN,1031.96,E-commerce
FAC-001375,2025-02-13,CLI-00099,SKU-00071,4,69.33,MXN,277.32,Marketplace
FAC-003288,2024-03-18,,SKU-00044,2,1634.59,MXN,3269.18,E-commerce
FAC-002520,2025-03-18,CLI-00031,SKU-00045,5,1119.14,MXN,5595.7,Tienda física
FAC-002180,10/03/2024,CLI-00293,SKU-00142,2,513.43,MXN,1026.86,Tienda física
FAC-000569,2025-07-04,CLI-00324,SKU-00044,-1,1607.81,USD,4823.43,E-commerce
FAC-003166,2025-07-19,CLI-00291,SKU-00009,1,1281.03,MXN,1281.03,Tienda física
FAC-001842,2025-03-22,CLI-00250,SKU-00028,3,$592.23, USD ,1776.69,Marketplace
FAC-000899,10/18/2025,CLI-00313,SKU-00075,3,227.51,MXN,682.53,Tienda física
FAC-002021,2024-12-26,CLI-00358,SKU-00089,6,1350.93,MXN,8105.58,E-commerce
FAC-000179,2025-02-10,CLI-00146,SKU-00099,3,1957.52,MXN,5872.56,E-commerce
FAC-003073,2024-06-23,CLI-00447,SKU-98424,4,1130.78,MXN,4523.12,Tienda física
FAC-003318,2025-05-19,CLI-00370,SKU-00033,7,1198.93,MXN,8392.51,Marketplace
FAC-000200,2024-09-25,CLI-00005,SKU-00021,7,188.49,MXN,1319.43,Marketplace
FAC-002938,2024-10-17,CLI-00001,SKU-00076,2,54.56,MXN,109.12,Tienda física
FAC-001997,28/08/2025,CLI-00466,SKU-00006,5,1813.26,MXN,9066.3,Tienda física
FAC-002575,2024-09-23,CLI-00040,SKU-00091,2,844.79,MXN,1689.58,Tienda física
FAC-002659,2024-03-02,CLI-00142,SKU-00061,3,431.23,MXN,1293.69,Tienda física
FAC-003494,15/02/2024,,SKU-00063,6,299.35,MXN,1796.1,Tienda física
FAC-003390,14/05/2025,CLI-00138,SKU-00043,7,727.82,MXN,5094.74,Tienda física
FAC-003414,2025-08-30,CLI-00461,SKU-00070,7,404.74,MXN,2833.18,E-commerce
FAC-000943,2024-03-17,CLI-97555,SKU-00145,1,450.93,MXN,450.93,Tienda física
FAC-002051,2025-07-12,CLI-00101,SKU-00063,7,312.01,USD,2184.07,Tienda física
FAC-002034,2025-01-18,CLI-00448,SKU-00115,4,120.2,MXN,480.8,Marketplace
FAC-001506,2024-03-14,CLI-00240,SKU-00090,5,1371.44,MXN,3674.62,Marketplace
FAC-001070,2024-05-19,CLI-00304,SKU-00063,3,294.99,MXN,884.97,E-commerce
FAC-000341,23/11/2024,CLI-00066,SKU-00145,2,441.38,MXN,882.76,Tienda física
FAC-002452,2024-08-27,,SKU-00126,5,499.27,MXN,2496.35,Marketplace
FAC-003404,2025-08-20,,SKU-00136,3,246.19,MXN,738.57,Teléfono
FAC-002716,2025-09-26,CLI-00203,SKU-00105,6,1657.86,USD,9947.16,E-commerce
FAC-001986,2025-02-16,CLI-00449,SKU-00025,2,598.75,MXN,1197.5,Tienda física
FAC-000467,2025-06-23,CLI-00434,SKU-00126,1,499.83,mxn,499.83,Tienda física
FAC-000797,13/03/2024,CLI-00071,SKU-00048,6,$526.52,MXN,2330.79,Tienda física
FAC-000852,2024-07-03,CLI-00135,SKU-00034,6,1077.53,MXN,3715.28,Marketplace
FAC-000833,2024-09-18,CLI-00045,SKU-00001,3,1816.13,MXN,5448.39,Tienda física
FAC-002170,2024-02-29,CLI-00323,SKU-00095,1,383.75,MXN,192.81,Tienda física
FAC-003108,2024-07-07,CLI-00270,SKU-00017,2,863.08,MXN,1726.16,E-commerce
FAC-000479,2025-04-13,CLI-00169,SKU-00144,4,107.07,mxn,428.28,Marketplace
FAC-001498,2025-01-27,CLI-00414,SKU-00105,7,1650.51,MXN,11553.57,Tienda física
FAC-002748,2024-04-11,CLI-00003,SKU-00093,3,491.32,MXN,1473.96,Tienda física
FAC-001575,2024-05-23,CLI-00280,SKU-00090,1,1384.57,mxn,1384.57,Teléfono
FAC-000034,2024-01-13,CLI-00118,SKU-00141,5,547.45,MXN,1739.8,Tienda física
FAC-001460,2025-03-17,CLI-95749,SKU-00137,7,563.96,MXN,3947.72,Tienda física
FAC-001346,25/02/2025,CLI-00204,SKU-00087,3,1283.52,MXN,3850.56,E-commerce
FAC-001295,28/10/2024,CLI-00491,SKU-00009,6,1233.22,MXN,7399.32,E-commerce
FAC-001678,2025-06-17,CLI-94340,SKU-00093,5,486.19,USD,2430.95,Tienda física
FAC-003159,2025-03-14,CLI-00436,SKU-00118,3,276.47,MXN,829.41,Tienda física
FAC-001992,2025-12-10,CLI-00409,SKU-00043,4,754.67,MXN,3018.68,E-commerce
FAC-002948,2025-12-31,CLI-00278,SKU-00017,7,828.2,MXN,5797.4,Tienda física
FAC-000941,2025-04-01,CLI-00005,SKU-00032,6,814.94,USD,4889.64,E-commerce
FAC-001669,2025-12-27,CLI-00460,SKU-00147,7,281.77,MXN,,Tienda física
FAC-002590,09/21/2024,CLI-00218,SKU-00064,1,118.04,MXN,118.04,E-commerce
FAC-000625,2025-12-02,CLI-00434,SKU-00071,3,69.51,MXN,208.53,E-commerce
FAC-002656,11/08/2024,CLI-00341,SKU-00114,6,1919.28,MXN,11515.68,Marketplace
FAC-001913,2025-10-12,CLI-00495,SKU-00013,5,2427.73,MXN,12138.65,Marketplace
FAC-003009,2025-09-01,CLI-00003,SKU-00136,7,261.69,MXN,1831.83,Tienda física
FAC-002720,2025-12-13,CLI-00092,SKU-00091,1,882.95,MXN,882.95,Marketplace
FAC-002874,20/06/2025,CLI-00201,SKU-00031,2,413.93,MXN,827.86,E-commerce
FAC-003335,2025-12-08,CLI-92108,SKU-00022,4,649.33,MXN,2597.32,Marketplace
FAC-000934,30/12/2025,CLI-00321,SKU-00005,7,387.58,MXN,2713.06,E-commerce
FAC-001130,20/03/2025,CLI-00031,SKU-00070,-3,424.12,mxn,848.24,Marketplace
FAC-002774,2024-03-10,CLI-00243,SKU-00151,7,528.36,MXN,3698.52,Marketplace
FAC-001439,2025-10-27,CLI-00358,SKU-00013,2,2594.69,MXN,5189.38,Marketplace
FAC-000867,2025-03-30,CLI-00262,SKU-00060,-2,425.1,MXN,1700.4,Marketplace
FAC-000274,2025-02-23,CLI-00445,SKU-00113,7,2165.63,MXN,15159.41,Tienda física
FAC-000026,2024-11-05,CLI-00118,SKU-00126,3,490.68,MXN,1472.04,Tienda física
FAC-003175,2024-09-23,CLI-00041,SKU-00120,7,680.31,MXN,4762.17,Tienda física
FAC-001275,2024-10-08,CLI-00127,SKU-00068,1,298.22,USD,298.22,Marketplace
FAC-000204,2024-10-14,CLI-99305,SKU-00047,5,1244.22,MXN,6221.1,Marketplace
FAC-000754,2025-12-06,CLI-00342,SKU-00006,4,1705.67,MXN,6822.68,Marketplace
FAC-001651,2024-02-21,CLI-98649,SKU-00115,4,120.27,MXN,481.08,E-commerce
FAC-003395,07/12/2025,CLI-00226,SKU-95504,7,378.2,MXN,2647.4,Teléfono
FAC-000859,2024-08-15,CLI-00044,SKU-00074,-1,441.94, MXN ,442.09,Marketplace
FAC-003266,2024-07-30,CLI-00265,SKU-00069,6,378.0,MXN,2268.0,E-commerce
FAC-002207,2025-04-28,CLI-00495,SKU-00077,4,1479.77,MXN,5919.08,Teléfono
FAC-001252,16/09/2025,CLI-00197,SKU-00132,4,868.66,USD,3474.64,E-commerce
FAC-003316,2024-07-16,CLI-92249,SKU-00076,1,52.08,MXN,52.08,Marketplace
FAC-001881,19/04/2024,,SKU-00093,5,497.41,MXN,2487.05,E-commerce
FAC-001905,2024-11-04,,SKU-00011,3,$538.80,MXN,1616.4,E-commerce
FAC-001080,2025-03-04,CLI-00242,SKU-00052,7,902.04,MXN,6314.28,E-commerce
FAC-001050,2025-07-18,CLI-00163,SKU-00071,7,$68.02,MXN,476.14,Marketplace
FAC-001564,2024-02-06,CLI-00325,SKU-00067,1,204.05,MXN,204.05,Tienda física
FAC-000640,2025-05-29,CLI-00111,SKU-93211,5,1204.21,USD,6021.05,E-commerce
FAC-003015,2025-02-23,CLI-00472,SKU-00058,2,149.75,MXN,299.5,Tienda física
FAC-003286,2024-03-26,CLI-00056,SKU-00096,7,1443.07,MXN,10101.49,Teléfono
FAC-000921,2024-05-01,CLI-00311,SKU-00019,1,2291.66,MXN,2291.66,Marketplace
FAC-001561,09/11/2024,CLI-00342,SKU-00015,5,$867.82,MXN,4339.1,Tienda física
FAC-000974,11/01/2025,CLI-00118,SKU-00083,4,189.79,MXN,759.16,E-commerce
FAC-001265,2024-05-23,CLI-00333,SKU-00150,4,513.54,MXN,2054.16,Tienda física
FAC-000117,2025-06-13,CLI-00175,SKU-00019,2,2469.93,MXN,,Tienda física
FAC-000966,03/12/2025,CLI-00425,SKU-00128,5,519.47,MXN,2597.35,E-commerce
FAC-003388,2024-02-05,CLI-00012,SKU-00145,6,453.0,MXN,2718.0,Tienda física
FAC-003217,2025-03-18,CLI-00102,SKU-00057,3,1205.36,MXN,3616.08,Tienda física
FAC-003026,2024-10-06,CLI-00007,SKU-00114,5,2030.62,USD,10153.1,Tienda física
FAC-002231,12/04/2024,CLI-00140,SKU-00065,2,212.37,MXN,424.74,E-commerce
FAC-002058,13/06/2025,CLI-00204,SKU-00043,4,750.97,MXN,,Tienda física
FAC-000122,2025-06-14,CLI-00424,SKU-00016,7,715.1,mxn,5005.7,Marketplace
FAC-000713,2024-03-27,CLI-00344,SKU-00003,5,3073.3, MXN ,15366.5,E-commerce
FAC-002224,10/23/2024,CLI-00008,SKU-00130,7,450.68,MXN,3154.76,Marketplace
FAC-002223,2024-07-24,CLI-00304,SKU-00024,2,907.87,MXN,1815.74,Teléfono
FAC-000174,2024-03-22,,SKU-00053,6,735.3,MXN,2569.5,Tienda física
FAC-002307,20/05/2025,CLI-00474,SKU-00139,4,161.72,USD,646.88,Marketplace
FAC-001549,2025-03-01,CLI-00272,SKU-00083,3,180.64,MXN,541.92,Marketplace
FAC-001759,02/10/2025,CLI-00417,SKU-00026,5,1129.39, USD ,3802.5,Marketplace
FAC-002839,2024-08-30,CLI-00411,SKU-00140,5,171.63,MXN,858.15,Tienda física
FAC-000699,2024-10-08,CLI-00220,SKU-00023,7,329.85,MXN,,Marketplace
FAC-001813,2024-08-15,CLI-00173,SKU-00151,2,531.77,MXN,1063.54,Tienda física
FAC-002860,2024-02-23,CLI-00336,SKU-00104,3,233.47,MXN,700.41,Marketplace
FAC-003172,2024-05-18,CLI-00006,SKU-00076,7,53.31,MXN,373.17,Tienda física
FAC-001062,2025-11-08,CLI-00306,SKU-00090,1,1401.39,MXN,1401.39,Marketplace
FAC-003302,2025-04-08,CLI-00283,SKU-00108,3,303.98,USD,911.94,E-commerce
FAC-000450,2024-04-24,CLI-00094,SKU-00039,7,1518.74,MXN,10631.18,Tienda física
FAC-000939,2024-02-06,CLI-00190,SKU-00043,3,727.1,MXN,2181.3,Marketplace
FAC-000997,2025-01-19,CLI-00114,SKU-00028,7,592.74,MXN,4149.18,Tienda física
FAC-002568,2025-08-16,CLI-00097,SKU-00123,3,422.05,MXN,1266.15,E-commerce
FAC-001236,2025-11-08,CLI-00406,SKU-00015,2,890.87,MXN,1781.74,Tienda física
FAC-000716,2025-08-16,CLI-00020,SKU-00058,2,142.53,USD,285.06,Marketplace
FAC-002541,02/03/2025,CLI-00474,SKU-00017,4,829.18,MXN,3316.72,Teléfono
FAC-000060,2025-08-08,CLI-00481,SKU-00005,7,388.84,MXN,2721.88,Tienda física
FAC-002362,24/02/2024,CLI-00493,SKU-00018,4,867.85,mxn,3471.4,E-commerce
FAC-001730,19/02/2025,CLI-00192,SKU-00030,6,865.39,MXN,5192.34,Tienda física
FAC-001741,2025-01-14,CLI-00296,SKU-00122,2,220.65,MXN,441.3,Marketplace
FAC-002469,2025-09-21,CLI-00063,SKU-00130,5,448.18,MXN,2240.9,E-commerce
FAC-003008,30/11/2025,CLI-00243,SKU-93453,4,1546.84,MXN,6187.36,Marketplace
FAC-000764,2025-03-12,CLI-00295,SKU-00132,6,828.44,MXN,4970.64,Marketplace
FAC-000340,2024-07-03,CLI-00345,SKU-00145,3,450.53,MXN,1351.59,Tienda física
FAC-001376,2024-02-02,CLI-00045,SKU-00137,-4,553.29,MXN,1659.87,E-commerce
FAC-001223,2024-09-10,CLI-00336,SKU-00140,2,170.18,MXN,340.36,E-commerce
FAC-002107,2024-10-11,CLI-00221,SKU-00024,4,906.28,MXN,3625.12,Marketplace
FAC-002424,2025-07-12,CLI-00354,SKU-00122,6,220.93,MXN,1325.58,Marketplace
FAC-002768,08/22/2025,CLI-00225,SKU-00052,5,876.31,USD,4381.55,E-commerce
FAC-000964,2025-05-24,CLI-00150,SKU-00145,4,426.75,MXN,1707.0,E-commerce
FAC-003002,2024-05-12,CLI-00131,SKU-00090,6,1421.75,USD,8530.5,Marketplace
FAC-000337,2025-07-30,CLI-00222,SKU-00001,7,1836.46,MXN,,E-commerce
FAC-002695,2024-07-04,CLI-00219,SKU-00095,2,387.11,USD,774.22,Tienda física
FAC-002952,09/12/2024,CLI-00146,SKU-00141,4,541.47,MXN,2165.88,Teléfono
FAC-003104,2024-11-12,CLI-00406,SKU-00141,3,547.19,MXN,1641.57,Tienda física
FAC-002953,12/01/2024,CLI-00104,SKU-00152,4,541.89,USD,2167.56,E-commerce
FAC-002708,2025-12-09,CLI-00217,SKU-00124,7,794.18,MXN,5559.26,E-commerce
FAC-003294,2025-02-24,CLI-00391,SKU-00123,6,440.45,USD,2642.7,E-commerce
FAC-000380,05/16/2025,CLI-00367,SKU-00071,2,68.5,MXN,137.0,E-commerce
FAC-002913,03/22/2024,CLI-00414,SKU-00136,1,250.88,MXN,,Tienda física
FAC-000774,2024-02-15,CLI-00450,SKU-00026,7,1151.19,MXN,8058.33,Tienda física
FAC-003195,2025-02-20,CLI-00479,SKU-00081,3,481.72,MXN,1445.16,Tienda física
FAC-003149,2024-07-29,CLI-00342,SKU-00094,5,296.01,MXN,1480.05,Marketplace
FAC-002983,2024-01-13,CLI-00158,SKU-00076,2,54.39,MXN,108.78,E-commerce
FAC-002219,2025-06-04,CLI-00267,SKU-00047,7,1263.44,USD,8844.08,Marketplace
FAC-002524,11/02/2025,CLI-00434,SKU-00088,3,1389.86,MXN,4169.58,Tienda física
FAC-002152,2024-01-03,CLI-00066,SKU-00102,4,1577.22,MXN,6308.88,Tienda física
FAC-000636,2024-07-02,CLI-00368,SKU-00146,4,389.5,MXN,1558.0,Tienda física
FAC-000384,11/02/2024,CLI-00504,SKU-00108,7,311.22,USD,2178.54,Tienda física
FAC-002967,2024-11-07,,SKU-00137,4,541.6,MXN,2166.4,E-commerce
FAC-001776,19/04/2025,CLI-00044,SKU-00001,2,1893.62,MXN,3787.24,E-commerce
FAC-002685,2025-12-13,CLI-00240,SKU-00147,3,284.65,MXN,680.57,Marketplace
FAC-000412,2025-02-11,CLI-00169,SKU-00088,6,1336.39,MXN,8018.34,Marketplace
FAC-000724,2025-04-12,CLI-00494,SKU-00084,1,976.61,MXN,976.61,Tienda física
FAC-001075,07/17/2025,CLI-00297,SKU-00117,2,799.39,MXN,1598.78,E-commerce
FAC-002309,04/08/2025,CLI-00451,SKU-00083,5,183.97,USD,919.85,E-commerce
FAC-002799,2025-03-23,CLI-00271,SKU-00010,7,710.69,MXN,4974.83,Marketplace
FAC-001996,2025-02-06,CLI-00240,SKU-00057,7,1187.54,MXN,8312.78,E-commerce
FAC-000306,2025-03-13,CLI-00177,SKU-00059,2,436.7,MXN,623.45,Tienda física
FAC-001689,03/08/2024,CLI-00023,SKU-00122,4,219.24,MXN,876.96,E-commerce
FAC-001889,2024-01-09,CLI-00380,SKU-00135,1,399.71,mxn,399.71,Tienda física
FAC-000142,2024-03-31,CLI-00418,SKU-00060,6,$424.85,MXN,2549.1,Tienda física
FAC-002252,2024-10-18,CLI-00507,SKU-00151,3,$532.89,MXN,1598.67,Tienda física
FAC-003111,2025-09-30,CLI-00294,SKU-00127,1,740.32,MXN,740.32,Tienda física
FAC-003094,2024-11-11,CLI-00231,SKU-00043,2,722.93,MXN,1445.86,Tienda física
FAC-002911,12/09/2024,CLI-00155,SKU-00018,3,865.56,MXN,2596.68,E-commerce
FAC-000338,17/05/2025,CLI-00452,SKU-00062,-1,370.96,mxn,370.96,E-commerce
FAC-000737,2025-11-08,CLI-00190,SKU-00091,3,880.18,MXN,2640.54,E-commerce
FAC-001676,21/09/2024,CLI-00037,SKU-00104,5,249.64,mxn,1248.2,E-commerce
FAC-000928,2024-07-23,CLI-00326,SKU-00151,1,561.0,mxn,561.0,Tienda física
FAC-000448,2025-05-11,CLI-00024,SKU-00080,5,863.14,MXN,4315.7,E-commerce
FAC-002104,2025-02-19,CLI-00252,SKU-00010,6,714.58,MXN,4287.48,Marketplace
FAC-000475,2025-11-16,CLI-00445,SKU-00140,5,167.94,MXN,,Tienda física
FAC-001930,2024-08-08,CLI-00023,SKU-00042,2,1688.19,MXN,3376.38,E-commerce
FAC-000666,06/30/2025,,SKU-00141,7,553.78,MXN,3876.46,Marketplace
FAC-002042,02/08/2024,CLI-00268,SKU-00131,7,107.01,MXN,749.07,E-commerce
FAC-003327,2024-10-23,CLI-00050,SKU-00016,-3,695.06,MXN,3475.3,Tienda física
FAC-000263,2025-07-25,CLI-00037,SKU-00054,4,$441.76,MXN,1767.04,E-commerce
FAC-002123,16/02/2025,CLI-00481,SKU-00069,4,377.96,MXN,1511.84,Marketplace
FAC-002313,2024-11-03,,SKU-00034,1,1091.58,MXN,1091.58,E-commerce
FAC-002903,2024-12-24,CLI-00194,SKU-00008,2,1926.69,MXN,3853.38,E-commerce
FAC-003216,10/06/2025,CLI-00024,SKU-00063,4,292.05,MXN,1168.2,E-commerce
FAC-002907,2024-09-25,CLI-00223,SKU-00058,1,141.46,MXN,141.46,Marketplace
FAC-002606,04/22/2025,CLI-00050,SKU-00099,5,1945.38,MXN,9726.9,Marketplace
FAC-002278,2024-06-27,CLI-00204,SKU-00129,4,302.32,MXN,1209.28,Tienda física
FAC-000952,2025-02-03,CLI-00119,SKU-00069,3,381.52,MXN,1144.56,E-commerce
FAC-000643,2025-03-26,CLI-00414,SKU-00092,5,141.08,MXN,705.4,E-commerce
FAC-003374,2024-01-09,CLI-00286,SKU-00120,4,705.29,USD,2821.16,Tienda física
FAC-000619,09/01/2025,CLI-00164,SKU-00061,6,439.3,MXN,2635.8,E-commerce
FAC-003126,2024-03-07,CLI-00017,SKU-00019,5,2355.01,MXN,11775.05,Teléfono
FAC-000514,12/28/2024,CLI-00083,SKU-00145,7,436.98,MXN,3058.86,E-commerce
FAC-002984,2025-08-29,CLI-00026,SKU-00113,4,2294.36,mxn,9177.44,Tienda física
FAC-003465,2025-12-10,CLI-00159,SKU-00035,6,797.4,MXN,4784.4,E-commerce
FAC-001691,2025-09-07,CLI-00283,SKU-00123,4,440.64,MXN,1762.56,Tienda física
FAC-000304,2024-06-21,CLI-00156,SKU-00026,-3,1147.65,MXN,6885.9,Tienda física
FAC-002235,2025-03-31,CLI-00284,SKU-00073,2,55.13,MXN,110.26,Marketplace
FAC-001917,2025-12-09,CLI-00332,SKU-00078,1,859.08,USD,859.08,Tienda física
FAC-001316,2024-08-24,CLI-00327,SKU-00122,2,216.62,MXN,433.24,Tienda física
FAC-000585,2025-09-09,CLI-00353,SKU-00081,3,489.28,MXN,1467.84,E-commerce
FAC-000486,2025-06-22,CLI-00169,SKU-00060,4,436.85,MXN,1747.4,Tienda física
FAC-002583,2025-12-31,CLI-00209,SKU-00147,6,288.02,MXN,1728.12,Tienda física
FAC-001824,2024-04-16,CLI-00467,SKU-00001,4,1826.51,MXN,7306.04,E-commerce
FAC-002054,19/04/2024,CLI-00436,SKU-00149,6,60.4,MXN,362.4,Teléfono
FAC-002127,2025-08-28,CLI-00425,SKU-00044,2,1538.84,MXN,3077.68,E-commerce
FAC-002536,2025-02-10,CLI-00293,SKU-00063,7,313.32,MXN,2193.24,E-commerce
FAC-002824,2025-10-20,CLI-91848,SKU-00073,5,53.45,MXN,267.25,Teléfono
FAC-002218,2024-01-10,CLI-00431,SKU-00035,6,742.79,MXN,3577.36,Marketplace
FAC-001887,2024-12-01,CLI-00257,SKU-00142,3,490.1,MXN,,Marketplace
FAC-003299,2025-11-13,CLI-00440,SKU-00004,4,481.22,MXN,1924.88,Teléfono
FAC-001966,2025-07-17,CLI-00471,SKU-00108,6,295.48,MXN,897.9,Tienda física
FAC-001768,2025-05-18,CLI-00029,SKU-00115,1,119.26,MXN,119.26,Tienda física
FAC-001333,2025-03-24,CLI-00309,SKU-00132,7,833.38,MXN,5833.66,E-commerce
FAC-000137,2024-01-25,CLI-00070,SKU-00058,5,147.68,MXN,369.47,Marketplace
FAC-003394,2024-07-26,CLI-00390,SKU-00117,6,775.69,MXN,4654.14,Marketplace
FAC-002896,2024-04-06,CLI-00187,SKU-00075,6,225.22,MXN,1351.32,Marketplace
FAC-001923,2025-05-28,CLI-99761,SKU-00051,7,567.59,MXN,3973.13,E-commerce
FAC-001017,2025-11-23,CLI-00508,SKU-00138,3,441.84,MXN,1325.52,Teléfono
FAC-001414,10/17/2024,CLI-00425,SKU-00073,5,53.34,MXN,266.7,Tienda física
FAC-001228,2025-03-06,CLI-00325,SKU-00087,6,1227.88,MXN,7367.28,Teléfono
FAC-002787,2025-12-10,CLI-00125,SKU-00130,4,429.8,MXN,1719.2,E-commerce
FAC-002081,14/03/2025,CLI-00154,SKU-00076,3,52.32,USD,156.96,E-commerce
FAC-002766,2025-01-07,CLI-00262,SKU-00043,1,756.68,MXN,756.68,Tienda física
FAC-003419,2024-03-07,CLI-00069,SKU-95919,1,611.24,MXN,611.24,Tienda física
FAC-002101,2025-12-12,CLI-00219,SKU-00029,2,511.96,MXN,1023.92,Tienda física
FAC-001397,2025-08-29,CLI-00311,SKU-00131,5,101.74,MXN,508.7,Tienda física
FAC-003296,2024-10-26,CLI-00308,SKU-00070,2,436.32,MXN,872.64,E-commerce
FAC-002578,2025-06-06,CLI-00175,SKU-00007,1,1266.61,MXN,1266.61,E-commerce
FAC-001443,2024-06-08,CLI-00324,SKU-00011,2,527.56,MXN,706.68,E-commerce
FAC-000984,2024-06-06,CLI-00143,SKU-00032,3,$808.51,MXN,2425.53,Tienda física
FAC-003421,2024-11-12,CLI-00234,SKU-00007,4,1281.86,MXN,5127.44,E-commerce
FAC-001921,17/09/2025,,SKU-00106,2,642.82, MXN ,1285.64,Tienda física
FAC-002870,2025-05-24,CLI-00131,SKU-00046,-2,1111.76,MXN,1111.76,Tienda física
FAC-003117,2024-04-24,CLI-00469,SKU-00046,4,1169.74,MXN,4678.96,E-commerce
FAC-002668,2024-10-16,CLI-00108,SKU-00077,4,1421.81,MXN,5687.24,Tienda física
FAC-000217,2024-06-25,CLI-00464,SKU-00120,7,702.27,MXN,4915.89,Teléfono
FAC-002958,2024-07-13,CLI-00004,SKU-00133,7,213.27, MXN ,1492.89,Marketplace
FAC-000109,17/03/2025,CLI-00503,SKU-00006,4,1833.26,MXN,7333.04,E-commerce
FAC-001081,23/04/2024,CLI-92294,SKU-00040,-4,679.39,usd,3396.95,Tienda física
FAC-002937,2025-01-01,CLI-00315,SKU-00013,5,2436.84,MXN,12184.2,Marketplace
FAC-001559,2024-12-11,CLI-00234,SKU-00092,2,147.57,MXN,295.14,Tienda física
FAC-002796,2024-01-13,CLI-00245,SKU-00076,6,52.08,USD,312.48,E-commerce
FAC-000746,2024-03-16,,SKU-00030,5,857.56,MXN,4287.8,Tienda física
FAC-000835,2025-11-29,CLI-00015,SKU-00082,5,967.38,MXN,4836.9,Tienda física
FAC-003239,28/06/2025,CLI-00086,SKU-00001,2,1906.97,MXN,3813.94,E-commerce
FAC-000414,06/26/2025,CLI-00054,SKU-00135,1,398.5,USD,398.5,E-commerce
FAC-001153,2025-03-19,CLI-00477,SKU-00084,2,981.19,MXN,1962.38,E-commerce
FAC-000130,2024-06-20,CLI-00229,SKU-00063,4,298.33,mxn,1193.32,E-commerce
FAC-000157,25/03/2024,CLI-00085,SKU-00118,3,270.17,MXN,810.51,Tienda física
FAC-001763,2024-11-18,CLI-00140,SKU-00141,5,556.37,MXN,2781.85,Tienda física
FAC-002747,2024-07-28,CLI-00190,SKU-00033,4,1231.15,MXN,4924.6,Marketplace
FAC-001935,27/02/2024,CLI-00439,SKU-00004,7,498.55,MXN,3489.85,Tienda física
FAC-002505,10/26/2024,CLI-00205,SKU-00074,7,424.16,MXN,2969.12,Tienda física
FAC-001042,2024-03-03,CLI-00411,SKU-00119,5,862.89,MXN,4314.45,E-commerce
FAC-003170,2025-08-02,CLI-00455,SKU-00038,2,629.09,MXN,1258.18,Tienda física
FAC-001719,19/10/2024,CLI-00121,SKU-00022,1,618.74,MXN,618.74,Tienda física
FAC-002090,2025-12-27,CLI-00215,SKU-00132,4,871.35, MXN ,3485.4,Tienda física
FAC-001049,2024-11-23,CLI-00435,SKU-00080,4,851.26,MXN,3405.04,Tienda física
FAC-003346,15/12/2025,CLI-00087,SKU-00051,5,562.42,MXN,2812.1,Tienda física
FAC-001022,2024-11-26,CLI-00052,SKU-00023,6,331.78,MXN,1990.68,Marketplace
FAC-001294,2025-03-02,CLI-00344,SKU-00096,2,1424.41,MXN,2848.82,E-commerce
FAC-000932,2025-07-26,CLI-00046,SKU-00104,4,244.75,MXN,573.47,Tienda física
FAC-002160,05/21/2025,CLI-00181,SKU-00087,3,1249.98,MXN,3749.94,Marketplace
FAC-002329,2025-08-08,CLI-00484,SKU-00031,3,396.45,MXN,1189.35,E-commerce
FAC-001822,2025-12-27,CLI-00362,SKU-00142,2,497.99,MXN,995.98,Tienda física
FAC-000866,2025-09-30,CLI-00475,SKU-00066,1,435.43,MXN,435.43,Tienda física
FAC-002297,02/13/2025,CLI-00263,SKU-00067,7,196.81,MXN,1377.67,E-commerce
FAC-001523,2024-04-30,CLI-00496,SKU-00040,1,675.24,MXN,675.24,Marketplace
FAC-001093,2025-06-13,CLI-00323,SKU-00031,3,408.49,MXN,1225.47,Teléfono
FAC-001425,2025-05-03,CLI-00172,SKU-00102,1,1491.18,MXN,1491.18,Tienda física
FAC-001821,04/08/2024,CLI-00078,SKU-00070,2,433.83,USD,867.66,E-commerce
FAC-002867,2024-11-09,CLI-00007,SKU-00104,5,247.99,MXN,1239.95,Tienda física
FAC-003397,10/16/2025,CLI-00136,SKU-00144,4,106.94,MXN,427.76,Tienda física
FAC-003482,08/05/2024,CLI-00170,SKU-00018,2,$879.74,MXN,1759.48,Tienda física
FAC-001151,2025-08-02,CLI-00298,SKU-00033,7,1150.73,MXN,8055.11,E-commerce
FAC-002018,2024-03-01,CLI-00254,SKU-00119,6,868.42,USD,5210.52,E-commerce
FAC-002317,2024-01-22,CLI-00440,SKU-00015,3,856.72,MXN,2570.16,Tienda física
FAC-001539,08/02/2024,CLI-00067,SKU-00126,-1,$495.55,MXN,991.1,E-commerce
FAC-000806,2024-12-25,CLI-00223,SKU-00124,5,791.24,MXN,3956.2,Tienda física
FAC-003274,2024-08-23,CLI-00148,SKU-00141,2,522.88,MXN,1045.76,Tienda física
FAC-001205,09/02/2025,CLI-00259,SKU-00044,5,1635.45,MXN,8177.25,E-commerce
FAC-000892,2024-12-19,CLI-00139,SKU-00069,3,$358.63,MXN,1075.89,E-commerce
FAC-000908,2025-06-15,CLI-00305,SKU-00109,5,1678.84,MXN,5114.0,Tienda física
FAC-002707,2024-05-03,CLI-00315,SKU-00092,7,149.28,MXN,1044.96,E-commerce
FAC-000186,2024-10-01,CLI-00187,SKU-00150,-3,528.75,MXN,2643.75,Marketplace
FAC-002618,2025-01-04,CLI-00039,SKU-00071,4,$70.10,MXN,280.4,E-commerce
FAC-001007,2024-04-21,CLI-00349,SKU-00052,6,940.42,MXN,5642.52,Tienda física
FAC-000789,2024-05-24,CLI-00374,SKU-00134,1,227.48,MXN,227.48,E-commerce
FAC-000212,19/04/2024,CLI-91228,SKU-00087,3,1206.67,mxn,3620.01,Marketplace
FAC-003071,2024-09-12,CLI-00466,SKU-00028,6,580.23,MXN,3481.38,Tienda física
FAC-000385,31/10/2025,CLI-00065,SKU-00043,7,749.74,USD,5248.18,Teléfono
FAC-000500,2024-03-23,CLI-00314,SKU-00150,1,513.95,MXN,513.95,Marketplace
FAC-003017,2025-10-06,CLI-00316,SKU-00010,4,678.07,MXN,2712.28,Tienda física
FAC-000396,04/30/2024,CLI-00495,SKU-00148,-1,$533.95,USD,2669.75,Tienda física
FAC-001663,2024-01-31,CLI-00420,SKU-00021,-2,189.43,MXN,378.86,E-commerce
FAC-001402,2024-05-27,CLI-00361,SKU-00101,1,845.07,MXN,439.07,Marketplace
FAC-001955,01/12/2025,CLI-00058,SKU-00030,3,874.5,MXN,1359.48,Tienda física
FAC-001125,2025-07-17,CLI-00369,SKU-00061,7,439.2,MXN,,Tienda física
FAC-001827,2024-02-17,CLI-00020,SKU-00026,7,1166.13,MXN,8162.91,E-commerce
FAC-002717,2024-07-05,CLI-00202,SKU-97540,7,231.34,MXN,1619.38,Marketplace
FAC-003325,2025-12-19,CLI-00339,SKU-00013,4,2489.66,MXN,9958.64,Tienda física
FAC-000902,2024-04-20,CLI-00149,SKU-00057,7,1184.11,MXN,5047.71,E-commerce
FAC-002301,2025-05-02,CLI-00333,SKU-00075,1,226.05,MXN,226.05,Marketplace
FAC-002733,2024-12-25,CLI-00149,SKU-00053,1,719.83,MXN,719.83,Tienda física
FAC-003356,2024-03-05,CLI-00119,SKU-00074,7,452.0,MXN,,E-commerce
FAC-000091,2025-01-05,CLI-00014,SKU-00040,7,673.85,MXN,4716.95,Marketplace
FAC-002379,23/04/2024,CLI-00292,SKU-00003,5,2879.15,MXN,14395.75,Tienda física
FAC-003158,24/05/2024,CLI-00066,SKU-94158,2,1522.36,USD,3044.72,Tienda física
FAC-000286,2024-04-10,CLI-00150,SKU-00093,3,465.53,MXN,1396.59,E-commerce
FAC-000299,2025-07-06,CLI-00397,SKU-00037,6,1018.05,MXN,6108.3,Tienda física
FAC-002020,2025-11-06,CLI-00328,SKU-00127,5,702.62,MXN,,Tienda física
FAC-002407,06/01/2025,CLI-00429,SKU-00068,2,314.41,MXN,628.82,E-commerce
FAC-000133,12/15/2024,CLI-00010,SKU-00075,5,$217.87,MXN,1089.35,Tienda física
FAC-000295,11/18/2024,CLI-00018,SKU-90525,-1,343.54,MXN,1717.7,Tienda física
FAC-003313,2024-06-18,CLI-00018,SKU-00071,7,70.21,USD,491.47,Tienda física
FAC-000687,21/03/2025,CLI-00410,SKU-00044,2,1558.82,MXN,3117.64,Marketplace
FAC-000405,18/10/2024,CLI-00016,SKU-00006,6,1770.78,MXN,10624.68,Tienda física
FAC-001288,04/03/2024,CLI-00054,SKU-00148,5,557.69,MXN,2788.45,Tienda física
FAC-002504,2025-12-29,CLI-00285,SKU-00006,2,1831.13,mxn,2160.54,E-commerce
FAC-000540,12/15/2024,CLI-00466,SKU-00089,3,1267.37,MXN,3802.11,Tienda física
FAC-000612,2024-05-05,CLI-00442,SKU-00050,3,513.59,MXN,1540.77,Tienda física
FAC-000997,2025-01-19,CLI-00114,SKU-00028,7,592.74,MXN,4149.18,Tienda física
FAC-001401,2025-09-25,CLI-00242,SKU-00005,4,$391.02,MXN,1564.08,Marketplace
FAC-002559,08/08/2025,CLI-00226,SKU-00113,4,2305.58,MXN,6619.28,Marketplace
FAC-002194,2025-05-11,CLI-00164,SKU-00008,3,1845.29,mxn,5535.87,E-commerce
FAC-001226,2025-11-06,CLI-00419,SKU-00066,4,442.62,MXN,983.95,E-commerce
FAC-002999,19/02/2024,CLI-00258,SKU-00013,6,2605.25,MXN,15631.5,E-commerce
FAC-002640,08/04/2025,CLI-00204,SKU-00032,7,769.55,MXN,5386.85,E-commerce
FAC-003053,2025-07-05,CLI-00469,SKU-00109,1,1678.29,MXN,1678.29,Teléfono
FAC-001586,2024-09-01,CLI-00330,SKU-00068,3,297.41,MXN,892.23,Tienda física
FAC-002581,04/08/2025,CLI-00362,SKU-00035,6,791.98,usd,4751.88,E-commerce
FAC-000354,2025-09-13,CLI-00016,SKU-00145,4,451.06,MXN,1804.24,Tienda física
FAC-003393,2025-09-11,CLI-00068,SKU-00150,2,504.9,MXN,1009.8,Tienda física
FAC-001563,2024-07-01,CLI-00368,SKU-00075,6,228.33,MXN,1369.98,Tienda física
FAC-003283,2025-11-01,CLI-00025,SKU-00151,5,529.26,MXN,2646.3,E-commerce
FAC-000547,03/04/2024,CLI-00201,SKU-00121,1,312.2,MXN,312.2,Tienda física
FAC-002410,22/02/2025,CLI-98460,SKU-00029,7,501.01,MXN,3507.07,E-commerce
FAC-002227,2024-04-12,CLI-00155,SKU-00102,3,1471.71,USD,4415.13,Tienda física
FAC-000606,2024-12-15,CLI-91179,SKU-00070,6,$409.82,USD,2458.92,Tienda física
FAC-000127,29/06/2024,CLI-00091,SKU-00063,5,295.35,MXN,1476.75,Tienda física
FAC-000457,2024-09-27,CLI-00034,SKU-00094,1,315.77,MXN,315.77,Tienda física
FAC-002864,2025-10-25,CLI-00298,SKU-00007,5,1302.92,MXN,6514.6,Marketplace
FAC-003413,2025-07-02,CLI-00445,SKU-00005,2,386.94,MXN,773.88,E-commerce
FAC-000598,05/01/2025,CLI-00432,SKU-00089,6,1272.07,MXN,7632.42,Marketplace
FAC-003306,2024-01-27,CLI-00076,SKU-00142,4,502.24,MXN,2008.96,E-commerce
FAC-002229,2024-12-19,CLI-00104,SKU-00082,1,961.29,MXN,961.29,E-commerce
FAC-000909,2025-04-14,,SKU-00054,1,432.72,MXN,432.72,E-commerce
FAC-001536,11/04/2025,CLI-00147,SKU-00079,4,1369.02,MXN,5476.08,Marketplace
FAC-000096,2024-05-21,CLI-00014,SKU-00017,6,836.11,MXN,5016.66,Marketplace
FAC-002375,2024-03-16,CLI-00185,SKU-00114,2,1927.64,mxn,3855.28,Tienda física
FAC-000216,2024-11-02,CLI-00073,SKU-00134,7,213.8,MXN,1496.6,Marketplace
FAC-001210,19/11/2024,CLI-00375,SKU-00143,7,43.67,USD,305.69,Tienda física
FAC-002876,2024-09-03,CLI-00261,SKU-00124,7,793.96,MXN,5557.72,Tienda física
FAC-002918,2024-04-15,CLI-00147,SKU-00115,3,125.45, MXN ,376.35,Teléfono
FAC-003270,21/03/2025,CLI-00371,SKU-00002,7,2916.57,MXN,20415.99,Marketplace
FAC-002732,2024-06-12,CLI-00042,SKU-00019,7,2293.7,MXN,16055.9,Tienda física
FAC-001625,09/27/2025,CLI-00297,SKU-00083,6,182.7,MXN,1096.2,E-commerce
FAC-002950,18/02/2024,CLI-00328,SKU-00015,2,882.32,MXN,1764.64,Tienda física
FAC-001894,21/05/2025,CLI-00166,SKU-00100,4,2077.74,MXN,6255.45,E-commerce
FAC-002573,18/10/2024,CLI-00441,SKU-00030,1,902.16,mxn,902.16,E-commerce
FAC-002135,01/11/2024,CLI-00098,SKU-00073,4,55.77,MXN,223.08,Tienda física
FAC-000132,02/10/2025,CLI-00054,SKU-00092,6,143.08,MXN,858.48,E-commerce
FAC-001061,06/14/2024,CLI-00205,SKU-94964,7,481.53,MXN,3370.71,Tienda física
FAC-002607,2024-12-05,CLI-00306,SKU-00142,-2,522.66,MXN,1045.32,E-commerce
FAC-003166,2025-07-19,CLI-00291,SKU-00009,1,1281.03,MXN,1281.03,Tienda física
FAC-001749,09/30/2025,CLI-00048,SKU-00080,1,883.72,MXN,883.72,E-commerce
FAC-000965,04/03/2024,CLI-00111,SKU-00152,5,550.0, MXN ,2750.0,E-commerce
FAC-001322,2025-05-22,CLI-00071,SKU-00016,5,697.1,MXN,3485.5,Tienda física
FAC-003461,2025-09-24,CLI-00146,SKU-00149,-2,61.8,MXN,123.6,Tienda física
FAC-001572,2024-12-16,CLI-00351,SKU-94012,3,353.78,MXN,1061.34,Tienda física
FAC-003448,2024-07-08,CLI-00218,SKU-00083,6,190.18, MXN ,1141.08,Marketplace
FAC-000682,2024-04-17,CLI-00239,SKU-00145,7,$452.69,MXN,3168.83,Teléfono
FAC-002585,12/26/2025,CLI-00405,SKU-00072,-4,423.13,MXN,423.13,Marketplace
FAC-000458,2025-04-03,CLI-00242,SKU-00100,2,2111.67,MXN,4223.34,Marketplace
FAC-003224,2025-01-20,CLI-00270,SKU-00063,6,295.35,mxn,1772.1,E-commerce
FAC-000067,2025-02-24,CLI-00366,SKU-00080,1,851.58,MXN,851.58,Tienda física
FAC-001066,2025-10-25,CLI-00380,SKU-00094,4,317.54,MXN,1270.16,Tienda física
FAC-001925,2025-03-05,CLI-00365,SKU-90342,2,232.72,MXN,465.44,Marketplace
FAC-003150,02/20/2024,CLI-00372,SKU-00047,4,1302.56,MXN,5210.24,Tienda física
FAC-003131,2024-12-23,CLI-00502,SKU-00133,2,218.12,MXN,436.24,Teléfono
FAC-001726,2025-04-07,CLI-00216,SKU-00042,4,1646.59,MXN,6586.36,E-commerce
FAC-000670,2024-08-14,CLI-00480,SKU-00077,1,1406.35,MXN,716.23,E-commerce
FAC-000392,21/07/2025,CLI-00407,SKU-00067,7,205.18,MXN,1436.26,E-commerce
FAC-000493,2024-02-26,CLI-00002,SKU-00021,3,193.06,MXN,579.18,Tienda física
FAC-001100,2025-01-03,CLI-00451,SKU-00002,3,2853.59,MXN,8560.77,Tienda física
FAC-001034,04/02/2024,CLI-00432,SKU-00081,2,482.36,USD,964.72,Tienda física
FAC-003391,2025-10-31,CLI-00494,SKU-00138,6,$445.42,MXN,2672.52,Tienda física
FAC-001128,2025-03-31,CLI-00044,SKU-92503,5,160.86,MXN,804.3,E-commerce
FAC-000382,2024-03-27,CLI-00043,SKU-00010,3,691.86,MXN,2075.58,E-commerce
FAC-002055,2024-11-30,CLI-00028,SKU-00150,5,528.09,MXN,2640.45,Tienda física
FAC-002712,09/02/2025,CLI-00449,SKU-00142,4,522.94,MXN,2091.76,Tienda física
FAC-000864,2024-10-03,CLI-00267,SKU-00056,7,758.78,MXN,5311.46,E-commerce
FAC-002080,2024-03-04,CLI-00385,SKU-00088,7,1395.41,MXN,9767.87,Tienda física
FAC-001938,21/12/2025,CLI-00348,SKU-00024,3,900.52,MXN,2701.56,E-commerce
FAC-000755,2025-04-15,CLI-00022,SKU-00117,3,764.74,USD,2294.22,Marketplace
FAC-000555,2024-07-22,CLI-95353,SKU-00041,6,1699.21,MXN,10195.26,Tienda física
FAC-001862,2025-09-30,CLI-95169,SKU-00103,4,2288.77,MXN,9155.08,Tienda física
FAC-001466,2024-01-05,CLI-00460,SKU-00079,6,1337.21,MXN,8023.26,Tienda física
FAC-000843,2024-09-15,CLI-00127,SKU-00054,2,450.56,MXN,901.12,E-commerce
FAC-000583,09/06/2025,CLI-00087,SKU-00078,3,895.88,MXN,,E-commerce
FAC-001880,2024-09-21,CLI-00090,SKU-00056,1,768.57, MXN ,768.57,Teléfono
FAC-002001,2024-05-14,CLI-00477,SKU-00080,7,861.65,MXN,6031.55,Tienda física
FAC-001250,2025-12-06,CLI-00331,SKU-00064,3,119.72,MXN,359.16,Tienda física
FAC-001991,2025-07-15,CLI-00327,SKU-00108,5,295.79,MXN,1478.95,Marketplace
FAC-002045,2024-04-23,CLI-00383,SKU-00052,5,926.1, USD ,4630.5,E-commerce
FAC-000250,17/10/2024,CLI-00380,SKU-00067,2,$208.43,mxn,416.86,Tienda física
FAC-000111,11/22/2024,CLI-00411,SKU-00033,7,1200.59,MXN,8404.13,Tienda física
FAC-002040,14/05/2025,CLI-00237,SKU-00074,3,444.68,MXN,703.67,Tienda física
FAC-000589,2025-01-27,CLI-00374,SKU-00120,7,702.75,MXN,4919.25,E-commerce
FAC-002274,11/27/2024,CLI-00114,SKU-00105,6,1664.36,MXN,9986.16,E-commerce
FAC-001266,2025-03-31,CLI-00053,SKU-00148,1,539.88,MXN,539.88,Tienda física
FAC-002327,07/06/2025,CLI-00293,SKU-00134,2,224.87,MXN,449.74,Marketplace
FAC-002972,2025-08-12,CLI-00283,SKU-97447,4,1385.29,MXN,5541.16,E-commerce
FAC-001336,2025-03-09,CLI-00296,SKU-00053,6,706.26,MXN,,Marketplace
FAC-003431,2024-09-12,CLI-00255,SKU-00103,6,2360.07,MXN,14160.42,E-commerce
FAC-002986,10/31/2024,CLI-00248,SKU-00004,6,495.95,MXN,2975.7,Tienda física
FAC-001257,2024-05-05,CLI-00123,SKU-00134,5,227.26,MXN,1136.3,Teléfono
FAC-002814,2025-08-29,CLI-00480,SKU-00097,2,1957.78,usd,3915.56,E-commerce
FAC-002296,2025-01-04,CLI-00272,SKU-00090,1,1398.27,MXN,1398.27,E-commerce
FAC-003411,2024-01-26,,SKU-00044,6,1568.49,MXN,9410.94,E-commerce
FAC-000694,2025-11-04,CLI-96334,SKU-00130,6,434.04,MXN,2604.24,E-commerce
FAC-003198,2025-07-30,,SKU-00022,3,663.68,MXN,1991.04,E-commerce
FAC-000751,2025-08-03,CLI-00231,SKU-00084,4,982.18,MXN,3928.72,Marketplace
FAC-003349,2025-05-20,CLI-00410,SKU-00040,3,$695.67,USD,2087.01,Tienda física
FAC-003468,10/08/2025,CLI-00501,SKU-00038,7,605.7,MXN,4239.9,E-commerce
FAC-001790,06/04/2025,CLI-00179,SKU-00037,4,963.69,MXN,3854.76,Marketplace
FAC-003405,2025-02-16,CLI-00199,SKU-00099,6,1924.3,USD,11545.8,Tienda física
FAC-000742,2024-04-18,CLI-00407,SKU-00029,6,497.7,MXN,2986.2,E-commerce
FAC-002425,2024-08-17,CLI-00027,SKU-00102,1,1549.39,MXN,1549.39,Marketplace
FAC-002450,2024-04-09,CLI-00103,SKU-00090,4,1457.7,MXN,5830.8,Marketplace
FAC-003208,2025-09-27,CLI-00108,SKU-00026,4,1119.84,USD,4479.36,Marketplace
FAC-002927,2024-04-16,CLI-00129,SKU-00108,5,295.28,MXN,1476.4,Marketplace
FAC-003074,2024-08-15,CLI-00149,SKU-00089,4,1278.58,MXN,5114.32,Marketplace
FAC-001170,2025-04-18,CLI-00042,SKU-00021,3,182.31,mxn,546.93,E-commerce
FAC-002705,05/05/2024,CLI-00334,SKU-00124,7,796.25,mxn,5573.75,Tienda física
FAC-001440,2024-06-03,CLI-00450,SKU-00066,4,426.68,MXN,1706.72,Marketplace
FAC-001882,24/01/2024,CLI-00239,SKU-00145,7,424.15,MXN,2969.05,Marketplace
FAC-002023,2024-01-12,CLI-00337,SKU-00151,5,531.47,mxn,2657.35,E-commerce
FAC-001879,2025-12-20,CLI-00189,SKU-00056,2,815.24,MXN,1630.48,E-commerce
FAC-001936,2025-01-16,CLI-00058,SKU-00026,2,1166.54,MXN,2333.08,Tienda física
FAC-000807,2025-10-19,CLI-00067,SKU-00128,2,514.64,MXN,1029.28,E-commerce
FAC-002007,09/18/2025,CLI-00502,SKU-00053,2,694.94,MXN,1389.88,Tienda física
FAC-000203,2025-09-05,CLI-00496,SKU-00037,2,989.97,MXN,1979.94,Tienda física
FAC-003085,2024-11-26,CLI-00059,SKU-91348,5,495.34,USD,2476.7,E-commerce
FAC-000097,09/13/2024,CLI-00375,SKU-00089,1,1321.82,MXN,1321.82,E-commerce
FAC-000648,2025-10-02,CLI-00069,SKU-00100,6,"$2,067.17",USD,12403.02,Teléfono
FAC-000938,02/07/2025,CLI-00139,SKU-00068,6,292.55,MXN,1755.3,Marketplace
FAC-002013,2025-10-29,CLI-00158,SKU-00006,3,1795.91,MXN,5387.73,Tienda física
FAC-000318,01/10/2024,CLI-00259,SKU-00060,6,422.19,MXN,2533.14,Tienda física
FAC-002742,2025-03-01,CLI-92727,SKU-96060,-3,495.35,mxn,1486.05,Tienda física
FAC-000677,2024-07-03,CLI-91346,SKU-00099,4,1944.76,MXN,7779.04,Tienda física
FAC-001458,2025-04-24,CLI-00040,SKU-00054,2,426.46,MXN,852.92,E-commerce
FAC-002709,2024-03-22,CLI-00443,SKU-00132,6,861.41,MXN,5168.46,Tienda física
FAC-001531,2025-01-18,CLI-00113,SKU-00132,5,815.65,MXN,,E-commerce
FAC-001000,2025-01-01,CLI-00065,SKU-00025,7,615.97,MXN,4311.79,Marketplace
FAC-000059,2024-07-20,CLI-00373,SKU-00099,2,2008.84,MXN,4017.68,Tienda física
FAC-003232,2025-11-19,CLI-00326,SKU-00016,6,690.95,MXN,4145.7,Marketplace
FAC-003483,2024-02-29,CLI-00436,SKU-00060,7,420.28,MXN,2941.96,Marketplace
FAC-001672,2024-05-28,CLI-00185,SKU-00002,1,2834.8,MXN,2834.8,Tienda física
FAC-000961,02/29/2024,CLI-00503,SKU-00051,3,578.73,USD,1736.19,Marketplace
FAC-002922,05/09/2024,CLI-00459,SKU-00017,5,856.43,MXN,2657.07,Tienda física
FAC-000684,2024-08-23,CLI-00426,SKU-00126,4,492.47, USD ,1969.88,E-commerce
FAC-001384,2025-09-30,CLI-00015,SKU-00130,5,450.32,MXN,2251.6,E-commerce
FAC-001481,2024-09-27,CLI-00006,SKU-00126,3,490.76,MXN,1472.28,Marketplace
FAC-000291,2025-11-30,CLI-00033,SKU-00006,4,1717.88,MXN,6871.52,E-commerce
FAC-000423,2025-12-19,CLI-00157,SKU-00048,3,528.04,MXN,1584.12,Tienda física
FAC-002409,06/04/2025,CLI-00171,SKU-00052,2,941.48,MXN,1882.96,E-commerce
FAC-001527,2025-10-24,CLI-00118,SKU-00112,2,185.89,MXN,371.78,E-commerce
FAC-002431,09/12/2025,CLI-00411,SKU-00087,7,1254.58,MXN,,Tienda física
FAC-001461,2025-10-11,CLI-00339,SKU-00016,6,718.26,MXN,4309.56,Marketplace
FAC-001419,2024-07-18,CLI-00395,SKU-00022,5,656.03,MXN,3280.15,E-commerce
FAC-002675,2025-10-04,CLI-00118,SKU-00057,4,1179.93,MXN,4719.72,Tienda física
FAC-003190,09/19/2025,CLI-00290,SKU-00138,2,447.94,MXN,895.88,Tienda física
FAC-002508,2025-09-04,CLI-00291,SKU-00074,7,440.03,MXN,3080.21,E-commerce
FAC-003037,2024-03-10,CLI-00363,SKU-00070,4,431.26,MXN,1443.17,Tienda física
FAC-000239,2025-11-04,CLI-00433,SKU-00075,4,232.35,mxn,929.4,E-commerce
FAC-002466,2025-11-08,CLI-00462,SKU-00152,3,567.09,MXN,1701.27,Marketplace
FAC-002719,07/05/2024,CLI-00004,SKU-00123,3,444.83,MXN,887.78,E-commerce
FAC-002397,2024-10-01,CLI-00250,SKU-00067,4,206.49,MXN,825.96,Tienda física
FAC-000839,15/12/2024,CLI-97633,SKU-00087,1,1225.15,USD,1225.15,Teléfono
FAC-000777,2024-12-27,CLI-00022,SKU-00142,1,$500.63,MXN,500.63,Tienda física
FAC-001293,2025-12-05,CLI-00163,SKU-00029,3,510.63,MXN,1531.89,Tienda física
FAC-000315,09/03/2025,CLI-96028,SKU-00056,3,784.32,mxn,2352.96,E-commerce
FAC-003394,2024-07-26,CLI-00390,SKU-00117,6,775.69,MXN,4654.14,Marketplace
FAC-001314,19/08/2025,,SKU-00097,7,"$1,951.90",MXN,13663.3,Marketplace
FAC-002385,2025-04-05,CLI-00392,SKU-00084,2,948.88,MXN,1897.76,E-commerce
FAC-003244,2024-02-12,CLI-00087,SKU-00034,1,"$1,096.06",MXN,1096.06,Marketplace
FAC-003476,2024-02-20,CLI-00123,SKU-00053,7,690.91,MXN,4836.37,Tienda física
FAC-000030,2025-11-05,CLI-00379,SKU-00068,5,297.2,USD,1107.94,Marketplace
FAC-000057,2025-12-25,CLI-00054,SKU-00009,3,1255.71,MXN,3767.13,Tienda física
FAC-001242,2024-10-01,CLI-00417,SKU-00018,7,890.48,MXN,6233.36,E-commerce
FAC-000478,2024-03-28,CLI-00251,SKU-00111,5,2091.77,MXN,10458.85,E-commerce
FAC-000114,2024-10-16,CLI-00243,SKU-00003,5,2953.96,MXN,14769.8,E-commerce
FAC-001311,2025-05-08,CLI-00046,SKU-00004,3,486.96,MXN,1460.88,Marketplace
FAC-000704,2024-05-31,CLI-00225,SKU-00068,5,300.69,MXN,1503.45,Tienda física
FAC-001788,2025-02-14,CLI-00083,SKU-00051,4,559.01,MXN,1251.29,Tienda física
FAC-002557,2025-08-23,,SKU-00003,6,2938.41,MXN,17630.46,Tienda física
FAC-002242,2024-07-02,CLI-00389,SKU-00057,2,1205.79,MXN,2411.58,Tienda física
FAC-003297,2025-01-18,CLI-00488,SKU-00017,2,817.21,MXN,1634.42,Tienda física
FAC-002219,2025-06-04,CLI-00267,SKU-00047,7,1263.44,USD,8844.08,Marketplace
FAC-001121,01/07/2024,CLI-00169,SKU-00113,3,2303.94,MXN,,Marketplace
FAC-001221,01/01/2024,CLI-00388,SKU-00024,3,902.25,USD,2706.75,Tienda física
FAC-000185,2025-08-02,CLI-97544,SKU-00031,7,$387.70,MXN,2713.9,E-commerce
FAC-000284,2024-12-14,CLI-00063,SKU-00035,3,752.51,MXN,2257.53,Marketplace
FAC-002453,2024-11-25,CLI-00097,SKU-00030,5,840.0,MXN,4200.0,E-commerce
FAC-000992,2024-08-25,CLI-00172,SKU-00053,1,709.11,MXN,709.11,E-commerce
FAC-000702,21/07/2025,,SKU-00111,6,1981.91,MXN,6185.77,E-commerce
FAC-001237,2025-11-14,CLI-00380,SKU-00044,5,1555.95,MXN,7779.75,Marketplace
FAC-001593,2024-06-16,CLI-00392,SKU-00053,5,721.13,MXN,3605.65,Marketplace
FAC-000394,2025-10-08,CLI-00376,SKU-00022,2,653.34,MXN,1306.68,Marketplace
FAC-002182,11/08/2025,CLI-00229,SKU-00092,3,146.46,MXN,439.38,Tienda física
FAC-003120,05/11/2024,CLI-00421,SKU-00021,4,188.39,MXN,753.56,E-commerce
FAC-001628,14/08/2024,CLI-00455,SKU-00116,3,357.55,mxn,1072.65,Tienda física
FAC-002784,2024-10-15,CLI-00439,SKU-00088,6,1396.55,MXN,8379.3,Tienda física
FAC-002176,2024-01-19,CLI-00372,SKU-00102,5,1481.69,MXN,7408.45,Teléfono
FAC-003045,12/16/2024,CLI-00158,SKU-00116,1,339.67,MXN,339.67,E-commerce
FAC-000395,2024-07-14,CLI-00485,SKU-00151,5,557.68,MXN,2788.4,Tienda física
FAC-001209,2025-08-29,CLI-00036,SKU-00033,1,1168.74,MXN,1168.74,Tienda física
FAC-001550,2025-11-07,CLI-00388,SKU-00084,4,$985.87,USD,3943.48,E-commerce
FAC-002570,2025-06-11,CLI-00285,SKU-00031,7,418.19,MXN,2927.33,Tienda física
FAC-000361,2025-07-25,CLI-00419,SKU-00002,2,2924.79,MXN,5849.58,Tienda física
FAC-000667,2025-10-13,CLI-00238,SKU-00099,4,1912.95,MXN,7651.8,E-commerce
FAC-002097,2025-12-21,CLI-00471,SKU-00114,2,1900.99,MXN,3801.98,Tienda física
FAC-000728,2024-06-04,CLI-00336,SKU-00061,5,423.36,MXN,1324.75,Tienda física
FAC-002872,2024-08-07,CLI-00509,SKU-00068,4,305.8,MXN,670.48,Tienda física
FAC-000090,2024-12-20,CLI-00006,SKU-00002,7,2828.76,MXN,19801.32,Marketplace
FAC-002560,2024-04-10,CLI-00507,SKU-00023,2,334.37,MXN,668.74,Tienda física
FAC-003114,27/12/2025,CLI-00503,SKU-00109,3,1718.76,MXN,3499.74,Tienda física
FAC-002448,2025-12-12,CLI-00177,SKU-00121,4,319.89, MXN ,1279.56,Tienda física
FAC-001427,19/04/2025,CLI-00460,SKU-00078,5,904.71,MXN,4523.55,Tienda física
FAC-003340,2024-04-11,CLI-00005,SKU-00101,7,829.92,MXN,5809.44,Tienda física
FAC-001031,19/06/2024,CLI-00185,SKU-00136,2,257.49,MXN,514.98,Marketplace
FAC-003087,2025-07-16,CLI-00128,SKU-00028,1,605.17,MXN,605.17,Tienda física
FAC-001999,2024-12-09,CLI-00265,SKU-00103,1,2454.32,MXN,2454.32,Marketplace
FAC-002439,2025-03-27,CLI-00336,SKU-00109,5,1718.36,MXN,8591.8,E-commerce
FAC-000417,2024-07-19,CLI-00098,SKU-00026,6,1126.49,MXN,6758.94,E-commerce
FAC-002856,2025-05-16,CLI-00351,SKU-00018,6,851.45,USD,5108.7,Tienda física
FAC-001149,2025-05-01,CLI-00393,SKU-98144,7,253.78,mxn,1052.86,Marketplace
FAC-001447,2025-05-10,CLI-00122,SKU-00092,2,143.88,MXN,287.76,Tienda física
FAC-001592,2024-07-19,CLI-00507,SKU-00040,7,672.1,MXN,4704.7,Tienda física
FAC-002169,2025-08-23,CLI-00059,SKU-00093,5,477.59,MXN,2387.95,Teléfono
FAC-002680,2024-03-25,CLI-00170,SKU-00130,3,435.59,MXN,1306.77,Tienda física
FAC-002945,2024-01-26,CLI-00325,SKU-00146,5,389.59, MXN ,1015.33,Tienda física
FAC-002010,28/03/2024,CLI-00430,SKU-00063,5,312.32,MXN,1561.6,Marketplace
FAC-002654,2025-06-19,CLI-00176,SKU-00128,7,539.73,MXN,3778.11,Tienda física
FAC-001805,07/30/2025,CLI-00151,SKU-00019,1,2397.21,MXN,2397.21,Tienda física
FAC-001395,2025-11-28,CLI-00282,SKU-00101,6,872.38,MXN,5234.28,Tienda física
FAC-002905,2025-05-20,CLI-00290,SKU-00141,3,547.01,MXN,1641.03,E-commerce
FAC-003207,2025-01-05,CLI-00471,SKU-00087,4,1248.86,MXN,4995.44,Marketplace
FAC-002122,2024-11-19,CLI-00116,SKU-00025,4,608.41,MXN,2433.64,Tienda física
FAC-001160,2024-06-05,CLI-00410,SKU-00137,6,$559.69,MXN,3358.14,Tienda física
FAC-000517,05/04/2024,CLI-00500,SKU-92303,3,436.89,MXN,1310.67,Tienda física
FAC-002470,2025-08-29,CLI-00244,SKU-00105,5,1682.09,USD,8410.45,Tienda física
FAC-001289,2024-07-07,CLI-00100,SKU-00006,1,1710.05,MXN,,E-commerce
FAC-001015,2025-04-26,CLI-00302,SKU-00002,5,2919.09,USD,14595.45,E-commerce
FAC-001978,2025-08-15,,SKU-00072,3,430.57,USD,1291.71,Tienda física
FAC-000095,2025-04-10,CLI-00362,SKU-00144,2,109.86,MXN,219.72,E-commerce
FAC-001816,2025-09-15,CLI-00014,SKU-00092,6,147.72,MXN,886.32,Tienda física
FAC-002075,21/04/2024,CLI-00157,SKU-00035,1,773.44,MXN,773.44,E-commerce
FAC-001792,2025-12-18,CLI-00035,SKU-00122,6,219.74,MXN,1318.44,E-commerce
FAC-003193,2024-08-01,CLI-00342,SKU-00037,3,952.78,MXN,2858.34,E-commerce
FAC-003371,2024-04-14,CLI-00269,SKU-00130,6,421.55,MXN,2529.3,Marketplace
FAC-002133,2025-04-25,CLI-00349,SKU-00086,4,1344.68,MXN,5378.72,Tienda física
FAC-001910,2025-10-04,CLI-00288,SKU-00074,1,432.32,MXN,432.32,Teléfono
FAC-001800,07/12/2025,CLI-00466,SKU-00003,3,2894.65,MXN,8683.95,Tienda física
FAC-003241,2025-11-05,CLI-00089,SKU-00078,6,921.1,MXN,,E-commerce
FAC-000233,2025-09-09,CLI-00031,SKU-00036,5,797.71,MXN,3988.55,Teléfono
FAC-000139,06/27/2024,CLI-00203,SKU-00061,1,433.86, MXN ,433.86,Marketplace
FAC-001006,2024-10-14,CLI-00307,SKU-90933,6,927.9,MXN,5567.4,Tienda física
FAC-003453,2024-03-02,CLI-00105,SKU-00031,4,408.39,MXN,1633.56,Marketplace
FAC-000191,2024-09-03,CLI-00020,SKU-00123,1,444.45,MXN,444.45,Tienda física
FAC-002339,2025-03-27,CLI-00324,SKU-00051,2,573.12,MXN,1146.24,Tienda física
FAC-002196,2024-04-10,CLI-00091,SKU-00025,4,626.56,MXN,2506.24,E-commerce
FAC-003256,2024-07-27,CLI-00439,SKU-00116,4,350.55,USD,1402.2,Teléfono
FAC-003047,2024-08-08,CLI-00325,SKU-00097,3,1981.2,USD,5943.6,Teléfono
FAC-000571,2025-10-13,CLI-00356,SKU-00123,5,426.93,MXN,2134.65,E-commerce
FAC-001801,23/06/2025,CLI-00297,SKU-00099,3,1977.97,MXN,5933.91,Teléfono
FAC-000398,02/12/2024,CLI-00473,SKU-00024,7,916.78,MXN,6417.46,Tienda física
FAC-002681,2025-12-18,CLI-00381,SKU-00059,2,419.34,MXN,838.68,Tienda física
FAC-000368,2025-12-09,CLI-00468,SKU-00065,7,213.31,MXN,,Tienda física
FAC-003343,2024-01-24,CLI-00086,SKU-00029,5,506.33,MXN,2531.65,E-commerce
FAC-001235,2025-09-25,CLI-95990,SKU-00149,1,59.38,MXN,59.38,E-commerce
FAC-001360,2025-05-28,CLI-00236,SKU-00018,7,865.5,MXN,6058.5,Marketplace
FAC-000930,2025-03-29,CLI-00166,SKU-00120,6,704.0,MXN,4224.0,E-commerce
FAC-000171,2024-07-21,CLI-96797,SKU-00120,1,706.76,mxn,706.76,Tienda física
FAC-000889,2024-09-04,CLI-00025,SKU-00101,3,892.33, USD ,2676.99,Marketplace
FAC-003396,2024-07-23,CLI-00021,SKU-00083,7,188.69,MXN,1320.83,Marketplace
FAC-003054,2025-04-08,CLI-00338,SKU-00002,5,2901.12,MXN,14505.6,Tienda física
FAC-000510,06/01/2024,CLI-00193,SKU-00063,-3,290.74, MXN ,1453.7,E-commerce
FAC-000511,2024-08-21,CLI-00296,SKU-00114,3,1915.84,MXN,5747.52,E-commerce
FAC-003359,14/06/2025,CLI-00004,SKU-00064,5,119.49,MXN,382.32,E-commerce
FAC-003314,2025-01-31,CLI-91598,SKU-00142,5,494.35,USD,2471.75,E-commerce
FAC-002433,2024-08-27,CLI-00302,SKU-00062,6,364.79,MXN,2188.74,E-commerce
FAC-001056,30/09/2024,CLI-00406,SKU-00131,3,106.99,MXN,320.97,Marketplace
FAC-002281,20/06/2024,CLI-00453,SKU-00077,4,1415.44,USD,5661.76,E-commerce
FAC-002979,11/22/2024,CLI-00177,SKU-00098,5,1300.25,MXN,,E-commerce
FAC-002795,2025-08-15,CLI-00308,SKU-00127,1,731.06,USD,520.28,Teléfono
FAC-002371,2024-01-16,CLI-00441,SKU-92575,3,269.14,mxn,807.42,Tienda física
FAC-002763,2024-07-30,CLI-00036,SKU-00102,7,"$1,525.31",MXN,10677.17,Tienda física
FAC-001896,2024-10-08,CLI-00507,SKU-91151,5,974.04,MXN,4870.2,E-commerce
FAC-000854,05/07/2025,CLI-00139,SKU-00091,6,886.05,mxn,5316.3,Tienda física
FAC-002349,05/26/2025,CLI-00427,SKU-00140,7,167.84,MXN,1174.88,Marketplace
FAC-000190,2025-02-27,CLI-00095,SKU-00079,4,1347.48,mxn,5389.92,E-commerce
FAC-001310,2025-11-07,CLI-00429,SKU-00091,1,828.43,MXN,828.43,Marketplace
FAC-000707,11/19/2025,CLI-00306,SKU-00109,7,1728.18,MXN,12097.26,E-commerce
FAC-001313,2024-10-21,CLI-00125,SKU-00098,4,1365.71,MXN,5462.84,E-commerce
FAC-003209,2024-11-04,CLI-00030,SKU-00146,3,385.26,USD,1155.78,E-commerce
FAC-001186,2025-04-30,CLI-00344,SKU-00100,5,2109.27,MXN,10546.35,E-commerce
FAC-003124,14/05/2025,,SKU-00104,4,235.44,MXN,941.76,Tienda física
FAC-001351,2025-09-25,CLI-00294,SKU-00050,5,492.17,MXN,1905.08,E-commerce
FAC-003422,2025-03-11,CLI-00415,SKU-97751,7,421.55,mxn,2950.85,E-commerce
FAC-000476,2025-11-20,CLI-00029,SKU-00004,6,514.99,MXN,3089.94,Tienda física
FAC-000280,2024-01-31,CLI-00264,SKU-00017,3,846.48,MXN,2539.44,E-commerce
FAC-001152,2024-11-21,CLI-93500,SKU-00017,6,823.26,MXN,4939.56,E-commerce
FAC-003019,2025-09-07,CLI-00169,SKU-94460,1,795.04,MXN,795.04,Marketplace
FAC-002166,2024-12-08,CLI-00069,SKU-00048,2,551.44,MXN,1102.88,Tienda física
FAC-000877,2024-10-02,CLI-00296,SKU-00113,7,2215.95,MXN,15511.65,E-commerce
FAC-002047,30/05/2025,CLI-00077,SKU-00034,5,1137.73,MXN,5688.65,E-commerce
FAC-003474,06/25/2025,CLI-00033,SKU-00013,3,2525.71,MXN,7577.13,Tienda física
FAC-001795,2025-02-11,CLI-00391,SKU-00128,1,546.77,MXN,546.77,Marketplace
FAC-002437,03/04/2025,CLI-00149,SKU-00120,5,670.12,MXN,3350.6,Tienda física
FAC-002246,2025-03-20,CLI-00334,SKU-00064,1,119.18,mxn,119.18,Tienda física
FAC-001332,2024-10-17,CLI-00103,SKU-00101,2,864.11,USD,1728.22,Marketplace
FAC-002601,11/26/2025,CLI-00402,SKU-00143,4,43.55,MXN,174.2,E-commerce
FAC-002633,2024-08-09,CLI-00243,SKU-00115,3,121.08, MXN ,234.61,Tienda física
FAC-002111,22/04/2025,CLI-00028,SKU-00087,3,1202.29,MXN,3606.87,E-commerce
FAC-001616,2024-06-08,CLI-00338,SKU-00061,5,436.36,MXN,2181.8,E-commerce
FAC-002163,2025-02-26,CLI-00495,SKU-00150,3,513.95,MXN,1541.85,Marketplace
FAC-001900,2024-02-22,CLI-00456,SKU-00136,1,243.11,USD,243.11,E-commerce
FAC-001916,01/20/2024,CLI-00424,SKU-00084,5,962.88,MXN,3095.14,E-commerce
FAC-002690,2025-11-19,CLI-00077,SKU-00068,7,305.07,USD,2135.49,Marketplace
FAC-000257,2025-01-21,CLI-00049,SKU-00146,2,383.32,MXN,766.64,Tienda física
FAC-001339,2024-08-12,CLI-00086,SKU-00093,7,489.04,MXN,3423.28,Marketplace
FAC-001065,28/06/2024,CLI-00223,SKU-00041,2,1658.27,mxn,3316.54,E-commerce
FAC-000402,2024-12-08,CLI-00419,SKU-00040,5,712.08,MXN,3560.4,Tienda física
FAC-000019,2024-04-02,,SKU-00008,1,1904.55,USD,1904.55,E-commerce
FAC-002240,22/10/2024,CLI-00104,SKU-00082,4,946.67,MXN,3786.68,E-commerce
FAC-001841,2024-06-14,CLI-00111,SKU-00016,7,673.15,MXN,4712.05,E-commerce
FAC-000175,07/01/2024,CLI-00317,SKU-00013,1,2442.9,USD,2442.9,Tienda física
FAC-000587,25/04/2025,CLI-00427,SKU-00147,6,283.95,MXN,1703.7,Tienda física
FAC-001931,2025-08-26,CLI-00479,SKU-00106,7,685.46,MXN,4798.22,E-commerce
FAC-002603,08/28/2024,CLI-00496,SKU-00052,4,898.04,USD,3592.16,Teléfono
FAC-002942,2024-02-10,CLI-00074,SKU-00140,5,165.88, MXN ,829.4,Marketplace
FAC-002454,09/17/2024,CLI-00291,SKU-00138,6,460.69,MXN,2764.14,Marketplace
FAC-001638,04/17/2025,CLI-00338,SKU-00118,7,285.31,MXN,1466.46,Tienda física
FAC-001781,2025-05-30,CLI-00321,SKU-00047,2,"$1,321.83",MXN,2643.66,Marketplace
FAC-000858,2025-11-08,CLI-00144,SKU-00087,1,1230.09,MXN,1230.09,E-commerce
FAC-001933,08/01/2024,CLI-00154,SKU-00068,6,297.94,MXN,1787.64,Marketplace
FAC-001573,2025-04-14,CLI-00433,SKU-00109,3,"$1,798.39",MXN,5395.17,Tienda física
FAC-001497,2024-10-17,CLI-00385,SKU-00051,4,571.19,MXN,2284.76,Marketplace
FAC-002686,2024-07-08,CLI-00425,SKU-00128,7,534.43,MXN,3741.01,Tienda física
FAC-000049,2024-07-08,CLI-00194,SKU-00100,7,2074.21,MXN,14519.47,Tienda física
FAC-003392,2024-10-19,CLI-00179,SKU-00048,2,518.81,MXN,825.63,Marketplace
FAC-000193,2025-01-06,CLI-90216,SKU-00052,2,907.52,MXN,1815.04,Tienda física
FAC-002053,2025-01-31,CLI-00363,SKU-00140,6,172.96,mxn,1037.76,Marketplace
FAC-001615,2024-03-11,CLI-90402,SKU-00021,6,192.74,MXN,1156.44,E-commerce
FAC-002859,19/09/2024,CLI-00286,SKU-00007,2,1301.08,MXN,2602.16,Marketplace
FAC-003049,04/11/2025,CLI-00182,SKU-00054,3,433.44,MXN,1300.32,Marketplace
FAC-001849,07/15/2025,CLI-00276,SKU-00097,3,1978.97,MXN,5936.91,Tienda física
FAC-002321,06/08/2024,CLI-00181,SKU-00092,7,148.45,USD,846.59,E-commerce
FAC-001491,04/08/2025,CLI-00258,SKU-00077,6,1493.04,MXN,8958.24,Tienda física
FAC-002070,03/15/2025,CLI-00117,SKU-00057,3,1268.82,MXN,3806.46,E-commerce
FAC-003269,12/06/2024,CLI-00332,SKU-00040,4,691.98,MXN,2767.92,Tienda física
FAC-000657,2024-08-19,CLI-00110,SKU-00016,6,700.65,MXN,4203.9,E-commerce
FAC-000228,2025-04-05,CLI-00468,SKU-00103,4,"$2,316.19",MXN,9264.76,Marketplace
FAC-000379,12/01/2025,CLI-00216,SKU-00124,5,800.1,MXN,4000.5,Tienda física
FAC-002753,2024-01-16,CLI-00406,SKU-00028,5,579.49,MXN,2897.45,Tienda física
FAC-001389,2025-10-20,CLI-00127,SKU-00129,7,293.33,MXN,2053.31,E-commerce
FAC-001168,09/07/2025,CLI-00208,SKU-00003,7,3045.73,MXN,21320.11,E-commerce
FAC-000496,2024-05-31,CLI-00379,SKU-00096,5,1473.17,MXN,7365.85,Marketplace
FAC-002956,14/12/2025,CLI-00168,SKU-00133,2,224.05,MXN,448.1,E-commerce
FAC-001040,2024-03-23,CLI-00226,SKU-00114,4,2018.52,MXN,8074.08,E-commerce
FAC-000045,13/09/2025,CLI-00203,SKU-00091,3,823.48,USD,2470.44,Tienda física
FAC-002672,2025-11-22,CLI-00119,SKU-00028,7,572.14, USD ,4004.98,E-commerce
FAC-002731,2024-01-26,CLI-00053,SKU-00076,4,52.22,MXN,208.88,E-commerce
FAC-001426,2025-12-27,CLI-00032,SKU-00077,4,"$1,394.19",USD,5576.76,Tienda física
FAC-002711,26/06/2024,CLI-00116,SKU-00089,6,1278.63,MXN,7671.78,Tienda física
FAC-001436,2024-02-16,CLI-00406,SKU-00127,1,702.86,MXN,702.86,Tienda física
FAC-002357,2025-02-28,CLI-92905,SKU-00018,4,877.41,MXN,3509.64,Tienda física
FAC-002580,2025-12-07,CLI-00213,SKU-00102,3,1498.98,MXN,4496.94,Marketplace
FAC-002028,2025-03-12,CLI-00415,SKU-00080,4,841.96,MXN,3367.84,Tienda física
FAC-001757,14/06/2025,CLI-00029,SKU-00022,3,$618.45,MXN,1855.35,E-commerce
FAC-001077,07/01/2025,CLI-00177,SKU-00057,6,1179.23,MXN,7075.38,E-commerce
FAC-000148,2025-06-29,CLI-00017,SKU-00124,6,776.62,MXN,2962.91,Tienda física
FAC-002823,2024-06-04,CLI-00101,SKU-00017,-1,842.63,MXN,1685.26,Tienda física
FAC-001837,2025-12-16,CLI-00292,SKU-00142,6,514.3,MXN,3085.8,Tienda física
FAC-003219,2025-05-27,CLI-00477,SKU-00061,7,432.0,MXN,3024.0,Tienda física
FAC-002908,2025-11-12,,SKU-00112,2,190.38,USD,,Tienda física
FAC-002893,2025-07-21,CLI-00489,SKU-00128,2,533.58,USD,1067.16,Tienda física
FAC-003034,15/08/2024,CLI-00302,SKU-00112,3,195.01,MXN,585.03,Teléfono
FAC-001174,2025-06-15,CLI-00121,SKU-00101,3,887.12,MXN,2661.36,Marketplace
FAC-002496,28/05/2025,CLI-00132,SKU-00138,1,459.4,MXN,459.4,Marketplace
FAC-001873,2024-03-05,CLI-00137,SKU-00080,5,846.19,MXN,4230.95,Marketplace
FAC-002534,2025-06-18,CLI-00172,SKU-00013,2,2570.47,MXN,5140.94,E-commerce
FAC-000129,10/15/2025,CLI-00290,SKU-00100,6,2189.81,mxn,13138.86,Marketplace
FAC-002134,11/07/2024,CLI-00295,SKU-00058,3,144.49,MXN,433.47,E-commerce
FAC-002011,18/04/2025,CLI-00156,SKU-00039,6,1443.24,MXN,8659.44,E-commerce
FAC-000669,2025-04-06,CLI-00507,SKU-00042,6,1657.47,MXN,9944.82,Marketplace
FAC-002002,2024-05-07,CLI-00455,SKU-00079,2,1361.03,MXN,2722.06,Tienda física
FAC-002837,2024-04-02,CLI-00213,SKU-00115,1,116.05,USD,116.05,Tienda física
FAC-002740,2024-03-22,CLI-00205,SKU-00136,1,247.92,MXN,247.92,Tienda física
FAC-001087,2024-08-18,CLI-00086,SKU-00026,2,1164.77,MXN,2329.54,Tienda física
FAC-000977,2025-10-19,CLI-00162,SKU-00111,-1,1968.11,MXN,1968.11,Teléfono
FAC-003264,23/06/2024,CLI-00246,SKU-00111,4,1959.44,MXN,,E-commerce
FAC-001791,2024-12-05,CLI-00043,SKU-00061,5,413.11, USD ,1452.56,Tienda física
FAC-001472,2025-12-09,CLI-00116,SKU-00060,2,427.44,MXN,854.88,Teléfono
FAC-002374,2025-10-05,CLI-00015,SKU-00059,2,434.07,MXN,868.14,Tienda física
FAC-002119,2025-11-29,CLI-00355,SKU-00074,5,430.78,MXN,2153.9,E-commerce
FAC-002628,2024-09-08,CLI-00183,SKU-00039,5,1509.24,MXN,7546.2,Marketplace
FAC-001814,2025-08-19,CLI-00309,SKU-00080,5,901.12,MXN,4505.6,E-commerce
FAC-001098,2024-11-25,CLI-00054,SKU-00032,2,792.42,MXN,1584.84,E-commerce
FAC-003144,25/03/2024,CLI-00296,SKU-00132,5,846.19,MXN,4230.95,E-commerce
FAC-003116,2025-12-24,CLI-00501,SKU-00076,1,55.5,MXN,55.5,Tienda física
FAC-001767,10/12/2024,CLI-00033,SKU-00021,5,$182.98,MXN,914.9,Marketplace
FAC-001934,2024-08-30,,SKU-00059,6,415.22,MXN,2491.32,Marketplace
FAC-002901,04/26/2025,CLI-00350,SKU-00119,2,$879.50,MXN,1759.0,Marketplace
FAC-003156,2024-06-15,CLI-00183,SKU-00003,6,2890.31,MXN,9784.26,Tienda física
FAC-001546,07/01/2025,CLI-00276,SKU-96114,1,1163.79,USD,1163.79,E-commerce
FAC-003452,2024-10-03,CLI-00335,SKU-00014,1,252.86,MXN,252.86,Tienda física
FAC-000845,2024-08-21,CLI-00433,SKU-00051,6,572.79,MXN,3436.74,Tienda física
FAC-001771,02/09/2025,CLI-00400,SKU-00134,1,226.48, MXN ,226.48,E-commerce
FAC-001348,2024-10-14,CLI-00038,SKU-00063,5,294.65,MXN,1473.25,Tienda física
FAC-000513,11/06/2024,CLI-00121,SKU-00101,2,829.82,MXN,1659.64,Tienda física
FAC-000184,2025-09-17,CLI-97789,SKU-00108,1,304.51,MXN,304.51,E-commerce
FAC-001094,2025-11-15,CLI-00338,SKU-00050,1,492.02,MXN,492.02,Tienda física
FAC-003059,2025-08-16,CLI-00284,SKU-00152,6,565.42,MXN,3392.52,Tienda física
FAC-002161,2025-04-22,CLI-00457,SKU-00074,3,426.98,mxn,1280.94,Tienda física
FAC-003226,2024-02-18,CLI-00174,SKU-00092,5,$141.74,MXN,708.7,Tienda física
FAC-002899,2024-02-24,CLI-00115,SKU-00116,2,332.06,MXN,664.12,E-commerce
FAC-001649,2024-02-02,CLI-00402,SKU-00127,5,733.97,USD,2351.22,Tienda física
FAC-002405,2024-03-16,CLI-00081,SKU-00141,2,537.66,MXN,1075.32,E-commerce
FAC-000971,11/13/2025,CLI-00366,SKU-00083,2,189.73,MXN,379.46,E-commerce
FAC-000069,2025-11-19,CLI-00258,SKU-00088,3,1307.48,MXN,3922.44,Tienda física
FAC-001602,2024-10-11,CLI-00134,SKU-00079,2,1419.71,USD,2839.42,Marketplace
FAC-002806,05/17/2025,CLI-00467,SKU-00068,5,309.47,MXN,1547.35,Tienda física
FAC-000197,16/11/2024,CLI-98592,SKU-00114,7,1956.17,MXN,13693.19,E-commerce
FAC-002610,06/21/2025,CLI-00377,SKU-00128,2,543.33,MXN,1086.66,Tienda física
FAC-003077,2024-05-05,CLI-00429,SKU-00052,7,914.64,MXN,6402.48,Tienda física
FAC-002355,2025-11-27,CLI-00411,SKU-00092,6,146.04,MXN,876.24,Teléfono
FAC-003271,2024-08-05,CLI-00136,SKU-00114,7,1898.41,MXN,13288.87,Tienda física
FAC-000275,2024-05-16,CLI-00185,SKU-00093,5,501.16,MXN,2505.8,E-commerce
FAC-000303,2025-01-12,CLI-00373,SKU-00147,3,284.8,MXN,854.4,E-commerce
FAC-001390,2025-03-23,CLI-00109,SKU-00076,3,53.07,mxn,159.21,Marketplace
FAC-002982,2024-07-02,CLI-00494,SKU-00053,6,728.06,MXN,4368.36,Marketplace
FAC-000611,25/12/2025,CLI-00453,SKU-00105,1,1626.36,MXN,1626.36,Marketplace
FAC-001983,2025-01-16,CLI-00469,SKU-00115,2,122.65,MXN,174.12,E-commerce
FAC-003333,07/09/2024,CLI-00046,SKU-00033,7,1183.34,MXN,8283.38,Tienda física
FAC-000156,03/09/2024,CLI-00255,SKU-00130,2,426.84,MXN,853.68,Marketplace
FAC-002069,2024-04-10,CLI-00464,SKU-00052,1,908.46,MXN,908.46,Tienda física
FAC-000576,24/08/2025,CLI-00377,SKU-00019,2,2327.12,MXN,4654.24,E-commerce
FAC-002503,2024-09-03,CLI-00314,SKU-00096,2,1473.42,MXN,2946.84,E-commerce
FAC-002271,2025-09-26,CLI-00011,SKU-00152,2,535.36,MXN,1070.72,E-commerce
FAC-003221,2024-09-17,CLI-00232,SKU-00123,2,435.67,USD,718.91,Marketplace
FAC-000485,2025-01-15,CLI-00316,SKU-00077,5,1439.65,MXN,7198.25,Tienda física
FAC-002474,2025-10-22,CLI-00323,SKU-00127,5,740.48,MXN,3702.4,E-commerce
FAC-000161,2025-04-08,CLI-00379,SKU-00066,5,428.96,MXN,2144.8,Tienda física
FAC-003446,2024-12-31,CLI-00236,SKU-00042,6,"$1,614.01",MXN,9684.06,E-commerce
FAC-000553,2024-04-04,CLI-00281,SKU-00067,7,211.0,MXN,1477.0,E-commerce
FAC-001072,2024-04-18,,SKU-00015,5,874.57,MXN,4372.85,E-commerce
FAC-003229,2025-01-20,CLI-00148,SKU-00075,5,215.82,MXN,1079.1,E-commerce
FAC-000937,2025-10-07,CLI-00183,SKU-00086,3,1424.56,MXN,4273.68,Marketplace
FAC-001644,2024-08-24,CLI-00106,SKU-00011,4,509.3,MXN,2037.2,Teléfono
FAC-000978,30/10/2025,CLI-00420,SKU-00119,7,846.93,MXN,4499.84,E-commerce
FAC-000917,2024-04-16,CLI-00088,SKU-00021,5,189.11,MXN,945.55,Marketplace
FAC-000046,23/08/2024,CLI-00217,SKU-00111,4,2079.23,MXN,8316.92,E-commerce
FAC-002427,2025-10-29,CLI-00154,SKU-00133,5,219.56,MXN,1097.8,E-commerce
FAC-001009,06/03/2024,CLI-00162,SKU-90515,7,515.63,MXN,3609.41,Tienda física
FAC-002019,2025-10-26,CLI-00002,SKU-00080,4,894.14,MXN,3576.56,Tienda física
FAC-000642,03/03/2024,CLI-00226,SKU-00050,6,506.66,MXN,3039.96,Tienda física
FAC-001956,2024-06-16,CLI-00080,SKU-00017,6,863.08,MXN,5178.48,Teléfono
FAC-003022,21/05/2025,CLI-00377,SKU-00031,7,396.81,MXN,2777.67,Tienda física
FAC-000078,2025-04-23,CLI-00232,SKU-00139,1,170.08,MXN,170.08,E-commerce
FAC-001578,2024-10-04,CLI-00312,SKU-00119,2,872.39,MXN,1346.39,Marketplace
FAC-002662,2025-12-01,CLI-00268,SKU-00101,6,868.94,MXN,5213.64,Tienda física
FAC-003467,2025-12-01,CLI-00306,SKU-00124,1,$833.38,MXN,833.38,Tienda física
FAC-002191,2025-03-08,CLI-00369,SKU-00089,7,"$1,335.40",MXN,9347.8,Tienda física
FAC-003326,2024-12-11,CLI-93460,SKU-00076,4,52.04,MXN,129.09,Tienda física
FAC-001418,2025-09-26,CLI-00134,SKU-00080,5,850.05,MXN,4250.25,Tienda física
FAC-001932,2025-02-03,CLI-00236,SKU-00150,2,508.81,USD,1017.62,Marketplace
FAC-000169,12/03/2024,CLI-00032,SKU-00038,7,637.82,MXN,4464.74,E-commerce
FAC-001067,2024-08-01,CLI-00154,SKU-00141,4,527.8,mxn,2111.2,Tienda física
FAC-000705,2025-08-15,CLI-00103,SKU-00144,5,103.81,USD,295.2,E-commerce
FAC-001640,20/12/2025,CLI-00190,SKU-00141,6,519.4,MXN,3116.4,E-commerce
FAC-000320,2024-09-22,CLI-00036,SKU-00123,2,417.75,MXN,835.5,Marketplace
FAC-000404,2024-03-10,CLI-00484,SKU-00074,5,451.88,MXN,2259.4,Marketplace
FAC-000937,2025-10-07,CLI-00183,SKU-00086,3,1424.56,MXN,4273.68,Marketplace
FAC-000024,2024-05-02,CLI-00475,SKU-00011,3,543.08,USD,1629.24,Marketplace
FAC-000836,2025-05-21,CLI-00177,SKU-00095,4,370.05,MXN,1480.2,E-commerce
FAC-001646,2024-02-15,CLI-00388,SKU-00016,7,700.4,USD,4902.8,Tienda física
FAC-002929,2024-02-22,CLI-00411,SKU-00053,1,721.6,USD,721.6,Tienda física
FAC-001383,2025-05-29,CLI-00404,SKU-00149,4,61.65,MXN,246.6,Tienda física
FAC-000300,12/08/2025,CLI-00100,SKU-00073,5,54.91,MXN,274.55,Tienda física
FAC-002378,2024-07-05,CLI-00269,SKU-00121,6,320.46,MXN,1922.76,E-commerce
FAC-002319,2024-08-06,CLI-00072,SKU-00131,7,102.17,MXN,715.19,Tienda física
FAC-002777,06/06/2024,CLI-00022,SKU-00064,6,121.54,MXN,729.24,Marketplace
FAC-003312,2025-10-09,CLI-00024,SKU-00046,1,1147.05,MXN,1147.05,Marketplace
FAC-001553,2025-08-07,CLI-00020,SKU-00018,7,868.56,MXN,6079.92,E-commerce
FAC-001417,2024-07-04,CLI-00151,SKU-00119,6,822.49,MXN,4934.94,Marketplace
FAC-001385,2025-12-31,CLI-00464,SKU-00021,5,192.66,MXN,963.3,Teléfono
FAC-000656,2025-08-31,CLI-00273,SKU-00058,7,144.98,MXN,1014.86,Tienda física
FAC-000108,2024-01-11,CLI-00416,SKU-00123,3,422.06,USD,1266.18,Tienda física
FAC-000397,2024-05-25,CLI-00412,SKU-00053,7,726.1,MXN,5082.7,Tienda física
FAC-001981,2025-05-19,CLI-00077,SKU-00014,3,251.18,MXN,753.54,E-commerce
FAC-001666,2024-04-16,CLI-00276,SKU-00136,4,258.31,MXN,1033.24,Tienda física
FAC-002206,12/13/2025,CLI-00029,SKU-00030,2,$864.34,MXN,1728.68,E-commerce
FAC-000907,2024-05-05,CLI-00437,SKU-00123,7,431.24, MXN ,3018.68,E-commerce
FAC-003079,2025-03-14,CLI-00179,SKU-00037,5,$995.27, MXN ,4976.35,Tienda física
FAC-002579,2025-04-11,CLI-00499,SKU-00042,1,1655.99,MXN,1655.99,E-commerce
FAC-001677,04/09/2025,CLI-00167,SKU-00021,1,182.94,MXN,182.94,E-commerce
FAC-000904,07/15/2025,CLI-00128,SKU-00097,1,1917.18,MXN,1917.18,Marketplace
FAC-000834,2024-10-29,CLI-00311,SKU-00070,2,418.35,MXN,836.7,Tienda física
FAC-001025,2025-03-19,CLI-00094,SKU-00028,2,598.82,MXN,1197.64,E-commerce
FAC-001971,2025-02-13,CLI-00197,SKU-00007,3,1331.78,MXN,2063.07,E-commerce
FAC-002154,2024-06-07,CLI-00074,SKU-00073,3,53.67,MXN,161.01,E-commerce
FAC-002482,01/13/2024,CLI-00108,SKU-00098,2,1373.01,MXN,2746.02,Tienda física
FAC-002835,2025-08-27,CLI-00023,SKU-00044,2,1554.03,MXN,3108.06,Tienda física
FAC-003100,2024-08-05,CLI-00330,SKU-00119,7,$852.73,MXN,5969.11,E-commerce
FAC-000638,2024-08-23,CLI-00100,SKU-00050,4,523.71,MXN,1589.91,Marketplace
FAC-003336,2025-06-03,CLI-00173,SKU-00051,6,562.05,MXN,,Teléfono
FAC-002593,2024-02-01,CLI-00466,SKU-00066,6,438.0,MXN,2628.0,Tienda física
FAC-001919,2024-12-24,CLI-00005,SKU-00084,3,927.76,MXN,2783.28,E-commerce
FAC-001645,2025-04-11,CLI-00054,SKU-00071,-1,72.51,MXN,145.02,Tienda física
FAC-003416,2025-10-03,CLI-00377,SKU-00080,3,864.05,MXN,2592.15,Tienda física
FAC-001750,2025-06-02,CLI-00309,SKU-00088,2,1293.22,MXN,2586.44,Tienda física
FAC-002674,2024-08-19,CLI-00276,SKU-00083,1,179.44,MXN,91.5,E-commerce
FAC-001736,2024-06-10,CLI-00382,SKU-00124,5,821.84,USD,,Tienda física
FAC-002130,2025-06-16,CLI-00023,SKU-00062,5,378.25,MXN,1891.25,E-commerce
FAC-002208,2025-12-01,CLI-00230,SKU-00112,2,183.07,MXN,366.14,E-commerce
FAC-001302,07/06/2024,CLI-00199,SKU-00069,2,378.85,MXN,757.7,E-commerce
FAC-003027,2024-05-13,CLI-00347,SKU-00141,5,556.46,MXN,2782.3,Marketplace
FAC-001148,2025-07-19,CLI-00497,SKU-93555,7,601.97, MXN ,4213.79,Marketplace
FAC-002236,2024-10-18,CLI-00288,SKU-00019,-2,2411.44,MXN,2411.44,E-commerce
FAC-000525,2025-11-18,,SKU-99799,7,743.26,MXN,5202.82,Teléfono
FAC-001124,2024-11-24,CLI-00259,SKU-00023,3,326.6,USD,979.8,E-commerce
FAC-002495,2024-12-08,CLI-00200,SKU-00006,7,1822.27,MXN,12755.89,Marketplace
FAC-002198,01/02/2025,CLI-00108,SKU-00046,1,1094.41,MXN,1094.41,E-commerce
FAC-003400,2025-04-25,CLI-00121,SKU-00151,3,528.13,USD,1584.39,Tienda física
FAC-002363,2024-10-04,CLI-00503,SKU-00104,3,250.39,MXN,751.17,Tienda física
FAC-000831,2025-06-14,CLI-00254,SKU-00064,2,121.19,MXN,242.38,Tienda física
FAC-002076,2025-12-03,CLI-00393,SKU-00127,3,690.86,MXN,2072.58,E-commerce
FAC-003141,2024-11-02,CLI-00222,SKU-00118,7,284.92,MXN,1994.44,Tienda física
FAC-001961,2024-05-23,CLI-00325,SKU-00111,4,1940.74,MXN,7762.96,Marketplace
FAC-002247,28/03/2024,CLI-00109,SKU-00091,1,852.87,MXN,852.87,Marketplace
FAC-001471,2025-10-17,CLI-00320,SKU-00102,5,1583.84,MXN,5832.61,E-commerce
FAC-001817,2024-11-06,CLI-00045,SKU-00007,7,1270.96,MXN,8896.72,E-commerce
FAC-001342,10/03/2025,,SKU-00042,3,1683.4,MXN,5050.2,Tienda física
FAC-001420,12/10/2025,CLI-00057,SKU-00043,1,749.55,USD,749.55,Tienda física
FAC-001772,2024-10-15,CLI-00036,SKU-00058,2,146.88,MXN,293.76,Tienda física
FAC-002627,2024-02-11,CLI-00084,SKU-00065,5,207.22,USD,821.57,Marketplace
FAC-002230,2024-12-23,CLI-00059,SKU-00032,3,783.33,MXN,2349.99,Tienda física
FAC-001577,22/02/2024,CLI-00444,SKU-00038,6,599.62,MXN,3597.72,Tienda física
FAC-000752,03/07/2025,CLI-00045,SKU-00043,1,742.34,MXN,403.56,E-commerce
FAC-002463,2024-05-13,CLI-00125,SKU-00124,4,831.01,USD,3324.04,E-commerce
FAC-002254,08/08/2025,CLI-00183,SKU-00009,4,1300.65,MXN,5202.6,Marketplace
FAC-003092,2025-04-01,CLI-00288,SKU-00051,-2,562.99,MXN,1688.97,Tienda física
FAC-001804,2024-12-03,CLI-00330,SKU-00057,1,1237.5,MXN,1237.5,Tienda física
FAC-000565,2024-05-22,CLI-00239,SKU-00088,3,1356.96,MXN,4070.88,E-commerce
FAC-000428,2025-09-30,CLI-00366,SKU-00105,3,1628.28,USD,4884.84,Marketplace
FAC-001782,2024-12-21,CLI-00188,SKU-00011,1,540.13,MXN,540.13,Tienda física
FAC-002988,2024-06-29,CLI-00423,SKU-00135,4,398.94,MXN,1595.76,E-commerce
FAC-002778,18/06/2024,,SKU-00032,7,$808.55,USD,5659.85,E-commerce
FAC-000548,2025-12-23,CLI-00160,SKU-00151,6,562.35, MXN ,3374.1,Teléfono
FAC-003355,2024-08-06,CLI-00480,SKU-00025,1,621.35,MXN,621.35,Tienda física
FAC-002241,31/10/2024,CLI-97675,SKU-00147,6,$281.60,MXN,1689.6,Tienda física
FAC-000518,2025-11-11,CLI-00096,SKU-00068,4,294.49,MXN,1177.96,Marketplace
FAC-002758,2025-12-08,CLI-00104,SKU-00017,5,$854.99,MXN,4274.95,Tienda física
FAC-001511,2025-03-17,CLI-00083,SKU-00035,1,769.83,MXN,769.83,Tienda física
FAC-003418,02/11/2025,CLI-00298,SKU-00105,5,1620.92,MXN,8104.6,Tienda física
FAC-003215,2024-12-22,CLI-00364,SKU-00127,3,$739.37,USD,2218.11,E-commerce
FAC-000920,2024-09-17,CLI-00296,SKU-00060,3,435.05,MXN,1305.15,Tienda física
FAC-000683,2025-09-12,CLI-00386,SKU-00057,6,1257.66, MXN ,7545.96,E-commerce
FAC-001159,2024-06-18,CLI-00271,SKU-00058,3,142.27,MXN,426.81,Tienda física
FAC-003039,2024-01-15,CLI-00369,SKU-00053,5,$720.43,MXN,3602.15,Tienda física
FAC-003366,2025-08-07,CLI-00157,SKU-00140,2,172.93,MXN,345.86,E-commerce
FAC-002804,31/10/2025,CLI-00322,SKU-00023,7,323.86,MXN,2267.02,Marketplace
FAC-000031,2025-03-18,CLI-00112,SKU-00059,7,410.44,USD,2873.08,Teléfono
FAC-003384,2024-08-03,CLI-00325,SKU-00089,7,"$1,304.55",MXN,9131.85,Tienda física
FAC-003023,2024-06-10,CLI-00254,SKU-00073,3,53.51,MXN,98.63,E-commerce
FAC-000795,2025-04-12,CLI-00276,SKU-00129,6,301.44,MXN,1808.64,Marketplace
FAC-003435,2025-12-17,CLI-00235,SKU-99278,4,534.79,MXN,1599.65,Tienda física
FAC-003353,2024-05-22,CLI-00046,SKU-00087,4,1301.36,MXN,5205.44,E-commerce
FAC-003001,10/19/2024,CLI-00507,SKU-00022,3,660.87,MXN,1982.61,Tienda física
FAC-002430,2025-02-07,CLI-00429,SKU-00002,6,3036.42,mxn,18218.52,E-commerce
FAC-003003,10/06/2025,CLI-00051,SKU-00083,2,180.53,MXN,361.06,E-commerce
FAC-000801,04/05/2025,CLI-00045,SKU-00100,7,2129.75,MXN,14908.25,Teléfono
FAC-003220,2024-07-09,,SKU-00114,7,1989.52,MXN,13926.64,Marketplace
FAC-000769,2025-02-22,CLI-00176,SKU-98228,2,1125.69,USD,2251.38,Tienda física
FAC-000557,2024-10-19,CLI-00355,SKU-00029,4,$502.46,MXN,2009.84,Tienda física
FAC-000925,2024-07-28,CLI-00100,SKU-00004,1,482.74,MXN,482.74,Tienda física
FAC-002512,07/20/2025,CLI-00324,SKU-00105,6,1731.87,MXN,10391.22,E-commerce
FAC-002451,19/09/2025,CLI-00456,SKU-00147,7,$277.94,MXN,1945.58,Tienda física
FAC-000246,2025-07-10,CLI-00176,SKU-00118,5,267.83, MXN ,1339.15,Tienda física
FAC-003385,2024-04-17,,SKU-00112,5,186.61,MXN,625.25,Tienda física
FAC-002866,2025-08-23,CLI-00123,SKU-00021,1,188.81,USD,188.81,E-commerce
FAC-000236,2024-04-06,CLI-00416,SKU-00045,1,1161.54,MXN,1161.54,Tienda física
FAC-002951,2024-08-28,CLI-00220,SKU-00082,6,947.76,MXN,5686.56,Tienda física
FAC-000558,2024-08-31,CLI-97410,SKU-00072,5,440.53,MXN,2202.65,E-commerce
FAC-000874,07/09/2025,CLI-00231,SKU-00037,4,1013.65,MXN,4054.6,Tienda física
FAC-003011,03/28/2024,CLI-94954,SKU-00151,7,521.3,MXN,3649.1,Tienda física
FAC-001421,2025-05-21,CLI-94985,SKU-00095,1,371.54,USD,242.62,E-commerce
FAC-002977,2024-08-12,CLI-00230,SKU-00011,3,527.61,MXN,1582.83,Tienda física
FAC-002302,2024-12-13,,SKU-00091,6,879.79,MXN,5278.74,Teléfono
FAC-000524,2025-03-05,CLI-00078,SKU-00115,4,119.11,MXN,476.44,Tienda física
FAC-000574,06/04/2024,CLI-00135,SKU-00108,2,297.74,MXN,595.48,E-commerce
FAC-001566,2025-11-10,CLI-00288,SKU-00152,7,530.02,MXN,3710.14,E-commerce
FAC-002643,2025-06-04,CLI-00367,SKU-00026,6,"$1,139.59",MXN,,E-commerce
FAC-002238,03/28/2025,CLI-00446,SKU-00127,1,$710.16,MXN,710.16,E-commerce
FAC-001515,2025-09-26,CLI-00051,SKU-00100,3,2178.55,MXN,6535.65,E-commerce
FAC-001529,2025-03-01,CLI-00377,SKU-00060,3,443.53,MXN,1330.59,Marketplace
FAC-002648,2025-06-20,CLI-00209,SKU-00104,7,243.4,MXN,1703.8,Marketplace
FAC-002275,2024-02-15,CLI-00437,SKU-00078,6,919.76,MXN,5518.56,Tienda física
FAC-000876,2025-01-27,,SKU-00010,2,688.71,MXN,1377.42,Teléfono
FAC-003138,2025-12-20,CLI-00200,SKU-00132,4,863.62,MXN,3454.48,E-commerce
FAC-003083,2025-07-29,CLI-00433,SKU-00103,6,2329.86,MXN,13979.16,Marketplace
FAC-000329,13/10/2024,CLI-00243,SKU-00072,4,413.84,MXN,1655.36,Tienda física
FAC-000012,2024-06-27,CLI-00299,SKU-00009,3,1278.66,MXN,3835.98,Marketplace
FAC-002836,2024-06-04,CLI-00444,SKU-00056,7,$812.21,USD,5685.47,Tienda física
FAC-002511,2025-04-21,CLI-00389,SKU-00050,5,527.2,mxn,2636.0,E-commerce
FAC-003487,2024-06-19,CLI-00485,SKU-00006,1,1812.77,MXN,1812.77,E-commerce
FAC-001043,2025-08-29,CLI-00304,SKU-00006,3,"$1,704.75",MXN,5114.25,Tienda física
FAC-003203,15/11/2024,CLI-00017,SKU-00067,6,202.33,MXN,1213.98,E-commerce
FAC-000953,2025-11-19,CLI-00229,SKU-00058,6,148.43,MXN,890.58,Marketplace
FAC-000944,2024-05-30,CLI-00201,SKU-00101,3,838.09,MXN,2514.27,E-commerce
FAC-001737,05/12/2024,CLI-00096,SKU-00079,3,1338.79,USD,4016.37,E-commerce
FAC-002325,26/06/2025,CLI-00180,SKU-00041,3,1642.91,MXN,3672.37,Tienda física
FAC-000326,2025-02-19,CLI-92632,SKU-00141,3,545.07,MXN,1635.21,E-commerce
FAC-002515,2025-04-12,CLI-00502,SKU-00061,4,425.34,MXN,1701.36,Marketplace
FAC-000765,2025-12-26,CLI-00425,SKU-00062,3,363.23,MXN,1089.69,Tienda física
FAC-002415,21/05/2025,CLI-00246,SKU-00121,5,$324.41,MXN,1622.05,Tienda física
FAC-002794,2024-08-12,CLI-00423,SKU-00141,2,$534.33,MXN,1068.66,Tienda física
FAC-002292,2024-07-25,CLI-00447,SKU-00100,3,2139.43,MXN,6418.29,Tienda física
FAC-003007,2025-08-19,CLI-00312,SKU-00089,7,1316.25,USD,9213.75,E-commerce
FAC-002551,2024-09-22,CLI-00095,SKU-00066,7,439.31,MXN,3075.17,E-commerce
FAC-000081,2025-02-28,CLI-00236,SKU-00007,7,1341.96,MXN,9393.72,Tienda física
FAC-002108,24/05/2024,CLI-00074,SKU-00024,5,936.69,MXN,4683.45,Tienda física
FAC-001798,2025-07-07,CLI-00417,SKU-00139,4,172.26,MXN,689.04,E-commerce
FAC-001748,2025-12-03,CLI-00217,SKU-00017,1,800.74,MXN,538.35,E-commerce
FAC-001096,2024-01-05,CLI-00494,SKU-00118,3,$282.21,MXN,846.63,E-commerce
FAC-000105,2024-10-17,CLI-00249,SKU-00102,3,1495.43,USD,4486.29,Marketplace
FAC-002623,2024-08-01,CLI-99266,SKU-00127,1,688.14,MXN,688.14,Marketplace
FAC-000776,2025-03-25,CLI-00324,SKU-00062,3,359.1,MXN,1077.3,Marketplace
FAC-002801,06/26/2025,CLI-00202,SKU-00032,4,772.42,MXN,3089.68,Tienda física
FAC-000665,2025-09-17,CLI-00490,SKU-00091,-1,$890.41,MXN,1377.17,Tienda física
FAC-002723,10/21/2024,CLI-92793,SKU-00147,1,283.62,MXN,283.62,Marketplace
FAC-002087,2025-02-10,CLI-00239,SKU-00005,-4,$403.05,MXN,1209.15,Tienda física
FAC-003402,2025-08-08,CLI-00410,SKU-00119,3,834.69,MXN,2504.07,E-commerce
FAC-002646,2025-08-29,CLI-00434,SKU-00045,5,1132.55,MXN,5662.75,E-commerce
FAC-000050,2024-10-04,CLI-00327,SKU-00025,7,620.57,MXN,4343.99,E-commerce
FAC-000205,2025-01-13,CLI-00039,SKU-00122,-1,223.66,MXN,447.32,Tienda física
FAC-001547,2025-11-14,CLI-00217,SKU-00062,6,379.63,MXN,2277.78,Tienda física
FAC-001147,2024-11-26,CLI-00063,SKU-00005,1,400.93,MXN,400.93,Marketplace
FAC-000520,2025-07-20,CLI-00315,SKU-00064,6,126.57,MXN,759.42,E-commerce
FAC-001137,2025-03-02,,SKU-00002,7,3035.76, MXN ,21250.32,Marketplace
FAC-000736,2025-10-06,CLI-00217,SKU-00046,3,1177.9,MXN,3533.7,Tienda física
FAC-002586,2024-04-26,CLI-00497,SKU-00026,1,1130.0,MXN,1130.0,Tienda física
FAC-001354,13/05/2024,CLI-00212,SKU-00029,4,515.76,MXN,2063.04,E-commerce
FAC-001809,2024-07-08,CLI-91619,SKU-00031,1,403.76,MXN,403.76,E-commerce
FAC-001738,2024-10-02,CLI-00029,SKU-00064,4,120.05,MXN,480.2,E-commerce
FAC-000975,2025-12-15,CLI-00212,SKU-00037,7,957.04,MXN,6699.28,E-commerce
FAC-003430,2025-10-20,CLI-00239,SKU-00102,1,1538.13,MXN,1538.13,E-commerce
FAC-002916,2025-04-16,CLI-00218,SKU-00081,6,499.78, MXN ,2998.68,E-commerce
FAC-002481,23/12/2024,,SKU-00082,4,988.36,MXN,3953.44,Tienda física
FAC-002131,2024-05-02,CLI-00466,SKU-00113,2,2232.08,MXN,4464.16,Marketplace
FAC-000621,2025-02-16,CLI-00327,SKU-00111,5,1957.7,MXN,9788.5,Marketplace
FAC-002852,2025-12-26,CLI-00286,SKU-00101,2,845.88,MXN,1691.76,Tienda física
FAC-003320,09/07/2024,CLI-00490,SKU-00004,7,495.9,MXN,3471.3,E-commerce
FAC-002799,2025-03-23,CLI-00271,SKU-00010,7,710.69,MXN,4974.83,Marketplace
FAC-003333,07/09/2024,CLI-00046,SKU-00033,7,1183.34,MXN,8283.38,Tienda física
FAC-002162,2025-03-17,CLI-00245,SKU-00064,4,120.49,MXN,481.96,E-commerce
FAC-001178,2024-04-07,CLI-00168,SKU-00146,7,368.42,USD,2578.94,E-commerce
FAC-001707,08/13/2025,CLI-90493,SKU-00092,5,140.42,MXN,702.1,E-commerce
FAC-001729,2025-09-13,CLI-00465,SKU-00068,3,308.56,MXN,925.68,Marketplace
FAC-000389,2024-10-06,CLI-00398,SKU-00117,6,768.5, MXN ,4611.0,E-commerce
FAC-000903,2024-05-18,CLI-00440,SKU-00024,3,911.83,MXN,2735.49,Tienda física
FAC-002120,06/08/2024,CLI-00119,SKU-00069,2,360.52,MXN,721.04,Tienda física
FAC-002871,2024-07-29,CLI-00306,SKU-00150,2,530.52,MXN,1061.04,E-commerce
FAC-001307,2025-11-09,,SKU-00075,6,222.78,MXN,1336.68,E-commerce
FAC-000790,2024-08-17,CLI-00209,SKU-00102,4,1503.77,MXN,6015.08,Tienda física
FAC-001272,2025-04-01,CLI-00417,SKU-00149,4,60.56,MXN,242.24,Tienda física
FAC-003106,2025-12-26,CLI-00495,SKU-00138,5,474.33,MXN,2371.65,E-commerce
FAC-002642,2025-03-09,CLI-00190,SKU-00137,5,556.07,MXN,2780.35,E-commerce
FAC-002249,2025-12-04,CLI-00156,SKU-00152,4,549.72,MXN,2198.88,Teléfono
FAC-002303,07/10/2025,CLI-00394,SKU-00030,1,$902.01,USD,902.01,E-commerce
FAC-000791,2024-06-19,CLI-97846,SKU-00023,1,316.98,MXN,316.98,Teléfono
FAC-002403,05/09/2024,CLI-00252,SKU-00093,4,481.7,USD,1926.8,Tienda física
FAC-003432,2024-08-23,CLI-00456,SKU-00071,2,71.6,MXN,143.2,Teléfono
FAC-003334,2024-02-25,CLI-00149,SKU-00151,2,542.46,MXN,1084.92,E-commerce
FAC-002178,2025-10-07,CLI-00437,SKU-00128,4,523.19,MXN,2092.76,E-commerce
FAC-003276,2025-08-29,CLI-00177,SKU-00128,3,539.66,MXN,1618.98,E-commerce
FAC-002759,2025-01-30,CLI-00495,SKU-00032,4,784.33,MXN,3137.32,E-commerce
FAC-000487,2025-11-07,CLI-00320,SKU-91095,3,1786.47,MXN,5359.41,Teléfono
FAC-001154,20/04/2025,CLI-00036,SKU-00144,1,108.93,MXN,108.93,Marketplace
FAC-002057,2025-07-03,CLI-00187,SKU-00057,6,1247.04,MXN,7482.24,E-commerce
FAC-000505,2024-09-01,CLI-00069,SKU-00139,4,160.75,MXN,643.0,E-commerce
FAC-001432,16/01/2025,CLI-00457,SKU-00129,2,298.83,MXN,597.66,Marketplace
FAC-000775,2024-04-11,CLI-00420,SKU-00088,6,1303.7,MXN,7822.2,E-commerce
FAC-000454,2024-05-24,CLI-00277,SKU-00144,1,102.44,usd,,Marketplace
FAC-002658,2025-12-10,CLI-00449,SKU-00087,3,1260.08,MXN,3780.24,Tienda física
FAC-003284,2025-09-22,CLI-00492,SKU-00116,5,348.49,MXN,1742.45,E-commerce
FAC-003295,2025-10-25,CLI-00474,SKU-00038,1,624.43,MXN,624.43,Marketplace
FAC-001770,2025-04-03,CLI-00273,SKU-00009,7,1272.09, MXN ,8904.63,Tienda física
FAC-001850,10/06/2025,CLI-00229,SKU-00122,7,217.63,MXN,1211.38,Marketplace
FAC-003245,19/08/2025,CLI-00014,SKU-00070,2,404.45,MXN,808.9,E-commerce
FAC-003309,2025-08-05,CLI-00371,SKU-00094,7,301.31,MXN,2109.17,Marketplace
FAC-001330,2025-11-24,CLI-00261,SKU-00045,2,1085.55,USD,2171.1,E-commerce
FAC-000444,2025-04-04,CLI-00273,SKU-00093,2,495.45,MXN,990.9,E-commerce
FAC-000001,2024-03-21,CLI-00399,SKU-00108,3,314.38,MXN,779.84,E-commerce
FAC-002414,2024-06-08,CLI-00220,SKU-00148,3,$546.80,MXN,1640.4,E-commerce
FAC-002306,2024-01-21,CLI-00002,SKU-92568,2,386.88,MXN,773.76,E-commerce
FAC-001356,2024-05-24,CLI-00111,SKU-00026,4,1134.82,MXN,4539.28,Marketplace
FAC-001949,21/01/2025,CLI-00419,SKU-00061,2,432.16,USD,864.32,E-commerce
FAC-000187,2025-04-08,CLI-00264,SKU-00118,2,282.16, MXN ,564.32,Tienda física
FAC-000267,2025-08-26,CLI-00468,SKU-00146,1,387.05,MXN,387.05,E-commerce
FAC-003218,2025-01-18,CLI-00052,SKU-00028,3,584.33,MXN,1752.99,Marketplace
FAC-002342,2025-10-18,CLI-93634,SKU-00031,6,396.43,MXN,2378.58,Tienda física
FAC-002387,2025-10-03,CLI-00221,SKU-00029,-1,518.77,MXN,3631.39,Marketplace
FAC-002657,2024-02-22,CLI-00188,SKU-00093,6,485.46,MXN,2912.76,E-commerce
FAC-000088,2025-02-05,CLI-00507,SKU-00063,2,310.8,MXN,621.6,Tienda física
FAC-000673,2024-10-02,CLI-00195,SKU-00086,4,1426.74,MXN,5706.96,Tienda física
FAC-000433,2025-04-25,CLI-00320,SKU-00142,6,527.41,MXN,3164.46,Tienda física
FAC-003003,10/06/2025,CLI-00051,SKU-00083,2,180.53,MXN,361.06,E-commerce
FAC-003471,12/10/2025,CLI-00423,SKU-00147,-2,293.63, MXN ,1174.52,Tienda física
FAC-002392,07/13/2024,CLI-00287,SKU-98920,1,207.4,MXN,207.4,Tienda física
FAC-003450,06/11/2025,CLI-00094,SKU-00042,1,1626.68,MXN,1626.68,E-commerce
FAC-000118,03/06/2024,CLI-00435,SKU-00149,2,58.25,MXN,116.5,Tienda física
FAC-000680,04/03/2024,CLI-00160,SKU-00051,3,544.26,MXN,1632.78,E-commerce
FAC-001008,2024-05-17,CLI-00247,SKU-00117,2,791.26,MXN,1582.52,Marketplace
FAC-003324,2024-09-15,CLI-00086,SKU-00052,-2,916.7,MXN,1833.4,Tienda física
FAC-003032,09/23/2025,CLI-00147,SKU-00025,1,616.45,MXN,616.45,Tienda física
FAC-003212,2024-08-08,CLI-00450,SKU-00044,4,1542.58,mxn,6170.32,E-commerce
FAC-001273,2024-12-28,CLI-00416,SKU-00066,2,458.44, MXN ,916.88,Tienda física
FAC-003006,03/03/2024,CLI-00070,SKU-00114,1,1953.43,MXN,1953.43,Marketplace
FAC-000766,2024-08-04,CLI-00335,SKU-00087,7,1269.3,MXN,8885.1,Teléfono
FAC-002728,2024-10-06,CLI-00169,SKU-00011,4,517.31,MXN,1447.92,Tienda física
FAC-002620,31/10/2024,CLI-00109,SKU-00019,6,"$2,418.34",MXN,14510.04,Tienda física
FAC-001852,2025-02-09,CLI-00233,SKU-00040,2,687.74,USD,1375.48,Tienda física
FAC-001732,09/14/2024,CLI-00508,SKU-00062,2,355.99,MXN,711.98,Tienda física
FAC-000696,2025-09-26,CLI-00337,SKU-00123,7,418.99,MXN,2932.93,Marketplace
FAC-002743,2025-12-26,CLI-00175,SKU-00087,1,1226.48,mxn,1226.48,Tienda física
FAC-002525,2024-07-09,CLI-00449,SKU-00116,2,357.67,MXN,715.34,E-commerce
FAC-002750,2025-06-27,CLI-00427,SKU-00022,7,618.22,USD,4327.54,Teléfono
FAC-002840,2025-02-18,CLI-00317,SKU-00084,6,931.83,USD,5590.98,Tienda física
FAC-000651,2024-01-30,CLI-00466,SKU-00019,3,2317.35,MXN,6952.05,Tienda física
FAC-002535,24/09/2025,CLI-99625,SKU-00083,1,187.33,MXN,187.33,Tienda física
FAC-000321,2024-03-14,CLI-00332,SKU-00146,3,387.68,MXN,1163.04,Marketplace
FAC-000544,2024-08-15,CLI-00194,SKU-00009,7,1234.16,MXN,8639.12,E-commerce
FAC-000167,2024-03-07,,SKU-00147,6,281.9, MXN ,1691.4,Tienda física
FAC-003454,2025-09-02,CLI-00397,SKU-00094,6,300.59,MXN,1803.54,E-commerce
FAC-002991,2024-05-04,CLI-00227,SKU-00087,2,1220.9,MXN,2441.8,E-commerce
FAC-001296,02/03/2024,CLI-00406,SKU-00064,3,121.44,MXN,364.32,E-commerce
FAC-000767,2024-04-12,CLI-00090,SKU-00136,4,254.7,MXN,1018.8,Tienda física
FAC-002467,2025-10-12,CLI-00246,SKU-00127,3,720.85,USD,2162.55,Tienda física
FAC-001623,2025-07-28,CLI-00274,SKU-00065,5,200.75,MXN,1003.75,Tienda física
FAC-000936,2025-01-20,CLI-00097,SKU-00006,7,1758.58,MXN,12310.06,Marketplace
FAC-000177,2025-07-25,CLI-00149,SKU-00023,7,327.77,MXN,1378.51,E-commerce
FAC-002764,2025-07-02,CLI-00496,SKU-00070,1,408.85,USD,408.85,E-commerce
FAC-001058,2024-10-04,CLI-00011,SKU-00008,6,1897.86,mxn,11387.16,Marketplace
FAC-003005,15/12/2024,CLI-00388,SKU-94290,7,1771.42,MXN,12399.94,Marketplace
FAC-001989,2025-03-04,CLI-00024,SKU-00060,2,413.33,USD,826.66,Marketplace
FAC-000432,2025-01-18,CLI-00040,SKU-00104,4,249.1,MXN,996.4,Tienda física
FAC-002422,10/11/2024,CLI-00102,SKU-00061,2,419.38,MXN,838.76,E-commerce
FAC-000245,09/09/2025,CLI-00471,SKU-90209,7,713.39,usd,4993.73,Tienda física
FAC-002350,11/22/2024,CLI-00120,SKU-00023,4,339.77,MXN,1359.08,Tienda física
FAC-000025,10/04/2025,CLI-00326,SKU-00071,3,69.88,MXN,209.64,E-commerce
FAC-003135,2025-10-20,CLI-00234,SKU-00150,5,521.53,MXN,2607.65,E-commerce
FAC-000718,2024-08-11,CLI-00301,SKU-00005,3,403.32,MXN,1209.96,Tienda física
FAC-000470,2025-05-26,CLI-00504,SKU-00072,4,427.73,USD,1710.92,Marketplace
FAC-000072,2025-12-31,CLI-00151,SKU-00038,1,624.77,MXN,624.77,Marketplace
FAC-000351,2024-10-05,CLI-00315,SKU-00141,7,544.74,MXN,3813.18,Tienda física
FAC-002115,2024-10-15,CLI-00470,SKU-00095,1,384.46,MXN,384.46,Marketplace
FAC-001012,2025-08-20,CLI-00360,SKU-00032,4,780.03,MXN,3120.12,E-commerce
FAC-000268,2024-07-03,CLI-00088,SKU-00005,7,391.15,MXN,2738.05,Tienda física
FAC-001838,05/02/2024,CLI-00459,SKU-00009,1,1213.37,mxn,989.76,E-commerce
FAC-000631,2024-07-29,CLI-00351,SKU-00096,3,1485.35,MXN,4456.05,Tienda física
FAC-002380,04/10/2025,CLI-00217,SKU-00148,2,545.85,MXN,1091.7,Tienda física
FAC-003054,2025-04-08,CLI-00338,SKU-00002,5,2901.12,MXN,14505.6,Tienda física
FAC-003272,2024-01-29,CLI-00117,SKU-00120,3,673.31,MXN,2019.93,Marketplace
FAC-002974,12/08/2025,CLI-00387,SKU-00130,3,423.71,MXN,1271.13,Tienda física
FAC-000935,2025-06-17,CLI-00482,SKU-00082,3,953.59,MXN,2860.77,Tienda física
FAC-002048,10/24/2024,CLI-00019,SKU-00029,4,492.46,MXN,1969.84,Tienda física
FAC-001960,2025-12-22,CLI-00121,SKU-00046,4,1154.34,MXN,4617.36,Tienda física
FAC-000474,03/03/2025,,SKU-00065,3,200.0,mxn,316.76,E-commerce
FAC-002197,2025-09-17,CLI-00375,SKU-00018,6,883.12,MXN,5298.72,E-commerce
FAC-001353,2024-07-31,CLI-00253,SKU-00018,7,880.21,MXN,6161.47,Tienda física
FAC-002887,03/04/2025,CLI-00333,SKU-00082,1,971.64,MXN,971.64,Tienda física
FAC-001839,10/07/2024,CLI-00300,SKU-00030,4,905.76,MXN,3623.04,Marketplace
FAC-000916,29/12/2024,CLI-00126,SKU-00029,7,516.65,MXN,3616.55,Tienda física
FAC-003401,2024-08-31,CLI-00417,SKU-00056,2,810.18,MXN,1620.36,Tienda física
FAC-003261,06/11/2025,CLI-00352,SKU-00056,3,802.98,mxn,2408.94,E-commerce
FAC-002855,11/09/2025,CLI-00367,SKU-00074,3,434.42,USD,1303.26,E-commerce
FAC-001608,2024-09-10,CLI-00457,SKU-00127,6,705.68,MXN,4234.08,Marketplace
FAC-003247,2025-11-01,CLI-91311,SKU-00058,4,150.16,MXN,600.64,Marketplace
FAC-001258,2025-10-13,CLI-00458,SKU-00115,2,121.7,MXN,243.4,Teléfono
FAC-002189,2025-09-23,CLI-00146,SKU-00136,6,261.53,USD,1569.18,Tienda física
FAC-001118,05/09/2024,CLI-00388,SKU-00109,-2,1747.33,USD,1747.33,E-commerce
FAC-001010,2024-08-17,CLI-00271,SKU-00036,2,813.69,USD,1627.38,Tienda física
FAC-001674,2024-08-27,CLI-00164,SKU-00111,6,2089.27,MXN,12535.62,E-commerce
FAC-002919,2025-07-22,CLI-00030,SKU-00130,5,433.85,USD,2169.25,Tienda física
FAC-002295,12/27/2024,CLI-00243,SKU-00041,-4,1644.66,USD,3289.32,E-commerce
FAC-001483,2025-11-23,CLI-00390,SKU-00124,2,823.96,MXN,845.58,Marketplace
FAC-002499,2025-11-20,CLI-00266,SKU-00044,6,"$1,605.28",MXN,9631.68,Tienda física
FAC-001167,2025-12-15,CLI-00214,SKU-00018,1,838.94,MXN,838.94,Teléfono
FAC-001688,2025-07-22,CLI-00089,SKU-00054,6,446.78,MXN,1748.47,Tienda física
FAC-002478,12/10/2025,CLI-00114,SKU-00089,3,1294.92,MXN,3884.76,Tienda física
FAC-000659,2025-02-05,CLI-00095,SKU-00100,4,2060.88,MXN,8243.52,E-commerce
FAC-001208,2024-03-14,CLI-00377,SKU-00105,1,1618.93, MXN ,1074.92,Marketplace
FAC-002650,2025-05-20,CLI-00153,SKU-00033,1,1151.7, USD ,1151.7,Tienda física
FAC-000759,2025-07-18,CLI-00407,SKU-00025,7,595.94,MXN,4171.58,Teléfono
FAC-003102,19/01/2025,,SKU-00023,4,320.69,MXN,1282.76,Tienda física
FAC-001276,2024-12-29,CLI-00423,SKU-00087,7,1289.53,MXN,9026.71,Tienda física
FAC-002726,2025-12-08,,SKU-00133,2,220.23,MXN,440.46,Tienda física
FAC-002177,2025-07-28,CLI-00019,SKU-00144,6,102.69,MXN,616.14,Marketplace
FAC-001175,2025-11-03,CLI-00006,SKU-00139,5,169.5,MXN,847.5,Marketplace
FAC-001060,2025-06-05,CLI-00131,SKU-00115,1,122.0,MXN,122.0,Teléfono
FAC-001464,04/10/2024,CLI-00347,SKU-00053,3,688.02,MXN,2064.06,Tienda física
FAC-001114,2024-02-28,CLI-00406,SKU-00013,4,2614.07,MXN,7105.99,E-commerce
FAC-001944,2024-01-12,CLI-00101,SKU-00128,6,545.98,MXN,3275.88,Marketplace
FAC-002652,2024-02-10,CLI-00076,SKU-00126,1,502.58,MXN,502.58,Tienda física
FAC-000551,2024-07-03,CLI-00508,SKU-00063,5,311.93,MXN,1559.65,Marketplace
FAC-001412,02/11/2024,CLI-00310,SKU-00044,6,1615.56,MXN,9693.36,E-commerce
FAC-002554,01/05/2024,CLI-00221,SKU-00038,7,637.03,MXN,4459.21,Tienda física
FAC-002638,2024-03-24,CLI-00165,SKU-00101,6,844.86,MXN,5069.16,E-commerce
FAC-002286,2025-04-09,CLI-00173,SKU-00018,5,887.58,MXN,4437.9,Marketplace
FAC-001650,07/20/2024,CLI-00320,SKU-00096,5,"$1,448.16",USD,7240.8,E-commerce
FAC-002647,03/06/2025,CLI-00006,SKU-00017,6,841.3,MXN,5047.8,Teléfono
FAC-000400,2024-07-21,CLI-00317,SKU-00099,6,1990.78,MXN,11944.68,Marketplace
FAC-000453,2024-04-27,CLI-00128,SKU-00033,4,1224.46, MXN ,4897.84,Tienda física
FAC-001249,2025-11-11,CLI-00391,SKU-00117,3,745.3,MXN,2235.9,Tienda física
FAC-002883,10/09/2024,CLI-00205,SKU-00073,4,57.3,MXN,229.2,Tienda física
FAC-003173,2024-12-18,CLI-00087,SKU-00144,1,105.64,MXN,105.64,Tienda física
FAC-002660,10/06/2024,CLI-00436,SKU-00008,1,1920.19,MXN,1920.19,Marketplace
FAC-002936,08/26/2025,CLI-00493,SKU-00104,6,247.17,USD,880.51,Marketplace
FAC-000443,2024-12-07,CLI-00197,SKU-00140,3,173.7,MXN,521.1,Tienda física
FAC-001494,2025-06-19,CLI-00342,SKU-00099,3,1873.86,MXN,5621.58,Tienda física
FAC-000786,2025-02-24,CLI-00020,SKU-00046,4,1161.43,USD,4645.72,Marketplace
FAC-001965,2025-03-20,CLI-00285,SKU-00086,1,1340.58,MXN,1340.58,E-commerce
FAC-000327,2025-04-22,CLI-00063,SKU-00068,1,301.47,USD,301.47,Tienda física
FAC-001083,15/03/2025,CLI-00379,SKU-00115,2,125.18,MXN,250.36,Tienda física
FAC-001752,03/17/2024,CLI-00026,SKU-00019,7,2439.9,MXN,17079.3,Marketplace
FAC-001475,2025-05-05,CLI-00015,SKU-00082,2,984.99,MXN,1969.98,Tienda física
FAC-000261,10/09/2025,CLI-00452,SKU-00149,1,57.93,MXN,57.93,Tienda física
FAC-003303,2024-08-24,CLI-00434,SKU-00112,5,192.61,mxn,963.05,Tienda física
FAC-001612,04/02/2024,CLI-00059,SKU-00010,4,701.9,MXN,2009.63,Tienda física
FAC-000176,2024-01-03,CLI-00052,SKU-00138,4,459.56,MXN,1838.24,Tienda física
FAC-001182,2025-06-11,CLI-00297,SKU-00026,4,1127.41,MXN,4509.64,E-commerce
FAC-000328,2025-04-01,CLI-00398,SKU-00126,3,479.43,MXN,1042.22,E-commerce
FAC-001117,2025-01-09,CLI-00343,SKU-00056,5,774.81,USD,3874.05,Marketplace
FAC-001284,2025-03-09,CLI-00479,SKU-00071,7,72.29,MXN,506.03,Tienda física
FAC-002335,14/10/2025,CLI-00085,SKU-00033,1,1171.11,MXN,1171.11,E-commerce
FAC-001182,2025-06-11,CLI-00297,SKU-00026,4,1127.41,MXN,4509.64,E-commerce
FAC-002673,2025-10-20,,SKU-00087,2,1273.03,MXN,2546.06,Marketplace
FAC-001164,2024-06-30,CLI-95952,SKU-00109,5,1755.92,MXN,8779.6,Marketplace
FAC-000249,24/06/2025,CLI-00445,SKU-00004,7,511.7, MXN ,2124.81,Tienda física
FAC-002186,2024-06-09,CLI-00508,SKU-00038,2,626.24,MXN,1252.48,Tienda física
FAC-001116,24/12/2024,CLI-00458,SKU-00126,5,474.27,MXN,2371.35,Tienda física
FAC-000014,2024-03-25,CLI-00201,SKU-00124,3,795.9,MXN,1915.78,E-commerce
FAC-001708,2024-05-05,CLI-00029,SKU-00128,1,512.7,MXN,512.7,Tienda física
FAC-000504,2024-10-03,CLI-00357,SKU-00104,6,234.71,MXN,1408.26,Tienda física
FAC-002848,2025-10-06,CLI-00093,SKU-00072,2,413.4,mxn,826.8,Teléfono
FAC-000080,07/05/2024,CLI-00497,SKU-00132,5,866.12,mxn,4330.6,E-commerce
FAC-002276,05/02/2025,CLI-00434,SKU-00076,7,54.15,MXN,379.05,Marketplace
FAC-001306,2024-02-17,CLI-00311,SKU-00042,7,1587.52,MXN,11112.64,E-commerce
FAC-001450,19/08/2025,CLI-00068,SKU-00146,5,387.17,MXN,1309.25,E-commerce
FAC-000563,16/04/2025,CLI-00438,SKU-00037,6,960.75,USD,5764.5,Marketplace
FAC-000851,2025-02-15,CLI-00175,SKU-00044,2,1581.73,MXN,3163.46,E-commerce
FAC-002423,2025-12-03,CLI-00279,SKU-00129,-1,304.04,MXN,1824.24,E-commerce
FAC-001703,2024-01-12,CLI-00144,SKU-93338,3,1011.12,MXN,3033.36,Tienda física
FAC-001344,2024-10-09,CLI-00039,SKU-00094,7,297.88,MXN,2085.16,Tienda física
FAC-003137,12/08/2024,CLI-00115,SKU-00083,6,181.37,MXN,1088.22,E-commerce
FAC-002386,2025-07-13,,SKU-00139,5,165.53,USD,827.65,E-commerce
FAC-000343,2024-02-25,CLI-00049,SKU-00069,5,370.49,MXN,1852.45,Teléfono
FAC-002994,25/04/2024,CLI-00079,SKU-00126,4,493.05,usd,1972.2,Teléfono
FAC-002074,2024-09-27,CLI-00325,SKU-00136,4,247.55,MXN,990.2,Tienda física
FAC-001844,2025-03-20,CLI-00493,SKU-00074,1,436.77,MXN,436.77,Tienda física
FAC-000302,2025-11-26,CLI-00020,SKU-90728,4,362.52,MXN,1450.08,E-commerce
FAC-000588,2025-03-10,CLI-00327,SKU-00073,6,54.37,MXN,326.22,E-commerce
FAC-002727,2024-10-01,CLI-00283,SKU-00130,1,434.59,MXN,434.59,Marketplace
FAC-000604,2025-07-29,CLI-00157,SKU-00104,5,239.96,MXN,1199.8,E-commerce
FAC-002611,2025-09-21,CLI-00371,SKU-00083,6,184.6,USD,1107.6,Marketplace
FAC-001283,2025-09-05,CLI-00050,SKU-00117,6,763.38,MXN,3759.96,Tienda física
FAC-002280,21/08/2024,CLI-00249,SKU-00081,5,512.89,mxn,2564.45,E-commerce
FAC-001304,2025-11-11,CLI-00342,SKU-90907,1,1336.14,USD,1336.14,Tienda física
FAC-001092,2025-09-10,CLI-00466,SKU-00097,3,1936.55,MXN,5809.65,Marketplace
FAC-002026,09/07/2025,CLI-00256,SKU-00134,1,227.22,MXN,227.22,E-commerce
FAC-000319,2025-10-29,CLI-00417,SKU-00008,5,1884.72,MXN,9423.6,E-commerce
FAC-002811,2025-01-20,CLI-00064,SKU-93270,7,310.99,MXN,2176.93,Marketplace
FAC-002305,2025-11-19,CLI-00442,SKU-00034,4,1141.51,MXN,4566.04,E-commerce
FAC-000418,09/14/2024,CLI-00297,SKU-00129,7,294.76,MXN,2063.32,E-commerce
FAC-001876,05/01/2025,CLI-00316,SKU-00141,6,526.57,MXN,3159.42,Tienda física
FAC-003180,03/10/2025,CLI-00411,SKU-00100,3,2202.73,MXN,6608.19,Marketplace
FAC-001023,2024-09-05,CLI-00167,SKU-00129,6,301.58,MXN,,E-commerce
FAC-000107,2025-02-13,CLI-00220,SKU-00090,5,1394.5,MXN,6972.5,Teléfono
FAC-003310,2025-07-09,CLI-00261,SKU-00057,4,1202.76,MXN,4811.04,E-commerce
FAC-000594,2024-01-30,,SKU-90447,7,403.27,MXN,2822.89,Tienda física
FAC-000506,2024-11-12,CLI-00269,SKU-00115,6,117.81,MXN,706.86,Teléfono
FAC-000409,2025-11-22,CLI-00125,SKU-00134,4,222.44,MXN,889.76,Tienda física
FAC-003205,2025-08-01,CLI-00256,SKU-00121,1,324.27,MXN,324.27,Tienda física
FAC-001654,2024-03-14,CLI-00114,SKU-00002,3,2972.73,MXN,8918.19,Tienda física
FAC-003382,2024-03-07,CLI-00459,SKU-00005,2,382.53,MXN,765.06,Marketplace
FAC-002014,2025-04-12,CLI-00076,SKU-00005,1,387.93,MXN,387.93,E-commerce
FAC-001434,2024-02-14,,SKU-00074,1,429.82,MXN,429.82,Tienda física
FAC-000014,2024-03-25,CLI-00201,SKU-00124,3,795.9,MXN,1915.78,E-commerce
FAC-000491,2025-01-22,CLI-00508,SKU-00123,6,419.65,MXN,2517.9,E-commerce
FAC-001990,2024-06-29,CLI-00305,SKU-00019,2,2375.12,MXN,4750.24,Tienda física
FAC-000124,12/03/2025,CLI-00067,SKU-00099,1,1941.67,MXN,1941.67,E-commerce
FAC-001554,2024-10-06,CLI-00323,SKU-00058,3,143.49,MXN,430.47,E-commerce
FAC-001287,09/03/2024,CLI-00463,SKU-00122,1,219.67,MXN,219.67,E-commerce
FAC-001658,2024-06-07,CLI-00113,SKU-00099,4,1866.25,MXN,7465.0,E-commerce
FAC-002114,2025-10-11,CLI-00103,SKU-00088,7,1313.84,MXN,9196.88,Marketplace
FAC-003107,2025-11-11,CLI-00441,SKU-00134,1,221.7,USD,221.7,Marketplace
FAC-001606,2024-08-26,CLI-00350,SKU-00062,3,353.43,MXN,1060.29,E-commerce
FAC-001664,2024-09-28,CLI-00474,SKU-00149,6,61.15,MXN,366.9,E-commerce
FAC-001866,2024-05-11,CLI-00407,SKU-00013,6,2591.38,MXN,15548.28,Tienda física
FAC-002995,2024-07-04,CLI-00335,SKU-00015,5,893.07,MXN,4465.35,E-commerce
FAC-000689,12/05/2025,CLI-00401,SKU-00003,3,2882.85,USD,8648.55,E-commerce
FAC-001386,04/24/2024,CLI-00378,SKU-00056,1,800.96,MXN,800.96,E-commerce
FAC-002572,2025-12-10,CLI-00140,SKU-00128,4,537.55,MXN,2150.2,Tienda física
FAC-000146,02/09/2024,CLI-00310,SKU-00137,7,551.7,mxn,3861.9,Tienda física
FAC-000812,2025-05-30,CLI-00260,SKU-00130,5,454.09,MXN,2270.45,E-commerce
FAC-002226,15/06/2024,CLI-00387,SKU-00109,6,1674.59,MXN,10047.54,Tienda física
FAC-000277,2024-02-04,CLI-00070,SKU-00062,4,364.32,MXN,1457.28,Tienda física
FAC-000017,2025-04-21,CLI-00029,SKU-00050,2,491.63,USD,983.26,Marketplace
FAC-001451,2025-10-26,CLI-00201,SKU-00082,1,949.27,MXN,549.66,Tienda física
FAC-001834,2024-11-23,CLI-00148,SKU-00136,7,255.67,MXN,1134.06,E-commerce
FAC-001396,2025-05-25,CLI-00306,SKU-00059,3,406.26,MXN,1218.78,Marketplace
FAC-001064,04/04/2024,CLI-00325,SKU-00095,-2,385.46,MXN,1541.84,Tienda física
FAC-003300,01/12/2024,CLI-00374,SKU-00112,4,189.29,MXN,757.16,E-commerce
FAC-001162,10/04/2025,CLI-00471,SKU-00078,4,878.87,MXN,3515.48,Teléfono
FAC-001924,2025-02-22,CLI-00294,SKU-00111,7,2057.6,USD,14403.2,E-commerce
FAC-002604,2024-08-01,CLI-00132,SKU-00074,1,450.15,MXN,352.34,Tienda física
FAC-000258,12/05/2024,CLI-00043,SKU-00076,1,52.07, MXN ,52.07,Tienda física
FAC-000623,12/19/2024,CLI-00387,SKU-00038,7,602.3,MXN,4216.1,E-commerce
FAC-001374,2024-10-27,CLI-00099,SKU-97704,-4,2085.96,MXN,10429.8,E-commerce
FAC-000182,2025-03-26,CLI-00128,SKU-00021,5,181.42,MXN,907.1,Marketplace
FAC-003386,12/02/2025,CLI-00319,SKU-00009,6,"$1,210.16",MXN,7260.96,Tienda física
FAC-002025,06/08/2024,CLI-00250,SKU-00037,2,977.4,MXN,1954.8,Marketplace
FAC-002106,04/06/2024,CLI-00011,SKU-00084,4,953.81,MXN,3815.24,E-commerce
FAC-000032,2025-10-03,CLI-00337,SKU-00136,3,242.32,MXN,559.9,Tienda física
FAC-000342,2024-08-19,CLI-00039,SKU-00152,5,552.75, USD ,2763.75,Teléfono
FAC-002356,08/04/2024,CLI-00407,SKU-00044,2,1541.28,MXN,2073.31,Tienda física
FAC-000728,2024-06-04,CLI-00336,SKU-00061,5,423.36,MXN,1324.75,Tienda física
FAC-001108,29/01/2025,CLI-00370,SKU-00087,2,1295.09,USD,2590.18,Marketplace
FAC-002841,2024-05-16,CLI-00372,SKU-00093,6,473.41,MXN,2840.46,E-commerce
FAC-000745,2025-09-23,CLI-00099,SKU-00094,1,307.99,MXN,307.99,E-commerce
FAC-001957,2025-03-06,CLI-00259,SKU-00119,1,846.65,MXN,846.65,Tienda física
FAC-002564,2025-02-10,CLI-00459,SKU-00002,7,3015.91,MXN,21111.37,Tienda física
FAC-000241,2025-10-27,CLI-00277,SKU-00139,3,162.42,MXN,487.26,E-commerce
FAC-002791,2025-02-03,CLI-00190,SKU-00028,1,602.47,MXN,602.47,Marketplace
FAC-002485,2024-11-25,CLI-95566,SKU-00075,7,231.32,MXN,1619.24,E-commerce
FAC-000113,2024-06-27,CLI-00451,SKU-95277,7,103.34,MXN,362.94,Tienda física
FAC-000311,2024-05-14,CLI-00423,SKU-00121,6,318.27,MXN,1909.62,Marketplace
FAC-002458,2024-03-05,CLI-00142,SKU-00143,5,44.94,MXN,224.7,E-commerce
FAC-000830,12/28/2025,CLI-00370,SKU-00036,2,797.23,MXN,1594.46,E-commerce
FAC-002364,2024-04-26,CLI-00074,SKU-00131,1,102.96,MXN,102.96,Marketplace
FAC-002318,2025-02-05,CLI-00043,SKU-00077,1,1445.47,MXN,1445.47,Tienda física
FAC-000442,03/18/2024,CLI-00015,SKU-00114,3,1988.18,MXN,3008.92,E-commerce
FAC-002142,2024-03-02,CLI-00272,SKU-00061,7,419.36,MXN,2935.52,Tienda física
FAC-000781,2024-09-11,CLI-00213,SKU-00152,7,560.68,USD,3924.76,Marketplace
FAC-000980,2025-09-05,CLI-00264,SKU-00076,5,52.0,MXN,260.0,E-commerce
FAC-003379,2024-10-16,CLI-00121,SKU-00044,5,1656.08,MXN,8280.4,Tienda física
FAC-001214,2025-07-18,CLI-00120,SKU-00019,6,2309.67,MXN,13858.02,E-commerce
FAC-001855,2025-05-09,CLI-00058,SKU-00062,6,376.15,MXN,2256.9,E-commerce
FAC-001521,17/01/2024,CLI-00204,SKU-00021,6,195.08,MXN,1170.48,E-commerce
FAC-001166,01/16/2025,CLI-00122,SKU-00098,5,1317.85,MXN,6589.25,Teléfono
FAC-001631,01/28/2024,CLI-00333,SKU-00013,3,2429.84,USD,7289.52,Tienda física
FAC-002416,12/09/2025,,SKU-00034,6,1085.52,MXN,6513.12,E-commerce
FAC-002980,2025-02-17,CLI-00281,SKU-00133,5,211.79, MXN ,810.57,E-commerce
FAC-000456,12/23/2024,CLI-00028,SKU-00130,4,434.78,MXN,1739.12,E-commerce
FAC-002445,2024-06-13,CLI-00081,SKU-00145,7,457.63,MXN,3203.41,Tienda física
FAC-001413,2024-07-07,CLI-00479,SKU-00091,2,852.03,MXN,1704.06,E-commerce
FAC-000949,2024-05-06,CLI-00342,SKU-00056,3,806.05,MXN,2418.15,Teléfono
FAC-000077,06/23/2024,CLI-98092,SKU-00010,7,705.43,MXN,4938.01,Tienda física
FAC-001032,2025-04-29,CLI-00325,SKU-00097,3,1994.69,MXN,5984.07,E-commerce
FAC-001422,2025-07-23,CLI-00003,SKU-00122,7,216.11,MXN,1512.77,Tienda física
FAC-001818,2025-10-06,CLI-00257,SKU-00058,6,146.25,MXN,877.5,Tienda física
FAC-002632,2024-06-06,CLI-00067,SKU-00103,3,2327.08,MXN,6981.24,E-commerce
FAC-002780,2025-10-12,CLI-00135,SKU-00006,4,1739.69,MXN,6958.76,Tienda física
FAC-003345,12/23/2025,CLI-00483,SKU-00106,4,685.54,USD,2742.16,Teléfono
FAC-001026,2025-08-11,CLI-00248,SKU-00071,-2,69.02,MXN,207.06,E-commerce
FAC-002132,05/07/2024,CLI-00363,SKU-00151,5,549.81,MXN,2749.05,E-commerce
FAC-002725,2024-02-23,CLI-00397,SKU-00068,2,301.6,MXN,603.2,Marketplace
FAC-001657,2024-07-16,CLI-00254,SKU-00135,6,395.1,MXN,2370.6,Tienda física
FAC-001509,03/21/2025,CLI-00011,SKU-00101,1,859.39,MXN,859.39,E-commerce
FAC-002510,2025-04-10,CLI-00101,SKU-00132,2,$854.04,MXN,1708.08,E-commerce
FAC-003214,2024-11-04,,SKU-00090,6,1364.58,MXN,8187.48,Marketplace
FAC-001326,09/09/2024,CLI-00503,SKU-00078,2,875.0,MXN,1750.0,E-commerce
FAC-000210,2025-04-05,CLI-00093,SKU-00043,7,730.19,MXN,5111.33,Tienda física
FAC-001030,2024-01-21,CLI-00117,SKU-00047,7,1234.41,MXN,8640.87,Tienda física
FAC-001433,2025-03-02,CLI-91983,SKU-00128,5,515.68,MXN,2578.4,Tienda física
FAC-000089,2024-04-13,CLI-00191,SKU-00045,4,1116.43,MXN,4465.72,Marketplace
FAC-002540,2025-12-02,CLI-00071,SKU-00087,3,1245.75,MXN,3737.25,E-commerce
FAC-001213,2025-07-22,CLI-00316,SKU-00009,5,1301.86,USD,6509.3,E-commerce
FAC-003082,10/10/2024,CLI-00462,SKU-00010,5,711.82,MXN,3559.1,E-commerce
FAC-002561,2025-03-17,CLI-95827,SKU-00146,1,388.14,MXN,388.14,E-commerce
FAC-002435,2024-10-30,CLI-00265,SKU-00115,4,125.23,MXN,500.92,E-commerce
FAC-003042,2025-10-22,CLI-00261,SKU-00068,5,305.89,MXN,820.78,E-commerce
FAC-002527,2024-04-26,CLI-91476,SKU-00040,7,689.05,MXN,4823.35,Tienda física
FAC-003434,23/01/2025,CLI-00192,SKU-00145,5,451.72,MXN,2258.6,Tienda física
FAC-000735,2025-06-27,CLI-00162,SKU-00063,7,297.11,MXN,2079.77,Marketplace
FAC-002471,2025-04-19,CLI-00182,SKU-00092,6,147.63,MXN,885.78,Tienda física
FAC-001285,2025-05-18,CLI-00126,SKU-00123,7,439.35,MXN,3075.45,Tienda física
FAC-000424,2024-04-23,CLI-00133,SKU-00051,3,568.62,MXN,1705.86,E-commerce
FAC-001599,29/07/2025,CLI-00345,SKU-00043,2,739.7,MXN,1479.4,E-commerce
FAC-000151,2025-02-16,CLI-00008,SKU-00034,2,1082.07,MXN,2164.14,Tienda física
FAC-000247,2025-07-12,CLI-00345,SKU-00056,1,812.83,MXN,812.83,Marketplace
FAC-003372,2024-12-03,CLI-00079,SKU-00064,3,123.26,MXN,369.78,Tienda física
FAC-000749,2024-01-29,CLI-00160,SKU-00021,5,194.44,MXN,,E-commerce
FAC-002434,2025-11-21,CLI-00450,SKU-00097,3,1995.81,USD,5987.43,E-commerce
FAC-000293,02/05/2025,CLI-00246,SKU-00139,4,161.14,MXN,644.56,Tienda física
FAC-001264,2024-05-13,CLI-00439,SKU-00131,1,105.77,mxn,105.77,Tienda física
FAC-000231,01/05/2025,CLI-00225,SKU-00089,2,1299.53,MXN,2599.06,E-commerce
FAC-002475,2024-03-20,CLI-00117,SKU-98357,1,841.27,USD,841.27,Marketplace
FAC-000811,2025-12-28,CLI-00336,SKU-00076,1,52.73,MXN,,E-commerce
FAC-001499,05/02/2025,CLI-00061,SKU-00044,2,1621.42,MXN,3242.84,Marketplace
FAC-002239,03/05/2024,CLI-00341,SKU-00023,4,319.52,MXN,1278.08,Tienda física
FAC-000900,2025-03-13,CLI-00373,SKU-00130,1,439.98,MXN,439.98,Tienda física
FAC-002971,2024-08-21,CLI-00157,SKU-00041,7,1595.54, MXN ,11168.78,Marketplace
FAC-000143,30/11/2024,CLI-00100,SKU-00097,7,1962.65,MXN,13738.55,Marketplace
FAC-002749,2024-04-15,CLI-00294,SKU-00115,4,121.44,MXN,485.76,Tienda física
FAC-002049,10/22/2024,CLI-00266,SKU-00080,1,$865.08,MXN,610.24,Tienda física
FAC-001367,2024-12-15,CLI-00280,SKU-00077,3,1443.8,MXN,4331.4,E-commerce
FAC-000304,2024-06-21,CLI-00156,SKU-00026,-3,1147.65,MXN,6885.9,Tienda física
FAC-002790,03/11/2025,CLI-00471,SKU-00111,1,"$2,088.01",MXN,2088.01,E-commerce
FAC-001562,2024-02-03,CLI-00392,SKU-00034,5,1086.78, MXN ,5433.9,E-commerce
FAC-000027,15/06/2025,CLI-98741,SKU-00036,7,817.47,MXN,,E-commerce
FAC-000051,01/02/2025,CLI-00328,SKU-00014,3,249.56,MXN,748.68,Marketplace
FAC-001243,2025-03-29,CLI-96697,SKU-00023,1,320.47,MXN,320.47,Tienda física
FAC-000690,2024-05-25,CLI-00254,SKU-00004,1,483.42,MXN,483.42,Marketplace
FAC-002341,2024-03-25,CLI-00322,SKU-00060,7,444.89,USD,3114.23,Tienda física
FAC-002354,2024-05-05,CLI-00233,SKU-00108,3,309.08,MXN,927.24,Tienda física
FAC-003311,2025-03-25,CLI-00015,SKU-00082,1,952.03,MXN,952.03,Marketplace
FAC-000481,2025-02-21,CLI-00049,SKU-00140,3,176.06,MXN,,E-commerce
FAC-002854,2025-02-24,CLI-00112,SKU-00081,6,485.1,MXN,,E-commerce
FAC-002817,10/28/2024,CLI-00463,SKU-00057,2,1249.64,MXN,2499.28,Marketplace
FAC-003381,2024-07-19,CLI-00251,SKU-00029,-3,498.1,MXN,1494.3,Tienda física
FAC-002584,2024-08-11,CLI-00133,SKU-00045,5,1124.55,MXN,5622.75,Tienda física
FAC-000086,2025-07-14,CLI-00405,SKU-00054,2,445.91,MXN,891.82,E-commerce
FAC-000929,2024-12-13,CLI-00159,SKU-00101,3,883.25,MXN,2649.75,E-commerce
FAC-002456,2025-07-21,CLI-00046,SKU-00097,-1,1938.99,USD,9694.95,Tienda física
FAC-003476,2024-02-20,CLI-00123,SKU-00053,7,690.91,MXN,4836.37,Tienda física
FAC-001111,2025-03-13,CLI-00447,SKU-00127,2,706.14,MXN,1412.28,Tienda física
FAC-002898,2024-09-04,CLI-00222,SKU-00018,3,834.37,MXN,2503.11,E-commerce
FAC-002722,13/11/2025,,SKU-00140,6,170.05,MXN,1020.3,Tienda física
FAC-000406,23/04/2025,CLI-00149,SKU-00114,1,1994.96,MXN,1994.96,Tienda física
FAC-002885,2025-08-01,CLI-00149,SKU-00115,4,116.05,mxn,464.2,Marketplace
FAC-001831,23/08/2024,CLI-00160,SKU-00054,7,427.08,MXN,2989.56,E-commerce
FAC-000134,2025-12-19,CLI-00228,SKU-00074,2,440.1,MXN,880.2,E-commerce
FAC-003097,03/24/2025,CLI-00326,SKU-95447,2,1337.51,MXN,2675.02,Tienda física
FAC-002438,2025-04-16,CLI-00009,SKU-00133,1,212.1,MXN,212.1,E-commerce
FAC-002071,12/26/2025,CLI-00375,SKU-00066,6,443.1,MXN,2658.6,Tienda física
FAC-001780,08/06/2024,CLI-00094,SKU-00068,2,310.2,MXN,620.4,E-commerce
FAC-002192,2024-09-09,CLI-00412,SKU-00023,3,322.69,MXN,968.07,Marketplace
FAC-003363,2025-04-08,CLI-00447,SKU-00047,3,1223.66,MXN,3670.98,Marketplace
FAC-000308,2025-09-16,CLI-00142,SKU-00008,6,1898.42,MXN,11390.52,Tienda física
FAC-000991,2025-06-05,CLI-00127,SKU-00134,4,223.76,MXN,895.04,Tienda física
FAC-002216,2025-01-10,CLI-00482,SKU-00011,5,530.54,MXN,2652.7,Tienda física
FAC-002141,2024-03-05,CLI-00149,SKU-00078,4,872.95, MXN ,3491.8,E-commerce
FAC-002498,11/15/2024,CLI-00467,SKU-00018,2,875.72,USD,1751.44,Tienda física
FAC-001465,2024-11-23,CLI-00261,SKU-00113,4,2290.31,MXN,9161.24,E-commerce
FAC-001084,09/04/2025,CLI-00252,SKU-00124,6,834.84,USD,5009.04,Tienda física
FAC-003200,08/19/2024,CLI-00478,SKU-00099,6,1905.68,MXN,11434.08,Teléfono
FAC-001069,08/01/2025,CLI-00125,SKU-00065,2,204.25,MXN,332.42,Tienda física
FAC-003323,2025-03-09,CLI-00157,SKU-00041,7,1580.47,mxn,11063.29,Tienda física
FAC-000850,19/09/2025,CLI-00476,SKU-00119,6,820.4,MXN,4922.4,E-commerce
FAC-000906,2024-08-12,CLI-97604,SKU-00134,6,217.04,MXN,1302.24,E-commerce
FAC-000739,12/07/2025,CLI-00012,SKU-00129,3,294.52,MXN,883.56,Marketplace
FAC-002776,2025-05-22,CLI-97872,SKU-00003,7,2914.85,USD,20403.95,Marketplace
FAC-003291,2024-02-05,CLI-00265,SKU-00082,5,953.19,MXN,4765.95,Tienda física
FAC-001693,2025-02-08,CLI-00423,SKU-00136,4,253.56,MXN,1014.24,Tienda física
FAC-001803,01/01/2024,CLI-00134,SKU-00070,6,429.87,MXN,2579.22,Marketplace
FAC-000686,2024-07-11,CLI-00411,SKU-00120,7,684.52,MXN,4791.64,Tienda física
FAC-001452,2025-03-28,CLI-00267,SKU-00152,7,561.74,mxn,3932.18,Marketplace
FAC-002552,2024-02-03,CLI-00265,SKU-00124,5,785.67,MXN,3928.35,E-commerce
FAC-000954,15/08/2025,CLI-00111,SKU-00116,6,356.03,MXN,2136.18,Marketplace
FAC-002382,07/17/2024,CLI-00286,SKU-00091,7,859.34,MXN,6015.38,E-commerce
FAC-000386,2024-09-25,CLI-00450,SKU-00011,2,525.1,MXN,1050.2,Tienda física
FAC-002793,2025-04-22,CLI-00371,SKU-00069,4,373.67,MXN,1494.68,E-commerce
FAC-002569,08/09/2025,CLI-00458,SKU-00074,5,442.7,MXN,2213.5,E-commerce
FAC-001244,2024-11-18,CLI-00379,SKU-00096,5,1479.84,MXN,7399.2,Teléfono
FAC-000554,2024-04-03,CLI-00388,SKU-00098,5,"$1,282.04",MXN,6410.2,Tienda física
FAC-001544,2025-11-20,CLI-00433,SKU-00029,5,510.6,MXN,1607.08,Tienda física
FAC-002696,2025-09-29,CLI-00108,SKU-00035,4,793.52,MXN,3174.08,Teléfono
FAC-003230,2024-05-23,CLI-00432,SKU-00082,7,964.85,MXN,6753.95,Marketplace
FAC-002204,2025-07-09,CLI-00202,SKU-00015,1,859.58,USD,859.58,Tienda física
FAC-003428,2025-08-28,CLI-00128,SKU-00130,5,452.91,MXN,2264.55,Tienda física
FAC-000849,2024-08-25,CLI-00484,SKU-00116,6,$339.48, MXN ,2036.88,E-commerce
FAC-002822,2024-10-11,CLI-00306,SKU-00013,6,2502.42,USD,15014.52,Tienda física
FAC-001867,2025-05-03,CLI-00167,SKU-00002,6,3020.93,MXN,18125.58,E-commerce
FAC-000305,2025-07-31,CLI-00225,SKU-00076,5,54.07, MXN ,270.35,Marketplace
FAC-000671,2024-10-24,CLI-00033,SKU-00080,7,854.57,MXN,5981.99,Tienda física
FAC-000826,2025-09-25,CLI-00093,SKU-00058,4,141.48,MXN,565.92,Tienda física
FAC-002029,07/06/2024,CLI-00356,SKU-00096,6,1445.81,MXN,8674.86,Teléfono
FAC-001469,27/01/2024,CLI-00235,SKU-00094,5,314.05,MXN,1570.25,Tienda física
FAC-001823,2024-08-29,CLI-96364,SKU-00134,7,214.82,USD,1503.74,E-commerce
FAC-000093,2024-10-17,CLI-00024,SKU-00071,5,68.58,MXN,342.9,Tienda física
FAC-002472,2024-11-16,CLI-00184,SKU-00083,6,186.97,MXN,1121.82,Tienda física
FAC-002693,04/30/2024,,SKU-00072,7,429.66,USD,3007.62,E-commerce
FAC-002941,2024-07-22,CLI-00314,SKU-00098,5,"$1,334.06",MXN,6670.3,Tienda física
FAC-000317,2024-08-19,CLI-00385,SKU-00126,6,506.49,MXN,3038.94,Tienda física
FAC-002798,18/07/2024,CLI-00076,SKU-00056,1,804.34, MXN ,804.34,Tienda física
FAC-001548,2024-03-16,CLI-00263,SKU-00060,3,442.31,USD,1326.93,Tienda física
FAC-002687,2025-08-21,CLI-00262,SKU-00074,1,423.71,MXN,423.71,Tienda física
FAC-000603,2025-05-02,CLI-99613,SKU-00102,4,1497.08,MXN,5988.32,Marketplace
FAC-000534,24/04/2024,CLI-00311,SKU-00041,4,1629.32,MXN,6517.28,Teléfono
FAC-003254,2025-07-06,CLI-00195,SKU-00082,7,992.7,MXN,6948.9,Tienda física
FAC-002441,2025-11-06,CLI-00260,SKU-00004,4,489.31,MXN,1957.24,E-commerce
FAC-000421,11/02/2025,CLI-00226,SKU-00011,1,533.02,mxn,533.02,Tienda física
FAC-000582,07/25/2025,CLI-00434,SKU-00095,2,390.95,usd,781.9,Marketplace
FAC-003500,03/02/2024,CLI-00288,SKU-00108,5,317.62,MXN,1588.1,Marketplace
FAC-001190,2025-07-05,CLI-00074,SKU-00028,5,610.28, MXN ,3051.4,E-commerce
FAC-002440,2024-11-25,CLI-95713,SKU-00091,7,831.18,USD,5818.26,E-commerce
FAC-000865,2024-09-06,,SKU-00007,7,1300.35,MXN,9102.45,Tienda física
FAC-002678,11/12/2025,CLI-00417,SKU-00052,4,944.21,MXN,2457.26,E-commerce
FAC-001248,10/02/2024,CLI-00410,SKU-00136,3,248.53,mxn,745.59,Tienda física
FAC-002337,2024-07-18,CLI-00043,SKU-00121,3,324.44,MXN,973.32,Tienda física
FAC-002493,2025-08-11,CLI-00306,SKU-00040,2,696.94,MXN,1393.88,Tienda física
FAC-001089,2025-09-12,CLI-00460,SKU-00057,2,1266.33,MXN,2532.66,E-commerce
FAC-002128,2024-10-09,CLI-00020,SKU-00055,1,549.21, MXN ,549.21,Marketplace
FAC-003260,2025-06-24,CLI-00057,SKU-00051,3,577.7,MXN,1733.1,Tienda física
FAC-001697,17/10/2024,CLI-00222,SKU-00069,7,358.34,MXN,2508.38,E-commerce
FAC-002959,2025-12-08,CLI-00344,SKU-00089,5,1305.53,MXN,6527.65,E-commerce
FAC-002820,2025-02-22,CLI-00257,SKU-00068,6,310.58,MXN,1863.48,Tienda física
FAC-000378,2024-12-21,CLI-00330,SKU-00149,5,59.94,MXN,299.7,E-commerce
FAC-000119,2024-10-28,CLI-00285,SKU-00146,1,378.47,MXN,378.47,Marketplace
FAC-000195,15/05/2025,CLI-00203,SKU-00143,7,42.1,MXN,294.7,Tienda física
FAC-002677,02/01/2024,CLI-00084,SKU-00005,5,384.83,MXN,1924.15,Tienda física
FAC-002417,07/08/2024,CLI-00372,SKU-95592,5,181.41,MXN,907.05,E-commerce
FAC-002447,2024-11-16,CLI-00411,SKU-00031,3,391.97,MXN,1175.91,E-commerce
FAC-000085,2024-12-04,CLI-00295,SKU-00002,2,3020.44,MXN,6040.88,Marketplace
FAC-000153,2024-06-09,CLI-00376,SKU-00014,4,268.69,MXN,1074.76,E-commerce
FAC-002574,2024-10-22,CLI-00379,SKU-00029,6,515.02,MXN,3090.12,Tienda física
FAC-002004,2025-07-10,CLI-00197,SKU-00099,2,1962.72,MXN,2950.74,Marketplace
FAC-000676,2024-01-02,CLI-00247,SKU-00004,6,501.38,MXN,3008.28,Tienda física
FAC-002353,13/04/2025,CLI-00416,SKU-00052,4,903.57,MXN,3614.28,E-commerce
FAC-002587,21/03/2025,CLI-00397,SKU-00082,7,1006.54,MXN,7045.78,Tienda física
FAC-001013,2025-11-27,CLI-00399,SKU-00083,3,191.03,MXN,417.03,Marketplace
FAC-003018,2024-11-08,CLI-00054,SKU-00113,1,"$2,295.17",MXN,2295.17,Tienda física
FAC-002928,2025-06-29,CLI-00421,SKU-00024,2,927.22,MXN,1854.44,Tienda física
FAC-001400,11/08/2025,CLI-00143,SKU-00040,3,672.01,MXN,2016.03,E-commerce
FAC-000868,2025-02-03,CLI-00454,SKU-00084,5,939.0,USD,4695.0,Tienda física
FAC-003357,2024-02-20,CLI-00376,SKU-00054,6,453.53,MXN,2198.14,E-commerce
FAC-001543,2025-01-03,CLI-00290,SKU-00064,2,127.08,MXN,254.16,E-commerce
FAC-000099,2024-04-07,CLI-00390,SKU-00073,4,$55.64,USD,222.56,Marketplace
FAC-002862,2024-10-01,CLI-00425,SKU-00134,5,214.98, MXN ,1074.9,Marketplace
FAC-003069,2025-05-10,CLI-00147,SKU-00045,1,1146.71,MXN,1146.71,Tienda física
FAC-000307,2025-11-07,CLI-00374,SKU-00040,2,693.69,MXN,1387.38,Tienda física
FAC-002537,11/02/2025,CLI-00306,SKU-00031,3,404.16,MXN,1212.48,Tienda física
FAC-001057,2025-04-07,CLI-00336,SKU-00023,2,334.05,MXN,668.1,Tienda física
FAC-002015,28/05/2024,CLI-00481,SKU-00084,2,918.39,MXN,1836.78,Marketplace
FAC-002076,2025-12-03,CLI-00393,SKU-00127,3,690.86,MXN,2072.58,E-commerce
FAC-003477,2025-10-25,CLI-00462,SKU-00041,7,1636.11,MXN,11452.77,Marketplace
FAC-000079,2025-08-04,CLI-00204,SKU-00028,6,598.6,MXN,3591.6,Tienda física
FAC-001102,24/04/2025,CLI-00089,SKU-00025,6,617.07,MXN,3702.42,Marketplace
FAC-003332,2024-08-05,CLI-00252,SKU-00054,4,442.69,MXN,1770.76,E-commerce
FAC-001181,2025-02-02,CLI-00493,SKU-00084,-2,976.2,MXN,2928.6,E-commerce
FAC-002970,2024-07-12,CLI-00377,SKU-00149,3,61.78,MXN,144.79,Marketplace
FAC-003213,31/12/2024,CLI-00040,SKU-00123,7,420.77,MXN,2945.39,Marketplace
FAC-000040,2024-01-06,CLI-00271,SKU-00061,7,417.98,MXN,2925.86,Tienda física
FAC-002187,2024-04-13,CLI-00343,SKU-00121,6,327.48,USD,1964.88,E-commerce
FAC-003225,2025-01-24,CLI-00272,SKU-00042,3,1672.63,MXN,5017.89,Tienda física
FAC-000178,05/31/2025,CLI-00299,SKU-00041,3,1631.14,MXN,4893.42,Tienda física
FAC-000996,2025-08-19,CLI-00228,SKU-00095,2,371.32,MXN,742.64,E-commerce
FAC-003148,2024-11-04,CLI-00392,SKU-00132,6,833.39,MXN,3166.49,E-commerce
FAC-000042,2024-06-21,,SKU-00063,2,289.92,MXN,579.84,Marketplace
FAC-001135,2025-01-01,CLI-00387,SKU-00025,2,588.32,MXN,1176.64,Tienda física
FAC-000164,2025-01-10,CLI-00096,SKU-00150,6,510.54,MXN,3063.24,Marketplace
FAC-000660,2025-05-03,CLI-00226,SKU-00115,3,120.53,MXN,361.59,Tienda física
FAC-001340,2025-03-22,CLI-00065,SKU-00134,2,224.3,MXN,448.6,E-commerce
FAC-001661,10/24/2025,CLI-00129,SKU-00129,3,293.61,MXN,880.83,Tienda física
FAC-000434,02/11/2025,CLI-00473,SKU-00132,5,869.8,USD,4349.0,E-commerce
FAC-002851,2025-03-06,CLI-00453,SKU-00106,3,683.01,MXN,1290.79,Marketplace
FAC-003351,2024-03-03,CLI-00088,SKU-00096,2,1386.98,MXN,2773.96,Tienda física
FAC-000021,15/03/2025,CLI-00062,SKU-00111,4,2017.78,MXN,8071.12,Tienda física
FAC-003237,2025-05-14,CLI-00424,SKU-00116,4,349.91,MXN,1399.64,E-commerce
FAC-001836,2024-10-29,CLI-00049,SKU-00097,4,1876.19,MXN,7504.76,E-commerce
FAC-000955,2025-03-19,CLI-00165,SKU-00093,5,$500.96,MXN,2504.8,Tienda física
FAC-002143,2025-10-08,CLI-00489,SKU-00026,3,1183.57,MXN,3550.71,E-commerce
FAC-002802,2025-12-09,CLI-00089,SKU-00075,3,228.84,MXN,686.52,E-commerce
FAC-002147,2024-11-18,CLI-00018,SKU-00033,1,1147.3,MXN,1147.3,Marketplace
FAC-001639,2024-07-06,CLI-00497,SKU-00035,2,759.98,MXN,771.88,Tienda física
FAC-003130,2025-04-18,CLI-00369,SKU-00122,3,225.23,MXN,675.69,E-commerce
FAC-000477,2025-03-18,CLI-00456,SKU-00065,4,204.97,MXN,819.88,E-commerce
FAC-002345,04/06/2024,CLI-00303,SKU-00152,5,558.69,MXN,,E-commerce
FAC-002698,2025-07-16,CLI-00347,SKU-00003,7,3055.93,USD,21391.51,Teléfono
FAC-002636,2024-09-20,CLI-00182,SKU-00088,1,1298.77,MXN,1298.77,Tienda física
FAC-000987,2025-12-05,CLI-00496,SKU-00122,1,220.1,MXN,220.1,E-commerce
FAC-001760,2024-04-19,CLI-00057,SKU-00135,3,409.31,MXN,1227.93,E-commerce
FAC-001995,12/09/2025,CLI-00435,SKU-00129,6,304.8,MXN,1828.8,Tienda física
FAC-002184,31/12/2025,,SKU-00047,7,1229.42,MXN,8605.94,Tienda física
FAC-002110,2024-11-20,CLI-00299,SKU-00047,1,1299.9,MXN,1299.9,E-commerce
FAC-002367,2025-06-28,CLI-00354,SKU-00134,7,219.98,MXN,1539.86,Marketplace
FAC-000431,2024-08-23,CLI-90356,SKU-00033,3,1227.27,MXN,3681.81,E-commerce
FAC-000878,2025-02-05,CLI-00083,SKU-00118,2,280.1,MXN,560.2,Tienda física
FAC-002203,2024-04-05,CLI-94442,SKU-00124,-3,798.97,MXN,4793.82,E-commerce
FAC-000608,2025-11-09,CLI-00037,SKU-00039,2,1493.71, MXN ,2987.42,Marketplace
FAC-000950,2025-09-13,CLI-00459,SKU-00103,6,2301.7,MXN,13810.2,E-commerce
FAC-003115,2025-06-01,CLI-00436,SKU-00004,5,520.6,MXN,2603.0,E-commerce
FAC-001591,2025-08-24,CLI-00398,SKU-00043,1,762.31,MXN,762.31,Marketplace
FAC-000062,2024-09-26,CLI-00084,SKU-00095,7,384.07,MXN,2688.49,Marketplace
FAC-001883,2024-07-19,CLI-00186,SKU-00146,5,369.97, MXN ,1849.85,E-commerce
FAC-003301,2024-02-25,CLI-00381,SKU-00044,4,1585.98,mxn,6343.92,Tienda física
FAC-001262,2024-01-29,CLI-00502,SKU-00030,1,899.58,MXN,899.58,Tienda física
FAC-003293,06/10/2025,CLI-00020,SKU-00152,6,536.55,MXN,3219.3,Tienda física
FAC-001446,2025-02-15,CLI-00195,SKU-00118,7,273.43,MXN,1347.36,E-commerce
FAC-000377,11/27/2025,CLI-00045,SKU-00030,3,873.17,mxn,2619.51,E-commerce
FAC-002213,2024-02-09,CLI-00488,SKU-00015,6,894.95,USD,5369.7,Marketplace
FAC-001200,2025-05-13,CLI-00278,SKU-00014,1,260.86,USD,260.86,Marketplace
FAC-001110,2025-10-10,CLI-00432,SKU-00099,1,1872.11,MXN,1872.11,Tienda física
FAC-000734,2024-08-26,CLI-00153,SKU-00117,7,783.44,MXN,2958.75,E-commerce
FAC-000740,09/05/2025,CLI-00308,SKU-00117,1,755.82,MXN,,Tienda física
FAC-000037,12/05/2024,CLI-00291,SKU-00034,3,1109.36,MXN,3328.08,Marketplace
FAC-002012,2025-09-12,CLI-00035,SKU-00097,5,1887.58,MXN,9437.9,E-commerce
FAC-001345,2025-04-26,CLI-00192,SKU-00072,1,446.01,MXN,446.01,E-commerce
FAC-000256,2024-09-10,CLI-00101,SKU-00054,4,450.75,MXN,923.13,Tienda física
FAC-001964,2024-03-07,,SKU-00104,7,236.92,USD,1658.44,E-commerce
FAC-001874,2025-12-31,CLI-00111,SKU-00023,2,322.25,MXN,644.5,Marketplace
FAC-002065,2025-12-02,CLI-00195,SKU-00060,7,423.91,MXN,2967.37,Tienda física
FAC-000283,2025-12-14,CLI-00394,SKU-00041,6,"$1,630.25",MXN,9781.5,E-commerce
FAC-000301,2025-06-13,CLI-00236,SKU-00009,3,1296.44,MXN,3889.32,E-commerce
FAC-000907,2024-05-05,CLI-00437,SKU-00123,7,431.24, MXN ,3018.68,E-commerce
FAC-002381,2025-12-01,CLI-00133,SKU-00063,6,308.96,MXN,1853.76,E-commerce
FAC-002248,2025-09-18,CLI-00142,SKU-00060,4,440.58,USD,1762.32,Tienda física
FAC-002148,2024-05-20,CLI-00103,SKU-00044,6,1596.34,MXN,,Marketplace
FAC-000163,2025-08-16,CLI-00455,SKU-00140,4,177.42,MXN,709.68,Tienda física
FAC-003155,11/20/2025,CLI-00107,SKU-00106,2,676.18,USD,1352.36,Marketplace
FAC-001437,2025-08-15,CLI-00445,SKU-00129,4,301.37,MXN,1205.48,Tienda física
FAC-003267,13/11/2025,CLI-00182,SKU-00053,5,722.87,MXN,3614.35,Teléfono
FAC-003248,10/12/2025,CLI-00131,SKU-00022,5,636.23,MXN,3181.15,E-commerce
FAC-003437,2025-01-06,CLI-00331,SKU-00103,3,2365.9,MXN,7097.7,E-commerce
FAC-001808,2024-12-08,CLI-00132,SKU-00137,7,569.62, MXN ,3987.34,E-commerce
FAC-002880,2024-11-10,CLI-00506,SKU-00016,7,665.59,MXN,4659.13,Tienda física
FAC-002886,2025-01-16,CLI-00242,SKU-00124,6,790.63,MXN,4743.78,Tienda física
FAC-001078,2025-11-23,CLI-00347,SKU-00058,1,142.65,MXN,142.65,Marketplace
FAC-001381,11/08/2024,CLI-00136,SKU-00064,7,119.73,MXN,838.11,Tienda física
FAC-002136,2025-07-08,CLI-00463,SKU-00067,4,198.94,MXN,795.76,Tienda física
FAC-000115,2024-03-20,CLI-00445,SKU-00074,1,432.94,MXN,432.94,E-commerce
FAC-001198,2024-09-19,CLI-00250,SKU-00140,6,178.81,MXN,1072.86,Tienda física
FAC-000960,25/05/2025,CLI-00395,SKU-00066,4,456.86,MXN,1827.44,Marketplace
FAC-002250,2024-03-14,,SKU-00058,4,144.34,MXN,577.36,Tienda física
FAC-001336,2025-03-09,CLI-00296,SKU-00053,6,706.26,MXN,,Marketplace
FAC-000830,12/28/2025,CLI-00370,SKU-00036,2,797.23,MXN,1594.46,E-commerce
FAC-002641,2024-09-28,CLI-00092,SKU-00102,4,1469.77,USD,3749.64,Tienda física
FAC-001681,2025-10-23,CLI-00096,SKU-00112,3,191.86,MXN,575.58,Tienda física
FAC-001522,2024-10-26,CLI-00307,SKU-00064,1,126.29,usd,126.29,Tienda física
FAC-002279,04/26/2025,CLI-00340,SKU-00013,5,2599.47,USD,12997.35,Tienda física
FAC-001692,2025-04-05,CLI-00150,SKU-00116,4,340.28,MXN,1361.12,Teléfono
FAC-002509,2024-01-10,CLI-00095,SKU-00097,1,2003.53,MXN,1317.62,Tienda física
FAC-002243,2024-05-02,CLI-00501,SKU-00143,1,44.4,MXN,44.4,Tienda física
FAC-000533,02/06/2024,CLI-00300,SKU-00024,7,964.2,MXN,6749.4,Marketplace
FAC-002258,2024-02-14,CLI-00400,SKU-00048,3,524.7,USD,1574.1,Tienda física
FAC-002789,2024-09-08,CLI-93965,SKU-00025,3,$609.72,MXN,1829.16,E-commerce
FAC-000294,2024-01-08,CLI-00372,SKU-00061,1,441.45,MXN,441.45,Tienda física
FAC-002978,09/10/2024,CLI-00060,SKU-00083,5,177.07,MXN,885.35,Tienda física
FAC-000700,2025-10-10,CLI-00384,SKU-00001,3,1794.14,MXN,5382.42,Marketplace
FAC-000116,2024-11-16,CLI-00318,SKU-00080,3,885.81,USD,2657.43,E-commerce
FAC-003186,2024-04-30,CLI-00490,SKU-00058,2,143.88,MXN,287.76,Tienda física
FAC-002775,07/21/2025,CLI-00506,SKU-00114,5,1926.42,mxn,9632.1,E-commerce
FAC-000552,2024-01-17,CLI-00330,SKU-00070,6,432.5,USD,2595.0,Teléfono
FAC-002052,2024-01-08,CLI-00336,SKU-00112,2,184.8,MXN,369.6,Marketplace
FAC-003462,2025-03-16,CLI-00440,SKU-00104,1,$249.67,mxn,249.67,Tienda física
FAC-001745,19/05/2025,CLI-00152,SKU-00097,1,1883.84,MXN,1883.84,Tienda física
FAC-003341,21/11/2025,CLI-00243,SKU-00046,1,1168.47,USD,1168.47,Tienda física
FAC-000215,2024-11-07,CLI-00075,SKU-00137,3,569.19,MXN,1707.57,E-commerce
FAC-002037,2025-01-02,CLI-00199,SKU-00147,6,290.28,USD,1741.68,Tienda física
FAC-000202,2025-09-10,CLI-00452,SKU-00120,1,694.72,MXN,694.72,E-commerce
FAC-001136,09/07/2024,CLI-00285,SKU-00076,6,52.16,MXN,312.96,Tienda física
FAC-001710,07/29/2024,CLI-00360,SKU-00112,5,194.49,MXN,972.45,Tienda física
FAC-003317,2024-08-01,CLI-00470,SKU-00118,7,272.43,MXN,1907.01,E-commerce
FAC-000678,31/07/2024,CLI-00343,SKU-00136,-4,252.02,MXN,504.04,Tienda física
FAC-003496,2024-09-17,CLI-00322,SKU-00038,4,599.05,MXN,2396.2,Tienda física
FAC-001987,2024-05-28,CLI-00258,SKU-00127,5,735.49,MXN,3677.45,Marketplace
FAC-001038,2024-02-24,CLI-00389,SKU-00089,5,1343.76, MXN ,6718.8,Tienda física
FAC-000248,2024-08-28,CLI-00011,SKU-00092,4,149.12,MXN,596.48,Tienda física
FAC-000730,2024-12-12,CLI-00379,SKU-00050,1,$506.45,MXN,506.45,Tienda física
FAC-003451,2025-04-11,CLI-00395,SKU-00109,7,1667.77,mxn,11674.39,E-commerce
FAC-003160,2025-11-07,CLI-00080,SKU-00102,-4,1556.58,MXN,4669.74,Tienda física
FAC-001508,07/11/2024,CLI-00483,SKU-00065,2,207.38, MXN ,414.76,Marketplace
FAC-001076,2025-01-03,CLI-00082,SKU-00016,3,710.05,MXN,2130.15,Tienda física
FAC-002232,2025-08-08,CLI-00337,SKU-00081,6,498.42,MXN,1617.7,Tienda física
FAC-002083,2025-01-26,CLI-00412,SKU-00081,4,513.31,USD,2053.24,Marketplace
FAC-000639,2025-08-06,CLI-00250,SKU-00075,6,215.03,MXN,1290.18,Marketplace
FAC-002816,2025-02-04,CLI-00184,SKU-00025,6,592.06,mxn,3552.36,Tienda física
FAC-001291,06/19/2024,CLI-00165,SKU-00080,6,866.65,MXN,5199.9,E-commerce
FAC-002365,2025-05-21,CLI-00054,SKU-00015,4,857.41,MXN,3429.64,E-commerce
FAC-001799,27/11/2025,CLI-00395,SKU-00086,2,1367.25,MXN,2734.5,Marketplace
FAC-001470,2025-04-14,CLI-00214,SKU-00019,4,2442.16,MXN,9768.64,Tienda física
FAC-000131,2024-07-22,CLI-00491,SKU-00075,4,231.99,MXN,927.96,Tienda física
FAC-003033,2025-02-16,CLI-00460,SKU-00141,6,553.09,MXN,3318.54,Tienda física
FAC-001542,08/24/2025,CLI-00282,SKU-00096,2,1476.49,MXN,2952.98,E-commerce
FAC-001727,2024-04-08,CLI-00170,SKU-00029,5,505.37,USD,2526.85,Tienda física
FAC-001863,2024-02-08,CLI-00150,SKU-00104,4,240.68,MXN,962.72,Tienda física
FAC-002209,06/02/2024,CLI-00088,SKU-00109,2,1774.43,MXN,3548.86,E-commerce
FAC-001872,2025-08-20,CLI-00430,SKU-00098,5,1277.22,MXN,6386.1,Teléfono
FAC-001851,2024-04-21,CLI-00071,SKU-00061,6,416.02,MXN,2496.12,Tienda física
FAC-000360,2025-03-20,CLI-00313,SKU-00026,7,1110.4,USD,7772.8,E-commerce
FAC-000125,2024-02-02,CLI-00416,SKU-00082,1,996.12,MXN,996.12,E-commerce
FAC-000792,2024-05-27,CLI-00124,SKU-00105,1,1625.22,MXN,1625.22,E-commerce
FAC-000369,2024-07-01,CLI-00415,SKU-00050,7,528.79,MXN,3701.53,Marketplace
FAC-000207,2024-05-15,CLI-00099,SKU-00061,6,416.38, MXN ,2498.28,Tienda física
FAC-000468,17/05/2025,CLI-00010,SKU-00035,4,746.09,MXN,2984.36,E-commerce
FAC-003480,2024-05-29,CLI-00385,SKU-00106,7,686.05,MXN,4802.35,Marketplace
FAC-000981,02/06/2025,CLI-00215,SKU-00028,1,583.08,MXN,583.08,E-commerce
FAC-002923,04/24/2024,CLI-00468,SKU-00078,6,886.27,USD,5317.62,Tienda física
FAC-002109,20/08/2024,CLI-00401,SKU-00122,7,216.24,USD,1513.68,E-commerce
FAC-002315,12/23/2024,CLI-00030,SKU-00053,3,708.66,MXN,2125.98,Marketplace
FAC-002797,2024-03-25,CLI-00439,SKU-00016,5,686.65,MXN,3433.25,Tienda física
FAC-001144,2024-05-03,CLI-00065,SKU-00002,6,2943.79,MXN,17662.74,E-commerce
FAC-003490,10/07/2024,CLI-90466,SKU-00050,7,515.33,MXN,3607.31,Tienda física
FAC-000624,2024-10-16,CLI-00504,SKU-00004,7,490.14,MXN,3430.98,Tienda física
FAC-002369,2025-08-12,CLI-00272,SKU-00053,7,705.12,MXN,4935.84,Marketplace
FAC-000838,28/01/2024,CLI-00279,SKU-00077,3,1471.98,MXN,4415.94,Tienda física
FAC-001622,2024-05-08,CLI-00332,SKU-00044,2,1634.04,MXN,3268.08,E-commerce
FAC-001854,2024-12-24,CLI-00230,SKU-00032,1,788.18,MXN,788.18,Tienda física
FAC-000087,11/06/2025,CLI-00114,SKU-00035,6,749.95,MXN,2831.28,Tienda física
FAC-000979,27/11/2025,CLI-00469,SKU-00126,4,479.79,MXN,1919.16,E-commerce
FAC-002827,07/10/2025,,SKU-00068,6,303.62,MXN,1431.81,E-commerce
FAC-000425,2025-05-27,CLI-00300,SKU-00089,3,1289.85,MXN,3869.55,E-commerce
FAC-000023,09/02/2024,CLI-00025,SKU-00088,2,"$1,352.85",MXN,2705.7,Marketplace
FAC-001505,2024-03-29,,SKU-95586,7,890.89,MXN,6236.23,Tienda física
FAC-001888,2025-04-24,CLI-00407,SKU-00104,3,241.34,USD,724.02,Tienda física
FAC-000145,2025-02-19,CLI-98547,SKU-00043,4,761.67,MXN,3046.68,Tienda física
FAC-003194,2024-01-28,,SKU-00117,3,792.49,MXN,2377.47,Tienda física
FAC-001487,2025-11-06,CLI-00237,SKU-00001,4,1806.65,MXN,7226.6,Tienda física
FAC-002830,06/12/2025,CLI-00497,SKU-00079,7,1336.5,MXN,9355.5,Tienda física
FAC-002815,2025-09-22,CLI-00177,SKU-00115,7,124.64,MXN,872.48,Tienda física
FAC-001929,10/14/2025,CLI-00201,SKU-00149,7,60.2,MXN,421.4,E-commerce
FAC-002259,2024-06-28,CLI-00150,SKU-00149,5,60.43,MXN,302.15,E-commerce
FAC-001940,12/06/2025,CLI-00226,SKU-00026,3,1169.27,MXN,2293.78,E-commerce
FAC-001176,2024-12-02,CLI-00315,SKU-00078,3,902.5,MXN,2707.5,E-commerce
FAC-000634,25/04/2024,CLI-00270,SKU-93294,7,435.07,MXN,3045.49,E-commerce
FAC-002629,02/14/2024,CLI-00115,SKU-00113,4,2300.01,MXN,9200.04,Tienda física
FAC-002418,2024-02-04,CLI-00018,SKU-00152,4,535.68,USD,2142.72,E-commerce
FAC-003067,2024-09-04,CLI-00084,SKU-00001,4,1802.99,MXN,7211.96,E-commerce
FAC-002092,2024-03-26,CLI-91207,SKU-00070,7,407.93,MXN,,E-commerce
FAC-001404,09/02/2025,CLI-00039,SKU-00082,1,983.82,MXN,983.82,E-commerce
FAC-003177,2025-05-15,CLI-00377,SKU-00077,1,1447.17,MXN,1447.17,E-commerce
FAC-001754,19/09/2024,CLI-00303,SKU-00149,4,58.05,USD,232.2,Tienda física
FAC-000840,03/14/2025,CLI-93887,SKU-00048,5,526.35,MXN,2631.75,Marketplace
FAC-001535,2025-11-06,CLI-00118,SKU-00102,7,1541.74,MXN,,E-commerce
FAC-000627,2024-10-27,CLI-00510,SKU-00035,1,769.43,MXN,769.43,Tienda física
FAC-001742,22/03/2025,CLI-00470,SKU-00103,6,2329.01,MXN,13974.06,E-commerce
FAC-002588,13/04/2025,CLI-00025,SKU-00116,7,349.33,MXN,2445.31,Tienda física
FAC-000762,2025-11-04,CLI-00427,SKU-99558,3,316.14,mxn,948.42,Marketplace
FAC-000763,2024-09-01,CLI-00092,SKU-00060,4,421.95,MXN,1687.8,E-commerce
FAC-001950,2024-10-11,CLI-00265,SKU-00106,4,657.57,USD,1635.35,E-commerce
FAC-001047,13/01/2024,,SKU-00114,7,2018.84,MXN,14131.88,E-commerce
FAC-001369,18/04/2024,CLI-00103,SKU-00146,5,369.88,MXN,1849.4,Tienda física
FAC-002202,2024-12-15,CLI-00220,SKU-00135,6,388.17,MXN,2329.02,E-commerce
FAC-001574,2025-09-19,CLI-00309,SKU-00030,4,858.48,MXN,3433.92,Marketplace
FAC-000973,2025-07-31,CLI-00439,SKU-00150,6,541.12,MXN,3246.72,Marketplace
FAC-001648,2025-01-18,CLI-99309,SKU-00104,1,247.4,MXN,247.4,Tienda física
FAC-002684,2024-02-24,CLI-00494,SKU-00054,7,435.38,MXN,3047.66,Tienda física
FAC-002772,2025-12-18,CLI-00409,SKU-96155,3,2472.91,MXN,5470.95,Tienda física
FAC-001998,2025-01-09,CLI-00128,SKU-00106,3,684.32,MXN,2052.96,Tienda física
FAC-002155,2025-08-08,CLI-00186,SKU-00140,3,170.4,MXN,511.2,E-commerce
FAC-000896,2024-04-08,CLI-00408,SKU-00016,7,696.17,MXN,4873.19,E-commerce
FAC-000387,2024-12-25,CLI-00369,SKU-00048,1,537.77,MXN,537.77,E-commerce
FAC-000439,12/04/2024,CLI-00128,SKU-00058,7,147.24,USD,1030.68,Marketplace
FAC-000701,2025-08-24,CLI-00507,SKU-00032,5,811.81,MXN,4059.05,Tienda física
FAC-002347,2025-07-16,CLI-00085,SKU-00031,1,396.93,MXN,396.93,E-commerce
FAC-003472,2024-07-17,CLI-00420,SKU-00054,7,425.28,MXN,2976.96,E-commerce
FAC-000364,08/18/2024,CLI-00424,SKU-00087,2,1219.46,USD,2438.92,Teléfono
FAC-001561,09/11/2024,CLI-00342,SKU-00015,5,$867.82,MXN,4339.1,Tienda física
FAC-001325,2025-08-24,CLI-00088,SKU-90383,1,253.48,MXN,253.48,Tienda física
FAC-001869,01/07/2025,CLI-00243,SKU-00077,6,1436.14,USD,8616.84,Tienda física
FAC-000498,2024-05-26,CLI-00174,SKU-00047,-4,1297.45,MXN,6487.25,E-commerce
FAC-000813,2024-08-05,CLI-00286,SKU-00059,1,423.76,MXN,423.76,E-commerce
FAC-002738,12/07/2025,CLI-00474,SKU-00093,1,471.88,USD,471.88,Tienda física
FAC-001583,2024-06-29,CLI-00237,SKU-00097,3,"$2,005.23",MXN,6015.69,Marketplace
FAC-002653,2024-06-19,CLI-00418,SKU-00093,1,483.53,MXN,483.53,Teléfono
FAC-002222,2024-09-12,CLI-00118,SKU-00121,2,326.01,MXN,375.8,E-commerce
FAC-003491,2025-08-06,CLI-00215,SKU-00090,7,1429.52,MXN,10006.64,Tienda física
FAC-001743,2024-05-15,CLI-00059,SKU-00004,2,493.07,MXN,986.14,Marketplace
FAC-000170,2024-06-08,CLI-00452,SKU-00113,2,2165.61,MXN,4331.22,Tienda física
FAC-001370,2025-04-16,CLI-00104,SKU-00067,4,205.54,MXN,822.16,Marketplace
FAC-000189,2025-11-04,CLI-00433,SKU-00103,-1,2365.5,USD,7096.5,E-commerce
FAC-001927,2024-12-28,CLI-00440,SKU-00095,2,374.44,MXN,748.88,Tienda física
FAC-001967,2024-04-29,CLI-00102,SKU-00148,3,572.19,MXN,1716.57,Tienda física
FAC-000005,2025-02-11,CLI-00089,SKU-00069,-4,371.7,MXN,743.4,Tienda física
FAC-003145,05/19/2025,CLI-00351,SKU-00128,2,538.12,MXN,1076.24,E-commerce
FAC-000168,2024-02-07,,SKU-00073,3,55.61,MXN,166.83,E-commerce
FAC-001392,2025-02-24,CLI-00261,SKU-00056,4,756.14,MXN,3024.56,Tienda física
FAC-002412,2024-03-23,CLI-00443,SKU-00010,2,699.39,USD,1398.78,Teléfono
FAC-001158,2025-07-08,CLI-00105,SKU-00076,7,$55.02,MXN,385.14,Tienda física
FAC-003484,2025-12-24,CLI-00350,SKU-00074,2,433.66,MXN,867.32,Tienda física
FAC-000646,2024-03-13,CLI-00189,SKU-00127,3,709.63,MXN,2128.89,E-commerce
FAC-001391,04/11/2025,CLI-00273,SKU-00080,-3,866.58,MXN,3466.32,Tienda física
FAC-000856,2025-10-08,CLI-00243,SKU-00115,1,118.47,MXN,118.47,Tienda física
FAC-000158,2025-03-13,CLI-00172,SKU-00033,4,1170.69,MXN,4682.76,Marketplace
FAC-000692,2025-10-28,CLI-90816,SKU-00016,1,707.14,MXN,707.14,Teléfono
FAC-002343,2025-08-20,CLI-00507,SKU-00056,1,785.26,MXN,785.26,E-commerce
FAC-003063,2025-05-09,CLI-00148,SKU-00052,7,909.67,USD,6367.69,Tienda física
FAC-002617,2025-06-08,CLI-00264,SKU-00141,7,556.58,MXN,3896.06,Tienda física
FAC-003328,09/27/2025,CLI-00218,SKU-00079,6,1379.64,MXN,8277.84,Tienda física
FAC-002421,05/10/2024,CLI-00103,SKU-00077,5,1420.8,MXN,7104.0,E-commerce
FAC-003322,2024-08-27,CLI-00285,SKU-90984,5,144.29,MXN,544.57,Tienda física
FAC-002594,2025-05-11,CLI-00286,SKU-00123,2,434.92,MXN,,Marketplace
FAC-001904,2025-04-05,CLI-00218,SKU-00109,1,1780.95,MXN,1780.95,Tienda física
FAC-001670,2025-02-18,CLI-00141,SKU-00098,4,1285.6,mxn,5142.4,E-commerce
FAC-001192,2024-06-26,CLI-00494,SKU-00024,5,921.91,MXN,4609.55,Tienda física
FAC-000064,27/06/2024,CLI-00334,SKU-00129,3,310.2,MXN,930.6,Tienda física
FAC-002773,05/16/2025,CLI-00289,SKU-00101,4,879.11,MXN,2509.58,Marketplace
FAC-001683,2025-10-24,CLI-00489,SKU-00084,7,956.87,USD,3495.66,Teléfono
FAC-000679,2024-11-07,CLI-00401,SKU-00149,1,59.94,MXN,59.94,E-commerce
FAC-003370,2025-05-18,CLI-00029,SKU-00045,7,1096.72,MXN,7677.04,E-commerce
FAC-002888,2025-11-11,CLI-00093,SKU-00069,2,369.24,MXN,738.48,Marketplace
FAC-000654,2025-08-08,CLI-00242,SKU-00075,7,230.73,MXN,1615.11,Marketplace
FAC-000033,2024-03-17,CLI-92475,SKU-00055,5,544.73,MXN,2723.65,E-commerce
FAC-000180,2024-06-13,CLI-97280,SKU-00090,7,1461.99,MXN,10233.93,E-commerce
FAC-001247,2024-06-02,CLI-00129,SKU-00036,1,837.48,MXN,837.48,E-commerce
FAC-000289,2025-08-20,CLI-00352,SKU-00063,5,289.98,mxn,1449.9,Marketplace
FAC-002997,2024-02-04,CLI-00439,SKU-00059,3,428.2,MXN,1284.6,Tienda física
FAC-000913,2024-01-31,CLI-00072,SKU-00062,5,354.25,MXN,1771.25,Tienda física
FAC-002056,01/04/2025,CLI-00443,SKU-00040,5,664.01,MXN,3320.05,E-commerce
FAC-000073,17/02/2025,CLI-00201,SKU-96780,6,122.41,MXN,734.46,E-commerce
FAC-001041,2024-08-01,CLI-00380,SKU-00147,2,288.87,MXN,577.74,E-commerce
FAC-001633,2025-03-01,CLI-96165,SKU-00097,7,1879.2,mxn,13154.4,E-commerce
FAC-000841,2025-12-11,CLI-00221,SKU-00026,6,1115.23,MXN,6691.38,E-commerce
FAC-000413,2024-01-28,CLI-00153,SKU-00120,3,701.84,MXN,2105.52,Tienda física
FAC-000070,2025-01-30,CLI-00368,SKU-00019,7,2364.57,MXN,16551.99,Marketplace
FAC-001605,2024-01-31,CLI-00129,SKU-00058,4,144.47,MXN,577.88,Marketplace
FAC-000586,19/09/2024,CLI-00259,SKU-00073,3,54.71,MXN,164.13,Marketplace
FAC-002383,2025-12-27,CLI-00447,SKU-00013,3,2481.07,USD,7443.21,Tienda física
FAC-000509,16/12/2025,CLI-00447,SKU-00029,5,509.35,USD,2546.75,E-commerce
FAC-003449,2024-10-02,CLI-00321,SKU-00117,1,770.64,MXN,770.64,E-commerce
FAC-000550,2025-10-14,CLI-00222,SKU-00066,7,457.99,MXN,3205.93,Teléfono
FAC-000334,2024-03-21,CLI-00305,SKU-00098,2,1355.75,MXN,2711.5,Tienda física
FAC-003040,2025-07-06,,SKU-00015,2,880.93,MXN,1761.86,Marketplace
FAC-000556,2024-05-22,CLI-00461,SKU-00140,5,167.25,MXN,836.25,Marketplace
FAC-000100,2024-12-07,CLI-00007,SKU-00032,6,774.94,MXN,4649.64,E-commerce
FAC-001309,2024-06-04,CLI-00498,SKU-00041,1,1674.96,MXN,1674.96,Marketplace
FAC-003088,2024-07-01,CLI-00114,SKU-00138,3,$446.54,MXN,1339.62,Marketplace
FAC-000545,17/02/2024,CLI-99947,SKU-00142,7,509.77,MXN,3568.39,Tienda física
FAC-002682,2024-09-12,CLI-00346,SKU-95614,7,2296.19,USD,16073.33,Tienda física
FAC-001962,2024-01-26,CLI-00487,SKU-00070,6,433.8,MXN,2602.8,Tienda física
FAC-001211,2024-10-04,CLI-97596,SKU-00105,1,1649.86,MXN,1649.86,E-commerce
FAC-002782,23/07/2025,CLI-00270,SKU-00001,7,1849.86,MXN,12949.02,Tienda física
FAC-000761,14/11/2024,CLI-00260,SKU-00028,6,589.14,MXN,3534.84,E-commerce
FAC-003188,2025-12-15,CLI-93501,SKU-00144,5,108.42,MXN,542.1,E-commerce
FAC-002808,2025-01-22,CLI-00228,SKU-00131,3,104.43,MXN,313.29,Marketplace
FAC-001327,12/23/2024,CLI-00296,SKU-94840,5,401.14,MXN,2005.7,E-commerce
FAC-002016,12/01/2024,CLI-00335,SKU-00073,6,53.89,MXN,323.34,Tienda física
FAC-001725,02/11/2024,CLI-00145,SKU-00100,6,2054.58,MXN,12327.48,Tienda física
FAC-000529,2024-09-02,CLI-00428,SKU-00009,1,1296.52, MXN ,1296.52,E-commerce
FAC-002868,2024-10-30,CLI-00364,SKU-00088,4,1374.64,mxn,5498.56,Tienda física
FAC-002924,2024-05-12,CLI-00140,SKU-00058,5,145.57,MXN,727.85,E-commerce
FAC-003433,2025-03-07,CLI-00323,SKU-00044,2,1629.17,MXN,3258.34,Marketplace
FAC-002077,20/02/2024,CLI-00358,SKU-00069,2,370.52,USD,430.4,E-commerce
FAC-003020,2024-04-23,CLI-00258,SKU-00089,3,1326.0,MXN,3978.0,Marketplace
FAC-000094,2024-01-25,CLI-00458,SKU-00089,7,1255.93,USD,8791.51,Tienda física
FAC-001024,2024-05-16,CLI-00189,SKU-00082,1,988.42,MXN,988.42,Tienda física
FAC-002217,09/16/2024,CLI-00003,SKU-00124,7,807.28,MXN,5650.96,E-commerce
FAC-002809,27/10/2025,,SKU-00138,2,457.4,MXN,914.8,Marketplace
FAC-000628,06/16/2024,CLI-00121,SKU-99666,1,2455.35,MXN,2455.35,E-commerce
FAC-001778,2025-10-04,CLI-00501,SKU-00098,7,1276.93,MXN,8938.51,Marketplace
FAC-001037,07/15/2025,CLI-00363,SKU-00030,2,855.88,MXN,1711.76,Teléfono
FAC-002531,2025-06-28,,SKU-00078,1,884.01,MXN,884.01,Tienda física
FAC-002729,11/11/2025,CLI-00213,SKU-00067,5,206.84,MXN,1034.2,Marketplace
FAC-003492,12/05/2024,CLI-00131,SKU-00011,7,526.56, MXN ,3685.92,Marketplace
FAC-001948,2025-04-08,,SKU-00064,5,119.25,MXN,596.25,E-commerce
FAC-003146,2025-08-10,CLI-00340,SKU-00105,3,"$1,621.11",MXN,4863.33,Tienda física
FAC-001856,2024-03-18,CLI-00153,SKU-00151,3,538.87,MXN,1616.61,Marketplace
FAC-001254,2024-08-24,CLI-00186,SKU-00003,1,3016.65,USD,,E-commerce
FAC-001530,2024-03-07,CLI-00061,SKU-00103,7,2448.28,MXN,17137.96,Marketplace
FAC-002670,24/07/2025,CLI-92266,SKU-00032,5,776.99,MXN,3884.95,Tienda física
FAC-002549,2024-03-08,CLI-00026,SKU-00124,7,832.24, USD ,5825.68,E-commerce
FAC-000800,2025-09-02,CLI-00251,SKU-00144,4,109.3,MXN,258.34,Tienda física
FAC-002731,2024-01-26,CLI-00053,SKU-00076,4,52.22,MXN,208.88,E-commerce
FAC-001035,07/09/2025,,SKU-00095,4,380.52,MXN,1522.08,Tienda física
FAC-002352,2024-05-03,CLI-00171,SKU-00058,2,150.57,MXN,200.45,Tienda física
FAC-002724,12/13/2025,CLI-00050,SKU-00015,7,872.01,MXN,6104.07,Tienda física
FAC-003031,2024-06-05,,SKU-00036,2,798.12,MXN,1596.24,Marketplace
FAC-003417,26/01/2024,CLI-00475,SKU-00150,5,534.52,MXN,2672.6,Tienda física
FAC-001433,2025-03-02,CLI-91983,SKU-00128,5,515.68,MXN,2578.4,Tienda física
FAC-003161,2024-09-03,CLI-00195,SKU-00004,5,495.44,MXN,2477.2,E-commerce
FAC-002805,2024-03-09,CLI-00194,SKU-00087,2,1241.19,MXN,2482.38,Marketplace
FAC-001105,2025-10-20,CLI-00289,SKU-00149,4,58.44,USD,233.76,Marketplace
FAC-002544,2024-02-28,CLI-00373,SKU-00118,3,277.84,MXN,833.52,Marketplace
FAC-001588,04/09/2025,CLI-00076,SKU-00037,2,997.45,MXN,1994.9,Tienda física
FAC-002788,2025-05-09,CLI-97924,SKU-00016,7,691.04,MXN,4837.28,E-commerce
FAC-002038,2024-06-18,CLI-00037,SKU-00079,7,1407.01,MXN,9849.07,Marketplace
FAC-001718,03/02/2024,CLI-92235,SKU-00120,6,702.06,MXN,4212.36,Tienda física
FAC-000306,2025-03-13,CLI-00177,SKU-00059,2,436.7,MXN,623.45,Tienda física
FAC-000988,2025-07-21,,SKU-00136,4,248.77,MXN,995.08,Tienda física
FAC-002269,2024-09-18,CLI-00075,SKU-00145,6,432.21,MXN,2593.26,Marketplace
FAC-001492,2024-11-28,CLI-00501,SKU-00062,7,378.81,usd,2651.67,E-commerce
FAC-000837,2024-04-02,,SKU-00009,6,1265.19,MXN,7591.14,E-commerce
FAC-000723,2025-08-28,CLI-00459,SKU-00096,2,1469.13,MXN,2938.26,Teléfono
FAC-001387,2024-05-04,CLI-00455,SKU-00103,2,2438.95,MXN,4877.9,Tienda física
FAC-000824,2024-07-04,CLI-00108,SKU-00044,3,1537.06,MXN,4611.18,E-commerce
FAC-002214,2025-08-10,CLI-00390,SKU-00019,7,2299.3,MXN,16095.1,Tienda física
FAC-001724,2025-08-23,CLI-00076,SKU-00121,6,315.93,MXN,1895.58,Tienda física
FAC-001846,2025-08-11,CLI-00233,SKU-00121,2,307.43,MXN,614.86,Marketplace
FAC-001510,2025-10-18,CLI-00331,SKU-00031,5,400.12,MXN,2000.6,Teléfono
FAC-003163,23/06/2024,CLI-00498,SKU-00135,7,384.8,MXN,2693.6,Marketplace
FAC-000004,2025-08-24,CLI-00427,SKU-00062,1,361.64,MXN,204.19,Marketplace
FAC-000120,2025-05-05,CLI-00083,SKU-00065,7,202.9,MXN,,Marketplace
FAC-002149,2025-09-03,CLI-00353,SKU-00140,5,172.16,MXN,860.8,Tienda física
FAC-000958,2024-09-25,CLI-00276,SKU-00057,2,1182.99,MXN,2365.98,E-commerce
FAC-003277,2025-01-10,CLI-00288,SKU-00109,5,1795.5,MXN,8977.5,E-commerce
FAC-000893,01/14/2025,CLI-00028,SKU-00078,1,887.99,MXN,887.99,E-commerce
FAC-001347,2025-12-24,CLI-00238,SKU-00044,4,1563.92,MXN,6255.68,Marketplace
FAC-002320,2025-11-06,CLI-00313,SKU-92945,3,1702.23,MXN,5106.69,Tienda física
FAC-000290,2025-10-28,CLI-00476,SKU-00063,5,306.57,MXN,1532.85,Tienda física
FAC-000948,2025-12-04,CLI-00268,SKU-00147,4,287.67,MXN,1150.68,E-commerce
FAC-000780,2025-10-31,CLI-00052,SKU-00094,6,313.42, MXN ,1880.52,Marketplace
FAC-000968,14/05/2024,CLI-00174,SKU-00116,1,348.38,MXN,348.38,Tienda física
FAC-002384,2025-05-11,CLI-00162,SKU-00067,5,208.71,MXN,1043.55,E-commerce
FAC-002826,2025-03-16,CLI-00113,SKU-00101,3,879.73,USD,2639.19,Tienda física
FAC-000084,2025-03-02,CLI-00478,SKU-00019,4,"$2,325.07",MXN,9300.28,Tienda física
FAC-002244,2024-11-30,CLI-00074,SKU-00026,6,1120.58,MXN,6723.48,Tienda física
FAC-000732,2025-01-14,CLI-00114,SKU-00018,6,864.67, MXN ,5188.02,Tienda física
FAC-002340,2024-11-10,CLI-00248,SKU-00063,1,295.77,MXN,295.77,Tienda física
FAC-002842,2024-05-23,CLI-00142,SKU-00144,7,105.61,USD,,Tienda física
FAC-001794,2025-04-16,CLI-00409,SKU-00141,5,553.15,MXN,2765.75,Teléfono
FAC-002330,2025-09-10,CLI-00210,SKU-00021,7,183.48,MXN,1284.36,E-commerce
FAC-000886,2024-10-09,CLI-00014,SKU-00117,4,755.43,MXN,3021.72,E-commerce
FAC-000891,2025-09-17,CLI-00337,SKU-00070,5,426.3,MXN,1642.87,Tienda física
FAC-003089,2024-04-22,CLI-00161,SKU-00064,7,122.88, MXN ,860.16,Tienda física
FAC-001832,2025-11-07,CLI-00045,SKU-00059,6,421.46,USD,2528.76,E-commerce
FAC-002969,2025-05-17,CLI-00212,SKU-00038,1,599.08,MXN,599.08,Marketplace
FAC-002812,2024-01-14,CLI-00143,SKU-00026,6,1118.86,MXN,6713.16,Tienda física
FAC-000376,2025-02-06,CLI-00324,SKU-00117,4,$789.21,MXN,3156.84,Marketplace
FAC-000052,2025-01-27,CLI-97561,SKU-00039,2,1498.28,MXN,2996.56,Tienda física
FAC-001074,2024-11-27,CLI-00256,SKU-00011,1,526.17,MXN,346.83,E-commerce
FAC-002630,2025-05-07,CLI-00148,SKU-00092,6,140.51,MXN,843.06,E-commerce
FAC-001886,07/04/2024,CLI-00149,SKU-00117,5,742.63,MXN,3713.15,Tienda física
FAC-003029,09/29/2024,CLI-00149,SKU-00150,7,504.92,MXN,3534.44,E-commerce
FAC-001476,12/25/2024,CLI-00127,SKU-00078,6,878.5,MXN,3552.8,E-commerce
FAC-001761,2025-05-06,CLI-00134,SKU-00041,6,1578.96,MXN,9473.76,Tienda física
FAC-000435,2024-09-21,CLI-00317,SKU-00028,7,608.19,MXN,4257.33,Tienda física
FAC-000121,2025-01-10,CLI-00101,SKU-00045,6,1161.53,MXN,6969.18,E-commerce
FAC-001429,2024-04-30,CLI-00182,SKU-00044,5,1635.71,MXN,8178.55,Teléfono
FAC-002074,2024-09-27,CLI-00325,SKU-00136,4,247.55,MXN,990.2,Tienda física
FAC-001378,2025-09-02,CLI-00159,SKU-00117,5,777.93,MXN,3889.65,E-commerce
FAC-000760,2025-02-01,,SKU-00101,2,846.9, MXN ,1693.8,Marketplace
FAC-002068,2024-07-12,CLI-00301,SKU-00105,-2,1668.31,MXN,8341.55,Tienda física
FAC-001268,2025-02-21,CLI-00049,SKU-00137,7,531.94,MXN,3723.58,Tienda física
FAC-000144,2025-05-05,CLI-00156,SKU-00086,6,1326.93,MXN,4733.43,Tienda física
FAC-002910,2025-06-27,CLI-00325,SKU-00046,4,1102.36,MXN,4409.44,Marketplace
FAC-000721,21/09/2025,CLI-00246,SKU-00006,4,1741.14,mxn,6964.56,E-commerce
FAC-001848,08/07/2024,CLI-00227,SKU-97689,4,768.09,MXN,3072.36,Marketplace
FAC-000652,2024-04-24,CLI-00476,SKU-00139,4,170.56,MXN,571.63,E-commerce
FAC-000602,26/09/2025,CLI-00386,SKU-00108,4,316.32,MXN,1265.28,Tienda física
FAC-000074,02/09/2024,CLI-00434,SKU-00126,5,476.68,MXN,2383.4,Marketplace
FAC-000287,04/08/2024,,SKU-00019,2,2347.88,MXN,4695.76,Teléfono
FAC-000883,08/20/2025,CLI-00004,SKU-96293,4,2027.9,MXN,4449.08,Tienda física
FAC-001218,2024-10-01,CLI-00208,SKU-00051,3,542.18,MXN,1626.54,Tienda física
FAC-003249,2024-04-11,CLI-00056,SKU-94815,1,308.86,MXN,308.86,Marketplace
FAC-001136,09/07/2024,CLI-00285,SKU-00076,6,52.16,MXN,312.96,Tienda física
FAC-002449,01/19/2024,CLI-00301,SKU-00119,-1,850.54,MXN,5953.78,Tienda física
FAC-002174,2025-06-12,CLI-00434,SKU-00036,7,814.58,MXN,5702.06,Tienda física
FAC-002501,02/09/2024,CLI-00105,SKU-00127,4,713.08,MXN,2852.32,E-commerce
FAC-001585,2025-10-07,CLI-00323,SKU-00113,6,2212.22,MXN,13273.32,Tienda física
FAC-000321,2024-03-14,CLI-00332,SKU-00146,3,387.68,MXN,1163.04,Marketplace
FAC-001195,2025-09-05,CLI-00307,SKU-00052,7,883.42,MXN,6183.94,E-commerce
FAC-000799,2024-11-24,CLI-00088,SKU-00086,1,1400.89,MXN,1400.89,E-commerce
FAC-002734,01/09/2025,,SKU-00083,2,186.47,USD,372.94,Tienda física
FAC-001705,04/10/2024,CLI-00118,SKU-00016,4,702.18,MXN,2808.72,E-commerce
FAC-002332,2025-01-18,CLI-00447,SKU-00106,3,647.63,MXN,1942.89,Tienda física
FAC-000814,2024-08-25,CLI-00283,SKU-00138,4,472.86,MXN,1891.44,Tienda física
FAC-002061,2024-11-10,CLI-00020,SKU-00019,1,2394.7,MXN,2394.7,Marketplace
FAC-000159,2024-01-07,CLI-00315,SKU-00145,1,450.44,MXN,450.44,E-commerce
FAC-002124,08/02/2024,CLI-00124,SKU-00116,6,348.4,USD,2090.4,E-commerce
FAC-001909,2024-02-28,CLI-00433,SKU-00122,3,218.92, MXN ,656.76,Marketplace
FAC-000794,12/05/2024,CLI-00420,SKU-00075,4,230.77,MXN,923.08,Tienda física
FAC-001428,2025-12-25,CLI-00318,SKU-00077,7,1403.26,MXN,9822.82,Tienda física
FAC-002096,02/09/2024,CLI-00200,SKU-00082,7,996.42,USD,6974.94,Tienda física
FAC-001885,2024-11-04,CLI-00316,SKU-00063,1,294.96,USD,294.96,Tienda física
FAC-001769,2025-10-19,CLI-00169,SKU-00081,3,$503.79,MXN,1511.37,Marketplace
FAC-001840,2024-04-12,CLI-00275,SKU-00089,2,1346.29,MXN,2692.58,Tienda física
FAC-000641,02/22/2025,CLI-00368,SKU-00115,-4,119.3,MXN,238.6,Tienda física
FAC-002987,11/17/2024,CLI-00367,SKU-00019,3,2445.59,MXN,7336.77,Tienda física
FAC-001711,2025-08-07,CLI-00315,SKU-00118,2,269.66,MXN,539.32,Tienda física
FAC-000744,2024-06-10,CLI-00429,SKU-00022,3,643.57,MXN,1930.71,E-commerce
FAC-001975,2025-05-23,CLI-00025,SKU-00062,1,$375.91,MXN,375.91,Teléfono
FAC-000503,2025-07-17,CLI-00105,SKU-00025,2,623.18,MXN,1246.36,Marketplace
FAC-001045,07/08/2025,CLI-00166,SKU-00102,3,1525.21,MXN,4575.63,E-commerce
FAC-001454,2025-07-08,CLI-00194,SKU-96662,6,548.37,MXN,3290.22,Teléfono
FAC-002494,27/11/2024,CLI-00322,SKU-00083,2,184.54,MXN,369.08,Tienda física
FAC-000196,2024-03-20,CLI-00065,SKU-00088,6,1374.57,MXN,8247.42,Tienda física
FAC-003315,2025-04-28,CLI-00087,SKU-00139,3,162.21,MXN,486.63,Marketplace
FAC-000884,2025-03-23,CLI-00267,SKU-00016,6,688.81,USD,4132.86,Tienda física
FAC-002393,2024-06-08,CLI-95100,SKU-00010,5,712.29,USD,3561.45,Tienda física
FAC-001431,2024-01-01,CLI-00289,SKU-00072,2,413.93,MXN,827.86,Tienda física
FAC-000898,2024-01-20,CLI-00277,SKU-00053,4,714.14,MXN,2856.56,Marketplace
FAC-000332,2024-01-29,CLI-00377,SKU-00109,6,1717.96,MXN,10307.76,E-commerce
FAC-003265,09/13/2025,CLI-00065,SKU-00016,4,693.02, MXN ,2772.08,Tienda física
FAC-001300,29/10/2024,CLI-00393,SKU-00005,5,383.91,MXN,1919.55,E-commerce
FAC-002666,2025-12-30,CLI-00325,SKU-00013,2,2603.75,MXN,5207.5,Marketplace
FAC-001399,2025-02-13,CLI-00495,SKU-00106,1,653.68,MXN,653.68,Marketplace
FAC-001609,2024-03-08,CLI-00207,SKU-00044,1,1554.58,MXN,1554.58,Tienda física
FAC-002973,2025-09-08,CLI-00212,SKU-00083,6,182.35,USD,,Marketplace
FAC-002683,2025-05-29,CLI-00299,SKU-00068,1,309.06,MXN,309.06,Marketplace
FAC-001660,2025-12-13,CLI-00452,SKU-00029,2,524.81,MXN,1049.62,Tienda física
FAC-000420,2025-12-12,CLI-00225,SKU-00109,7,1703.41,MXN,11923.87,E-commerce
FAC-001169,04/05/2024,CLI-00317,SKU-00059,3,408.26,MXN,1224.78,E-commerce
FAC-002757,07/13/2025,CLI-00370,SKU-00137,5,531.49,MXN,2657.45,Tienda física
FAC-001541,2025-02-18,CLI-00468,SKU-00116,7,353.08, MXN ,2471.56,Tienda física
FAC-000989,2025-05-03,CLI-00277,SKU-00147,2,275.95,MXN,551.9,E-commerce
FAC-002085,2025-03-31,CLI-00305,SKU-00129,2,311.25,MXN,622.5,Marketplace
FAC-001185,2024-05-08,CLI-00155,SKU-00150,3,544.15,MXN,1632.45,Tienda física
FAC-000605,2024-02-19,CLI-00179,SKU-00144,5,102.51,MXN,512.55,E-commerce
FAC-000572,2025-04-05,CLI-00040,SKU-00143,6,43.06,MXN,258.36,Marketplace
FAC-001274,2024-07-10,CLI-00284,SKU-00058,2,143.7,MXN,287.4,E-commerce
FAC-000494,03/28/2025,CLI-00479,SKU-00134,7,215.08,MXN,1505.56,E-commerce
FAC-002113,2024-06-09,CLI-00085,SKU-00070,6,427.16,mxn,1395.25,Marketplace
FAC-000530,2024-07-28,CLI-00358,SKU-00121,7,329.76,MXN,1774.43,Marketplace
FAC-000313,2024-01-08,,SKU-00092,7,143.61,MXN,1005.27,Tienda física
FAC-000427,2025-03-07,CLI-00363,SKU-00106,1,650.89,MXN,650.89,Marketplace
FAC-003373,2024-09-01,CLI-00390,SKU-97271,3,179.06,MXN,537.18,Tienda física
FAC-001366,2024-10-04,CLI-00259,SKU-00102,6,"$1,550.67", MXN ,9304.02,Tienda física
FAC-001416,27/08/2024,CLI-00112,SKU-00008,4,1859.94,MXN,7439.76,Teléfono
FAC-001205,09/02/2025,CLI-00259,SKU-00044,5,1635.45,MXN,8177.25,E-commerce
FAC-001379,2025-11-09,CLI-00416,SKU-00028,4,602.68,MXN,2410.72,E-commerce
FAC-000347,2024-10-09,CLI-92992,SKU-00047,4,1236.69,MXN,3552.94,Tienda física
FAC-003367,2025-08-13,CLI-00109,SKU-00139,6,170.11,USD,1020.66,E-commerce
FAC-000914,02/23/2025,CLI-00093,SKU-00151,3,533.66,MXN,1600.98,E-commerce
FAC-002710,2025-12-05,CLI-00304,SKU-00123,1,438.21,USD,438.21,Tienda física
FAC-001600,2024-10-22,CLI-00153,SKU-00036,6,841.54,MXN,3456.41,Tienda física
FAC-001444,28/09/2024,CLI-00284,SKU-00026,5,1145.82,MXN,5729.1,E-commerce
FAC-002829,2024-10-31,CLI-00409,SKU-00135,2,380.92,MXN,761.84,E-commerce
FAC-001537,2025-08-17,CLI-00320,SKU-00121,4,307.42,USD,1229.68,Marketplace
FAC-002897,2025-02-03,CLI-00334,SKU-00053,7,719.05,MXN,5033.35,Marketplace
FAC-000519,2025-02-04,CLI-00444,SKU-00075,4,221.79,MXN,887.16,Tienda física
FAC-000512,2024-08-16,CLI-00041,SKU-00055,5,558.92,MXN,2794.6,Tienda física
FAC-003128,2024-10-06,CLI-00282,SKU-00055,3,$567.25,MXN,1701.75,Tienda física
FAC-000599,09/18/2025,CLI-00313,SKU-97701,3,192.43,MXN,332.3,Tienda física
FAC-000710,2024-12-18,CLI-00242,SKU-00145,3,440.21,MXN,1106.34,E-commerce
FAC-001001,2025-12-11,CLI-00033,SKU-00006,1,1715.99,MXN,1715.99,Marketplace
FAC-002667,2024-01-24,CLI-00112,SKU-00134,1,215.01,mxn,215.01,Tienda física
FAC-001901,2024-02-11,CLI-00005,SKU-00007,1,1313.03,MXN,1313.03,Tienda física
FAC-003052,2024-06-28,CLI-00230,SKU-97462,1,419.72,MXN,419.72,Tienda física
FAC-000601,2024-04-03,CLI-00238,SKU-00011,6,531.67,MXN,3190.02,Tienda física
FAC-002225,18/04/2025,CLI-00114,SKU-00140,1,169.29,MXN,,E-commerce
FAC-000715,2024-01-16,CLI-00369,SKU-00116,6,353.28,MXN,2119.68,E-commerce
FAC-001907,2024-03-29,CLI-00001,SKU-00063,2,294.23,MXN,588.46,Tienda física
FAC-002078,2024-10-20,,SKU-93970,-3,439.57,MXN,1758.28,Marketplace
FAC-002314,19/11/2025,CLI-00235,SKU-00103,7,2409.23,MXN,16864.61,Marketplace
FAC-000138,05/27/2024,CLI-00168,SKU-00144,1,105.76,MXN,105.76,Tienda física
FAC-002267,2024-07-26,CLI-00357,SKU-00061,4,414.28,MXN,1657.12,Tienda física
FAC-001371,2025-06-28,CLI-00213,SKU-00025,3,581.65,MXN,1744.95,E-commerce
FAC-002406,05/26/2025,CLI-00467,SKU-00111,1,1941.66,MXN,,E-commerce
FAC-002022,27/09/2025,CLI-00330,SKU-00040,7,665.67,MXN,4659.69,Teléfono
FAC-003383,2025-10-04,CLI-00436,SKU-00032,1,766.12, USD ,766.12,Tienda física
FAC-002321,06/08/2024,CLI-00181,SKU-00092,7,148.45,USD,846.59,E-commerce
FAC-003485,04/02/2024,CLI-00166,SKU-00115,2,122.21,MXN,244.42,Tienda física
FAC-002299,07/25/2024,CLI-00306,SKU-00067,5,204.05,MXN,1020.25,Marketplace
FAC-000658,2024-10-19,,SKU-00098,2,1324.05,MXN,2648.1,Tienda física
FAC-001652,06/21/2024,CLI-00434,SKU-00024,4,922.0,MXN,3688.0,E-commerce
FAC-001524,2025-09-28,CLI-00355,SKU-00080,-1,855.54,MXN,5133.24,Teléfono
FAC-003489,2024-04-22,CLI-00097,SKU-00116,4,352.28,MXN,1409.12,Tienda física
FAC-001733,2025-05-25,CLI-00006,SKU-00025,1,587.22,MXN,587.22,E-commerce
FAC-000872,2025-11-17,CLI-00200,SKU-00028,2,598.61,USD,1197.22,E-commerce
FAC-002046,2025-09-20,CLI-00012,SKU-00043,1,749.54,MXN,749.54,Teléfono
FAC-000609,2024-09-09,,SKU-00016,5,$697.89,MXN,3489.45,Teléfono
FAC-001380,03/31/2024,CLI-00182,SKU-00144,7,106.53,MXN,745.71,Marketplace
FAC-002513,09/03/2024,CLI-00049,SKU-98330,2,1108.51,MXN,2217.02,Tienda física
FAC-000911,09/26/2024,CLI-00148,SKU-91898,7,396.57,MXN,2775.99,Tienda física
FAC-002596,2025-04-19,CLI-00184,SKU-00047,6,1313.98,MXN,6514.0,Tienda física
FAC-001722,2024-04-08,CLI-00385,SKU-00021,4,187.77,MXN,751.08,Tienda física
FAC-003122,2025-06-09,CLI-00219,SKU-00022,3,$637.77,MXN,1913.31,Tienda física
FAC-002095,04/06/2025,CLI-00280,SKU-00070,4,432.77,MXN,1731.08,E-commerce
FAC-002669,29/08/2025,CLI-00335,SKU-00003,4,2941.5,MXN,11766.0,Tienda física
FAC-002237,2024-05-25,CLI-00113,SKU-00100,5,"$2,046.63",MXN,10233.15,E-commerce
FAC-000215,2024-11-07,CLI-00075,SKU-00137,3,569.19,MXN,1707.57,E-commerce
FAC-003024,18/01/2025,CLI-00057,SKU-00028,2,579.43,USD,1158.86,Tienda física
FAC-000709,2024-05-11,CLI-00322,SKU-00096,1,1414.52,MXN,1414.52,E-commerce
FAC-002273,21/03/2025,,SKU-00139,7,170.83,USD,1195.81,Tienda física
FAC-001403,2024-05-17,CLI-00436,SKU-00142,1,495.87, MXN ,495.87,Tienda física
FAC-001229,2025-11-19,CLI-00310,SKU-00038,3,609.9,MXN,1829.7,E-commerce
FAC-000516,2025-06-07,CLI-00487,SKU-00123,2,424.71,MXN,849.42,E-commerce
FAC-000951,2025-06-04,CLI-00433,SKU-00019,5,2320.39,MXN,11601.95,E-commerce
FAC-001099,2025-07-24,CLI-00182,SKU-00058,1,147.16,MXN,147.16,Teléfono
FAC-002626,2024-03-17,CLI-00162,SKU-00036,5,$832.65,USD,4163.25,Marketplace
FAC-002819,04/09/2024,CLI-00176,SKU-00032,1,800.37,MXN,800.37,E-commerce
FAC-000254,10/06/2025,CLI-00254,SKU-00105,7,1725.07,MXN,12075.49,E-commerce
FAC-003125,05/09/2024,CLI-00455,SKU-00092,1,148.72,MXN,148.72,Tienda física
FAC-001560,2025-02-26,CLI-00076,SKU-00023,4,327.08, MXN ,1308.32,Teléfono
FAC-001538,2024-08-05,CLI-00360,SKU-00006,5,1786.76,MXN,8933.8,Tienda física
FAC-001626,2025-05-26,CLI-00163,SKU-00112,6,195.76,USD,1174.56,E-commerce
FAC-000637,2025-02-10,CLI-00195,SKU-00141,7,$541.42,USD,3789.94,Marketplace
FAC-000494,03/28/2025,CLI-00479,SKU-00134,7,215.08,MXN,1505.56,E-commerce
FAC-002644,2024-05-28,,SKU-00023,7,322.31,MXN,2256.17,Tienda física
FAC-001594,12/23/2024,CLI-00491,SKU-00040,2,672.34,USD,,Tienda física
FAC-001423,06/08/2024,CLI-00009,SKU-00054,3,454.09,MXN,1362.27,E-commerce
FAC-001127,2025-12-17,CLI-00240,SKU-00078,5,906.53,MXN,4532.65,Marketplace
FAC-002604,2024-08-01,CLI-00132,SKU-00074,1,450.15,MXN,352.34,Tienda física
FAC-002098,11/28/2025,CLI-00390,SKU-00046,1,1106.22,MXN,1106.22,Teléfono
FAC-001667,2024-01-14,CLI-94677,SKU-00036,6,837.32,USD,5023.92,E-commerce
FAC-002721,2025-12-03,CLI-94678,SKU-00036,6,857.23,MXN,,Marketplace
FAC-001279,2025-04-10,CLI-00167,SKU-00116,1,$346.24,MXN,346.24,Teléfono
FAC-003056,2025-08-16,CLI-00318,SKU-00018,7,841.88,MXN,5893.16,Marketplace
FAC-001552,2024-11-21,CLI-93603,SKU-96816,4,520.63,MXN,2082.52,E-commerce
FAC-002781,2025-12-27,CLI-00422,SKU-00030,4,906.44,MXN,3625.76,Tienda física
FAC-000388,2025-04-11,CLI-00366,SKU-00029,3,489.28,MXN,1467.84,Tienda física
FAC-001604,2025-06-17,CLI-00221,SKU-00059,4,423.82,MXN,1695.28,E-commerce
FAC-000449,2025-09-17,CLI-00462,SKU-00031,3,395.28,MXN,1185.84,Tienda física
FAC-001587,2025-05-07,CLI-00261,SKU-00130,2,442.16,MXN,884.32,E-commerce
FAC-000804,09/01/2025,CLI-00500,SKU-00127,6,707.82,USD,4246.92,Tienda física
FAC-001928,11/14/2024,CLI-00231,SKU-00095,7,$372.15,MXN,2605.05,Tienda física
FAC-000357,2025-07-17,CLI-00249,SKU-00074,5,437.45,MXN,2187.25,Tienda física
FAC-001686,2025-07-05,CLI-00010,SKU-00069,2,369.72,MXN,739.44,Tienda física
FAC-002925,2024-07-22,CLI-00044,SKU-00035,3,769.76,MXN,2309.28,Tienda física
FAC-000499,2024-09-30,CLI-00256,SKU-00105,4,1653.32,MXN,6613.28,Tienda física
FAC-003262,2025-07-18,CLI-00074,SKU-00089,2,1294.27,MXN,2588.54,E-commerce
FAC-002179,2024-01-03,CLI-00385,SKU-00040,5,685.68, MXN ,3428.4,Marketplace
FAC-000535,08/05/2024,CLI-00174,SKU-00148,6,548.82,MXN,3292.92,E-commerce
FAC-002715,2024-09-28,,SKU-00116,5,333.19,MXN,1665.95,E-commerce
FAC-002615,21/05/2025,CLI-00319,SKU-00124,7,806.9,USD,5648.3,Marketplace
FAC-003443,2025-06-26,CLI-00257,SKU-00060,2,411.65,MXN,823.3,Teléfono
FAC-003470,09/11/2025,CLI-00161,SKU-00016,4,690.24,MXN,2760.96,E-commerce
FAC-001517,03/15/2025,CLI-00222,SKU-00038,6,601.57, MXN ,3609.42,Tienda física
FAC-001318,2025-04-10,CLI-00283,SKU-00104,7,235.73,MXN,1650.11,Tienda física
FAC-001297,2024-07-18,CLI-00183,SKU-00070,7,408.39,MXN,2858.73,Tienda física
FAC-000048,2025-06-27,CLI-00091,SKU-00105,2,"$1,709.81",MXN,3419.62,Tienda física
FAC-000391,2025-08-07,CLI-00444,SKU-00105,7,1684.07, USD ,11788.49,Tienda física
FAC-001942,2025-03-30,CLI-00308,SKU-00144,2,105.51,MXN,211.02,E-commerce
FAC-001202,17/07/2024,CLI-00302,SKU-00091,5,843.42,MXN,4217.1,E-commerce
FAC-001835,2024-12-02,CLI-00147,SKU-00088,1,1329.8,MXN,1124.7,Marketplace
FAC-000128,2025-05-17,CLI-00087,SKU-00093,5,477.78,MXN,2388.9,Tienda física
FAC-000430,2024-05-04,CLI-00192,SKU-00030,5,875.0,USD,4375.0,Tienda física
FAC-003235,18/09/2024,CLI-00068,SKU-00018,5,879.35,MXN,4396.75,Tienda física
FAC-001853,2025-04-08,CLI-00070,SKU-00007,3,1255.96,MXN,3767.88,Tienda física
FAC-002844,2024-05-09,CLI-00109,SKU-00004,4,515.54,MXN,2062.16,Tienda física
FAC-002167,2024-03-14,CLI-00269,SKU-00111,3,"$2,082.96",MXN,6248.88,Marketplace
FAC-000419,2024-08-29,CLI-00171,SKU-00019,6,2439.0,MXN,14634.0,Tienda física
FAC-000282,2025-06-01,CLI-00427,SKU-00130,6,425.22,MXN,2551.32,Tienda física
FAC-001046,2025-09-03,CLI-00209,SKU-00150,4,543.63,MXN,2174.52,Teléfono
FAC-002283,2025-03-01,CLI-00031,SKU-00114,1,1966.49,MXN,1966.49,Tienda física
FAC-000438,2024-01-08,CLI-00175,SKU-00033,4,1185.64,USD,4742.56,Marketplace
FAC-001555,2025-03-22,CLI-00356,SKU-00136,6,255.75,MXN,1534.5,Marketplace
FAC-002591,2025-05-08,CLI-00456,SKU-00096,6,1492.79,MXN,7456.84,Tienda física
FAC-001680,2025-04-28,CLI-00186,SKU-94964,2,497.05,MXN,994.1,Tienda física
FAC-001641,2025-08-31,CLI-00266,SKU-00149,1,61.59,MXN,61.59,E-commerce
FAC-003304,01/24/2024,CLI-00451,SKU-00075,3,232.14,MXN,696.42,E-commerce
FAC-002845,2025-05-26,CLI-94956,SKU-00151,4,563.06,MXN,2252.24,Tienda física
FAC-002976,05/24/2024,CLI-00127,SKU-00084,3,972.82,mxn,2918.46,E-commerce
FAC-001239,2025-07-15,CLI-00302,SKU-00131,3,102.81,MXN,308.43,Tienda física
FAC-000007,2024-10-09,CLI-00146,SKU-00126,6,482.72,MXN,2896.32,Teléfono
FAC-001694,2024-04-26,,SKU-00083,2,184.88,MXN,202.79,E-commerce
FAC-002285,2024-04-08,CLI-00253,SKU-00079,1,1322.82,USD,1322.82,E-commerce
FAC-002257,2024-09-22,CLI-00342,SKU-00090,5,1430.42,mxn,7152.1,E-commerce
FAC-000349,2024-11-07,CLI-00290,SKU-00139,1,165.57,MXN,165.57,E-commerce
FAC-001315,2025-03-27,CLI-00261,SKU-00105,2,"$1,705.62",MXN,3411.24,Teléfono
FAC-000455,31/10/2025,CLI-00039,SKU-00095,4,391.78,MXN,1567.12,Tienda física
FAC-000967,2024-03-30,CLI-00010,SKU-00032,3,763.39,MXN,2290.17,Tienda física
FAC-001857,2024-12-22,CLI-00433,SKU-00142,3,491.17,USD,1473.51,E-commerce
FAC-002993,02/09/2024,CLI-00309,SKU-00072,2,414.64,MXN,829.28,Tienda física
FAC-002396,2025-07-16,CLI-00345,SKU-00022,5,622.34,MXN,3111.7,Marketplace
FAC-001477,2024-04-26,CLI-00165,SKU-00074,1,427.02,MXN,,Tienda física
FAC-001362,2025-03-11,CLI-00444,SKU-00102,3,1511.16,MXN,4533.48,Tienda física
FAC-002612,2024-03-17,CLI-00266,SKU-00039,2,1527.85,USD,3055.7,Tienda física
FAC-000158,2025-03-13,CLI-00172,SKU-00033,4,1170.69,MXN,4682.76,Marketplace
