evento_id,oportunidad_id,etapa,fecha_evento,vendedor_id
EVO-000001,OPP-000006,lead,2025-01-06,VEN-004
EVO-000002,OPP-000006,contactado,2025-01-06,VEN-004
EVO-000003,OPP-000007,lead,2025-01-06,VEN-001
EVO-000004,OPP-000015,lead,2025-01-06,VEN-004
EVO-000005,OPP-000027,lead,2025-01-06,VEN-006
EVO-000006,OPP-000029,lead,2025-01-06,VEN-002
EVO-000007,OPP-000034,lead,2025-01-06,VEN-006
EVO-000008,OPP-000036,lead,2025-01-06,VEN-009
EVO-000009,OPP-000036,contactado,2025-01-06,VEN-009
EVO-000010,OPP-000037,lead,2025-01-06,VEN-008
EVO-000011,OPP-000037,contactado,2025-01-06,VEN-008
EVO-000012,OPP-000040,lead,2025-01-06,VEN-003
EVO-000013,OPP-000045,lead,2025-01-06,VEN-007
EVO-000014,OPP-000047,lead,2025-01-06,VEN-003
EVO-000015,OPP-000048,lead,2025-01-06,VEN-002
EVO-000016,OPP-000052,lead,2025-01-06,VEN-012
EVO-000017,OPP-000002,lead,2025-01-07,VEN-007
EVO-000018,OPP-000005,lead,2025-01-07,VEN-008
EVO-000019,OPP-000010,lead,2025-01-07,VEN-011
EVO-000020,OPP-000027,contactado,2025-01-07,VEN-006
EVO-000021,OPP-000030,lead,2025-01-07,VEN-007
EVO-000022,OPP-000031,lead,2025-01-07,VEN-008
EVO-000023,OPP-000043,lead,2025-01-07,VEN-010
EVO-000024,OPP-000045,contactado,2025-01-07,VEN-007
EVO-000025,OPP-000001,lead,2025-01-08,VEN-005
EVO-000026,OPP-000009,lead,2025-01-08,VEN-010
EVO-000027,OPP-000010,contactado,2025-01-08,VEN-011
EVO-000028,OPP-000013,lead,2025-01-08,VEN-006
EVO-000029,OPP-000014,lead,2025-01-08,VEN-004
EVO-000030,OPP-000015,contactado,2025-01-08,VEN-004
EVO-000031,OPP-000019,lead,2025-01-08,VEN-007
EVO-000032,OPP-000023,lead,2025-01-08,VEN-004
EVO-000033,OPP-000025,lead,2025-01-08,VEN-001
EVO-000034,OPP-000025,contactado,2025-01-08,VEN-001
EVO-000035,OPP-000026,lead,2025-01-08,VEN-009
EVO-000036,OPP-000029,contactado,2025-01-08,VEN-002
EVO-000037,OPP-000035,lead,2025-01-08,VEN-004
EVO-000038,OPP-000037,calificado,2025-01-08,VEN-008
EVO-000039,OPP-000041,lead,2025-01-08,VEN-011
EVO-000040,OPP-000043,contactado,2025-01-08,VEN-010
EVO-000041,OPP-000047,contactado,2025-01-08,VEN-003
EVO-000042,OPP-000047,calificado,2025-01-08,VEN-003
EVO-000043,OPP-000049,lead,2025-01-08,VEN-004
EVO-000044,OPP-000053,lead,2025-01-08,VEN-010
EVO-000045,OPP-000054,lead,2025-01-08,VEN-012
EVO-000046,OPP-000056,lead,2025-01-08,VEN-005
EVO-000047,OPP-000002,contactado,2025-01-09,VEN-007
EVO-000048,OPP-000004,lead,2025-01-09,VEN-006
EVO-000049,OPP-000005,contactado,2025-01-09,VEN-008
EVO-000050,OPP-000006,calificado,2025-01-09,VEN-004
EVO-000051,OPP-000007,contactado,2025-01-09,VEN-001
EVO-000052,OPP-000013,contactado,2025-01-09,VEN-006
EVO-000053,OPP-000021,lead,2025-01-09,VEN-006
EVO-000054,OPP-000028,lead,2025-01-09,VEN-002
EVO-000055,OPP-000028,contactado,2025-01-09,VEN-002
EVO-000056,OPP-000028,calificado,2025-01-09,VEN-002
EVO-000057,OPP-000032,lead,2025-01-09,VEN-003
EVO-000058,OPP-000032,contactado,2025-01-09,VEN-003
EVO-000059,OPP-000034,contactado,2025-01-09,VEN-006
EVO-000060,OPP-000034,calificado,2025-01-09,VEN-006
EVO-000061,OPP-000034,propuesta,2025-01-09,VEN-006
EVO-000062,OPP-000038,lead,2025-01-09,VEN-007
EVO-000063,OPP-000039,lead,2025-01-09,VEN-008
EVO-000064,OPP-000043,calificado,2025-01-09,VEN-010
EVO-000065,OPP-000046,lead,2025-01-09,VEN-004
EVO-000066,OPP-000046,contactado,2025-01-09,VEN-004
EVO-000067,OPP-000050,lead,2025-01-09,VEN-009
EVO-000068,OPP-000050,contactado,2025-01-09,VEN-009
EVO-000069,OPP-000051,lead,2025-01-09,VEN-006
EVO-000070,OPP-000053,contactado,2025-01-09,VEN-010
EVO-000071,OPP-000055,lead,2025-01-09,VEN-012
EVO-000072,OPP-000001,contactado,2025-01-10,VEN-005
EVO-000073,OPP-000003,lead,2025-01-10,VEN-001
EVO-000074,OPP-000004,contactado,2025-01-10,VEN-006
EVO-000075,OPP-000004,calificado,2025-01-10,VEN-006
EVO-000076,OPP-000006,propuesta,2025-01-10,VEN-004
EVO-000077,OPP-000008,lead,2025-01-10,VEN-012
EVO-000078,OPP-000011,lead,2025-01-10,VEN-012
EVO-000079,OPP-000012,lead,2025-01-10,VEN-002
EVO-000080,OPP-000016,lead,2025-01-10,VEN-005
EVO-000081,OPP-000017,lead,2025-01-10,VEN-010
EVO-000082,OPP-000018,lead,2025-01-10,VEN-011
EVO-000083,OPP-000020,lead,2025-01-10,VEN-001
EVO-000084,OPP-000021,contactado,2025-01-10,VEN-006
EVO-000085,OPP-000021,calificado,2025-01-10,VEN-006
EVO-000086,OPP-000022,lead,2025-01-10,VEN-007
EVO-000087,OPP-000023,contactado,2025-01-10,VEN-004
EVO-000088,OPP-000024,lead,2025-01-10,VEN-011
EVO-000089,OPP-000029,calificado,2025-01-10,VEN-002
EVO-000090,OPP-000033,lead,2025-01-10,VEN-006
EVO-000091,OPP-000041,contactado,2025-01-10,VEN-011
EVO-000092,OPP-000042,lead,2025-01-10,VEN-007
EVO-000093,OPP-000042,contactado,2025-01-10,VEN-007
EVO-000094,OPP-000044,lead,2025-01-10,VEN-011
EVO-000095,OPP-000045,calificado,2025-01-10,VEN-007
EVO-000096,OPP-000047,propuesta,2025-01-10,VEN-003
EVO-000097,OPP-000057,lead,2025-01-10,VEN-010
EVO-000098,OPP-000002,calificado,2025-01-11,VEN-007
EVO-000099,OPP-000005,calificado,2025-01-11,VEN-008
EVO-000100,OPP-000008,contactado,2025-01-11,VEN-012
EVO-000101,OPP-000009,contactado,2025-01-11,VEN-010
EVO-000102,OPP-000011,contactado,2025-01-11,VEN-012
EVO-000103,OPP-000015,calificado,2025-01-11,VEN-004
EVO-000104,OPP-000018,contactado,2025-01-11,VEN-011
EVO-000105,OPP-000019,contactado,2025-01-11,VEN-007
EVO-000106,OPP-000024,contactado,2025-01-11,VEN-011
EVO-000107,OPP-000025,calificado,2025-01-11,VEN-001
EVO-000108,OPP-000028,propuesta,2025-01-11,VEN-002
EVO-000109,OPP-000033,contactado,2025-01-11,VEN-006
EVO-000110,OPP-000033,calificado,2025-01-11,VEN-006
EVO-000111,OPP-000046,calificado,2025-01-11,VEN-004
EVO-000112,OPP-000054,contactado,2025-01-11,VEN-012
EVO-000113,OPP-000055,contactado,2025-01-11,VEN-012
EVO-000114,OPP-000055,calificado,2025-01-11,VEN-012
EVO-000115,OPP-000057,contactado,2025-01-11,VEN-010
EVO-000116,OPP-000016,contactado,2025-01-12,VEN-005
EVO-000117,OPP-000017,contactado,2025-01-12,VEN-010
EVO-000118,OPP-000034,cierre,2025-01-12,VEN-006
EVO-000119,OPP-000050,calificado,2025-01-12,VEN-009
EVO-000120,OPP-000055,propuesta,2025-01-12,VEN-012
EVO-000121,OPP-000003,contactado,2025-01-13,VEN-001
EVO-000122,OPP-000003,calificado,2025-01-13,VEN-001
EVO-000123,OPP-000003,propuesta,2025-01-13,VEN-001
EVO-000124,OPP-000003,cierre,2025-01-13,VEN-001
EVO-000125,OPP-000012,contactado,2025-01-13,VEN-002
EVO-000126,OPP-000018,calificado,2025-01-13,VEN-011
EVO-000127,OPP-000018,propuesta,2025-01-13,VEN-011
EVO-000128,OPP-000024,calificado,2025-01-13,VEN-011
EVO-000129,OPP-000029,propuesta,2025-01-13,VEN-002
EVO-000130,OPP-000041,calificado,2025-01-13,VEN-011
EVO-000131,OPP-000042,calificado,2025-01-13,VEN-007
EVO-000132,OPP-000044,contactado,2025-01-13,VEN-011
EVO-000133,OPP-000045,propuesta,2025-01-13,VEN-007
EVO-000134,OPP-000063,lead,2025-01-13,VEN-007
EVO-000135,OPP-000065,lead,2025-01-13,VEN-002
EVO-000136,OPP-000072,lead,2025-01-13,VEN-010
EVO-000137,OPP-000073,lead,2025-01-13,VEN-006
EVO-000138,OPP-000092,lead,2025-01-13,VEN-001
EVO-000139,OPP-000100,lead,2025-01-13,VEN-009
EVO-000140,OPP-000106,lead,2025-01-13,VEN-002
EVO-000141,OPP-000108,lead,2025-01-13,VEN-001
EVO-000142,OPP-000117,lead,2025-01-13,VEN-003
EVO-000143,OPP-000118,lead,2025-01-13,VEN-005
EVO-000144,OPP-000011,calificado,2025-01-14,VEN-012
EVO-000145,OPP-000017,calificado,2025-01-14,VEN-010
EVO-000146,OPP-000017,propuesta,2025-01-14,VEN-010
EVO-000147,OPP-000025,propuesta,2025-01-14,VEN-001
EVO-000148,OPP-000046,propuesta,2025-01-14,VEN-004
EVO-000149,OPP-000054,calificado,2025-01-14,VEN-012
EVO-000150,OPP-000062,lead,2025-01-14,VEN-009
EVO-000151,OPP-000062,contactado,2025-01-14,VEN-009
EVO-000152,OPP-000063,contactado,2025-01-14,VEN-007
EVO-000153,OPP-000064,lead,2025-01-14,VEN-008
EVO-000154,OPP-000068,lead,2025-01-14,VEN-009
EVO-000155,OPP-000068,contactado,2025-01-14,VEN-009
EVO-000156,OPP-000073,contactado,2025-01-14,VEN-006
EVO-000157,OPP-000075,lead,2025-01-14,VEN-008
EVO-000158,OPP-000077,lead,2025-01-14,VEN-005
EVO-000159,OPP-000081,lead,2025-01-14,VEN-002
EVO-000160,OPP-000086,lead,2025-01-14,VEN-011
EVO-000161,OPP-000090,lead,2025-01-14,VEN-012
EVO-000162,OPP-000092,contactado,2025-01-14,VEN-001
EVO-000163,OPP-000093,lead,2025-01-14,VEN-004
EVO-000164,OPP-000094,lead,2025-01-14,VEN-011
EVO-000165,OPP-000095,lead,2025-01-14,VEN-003
EVO-000166,OPP-000099,lead,2025-01-14,VEN-003
EVO-000167,OPP-000102,lead,2025-01-14,VEN-003
EVO-000168,OPP-000112,lead,2025-01-14,VEN-010
EVO-000169,OPP-000050,propuesta,2025-01-15,VEN-009
EVO-000170,OPP-000058,lead,2025-01-15,VEN-002
EVO-000171,OPP-000059,lead,2025-01-15,VEN-003
EVO-000172,OPP-000061,lead,2025-01-15,VEN-012
EVO-000173,OPP-000062,calificado,2025-01-15,VEN-009
EVO-000174,OPP-000063,calificado,2025-01-15,VEN-007
EVO-000175,OPP-000065,contactado,2025-01-15,VEN-002
EVO-000176,OPP-000071,lead,2025-01-15,VEN-010
EVO-000177,OPP-000072,contactado,2025-01-15,VEN-010
EVO-000178,OPP-000078,lead,2025-01-15,VEN-010
EVO-000179,OPP-000083,lead,2025-01-15,VEN-010
EVO-000180,OPP-000087,lead,2025-01-15,VEN-006
EVO-000181,OPP-000088,lead,2025-01-15,VEN-007
EVO-000182,OPP-000096,lead,2025-01-15,VEN-006
EVO-000183,OPP-000096,contactado,2025-01-15,VEN-006
EVO-000184,OPP-000097,lead,2025-01-15,VEN-003
EVO-000185,OPP-000099,contactado,2025-01-15,VEN-003
EVO-000186,OPP-000101,lead,2025-01-15,VEN-009
EVO-000187,OPP-000106,contactado,2025-01-15,VEN-002
EVO-000188,OPP-000106,calificado,2025-01-15,VEN-002
EVO-000189,OPP-000106,propuesta,2025-01-15,VEN-002
EVO-000190,OPP-000108,contactado,2025-01-15,VEN-001
EVO-000191,OPP-000109,lead,2025-01-15,VEN-008
EVO-000192,OPP-000109,contactado,2025-01-15,VEN-008
EVO-000193,OPP-000110,lead,2025-01-15,VEN-011
EVO-000194,OPP-000114,lead,2025-01-15,VEN-009
EVO-000195,OPP-000116,lead,2025-01-15,VEN-007
EVO-000196,OPP-000118,contactado,2025-01-15,VEN-005
EVO-000197,OPP-000118,calificado,2025-01-15,VEN-005
EVO-000198,OPP-000041,propuesta,2025-01-16,VEN-011
EVO-000199,OPP-000041,cierre,2025-01-16,VEN-011
EVO-000200,OPP-000042,propuesta,2025-01-16,VEN-007
EVO-000201,OPP-000042,cierre,2025-01-16,VEN-007
EVO-000202,OPP-000060,lead,2025-01-16,VEN-004
EVO-000203,OPP-000063,propuesta,2025-01-16,VEN-007
EVO-000204,OPP-000066,lead,2025-01-16,VEN-004
EVO-000205,OPP-000070,lead,2025-01-16,VEN-010
EVO-000206,OPP-000075,contactado,2025-01-16,VEN-008
EVO-000207,OPP-000076,lead,2025-01-16,VEN-012
EVO-000208,OPP-000077,contactado,2025-01-16,VEN-005
EVO-000209,OPP-000079,lead,2025-01-16,VEN-008
EVO-000210,OPP-000080,lead,2025-01-16,VEN-011
EVO-000211,OPP-000080,contactado,2025-01-16,VEN-011
EVO-000212,OPP-000085,lead,2025-01-16,VEN-001
EVO-000213,OPP-000090,contactado,2025-01-16,VEN-012
EVO-000214,OPP-000091,lead,2025-01-16,VEN-011
EVO-000215,OPP-000091,contactado,2025-01-16,VEN-011
EVO-000216,OPP-000094,contactado,2025-01-16,VEN-011
EVO-000217,OPP-000098,lead,2025-01-16,VEN-001
EVO-000218,OPP-000100,contactado,2025-01-16,VEN-009
EVO-000219,OPP-000104,lead,2025-01-16,VEN-005
EVO-000220,OPP-000111,lead,2025-01-16,VEN-006
EVO-000221,OPP-000114,contactado,2025-01-16,VEN-009
EVO-000222,OPP-000115,lead,2025-01-16,VEN-002
EVO-000223,OPP-000117,contactado,2025-01-16,VEN-003
EVO-000224,OPP-000046,cierre,2025-01-17,VEN-004
EVO-000225,OPP-000063,cierre,2025-01-17,VEN-007
EVO-000226,OPP-000067,lead,2025-01-17,VEN-010
EVO-000227,OPP-000069,lead,2025-01-17,VEN-003
EVO-000228,OPP-000074,lead,2025-01-17,VEN-006
EVO-000229,OPP-000078,contactado,2025-01-17,VEN-010
EVO-000230,OPP-000081,contactado,2025-01-17,VEN-002
EVO-000231,OPP-000082,lead,2025-01-17,VEN-006
EVO-000232,OPP-000084,lead,2025-01-17,VEN-010
EVO-000233,OPP-000086,contactado,2025-01-17,VEN-011
EVO-000234,OPP-000089,lead,2025-01-17,VEN-005
EVO-000235,OPP-000090,calificado,2025-01-17,VEN-012
EVO-000236,OPP-000093,contactado,2025-01-17,VEN-004
EVO-000237,OPP-000095,contactado,2025-01-17,VEN-003
EVO-000238,OPP-000101,contactado,2025-01-17,VEN-009
EVO-000239,OPP-000103,lead,2025-01-17,VEN-011
EVO-000240,OPP-000105,lead,2025-01-17,VEN-001
EVO-000241,OPP-000107,lead,2025-01-17,VEN-007
EVO-000242,OPP-000108,calificado,2025-01-17,VEN-001
EVO-000243,OPP-000110,contactado,2025-01-17,VEN-011
EVO-000244,OPP-000112,contactado,2025-01-17,VEN-010
EVO-000245,OPP-000113,lead,2025-01-17,VEN-011
EVO-000246,OPP-000113,contactado,2025-01-17,VEN-011
EVO-000247,OPP-000118,propuesta,2025-01-17,VEN-005
EVO-000248,OPP-000058,contactado,2025-01-18,VEN-002
EVO-000249,OPP-000067,contactado,2025-01-18,VEN-010
EVO-000250,OPP-000071,contactado,2025-01-18,VEN-010
EVO-000251,OPP-000072,calificado,2025-01-18,VEN-010
EVO-000252,OPP-000074,contactado,2025-01-18,VEN-006
EVO-000253,OPP-000081,calificado,2025-01-18,VEN-002
EVO-000254,OPP-000086,calificado,2025-01-18,VEN-011
EVO-000255,OPP-000088,contactado,2025-01-18,VEN-007
EVO-000256,OPP-000097,contactado,2025-01-18,VEN-003
EVO-000257,OPP-000111,contactado,2025-01-18,VEN-006
EVO-000258,OPP-000112,calificado,2025-01-18,VEN-010
EVO-000259,OPP-000114,calificado,2025-01-18,VEN-009
EVO-000260,OPP-000117,calificado,2025-01-18,VEN-003
EVO-000261,OPP-000060,contactado,2025-01-19,VEN-004
EVO-000262,OPP-000069,contactado,2025-01-19,VEN-003
EVO-000263,OPP-000074,calificado,2025-01-19,VEN-006
EVO-000264,OPP-000076,contactado,2025-01-19,VEN-012
EVO-000265,OPP-000081,propuesta,2025-01-19,VEN-002
EVO-000266,OPP-000084,contactado,2025-01-19,VEN-010
EVO-000267,OPP-000085,contactado,2025-01-19,VEN-001
EVO-000268,OPP-000098,contactado,2025-01-19,VEN-001
EVO-000269,OPP-000101,calificado,2025-01-19,VEN-009
EVO-000270,OPP-000103,contactado,2025-01-19,VEN-011
EVO-000271,OPP-000104,contactado,2025-01-19,VEN-005
EVO-000272,OPP-000105,contactado,2025-01-19,VEN-001
EVO-000273,OPP-000108,propuesta,2025-01-19,VEN-001
EVO-000274,OPP-000072,propuesta,2025-01-20,VEN-010
EVO-000275,OPP-000082,contactado,2025-01-20,VEN-006
EVO-000276,OPP-000086,propuesta,2025-01-20,VEN-011
EVO-000277,OPP-000090,propuesta,2025-01-20,VEN-012
EVO-000278,OPP-000093,calificado,2025-01-20,VEN-004
EVO-000279,OPP-000107,contactado,2025-01-20,VEN-007
EVO-000280,OPP-000113,calificado,2025-01-20,VEN-011
EVO-000281,OPP-000128,lead,2025-01-20,VEN-004
EVO-000282,OPP-000129,lead,2025-01-20,VEN-003
EVO-000283,OPP-000136,lead,2025-01-20,VEN-008
EVO-000284,OPP-000144,lead,2025-01-20,VEN-009
EVO-000285,OPP-000144,contactado,2025-01-20,VEN-009
EVO-000286,OPP-000148,lead,2025-01-20,VEN-005
EVO-000287,OPP-000148,contactado,2025-01-20,VEN-005
EVO-000288,OPP-000152,lead,2025-01-20,VEN-007
EVO-000289,OPP-000153,lead,2025-01-20,VEN-006
EVO-000290,OPP-000153,contactado,2025-01-20,VEN-006
EVO-000291,OPP-000160,lead,2025-01-20,VEN-003
EVO-000292,OPP-000166,lead,2025-01-20,VEN-005
EVO-000293,OPP-000172,lead,2025-01-20,VEN-003
EVO-000294,OPP-000172,contactado,2025-01-20,VEN-003
EVO-000295,OPP-000069,calificado,2025-01-21,VEN-003
EVO-000296,OPP-000071,calificado,2025-01-21,VEN-010
EVO-000297,OPP-000098,calificado,2025-01-21,VEN-001
EVO-000298,OPP-000108,cierre,2025-01-21,VEN-001
EVO-000299,OPP-000119,lead,2025-01-21,VEN-009
EVO-000300,OPP-000122,lead,2025-01-21,VEN-001
EVO-000301,OPP-000126,lead,2025-01-21,VEN-002
EVO-000302,OPP-000126,contactado,2025-01-21,VEN-002
EVO-000303,OPP-000128,contactado,2025-01-21,VEN-004
EVO-000304,OPP-000133,lead,2025-01-21,VEN-011
EVO-000305,OPP-000135,lead,2025-01-21,VEN-003
EVO-000306,OPP-000142,lead,2025-01-21,VEN-008
EVO-000307,OPP-000147,lead,2025-01-21,VEN-012
EVO-000308,OPP-000147,contactado,2025-01-21,VEN-012
EVO-000309,OPP-000147,calificado,2025-01-21,VEN-012
EVO-000310,OPP-000147,propuesta,2025-01-21,VEN-012
EVO-000311,OPP-000148,calificado,2025-01-21,VEN-005
EVO-000312,OPP-000152,contactado,2025-01-21,VEN-007
EVO-000313,OPP-000161,lead,2025-01-21,VEN-003
EVO-000314,OPP-000161,contactado,2025-01-21,VEN-003
EVO-000315,OPP-000162,lead,2025-01-21,VEN-010
EVO-000316,OPP-000163,lead,2025-01-21,VEN-012
EVO-000317,OPP-000163,contactado,2025-01-21,VEN-012
EVO-000318,OPP-000168,lead,2025-01-21,VEN-012
EVO-000319,OPP-000168,contactado,2025-01-21,VEN-012
EVO-000320,OPP-000060,calificado,2025-01-22,VEN-004
EVO-000321,OPP-000071,propuesta,2025-01-22,VEN-010
EVO-000322,OPP-000081,cierre,2025-01-22,VEN-002
EVO-000323,OPP-000084,calificado,2025-01-22,VEN-010
EVO-000324,OPP-000085,calificado,2025-01-22,VEN-001
EVO-000325,OPP-000101,propuesta,2025-01-22,VEN-009
EVO-000326,OPP-000123,lead,2025-01-22,VEN-002
EVO-000327,OPP-000125,lead,2025-01-22,VEN-001
EVO-000328,OPP-000129,contactado,2025-01-22,VEN-003
EVO-000329,OPP-000132,lead,2025-01-22,VEN-011
EVO-000330,OPP-000133,contactado,2025-01-22,VEN-011
EVO-000331,OPP-000134,lead,2025-01-22,VEN-001
EVO-000332,OPP-000137,lead,2025-01-22,VEN-001
EVO-000333,OPP-000138,lead,2025-01-22,VEN-006
EVO-000334,OPP-000151,lead,2025-01-22,VEN-002
EVO-000335,OPP-000151,contactado,2025-01-22,VEN-002
EVO-000336,OPP-000154,lead,2025-01-22,VEN-006
EVO-000337,OPP-000154,contactado,2025-01-22,VEN-006
EVO-000338,OPP-000155,lead,2025-01-22,VEN-007
EVO-000339,OPP-000155,contactado,2025-01-22,VEN-007
EVO-000340,OPP-000155,calificado,2025-01-22,VEN-007
EVO-000341,OPP-000155,propuesta,2025-01-22,VEN-007
EVO-000342,OPP-000162,contactado,2025-01-22,VEN-010
EVO-000343,OPP-000166,contactado,2025-01-22,VEN-005
EVO-000344,OPP-000167,lead,2025-01-22,VEN-006
EVO-000345,OPP-000167,contactado,2025-01-22,VEN-006
EVO-000346,OPP-000170,lead,2025-01-22,VEN-001
EVO-000347,OPP-000069,propuesta,2025-01-23,VEN-003
EVO-000348,OPP-000071,cierre,2025-01-23,VEN-010
EVO-000349,OPP-000090,cierre,2025-01-23,VEN-012
EVO-000350,OPP-000107,calificado,2025-01-23,VEN-007
EVO-000351,OPP-000121,lead,2025-01-23,VEN-003
EVO-000352,OPP-000136,contactado,2025-01-23,VEN-008
EVO-000353,OPP-000143,lead,2025-01-23,VEN-005
EVO-000354,OPP-000146,lead,2025-01-23,VEN-010
EVO-000355,OPP-000150,lead,2025-01-23,VEN-006
EVO-000356,OPP-000150,contactado,2025-01-23,VEN-006
EVO-000357,OPP-000153,calificado,2025-01-23,VEN-006
EVO-000358,OPP-000157,lead,2025-01-23,VEN-011
EVO-000359,OPP-000159,lead,2025-01-23,VEN-006
EVO-000360,OPP-000159,contactado,2025-01-23,VEN-006
EVO-000361,OPP-000164,lead,2025-01-23,VEN-007
EVO-000362,OPP-000164,contactado,2025-01-23,VEN-007
EVO-000363,OPP-000167,calificado,2025-01-23,VEN-006
EVO-000364,OPP-000171,lead,2025-01-23,VEN-003
EVO-000365,OPP-000098,propuesta,2025-01-24,VEN-001
EVO-000366,OPP-000120,lead,2025-01-24,VEN-008
EVO-000367,OPP-000120,contactado,2025-01-24,VEN-008
EVO-000368,OPP-000122,contactado,2025-01-24,VEN-001
EVO-000369,OPP-000122,calificado,2025-01-24,VEN-001
EVO-000370,OPP-000123,contactado,2025-01-24,VEN-002
EVO-000371,OPP-000124,lead,2025-01-24,VEN-001
EVO-000372,OPP-000127,lead,2025-01-24,VEN-007
EVO-000373,OPP-000127,contactado,2025-01-24,VEN-007
EVO-000374,OPP-000130,lead,2025-01-24,VEN-003
EVO-000375,OPP-000131,lead,2025-01-24,VEN-009
EVO-000376,OPP-000138,contactado,2025-01-24,VEN-006
EVO-000377,OPP-000139,lead,2025-01-24,VEN-012
EVO-000378,OPP-000140,lead,2025-01-24,VEN-003
EVO-000379,OPP-000141,lead,2025-01-24,VEN-004
EVO-000380,OPP-000145,lead,2025-01-24,VEN-007
EVO-000381,OPP-000146,contactado,2025-01-24,VEN-010
EVO-000382,OPP-000149,lead,2025-01-24,VEN-010
EVO-000383,OPP-000150,calificado,2025-01-24,VEN-006
EVO-000384,OPP-000153,propuesta,2025-01-24,VEN-006
EVO-000385,OPP-000156,lead,2025-01-24,VEN-002
EVO-000386,OPP-000158,lead,2025-01-24,VEN-006
EVO-000387,OPP-000165,lead,2025-01-24,VEN-012
EVO-000388,OPP-000169,lead,2025-01-24,VEN-007
EVO-000389,OPP-000170,contactado,2025-01-24,VEN-001
EVO-000390,OPP-000124,contactado,2025-01-25,VEN-001
EVO-000391,OPP-000125,contactado,2025-01-25,VEN-001
EVO-000392,OPP-000133,calificado,2025-01-25,VEN-011
EVO-000393,OPP-000134,contactado,2025-01-25,VEN-001
EVO-000394,OPP-000154,calificado,2025-01-25,VEN-006
EVO-000395,OPP-000162,calificado,2025-01-25,VEN-010
EVO-000396,OPP-000124,calificado,2025-01-26,VEN-001
EVO-000397,OPP-000125,calificado,2025-01-26,VEN-001
EVO-000398,OPP-000130,contactado,2025-01-26,VEN-003
EVO-000399,OPP-000131,contactado,2025-01-26,VEN-009
EVO-000400,OPP-000136,calificado,2025-01-26,VEN-008
EVO-000401,OPP-000143,contactado,2025-01-26,VEN-005
EVO-000402,OPP-000143,calificado,2025-01-26,VEN-005
EVO-000403,OPP-000150,propuesta,2025-01-26,VEN-006
EVO-000404,OPP-000154,propuesta,2025-01-26,VEN-006
EVO-000405,OPP-000169,contactado,2025-01-26,VEN-007
EVO-000406,OPP-000169,calificado,2025-01-26,VEN-007
EVO-000407,OPP-000122,propuesta,2025-01-27,VEN-001
EVO-000408,OPP-000123,calificado,2025-01-27,VEN-002
EVO-000409,OPP-000140,contactado,2025-01-27,VEN-003
EVO-000410,OPP-000146,calificado,2025-01-27,VEN-010
EVO-000411,OPP-000149,contactado,2025-01-27,VEN-010
EVO-000412,OPP-000150,cierre,2025-01-27,VEN-006
EVO-000413,OPP-000158,contactado,2025-01-27,VEN-006
EVO-000414,OPP-000165,contactado,2025-01-27,VEN-012
EVO-000415,OPP-000173,lead,2025-01-27,VEN-001
EVO-000416,OPP-000199,lead,2025-01-27,VEN-005
EVO-000417,OPP-000203,lead,2025-01-27,VEN-004
EVO-000418,OPP-000209,lead,2025-01-27,VEN-009
EVO-000419,OPP-000210,lead,2025-01-27,VEN-001
EVO-000420,OPP-000213,lead,2025-01-27,VEN-005
EVO-000421,OPP-000216,lead,2025-01-27,VEN-005
EVO-000422,OPP-000223,lead,2025-01-27,VEN-001
EVO-000423,OPP-000225,lead,2025-01-27,VEN-003
EVO-000424,OPP-000225,contactado,2025-01-27,VEN-003
EVO-000425,OPP-000226,lead,2025-01-27,VEN-005
EVO-000426,OPP-000227,lead,2025-01-27,VEN-007
EVO-000427,OPP-000124,propuesta,2025-01-28,VEN-001
EVO-000428,OPP-000136,propuesta,2025-01-28,VEN-008
EVO-000429,OPP-000149,calificado,2025-01-28,VEN-010
EVO-000430,OPP-000162,propuesta,2025-01-28,VEN-010
EVO-000431,OPP-000180,lead,2025-01-28,VEN-005
EVO-000432,OPP-000184,lead,2025-01-28,VEN-006
EVO-000433,OPP-000184,contactado,2025-01-28,VEN-006
EVO-000434,OPP-000185,lead,2025-01-28,VEN-008
EVO-000435,OPP-000185,contactado,2025-01-28,VEN-008
EVO-000436,OPP-000187,lead,2025-01-28,VEN-007
EVO-000437,OPP-000198,lead,2025-01-28,VEN-007
EVO-000438,OPP-000208,lead,2025-01-28,VEN-001
EVO-000439,OPP-000209,contactado,2025-01-28,VEN-009
EVO-000440,OPP-000209,calificado,2025-01-28,VEN-009
EVO-000441,OPP-000209,propuesta,2025-01-28,VEN-009
EVO-000442,OPP-000220,lead,2025-01-28,VEN-012
EVO-000443,OPP-000224,lead,2025-01-28,VEN-003
EVO-000444,OPP-000234,lead,2025-01-28,VEN-003
EVO-000445,OPP-000124,cierre,2025-01-29,VEN-001
EVO-000446,OPP-000131,calificado,2025-01-29,VEN-009
EVO-000447,OPP-000140,calificado,2025-01-29,VEN-003
EVO-000448,OPP-000154,cierre,2025-01-29,VEN-006
EVO-000449,OPP-000165,calificado,2025-01-29,VEN-012
EVO-000450,OPP-000176,lead,2025-01-29,VEN-008
EVO-000451,OPP-000176,contactado,2025-01-29,VEN-008
EVO-000452,OPP-000177,lead,2025-01-29,VEN-003
EVO-000453,OPP-000182,lead,2025-01-29,VEN-012
EVO-000454,OPP-000189,lead,2025-01-29,VEN-004
EVO-000455,OPP-000191,lead,2025-01-29,VEN-005
EVO-000456,OPP-000195,lead,2025-01-29,VEN-012
EVO-000457,OPP-000196,lead,2025-01-29,VEN-010
EVO-000458,OPP-000199,contactado,2025-01-29,VEN-005
EVO-000459,OPP-000208,contactado,2025-01-29,VEN-001
EVO-000460,OPP-000208,calificado,2025-01-29,VEN-001
EVO-000461,OPP-000210,contactado,2025-01-29,VEN-001
EVO-000462,OPP-000210,calificado,2025-01-29,VEN-001
EVO-000463,OPP-000212,lead,2025-01-29,VEN-004
EVO-000464,OPP-000213,contactado,2025-01-29,VEN-005
EVO-000465,OPP-000223,contactado,2025-01-29,VEN-001
EVO-000466,OPP-000226,contactado,2025-01-29,VEN-005
EVO-000467,OPP-000232,lead,2025-01-29,VEN-009
EVO-000468,OPP-000233,lead,2025-01-29,VEN-005
EVO-000469,OPP-000131,propuesta,2025-01-30,VEN-009
EVO-000470,OPP-000140,propuesta,2025-01-30,VEN-003
EVO-000471,OPP-000173,contactado,2025-01-30,VEN-001
EVO-000472,OPP-000175,lead,2025-01-30,VEN-002
EVO-000473,OPP-000178,lead,2025-01-30,VEN-004
EVO-000474,OPP-000180,contactado,2025-01-30,VEN-005
EVO-000475,OPP-000187,contactado,2025-01-30,VEN-007
EVO-000476,OPP-000187,calificado,2025-01-30,VEN-007
EVO-000477,OPP-000187,propuesta,2025-01-30,VEN-007
EVO-000478,OPP-000190,lead,2025-01-30,VEN-007
EVO-000479,OPP-000192,lead,2025-01-30,VEN-012
EVO-000480,OPP-000192,contactado,2025-01-30,VEN-012
EVO-000481,OPP-000193,lead,2025-01-30,VEN-005
EVO-000482,OPP-000194,lead,2025-01-30,VEN-008
EVO-000483,OPP-000200,lead,2025-01-30,VEN-012
EVO-000484,OPP-000201,lead,2025-01-30,VEN-008
EVO-000485,OPP-000203,contactado,2025-01-30,VEN-004
EVO-000486,OPP-000205,lead,2025-01-30,VEN-002
EVO-000487,OPP-000206,lead,2025-01-30,VEN-001
EVO-000488,OPP-000207,lead,2025-01-30,VEN-009
EVO-000489,OPP-000216,contactado,2025-01-30,VEN-005
EVO-000490,OPP-000217,lead,2025-01-30,VEN-008
EVO-000491,OPP-000218,lead,2025-01-30,VEN-002
EVO-000492,OPP-000222,lead,2025-01-30,VEN-002
EVO-000493,OPP-000228,lead,2025-01-30,VEN-004
EVO-000494,OPP-000234,contactado,2025-01-30,VEN-003
EVO-000495,OPP-000235,lead,2025-01-30,VEN-010
EVO-000496,OPP-000237,lead,2025-01-30,VEN-007
EVO-000497,OPP-000174,lead,2025-01-31,VEN-004
EVO-000498,OPP-000176,calificado,2025-01-31,VEN-008
EVO-000499,OPP-000177,contactado,2025-01-31,VEN-003
EVO-000500,OPP-000179,lead,2025-01-31,VEN-008
EVO-000501,OPP-000181,lead,2025-01-31,VEN-006
EVO-000502,OPP-000183,lead,2025-01-31,VEN-007
EVO-000503,OPP-000185,calificado,2025-01-31,VEN-008
EVO-000504,OPP-000186,lead,2025-01-31,VEN-007
EVO-000505,OPP-000186,contactado,2025-01-31,VEN-007
EVO-000506,OPP-000188,lead,2025-01-31,VEN-004
EVO-000507,OPP-000191,contactado,2025-01-31,VEN-005
EVO-000508,OPP-000195,contactado,2025-01-31,VEN-012
EVO-000509,OPP-000197,lead,2025-01-31,VEN-011
EVO-000510,OPP-000198,contactado,2025-01-31,VEN-007
EVO-000511,OPP-000202,lead,2025-01-31,VEN-010
EVO-000512,OPP-000204,lead,2025-01-31,VEN-007
EVO-000513,OPP-000204,contactado,2025-01-31,VEN-007
EVO-000514,OPP-000205,contactado,2025-01-31,VEN-002
EVO-000515,OPP-000209,cierre,2025-01-31,VEN-009
EVO-000516,OPP-000211,lead,2025-01-31,VEN-003
EVO-000517,OPP-000212,contactado,2025-01-31,VEN-004
EVO-000518,OPP-000213,calificado,2025-01-31,VEN-005
EVO-000519,OPP-000214,lead,2025-01-31,VEN-006
EVO-000520,OPP-000215,lead,2025-01-31,VEN-004
EVO-000521,OPP-000219,lead,2025-01-31,VEN-005
EVO-000522,OPP-000221,lead,2025-01-31,VEN-003
EVO-000523,OPP-000223,calificado,2025-01-31,VEN-001
EVO-000524,OPP-000223,propuesta,2025-01-31,VEN-001
EVO-000525,OPP-000224,contactado,2025-01-31,VEN-003
EVO-000526,OPP-000229,lead,2025-01-31,VEN-009
EVO-000527,OPP-000230,lead,2025-01-31,VEN-002
EVO-000528,OPP-000231,lead,2025-01-31,VEN-007
EVO-000529,OPP-000231,contactado,2025-01-31,VEN-007
EVO-000530,OPP-000232,contactado,2025-01-31,VEN-009
EVO-000531,OPP-000232,calificado,2025-01-31,VEN-009
EVO-000532,OPP-000236,lead,2025-01-31,VEN-010
EVO-000533,OPP-000165,propuesta,2025-02-01,VEN-012
EVO-000534,OPP-000174,contactado,2025-02-01,VEN-004
EVO-000535,OPP-000178,contactado,2025-02-01,VEN-004
EVO-000536,OPP-000183,contactado,2025-02-01,VEN-007
EVO-000537,OPP-000189,contactado,2025-02-01,VEN-004
EVO-000538,OPP-000190,contactado,2025-02-01,VEN-007
EVO-000539,OPP-000198,calificado,2025-02-01,VEN-007
EVO-000540,OPP-000200,contactado,2025-02-01,VEN-012
EVO-000541,OPP-000202,contactado,2025-02-01,VEN-010
EVO-000542,OPP-000206,contactado,2025-02-01,VEN-001
EVO-000543,OPP-000207,contactado,2025-02-01,VEN-009
EVO-000544,OPP-000211,contactado,2025-02-01,VEN-003
EVO-000545,OPP-000213,propuesta,2025-02-01,VEN-005
EVO-000546,OPP-000229,contactado,2025-02-01,VEN-009
EVO-000547,OPP-000229,calificado,2025-02-01,VEN-009
EVO-000548,OPP-000177,calificado,2025-02-02,VEN-003
EVO-000549,OPP-000179,contactado,2025-02-02,VEN-008
EVO-000550,OPP-000183,calificado,2025-02-02,VEN-007
EVO-000551,OPP-000192,calificado,2025-02-02,VEN-012
EVO-000552,OPP-000195,calificado,2025-02-02,VEN-012
EVO-000553,OPP-000200,calificado,2025-02-02,VEN-012
EVO-000554,OPP-000200,propuesta,2025-02-02,VEN-012
EVO-000555,OPP-000203,calificado,2025-02-02,VEN-004
EVO-000556,OPP-000214,contactado,2025-02-02,VEN-006
EVO-000557,OPP-000219,contactado,2025-02-02,VEN-005
EVO-000558,OPP-000221,contactado,2025-02-02,VEN-003
EVO-000559,OPP-000232,propuesta,2025-02-02,VEN-009
EVO-000560,OPP-000235,contactado,2025-02-02,VEN-010
EVO-000561,OPP-000236,contactado,2025-02-02,VEN-010
EVO-000562,OPP-000178,calificado,2025-02-03,VEN-004
EVO-000563,OPP-000185,propuesta,2025-02-03,VEN-008
EVO-000564,OPP-000186,calificado,2025-02-03,VEN-007
EVO-000565,OPP-000212,calificado,2025-02-03,VEN-004
EVO-000566,OPP-000224,calificado,2025-02-03,VEN-003
EVO-000567,OPP-000240,lead,2025-02-03,VEN-012
EVO-000568,OPP-000241,lead,2025-02-03,VEN-012
EVO-000569,OPP-000242,lead,2025-02-03,VEN-003
EVO-000570,OPP-000242,contactado,2025-02-03,VEN-003
EVO-000571,OPP-000252,lead,2025-02-03,VEN-004
EVO-000572,OPP-000255,lead,2025-02-03,VEN-008
EVO-000573,OPP-000256,lead,2025-02-03,VEN-011
EVO-000574,OPP-000256,contactado,2025-02-03,VEN-011
EVO-000575,OPP-000274,lead,2025-02-03,VEN-007
EVO-000576,OPP-000276,lead,2025-02-03,VEN-005
EVO-000577,OPP-000279,lead,2025-02-03,VEN-007
EVO-000578,OPP-000281,lead,2025-02-03,VEN-012
EVO-000579,OPP-000281,contactado,2025-02-03,VEN-012
EVO-000580,OPP-000177,propuesta,2025-02-04,VEN-003
EVO-000581,OPP-000183,propuesta,2025-02-04,VEN-007
EVO-000582,OPP-000192,propuesta,2025-02-04,VEN-012
EVO-000583,OPP-000198,propuesta,2025-02-04,VEN-007
EVO-000584,OPP-000238,lead,2025-02-04,VEN-001
EVO-000585,OPP-000239,lead,2025-02-04,VEN-003
EVO-000586,OPP-000243,lead,2025-02-04,VEN-003
EVO-000587,OPP-000246,lead,2025-02-04,VEN-009
EVO-000588,OPP-000247,lead,2025-02-04,VEN-004
EVO-000589,OPP-000270,lead,2025-02-04,VEN-007
EVO-000590,OPP-000271,lead,2025-02-04,VEN-003
EVO-000591,OPP-000271,contactado,2025-02-04,VEN-003
EVO-000592,OPP-000273,lead,2025-02-04,VEN-003
EVO-000593,OPP-000274,contactado,2025-02-04,VEN-007
EVO-000594,OPP-000274,calificado,2025-02-04,VEN-007
EVO-000595,OPP-000275,lead,2025-02-04,VEN-005
EVO-000596,OPP-000275,contactado,2025-02-04,VEN-005
EVO-000597,OPP-000281,calificado,2025-02-04,VEN-012
EVO-000598,OPP-000284,lead,2025-02-04,VEN-006
EVO-000599,OPP-000287,lead,2025-02-04,VEN-012
EVO-000600,OPP-000289,lead,2025-02-04,VEN-004
EVO-000601,OPP-000289,contactado,2025-02-04,VEN-004
EVO-000602,OPP-000177,cierre,2025-02-05,VEN-003
EVO-000603,OPP-000185,cierre,2025-02-05,VEN-008
EVO-000604,OPP-000219,calificado,2025-02-05,VEN-005
EVO-000605,OPP-000232,cierre,2025-02-05,VEN-009
EVO-000606,OPP-000238,contactado,2025-02-05,VEN-001
EVO-000607,OPP-000241,contactado,2025-02-05,VEN-012
EVO-000608,OPP-000244,lead,2025-02-05,VEN-011
EVO-000609,OPP-000248,lead,2025-02-05,VEN-007
EVO-000610,OPP-000249,lead,2025-02-05,VEN-005
EVO-000611,OPP-000249,contactado,2025-02-05,VEN-005
EVO-000612,OPP-000252,contactado,2025-02-05,VEN-004
EVO-000613,OPP-000253,lead,2025-02-05,VEN-005
EVO-000614,OPP-000257,lead,2025-02-05,VEN-009
EVO-000615,OPP-000260,lead,2025-02-05,VEN-011
EVO-000616,OPP-000261,lead,2025-02-05,VEN-012
EVO-000617,OPP-000261,contactado,2025-02-05,VEN-012
EVO-000618,OPP-000264,lead,2025-02-05,VEN-001
EVO-000619,OPP-000264,contactado,2025-02-05,VEN-001
EVO-000620,OPP-000264,calificado,2025-02-05,VEN-001
EVO-000621,OPP-000265,lead,2025-02-05,VEN-002
EVO-000622,OPP-000269,lead,2025-02-05,VEN-004
EVO-000623,OPP-000270,contactado,2025-02-05,VEN-007
EVO-000624,OPP-000277,lead,2025-02-05,VEN-001
EVO-000625,OPP-000278,lead,2025-02-05,VEN-009
EVO-000626,OPP-000283,lead,2025-02-05,VEN-012
EVO-000627,OPP-000283,contactado,2025-02-05,VEN-012
EVO-000628,OPP-000287,contactado,2025-02-05,VEN-012
EVO-000629,OPP-000287,calificado,2025-02-05,VEN-012
EVO-000630,OPP-000291,lead,2025-02-05,VEN-005
EVO-000631,OPP-000291,contactado,2025-02-05,VEN-005
EVO-000632,OPP-000178,propuesta,2025-02-06,VEN-004
EVO-000633,OPP-000238,calificado,2025-02-06,VEN-001
EVO-000634,OPP-000241,calificado,2025-02-06,VEN-012
EVO-000635,OPP-000242,calificado,2025-02-06,VEN-003
EVO-000636,OPP-000250,lead,2025-02-06,VEN-004
EVO-000637,OPP-000250,contactado,2025-02-06,VEN-004
EVO-000638,OPP-000251,lead,2025-02-06,VEN-010
EVO-000639,OPP-000253,contactado,2025-02-06,VEN-005
EVO-000640,OPP-000260,contactado,2025-02-06,VEN-011
EVO-000641,OPP-000260,calificado,2025-02-06,VEN-011
EVO-000642,OPP-000265,contactado,2025-02-06,VEN-002
EVO-000643,OPP-000266,lead,2025-02-06,VEN-004
EVO-000644,OPP-000269,contactado,2025-02-06,VEN-004
EVO-000645,OPP-000270,calificado,2025-02-06,VEN-007
EVO-000646,OPP-000271,calificado,2025-02-06,VEN-003
EVO-000647,OPP-000272,lead,2025-02-06,VEN-003
EVO-000648,OPP-000274,propuesta,2025-02-06,VEN-007
EVO-000649,OPP-000277,contactado,2025-02-06,VEN-001
EVO-000650,OPP-000277,calificado,2025-02-06,VEN-001
EVO-000651,OPP-000279,contactado,2025-02-06,VEN-007
EVO-000652,OPP-000279,calificado,2025-02-06,VEN-007
EVO-000653,OPP-000280,lead,2025-02-06,VEN-008
EVO-000654,OPP-000282,lead,2025-02-06,VEN-002
EVO-000655,OPP-000285,lead,2025-02-06,VEN-010
EVO-000656,OPP-000286,lead,2025-02-06,VEN-012
EVO-000657,OPP-000286,contactado,2025-02-06,VEN-012
EVO-000658,OPP-000287,propuesta,2025-02-06,VEN-012
EVO-000659,OPP-000287,cierre,2025-02-06,VEN-012
EVO-000660,OPP-000288,lead,2025-02-06,VEN-006
EVO-000661,OPP-000290,lead,2025-02-06,VEN-001
EVO-000662,OPP-000293,lead,2025-02-06,VEN-006
EVO-000663,OPP-000238,propuesta,2025-02-07,VEN-001
EVO-000664,OPP-000245,lead,2025-02-07,VEN-011
EVO-000665,OPP-000248,contactado,2025-02-07,VEN-007
EVO-000666,OPP-000254,lead,2025-02-07,VEN-012
EVO-000667,OPP-000258,lead,2025-02-07,VEN-007
EVO-000668,OPP-000259,lead,2025-02-07,VEN-007
EVO-000669,OPP-000262,lead,2025-02-07,VEN-001
EVO-000670,OPP-000263,lead,2025-02-07,VEN-001
EVO-000671,OPP-000265,calificado,2025-02-07,VEN-002
EVO-000672,OPP-000265,propuesta,2025-02-07,VEN-002
EVO-000673,OPP-000267,lead,2025-02-07,VEN-007
EVO-000674,OPP-000267,contactado,2025-02-07,VEN-007
EVO-000675,OPP-000268,lead,2025-02-07,VEN-008
EVO-000676,OPP-000274,cierre,2025-02-07,VEN-007
EVO-000677,OPP-000278,contactado,2025-02-07,VEN-009
EVO-000678,OPP-000278,calificado,2025-02-07,VEN-009
EVO-000679,OPP-000284,contactado,2025-02-07,VEN-006
EVO-000680,OPP-000290,contactado,2025-02-07,VEN-001
EVO-000681,OPP-000291,calificado,2025-02-07,VEN-005
EVO-000682,OPP-000292,lead,2025-02-07,VEN-011
EVO-000683,OPP-000293,contactado,2025-02-07,VEN-006
EVO-000684,OPP-000250,calificado,2025-02-08,VEN-004
EVO-000685,OPP-000254,contactado,2025-02-08,VEN-012
EVO-000686,OPP-000257,contactado,2025-02-08,VEN-009
EVO-000687,OPP-000257,calificado,2025-02-08,VEN-009
EVO-000688,OPP-000260,propuesta,2025-02-08,VEN-011
EVO-000689,OPP-000263,contactado,2025-02-08,VEN-001
EVO-000690,OPP-000266,contactado,2025-02-08,VEN-004
EVO-000691,OPP-000266,calificado,2025-02-08,VEN-004
EVO-000692,OPP-000266,propuesta,2025-02-08,VEN-004
EVO-000693,OPP-000268,contactado,2025-02-08,VEN-008
EVO-000694,OPP-000269,calificado,2025-02-08,VEN-004
EVO-000695,OPP-000270,propuesta,2025-02-08,VEN-007
EVO-000696,OPP-000272,contactado,2025-02-08,VEN-003
EVO-000697,OPP-000279,propuesta,2025-02-08,VEN-007
EVO-000698,OPP-000250,propuesta,2025-02-09,VEN-004
EVO-000699,OPP-000251,contactado,2025-02-09,VEN-010
EVO-000700,OPP-000251,calificado,2025-02-09,VEN-010
EVO-000701,OPP-000271,propuesta,2025-02-09,VEN-003
EVO-000702,OPP-000272,calificado,2025-02-09,VEN-003
EVO-000703,OPP-000272,propuesta,2025-02-09,VEN-003
EVO-000704,OPP-000280,contactado,2025-02-09,VEN-008
EVO-000705,OPP-000290,calificado,2025-02-09,VEN-001
EVO-000706,OPP-000292,contactado,2025-02-09,VEN-011
EVO-000707,OPP-000238,cierre,2025-02-10,VEN-001
EVO-000708,OPP-000245,contactado,2025-02-10,VEN-011
EVO-000709,OPP-000248,calificado,2025-02-10,VEN-007
EVO-000710,OPP-000250,cierre,2025-02-10,VEN-004
EVO-000711,OPP-000258,contactado,2025-02-10,VEN-007
EVO-000712,OPP-000258,calificado,2025-02-10,VEN-007
EVO-000713,OPP-000259,contactado,2025-02-10,VEN-007
EVO-000714,OPP-000262,contactado,2025-02-10,VEN-001
EVO-000715,OPP-000269,propuesta,2025-02-10,VEN-004
EVO-000716,OPP-000278,propuesta,2025-02-10,VEN-009
EVO-000717,OPP-000279,cierre,2025-02-10,VEN-007
EVO-000718,OPP-000298,lead,2025-02-10,VEN-008
EVO-000719,OPP-000299,lead,2025-02-10,VEN-010
EVO-000720,OPP-000324,lead,2025-02-10,VEN-006
EVO-000721,OPP-000325,lead,2025-02-10,VEN-002
EVO-000722,OPP-000330,lead,2025-02-10,VEN-010
EVO-000723,OPP-000335,lead,2025-02-10,VEN-004
EVO-000724,OPP-000339,lead,2025-02-10,VEN-008
EVO-000725,OPP-000339,contactado,2025-02-10,VEN-008
EVO-000726,OPP-000340,lead,2025-02-10,VEN-009
EVO-000727,OPP-000347,lead,2025-02-10,VEN-008
EVO-000728,OPP-000348,lead,2025-02-10,VEN-008
EVO-000729,OPP-000349,lead,2025-02-10,VEN-009
EVO-000730,OPP-000349,contactado,2025-02-10,VEN-009
EVO-000731,OPP-000349,calificado,2025-02-10,VEN-009
EVO-000732,OPP-000350,lead,2025-02-10,VEN-007
EVO-000733,OPP-000251,propuesta,2025-02-11,VEN-010
EVO-000734,OPP-000268,calificado,2025-02-11,VEN-008
EVO-000735,OPP-000290,propuesta,2025-02-11,VEN-001
EVO-000736,OPP-000300,lead,2025-02-11,VEN-012
EVO-000737,OPP-000305,lead,2025-02-11,VEN-012
EVO-000738,OPP-000308,lead,2025-02-11,VEN-012
EVO-000739,OPP-000309,lead,2025-02-11,VEN-004
EVO-000740,OPP-000309,contactado,2025-02-11,VEN-004
EVO-000741,OPP-000310,lead,2025-02-11,VEN-003
EVO-000742,OPP-000316,lead,2025-02-11,VEN-003
EVO-000743,OPP-000318,lead,2025-02-11,VEN-009
EVO-000744,OPP-000320,lead,2025-02-11,VEN-009
EVO-000745,OPP-000321,lead,2025-02-11,VEN-001
EVO-000746,OPP-000336,lead,2025-02-11,VEN-010
EVO-000747,OPP-000352,lead,2025-02-11,VEN-007
EVO-000748,OPP-000295,lead,2025-02-12,VEN-003
EVO-000749,OPP-000299,contactado,2025-02-12,VEN-010
EVO-000750,OPP-000300,contactado,2025-02-12,VEN-012
EVO-000751,OPP-000300,calificado,2025-02-12,VEN-012
EVO-000752,OPP-000300,propuesta,2025-02-12,VEN-012
EVO-000753,OPP-000301,lead,2025-02-12,VEN-010
EVO-000754,OPP-000303,lead,2025-02-12,VEN-006
EVO-000755,OPP-000309,calificado,2025-02-12,VEN-004
EVO-000756,OPP-000311,lead,2025-02-12,VEN-006
EVO-000757,OPP-000314,lead,2025-02-12,VEN-009
EVO-000758,OPP-000315,lead,2025-02-12,VEN-002
EVO-000759,OPP-000315,contactado,2025-02-12,VEN-002
EVO-000760,OPP-000323,lead,2025-02-12,VEN-006
EVO-000761,OPP-000324,contactado,2025-02-12,VEN-006
EVO-000762,OPP-000325,contactado,2025-02-12,VEN-002
EVO-000763,OPP-000328,lead,2025-02-12,VEN-004
EVO-000764,OPP-000330,contactado,2025-02-12,VEN-010
EVO-000765,OPP-000331,lead,2025-02-12,VEN-010
EVO-000766,OPP-000334,lead,2025-02-12,VEN-004
EVO-000767,OPP-000334,contactado,2025-02-12,VEN-004
EVO-000768,OPP-000337,lead,2025-02-12,VEN-007
EVO-000769,OPP-000338,lead,2025-02-12,VEN-003
EVO-000770,OPP-000338,contactado,2025-02-12,VEN-003
EVO-000771,OPP-000339,calificado,2025-02-12,VEN-008
EVO-000772,OPP-000341,lead,2025-02-12,VEN-004
EVO-000773,OPP-000344,lead,2025-02-12,VEN-001
EVO-000774,OPP-000350,contactado,2025-02-12,VEN-007
EVO-000775,OPP-000351,lead,2025-02-12,VEN-004
EVO-000776,OPP-000352,contactado,2025-02-12,VEN-007
EVO-000777,OPP-000354,lead,2025-02-12,VEN-001
EVO-000778,OPP-000355,lead,2025-02-12,VEN-010
EVO-000779,OPP-000355,contactado,2025-02-12,VEN-010
EVO-000780,OPP-000248,propuesta,2025-02-13,VEN-007
EVO-000781,OPP-000259,calificado,2025-02-13,VEN-007
EVO-000782,OPP-000262,calificado,2025-02-13,VEN-001
EVO-000783,OPP-000290,cierre,2025-02-13,VEN-001
EVO-000784,OPP-000297,lead,2025-02-13,VEN-005
EVO-000785,OPP-000302,lead,2025-02-13,VEN-003
EVO-000786,OPP-000304,lead,2025-02-13,VEN-010
EVO-000787,OPP-000316,contactado,2025-02-13,VEN-003
EVO-000788,OPP-000319,lead,2025-02-13,VEN-001
EVO-000789,OPP-000320,contactado,2025-02-13,VEN-009
EVO-000790,OPP-000322,lead,2025-02-13,VEN-002
EVO-000791,OPP-000326,lead,2025-02-13,VEN-012
EVO-000792,OPP-000331,contactado,2025-02-13,VEN-010
EVO-000793,OPP-000332,lead,2025-02-13,VEN-010
EVO-000794,OPP-000333,lead,2025-02-13,VEN-007
EVO-000795,OPP-000333,contactado,2025-02-13,VEN-007
EVO-000796,OPP-000335,contactado,2025-02-13,VEN-004
EVO-000797,OPP-000343,lead,2025-02-13,VEN-011
EVO-000798,OPP-000344,contactado,2025-02-13,VEN-001
EVO-000799,OPP-000344,calificado,2025-02-13,VEN-001
EVO-000800,OPP-000344,propuesta,2025-02-13,VEN-001
EVO-000801,OPP-000347,contactado,2025-02-13,VEN-008
EVO-000802,OPP-000353,lead,2025-02-13,VEN-009
EVO-000803,OPP-000353,contactado,2025-02-13,VEN-009
EVO-000804,OPP-000294,lead,2025-02-14,VEN-012
EVO-000805,OPP-000294,contactado,2025-02-14,VEN-012
EVO-000806,OPP-000296,lead,2025-02-14,VEN-004
EVO-000807,OPP-000306,lead,2025-02-14,VEN-004
EVO-000808,OPP-000307,lead,2025-02-14,VEN-001
EVO-000809,OPP-000307,contactado,2025-02-14,VEN-001
EVO-000810,OPP-000308,contactado,2025-02-14,VEN-012
EVO-000811,OPP-000310,contactado,2025-02-14,VEN-003
EVO-000812,OPP-000312,lead,2025-02-14,VEN-001
EVO-000813,OPP-000312,contactado,2025-02-14,VEN-001
EVO-000814,OPP-000313,lead,2025-02-14,VEN-007
EVO-000815,OPP-000315,calificado,2025-02-14,VEN-002
EVO-000816,OPP-000317,lead,2025-02-14,VEN-012
EVO-000817,OPP-000317,contactado,2025-02-14,VEN-012
EVO-000818,OPP-000319,contactado,2025-02-14,VEN-001
EVO-000819,OPP-000319,calificado,2025-02-14,VEN-001
EVO-000820,OPP-000320,calificado,2025-02-14,VEN-009
EVO-000821,OPP-000321,contactado,2025-02-14,VEN-001
EVO-000822,OPP-000322,contactado,2025-02-14,VEN-002
EVO-000823,OPP-000327,lead,2025-02-14,VEN-002
EVO-000824,OPP-000329,lead,2025-02-14,VEN-008
EVO-000825,OPP-000331,calificado,2025-02-14,VEN-010
EVO-000826,OPP-000332,contactado,2025-02-14,VEN-010
EVO-000827,OPP-000332,calificado,2025-02-14,VEN-010
EVO-000828,OPP-000332,propuesta,2025-02-14,VEN-010
EVO-000829,OPP-000332,cierre,2025-02-14,VEN-010
EVO-000830,OPP-000342,lead,2025-02-14,VEN-007
EVO-000831,OPP-000345,lead,2025-02-14,VEN-008
EVO-000832,OPP-000346,lead,2025-02-14,VEN-010
EVO-000833,OPP-000351,contactado,2025-02-14,VEN-004
EVO-000834,OPP-000354,contactado,2025-02-14,VEN-001
EVO-000835,OPP-000355,calificado,2025-02-14,VEN-010
EVO-000836,OPP-000355,propuesta,2025-02-14,VEN-010
EVO-000837,OPP-000259,propuesta,2025-02-15,VEN-007
EVO-000838,OPP-000297,contactado,2025-02-15,VEN-005
EVO-000839,OPP-000299,calificado,2025-02-15,VEN-010
EVO-000840,OPP-000304,contactado,2025-02-15,VEN-010
EVO-000841,OPP-000306,contactado,2025-02-15,VEN-004
EVO-000842,OPP-000323,contactado,2025-02-15,VEN-006
EVO-000843,OPP-000323,calificado,2025-02-15,VEN-006
EVO-000844,OPP-000329,contactado,2025-02-15,VEN-008
EVO-000845,OPP-000330,calificado,2025-02-15,VEN-010
EVO-000846,OPP-000337,contactado,2025-02-15,VEN-007
EVO-000847,OPP-000338,calificado,2025-02-15,VEN-003
EVO-000848,OPP-000341,contactado,2025-02-15,VEN-004
EVO-000849,OPP-000346,contactado,2025-02-15,VEN-010
EVO-000850,OPP-000351,calificado,2025-02-15,VEN-004
EVO-000851,OPP-000354,calificado,2025-02-15,VEN-001
EVO-000852,OPP-000354,propuesta,2025-02-15,VEN-001
EVO-000853,OPP-000297,calificado,2025-02-16,VEN-005
EVO-000854,OPP-000310,calificado,2025-02-16,VEN-003
EVO-000855,OPP-000312,calificado,2025-02-16,VEN-001
EVO-000856,OPP-000312,propuesta,2025-02-16,VEN-001
EVO-000857,OPP-000313,contactado,2025-02-16,VEN-007
EVO-000858,OPP-000315,propuesta,2025-02-16,VEN-002
EVO-000859,OPP-000322,calificado,2025-02-16,VEN-002
EVO-000860,OPP-000326,contactado,2025-02-16,VEN-012
EVO-000861,OPP-000331,propuesta,2025-02-16,VEN-010
EVO-000862,OPP-000338,propuesta,2025-02-16,VEN-003
EVO-000863,OPP-000343,contactado,2025-02-16,VEN-011
EVO-000864,OPP-000345,contactado,2025-02-16,VEN-008
EVO-000865,OPP-000351,propuesta,2025-02-16,VEN-004
EVO-000866,OPP-000354,cierre,2025-02-16,VEN-001
EVO-000867,OPP-000320,propuesta,2025-02-17,VEN-009
EVO-000868,OPP-000321,calificado,2025-02-17,VEN-001
EVO-000869,OPP-000326,calificado,2025-02-17,VEN-012
EVO-000870,OPP-000327,contactado,2025-02-17,VEN-002
EVO-000871,OPP-000338,cierre,2025-02-17,VEN-003
EVO-000872,OPP-000343,calificado,2025-02-17,VEN-011
EVO-000873,OPP-000368,lead,2025-02-17,VEN-007
EVO-000874,OPP-000370,lead,2025-02-17,VEN-005
EVO-000875,OPP-000373,lead,2025-02-17,VEN-009
EVO-000876,OPP-000378,lead,2025-02-17,VEN-009
EVO-000877,OPP-000389,lead,2025-02-17,VEN-005
EVO-000878,OPP-000393,lead,2025-02-17,VEN-001
EVO-000879,OPP-000395,lead,2025-02-17,VEN-004
EVO-000880,OPP-000404,lead,2025-02-17,VEN-010
EVO-000881,OPP-000406,lead,2025-02-17,VEN-008
EVO-000882,OPP-000411,lead,2025-02-17,VEN-004
EVO-000883,OPP-000259,cierre,2025-02-18,VEN-007
EVO-000884,OPP-000299,propuesta,2025-02-18,VEN-010
EVO-000885,OPP-000313,calificado,2025-02-18,VEN-007
EVO-000886,OPP-000315,cierre,2025-02-18,VEN-002
EVO-000887,OPP-000322,propuesta,2025-02-18,VEN-002
EVO-000888,OPP-000343,propuesta,2025-02-18,VEN-011
EVO-000889,OPP-000346,calificado,2025-02-18,VEN-010
EVO-000890,OPP-000358,lead,2025-02-18,VEN-003
EVO-000891,OPP-000360,lead,2025-02-18,VEN-005
EVO-000892,OPP-000362,lead,2025-02-18,VEN-008
EVO-000893,OPP-000364,lead,2025-02-18,VEN-003
EVO-000894,OPP-000367,lead,2025-02-18,VEN-001
EVO-000895,OPP-000368,contactado,2025-02-18,VEN-007
EVO-000896,OPP-000370,contactado,2025-02-18,VEN-005
EVO-000897,OPP-000374,lead,2025-02-18,VEN-010
EVO-000898,OPP-000377,lead,2025-02-18,VEN-005
EVO-000899,OPP-000380,lead,2025-02-18,VEN-007
EVO-000900,OPP-000381,lead,2025-02-18,VEN-002
EVO-000901,OPP-000384,lead,2025-02-18,VEN-011
EVO-000902,OPP-000387,lead,2025-02-18,VEN-006
EVO-000903,OPP-000390,lead,2025-02-18,VEN-009
EVO-000904,OPP-000397,lead,2025-02-18,VEN-002
EVO-000905,OPP-000402,lead,2025-02-18,VEN-009
EVO-000906,OPP-000408,lead,2025-02-18,VEN-006
EVO-000907,OPP-000408,contactado,2025-02-18,VEN-006
EVO-000908,OPP-000409,lead,2025-02-18,VEN-004
EVO-000909,OPP-000412,lead,2025-02-18,VEN-009
EVO-000910,OPP-000297,propuesta,2025-02-19,VEN-005
EVO-000911,OPP-000321,propuesta,2025-02-19,VEN-001
EVO-000912,OPP-000357,lead,2025-02-19,VEN-011
EVO-000913,OPP-000358,contactado,2025-02-19,VEN-003
EVO-000914,OPP-000367,contactado,2025-02-19,VEN-001
EVO-000915,OPP-000371,lead,2025-02-19,VEN-002
EVO-000916,OPP-000371,contactado,2025-02-19,VEN-002
EVO-000917,OPP-000372,lead,2025-02-19,VEN-005
EVO-000918,OPP-000373,contactado,2025-02-19,VEN-009
EVO-000919,OPP-000378,contactado,2025-02-19,VEN-009
EVO-000920,OPP-000380,contactado,2025-02-19,VEN-007
EVO-000921,OPP-000382,lead,2025-02-19,VEN-002
EVO-000922,OPP-000392,lead,2025-02-19,VEN-002
EVO-000923,OPP-000392,contactado,2025-02-19,VEN-002
EVO-000924,OPP-000396,lead,2025-02-19,VEN-005
EVO-000925,OPP-000403,lead,2025-02-19,VEN-002
EVO-000926,OPP-000406,contactado,2025-02-19,VEN-008
EVO-000927,OPP-000407,lead,2025-02-19,VEN-005
EVO-000928,OPP-000411,contactado,2025-02-19,VEN-004
EVO-000929,OPP-000412,contactado,2025-02-19,VEN-009
EVO-000930,OPP-000412,calificado,2025-02-19,VEN-009
EVO-000931,OPP-000412,propuesta,2025-02-19,VEN-009
EVO-000932,OPP-000327,calificado,2025-02-20,VEN-002
EVO-000933,OPP-000359,lead,2025-02-20,VEN-011
EVO-000934,OPP-000360,contactado,2025-02-20,VEN-005
EVO-000935,OPP-000362,contactado,2025-02-20,VEN-008
EVO-000936,OPP-000364,contactado,2025-02-20,VEN-003
EVO-000937,OPP-000369,lead,2025-02-20,VEN-010
EVO-000938,OPP-000370,calificado,2025-02-20,VEN-005
EVO-000939,OPP-000374,contactado,2025-02-20,VEN-010
EVO-000940,OPP-000376,lead,2025-02-20,VEN-009
EVO-000941,OPP-000383,lead,2025-02-20,VEN-011
EVO-000942,OPP-000384,contactado,2025-02-20,VEN-011
EVO-000943,OPP-000385,lead,2025-02-20,VEN-001
EVO-000944,OPP-000386,lead,2025-02-20,VEN-011
EVO-000945,OPP-000388,lead,2025-02-20,VEN-010
EVO-000946,OPP-000389,contactado,2025-02-20,VEN-005
EVO-000947,OPP-000390,contactado,2025-02-20,VEN-009
EVO-000948,OPP-000392,calificado,2025-02-20,VEN-002
EVO-000949,OPP-000398,lead,2025-02-20,VEN-001
EVO-000950,OPP-000399,lead,2025-02-20,VEN-003
EVO-000951,OPP-000399,contactado,2025-02-20,VEN-003
EVO-000952,OPP-000400,lead,2025-02-20,VEN-007
EVO-000953,OPP-000401,lead,2025-02-20,VEN-010
EVO-000954,OPP-000405,lead,2025-02-20,VEN-012
EVO-000955,OPP-000410,lead,2025-02-20,VEN-006
EVO-000956,OPP-000413,lead,2025-02-20,VEN-006
EVO-000957,OPP-000343,cierre,2025-02-21,VEN-011
EVO-000958,OPP-000346,propuesta,2025-02-21,VEN-010
EVO-000959,OPP-000346,cierre,2025-02-21,VEN-010
EVO-000960,OPP-000356,lead,2025-02-21,VEN-003
EVO-000961,OPP-000357,contactado,2025-02-21,VEN-011
EVO-000962,OPP-000358,calificado,2025-02-21,VEN-003
EVO-000963,OPP-000361,lead,2025-02-21,VEN-007
EVO-000964,OPP-000363,lead,2025-02-21,VEN-005
EVO-000965,OPP-000365,lead,2025-02-21,VEN-002
EVO-000966,OPP-000366,lead,2025-02-21,VEN-010
EVO-000967,OPP-000368,calificado,2025-02-21,VEN-007
EVO-000968,OPP-000369,contactado,2025-02-21,VEN-010
EVO-000969,OPP-000369,calificado,2025-02-21,VEN-010
EVO-000970,OPP-000371,calificado,2025-02-21,VEN-002
EVO-000971,OPP-000371,propuesta,2025-02-21,VEN-002
EVO-000972,OPP-000374,calificado,2025-02-21,VEN-010
EVO-000973,OPP-000375,lead,2025-02-21,VEN-007
EVO-000974,OPP-000375,contactado,2025-02-21,VEN-007
EVO-000975,OPP-000377,contactado,2025-02-21,VEN-005
EVO-000976,OPP-000379,lead,2025-02-21,VEN-002
EVO-000977,OPP-000381,contactado,2025-02-21,VEN-002
EVO-000978,OPP-000382,contactado,2025-02-21,VEN-002
EVO-000979,OPP-000387,contactado,2025-02-21,VEN-006
EVO-000980,OPP-000391,lead,2025-02-21,VEN-008
EVO-000981,OPP-000392,propuesta,2025-02-21,VEN-002
EVO-000982,OPP-000394,lead,2025-02-21,VEN-008
EVO-000983,OPP-000400,contactado,2025-02-21,VEN-007
EVO-000984,OPP-000401,contactado,2025-02-21,VEN-010
EVO-000985,OPP-000405,contactado,2025-02-21,VEN-012
EVO-000986,OPP-000408,calificado,2025-02-21,VEN-006
EVO-000987,OPP-000409,contactado,2025-02-21,VEN-004
EVO-000988,OPP-000414,lead,2025-02-21,VEN-003
EVO-000989,OPP-000415,lead,2025-02-21,VEN-003
EVO-000990,OPP-000360,calificado,2025-02-22,VEN-005
EVO-000991,OPP-000360,propuesta,2025-02-22,VEN-005
EVO-000992,OPP-000361,contactado,2025-02-22,VEN-007
EVO-000993,OPP-000364,calificado,2025-02-22,VEN-003
EVO-000994,OPP-000376,contactado,2025-02-22,VEN-009
EVO-000995,OPP-000377,calificado,2025-02-22,VEN-005
EVO-000996,OPP-000381,calificado,2025-02-22,VEN-002
EVO-000997,OPP-000381,propuesta,2025-02-22,VEN-002
EVO-000998,OPP-000381,cierre,2025-02-22,VEN-002
EVO-000999,OPP-000382,calificado,2025-02-22,VEN-002
EVO-001000,OPP-000399,calificado,2025-02-22,VEN-003
EVO-001001,OPP-000407,contactado,2025-02-22,VEN-005
EVO-001002,OPP-000411,calificado,2025-02-22,VEN-004
EVO-001003,OPP-000358,propuesta,2025-02-23,VEN-003
EVO-001004,OPP-000363,contactado,2025-02-23,VEN-005
EVO-001005,OPP-000364,propuesta,2025-02-23,VEN-003
EVO-001006,OPP-000386,contactado,2025-02-23,VEN-011
EVO-001007,OPP-000386,calificado,2025-02-23,VEN-011
EVO-001008,OPP-000386,propuesta,2025-02-23,VEN-011
EVO-001009,OPP-000388,contactado,2025-02-23,VEN-010
EVO-001010,OPP-000392,cierre,2025-02-23,VEN-002
EVO-001011,OPP-000408,propuesta,2025-02-23,VEN-006
EVO-001012,OPP-000409,calificado,2025-02-23,VEN-004
EVO-001013,OPP-000413,contactado,2025-02-23,VEN-006
EVO-001014,OPP-000356,contactado,2025-02-24,VEN-003
EVO-001015,OPP-000356,calificado,2025-02-24,VEN-003
EVO-001016,OPP-000357,calificado,2025-02-24,VEN-011
EVO-001017,OPP-000366,contactado,2025-02-24,VEN-010
EVO-001018,OPP-000382,propuesta,2025-02-24,VEN-002
EVO-001019,OPP-000387,calificado,2025-02-24,VEN-006
EVO-001020,OPP-000391,contactado,2025-02-24,VEN-008
EVO-001021,OPP-000391,calificado,2025-02-24,VEN-008
EVO-001022,OPP-000394,contactado,2025-02-24,VEN-008
EVO-001023,OPP-000399,propuesta,2025-02-24,VEN-003
EVO-001024,OPP-000405,calificado,2025-02-24,VEN-012
EVO-001025,OPP-000409,propuesta,2025-02-24,VEN-004
EVO-001026,OPP-000413,calificado,2025-02-24,VEN-006
EVO-001027,OPP-000413,propuesta,2025-02-24,VEN-006
EVO-001028,OPP-000415,contactado,2025-02-24,VEN-003
EVO-001029,OPP-000423,lead,2025-02-24,VEN-002
EVO-001030,OPP-000427,lead,2025-02-24,VEN-005
EVO-001031,OPP-000441,lead,2025-02-24,VEN-008
EVO-001032,OPP-000443,lead,2025-02-24,VEN-006
EVO-001033,OPP-000450,lead,2025-02-24,VEN-008
EVO-001034,OPP-000460,lead,2025-02-24,VEN-003
EVO-001035,OPP-000464,lead,2025-02-24,VEN-002
EVO-001036,OPP-000464,contactado,2025-02-24,VEN-002
EVO-001037,OPP-000465,lead,2025-02-24,VEN-010
EVO-001038,OPP-000466,lead,2025-02-24,VEN-006
EVO-001039,OPP-000475,lead,2025-02-24,VEN-009
EVO-001040,OPP-000476,lead,2025-02-24,VEN-006
EVO-001041,OPP-000477,lead,2025-02-24,VEN-011
EVO-001042,OPP-000361,calificado,2025-02-25,VEN-007
EVO-001043,OPP-000415,calificado,2025-02-25,VEN-003
EVO-001044,OPP-000415,propuesta,2025-02-25,VEN-003
EVO-001045,OPP-000416,lead,2025-02-25,VEN-009
EVO-001046,OPP-000418,lead,2025-02-25,VEN-009
EVO-001047,OPP-000424,lead,2025-02-25,VEN-010
EVO-001048,OPP-000425,lead,2025-02-25,VEN-009
EVO-001049,OPP-000426,lead,2025-02-25,VEN-011
EVO-001050,OPP-000427,contactado,2025-02-25,VEN-005
EVO-001051,OPP-000430,lead,2025-02-25,VEN-002
EVO-001052,OPP-000434,lead,2025-02-25,VEN-001
EVO-001053,OPP-000435,lead,2025-02-25,VEN-004
EVO-001054,OPP-000435,contactado,2025-02-25,VEN-004
EVO-001055,OPP-000436,lead,2025-02-25,VEN-002
EVO-001056,OPP-000439,lead,2025-02-25,VEN-005
EVO-001057,OPP-000459,lead,2025-02-25,VEN-005
EVO-001058,OPP-000466,contactado,2025-02-25,VEN-006
EVO-001059,OPP-000467,lead,2025-02-25,VEN-011
EVO-001060,OPP-000469,lead,2025-02-25,VEN-004
EVO-001061,OPP-000471,lead,2025-02-25,VEN-006
EVO-001062,OPP-000471,contactado,2025-02-25,VEN-006
EVO-001063,OPP-000473,lead,2025-02-25,VEN-009
EVO-001064,OPP-000476,contactado,2025-02-25,VEN-006
EVO-001065,OPP-000357,propuesta,2025-02-26,VEN-011
EVO-001066,OPP-000387,propuesta,2025-02-26,VEN-006
EVO-001067,OPP-000405,propuesta,2025-02-26,VEN-012
EVO-001068,OPP-000424,contactado,2025-02-26,VEN-010
EVO-001069,OPP-000430,contactado,2025-02-26,VEN-002
EVO-001070,OPP-000431,lead,2025-02-26,VEN-011
EVO-001071,OPP-000431,contactado,2025-02-26,VEN-011
EVO-001072,OPP-000438,lead,2025-02-26,VEN-011
EVO-001073,OPP-000441,contactado,2025-02-26,VEN-008
EVO-001074,OPP-000442,lead,2025-02-26,VEN-005
EVO-001075,OPP-000442,contactado,2025-02-26,VEN-005
EVO-001076,OPP-000443,contactado,2025-02-26,VEN-006
EVO-001077,OPP-000445,lead,2025-02-26,VEN-008
EVO-001078,OPP-000445,contactado,2025-02-26,VEN-008
EVO-001079,OPP-000446,lead,2025-02-26,VEN-009
EVO-001080,OPP-000448,lead,2025-02-26,VEN-012
EVO-001081,OPP-000449,lead,2025-02-26,VEN-012
EVO-001082,OPP-000450,contactado,2025-02-26,VEN-008
EVO-001083,OPP-000451,lead,2025-02-26,VEN-010
EVO-001084,OPP-000451,contactado,2025-02-26,VEN-010
EVO-001085,OPP-000453,lead,2025-02-26,VEN-001
EVO-001086,OPP-000454,lead,2025-02-26,VEN-001
EVO-001087,OPP-000455,lead,2025-02-26,VEN-005
EVO-001088,OPP-000456,lead,2025-02-26,VEN-011
EVO-001089,OPP-000457,lead,2025-02-26,VEN-007
EVO-001090,OPP-000462,lead,2025-02-26,VEN-005
EVO-001091,OPP-000463,lead,2025-02-26,VEN-005
EVO-001092,OPP-000463,contactado,2025-02-26,VEN-005
EVO-001093,OPP-000469,contactado,2025-02-26,VEN-004
EVO-001094,OPP-000476,calificado,2025-02-26,VEN-006
EVO-001095,OPP-000477,contactado,2025-02-26,VEN-011
EVO-001096,OPP-000382,cierre,2025-02-27,VEN-002
EVO-001097,OPP-000416,contactado,2025-02-27,VEN-009
EVO-001098,OPP-000419,lead,2025-02-27,VEN-006
EVO-001099,OPP-000421,lead,2025-02-27,VEN-007
EVO-001100,OPP-000421,contactado,2025-02-27,VEN-007
EVO-001101,OPP-000421,calificado,2025-02-27,VEN-007
EVO-001102,OPP-000423,contactado,2025-02-27,VEN-002
EVO-001103,OPP-000423,calificado,2025-02-27,VEN-002
EVO-001104,OPP-000425,contactado,2025-02-27,VEN-009
EVO-001105,OPP-000425,calificado,2025-02-27,VEN-009
EVO-001106,OPP-000426,contactado,2025-02-27,VEN-011
EVO-001107,OPP-000429,lead,2025-02-27,VEN-007
EVO-001108,OPP-000432,lead,2025-02-27,VEN-012
EVO-001109,OPP-000436,contactado,2025-02-27,VEN-002
EVO-001110,OPP-000440,lead,2025-02-27,VEN-004
EVO-001111,OPP-000440,contactado,2025-02-27,VEN-004
EVO-001112,OPP-000444,lead,2025-02-27,VEN-003
EVO-001113,OPP-000449,contactado,2025-02-27,VEN-012
EVO-001114,OPP-000452,lead,2025-02-27,VEN-003
EVO-001115,OPP-000452,contactado,2025-02-27,VEN-003
EVO-001116,OPP-000452,calificado,2025-02-27,VEN-003
EVO-001117,OPP-000452,propuesta,2025-02-27,VEN-003
EVO-001118,OPP-000454,contactado,2025-02-27,VEN-001
EVO-001119,OPP-000454,calificado,2025-02-27,VEN-001
EVO-001120,OPP-000457,contactado,2025-02-27,VEN-007
EVO-001121,OPP-000458,lead,2025-02-27,VEN-011
EVO-001122,OPP-000459,contactado,2025-02-27,VEN-005
EVO-001123,OPP-000460,contactado,2025-02-27,VEN-003
EVO-001124,OPP-000461,lead,2025-02-27,VEN-012
EVO-001125,OPP-000461,contactado,2025-02-27,VEN-012
EVO-001126,OPP-000464,calificado,2025-02-27,VEN-002
EVO-001127,OPP-000474,lead,2025-02-27,VEN-010
EVO-001128,OPP-000474,contactado,2025-02-27,VEN-010
EVO-001129,OPP-000474,calificado,2025-02-27,VEN-010
EVO-001130,OPP-000475,contactado,2025-02-27,VEN-009
EVO-001131,OPP-000477,calificado,2025-02-27,VEN-011
EVO-001132,OPP-000416,calificado,2025-02-28,VEN-009
EVO-001133,OPP-000417,lead,2025-02-28,VEN-005
EVO-001134,OPP-000417,contactado,2025-02-28,VEN-005
EVO-001135,OPP-000419,contactado,2025-02-28,VEN-006
EVO-001136,OPP-000420,lead,2025-02-28,VEN-010
EVO-001137,OPP-000422,lead,2025-02-28,VEN-010
EVO-001138,OPP-000422,contactado,2025-02-28,VEN-010
EVO-001139,OPP-000422,calificado,2025-02-28,VEN-010
EVO-001140,OPP-000423,propuesta,2025-02-28,VEN-002
EVO-001141,OPP-000428,lead,2025-02-28,VEN-001
EVO-001142,OPP-000433,lead,2025-02-28,VEN-002
EVO-001143,OPP-000433,contactado,2025-02-28,VEN-002
EVO-001144,OPP-000437,lead,2025-02-28,VEN-010
EVO-001145,OPP-000438,contactado,2025-02-28,VEN-011
EVO-001146,OPP-000447,lead,2025-02-28,VEN-001
EVO-001147,OPP-000451,calificado,2025-02-28,VEN-010
EVO-001148,OPP-000461,calificado,2025-02-28,VEN-012
EVO-001149,OPP-000462,contactado,2025-02-28,VEN-005
EVO-001150,OPP-000464,propuesta,2025-02-28,VEN-002
EVO-001151,OPP-000468,lead,2025-02-28,VEN-001
EVO-001152,OPP-000470,lead,2025-02-28,VEN-011
EVO-001153,OPP-000472,lead,2025-02-28,VEN-011
EVO-001154,OPP-000387,cierre,2025-03-01,VEN-006
EVO-001155,OPP-000416,propuesta,2025-03-01,VEN-009
EVO-001156,OPP-000420,contactado,2025-03-01,VEN-010
EVO-001157,OPP-000421,propuesta,2025-03-01,VEN-007
EVO-001158,OPP-000428,contactado,2025-03-01,VEN-001
EVO-001159,OPP-000433,calificado,2025-03-01,VEN-002
EVO-001160,OPP-000440,calificado,2025-03-01,VEN-004
EVO-001161,OPP-000441,calificado,2025-03-01,VEN-008
EVO-001162,OPP-000444,contactado,2025-03-01,VEN-003
EVO-001163,OPP-000445,calificado,2025-03-01,VEN-008
EVO-001164,OPP-000450,calificado,2025-03-01,VEN-008
EVO-001165,OPP-000453,contactado,2025-03-01,VEN-001
EVO-001166,OPP-000456,contactado,2025-03-01,VEN-011
EVO-001167,OPP-000460,calificado,2025-03-01,VEN-003
EVO-001168,OPP-000460,propuesta,2025-03-01,VEN-003
EVO-001169,OPP-000476,propuesta,2025-03-01,VEN-006
EVO-001170,OPP-000422,propuesta,2025-03-02,VEN-010
EVO-001171,OPP-000449,calificado,2025-03-02,VEN-012
EVO-001172,OPP-000451,propuesta,2025-03-02,VEN-010
EVO-001173,OPP-000458,contactado,2025-03-02,VEN-011
EVO-001174,OPP-000460,cierre,2025-03-02,VEN-003
EVO-001175,OPP-000477,propuesta,2025-03-02,VEN-011
EVO-001176,OPP-000422,cierre,2025-03-03,VEN-010
EVO-001177,OPP-000437,contactado,2025-03-03,VEN-010
EVO-001178,OPP-000447,contactado,2025-03-03,VEN-001
EVO-001179,OPP-000447,calificado,2025-03-03,VEN-001
EVO-001180,OPP-000456,calificado,2025-03-03,VEN-011
EVO-001181,OPP-000456,propuesta,2025-03-03,VEN-011
EVO-001182,OPP-000468,contactado,2025-03-03,VEN-001
EVO-001183,OPP-000470,contactado,2025-03-03,VEN-011
EVO-001184,OPP-000488,lead,2025-03-03,VEN-001
EVO-001185,OPP-000496,lead,2025-03-03,VEN-010
EVO-001186,OPP-000506,lead,2025-03-03,VEN-009
EVO-001187,OPP-000509,lead,2025-03-03,VEN-010
EVO-001188,OPP-000509,contactado,2025-03-03,VEN-010
EVO-001189,OPP-000509,calificado,2025-03-03,VEN-010
EVO-001190,OPP-000519,lead,2025-03-03,VEN-008
EVO-001191,OPP-000531,lead,2025-03-03,VEN-004
EVO-001192,OPP-000532,lead,2025-03-03,VEN-007
EVO-001193,OPP-000537,lead,2025-03-03,VEN-010
EVO-001194,OPP-000440,propuesta,2025-03-04,VEN-004
EVO-001195,OPP-000445,propuesta,2025-03-04,VEN-008
EVO-001196,OPP-000445,cierre,2025-03-04,VEN-008
EVO-001197,OPP-000449,propuesta,2025-03-04,VEN-012
EVO-001198,OPP-000449,cierre,2025-03-04,VEN-012
EVO-001199,OPP-000450,propuesta,2025-03-04,VEN-008
EVO-001200,OPP-000468,calificado,2025-03-04,VEN-001
EVO-001201,OPP-000477,cierre,2025-03-04,VEN-011
EVO-001202,OPP-000478,lead,2025-03-04,VEN-008
EVO-001203,OPP-000481,lead,2025-03-04,VEN-004
EVO-001204,OPP-000482,lead,2025-03-04,VEN-012
EVO-001205,OPP-000498,lead,2025-03-04,VEN-001
EVO-001206,OPP-000501,lead,2025-03-04,VEN-012
EVO-001207,OPP-000501,contactado,2025-03-04,VEN-012
EVO-001208,OPP-000501,calificado,2025-03-04,VEN-012
EVO-001209,OPP-000501,propuesta,2025-03-04,VEN-012
EVO-001210,OPP-000503,lead,2025-03-04,VEN-004
EVO-001211,OPP-000508,lead,2025-03-04,VEN-010
EVO-001212,OPP-000508,contactado,2025-03-04,VEN-010
EVO-001213,OPP-000509,propuesta,2025-03-04,VEN-010
EVO-001214,OPP-000522,lead,2025-03-04,VEN-002
EVO-001215,OPP-000526,lead,2025-03-04,VEN-011
EVO-001216,OPP-000527,lead,2025-03-04,VEN-006
EVO-001217,OPP-000527,contactado,2025-03-04,VEN-006
EVO-001218,OPP-000528,lead,2025-03-04,VEN-001
EVO-001219,OPP-000534,lead,2025-03-04,VEN-005
EVO-001220,OPP-000447,propuesta,2025-03-05,VEN-001
EVO-001221,OPP-000458,calificado,2025-03-05,VEN-011
EVO-001222,OPP-000458,propuesta,2025-03-05,VEN-011
EVO-001223,OPP-000470,calificado,2025-03-05,VEN-011
EVO-001224,OPP-000478,contactado,2025-03-05,VEN-008
EVO-001225,OPP-000482,contactado,2025-03-05,VEN-012
EVO-001226,OPP-000483,lead,2025-03-05,VEN-004
EVO-001227,OPP-000483,contactado,2025-03-05,VEN-004
EVO-001228,OPP-000487,lead,2025-03-05,VEN-004
EVO-001229,OPP-000488,contactado,2025-03-05,VEN-001
EVO-001230,OPP-000489,lead,2025-03-05,VEN-008
EVO-001231,OPP-000491,lead,2025-03-05,VEN-006
EVO-001232,OPP-000492,lead,2025-03-05,VEN-012
EVO-001233,OPP-000494,lead,2025-03-05,VEN-011
EVO-001234,OPP-000494,contactado,2025-03-05,VEN-011
EVO-001235,OPP-000496,contactado,2025-03-05,VEN-010
EVO-001236,OPP-000497,lead,2025-03-05,VEN-001
EVO-001237,OPP-000498,contactado,2025-03-05,VEN-001
EVO-001238,OPP-000502,lead,2025-03-05,VEN-004
EVO-001239,OPP-000507,lead,2025-03-05,VEN-007
EVO-001240,OPP-000507,contactado,2025-03-05,VEN-007
EVO-001241,OPP-000510,lead,2025-03-05,VEN-012
EVO-001242,OPP-000511,lead,2025-03-05,VEN-011
EVO-001243,OPP-000516,lead,2025-03-05,VEN-005
EVO-001244,OPP-000522,contactado,2025-03-05,VEN-002
EVO-001245,OPP-000524,lead,2025-03-05,VEN-012
EVO-001246,OPP-000531,contactado,2025-03-05,VEN-004
EVO-001247,OPP-000533,lead,2025-03-05,VEN-003
EVO-001248,OPP-000536,lead,2025-03-05,VEN-011
EVO-001249,OPP-000538,lead,2025-03-05,VEN-002
EVO-001250,OPP-000437,calificado,2025-03-06,VEN-010
EVO-001251,OPP-000470,propuesta,2025-03-06,VEN-011
EVO-001252,OPP-000470,cierre,2025-03-06,VEN-011
EVO-001253,OPP-000478,calificado,2025-03-06,VEN-008
EVO-001254,OPP-000478,propuesta,2025-03-06,VEN-008
EVO-001255,OPP-000478,cierre,2025-03-06,VEN-008
EVO-001256,OPP-000479,lead,2025-03-06,VEN-009
EVO-001257,OPP-000479,contactado,2025-03-06,VEN-009
EVO-001258,OPP-000480,lead,2025-03-06,VEN-010
EVO-001259,OPP-000484,lead,2025-03-06,VEN-002
EVO-001260,OPP-000485,lead,2025-03-06,VEN-009
EVO-001261,OPP-000489,contactado,2025-03-06,VEN-008
EVO-001262,OPP-000489,calificado,2025-03-06,VEN-008
EVO-001263,OPP-000490,lead,2025-03-06,VEN-010
EVO-001264,OPP-000494,calificado,2025-03-06,VEN-011
EVO-001265,OPP-000499,lead,2025-03-06,VEN-003
EVO-001266,OPP-000499,contactado,2025-03-06,VEN-003
EVO-001267,OPP-000500,lead,2025-03-06,VEN-003
EVO-001268,OPP-000508,calificado,2025-03-06,VEN-010
EVO-001269,OPP-000508,propuesta,2025-03-06,VEN-010
EVO-001270,OPP-000513,lead,2025-03-06,VEN-006
EVO-001271,OPP-000513,contactado,2025-03-06,VEN-006
EVO-001272,OPP-000513,calificado,2025-03-06,VEN-006
EVO-001273,OPP-000514,lead,2025-03-06,VEN-009
EVO-001274,OPP-000515,lead,2025-03-06,VEN-010
EVO-001275,OPP-000515,contactado,2025-03-06,VEN-010
EVO-001276,OPP-000517,lead,2025-03-06,VEN-011
EVO-001277,OPP-000517,contactado,2025-03-06,VEN-011
EVO-001278,OPP-000518,lead,2025-03-06,VEN-011
EVO-001279,OPP-000518,contactado,2025-03-06,VEN-011
EVO-001280,OPP-000519,contactado,2025-03-06,VEN-008
EVO-001281,OPP-000520,lead,2025-03-06,VEN-010
EVO-001282,OPP-000526,contactado,2025-03-06,VEN-011
EVO-001283,OPP-000526,calificado,2025-03-06,VEN-011
EVO-001284,OPP-000529,lead,2025-03-06,VEN-010
EVO-001285,OPP-000530,lead,2025-03-06,VEN-002
EVO-001286,OPP-000531,calificado,2025-03-06,VEN-004
EVO-001287,OPP-000531,propuesta,2025-03-06,VEN-004
EVO-001288,OPP-000532,contactado,2025-03-06,VEN-007
EVO-001289,OPP-000535,lead,2025-03-06,VEN-008
EVO-001290,OPP-000537,contactado,2025-03-06,VEN-010
EVO-001291,OPP-000440,cierre,2025-03-07,VEN-004
EVO-001292,OPP-000468,propuesta,2025-03-07,VEN-001
EVO-001293,OPP-000486,lead,2025-03-07,VEN-002
EVO-001294,OPP-000487,contactado,2025-03-07,VEN-004
EVO-001295,OPP-000492,contactado,2025-03-07,VEN-012
EVO-001296,OPP-000493,lead,2025-03-07,VEN-004
EVO-001297,OPP-000495,lead,2025-03-07,VEN-012
EVO-001298,OPP-000498,calificado,2025-03-07,VEN-001
EVO-001299,OPP-000502,contactado,2025-03-07,VEN-004
EVO-001300,OPP-000504,lead,2025-03-07,VEN-005
EVO-001301,OPP-000505,lead,2025-03-07,VEN-006
EVO-001302,OPP-000505,contactado,2025-03-07,VEN-006
EVO-001303,OPP-000512,lead,2025-03-07,VEN-002
EVO-001304,OPP-000512,contactado,2025-03-07,VEN-002
EVO-001305,OPP-000521,lead,2025-03-07,VEN-003
EVO-001306,OPP-000523,lead,2025-03-07,VEN-012
EVO-001307,OPP-000525,lead,2025-03-07,VEN-009
EVO-001308,OPP-000529,contactado,2025-03-07,VEN-010
EVO-001309,OPP-000531,cierre,2025-03-07,VEN-004
EVO-001310,OPP-000479,calificado,2025-03-08,VEN-009
EVO-001311,OPP-000489,propuesta,2025-03-08,VEN-008
EVO-001312,OPP-000490,contactado,2025-03-08,VEN-010
EVO-001313,OPP-000495,contactado,2025-03-08,VEN-012
EVO-001314,OPP-000497,contactado,2025-03-08,VEN-001
EVO-001315,OPP-000502,calificado,2025-03-08,VEN-004
EVO-001316,OPP-000510,contactado,2025-03-08,VEN-012
EVO-001317,OPP-000515,calificado,2025-03-08,VEN-010
EVO-001318,OPP-000521,contactado,2025-03-08,VEN-003
EVO-001319,OPP-000529,calificado,2025-03-08,VEN-010
EVO-001320,OPP-000536,contactado,2025-03-08,VEN-011
EVO-001321,OPP-000537,calificado,2025-03-08,VEN-010
EVO-001322,OPP-000485,contactado,2025-03-09,VEN-009
EVO-001323,OPP-000487,calificado,2025-03-09,VEN-004
EVO-001324,OPP-000490,calificado,2025-03-09,VEN-010
EVO-001325,OPP-000505,calificado,2025-03-09,VEN-006
EVO-001326,OPP-000510,calificado,2025-03-09,VEN-012
EVO-001327,OPP-000520,contactado,2025-03-09,VEN-010
EVO-001328,OPP-000523,contactado,2025-03-09,VEN-012
EVO-001329,OPP-000523,calificado,2025-03-09,VEN-012
EVO-001330,OPP-000536,calificado,2025-03-09,VEN-011
EVO-001331,OPP-000486,contactado,2025-03-10,VEN-002
EVO-001332,OPP-000489,cierre,2025-03-10,VEN-008
EVO-001333,OPP-000493,contactado,2025-03-10,VEN-004
EVO-001334,OPP-000495,calificado,2025-03-10,VEN-012
EVO-001335,OPP-000529,propuesta,2025-03-10,VEN-010
EVO-001336,OPP-000543,lead,2025-03-10,VEN-005
EVO-001337,OPP-000543,contactado,2025-03-10,VEN-005
EVO-001338,OPP-000544,lead,2025-03-10,VEN-010
EVO-001339,OPP-000546,lead,2025-03-10,VEN-008
EVO-001340,OPP-000555,lead,2025-03-10,VEN-010
EVO-001341,OPP-000557,lead,2025-03-10,VEN-007
EVO-001342,OPP-000565,lead,2025-03-10,VEN-001
EVO-001343,OPP-000578,lead,2025-03-10,VEN-008
EVO-001344,OPP-000579,lead,2025-03-10,VEN-005
EVO-001345,OPP-000579,contactado,2025-03-10,VEN-005
EVO-001346,OPP-000583,lead,2025-03-10,VEN-007
EVO-001347,OPP-000497,calificado,2025-03-11,VEN-001
EVO-001348,OPP-000515,propuesta,2025-03-11,VEN-010
EVO-001349,OPP-000539,lead,2025-03-11,VEN-005
EVO-001350,OPP-000540,lead,2025-03-11,VEN-005
EVO-001351,OPP-000542,lead,2025-03-11,VEN-001
EVO-001352,OPP-000550,lead,2025-03-11,VEN-002
EVO-001353,OPP-000558,lead,2025-03-11,VEN-012
EVO-001354,OPP-000559,lead,2025-03-11,VEN-011
EVO-001355,OPP-000561,lead,2025-03-11,VEN-004
EVO-001356,OPP-000565,contactado,2025-03-11,VEN-001
EVO-001357,OPP-000568,lead,2025-03-11,VEN-005
EVO-001358,OPP-000570,lead,2025-03-11,VEN-005
EVO-001359,OPP-000574,lead,2025-03-11,VEN-002
EVO-001360,OPP-000582,lead,2025-03-11,VEN-002
EVO-001361,OPP-000505,propuesta,2025-03-12,VEN-006
EVO-001362,OPP-000510,propuesta,2025-03-12,VEN-012
EVO-001363,OPP-000523,propuesta,2025-03-12,VEN-012
EVO-001364,OPP-000542,contactado,2025-03-12,VEN-001
EVO-001365,OPP-000545,lead,2025-03-12,VEN-006
EVO-001366,OPP-000546,contactado,2025-03-12,VEN-008
EVO-001367,OPP-000546,calificado,2025-03-12,VEN-008
EVO-001368,OPP-000547,lead,2025-03-12,VEN-008
EVO-001369,OPP-000547,contactado,2025-03-12,VEN-008
EVO-001370,OPP-000548,lead,2025-03-12,VEN-010
EVO-001371,OPP-000549,lead,2025-03-12,VEN-012
EVO-001372,OPP-000556,lead,2025-03-12,VEN-005
EVO-001373,OPP-000560,lead,2025-03-12,VEN-009
EVO-001374,OPP-000563,lead,2025-03-12,VEN-009
EVO-001375,OPP-000563,contactado,2025-03-12,VEN-009
EVO-001376,OPP-000566,lead,2025-03-12,VEN-002
EVO-001377,OPP-000567,lead,2025-03-12,VEN-002
EVO-001378,OPP-000569,lead,2025-03-12,VEN-002
EVO-001379,OPP-000569,contactado,2025-03-12,VEN-002
EVO-001380,OPP-000572,lead,2025-03-12,VEN-004
EVO-001381,OPP-000578,contactado,2025-03-12,VEN-008
EVO-001382,OPP-000486,calificado,2025-03-13,VEN-002
EVO-001383,OPP-000493,calificado,2025-03-13,VEN-004
EVO-001384,OPP-000497,propuesta,2025-03-13,VEN-001
EVO-001385,OPP-000539,contactado,2025-03-13,VEN-005
EVO-001386,OPP-000550,contactado,2025-03-13,VEN-002
EVO-001387,OPP-000551,lead,2025-03-13,VEN-006
EVO-001388,OPP-000551,contactado,2025-03-13,VEN-006
EVO-001389,OPP-000554,lead,2025-03-13,VEN-004
EVO-001390,OPP-000571,lead,2025-03-13,VEN-002
EVO-001391,OPP-000571,contactado,2025-03-13,VEN-002
EVO-001392,OPP-000574,contactado,2025-03-13,VEN-002
EVO-001393,OPP-000576,lead,2025-03-13,VEN-009
EVO-001394,OPP-000581,lead,2025-03-13,VEN-005
EVO-001395,OPP-000582,contactado,2025-03-13,VEN-002
EVO-001396,OPP-000583,contactado,2025-03-13,VEN-007
EVO-001397,OPP-000515,cierre,2025-03-14,VEN-010
EVO-001398,OPP-000540,contactado,2025-03-14,VEN-005
EVO-001399,OPP-000540,calificado,2025-03-14,VEN-005
EVO-001400,OPP-000540,propuesta,2025-03-14,VEN-005
EVO-001401,OPP-000541,lead,2025-03-14,VEN-005
EVO-001402,OPP-000545,contactado,2025-03-14,VEN-006
EVO-001403,OPP-000551,calificado,2025-03-14,VEN-006
EVO-001404,OPP-000552,lead,2025-03-14,VEN-003
EVO-001405,OPP-000553,lead,2025-03-14,VEN-003
EVO-001406,OPP-000562,lead,2025-03-14,VEN-005
EVO-001407,OPP-000562,contactado,2025-03-14,VEN-005
EVO-001408,OPP-000563,calificado,2025-03-14,VEN-009
EVO-001409,OPP-000564,lead,2025-03-14,VEN-006
EVO-001410,OPP-000566,contactado,2025-03-14,VEN-002
EVO-001411,OPP-000568,contactado,2025-03-14,VEN-005
EVO-001412,OPP-000569,calificado,2025-03-14,VEN-002
EVO-001413,OPP-000573,lead,2025-03-14,VEN-011
EVO-001414,OPP-000574,calificado,2025-03-14,VEN-002
EVO-001415,OPP-000575,lead,2025-03-14,VEN-012
EVO-001416,OPP-000577,lead,2025-03-14,VEN-008
EVO-001417,OPP-000577,contactado,2025-03-14,VEN-008
EVO-001418,OPP-000580,lead,2025-03-14,VEN-001
EVO-001419,OPP-000583,calificado,2025-03-14,VEN-007
EVO-001420,OPP-000486,propuesta,2025-03-15,VEN-002
EVO-001421,OPP-000539,calificado,2025-03-15,VEN-005
EVO-001422,OPP-000549,contactado,2025-03-15,VEN-012
EVO-001423,OPP-000552,contactado,2025-03-15,VEN-003
EVO-001424,OPP-000563,propuesta,2025-03-15,VEN-009
EVO-001425,OPP-000569,propuesta,2025-03-15,VEN-002
EVO-001426,OPP-000572,contactado,2025-03-15,VEN-004
EVO-001427,OPP-000572,calificado,2025-03-15,VEN-004
EVO-001428,OPP-000577,calificado,2025-03-15,VEN-008
EVO-001429,OPP-000580,contactado,2025-03-15,VEN-001
EVO-001430,OPP-000493,propuesta,2025-03-16,VEN-004
EVO-001431,OPP-000564,contactado,2025-03-16,VEN-006
EVO-001432,OPP-000566,calificado,2025-03-16,VEN-002
EVO-001433,OPP-000571,calificado,2025-03-16,VEN-002
EVO-001434,OPP-000572,propuesta,2025-03-16,VEN-004
EVO-001435,OPP-000575,contactado,2025-03-16,VEN-012
EVO-001436,OPP-000583,propuesta,2025-03-16,VEN-007
EVO-001437,OPP-000540,cierre,2025-03-17,VEN-005
EVO-001438,OPP-000541,contactado,2025-03-17,VEN-005
EVO-001439,OPP-000583,cierre,2025-03-17,VEN-007
EVO-001440,OPP-000584,lead,2025-03-17,VEN-002
EVO-001441,OPP-000584,contactado,2025-03-17,VEN-002
EVO-001442,OPP-000591,lead,2025-03-17,VEN-006
EVO-001443,OPP-000594,lead,2025-03-17,VEN-009
EVO-001444,OPP-000601,lead,2025-03-17,VEN-008
EVO-001445,OPP-000608,lead,2025-03-17,VEN-007
EVO-001446,OPP-000613,lead,2025-03-17,VEN-012
EVO-001447,OPP-000619,lead,2025-03-17,VEN-005
EVO-001448,OPP-000620,lead,2025-03-17,VEN-003
EVO-001449,OPP-000630,lead,2025-03-17,VEN-010
EVO-001450,OPP-000630,contactado,2025-03-17,VEN-010
EVO-001451,OPP-000644,lead,2025-03-17,VEN-010
EVO-001452,OPP-000552,calificado,2025-03-18,VEN-003
EVO-001453,OPP-000577,propuesta,2025-03-18,VEN-008
EVO-001454,OPP-000586,lead,2025-03-18,VEN-008
EVO-001455,OPP-000586,contactado,2025-03-18,VEN-008
EVO-001456,OPP-000589,lead,2025-03-18,VEN-010
EVO-001457,OPP-000592,lead,2025-03-18,VEN-007
EVO-001458,OPP-000594,contactado,2025-03-18,VEN-009
EVO-001459,OPP-000596,lead,2025-03-18,VEN-010
EVO-001460,OPP-000608,contactado,2025-03-18,VEN-007
EVO-001461,OPP-000617,lead,2025-03-18,VEN-006
EVO-001462,OPP-000618,lead,2025-03-18,VEN-009
EVO-001463,OPP-000628,lead,2025-03-18,VEN-002
EVO-001464,OPP-000629,lead,2025-03-18,VEN-004
EVO-001465,OPP-000630,calificado,2025-03-18,VEN-010
EVO-001466,OPP-000632,lead,2025-03-18,VEN-002
EVO-001467,OPP-000635,lead,2025-03-18,VEN-003
EVO-001468,OPP-000640,lead,2025-03-18,VEN-005
EVO-001469,OPP-000493,cierre,2025-03-19,VEN-004
EVO-001470,OPP-000564,calificado,2025-03-19,VEN-006
EVO-001471,OPP-000587,lead,2025-03-19,VEN-001
EVO-001472,OPP-000590,lead,2025-03-19,VEN-004
EVO-001473,OPP-000593,lead,2025-03-19,VEN-001
EVO-001474,OPP-000597,lead,2025-03-19,VEN-010
EVO-001475,OPP-000602,lead,2025-03-19,VEN-011
EVO-001476,OPP-000603,lead,2025-03-19,VEN-003
EVO-001477,OPP-000603,contactado,2025-03-19,VEN-003
EVO-001478,OPP-000605,lead,2025-03-19,VEN-003
EVO-001479,OPP-000605,contactado,2025-03-19,VEN-003
EVO-001480,OPP-000611,lead,2025-03-19,VEN-004
EVO-001481,OPP-000613,contactado,2025-03-19,VEN-012
EVO-001482,OPP-000613,calificado,2025-03-19,VEN-012
EVO-001483,OPP-000615,lead,2025-03-19,VEN-009
EVO-001484,OPP-000616,lead,2025-03-19,VEN-002
EVO-001485,OPP-000618,contactado,2025-03-19,VEN-009
EVO-001486,OPP-000621,lead,2025-03-19,VEN-005
EVO-001487,OPP-000624,lead,2025-03-19,VEN-009
EVO-001488,OPP-000625,lead,2025-03-19,VEN-006
EVO-001489,OPP-000626,lead,2025-03-19,VEN-010
EVO-001490,OPP-000627,lead,2025-03-19,VEN-001
EVO-001491,OPP-000628,contactado,2025-03-19,VEN-002
EVO-001492,OPP-000629,contactado,2025-03-19,VEN-004
EVO-001493,OPP-000631,lead,2025-03-19,VEN-009
EVO-001494,OPP-000632,contactado,2025-03-19,VEN-002
EVO-001495,OPP-000633,lead,2025-03-19,VEN-012
EVO-001496,OPP-000633,contactado,2025-03-19,VEN-012
EVO-001497,OPP-000633,calificado,2025-03-19,VEN-012
EVO-001498,OPP-000641,lead,2025-03-19,VEN-007
EVO-001499,OPP-000644,contactado,2025-03-19,VEN-010
EVO-001500,OPP-000646,lead,2025-03-19,VEN-007
EVO-001501,OPP-000587,contactado,2025-03-20,VEN-001
EVO-001502,OPP-000590,contactado,2025-03-20,VEN-004
EVO-001503,OPP-000596,contactado,2025-03-20,VEN-010
EVO-001504,OPP-000599,lead,2025-03-20,VEN-003
EVO-001505,OPP-000601,contactado,2025-03-20,VEN-008
EVO-001506,OPP-000602,contactado,2025-03-20,VEN-011
EVO-001507,OPP-000602,calificado,2025-03-20,VEN-011
EVO-001508,OPP-000604,lead,2025-03-20,VEN-005
EVO-001509,OPP-000606,lead,2025-03-20,VEN-002
EVO-001510,OPP-000607,lead,2025-03-20,VEN-002
EVO-001511,OPP-000619,contactado,2025-03-20,VEN-005
EVO-001512,OPP-000619,calificado,2025-03-20,VEN-005
EVO-001513,OPP-000619,propuesta,2025-03-20,VEN-005
EVO-001514,OPP-000620,contactado,2025-03-20,VEN-003
EVO-001515,OPP-000620,calificado,2025-03-20,VEN-003
EVO-001516,OPP-000622,lead,2025-03-20,VEN-002
EVO-001517,OPP-000623,lead,2025-03-20,VEN-002
EVO-001518,OPP-000624,contactado,2025-03-20,VEN-009
EVO-001519,OPP-000634,lead,2025-03-20,VEN-004
EVO-001520,OPP-000636,lead,2025-03-20,VEN-001
EVO-001521,OPP-000637,lead,2025-03-20,VEN-003
EVO-001522,OPP-000639,lead,2025-03-20,VEN-003
EVO-001523,OPP-000639,contactado,2025-03-20,VEN-003
EVO-001524,OPP-000642,lead,2025-03-20,VEN-003
EVO-001525,OPP-000643,lead,2025-03-20,VEN-012
EVO-001526,OPP-000646,contactado,2025-03-20,VEN-007
EVO-001527,OPP-000647,lead,2025-03-20,VEN-007
EVO-001528,OPP-000648,lead,2025-03-20,VEN-011
EVO-001529,OPP-000585,lead,2025-03-21,VEN-004
EVO-001530,OPP-000585,contactado,2025-03-21,VEN-004
EVO-001531,OPP-000585,calificado,2025-03-21,VEN-004
EVO-001532,OPP-000588,lead,2025-03-21,VEN-006
EVO-001533,OPP-000594,calificado,2025-03-21,VEN-009
EVO-001534,OPP-000595,lead,2025-03-21,VEN-011
EVO-001535,OPP-000598,lead,2025-03-21,VEN-011
EVO-001536,OPP-000600,lead,2025-03-21,VEN-011
EVO-001537,OPP-000604,contactado,2025-03-21,VEN-005
EVO-001538,OPP-000609,lead,2025-03-21,VEN-004
EVO-001539,OPP-000610,lead,2025-03-21,VEN-005
EVO-001540,OPP-000612,lead,2025-03-21,VEN-006
EVO-001541,OPP-000614,lead,2025-03-21,VEN-002
EVO-001542,OPP-000614,contactado,2025-03-21,VEN-002
EVO-001543,OPP-000615,contactado,2025-03-21,VEN-009
EVO-001544,OPP-000615,calificado,2025-03-21,VEN-009
EVO-001545,OPP-000615,propuesta,2025-03-21,VEN-009
EVO-001546,OPP-000623,contactado,2025-03-21,VEN-002
EVO-001547,OPP-000633,propuesta,2025-03-21,VEN-012
EVO-001548,OPP-000638,lead,2025-03-21,VEN-006
EVO-001549,OPP-000643,contactado,2025-03-21,VEN-012
EVO-001550,OPP-000645,lead,2025-03-21,VEN-011
EVO-001551,OPP-000646,calificado,2025-03-21,VEN-007
EVO-001552,OPP-000647,contactado,2025-03-21,VEN-007
EVO-001553,OPP-000564,propuesta,2025-03-22,VEN-006
EVO-001554,OPP-000596,calificado,2025-03-22,VEN-010
EVO-001555,OPP-000599,contactado,2025-03-22,VEN-003
EVO-001556,OPP-000600,contactado,2025-03-22,VEN-011
EVO-001557,OPP-000611,contactado,2025-03-22,VEN-004
EVO-001558,OPP-000613,propuesta,2025-03-22,VEN-012
EVO-001559,OPP-000620,propuesta,2025-03-22,VEN-003
EVO-001560,OPP-000636,contactado,2025-03-22,VEN-001
EVO-001561,OPP-000638,contactado,2025-03-22,VEN-006
EVO-001562,OPP-000646,propuesta,2025-03-22,VEN-007
EVO-001563,OPP-000647,calificado,2025-03-22,VEN-007
EVO-001564,OPP-000600,calificado,2025-03-23,VEN-011
EVO-001565,OPP-000601,calificado,2025-03-23,VEN-008
EVO-001566,OPP-000622,contactado,2025-03-23,VEN-002
EVO-001567,OPP-000622,calificado,2025-03-23,VEN-002
EVO-001568,OPP-000623,calificado,2025-03-23,VEN-002
EVO-001569,OPP-000624,calificado,2025-03-23,VEN-009
EVO-001570,OPP-000645,contactado,2025-03-23,VEN-011
EVO-001571,OPP-000646,cierre,2025-03-23,VEN-007
EVO-001572,OPP-000585,propuesta,2025-03-24,VEN-004
EVO-001573,OPP-000585,cierre,2025-03-24,VEN-004
EVO-001574,OPP-000598,contactado,2025-03-24,VEN-011
EVO-001575,OPP-000601,propuesta,2025-03-24,VEN-008
EVO-001576,OPP-000604,calificado,2025-03-24,VEN-005
EVO-001577,OPP-000612,contactado,2025-03-24,VEN-006
EVO-001578,OPP-000615,cierre,2025-03-24,VEN-009
EVO-001579,OPP-000624,propuesta,2025-03-24,VEN-009
EVO-001580,OPP-000667,lead,2025-03-24,VEN-005
EVO-001581,OPP-000669,lead,2025-03-24,VEN-007
EVO-001582,OPP-000673,lead,2025-03-24,VEN-007
EVO-001583,OPP-000674,lead,2025-03-24,VEN-009
EVO-001584,OPP-000680,lead,2025-03-24,VEN-011
EVO-001585,OPP-000683,lead,2025-03-24,VEN-010
EVO-001586,OPP-000687,lead,2025-03-24,VEN-004
EVO-001587,OPP-000689,lead,2025-03-24,VEN-009
EVO-001588,OPP-000690,lead,2025-03-24,VEN-005
EVO-001589,OPP-000696,lead,2025-03-24,VEN-006
EVO-001590,OPP-000698,lead,2025-03-24,VEN-003
EVO-001591,OPP-000698,contactado,2025-03-24,VEN-003
EVO-001592,OPP-000698,calificado,2025-03-24,VEN-003
EVO-001593,OPP-000698,propuesta,2025-03-24,VEN-003
EVO-001594,OPP-000702,lead,2025-03-24,VEN-009
EVO-001595,OPP-000702,contactado,2025-03-24,VEN-009
EVO-001596,OPP-000707,lead,2025-03-24,VEN-001
EVO-001597,OPP-000707,contactado,2025-03-24,VEN-001
EVO-001598,OPP-000708,lead,2025-03-24,VEN-006
EVO-001599,OPP-000599,calificado,2025-03-25,VEN-003
EVO-001600,OPP-000638,calificado,2025-03-25,VEN-006
EVO-001601,OPP-000650,lead,2025-03-25,VEN-004
EVO-001602,OPP-000653,lead,2025-03-25,VEN-012
EVO-001603,OPP-000653,contactado,2025-03-25,VEN-012
EVO-001604,OPP-000655,lead,2025-03-25,VEN-001
EVO-001605,OPP-000659,lead,2025-03-25,VEN-010
EVO-001606,OPP-000661,lead,2025-03-25,VEN-011
EVO-001607,OPP-000672,lead,2025-03-25,VEN-001
EVO-001608,OPP-000679,lead,2025-03-25,VEN-001
EVO-001609,OPP-000679,contactado,2025-03-25,VEN-001
EVO-001610,OPP-000679,calificado,2025-03-25,VEN-001
EVO-001611,OPP-000682,lead,2025-03-25,VEN-009
EVO-001612,OPP-000685,lead,2025-03-25,VEN-007
EVO-001613,OPP-000685,contactado,2025-03-25,VEN-007
EVO-001614,OPP-000688,lead,2025-03-25,VEN-003
EVO-001615,OPP-000691,lead,2025-03-25,VEN-010
EVO-001616,OPP-000701,lead,2025-03-25,VEN-001
EVO-001617,OPP-000651,lead,2025-03-26,VEN-006
EVO-001618,OPP-000656,lead,2025-03-26,VEN-009
EVO-001619,OPP-000657,lead,2025-03-26,VEN-001
EVO-001620,OPP-000659,contactado,2025-03-26,VEN-010
EVO-001621,OPP-000664,lead,2025-03-26,VEN-011
EVO-001622,OPP-000669,contactado,2025-03-26,VEN-007
EVO-001623,OPP-000678,lead,2025-03-26,VEN-004
EVO-001624,OPP-000689,contactado,2025-03-26,VEN-009
EVO-001625,OPP-000692,lead,2025-03-26,VEN-012
EVO-001626,OPP-000692,contactado,2025-03-26,VEN-012
EVO-001627,OPP-000701,contactado,2025-03-26,VEN-001
EVO-001628,OPP-000701,calificado,2025-03-26,VEN-001
EVO-001629,OPP-000708,contactado,2025-03-26,VEN-006
EVO-001630,OPP-000624,cierre,2025-03-27,VEN-009
EVO-001631,OPP-000638,propuesta,2025-03-27,VEN-006
EVO-001632,OPP-000652,lead,2025-03-27,VEN-006
EVO-001633,OPP-000653,calificado,2025-03-27,VEN-012
EVO-001634,OPP-000654,lead,2025-03-27,VEN-011
EVO-001635,OPP-000656,contactado,2025-03-27,VEN-009
EVO-001636,OPP-000659,calificado,2025-03-27,VEN-010
EVO-001637,OPP-000667,contactado,2025-03-27,VEN-005
EVO-001638,OPP-000668,lead,2025-03-27,VEN-004
EVO-001639,OPP-000668,contactado,2025-03-27,VEN-004
EVO-001640,OPP-000671,lead,2025-03-27,VEN-009
EVO-001641,OPP-000673,contactado,2025-03-27,VEN-007
EVO-001642,OPP-000674,contactado,2025-03-27,VEN-009
EVO-001643,OPP-000675,lead,2025-03-27,VEN-010
EVO-001644,OPP-000680,contactado,2025-03-27,VEN-011
EVO-001645,OPP-000682,contactado,2025-03-27,VEN-009
EVO-001646,OPP-000683,contactado,2025-03-27,VEN-010
EVO-001647,OPP-000684,lead,2025-03-27,VEN-007
EVO-001648,OPP-000687,contactado,2025-03-27,VEN-004
EVO-001649,OPP-000689,calificado,2025-03-27,VEN-009
EVO-001650,OPP-000693,lead,2025-03-27,VEN-012
EVO-001651,OPP-000695,lead,2025-03-27,VEN-008
EVO-001652,OPP-000696,contactado,2025-03-27,VEN-006
EVO-001653,OPP-000705,lead,2025-03-27,VEN-003
EVO-001654,OPP-000709,lead,2025-03-27,VEN-008
EVO-001655,OPP-000649,lead,2025-03-28,VEN-008
EVO-001656,OPP-000651,contactado,2025-03-28,VEN-006
EVO-001657,OPP-000654,contactado,2025-03-28,VEN-011
EVO-001658,OPP-000655,contactado,2025-03-28,VEN-001
EVO-001659,OPP-000658,lead,2025-03-28,VEN-004
EVO-001660,OPP-000660,lead,2025-03-28,VEN-007
EVO-001661,OPP-000661,contactado,2025-03-28,VEN-011
EVO-001662,OPP-000662,lead,2025-03-28,VEN-005
EVO-001663,OPP-000663,lead,2025-03-28,VEN-004
EVO-001664,OPP-000665,lead,2025-03-28,VEN-010
EVO-001665,OPP-000666,lead,2025-03-28,VEN-009
EVO-001666,OPP-000668,calificado,2025-03-28,VEN-004
EVO-001667,OPP-000670,lead,2025-03-28,VEN-008
EVO-001668,OPP-000674,calificado,2025-03-28,VEN-009
EVO-001669,OPP-000676,lead,2025-03-28,VEN-009
EVO-001670,OPP-000677,lead,2025-03-28,VEN-012
EVO-001671,OPP-000678,contactado,2025-03-28,VEN-004
EVO-001672,OPP-000680,calificado,2025-03-28,VEN-011
EVO-001673,OPP-000681,lead,2025-03-28,VEN-011
EVO-001674,OPP-000686,lead,2025-03-28,VEN-009
EVO-001675,OPP-000694,lead,2025-03-28,VEN-012
EVO-001676,OPP-000697,lead,2025-03-28,VEN-006
EVO-001677,OPP-000699,lead,2025-03-28,VEN-002
EVO-001678,OPP-000700,lead,2025-03-28,VEN-008
EVO-001679,OPP-000703,lead,2025-03-28,VEN-010
EVO-001680,OPP-000703,contactado,2025-03-28,VEN-010
EVO-001681,OPP-000704,lead,2025-03-28,VEN-003
EVO-001682,OPP-000706,lead,2025-03-28,VEN-005
EVO-001683,OPP-000710,lead,2025-03-28,VEN-003
EVO-001684,OPP-000652,contactado,2025-03-29,VEN-006
EVO-001685,OPP-000655,calificado,2025-03-29,VEN-001
EVO-001686,OPP-000660,contactado,2025-03-29,VEN-007
EVO-001687,OPP-000664,contactado,2025-03-29,VEN-011
EVO-001688,OPP-000667,calificado,2025-03-29,VEN-005
EVO-001689,OPP-000670,contactado,2025-03-29,VEN-008
EVO-001690,OPP-000671,contactado,2025-03-29,VEN-009
EVO-001691,OPP-000675,contactado,2025-03-29,VEN-010
EVO-001692,OPP-000675,calificado,2025-03-29,VEN-010
EVO-001693,OPP-000681,contactado,2025-03-29,VEN-011
EVO-001694,OPP-000689,propuesta,2025-03-29,VEN-009
EVO-001695,OPP-000697,contactado,2025-03-29,VEN-006
EVO-001696,OPP-000699,contactado,2025-03-29,VEN-002
EVO-001697,OPP-000709,contactado,2025-03-29,VEN-008
EVO-001698,OPP-000710,contactado,2025-03-29,VEN-003
EVO-001699,OPP-000653,propuesta,2025-03-30,VEN-012
EVO-001700,OPP-000654,calificado,2025-03-30,VEN-011
EVO-001701,OPP-000658,contactado,2025-03-30,VEN-004
EVO-001702,OPP-000662,contactado,2025-03-30,VEN-005
EVO-001703,OPP-000662,calificado,2025-03-30,VEN-005
EVO-001704,OPP-000668,propuesta,2025-03-30,VEN-004
EVO-001705,OPP-000671,calificado,2025-03-30,VEN-009
EVO-001706,OPP-000676,contactado,2025-03-30,VEN-009
EVO-001707,OPP-000693,contactado,2025-03-30,VEN-012
EVO-001708,OPP-000697,calificado,2025-03-30,VEN-006
EVO-001709,OPP-000697,propuesta,2025-03-30,VEN-006
EVO-001710,OPP-000699,calificado,2025-03-30,VEN-002
EVO-001711,OPP-000706,contactado,2025-03-30,VEN-005
EVO-001712,OPP-000649,contactado,2025-03-31,VEN-008
EVO-001713,OPP-000651,calificado,2025-03-31,VEN-006
EVO-001714,OPP-000654,propuesta,2025-03-31,VEN-011
EVO-001715,OPP-000661,calificado,2025-03-31,VEN-011
EVO-001716,OPP-000664,calificado,2025-03-31,VEN-011
EVO-001717,OPP-000667,propuesta,2025-03-31,VEN-005
EVO-001718,OPP-000668,cierre,2025-03-31,VEN-004
EVO-001719,OPP-000670,calificado,2025-03-31,VEN-008
EVO-001720,OPP-000670,propuesta,2025-03-31,VEN-008
EVO-001721,OPP-000674,propuesta,2025-03-31,VEN-009
EVO-001722,OPP-000678,calificado,2025-03-31,VEN-004
EVO-001723,OPP-000678,propuesta,2025-03-31,VEN-004
EVO-001724,OPP-000686,contactado,2025-03-31,VEN-009
EVO-001725,OPP-000693,calificado,2025-03-31,VEN-012
EVO-001726,OPP-000693,propuesta,2025-03-31,VEN-012
EVO-001727,OPP-000715,lead,2025-03-31,VEN-002
EVO-001728,OPP-000716,lead,2025-03-31,VEN-004
EVO-001729,OPP-000719,lead,2025-03-31,VEN-004
EVO-001730,OPP-000719,contactado,2025-03-31,VEN-004
EVO-001731,OPP-000725,lead,2025-03-31,VEN-007
EVO-001732,OPP-000725,contactado,2025-03-31,VEN-007
EVO-001733,OPP-000736,lead,2025-03-31,VEN-005
EVO-001734,OPP-000736,contactado,2025-03-31,VEN-005
EVO-001735,OPP-000738,lead,2025-03-31,VEN-012
EVO-001736,OPP-000738,contactado,2025-03-31,VEN-012
EVO-001737,OPP-000745,lead,2025-03-31,VEN-012
EVO-001738,OPP-000750,lead,2025-03-31,VEN-007
EVO-001739,OPP-000750,contactado,2025-03-31,VEN-007
EVO-001740,OPP-000754,lead,2025-03-31,VEN-006
EVO-001741,OPP-000649,calificado,2025-04-01,VEN-008
EVO-001742,OPP-000658,calificado,2025-04-01,VEN-004
EVO-001743,OPP-000660,calificado,2025-04-01,VEN-007
EVO-001744,OPP-000660,propuesta,2025-04-01,VEN-007
EVO-001745,OPP-000693,cierre,2025-04-01,VEN-012
EVO-001746,OPP-000697,cierre,2025-04-01,VEN-006
EVO-001747,OPP-000710,calificado,2025-04-01,VEN-003
EVO-001748,OPP-000713,lead,2025-04-01,VEN-005
EVO-001749,OPP-000715,contactado,2025-04-01,VEN-002
EVO-001750,OPP-000726,lead,2025-04-01,VEN-011
EVO-001751,OPP-000731,lead,2025-04-01,VEN-009
EVO-001752,OPP-000732,lead,2025-04-01,VEN-002
EVO-001753,OPP-000734,lead,2025-04-01,VEN-005
EVO-001754,OPP-000736,calificado,2025-04-01,VEN-005
EVO-001755,OPP-000739,lead,2025-04-01,VEN-009
EVO-001756,OPP-000743,lead,2025-04-01,VEN-011
EVO-001757,OPP-000743,contactado,2025-04-01,VEN-011
EVO-001758,OPP-000748,lead,2025-04-01,VEN-011
EVO-001759,OPP-000750,calificado,2025-04-01,VEN-007
EVO-001760,OPP-000751,lead,2025-04-01,VEN-008
EVO-001761,OPP-000755,lead,2025-04-01,VEN-003
EVO-001762,OPP-000755,contactado,2025-04-01,VEN-003
EVO-001763,OPP-000756,lead,2025-04-01,VEN-009
EVO-001764,OPP-000758,lead,2025-04-01,VEN-004
EVO-001765,OPP-000758,contactado,2025-04-01,VEN-004
EVO-001766,OPP-000651,propuesta,2025-04-02,VEN-006
EVO-001767,OPP-000654,cierre,2025-04-02,VEN-011
EVO-001768,OPP-000671,propuesta,2025-04-02,VEN-009
EVO-001769,OPP-000674,cierre,2025-04-02,VEN-009
EVO-001770,OPP-000676,calificado,2025-04-02,VEN-009
EVO-001771,OPP-000699,propuesta,2025-04-02,VEN-002
EVO-001772,OPP-000712,lead,2025-04-02,VEN-007
EVO-001773,OPP-000712,contactado,2025-04-02,VEN-007
EVO-001774,OPP-000712,calificado,2025-04-02,VEN-007
EVO-001775,OPP-000717,lead,2025-04-02,VEN-011
EVO-001776,OPP-000720,lead,2025-04-02,VEN-009
EVO-001777,OPP-000724,lead,2025-04-02,VEN-008
EVO-001778,OPP-000726,contactado,2025-04-02,VEN-011
EVO-001779,OPP-000728,lead,2025-04-02,VEN-004
EVO-001780,OPP-000731,contactado,2025-04-02,VEN-009
EVO-001781,OPP-000735,lead,2025-04-02,VEN-002
EVO-001782,OPP-000739,contactado,2025-04-02,VEN-009
EVO-001783,OPP-000745,contactado,2025-04-02,VEN-012
EVO-001784,OPP-000749,lead,2025-04-02,VEN-003
EVO-001785,OPP-000751,contactado,2025-04-02,VEN-008
EVO-001786,OPP-000753,lead,2025-04-02,VEN-005
EVO-001787,OPP-000757,lead,2025-04-02,VEN-006
EVO-001788,OPP-000649,propuesta,2025-04-03,VEN-008
EVO-001789,OPP-000658,propuesta,2025-04-03,VEN-004
EVO-001790,OPP-000711,lead,2025-04-03,VEN-012
EVO-001791,OPP-000713,contactado,2025-04-03,VEN-005
EVO-001792,OPP-000713,calificado,2025-04-03,VEN-005
EVO-001793,OPP-000714,lead,2025-04-03,VEN-004
EVO-001794,OPP-000718,lead,2025-04-03,VEN-001
EVO-001795,OPP-000723,lead,2025-04-03,VEN-001
EVO-001796,OPP-000727,lead,2025-04-03,VEN-009
EVO-001797,OPP-000728,contactado,2025-04-03,VEN-004
EVO-001798,OPP-000736,propuesta,2025-04-03,VEN-005
EVO-001799,OPP-000747,lead,2025-04-03,VEN-008
EVO-001800,OPP-000749,contactado,2025-04-03,VEN-003
EVO-001801,OPP-000752,lead,2025-04-03,VEN-010
EVO-001802,OPP-000754,contactado,2025-04-03,VEN-006
EVO-001803,OPP-000758,calificado,2025-04-03,VEN-004
EVO-001804,OPP-000658,cierre,2025-04-04,VEN-004
EVO-001805,OPP-000712,propuesta,2025-04-04,VEN-007
EVO-001806,OPP-000717,contactado,2025-04-04,VEN-011
EVO-001807,OPP-000721,lead,2025-04-04,VEN-006
EVO-001808,OPP-000722,lead,2025-04-04,VEN-005
EVO-001809,OPP-000729,lead,2025-04-04,VEN-004
EVO-001810,OPP-000730,lead,2025-04-04,VEN-011
EVO-001811,OPP-000733,lead,2025-04-04,VEN-010
EVO-001812,OPP-000735,contactado,2025-04-04,VEN-002
EVO-001813,OPP-000735,calificado,2025-04-04,VEN-002
EVO-001814,OPP-000737,lead,2025-04-04,VEN-008
EVO-001815,OPP-000740,lead,2025-04-04,VEN-004
EVO-001816,OPP-000741,lead,2025-04-04,VEN-012
EVO-001817,OPP-000741,contactado,2025-04-04,VEN-012
EVO-001818,OPP-000742,lead,2025-04-04,VEN-010
EVO-001819,OPP-000743,calificado,2025-04-04,VEN-011
EVO-001820,OPP-000744,lead,2025-04-04,VEN-009
EVO-001821,OPP-000746,lead,2025-04-04,VEN-001
EVO-001822,OPP-000747,contactado,2025-04-04,VEN-008
EVO-001823,OPP-000748,contactado,2025-04-04,VEN-011
EVO-001824,OPP-000751,calificado,2025-04-04,VEN-008
EVO-001825,OPP-000755,calificado,2025-04-04,VEN-003
EVO-001826,OPP-000756,contactado,2025-04-04,VEN-009
EVO-001827,OPP-000757,contactado,2025-04-04,VEN-006
EVO-001828,OPP-000757,calificado,2025-04-04,VEN-006
EVO-001829,OPP-000649,cierre,2025-04-05,VEN-008
EVO-001830,OPP-000671,cierre,2025-04-05,VEN-009
EVO-001831,OPP-000726,calificado,2025-04-05,VEN-011
EVO-001832,OPP-000733,contactado,2025-04-05,VEN-010
EVO-001833,OPP-000735,propuesta,2025-04-05,VEN-002
EVO-001834,OPP-000742,contactado,2025-04-05,VEN-010
EVO-001835,OPP-000747,calificado,2025-04-05,VEN-008
EVO-001836,OPP-000752,contactado,2025-04-05,VEN-010
EVO-001837,OPP-000753,contactado,2025-04-05,VEN-005
EVO-001838,OPP-000753,calificado,2025-04-05,VEN-005
EVO-001839,OPP-000754,calificado,2025-04-05,VEN-006
EVO-001840,OPP-000758,propuesta,2025-04-05,VEN-004
EVO-001841,OPP-000714,contactado,2025-04-06,VEN-004
EVO-001842,OPP-000714,calificado,2025-04-06,VEN-004
EVO-001843,OPP-000727,contactado,2025-04-06,VEN-009
EVO-001844,OPP-000736,cierre,2025-04-06,VEN-005
EVO-001845,OPP-000737,contactado,2025-04-06,VEN-008
EVO-001846,OPP-000740,contactado,2025-04-06,VEN-004
EVO-001847,OPP-000756,calificado,2025-04-06,VEN-009
EVO-001848,OPP-000722,contactado,2025-04-07,VEN-005
EVO-001849,OPP-000729,contactado,2025-04-07,VEN-004
EVO-001850,OPP-000733,calificado,2025-04-07,VEN-010
EVO-001851,OPP-000741,calificado,2025-04-07,VEN-012
EVO-001852,OPP-000746,contactado,2025-04-07,VEN-001
EVO-001853,OPP-000751,propuesta,2025-04-07,VEN-008
EVO-001854,OPP-000762,lead,2025-04-07,VEN-009
EVO-001855,OPP-000780,lead,2025-04-07,VEN-003
EVO-001856,OPP-000784,lead,2025-04-07,VEN-001
EVO-001857,OPP-000790,lead,2025-04-07,VEN-007
EVO-001858,OPP-000790,contactado,2025-04-07,VEN-007
EVO-001859,OPP-000792,lead,2025-04-07,VEN-003
EVO-001860,OPP-000795,lead,2025-04-07,VEN-011
EVO-001861,OPP-000797,lead,2025-04-07,VEN-007
EVO-001862,OPP-000726,propuesta,2025-04-08,VEN-011
EVO-001863,OPP-000752,calificado,2025-04-08,VEN-010
EVO-001864,OPP-000759,lead,2025-04-08,VEN-005
EVO-001865,OPP-000759,contactado,2025-04-08,VEN-005
EVO-001866,OPP-000764,lead,2025-04-08,VEN-001
EVO-001867,OPP-000765,lead,2025-04-08,VEN-009
EVO-001868,OPP-000775,lead,2025-04-08,VEN-010
EVO-001869,OPP-000783,lead,2025-04-08,VEN-007
EVO-001870,OPP-000789,lead,2025-04-08,VEN-008
EVO-001871,OPP-000791,lead,2025-04-08,VEN-002
EVO-001872,OPP-000798,lead,2025-04-08,VEN-007
EVO-001873,OPP-000798,contactado,2025-04-08,VEN-007
EVO-001874,OPP-000800,lead,2025-04-08,VEN-001
EVO-001875,OPP-000806,lead,2025-04-08,VEN-006
EVO-001876,OPP-000756,propuesta,2025-04-09,VEN-009
EVO-001877,OPP-000760,lead,2025-04-09,VEN-008
EVO-001878,OPP-000761,lead,2025-04-09,VEN-002
EVO-001879,OPP-000763,lead,2025-04-09,VEN-006
EVO-001880,OPP-000770,lead,2025-04-09,VEN-003
EVO-001881,OPP-000772,lead,2025-04-09,VEN-001
EVO-001882,OPP-000780,contactado,2025-04-09,VEN-003
EVO-001883,OPP-000781,lead,2025-04-09,VEN-007
EVO-001884,OPP-000781,contactado,2025-04-09,VEN-007
EVO-001885,OPP-000785,lead,2025-04-09,VEN-005
EVO-001886,OPP-000794,lead,2025-04-09,VEN-008
EVO-001887,OPP-000795,contactado,2025-04-09,VEN-011
EVO-001888,OPP-000799,lead,2025-04-09,VEN-004
EVO-001889,OPP-000722,calificado,2025-04-10,VEN-005
EVO-001890,OPP-000762,contactado,2025-04-10,VEN-009
EVO-001891,OPP-000763,contactado,2025-04-10,VEN-006
EVO-001892,OPP-000767,lead,2025-04-10,VEN-002
EVO-001893,OPP-000768,lead,2025-04-10,VEN-003
EVO-001894,OPP-000771,lead,2025-04-10,VEN-011
EVO-001895,OPP-000775,contactado,2025-04-10,VEN-010
EVO-001896,OPP-000779,lead,2025-04-10,VEN-009
EVO-001897,OPP-000781,calificado,2025-04-10,VEN-007
EVO-001898,OPP-000783,contactado,2025-04-10,VEN-007
EVO-001899,OPP-000792,contactado,2025-04-10,VEN-003
EVO-001900,OPP-000797,contactado,2025-04-10,VEN-007
EVO-001901,OPP-000803,lead,2025-04-10,VEN-006
EVO-001902,OPP-000805,lead,2025-04-10,VEN-005
EVO-001903,OPP-000805,contactado,2025-04-10,VEN-005
EVO-001904,OPP-000806,contactado,2025-04-10,VEN-006
EVO-001905,OPP-000763,calificado,2025-04-11,VEN-006
EVO-001906,OPP-000766,lead,2025-04-11,VEN-007
EVO-001907,OPP-000767,contactado,2025-04-11,VEN-002
EVO-001908,OPP-000769,lead,2025-04-11,VEN-006
EVO-001909,OPP-000773,lead,2025-04-11,VEN-011
EVO-001910,OPP-000774,lead,2025-04-11,VEN-004
EVO-001911,OPP-000776,lead,2025-04-11,VEN-006
EVO-001912,OPP-000776,contactado,2025-04-11,VEN-006
EVO-001913,OPP-000777,lead,2025-04-11,VEN-010
EVO-001914,OPP-000778,lead,2025-04-11,VEN-004
EVO-001915,OPP-000778,contactado,2025-04-11,VEN-004
EVO-001916,OPP-000778,calificado,2025-04-11,VEN-004
EVO-001917,OPP-000781,propuesta,2025-04-11,VEN-007
EVO-001918,OPP-000782,lead,2025-04-11,VEN-010
EVO-001919,OPP-000785,contactado,2025-04-11,VEN-005
EVO-001920,OPP-000786,lead,2025-04-11,VEN-012
EVO-001921,OPP-000787,lead,2025-04-11,VEN-007
EVO-001922,OPP-000788,lead,2025-04-11,VEN-001
EVO-001923,OPP-000791,contactado,2025-04-11,VEN-002
EVO-001924,OPP-000793,lead,2025-04-11,VEN-009
EVO-001925,OPP-000796,lead,2025-04-11,VEN-003
EVO-001926,OPP-000798,calificado,2025-04-11,VEN-007
EVO-001927,OPP-000798,propuesta,2025-04-11,VEN-007
EVO-001928,OPP-000801,lead,2025-04-11,VEN-012
EVO-001929,OPP-000802,lead,2025-04-11,VEN-008
EVO-001930,OPP-000803,contactado,2025-04-11,VEN-006
EVO-001931,OPP-000804,lead,2025-04-11,VEN-007
EVO-001932,OPP-000804,contactado,2025-04-11,VEN-007
EVO-001933,OPP-000761,contactado,2025-04-12,VEN-002
EVO-001934,OPP-000762,calificado,2025-04-12,VEN-009
EVO-001935,OPP-000762,propuesta,2025-04-12,VEN-009
EVO-001936,OPP-000768,contactado,2025-04-12,VEN-003
EVO-001937,OPP-000770,contactado,2025-04-12,VEN-003
EVO-001938,OPP-000771,contactado,2025-04-12,VEN-011
EVO-001939,OPP-000771,calificado,2025-04-12,VEN-011
EVO-001940,OPP-000772,contactado,2025-04-12,VEN-001
EVO-001941,OPP-000777,contactado,2025-04-12,VEN-010
EVO-001942,OPP-000777,calificado,2025-04-12,VEN-010
EVO-001943,OPP-000777,propuesta,2025-04-12,VEN-010
EVO-001944,OPP-000778,propuesta,2025-04-12,VEN-004
EVO-001945,OPP-000785,calificado,2025-04-12,VEN-005
EVO-001946,OPP-000792,calificado,2025-04-12,VEN-003
EVO-001947,OPP-000793,contactado,2025-04-12,VEN-009
EVO-001948,OPP-000799,contactado,2025-04-12,VEN-004
EVO-001949,OPP-000761,calificado,2025-04-13,VEN-002
EVO-001950,OPP-000768,calificado,2025-04-13,VEN-003
EVO-001951,OPP-000770,calificado,2025-04-13,VEN-003
EVO-001952,OPP-000772,calificado,2025-04-13,VEN-001
EVO-001953,OPP-000779,contactado,2025-04-13,VEN-009
EVO-001954,OPP-000782,contactado,2025-04-13,VEN-010
EVO-001955,OPP-000788,contactado,2025-04-13,VEN-001
EVO-001956,OPP-000788,calificado,2025-04-13,VEN-001
EVO-001957,OPP-000791,calificado,2025-04-13,VEN-002
EVO-001958,OPP-000798,cierre,2025-04-13,VEN-007
EVO-001959,OPP-000801,contactado,2025-04-13,VEN-012
EVO-001960,OPP-000768,propuesta,2025-04-14,VEN-003
EVO-001961,OPP-000772,propuesta,2025-04-14,VEN-001
EVO-001962,OPP-000774,contactado,2025-04-14,VEN-004
EVO-001963,OPP-000776,calificado,2025-04-14,VEN-006
EVO-001964,OPP-000779,calificado,2025-04-14,VEN-009
EVO-001965,OPP-000782,calificado,2025-04-14,VEN-010
EVO-001966,OPP-000788,propuesta,2025-04-14,VEN-001
EVO-001967,OPP-000796,contactado,2025-04-14,VEN-003
EVO-001968,OPP-000827,lead,2025-04-14,VEN-012
EVO-001969,OPP-000834,lead,2025-04-14,VEN-009
EVO-001970,OPP-000836,lead,2025-04-14,VEN-005
EVO-001971,OPP-000836,contactado,2025-04-14,VEN-005
EVO-001972,OPP-000837,lead,2025-04-14,VEN-005
EVO-001973,OPP-000837,contactado,2025-04-14,VEN-005
EVO-001974,OPP-000844,lead,2025-04-14,VEN-005
EVO-001975,OPP-000844,contactado,2025-04-14,VEN-005
EVO-001976,OPP-000845,lead,2025-04-14,VEN-011
EVO-001977,OPP-000845,contactado,2025-04-14,VEN-011
EVO-001978,OPP-000770,propuesta,2025-04-15,VEN-003
EVO-001979,OPP-000777,cierre,2025-04-15,VEN-010
EVO-001980,OPP-000820,lead,2025-04-15,VEN-003
EVO-001981,OPP-000825,lead,2025-04-15,VEN-006
EVO-001982,OPP-000825,contactado,2025-04-15,VEN-006
EVO-001983,OPP-000829,lead,2025-04-15,VEN-011
EVO-001984,OPP-000843,lead,2025-04-15,VEN-006
EVO-001985,OPP-000848,lead,2025-04-15,VEN-001
EVO-001986,OPP-000853,lead,2025-04-15,VEN-002
EVO-001987,OPP-000854,lead,2025-04-15,VEN-009
EVO-001988,OPP-000854,contactado,2025-04-15,VEN-009
EVO-001989,OPP-000774,calificado,2025-04-16,VEN-004
EVO-001990,OPP-000813,lead,2025-04-16,VEN-008
EVO-001991,OPP-000819,lead,2025-04-16,VEN-006
EVO-001992,OPP-000821,lead,2025-04-16,VEN-006
EVO-001993,OPP-000824,lead,2025-04-16,VEN-006
EVO-001994,OPP-000825,calificado,2025-04-16,VEN-006
EVO-001995,OPP-000827,contactado,2025-04-16,VEN-012
EVO-001996,OPP-000828,lead,2025-04-16,VEN-004
EVO-001997,OPP-000830,lead,2025-04-16,VEN-009
EVO-001998,OPP-000832,lead,2025-04-16,VEN-001
EVO-001999,OPP-000832,contactado,2025-04-16,VEN-001
EVO-002000,OPP-000850,lead,2025-04-16,VEN-003
EVO-002001,OPP-000854,calificado,2025-04-16,VEN-009
EVO-002002,OPP-000779,propuesta,2025-04-17,VEN-009
EVO-002003,OPP-000807,lead,2025-04-17,VEN-009
EVO-002004,OPP-000808,lead,2025-04-17,VEN-011
EVO-002005,OPP-000809,lead,2025-04-17,VEN-012
EVO-002006,OPP-000811,lead,2025-04-17,VEN-003
EVO-002007,OPP-000812,lead,2025-04-17,VEN-001
EVO-002008,OPP-000813,contactado,2025-04-17,VEN-008
EVO-002009,OPP-000814,lead,2025-04-17,VEN-002
EVO-002010,OPP-000816,lead,2025-04-17,VEN-012
EVO-002011,OPP-000817,lead,2025-04-17,VEN-004
EVO-002012,OPP-000822,lead,2025-04-17,VEN-004
EVO-002013,OPP-000823,lead,2025-04-17,VEN-004
EVO-002014,OPP-000823,contactado,2025-04-17,VEN-004
EVO-002015,OPP-000828,contactado,2025-04-17,VEN-004
EVO-002016,OPP-000833,lead,2025-04-17,VEN-009
EVO-002017,OPP-000836,calificado,2025-04-17,VEN-005
EVO-002018,OPP-000839,lead,2025-04-17,VEN-011
EVO-002019,OPP-000840,lead,2025-04-17,VEN-005
EVO-002020,OPP-000841,lead,2025-04-17,VEN-001
EVO-002021,OPP-000842,lead,2025-04-17,VEN-007
EVO-002022,OPP-000842,contactado,2025-04-17,VEN-007
EVO-002023,OPP-000845,calificado,2025-04-17,VEN-011
EVO-002024,OPP-000845,propuesta,2025-04-17,VEN-011
EVO-002025,OPP-000846,lead,2025-04-17,VEN-007
EVO-002026,OPP-000853,contactado,2025-04-17,VEN-002
EVO-002027,OPP-000854,propuesta,2025-04-17,VEN-009
EVO-002028,OPP-000854,cierre,2025-04-17,VEN-009
EVO-002029,OPP-000810,lead,2025-04-18,VEN-012
EVO-002030,OPP-000815,lead,2025-04-18,VEN-003
EVO-002031,OPP-000818,lead,2025-04-18,VEN-010
EVO-002032,OPP-000819,contactado,2025-04-18,VEN-006
EVO-002033,OPP-000826,lead,2025-04-18,VEN-008
EVO-002034,OPP-000829,contactado,2025-04-18,VEN-011
EVO-002035,OPP-000831,lead,2025-04-18,VEN-008
EVO-002036,OPP-000835,lead,2025-04-18,VEN-004
EVO-002037,OPP-000838,lead,2025-04-18,VEN-010
EVO-002038,OPP-000841,contactado,2025-04-18,VEN-001
EVO-002039,OPP-000846,contactado,2025-04-18,VEN-007
EVO-002040,OPP-000847,lead,2025-04-18,VEN-001
EVO-002041,OPP-000847,contactado,2025-04-18,VEN-001
EVO-002042,OPP-000849,lead,2025-04-18,VEN-004
EVO-002043,OPP-000851,lead,2025-04-18,VEN-003
EVO-002044,OPP-000852,lead,2025-04-18,VEN-011
EVO-002045,OPP-000774,propuesta,2025-04-19,VEN-004
EVO-002046,OPP-000774,cierre,2025-04-19,VEN-004
EVO-002047,OPP-000807,contactado,2025-04-19,VEN-009
EVO-002048,OPP-000808,contactado,2025-04-19,VEN-011
EVO-002049,OPP-000809,contactado,2025-04-19,VEN-012
EVO-002050,OPP-000821,contactado,2025-04-19,VEN-006
EVO-002051,OPP-000825,propuesta,2025-04-19,VEN-006
EVO-002052,OPP-000832,calificado,2025-04-19,VEN-001
EVO-002053,OPP-000833,contactado,2025-04-19,VEN-009
EVO-002054,OPP-000839,contactado,2025-04-19,VEN-011
EVO-002055,OPP-000840,contactado,2025-04-19,VEN-005
EVO-002056,OPP-000851,contactado,2025-04-19,VEN-003
EVO-002057,OPP-000812,contactado,2025-04-20,VEN-001
EVO-002058,OPP-000817,contactado,2025-04-20,VEN-004
EVO-002059,OPP-000833,calificado,2025-04-20,VEN-009
EVO-002060,OPP-000841,calificado,2025-04-20,VEN-001
EVO-002061,OPP-000845,cierre,2025-04-20,VEN-011
EVO-002062,OPP-000852,contactado,2025-04-20,VEN-011
EVO-002063,OPP-000852,calificado,2025-04-20,VEN-011
EVO-002064,OPP-000809,calificado,2025-04-21,VEN-012
EVO-002065,OPP-000809,propuesta,2025-04-21,VEN-012
EVO-002066,OPP-000818,contactado,2025-04-21,VEN-010
EVO-002067,OPP-000819,calificado,2025-04-21,VEN-006
EVO-002068,OPP-000826,contactado,2025-04-21,VEN-008
EVO-002069,OPP-000858,lead,2025-04-21,VEN-003
EVO-002070,OPP-000863,lead,2025-04-21,VEN-001
EVO-002071,OPP-000883,lead,2025-04-21,VEN-004
EVO-002072,OPP-000883,contactado,2025-04-21,VEN-004
EVO-002073,OPP-000883,calificado,2025-04-21,VEN-004
EVO-002074,OPP-000883,propuesta,2025-04-21,VEN-004
EVO-002075,OPP-000883,cierre,2025-04-21,VEN-004
EVO-002076,OPP-000889,lead,2025-04-21,VEN-008
EVO-002077,OPP-000897,lead,2025-04-21,VEN-012
EVO-002078,OPP-000897,contactado,2025-04-21,VEN-012
EVO-002079,OPP-000898,lead,2025-04-21,VEN-009
EVO-002080,OPP-000902,lead,2025-04-21,VEN-001
EVO-002081,OPP-000902,contactado,2025-04-21,VEN-001
EVO-002082,OPP-000903,lead,2025-04-21,VEN-003
EVO-002083,OPP-000808,calificado,2025-04-22,VEN-011
EVO-002084,OPP-000818,calificado,2025-04-22,VEN-010
EVO-002085,OPP-000852,propuesta,2025-04-22,VEN-011
EVO-002086,OPP-000858,contactado,2025-04-22,VEN-003
EVO-002087,OPP-000859,lead,2025-04-22,VEN-005
EVO-002088,OPP-000860,lead,2025-04-22,VEN-010
EVO-002089,OPP-000861,lead,2025-04-22,VEN-003
EVO-002090,OPP-000866,lead,2025-04-22,VEN-003
EVO-002091,OPP-000869,lead,2025-04-22,VEN-005
EVO-002092,OPP-000869,contactado,2025-04-22,VEN-005
EVO-002093,OPP-000875,lead,2025-04-22,VEN-003
EVO-002094,OPP-000882,lead,2025-04-22,VEN-008
EVO-002095,OPP-000886,lead,2025-04-22,VEN-003
EVO-002096,OPP-000887,lead,2025-04-22,VEN-005
EVO-002097,OPP-000889,contactado,2025-04-22,VEN-008
EVO-002098,OPP-000891,lead,2025-04-22,VEN-007
EVO-002099,OPP-000892,lead,2025-04-22,VEN-006
EVO-002100,OPP-000895,lead,2025-04-22,VEN-001
EVO-002101,OPP-000897,calificado,2025-04-22,VEN-012
EVO-002102,OPP-000898,contactado,2025-04-22,VEN-009
EVO-002103,OPP-000907,lead,2025-04-22,VEN-008
EVO-002104,OPP-000826,calificado,2025-04-23,VEN-008
EVO-002105,OPP-000855,lead,2025-04-23,VEN-002
EVO-002106,OPP-000861,contactado,2025-04-23,VEN-003
EVO-002107,OPP-000863,contactado,2025-04-23,VEN-001
EVO-002108,OPP-000865,lead,2025-04-23,VEN-005
EVO-002109,OPP-000870,lead,2025-04-23,VEN-005
EVO-002110,OPP-000871,lead,2025-04-23,VEN-002
EVO-002111,OPP-000873,lead,2025-04-23,VEN-009
EVO-002112,OPP-000873,contactado,2025-04-23,VEN-009
EVO-002113,OPP-000882,contactado,2025-04-23,VEN-008
EVO-002114,OPP-000884,lead,2025-04-23,VEN-007
EVO-002115,OPP-000889,calificado,2025-04-23,VEN-008
EVO-002116,OPP-000893,lead,2025-04-23,VEN-006
EVO-002117,OPP-000893,contactado,2025-04-23,VEN-006
EVO-002118,OPP-000896,lead,2025-04-23,VEN-003
EVO-002119,OPP-000901,lead,2025-04-23,VEN-008
EVO-002120,OPP-000906,lead,2025-04-23,VEN-010
EVO-002121,OPP-000908,lead,2025-04-23,VEN-005
EVO-002122,OPP-000908,contactado,2025-04-23,VEN-005
EVO-002123,OPP-000808,propuesta,2025-04-24,VEN-011
EVO-002124,OPP-000818,propuesta,2025-04-24,VEN-010
EVO-002125,OPP-000819,propuesta,2025-04-24,VEN-006
EVO-002126,OPP-000855,contactado,2025-04-24,VEN-002
EVO-002127,OPP-000856,lead,2025-04-24,VEN-004
EVO-002128,OPP-000857,lead,2025-04-24,VEN-010
EVO-002129,OPP-000864,lead,2025-04-24,VEN-008
EVO-002130,OPP-000864,contactado,2025-04-24,VEN-008
EVO-002131,OPP-000868,lead,2025-04-24,VEN-002
EVO-002132,OPP-000872,lead,2025-04-24,VEN-012
EVO-002133,OPP-000874,lead,2025-04-24,VEN-003
EVO-002134,OPP-000878,lead,2025-04-24,VEN-007
EVO-002135,OPP-000879,lead,2025-04-24,VEN-012
EVO-002136,OPP-000879,contactado,2025-04-24,VEN-012
EVO-002137,OPP-000881,lead,2025-04-24,VEN-005
EVO-002138,OPP-000884,contactado,2025-04-24,VEN-007
EVO-002139,OPP-000884,calificado,2025-04-24,VEN-007
EVO-002140,OPP-000885,lead,2025-04-24,VEN-004
EVO-002141,OPP-000890,lead,2025-04-24,VEN-002
EVO-002142,OPP-000892,contactado,2025-04-24,VEN-006
EVO-002143,OPP-000894,lead,2025-04-24,VEN-009
EVO-002144,OPP-000894,contactado,2025-04-24,VEN-009
EVO-002145,OPP-000896,contactado,2025-04-24,VEN-003
EVO-002146,OPP-000896,calificado,2025-04-24,VEN-003
EVO-002147,OPP-000896,propuesta,2025-04-24,VEN-003
EVO-002148,OPP-000900,lead,2025-04-24,VEN-009
EVO-002149,OPP-000903,contactado,2025-04-24,VEN-003
EVO-002150,OPP-000903,calificado,2025-04-24,VEN-003
EVO-002151,OPP-000904,lead,2025-04-24,VEN-008
EVO-002152,OPP-000904,contactado,2025-04-24,VEN-008
EVO-002153,OPP-000907,contactado,2025-04-24,VEN-008
EVO-002154,OPP-000855,calificado,2025-04-25,VEN-002
EVO-002155,OPP-000859,contactado,2025-04-25,VEN-005
EVO-002156,OPP-000860,contactado,2025-04-25,VEN-010
EVO-002157,OPP-000861,calificado,2025-04-25,VEN-003
EVO-002158,OPP-000862,lead,2025-04-25,VEN-008
EVO-002159,OPP-000863,calificado,2025-04-25,VEN-001
EVO-002160,OPP-000866,contactado,2025-04-25,VEN-003
EVO-002161,OPP-000867,lead,2025-04-25,VEN-009
EVO-002162,OPP-000870,contactado,2025-04-25,VEN-005
EVO-002163,OPP-000875,contactado,2025-04-25,VEN-003
EVO-002164,OPP-000876,lead,2025-04-25,VEN-006
EVO-002165,OPP-000877,lead,2025-04-25,VEN-004
EVO-002166,OPP-000877,contactado,2025-04-25,VEN-004
EVO-002167,OPP-000880,lead,2025-04-25,VEN-007
EVO-002168,OPP-000888,lead,2025-04-25,VEN-005
EVO-002169,OPP-000890,contactado,2025-04-25,VEN-002
EVO-002170,OPP-000897,propuesta,2025-04-25,VEN-012
EVO-002171,OPP-000899,lead,2025-04-25,VEN-008
EVO-002172,OPP-000900,contactado,2025-04-25,VEN-009
EVO-002173,OPP-000900,calificado,2025-04-25,VEN-009
EVO-002174,OPP-000903,propuesta,2025-04-25,VEN-003
EVO-002175,OPP-000905,lead,2025-04-25,VEN-006
EVO-002176,OPP-000905,contactado,2025-04-25,VEN-006
EVO-002177,OPP-000905,calificado,2025-04-25,VEN-006
EVO-002178,OPP-000906,contactado,2025-04-25,VEN-010
EVO-002179,OPP-000855,propuesta,2025-04-26,VEN-002
EVO-002180,OPP-000857,contactado,2025-04-26,VEN-010
EVO-002181,OPP-000861,propuesta,2025-04-26,VEN-003
EVO-002182,OPP-000871,contactado,2025-04-26,VEN-002
EVO-002183,OPP-000872,contactado,2025-04-26,VEN-012
EVO-002184,OPP-000878,contactado,2025-04-26,VEN-007
EVO-002185,OPP-000880,contactado,2025-04-26,VEN-007
EVO-002186,OPP-000881,contactado,2025-04-26,VEN-005
EVO-002187,OPP-000884,propuesta,2025-04-26,VEN-007
EVO-002188,OPP-000885,contactado,2025-04-26,VEN-004
EVO-002189,OPP-000885,calificado,2025-04-26,VEN-004
EVO-002190,OPP-000888,contactado,2025-04-26,VEN-005
EVO-002191,OPP-000889,propuesta,2025-04-26,VEN-008
EVO-002192,OPP-000892,calificado,2025-04-26,VEN-006
EVO-002193,OPP-000894,calificado,2025-04-26,VEN-009
EVO-002194,OPP-000894,propuesta,2025-04-26,VEN-009
EVO-002195,OPP-000899,contactado,2025-04-26,VEN-008
EVO-002196,OPP-000901,contactado,2025-04-26,VEN-008
EVO-002197,OPP-000907,calificado,2025-04-26,VEN-008
EVO-002198,OPP-000856,contactado,2025-04-27,VEN-004
EVO-002199,OPP-000859,calificado,2025-04-27,VEN-005
EVO-002200,OPP-000867,contactado,2025-04-27,VEN-009
EVO-002201,OPP-000868,contactado,2025-04-27,VEN-002
EVO-002202,OPP-000868,calificado,2025-04-27,VEN-002
EVO-002203,OPP-000874,contactado,2025-04-27,VEN-003
EVO-002204,OPP-000880,calificado,2025-04-27,VEN-007
EVO-002205,OPP-000888,calificado,2025-04-27,VEN-005
EVO-002206,OPP-000890,calificado,2025-04-27,VEN-002
EVO-002207,OPP-000894,cierre,2025-04-27,VEN-009
EVO-002208,OPP-000896,cierre,2025-04-27,VEN-003
EVO-002209,OPP-000899,calificado,2025-04-27,VEN-008
EVO-002210,OPP-000905,propuesta,2025-04-27,VEN-006
EVO-002211,OPP-000907,propuesta,2025-04-27,VEN-008
EVO-002212,OPP-000856,calificado,2025-04-28,VEN-004
EVO-002213,OPP-000863,propuesta,2025-04-28,VEN-001
EVO-002214,OPP-000866,calificado,2025-04-28,VEN-003
EVO-002215,OPP-000867,calificado,2025-04-28,VEN-009
EVO-002216,OPP-000871,calificado,2025-04-28,VEN-002
EVO-002217,OPP-000899,propuesta,2025-04-28,VEN-008
EVO-002218,OPP-000901,calificado,2025-04-28,VEN-008
EVO-002219,OPP-000928,lead,2025-04-28,VEN-010
EVO-002220,OPP-000936,lead,2025-04-28,VEN-010
EVO-002221,OPP-000938,lead,2025-04-28,VEN-012
EVO-002222,OPP-000941,lead,2025-04-28,VEN-006
EVO-002223,OPP-000951,lead,2025-04-28,VEN-006
EVO-002224,OPP-000952,lead,2025-04-28,VEN-006
EVO-002225,OPP-000953,lead,2025-04-28,VEN-005
EVO-002226,OPP-000956,lead,2025-04-28,VEN-006
EVO-002227,OPP-000956,contactado,2025-04-28,VEN-006
EVO-002228,OPP-000965,lead,2025-04-28,VEN-011
EVO-002229,OPP-000968,lead,2025-04-28,VEN-006
EVO-002230,OPP-000856,propuesta,2025-04-29,VEN-004
EVO-002231,OPP-000857,calificado,2025-04-29,VEN-010
EVO-002232,OPP-000859,propuesta,2025-04-29,VEN-005
EVO-002233,OPP-000866,propuesta,2025-04-29,VEN-003
EVO-002234,OPP-000872,calificado,2025-04-29,VEN-012
EVO-002235,OPP-000880,propuesta,2025-04-29,VEN-007
EVO-002236,OPP-000880,cierre,2025-04-29,VEN-007
EVO-002237,OPP-000911,lead,2025-04-29,VEN-001
EVO-002238,OPP-000912,lead,2025-04-29,VEN-003
EVO-002239,OPP-000912,contactado,2025-04-29,VEN-003
EVO-002240,OPP-000917,lead,2025-04-29,VEN-009
EVO-002241,OPP-000920,lead,2025-04-29,VEN-004
EVO-002242,OPP-000925,lead,2025-04-29,VEN-006
EVO-002243,OPP-000927,lead,2025-04-29,VEN-008
EVO-002244,OPP-000929,lead,2025-04-29,VEN-005
EVO-002245,OPP-000929,contactado,2025-04-29,VEN-005
EVO-002246,OPP-000939,lead,2025-04-29,VEN-003
EVO-002247,OPP-000940,lead,2025-04-29,VEN-002
EVO-002248,OPP-000942,lead,2025-04-29,VEN-001
EVO-002249,OPP-000943,lead,2025-04-29,VEN-001
EVO-002250,OPP-000943,contactado,2025-04-29,VEN-001
EVO-002251,OPP-000944,lead,2025-04-29,VEN-011
EVO-002252,OPP-000946,lead,2025-04-29,VEN-003
EVO-002253,OPP-000954,lead,2025-04-29,VEN-008
EVO-002254,OPP-000964,lead,2025-04-29,VEN-004
EVO-002255,OPP-000867,propuesta,2025-04-30,VEN-009
EVO-002256,OPP-000871,propuesta,2025-04-30,VEN-002
EVO-002257,OPP-000910,lead,2025-04-30,VEN-002
EVO-002258,OPP-000912,calificado,2025-04-30,VEN-003
EVO-002259,OPP-000914,lead,2025-04-30,VEN-004
EVO-002260,OPP-000916,lead,2025-04-30,VEN-005
EVO-002261,OPP-000920,contactado,2025-04-30,VEN-004
EVO-002262,OPP-000920,calificado,2025-04-30,VEN-004
EVO-002263,OPP-000931,lead,2025-04-30,VEN-008
EVO-002264,OPP-000941,contactado,2025-04-30,VEN-006
EVO-002265,OPP-000945,lead,2025-04-30,VEN-011
EVO-002266,OPP-000956,calificado,2025-04-30,VEN-006
EVO-002267,OPP-000959,lead,2025-04-30,VEN-009
EVO-002268,OPP-000960,lead,2025-04-30,VEN-009
EVO-002269,OPP-000965,contactado,2025-04-30,VEN-011
EVO-002270,OPP-000965,calificado,2025-04-30,VEN-011
EVO-002271,OPP-000966,lead,2025-04-30,VEN-010
EVO-002272,OPP-000967,lead,2025-04-30,VEN-009
EVO-002273,OPP-000901,propuesta,2025-05-01,VEN-008
EVO-002274,OPP-000910,contactado,2025-05-01,VEN-002
EVO-002275,OPP-000911,contactado,2025-05-01,VEN-001
EVO-002276,OPP-000911,calificado,2025-05-01,VEN-001
EVO-002277,OPP-000913,lead,2025-05-01,VEN-009
EVO-002278,OPP-000918,lead,2025-05-01,VEN-004
EVO-002279,OPP-000919,lead,2025-05-01,VEN-003
EVO-002280,OPP-000921,lead,2025-05-01,VEN-007
EVO-002281,OPP-000923,lead,2025-05-01,VEN-001
EVO-002282,OPP-000928,contactado,2025-05-01,VEN-010
EVO-002283,OPP-000931,contactado,2025-05-01,VEN-008
EVO-002284,OPP-000931,calificado,2025-05-01,VEN-008
EVO-002285,OPP-000932,lead,2025-05-01,VEN-007
EVO-002286,OPP-000934,lead,2025-05-01,VEN-006
EVO-002287,OPP-000936,contactado,2025-05-01,VEN-010
EVO-002288,OPP-000937,lead,2025-05-01,VEN-001
EVO-002289,OPP-000940,contactado,2025-05-01,VEN-002
EVO-002290,OPP-000942,contactado,2025-05-01,VEN-001
EVO-002291,OPP-000944,contactado,2025-05-01,VEN-011
EVO-002292,OPP-000947,lead,2025-05-01,VEN-008
EVO-002293,OPP-000948,lead,2025-05-01,VEN-004
EVO-002294,OPP-000949,lead,2025-05-01,VEN-007
EVO-002295,OPP-000950,lead,2025-05-01,VEN-006
EVO-002296,OPP-000950,contactado,2025-05-01,VEN-006
EVO-002297,OPP-000952,contactado,2025-05-01,VEN-006
EVO-002298,OPP-000955,lead,2025-05-01,VEN-012
EVO-002299,OPP-000956,propuesta,2025-05-01,VEN-006
EVO-002300,OPP-000956,cierre,2025-05-01,VEN-006
EVO-002301,OPP-000960,contactado,2025-05-01,VEN-009
EVO-002302,OPP-000960,calificado,2025-05-01,VEN-009
EVO-002303,OPP-000857,propuesta,2025-05-02,VEN-010
EVO-002304,OPP-000872,propuesta,2025-05-02,VEN-012
EVO-002305,OPP-000909,lead,2025-05-02,VEN-007
EVO-002306,OPP-000914,contactado,2025-05-02,VEN-004
EVO-002307,OPP-000914,calificado,2025-05-02,VEN-004
EVO-002308,OPP-000915,lead,2025-05-02,VEN-004
EVO-002309,OPP-000915,contactado,2025-05-02,VEN-004
EVO-002310,OPP-000917,contactado,2025-05-02,VEN-009
EVO-002311,OPP-000919,contactado,2025-05-02,VEN-003
EVO-002312,OPP-000921,contactado,2025-05-02,VEN-007
EVO-002313,OPP-000921,calificado,2025-05-02,VEN-007
EVO-002314,OPP-000922,lead,2025-05-02,VEN-011
EVO-002315,OPP-000924,lead,2025-05-02,VEN-004
EVO-002316,OPP-000926,lead,2025-05-02,VEN-006
EVO-002317,OPP-000930,lead,2025-05-02,VEN-003
EVO-002318,OPP-000930,contactado,2025-05-02,VEN-003
EVO-002319,OPP-000932,contactado,2025-05-02,VEN-007
EVO-002320,OPP-000933,lead,2025-05-02,VEN-011
EVO-002321,OPP-000934,contactado,2025-05-02,VEN-006
EVO-002322,OPP-000935,lead,2025-05-02,VEN-005
EVO-002323,OPP-000940,calificado,2025-05-02,VEN-002
EVO-002324,OPP-000940,propuesta,2025-05-02,VEN-002
EVO-002325,OPP-000946,contactado,2025-05-02,VEN-003
EVO-002326,OPP-000948,contactado,2025-05-02,VEN-004
EVO-002327,OPP-000949,contactado,2025-05-02,VEN-007
EVO-002328,OPP-000950,calificado,2025-05-02,VEN-006
EVO-002329,OPP-000952,calificado,2025-05-02,VEN-006
EVO-002330,OPP-000955,contactado,2025-05-02,VEN-012
EVO-002331,OPP-000957,lead,2025-05-02,VEN-003
EVO-002332,OPP-000958,lead,2025-05-02,VEN-006
EVO-002333,OPP-000961,lead,2025-05-02,VEN-001
EVO-002334,OPP-000962,lead,2025-05-02,VEN-008
EVO-002335,OPP-000963,lead,2025-05-02,VEN-005
EVO-002336,OPP-000964,contactado,2025-05-02,VEN-004
EVO-002337,OPP-000857,cierre,2025-05-03,VEN-010
EVO-002338,OPP-000910,calificado,2025-05-03,VEN-002
EVO-002339,OPP-000912,propuesta,2025-05-03,VEN-003
EVO-002340,OPP-000913,contactado,2025-05-03,VEN-009
EVO-002341,OPP-000915,calificado,2025-05-03,VEN-004
EVO-002342,OPP-000917,calificado,2025-05-03,VEN-009
EVO-002343,OPP-000918,contactado,2025-05-03,VEN-004
EVO-002344,OPP-000926,contactado,2025-05-03,VEN-006
EVO-002345,OPP-000933,contactado,2025-05-03,VEN-011
EVO-002346,OPP-000935,contactado,2025-05-03,VEN-005
EVO-002347,OPP-000945,contactado,2025-05-03,VEN-011
EVO-002348,OPP-000952,propuesta,2025-05-03,VEN-006
EVO-002349,OPP-000957,contactado,2025-05-03,VEN-003
EVO-002350,OPP-000958,contactado,2025-05-03,VEN-006
EVO-002351,OPP-000959,contactado,2025-05-03,VEN-009
EVO-002352,OPP-000965,propuesta,2025-05-03,VEN-011
EVO-002353,OPP-000966,contactado,2025-05-03,VEN-010
EVO-002354,OPP-000914,propuesta,2025-05-04,VEN-004
EVO-002355,OPP-000919,calificado,2025-05-04,VEN-003
EVO-002356,OPP-000924,contactado,2025-05-04,VEN-004
EVO-002357,OPP-000931,propuesta,2025-05-04,VEN-008
EVO-002358,OPP-000944,calificado,2025-05-04,VEN-011
EVO-002359,OPP-000945,calificado,2025-05-04,VEN-011
EVO-002360,OPP-000946,calificado,2025-05-04,VEN-003
EVO-002361,OPP-000947,contactado,2025-05-04,VEN-008
EVO-002362,OPP-000961,contactado,2025-05-04,VEN-001
EVO-002363,OPP-000912,cierre,2025-05-05,VEN-003
EVO-002364,OPP-000922,contactado,2025-05-05,VEN-011
EVO-002365,OPP-000950,propuesta,2025-05-05,VEN-006
EVO-002366,OPP-000952,cierre,2025-05-05,VEN-006
EVO-002367,OPP-000963,contactado,2025-05-05,VEN-005
EVO-002368,OPP-000963,calificado,2025-05-05,VEN-005
EVO-002369,OPP-000964,calificado,2025-05-05,VEN-004
EVO-002370,OPP-000977,lead,2025-05-05,VEN-009
EVO-002371,OPP-000982,lead,2025-05-05,VEN-008
EVO-002372,OPP-000996,lead,2025-05-05,VEN-002
EVO-002373,OPP-001004,lead,2025-05-05,VEN-009
EVO-002374,OPP-001006,lead,2025-05-05,VEN-009
EVO-002375,OPP-000910,propuesta,2025-05-06,VEN-002
EVO-002376,OPP-000910,cierre,2025-05-06,VEN-002
EVO-002377,OPP-000926,calificado,2025-05-06,VEN-006
EVO-002378,OPP-000933,calificado,2025-05-06,VEN-011
EVO-002379,OPP-000944,propuesta,2025-05-06,VEN-011
EVO-002380,OPP-000965,cierre,2025-05-06,VEN-011
EVO-002381,OPP-000966,calificado,2025-05-06,VEN-010
EVO-002382,OPP-000972,lead,2025-05-06,VEN-002
EVO-002383,OPP-000975,lead,2025-05-06,VEN-003
EVO-002384,OPP-000979,lead,2025-05-06,VEN-003
EVO-002385,OPP-000985,lead,2025-05-06,VEN-001
EVO-002386,OPP-000986,lead,2025-05-06,VEN-008
EVO-002387,OPP-000986,contactado,2025-05-06,VEN-008
EVO-002388,OPP-000987,lead,2025-05-06,VEN-010
EVO-002389,OPP-000989,lead,2025-05-06,VEN-004
EVO-002390,OPP-000990,lead,2025-05-06,VEN-006
EVO-002391,OPP-000996,contactado,2025-05-06,VEN-002
EVO-002392,OPP-000998,lead,2025-05-06,VEN-011
EVO-002393,OPP-000999,lead,2025-05-06,VEN-004
EVO-002394,OPP-001000,lead,2025-05-06,VEN-012
EVO-002395,OPP-001002,lead,2025-05-06,VEN-012
EVO-002396,OPP-001003,lead,2025-05-06,VEN-002
EVO-002397,OPP-001005,lead,2025-05-06,VEN-008
EVO-002398,OPP-001005,contactado,2025-05-06,VEN-008
EVO-002399,OPP-001005,calificado,2025-05-06,VEN-008
EVO-002400,OPP-001010,lead,2025-05-06,VEN-009
EVO-002401,OPP-001015,lead,2025-05-06,VEN-003
EVO-002402,OPP-000924,calificado,2025-05-07,VEN-004
EVO-002403,OPP-000933,propuesta,2025-05-07,VEN-011
EVO-002404,OPP-000933,cierre,2025-05-07,VEN-011
EVO-002405,OPP-000945,propuesta,2025-05-07,VEN-011
EVO-002406,OPP-000946,propuesta,2025-05-07,VEN-003
EVO-002407,OPP-000950,cierre,2025-05-07,VEN-006
EVO-002408,OPP-000961,calificado,2025-05-07,VEN-001
EVO-002409,OPP-000964,propuesta,2025-05-07,VEN-004
EVO-002410,OPP-000971,lead,2025-05-07,VEN-001
EVO-002411,OPP-000971,contactado,2025-05-07,VEN-001
EVO-002412,OPP-000973,lead,2025-05-07,VEN-012
EVO-002413,OPP-000973,contactado,2025-05-07,VEN-012
EVO-002414,OPP-000978,lead,2025-05-07,VEN-011
EVO-002415,OPP-000981,lead,2025-05-07,VEN-009
EVO-002416,OPP-000984,lead,2025-05-07,VEN-009
EVO-002417,OPP-000985,contactado,2025-05-07,VEN-001
EVO-002418,OPP-000985,calificado,2025-05-07,VEN-001
EVO-002419,OPP-000993,lead,2025-05-07,VEN-009
EVO-002420,OPP-000993,contactado,2025-05-07,VEN-009
EVO-002421,OPP-000994,lead,2025-05-07,VEN-009
EVO-002422,OPP-001006,contactado,2025-05-07,VEN-009
EVO-002423,OPP-001007,lead,2025-05-07,VEN-007
EVO-002424,OPP-001013,lead,2025-05-07,VEN-008
EVO-002425,OPP-001016,lead,2025-05-07,VEN-008
EVO-002426,OPP-001016,contactado,2025-05-07,VEN-008
EVO-002427,OPP-001016,calificado,2025-05-07,VEN-008
EVO-002428,OPP-001018,lead,2025-05-07,VEN-008
EVO-002429,OPP-000969,lead,2025-05-08,VEN-006
EVO-002430,OPP-000970,lead,2025-05-08,VEN-009
EVO-002431,OPP-000974,lead,2025-05-08,VEN-008
EVO-002432,OPP-000978,contactado,2025-05-08,VEN-011
EVO-002433,OPP-000983,lead,2025-05-08,VEN-010
EVO-002434,OPP-000983,contactado,2025-05-08,VEN-010
EVO-002435,OPP-000984,contactado,2025-05-08,VEN-009
EVO-002436,OPP-000986,calificado,2025-05-08,VEN-008
EVO-002437,OPP-000988,lead,2025-05-08,VEN-003
EVO-002438,OPP-000989,contactado,2025-05-08,VEN-004
EVO-002439,OPP-000991,lead,2025-05-08,VEN-008
EVO-002440,OPP-000999,contactado,2025-05-08,VEN-004
EVO-002441,OPP-001003,contactado,2025-05-08,VEN-002
EVO-002442,OPP-001004,contactado,2025-05-08,VEN-009
EVO-002443,OPP-001006,calificado,2025-05-08,VEN-009
EVO-002444,OPP-001007,contactado,2025-05-08,VEN-007
EVO-002445,OPP-001008,lead,2025-05-08,VEN-004
EVO-002446,OPP-001011,lead,2025-05-08,VEN-007
EVO-002447,OPP-001015,contactado,2025-05-08,VEN-003
EVO-002448,OPP-000964,cierre,2025-05-09,VEN-004
EVO-002449,OPP-000966,propuesta,2025-05-09,VEN-010
EVO-002450,OPP-000971,calificado,2025-05-09,VEN-001
EVO-002451,OPP-000974,contactado,2025-05-09,VEN-008
EVO-002452,OPP-000976,lead,2025-05-09,VEN-002
EVO-002453,OPP-000978,calificado,2025-05-09,VEN-011
EVO-002454,OPP-000979,contactado,2025-05-09,VEN-003
EVO-002455,OPP-000980,lead,2025-05-09,VEN-008
EVO-002456,OPP-000989,calificado,2025-05-09,VEN-004
EVO-002457,OPP-000990,contactado,2025-05-09,VEN-006
EVO-002458,OPP-000992,lead,2025-05-09,VEN-008
EVO-002459,OPP-000992,contactado,2025-05-09,VEN-008
EVO-002460,OPP-000995,lead,2025-05-09,VEN-011
EVO-002461,OPP-000997,lead,2025-05-09,VEN-009
EVO-002462,OPP-000998,contactado,2025-05-09,VEN-011
EVO-002463,OPP-000998,calificado,2025-05-09,VEN-011
EVO-002464,OPP-000999,calificado,2025-05-09,VEN-004
EVO-002465,OPP-001000,contactado,2025-05-09,VEN-012
EVO-002466,OPP-001001,lead,2025-05-09,VEN-005
EVO-002467,OPP-001001,contactado,2025-05-09,VEN-005
EVO-002468,OPP-001007,calificado,2025-05-09,VEN-007
EVO-002469,OPP-001009,lead,2025-05-09,VEN-007
EVO-002470,OPP-001012,lead,2025-05-09,VEN-005
EVO-002471,OPP-001013,contactado,2025-05-09,VEN-008
EVO-002472,OPP-001014,lead,2025-05-09,VEN-008
EVO-002473,OPP-001014,contactado,2025-05-09,VEN-008
EVO-002474,OPP-001015,calificado,2025-05-09,VEN-003
EVO-002475,OPP-001017,lead,2025-05-09,VEN-006
EVO-002476,OPP-001018,contactado,2025-05-09,VEN-008
EVO-002477,OPP-000924,propuesta,2025-05-10,VEN-004
EVO-002478,OPP-000961,propuesta,2025-05-10,VEN-001
EVO-002479,OPP-000970,contactado,2025-05-10,VEN-009
EVO-002480,OPP-000974,calificado,2025-05-10,VEN-008
EVO-002481,OPP-000976,contactado,2025-05-10,VEN-002
EVO-002482,OPP-000981,contactado,2025-05-10,VEN-009
EVO-002483,OPP-001006,propuesta,2025-05-10,VEN-009
EVO-002484,OPP-001009,contactado,2025-05-10,VEN-007
EVO-002485,OPP-001018,calificado,2025-05-10,VEN-008
EVO-002486,OPP-000961,cierre,2025-05-11,VEN-001
EVO-002487,OPP-000979,calificado,2025-05-11,VEN-003
EVO-002488,OPP-000988,contactado,2025-05-11,VEN-003
EVO-002489,OPP-000990,calificado,2025-05-11,VEN-006
EVO-002490,OPP-000991,contactado,2025-05-11,VEN-008
EVO-002491,OPP-000997,contactado,2025-05-11,VEN-009
EVO-002492,OPP-001001,calificado,2025-05-11,VEN-005
EVO-002493,OPP-001008,contactado,2025-05-11,VEN-004
EVO-002494,OPP-001008,calificado,2025-05-11,VEN-004
EVO-002495,OPP-001011,contactado,2025-05-11,VEN-007
EVO-002496,OPP-001015,propuesta,2025-05-11,VEN-003
EVO-002497,OPP-001017,contactado,2025-05-11,VEN-006
EVO-002498,OPP-000978,propuesta,2025-05-12,VEN-011
EVO-002499,OPP-000980,contactado,2025-05-12,VEN-008
EVO-002500,OPP-000990,propuesta,2025-05-12,VEN-006
EVO-002501,OPP-000991,calificado,2025-05-12,VEN-008
EVO-002502,OPP-000992,calificado,2025-05-12,VEN-008
EVO-002503,OPP-000992,propuesta,2025-05-12,VEN-008
EVO-002504,OPP-000995,contactado,2025-05-12,VEN-011
EVO-002505,OPP-000997,calificado,2025-05-12,VEN-009
EVO-002506,OPP-001007,propuesta,2025-05-12,VEN-007
EVO-002507,OPP-001007,cierre,2025-05-12,VEN-007
EVO-002508,OPP-001017,calificado,2025-05-12,VEN-006
EVO-002509,OPP-001022,lead,2025-05-12,VEN-001
EVO-002510,OPP-001024,lead,2025-05-12,VEN-007
EVO-002511,OPP-001025,lead,2025-05-12,VEN-001
EVO-002512,OPP-001030,lead,2025-05-12,VEN-011
EVO-002513,OPP-001036,lead,2025-05-12,VEN-004
EVO-002514,OPP-001038,lead,2025-05-12,VEN-012
EVO-002515,OPP-001042,lead,2025-05-12,VEN-011
EVO-002516,OPP-001042,contactado,2025-05-12,VEN-011
EVO-002517,OPP-001042,calificado,2025-05-12,VEN-011
EVO-002518,OPP-001042,propuesta,2025-05-12,VEN-011
EVO-002519,OPP-001045,lead,2025-05-12,VEN-003
EVO-002520,OPP-001053,lead,2025-05-12,VEN-010
EVO-002521,OPP-001060,lead,2025-05-12,VEN-003
EVO-002522,OPP-001066,lead,2025-05-12,VEN-004
EVO-002523,OPP-001067,lead,2025-05-12,VEN-001
EVO-002524,OPP-001069,lead,2025-05-12,VEN-002
EVO-002525,OPP-000978,cierre,2025-05-13,VEN-011
EVO-002526,OPP-000981,calificado,2025-05-13,VEN-009
EVO-002527,OPP-000981,propuesta,2025-05-13,VEN-009
EVO-002528,OPP-000995,calificado,2025-05-13,VEN-011
EVO-002529,OPP-001024,contactado,2025-05-13,VEN-007
EVO-002530,OPP-001024,calificado,2025-05-13,VEN-007
EVO-002531,OPP-001025,contactado,2025-05-13,VEN-001
EVO-002532,OPP-001026,lead,2025-05-13,VEN-003
EVO-002533,OPP-001027,lead,2025-05-13,VEN-004
EVO-002534,OPP-001031,lead,2025-05-13,VEN-008
EVO-002535,OPP-001038,contactado,2025-05-13,VEN-012
EVO-002536,OPP-001045,contactado,2025-05-13,VEN-003
EVO-002537,OPP-001048,lead,2025-05-13,VEN-010
EVO-002538,OPP-001051,lead,2025-05-13,VEN-009
EVO-002539,OPP-001052,lead,2025-05-13,VEN-010
EVO-002540,OPP-001058,lead,2025-05-13,VEN-003
EVO-002541,OPP-001066,contactado,2025-05-13,VEN-004
EVO-002542,OPP-000979,propuesta,2025-05-14,VEN-003
EVO-002543,OPP-001008,propuesta,2025-05-14,VEN-004
EVO-002544,OPP-001020,lead,2025-05-14,VEN-003
EVO-002545,OPP-001023,lead,2025-05-14,VEN-008
EVO-002546,OPP-001023,contactado,2025-05-14,VEN-008
EVO-002547,OPP-001023,calificado,2025-05-14,VEN-008
EVO-002548,OPP-001024,propuesta,2025-05-14,VEN-007
EVO-002549,OPP-001030,contactado,2025-05-14,VEN-011
EVO-002550,OPP-001030,calificado,2025-05-14,VEN-011
EVO-002551,OPP-001034,lead,2025-05-14,VEN-006
EVO-002552,OPP-001035,lead,2025-05-14,VEN-005
EVO-002553,OPP-001044,lead,2025-05-14,VEN-003
EVO-002554,OPP-001045,calificado,2025-05-14,VEN-003
EVO-002555,OPP-001046,lead,2025-05-14,VEN-010
EVO-002556,OPP-001047,lead,2025-05-14,VEN-002
EVO-002557,OPP-001055,lead,2025-05-14,VEN-007
EVO-002558,OPP-001059,lead,2025-05-14,VEN-002
EVO-002559,OPP-001060,contactado,2025-05-14,VEN-003
EVO-002560,OPP-001062,lead,2025-05-14,VEN-009
EVO-002561,OPP-001065,lead,2025-05-14,VEN-010
EVO-002562,OPP-001065,contactado,2025-05-14,VEN-010
EVO-002563,OPP-001065,calificado,2025-05-14,VEN-010
EVO-002564,OPP-001065,propuesta,2025-05-14,VEN-010
EVO-002565,OPP-001066,calificado,2025-05-14,VEN-004
EVO-002566,OPP-000991,propuesta,2025-05-15,VEN-008
EVO-002567,OPP-000991,cierre,2025-05-15,VEN-008
EVO-002568,OPP-001022,contactado,2025-05-15,VEN-001
EVO-002569,OPP-001022,calificado,2025-05-15,VEN-001
EVO-002570,OPP-001022,propuesta,2025-05-15,VEN-001
EVO-002571,OPP-001026,contactado,2025-05-15,VEN-003
EVO-002572,OPP-001031,contactado,2025-05-15,VEN-008
EVO-002573,OPP-001032,lead,2025-05-15,VEN-008
EVO-002574,OPP-001032,contactado,2025-05-15,VEN-008
EVO-002575,OPP-001033,lead,2025-05-15,VEN-011
EVO-002576,OPP-001036,contactado,2025-05-15,VEN-004
EVO-002577,OPP-001037,lead,2025-05-15,VEN-003
EVO-002578,OPP-001039,lead,2025-05-15,VEN-003
EVO-002579,OPP-001042,cierre,2025-05-15,VEN-011
EVO-002580,OPP-001043,lead,2025-05-15,VEN-004
EVO-002581,OPP-001043,contactado,2025-05-15,VEN-004
EVO-002582,OPP-001047,contactado,2025-05-15,VEN-002
EVO-002583,OPP-001047,calificado,2025-05-15,VEN-002
EVO-002584,OPP-001050,lead,2025-05-15,VEN-012
EVO-002585,OPP-001051,contactado,2025-05-15,VEN-009
EVO-002586,OPP-001053,contactado,2025-05-15,VEN-010
EVO-002587,OPP-001056,lead,2025-05-15,VEN-001
EVO-002588,OPP-001057,lead,2025-05-15,VEN-010
EVO-002589,OPP-001058,contactado,2025-05-15,VEN-003
EVO-002590,OPP-001063,lead,2025-05-15,VEN-001
EVO-002591,OPP-001064,lead,2025-05-15,VEN-002
EVO-002592,OPP-001065,cierre,2025-05-15,VEN-010
EVO-002593,OPP-001066,propuesta,2025-05-15,VEN-004
EVO-002594,OPP-001067,contactado,2025-05-15,VEN-001
EVO-002595,OPP-001068,lead,2025-05-15,VEN-006
EVO-002596,OPP-001070,lead,2025-05-15,VEN-003
EVO-002597,OPP-000981,cierre,2025-05-16,VEN-009
EVO-002598,OPP-001019,lead,2025-05-16,VEN-011
EVO-002599,OPP-001021,lead,2025-05-16,VEN-006
EVO-002600,OPP-001028,lead,2025-05-16,VEN-002
EVO-002601,OPP-001029,lead,2025-05-16,VEN-007
EVO-002602,OPP-001033,contactado,2025-05-16,VEN-011
EVO-002603,OPP-001033,calificado,2025-05-16,VEN-011
EVO-002604,OPP-001038,calificado,2025-05-16,VEN-012
EVO-002605,OPP-001040,lead,2025-05-16,VEN-006
EVO-002606,OPP-001041,lead,2025-05-16,VEN-002
EVO-002607,OPP-001044,contactado,2025-05-16,VEN-003
EVO-002608,OPP-001044,calificado,2025-05-16,VEN-003
EVO-002609,OPP-001049,lead,2025-05-16,VEN-002
EVO-002610,OPP-001052,contactado,2025-05-16,VEN-010
EVO-002611,OPP-001054,lead,2025-05-16,VEN-010
EVO-002612,OPP-001058,calificado,2025-05-16,VEN-003
EVO-002613,OPP-001061,lead,2025-05-16,VEN-005
EVO-002614,OPP-001061,contactado,2025-05-16,VEN-005
EVO-002615,OPP-001064,contactado,2025-05-16,VEN-002
EVO-002616,OPP-001066,cierre,2025-05-16,VEN-004
EVO-002617,OPP-001037,contactado,2025-05-17,VEN-003
EVO-002618,OPP-001037,calificado,2025-05-17,VEN-003
EVO-002619,OPP-001040,contactado,2025-05-17,VEN-006
EVO-002620,OPP-001040,calificado,2025-05-17,VEN-006
EVO-002621,OPP-001046,contactado,2025-05-17,VEN-010
EVO-002622,OPP-001049,contactado,2025-05-17,VEN-002
EVO-002623,OPP-001055,contactado,2025-05-17,VEN-007
EVO-002624,OPP-001055,calificado,2025-05-17,VEN-007
EVO-002625,OPP-001057,contactado,2025-05-17,VEN-010
EVO-002626,OPP-001057,calificado,2025-05-17,VEN-010
EVO-002627,OPP-001061,calificado,2025-05-17,VEN-005
EVO-002628,OPP-001062,contactado,2025-05-17,VEN-009
EVO-002629,OPP-001063,contactado,2025-05-17,VEN-001
EVO-002630,OPP-001031,calificado,2025-05-18,VEN-008
EVO-002631,OPP-001036,calificado,2025-05-18,VEN-004
EVO-002632,OPP-001036,propuesta,2025-05-18,VEN-004
EVO-002633,OPP-001039,contactado,2025-05-18,VEN-003
EVO-002634,OPP-001043,calificado,2025-05-18,VEN-004
EVO-002635,OPP-001057,propuesta,2025-05-18,VEN-010
EVO-002636,OPP-001021,contactado,2025-05-19,VEN-006
EVO-002637,OPP-001029,contactado,2025-05-19,VEN-007
EVO-002638,OPP-001029,calificado,2025-05-19,VEN-007
EVO-002639,OPP-001029,propuesta,2025-05-19,VEN-007
EVO-002640,OPP-001037,propuesta,2025-05-19,VEN-003
EVO-002641,OPP-001037,cierre,2025-05-19,VEN-003
EVO-002642,OPP-001043,propuesta,2025-05-19,VEN-004
EVO-002643,OPP-001052,calificado,2025-05-19,VEN-010
EVO-002644,OPP-001052,propuesta,2025-05-19,VEN-010
EVO-002645,OPP-001057,cierre,2025-05-19,VEN-010
EVO-002646,OPP-001063,calificado,2025-05-19,VEN-001
EVO-002647,OPP-001072,lead,2025-05-19,VEN-010
EVO-002648,OPP-001075,lead,2025-05-19,VEN-010
EVO-002649,OPP-001079,lead,2025-05-19,VEN-012
EVO-002650,OPP-001084,lead,2025-05-19,VEN-011
EVO-002651,OPP-001085,lead,2025-05-19,VEN-012
EVO-002652,OPP-001087,lead,2025-05-19,VEN-001
EVO-002653,OPP-001093,lead,2025-05-19,VEN-007
EVO-002654,OPP-001099,lead,2025-05-19,VEN-002
EVO-002655,OPP-001102,lead,2025-05-19,VEN-010
EVO-002656,OPP-001108,lead,2025-05-19,VEN-012
EVO-002657,OPP-001110,lead,2025-05-19,VEN-012
EVO-002658,OPP-001113,lead,2025-05-19,VEN-005
EVO-002659,OPP-001115,lead,2025-05-19,VEN-009
EVO-002660,OPP-001115,contactado,2025-05-19,VEN-009
EVO-002661,OPP-001116,lead,2025-05-19,VEN-004
EVO-002662,OPP-001120,lead,2025-05-19,VEN-005
EVO-002663,OPP-001120,contactado,2025-05-19,VEN-005
EVO-002664,OPP-001120,calificado,2025-05-19,VEN-005
EVO-002665,OPP-001125,lead,2025-05-19,VEN-007
EVO-002666,OPP-001039,calificado,2025-05-20,VEN-003
EVO-002667,OPP-001039,propuesta,2025-05-20,VEN-003
EVO-002668,OPP-001061,propuesta,2025-05-20,VEN-005
EVO-002669,OPP-001074,lead,2025-05-20,VEN-003
EVO-002670,OPP-001075,contactado,2025-05-20,VEN-010
EVO-002671,OPP-001077,lead,2025-05-20,VEN-006
EVO-002672,OPP-001077,contactado,2025-05-20,VEN-006
EVO-002673,OPP-001083,lead,2025-05-20,VEN-002
EVO-002674,OPP-001083,contactado,2025-05-20,VEN-002
EVO-002675,OPP-001084,contactado,2025-05-20,VEN-011
EVO-002676,OPP-001088,lead,2025-05-20,VEN-011
EVO-002677,OPP-001088,contactado,2025-05-20,VEN-011
EVO-002678,OPP-001103,lead,2025-05-20,VEN-011
EVO-002679,OPP-001105,lead,2025-05-20,VEN-001
EVO-002680,OPP-001106,lead,2025-05-20,VEN-007
EVO-002681,OPP-001112,lead,2025-05-20,VEN-012
EVO-002682,OPP-001113,contactado,2025-05-20,VEN-005
EVO-002683,OPP-001116,contactado,2025-05-20,VEN-004
EVO-002684,OPP-001117,lead,2025-05-20,VEN-004
EVO-002685,OPP-001121,lead,2025-05-20,VEN-007
EVO-002686,OPP-001123,lead,2025-05-20,VEN-005
EVO-002687,OPP-001125,contactado,2025-05-20,VEN-007
EVO-002688,OPP-001126,lead,2025-05-20,VEN-007
EVO-002689,OPP-001127,lead,2025-05-20,VEN-004
EVO-002690,OPP-001039,cierre,2025-05-21,VEN-003
EVO-002691,OPP-001071,lead,2025-05-21,VEN-004
EVO-002692,OPP-001073,lead,2025-05-21,VEN-001
EVO-002693,OPP-001076,lead,2025-05-21,VEN-004
EVO-002694,OPP-001076,contactado,2025-05-21,VEN-004
EVO-002695,OPP-001078,lead,2025-05-21,VEN-002
EVO-002696,OPP-001078,contactado,2025-05-21,VEN-002
EVO-002697,OPP-001079,contactado,2025-05-21,VEN-012
EVO-002698,OPP-001086,lead,2025-05-21,VEN-010
EVO-002699,OPP-001089,lead,2025-05-21,VEN-012
EVO-002700,OPP-001089,contactado,2025-05-21,VEN-012
EVO-002701,OPP-001090,lead,2025-05-21,VEN-005
EVO-002702,OPP-001091,lead,2025-05-21,VEN-010
EVO-002703,OPP-001095,lead,2025-05-21,VEN-010
EVO-002704,OPP-001096,lead,2025-05-21,VEN-006
EVO-002705,OPP-001096,contactado,2025-05-21,VEN-006
EVO-002706,OPP-001098,lead,2025-05-21,VEN-002
EVO-002707,OPP-001100,lead,2025-05-21,VEN-004
EVO-002708,OPP-001109,lead,2025-05-21,VEN-010
EVO-002709,OPP-001109,contactado,2025-05-21,VEN-010
EVO-002710,OPP-001111,lead,2025-05-21,VEN-003
EVO-002711,OPP-001114,lead,2025-05-21,VEN-006
EVO-002712,OPP-001118,lead,2025-05-21,VEN-003
EVO-002713,OPP-001118,contactado,2025-05-21,VEN-003
EVO-002714,OPP-001119,lead,2025-05-21,VEN-006
EVO-002715,OPP-001119,contactado,2025-05-21,VEN-006
EVO-002716,OPP-001132,lead,2025-05-21,VEN-007
EVO-002717,OPP-001071,contactado,2025-05-22,VEN-004
EVO-002718,OPP-001072,contactado,2025-05-22,VEN-010
EVO-002719,OPP-001077,calificado,2025-05-22,VEN-006
EVO-002720,OPP-001085,contactado,2025-05-22,VEN-012
EVO-002721,OPP-001085,calificado,2025-05-22,VEN-012
EVO-002722,OPP-001090,contactado,2025-05-22,VEN-005
EVO-002723,OPP-001091,contactado,2025-05-22,VEN-010
EVO-002724,OPP-001092,lead,2025-05-22,VEN-011
EVO-002725,OPP-001094,lead,2025-05-22,VEN-002
EVO-002726,OPP-001097,lead,2025-05-22,VEN-006
EVO-002727,OPP-001106,contactado,2025-05-22,VEN-007
EVO-002728,OPP-001108,contactado,2025-05-22,VEN-012
EVO-002729,OPP-001109,calificado,2025-05-22,VEN-010
EVO-002730,OPP-001110,contactado,2025-05-22,VEN-012
EVO-002731,OPP-001110,calificado,2025-05-22,VEN-012
EVO-002732,OPP-001110,propuesta,2025-05-22,VEN-012
EVO-002733,OPP-001114,contactado,2025-05-22,VEN-006
EVO-002734,OPP-001117,contactado,2025-05-22,VEN-004
EVO-002735,OPP-001117,calificado,2025-05-22,VEN-004
EVO-002736,OPP-001117,propuesta,2025-05-22,VEN-004
EVO-002737,OPP-001120,propuesta,2025-05-22,VEN-005
EVO-002738,OPP-001122,lead,2025-05-22,VEN-008
EVO-002739,OPP-001124,lead,2025-05-22,VEN-003
EVO-002740,OPP-001128,lead,2025-05-22,VEN-010
EVO-002741,OPP-001128,contactado,2025-05-22,VEN-010
EVO-002742,OPP-001129,lead,2025-05-22,VEN-001
EVO-002743,OPP-001131,lead,2025-05-22,VEN-010
EVO-002744,OPP-001131,contactado,2025-05-22,VEN-010
EVO-002745,OPP-001074,contactado,2025-05-23,VEN-003
EVO-002746,OPP-001077,propuesta,2025-05-23,VEN-006
EVO-002747,OPP-001080,lead,2025-05-23,VEN-008
EVO-002748,OPP-001081,lead,2025-05-23,VEN-010
EVO-002749,OPP-001082,lead,2025-05-23,VEN-008
EVO-002750,OPP-001082,contactado,2025-05-23,VEN-008
EVO-002751,OPP-001088,calificado,2025-05-23,VEN-011
EVO-002752,OPP-001094,contactado,2025-05-23,VEN-002
EVO-002753,OPP-001094,calificado,2025-05-23,VEN-002
EVO-002754,OPP-001095,contactado,2025-05-23,VEN-010
EVO-002755,OPP-001101,lead,2025-05-23,VEN-003
EVO-002756,OPP-001103,contactado,2025-05-23,VEN-011
EVO-002757,OPP-001104,lead,2025-05-23,VEN-009
EVO-002758,OPP-001107,lead,2025-05-23,VEN-005
EVO-002759,OPP-001119,calificado,2025-05-23,VEN-006
EVO-002760,OPP-001122,contactado,2025-05-23,VEN-008
EVO-002761,OPP-001123,contactado,2025-05-23,VEN-005
EVO-002762,OPP-001127,contactado,2025-05-23,VEN-004
EVO-002763,OPP-001130,lead,2025-05-23,VEN-003
EVO-002764,OPP-001132,contactado,2025-05-23,VEN-007
EVO-002765,OPP-001072,calificado,2025-05-24,VEN-010
EVO-002766,OPP-001073,contactado,2025-05-24,VEN-001
EVO-002767,OPP-001074,calificado,2025-05-24,VEN-003
EVO-002768,OPP-001085,propuesta,2025-05-24,VEN-012
EVO-002769,OPP-001086,contactado,2025-05-24,VEN-010
EVO-002770,OPP-001089,calificado,2025-05-24,VEN-012
EVO-002771,OPP-001092,contactado,2025-05-24,VEN-011
EVO-002772,OPP-001109,propuesta,2025-05-24,VEN-010
EVO-002773,OPP-001109,cierre,2025-05-24,VEN-010
EVO-002774,OPP-001111,contactado,2025-05-24,VEN-003
EVO-002775,OPP-001118,calificado,2025-05-24,VEN-003
EVO-002776,OPP-001123,calificado,2025-05-24,VEN-005
EVO-002777,OPP-001127,calificado,2025-05-24,VEN-004
EVO-002778,OPP-001073,calificado,2025-05-25,VEN-001
EVO-002779,OPP-001077,cierre,2025-05-25,VEN-006
EVO-002780,OPP-001081,contactado,2025-05-25,VEN-010
EVO-002781,OPP-001094,propuesta,2025-05-25,VEN-002
EVO-002782,OPP-001106,calificado,2025-05-25,VEN-007
EVO-002783,OPP-001107,contactado,2025-05-25,VEN-005
EVO-002784,OPP-001111,calificado,2025-05-25,VEN-003
EVO-002785,OPP-001123,propuesta,2025-05-25,VEN-005
EVO-002786,OPP-001127,propuesta,2025-05-25,VEN-004
EVO-002787,OPP-001088,propuesta,2025-05-26,VEN-011
EVO-002788,OPP-001103,calificado,2025-05-26,VEN-011
EVO-002789,OPP-001104,contactado,2025-05-26,VEN-009
EVO-002790,OPP-001130,contactado,2025-05-26,VEN-003
EVO-002791,OPP-001133,lead,2025-05-26,VEN-005
EVO-002792,OPP-001140,lead,2025-05-26,VEN-012
EVO-002793,OPP-001140,contactado,2025-05-26,VEN-012
EVO-002794,OPP-001144,lead,2025-05-26,VEN-008
EVO-002795,OPP-001147,lead,2025-05-26,VEN-010
EVO-002796,OPP-001147,contactado,2025-05-26,VEN-010
EVO-002797,OPP-001147,calificado,2025-05-26,VEN-010
EVO-002798,OPP-001148,lead,2025-05-26,VEN-010
EVO-002799,OPP-001148,contactado,2025-05-26,VEN-010
EVO-002800,OPP-001148,calificado,2025-05-26,VEN-010
EVO-002801,OPP-001154,lead,2025-05-26,VEN-006
EVO-002802,OPP-001154,contactado,2025-05-26,VEN-006
EVO-002803,OPP-001159,lead,2025-05-26,VEN-004
EVO-002804,OPP-001164,lead,2025-05-26,VEN-003
EVO-002805,OPP-001167,lead,2025-05-26,VEN-009
EVO-002806,OPP-001168,lead,2025-05-26,VEN-004
EVO-002807,OPP-001168,contactado,2025-05-26,VEN-004
EVO-002808,OPP-001171,lead,2025-05-26,VEN-002
EVO-002809,OPP-001171,contactado,2025-05-26,VEN-002
EVO-002810,OPP-001174,lead,2025-05-26,VEN-005
EVO-002811,OPP-001183,lead,2025-05-26,VEN-009
EVO-002812,OPP-001187,lead,2025-05-26,VEN-007
EVO-002813,OPP-001088,cierre,2025-05-27,VEN-011
EVO-002814,OPP-001107,calificado,2025-05-27,VEN-005
EVO-002815,OPP-001127,cierre,2025-05-27,VEN-004
EVO-002816,OPP-001136,lead,2025-05-27,VEN-004
EVO-002817,OPP-001152,lead,2025-05-27,VEN-004
EVO-002818,OPP-001160,lead,2025-05-27,VEN-003
EVO-002819,OPP-001168,calificado,2025-05-27,VEN-004
EVO-002820,OPP-001170,lead,2025-05-27,VEN-005
EVO-002821,OPP-001178,lead,2025-05-27,VEN-009
EVO-002822,OPP-001179,lead,2025-05-27,VEN-010
EVO-002823,OPP-001180,lead,2025-05-27,VEN-010
EVO-002824,OPP-001182,lead,2025-05-27,VEN-001
EVO-002825,OPP-001184,lead,2025-05-27,VEN-006
EVO-002826,OPP-001187,contactado,2025-05-27,VEN-007
EVO-002827,OPP-001104,calificado,2025-05-28,VEN-009
EVO-002828,OPP-001135,lead,2025-05-28,VEN-002
EVO-002829,OPP-001138,lead,2025-05-28,VEN-010
EVO-002830,OPP-001157,lead,2025-05-28,VEN-004
EVO-002831,OPP-001160,contactado,2025-05-28,VEN-003
EVO-002832,OPP-001161,lead,2025-05-28,VEN-008
EVO-002833,OPP-001162,lead,2025-05-28,VEN-003
EVO-002834,OPP-001162,contactado,2025-05-28,VEN-003
EVO-002835,OPP-001165,lead,2025-05-28,VEN-011
EVO-002836,OPP-001168,propuesta,2025-05-28,VEN-004
EVO-002837,OPP-001170,contactado,2025-05-28,VEN-005
EVO-002838,OPP-001172,lead,2025-05-28,VEN-002
EVO-002839,OPP-001173,lead,2025-05-28,VEN-008
EVO-002840,OPP-001181,lead,2025-05-28,VEN-007
EVO-002841,OPP-001185,lead,2025-05-28,VEN-008
EVO-002842,OPP-001187,calificado,2025-05-28,VEN-007
EVO-002843,OPP-001130,calificado,2025-05-29,VEN-003
EVO-002844,OPP-001134,lead,2025-05-29,VEN-012
EVO-002845,OPP-001147,propuesta,2025-05-29,VEN-010
EVO-002846,OPP-001151,lead,2025-05-29,VEN-001
EVO-002847,OPP-001153,lead,2025-05-29,VEN-002
EVO-002848,OPP-001155,lead,2025-05-29,VEN-012
EVO-002849,OPP-001155,contactado,2025-05-29,VEN-012
EVO-002850,OPP-001155,calificado,2025-05-29,VEN-012
EVO-002851,OPP-001170,calificado,2025-05-29,VEN-005
EVO-002852,OPP-001173,contactado,2025-05-29,VEN-008
EVO-002853,OPP-001174,contactado,2025-05-29,VEN-005
EVO-002854,OPP-001176,lead,2025-05-29,VEN-001
EVO-002855,OPP-001177,lead,2025-05-29,VEN-011
EVO-002856,OPP-001183,contactado,2025-05-29,VEN-009
EVO-002857,OPP-001185,contactado,2025-05-29,VEN-008
EVO-002858,OPP-001104,propuesta,2025-05-30,VEN-009
EVO-002859,OPP-001135,contactado,2025-05-30,VEN-002
EVO-002860,OPP-001136,contactado,2025-05-30,VEN-004
EVO-002861,OPP-001137,lead,2025-05-30,VEN-009
EVO-002862,OPP-001139,lead,2025-05-30,VEN-007
EVO-002863,OPP-001141,lead,2025-05-30,VEN-009
EVO-002864,OPP-001142,lead,2025-05-30,VEN-005
EVO-002865,OPP-001143,lead,2025-05-30,VEN-004
EVO-002866,OPP-001145,lead,2025-05-30,VEN-008
EVO-002867,OPP-001146,lead,2025-05-30,VEN-012
EVO-002868,OPP-001149,lead,2025-05-30,VEN-002
EVO-002869,OPP-001150,lead,2025-05-30,VEN-004
EVO-002870,OPP-001151,contactado,2025-05-30,VEN-001
EVO-002871,OPP-001156,lead,2025-05-30,VEN-003
EVO-002872,OPP-001158,lead,2025-05-30,VEN-012
EVO-002873,OPP-001163,lead,2025-05-30,VEN-004
EVO-002874,OPP-001165,contactado,2025-05-30,VEN-011
EVO-002875,OPP-001166,lead,2025-05-30,VEN-005
EVO-002876,OPP-001169,lead,2025-05-30,VEN-006
EVO-002877,OPP-001175,lead,2025-05-30,VEN-003
EVO-002878,OPP-001178,contactado,2025-05-30,VEN-009
EVO-002879,OPP-001181,contactado,2025-05-30,VEN-007
EVO-002880,OPP-001182,contactado,2025-05-30,VEN-001
EVO-002881,OPP-001182,calificado,2025-05-30,VEN-001
EVO-002882,OPP-001186,lead,2025-05-30,VEN-005
EVO-002883,OPP-001135,calificado,2025-05-31,VEN-002
EVO-002884,OPP-001142,contactado,2025-05-31,VEN-005
EVO-002885,OPP-001145,contactado,2025-05-31,VEN-008
EVO-002886,OPP-001146,contactado,2025-05-31,VEN-012
EVO-002887,OPP-001151,calificado,2025-05-31,VEN-001
EVO-002888,OPP-001153,contactado,2025-05-31,VEN-002
EVO-002889,OPP-001157,contactado,2025-05-31,VEN-004
EVO-002890,OPP-001163,contactado,2025-05-31,VEN-004
EVO-002891,OPP-001166,contactado,2025-05-31,VEN-005
EVO-002892,OPP-001166,calificado,2025-05-31,VEN-005
EVO-002893,OPP-001169,contactado,2025-05-31,VEN-006
EVO-002894,OPP-001175,contactado,2025-05-31,VEN-003
EVO-002895,OPP-001177,contactado,2025-05-31,VEN-011
EVO-002896,OPP-001143,contactado,2025-06-01,VEN-004
EVO-002897,OPP-001143,calificado,2025-06-01,VEN-004
EVO-002898,OPP-001155,propuesta,2025-06-01,VEN-012
EVO-002899,OPP-001170,propuesta,2025-06-01,VEN-005
EVO-002900,OPP-001173,calificado,2025-06-01,VEN-008
EVO-002901,OPP-001141,contactado,2025-06-02,VEN-009
EVO-002902,OPP-001146,calificado,2025-06-02,VEN-012
EVO-002903,OPP-001149,contactado,2025-06-02,VEN-002
EVO-002904,OPP-001150,contactado,2025-06-02,VEN-004
EVO-002905,OPP-001157,calificado,2025-06-02,VEN-004
EVO-002906,OPP-001163,calificado,2025-06-02,VEN-004
EVO-002907,OPP-001175,calificado,2025-06-02,VEN-003
EVO-002908,OPP-001177,calificado,2025-06-02,VEN-011
EVO-002909,OPP-001190,lead,2025-06-02,VEN-010
EVO-002910,OPP-001195,lead,2025-06-02,VEN-009
EVO-002911,OPP-001199,lead,2025-06-02,VEN-011
EVO-002912,OPP-001201,lead,2025-06-02,VEN-003
EVO-002913,OPP-001202,lead,2025-06-02,VEN-001
EVO-002914,OPP-001202,contactado,2025-06-02,VEN-001
EVO-002915,OPP-001204,lead,2025-06-02,VEN-001
EVO-002916,OPP-001206,lead,2025-06-02,VEN-009
EVO-002917,OPP-001214,lead,2025-06-02,VEN-007
EVO-002918,OPP-001215,lead,2025-06-02,VEN-005
EVO-002919,OPP-001217,lead,2025-06-02,VEN-006
EVO-002920,OPP-001221,lead,2025-06-02,VEN-005
EVO-002921,OPP-001223,lead,2025-06-02,VEN-011
EVO-002922,OPP-001231,lead,2025-06-02,VEN-011
EVO-002923,OPP-001236,lead,2025-06-02,VEN-006
EVO-002924,OPP-001237,lead,2025-06-02,VEN-005
EVO-002925,OPP-001151,propuesta,2025-06-03,VEN-001
EVO-002926,OPP-001194,lead,2025-06-03,VEN-010
EVO-002927,OPP-001202,calificado,2025-06-03,VEN-001
EVO-002928,OPP-001207,lead,2025-06-03,VEN-006
EVO-002929,OPP-001207,contactado,2025-06-03,VEN-006
EVO-002930,OPP-001209,lead,2025-06-03,VEN-007
EVO-002931,OPP-001210,lead,2025-06-03,VEN-004
EVO-002932,OPP-001214,contactado,2025-06-03,VEN-007
EVO-002933,OPP-001220,lead,2025-06-03,VEN-010
EVO-002934,OPP-001234,lead,2025-06-03,VEN-006
EVO-002935,OPP-001234,contactado,2025-06-03,VEN-006
EVO-002936,OPP-001236,contactado,2025-06-03,VEN-006
EVO-002937,OPP-001143,propuesta,2025-06-04,VEN-004
EVO-002938,OPP-001146,propuesta,2025-06-04,VEN-012
EVO-002939,OPP-001189,lead,2025-06-04,VEN-010
EVO-002940,OPP-001192,lead,2025-06-04,VEN-010
EVO-002941,OPP-001192,contactado,2025-06-04,VEN-010
EVO-002942,OPP-001197,lead,2025-06-04,VEN-012
EVO-002943,OPP-001200,lead,2025-06-04,VEN-011
EVO-002944,OPP-001201,contactado,2025-06-04,VEN-003
EVO-002945,OPP-001208,lead,2025-06-04,VEN-011
EVO-002946,OPP-001209,contactado,2025-06-04,VEN-007
EVO-002947,OPP-001209,calificado,2025-06-04,VEN-007
EVO-002948,OPP-001211,lead,2025-06-04,VEN-008
EVO-002949,OPP-001212,lead,2025-06-04,VEN-003
EVO-002950,OPP-001212,contactado,2025-06-04,VEN-003
EVO-002951,OPP-001217,contactado,2025-06-04,VEN-006
EVO-002952,OPP-001222,lead,2025-06-04,VEN-007
EVO-002953,OPP-001222,contactado,2025-06-04,VEN-007
EVO-002954,OPP-001223,contactado,2025-06-04,VEN-011
EVO-002955,OPP-001224,lead,2025-06-04,VEN-009
EVO-002956,OPP-001225,lead,2025-06-04,VEN-010
EVO-002957,OPP-001225,contactado,2025-06-04,VEN-010
EVO-002958,OPP-001226,lead,2025-06-04,VEN-011
EVO-002959,OPP-001232,lead,2025-06-04,VEN-009
EVO-002960,OPP-001233,lead,2025-06-04,VEN-010
EVO-002961,OPP-001235,lead,2025-06-04,VEN-001
EVO-002962,OPP-001188,lead,2025-06-05,VEN-012
EVO-002963,OPP-001191,lead,2025-06-05,VEN-010
EVO-002964,OPP-001193,lead,2025-06-05,VEN-005
EVO-002965,OPP-001195,contactado,2025-06-05,VEN-009
EVO-002966,OPP-001196,lead,2025-06-05,VEN-011
EVO-002967,OPP-001203,lead,2025-06-05,VEN-006
EVO-002968,OPP-001204,contactado,2025-06-05,VEN-001
EVO-002969,OPP-001210,contactado,2025-06-05,VEN-004
EVO-002970,OPP-001211,contactado,2025-06-05,VEN-008
EVO-002971,OPP-001212,calificado,2025-06-05,VEN-003
EVO-002972,OPP-001220,contactado,2025-06-05,VEN-010
EVO-002973,OPP-001220,calificado,2025-06-05,VEN-010
EVO-002974,OPP-001220,propuesta,2025-06-05,VEN-010
EVO-002975,OPP-001221,contactado,2025-06-05,VEN-005
EVO-002976,OPP-001227,lead,2025-06-05,VEN-009
EVO-002977,OPP-001228,lead,2025-06-05,VEN-009
EVO-002978,OPP-001228,contactado,2025-06-05,VEN-009
EVO-002979,OPP-001230,lead,2025-06-05,VEN-005
EVO-002980,OPP-001231,contactado,2025-06-05,VEN-011
EVO-002981,OPP-001143,cierre,2025-06-06,VEN-004
EVO-002982,OPP-001189,contactado,2025-06-06,VEN-010
EVO-002983,OPP-001192,calificado,2025-06-06,VEN-010
EVO-002984,OPP-001197,contactado,2025-06-06,VEN-012
EVO-002985,OPP-001198,lead,2025-06-06,VEN-006
EVO-002986,OPP-001203,contactado,2025-06-06,VEN-006
EVO-002987,OPP-001205,lead,2025-06-06,VEN-004
EVO-002988,OPP-001208,contactado,2025-06-06,VEN-011
EVO-002989,OPP-001213,lead,2025-06-06,VEN-005
EVO-002990,OPP-001213,contactado,2025-06-06,VEN-005
EVO-002991,OPP-001216,lead,2025-06-06,VEN-011
EVO-002992,OPP-001218,lead,2025-06-06,VEN-011
EVO-002993,OPP-001219,lead,2025-06-06,VEN-012
EVO-002994,OPP-001219,contactado,2025-06-06,VEN-012
EVO-002995,OPP-001227,contactado,2025-06-06,VEN-009
EVO-002996,OPP-001229,lead,2025-06-06,VEN-006
EVO-002997,OPP-001188,contactado,2025-06-07,VEN-012
EVO-002998,OPP-001191,contactado,2025-06-07,VEN-010
EVO-002999,OPP-001195,calificado,2025-06-07,VEN-009
EVO-003000,OPP-001203,calificado,2025-06-07,VEN-006
EVO-003001,OPP-001210,calificado,2025-06-07,VEN-004
EVO-003002,OPP-001221,calificado,2025-06-07,VEN-005
EVO-003003,OPP-001224,contactado,2025-06-07,VEN-009
EVO-003004,OPP-001227,calificado,2025-06-07,VEN-009
EVO-003005,OPP-001230,contactado,2025-06-07,VEN-005
EVO-003006,OPP-001232,contactado,2025-06-07,VEN-009
EVO-003007,OPP-001193,contactado,2025-06-08,VEN-005
EVO-003008,OPP-001219,calificado,2025-06-08,VEN-012
EVO-003009,OPP-001231,calificado,2025-06-08,VEN-011
EVO-003010,OPP-001231,propuesta,2025-06-08,VEN-011
EVO-003011,OPP-001232,calificado,2025-06-08,VEN-009
EVO-003012,OPP-001232,propuesta,2025-06-08,VEN-009
EVO-003013,OPP-001197,calificado,2025-06-09,VEN-012
EVO-003014,OPP-001216,contactado,2025-06-09,VEN-011
EVO-003015,OPP-001218,contactado,2025-06-09,VEN-011
EVO-003016,OPP-001227,propuesta,2025-06-09,VEN-009
EVO-003017,OPP-001242,lead,2025-06-09,VEN-010
EVO-003018,OPP-001251,lead,2025-06-09,VEN-005
EVO-003019,OPP-001266,lead,2025-06-09,VEN-007
EVO-003020,OPP-001278,lead,2025-06-09,VEN-011
EVO-003021,OPP-001278,contactado,2025-06-09,VEN-011
EVO-003022,OPP-001279,lead,2025-06-09,VEN-008
EVO-003023,OPP-001288,lead,2025-06-09,VEN-002
EVO-003024,OPP-001290,lead,2025-06-09,VEN-011
EVO-003025,OPP-001293,lead,2025-06-09,VEN-009
EVO-003026,OPP-001193,calificado,2025-06-10,VEN-005
EVO-003027,OPP-001219,propuesta,2025-06-10,VEN-012
EVO-003028,OPP-001242,contactado,2025-06-10,VEN-010
EVO-003029,OPP-001243,lead,2025-06-10,VEN-004
EVO-003030,OPP-001251,contactado,2025-06-10,VEN-005
EVO-003031,OPP-001251,calificado,2025-06-10,VEN-005
EVO-003032,OPP-001261,lead,2025-06-10,VEN-009
EVO-003033,OPP-001272,lead,2025-06-10,VEN-009
EVO-003034,OPP-001273,lead,2025-06-10,VEN-002
EVO-003035,OPP-001277,lead,2025-06-10,VEN-001
EVO-003036,OPP-001278,calificado,2025-06-10,VEN-011
EVO-003037,OPP-001280,lead,2025-06-10,VEN-009
EVO-003038,OPP-001283,lead,2025-06-10,VEN-009
EVO-003039,OPP-001288,contactado,2025-06-10,VEN-002
EVO-003040,OPP-001289,lead,2025-06-10,VEN-007
EVO-003041,OPP-001197,propuesta,2025-06-11,VEN-012
EVO-003042,OPP-001238,lead,2025-06-11,VEN-005
EVO-003043,OPP-001239,lead,2025-06-11,VEN-008
EVO-003044,OPP-001239,contactado,2025-06-11,VEN-008
EVO-003045,OPP-001239,calificado,2025-06-11,VEN-008
EVO-003046,OPP-001240,lead,2025-06-11,VEN-012
EVO-003047,OPP-001241,lead,2025-06-11,VEN-003
EVO-003048,OPP-001242,calificado,2025-06-11,VEN-010
EVO-003049,OPP-001244,lead,2025-06-11,VEN-005
EVO-003050,OPP-001246,lead,2025-06-11,VEN-003
EVO-003051,OPP-001248,lead,2025-06-11,VEN-012
EVO-003052,OPP-001255,lead,2025-06-11,VEN-004
EVO-003053,OPP-001260,lead,2025-06-11,VEN-012
EVO-003054,OPP-001260,contactado,2025-06-11,VEN-012
EVO-003055,OPP-001270,lead,2025-06-11,VEN-009
EVO-003056,OPP-001270,contactado,2025-06-11,VEN-009
EVO-003057,OPP-001272,contactado,2025-06-11,VEN-009
EVO-003058,OPP-001274,lead,2025-06-11,VEN-012
EVO-003059,OPP-001275,lead,2025-06-11,VEN-009
EVO-003060,OPP-001276,lead,2025-06-11,VEN-007
EVO-003061,OPP-001277,contactado,2025-06-11,VEN-001
EVO-003062,OPP-001279,contactado,2025-06-11,VEN-008
EVO-003063,OPP-001284,lead,2025-06-11,VEN-011
EVO-003064,OPP-001285,lead,2025-06-11,VEN-012
EVO-003065,OPP-001286,lead,2025-06-11,VEN-012
EVO-003066,OPP-001290,contactado,2025-06-11,VEN-011
EVO-003067,OPP-001293,contactado,2025-06-11,VEN-009
EVO-003068,OPP-001293,calificado,2025-06-11,VEN-009
EVO-003069,OPP-001294,lead,2025-06-11,VEN-002
EVO-003070,OPP-001216,calificado,2025-06-12,VEN-011
EVO-003071,OPP-001247,lead,2025-06-12,VEN-006
EVO-003072,OPP-001251,propuesta,2025-06-12,VEN-005
EVO-003073,OPP-001252,lead,2025-06-12,VEN-001
EVO-003074,OPP-001252,contactado,2025-06-12,VEN-001
EVO-003075,OPP-001253,lead,2025-06-12,VEN-008
EVO-003076,OPP-001253,contactado,2025-06-12,VEN-008
EVO-003077,OPP-001256,lead,2025-06-12,VEN-011
EVO-003078,OPP-001258,lead,2025-06-12,VEN-009
EVO-003079,OPP-001259,lead,2025-06-12,VEN-003
EVO-003080,OPP-001262,lead,2025-06-12,VEN-004
EVO-003081,OPP-001264,lead,2025-06-12,VEN-007
EVO-003082,OPP-001268,lead,2025-06-12,VEN-008
EVO-003083,OPP-001269,lead,2025-06-12,VEN-008
EVO-003084,OPP-001269,contactado,2025-06-12,VEN-008
EVO-003085,OPP-001269,calificado,2025-06-12,VEN-008
EVO-003086,OPP-001269,propuesta,2025-06-12,VEN-008
EVO-003087,OPP-001271,lead,2025-06-12,VEN-004
EVO-003088,OPP-001272,calificado,2025-06-12,VEN-009
EVO-003089,OPP-001275,contactado,2025-06-12,VEN-009
EVO-003090,OPP-001279,calificado,2025-06-12,VEN-008
EVO-003091,OPP-001287,lead,2025-06-12,VEN-009
EVO-003092,OPP-001288,calificado,2025-06-12,VEN-002
EVO-003093,OPP-001291,lead,2025-06-12,VEN-007
EVO-003094,OPP-001238,contactado,2025-06-13,VEN-005
EVO-003095,OPP-001238,calificado,2025-06-13,VEN-005
EVO-003096,OPP-001240,contactado,2025-06-13,VEN-012
EVO-003097,OPP-001240,calificado,2025-06-13,VEN-012
EVO-003098,OPP-001240,propuesta,2025-06-13,VEN-012
EVO-003099,OPP-001241,contactado,2025-06-13,VEN-003
EVO-003100,OPP-001245,lead,2025-06-13,VEN-001
EVO-003101,OPP-001246,contactado,2025-06-13,VEN-003
EVO-003102,OPP-001249,lead,2025-06-13,VEN-008
EVO-003103,OPP-001250,lead,2025-06-13,VEN-004
EVO-003104,OPP-001254,lead,2025-06-13,VEN-003
EVO-003105,OPP-001257,lead,2025-06-13,VEN-007
EVO-003106,OPP-001257,contactado,2025-06-13,VEN-007
EVO-003107,OPP-001258,contactado,2025-06-13,VEN-009
EVO-003108,OPP-001261,contactado,2025-06-13,VEN-009
EVO-003109,OPP-001263,lead,2025-06-13,VEN-002
EVO-003110,OPP-001265,lead,2025-06-13,VEN-012
EVO-003111,OPP-001267,lead,2025-06-13,VEN-007
EVO-003112,OPP-001272,propuesta,2025-06-13,VEN-009
EVO-003113,OPP-001273,contactado,2025-06-13,VEN-002
EVO-003114,OPP-001280,contactado,2025-06-13,VEN-009
EVO-003115,OPP-001281,lead,2025-06-13,VEN-002
EVO-003116,OPP-001282,lead,2025-06-13,VEN-005
EVO-003117,OPP-001284,contactado,2025-06-13,VEN-011
EVO-003118,OPP-001289,contactado,2025-06-13,VEN-007
EVO-003119,OPP-001292,lead,2025-06-13,VEN-012
EVO-003120,OPP-001238,propuesta,2025-06-14,VEN-005
EVO-003121,OPP-001239,propuesta,2025-06-14,VEN-008
EVO-003122,OPP-001246,calificado,2025-06-14,VEN-003
EVO-003123,OPP-001249,contactado,2025-06-14,VEN-008
EVO-003124,OPP-001259,contactado,2025-06-14,VEN-003
EVO-003125,OPP-001260,calificado,2025-06-14,VEN-012
EVO-003126,OPP-001261,calificado,2025-06-14,VEN-009
EVO-003127,OPP-001261,propuesta,2025-06-14,VEN-009
EVO-003128,OPP-001263,contactado,2025-06-14,VEN-002
EVO-003129,OPP-001265,contactado,2025-06-14,VEN-012
EVO-003130,OPP-001273,calificado,2025-06-14,VEN-002
EVO-003131,OPP-001277,calificado,2025-06-14,VEN-001
EVO-003132,OPP-001285,contactado,2025-06-14,VEN-012
EVO-003133,OPP-001285,calificado,2025-06-14,VEN-012
EVO-003134,OPP-001288,propuesta,2025-06-14,VEN-002
EVO-003135,OPP-001292,contactado,2025-06-14,VEN-012
EVO-003136,OPP-001294,contactado,2025-06-14,VEN-002
EVO-003137,OPP-001245,contactado,2025-06-15,VEN-001
EVO-003138,OPP-001246,propuesta,2025-06-15,VEN-003
EVO-003139,OPP-001256,contactado,2025-06-15,VEN-011
EVO-003140,OPP-001258,calificado,2025-06-15,VEN-009
EVO-003141,OPP-001264,contactado,2025-06-15,VEN-007
EVO-003142,OPP-001241,calificado,2025-06-16,VEN-003
EVO-003143,OPP-001245,calificado,2025-06-16,VEN-001
EVO-003144,OPP-001257,calificado,2025-06-16,VEN-007
EVO-003145,OPP-001263,calificado,2025-06-16,VEN-002
EVO-003146,OPP-001264,calificado,2025-06-16,VEN-007
EVO-003147,OPP-001267,contactado,2025-06-16,VEN-007
EVO-003148,OPP-001272,cierre,2025-06-16,VEN-009
EVO-003149,OPP-001273,propuesta,2025-06-16,VEN-002
EVO-003150,OPP-001277,propuesta,2025-06-16,VEN-001
EVO-003151,OPP-001281,contactado,2025-06-16,VEN-002
EVO-003152,OPP-001297,lead,2025-06-16,VEN-006
EVO-003153,OPP-001299,lead,2025-06-16,VEN-012
EVO-003154,OPP-001303,lead,2025-06-16,VEN-010
EVO-003155,OPP-001306,lead,2025-06-16,VEN-012
EVO-003156,OPP-001309,lead,2025-06-16,VEN-007
EVO-003157,OPP-001310,lead,2025-06-16,VEN-008
EVO-003158,OPP-001315,lead,2025-06-16,VEN-009
EVO-003159,OPP-001317,lead,2025-06-16,VEN-001
EVO-003160,OPP-001319,lead,2025-06-16,VEN-007
EVO-003161,OPP-001319,contactado,2025-06-16,VEN-007
EVO-003162,OPP-001339,lead,2025-06-16,VEN-008
EVO-003163,OPP-001348,lead,2025-06-16,VEN-008
EVO-003164,OPP-001350,lead,2025-06-16,VEN-005
EVO-003165,OPP-001350,contactado,2025-06-16,VEN-005
EVO-003166,OPP-001257,propuesta,2025-06-17,VEN-007
EVO-003167,OPP-001260,propuesta,2025-06-17,VEN-012
EVO-003168,OPP-001264,propuesta,2025-06-17,VEN-007
EVO-003169,OPP-001285,propuesta,2025-06-17,VEN-012
EVO-003170,OPP-001298,lead,2025-06-17,VEN-004
EVO-003171,OPP-001302,lead,2025-06-17,VEN-010
EVO-003172,OPP-001303,contactado,2025-06-17,VEN-010
EVO-003173,OPP-001305,lead,2025-06-17,VEN-006
EVO-003174,OPP-001306,contactado,2025-06-17,VEN-012
EVO-003175,OPP-001308,lead,2025-06-17,VEN-009
EVO-003176,OPP-001308,contactado,2025-06-17,VEN-009
EVO-003177,OPP-001315,contactado,2025-06-17,VEN-009
EVO-003178,OPP-001317,contactado,2025-06-17,VEN-001
EVO-003179,OPP-001317,calificado,2025-06-17,VEN-001
EVO-003180,OPP-001318,lead,2025-06-17,VEN-004
EVO-003181,OPP-001321,lead,2025-06-17,VEN-010
EVO-003182,OPP-001325,lead,2025-06-17,VEN-003
EVO-003183,OPP-001327,lead,2025-06-17,VEN-011
EVO-003184,OPP-001332,lead,2025-06-17,VEN-001
EVO-003185,OPP-001332,contactado,2025-06-17,VEN-001
EVO-003186,OPP-001337,lead,2025-06-17,VEN-011
EVO-003187,OPP-001344,lead,2025-06-17,VEN-006
EVO-003188,OPP-001345,lead,2025-06-17,VEN-002
EVO-003189,OPP-001348,contactado,2025-06-17,VEN-008
EVO-003190,OPP-001256,calificado,2025-06-18,VEN-011
EVO-003191,OPP-001258,propuesta,2025-06-18,VEN-009
EVO-003192,OPP-001297,contactado,2025-06-18,VEN-006
EVO-003193,OPP-001298,contactado,2025-06-18,VEN-004
EVO-003194,OPP-001301,lead,2025-06-18,VEN-002
EVO-003195,OPP-001303,calificado,2025-06-18,VEN-010
EVO-003196,OPP-001306,calificado,2025-06-18,VEN-012
EVO-003197,OPP-001311,lead,2025-06-18,VEN-012
EVO-003198,OPP-001312,lead,2025-06-18,VEN-010
EVO-003199,OPP-001314,lead,2025-06-18,VEN-001
EVO-003200,OPP-001314,contactado,2025-06-18,VEN-001
EVO-003201,OPP-001316,lead,2025-06-18,VEN-006
EVO-003202,OPP-001319,calificado,2025-06-18,VEN-007
EVO-003203,OPP-001328,lead,2025-06-18,VEN-012
EVO-003204,OPP-001331,lead,2025-06-18,VEN-008
EVO-003205,OPP-001334,lead,2025-06-18,VEN-011
EVO-003206,OPP-001341,lead,2025-06-18,VEN-001
EVO-003207,OPP-001346,lead,2025-06-18,VEN-009
EVO-003208,OPP-001306,propuesta,2025-06-19,VEN-012
EVO-003209,OPP-001307,lead,2025-06-19,VEN-008
EVO-003210,OPP-001310,contactado,2025-06-19,VEN-008
EVO-003211,OPP-001313,lead,2025-06-19,VEN-003
EVO-003212,OPP-001315,calificado,2025-06-19,VEN-009
EVO-003213,OPP-001321,contactado,2025-06-19,VEN-010
EVO-003214,OPP-001324,lead,2025-06-19,VEN-005
EVO-003215,OPP-001325,contactado,2025-06-19,VEN-003
EVO-003216,OPP-001326,lead,2025-06-19,VEN-006
EVO-003217,OPP-001328,contactado,2025-06-19,VEN-012
EVO-003218,OPP-001329,lead,2025-06-19,VEN-003
EVO-003219,OPP-001331,contactado,2025-06-19,VEN-008
EVO-003220,OPP-001333,lead,2025-06-19,VEN-001
EVO-003221,OPP-001333,contactado,2025-06-19,VEN-001
EVO-003222,OPP-001334,contactado,2025-06-19,VEN-011
EVO-003223,OPP-001340,lead,2025-06-19,VEN-001
EVO-003224,OPP-001347,lead,2025-06-19,VEN-004
EVO-003225,OPP-001349,lead,2025-06-19,VEN-006
EVO-003226,OPP-001258,cierre,2025-06-20,VEN-009
EVO-003227,OPP-001295,lead,2025-06-20,VEN-008
EVO-003228,OPP-001296,lead,2025-06-20,VEN-003
EVO-003229,OPP-001300,lead,2025-06-20,VEN-004
EVO-003230,OPP-001304,lead,2025-06-20,VEN-009
EVO-003231,OPP-001305,contactado,2025-06-20,VEN-006
EVO-003232,OPP-001307,contactado,2025-06-20,VEN-008
EVO-003233,OPP-001307,calificado,2025-06-20,VEN-008
EVO-003234,OPP-001307,propuesta,2025-06-20,VEN-008
EVO-003235,OPP-001308,calificado,2025-06-20,VEN-009
EVO-003236,OPP-001313,contactado,2025-06-20,VEN-003
EVO-003237,OPP-001316,contactado,2025-06-20,VEN-006
EVO-003238,OPP-001319,propuesta,2025-06-20,VEN-007
EVO-003239,OPP-001320,lead,2025-06-20,VEN-007
EVO-003240,OPP-001320,contactado,2025-06-20,VEN-007
EVO-003241,OPP-001321,calificado,2025-06-20,VEN-010
EVO-003242,OPP-001322,lead,2025-06-20,VEN-009
EVO-003243,OPP-001323,lead,2025-06-20,VEN-001
EVO-003244,OPP-001323,contactado,2025-06-20,VEN-001
EVO-003245,OPP-001326,contactado,2025-06-20,VEN-006
EVO-003246,OPP-001330,lead,2025-06-20,VEN-003
EVO-003247,OPP-001335,lead,2025-06-20,VEN-009
EVO-003248,OPP-001335,contactado,2025-06-20,VEN-009
EVO-003249,OPP-001336,lead,2025-06-20,VEN-003
EVO-003250,OPP-001337,contactado,2025-06-20,VEN-011
EVO-003251,OPP-001338,lead,2025-06-20,VEN-003
EVO-003252,OPP-001341,contactado,2025-06-20,VEN-001
EVO-003253,OPP-001342,lead,2025-06-20,VEN-002
EVO-003254,OPP-001343,lead,2025-06-20,VEN-009
EVO-003255,OPP-001344,contactado,2025-06-20,VEN-006
EVO-003256,OPP-001349,contactado,2025-06-20,VEN-006
EVO-003257,OPP-001303,propuesta,2025-06-21,VEN-010
EVO-003258,OPP-001306,cierre,2025-06-21,VEN-012
EVO-003259,OPP-001307,cierre,2025-06-21,VEN-008
EVO-003260,OPP-001312,contactado,2025-06-21,VEN-010
EVO-003261,OPP-001314,calificado,2025-06-21,VEN-001
EVO-003262,OPP-001316,calificado,2025-06-21,VEN-006
EVO-003263,OPP-001316,propuesta,2025-06-21,VEN-006
EVO-003264,OPP-001329,contactado,2025-06-21,VEN-003
EVO-003265,OPP-001331,calificado,2025-06-21,VEN-008
EVO-003266,OPP-001338,contactado,2025-06-21,VEN-003
EVO-003267,OPP-001346,contactado,2025-06-21,VEN-009
EVO-003268,OPP-001303,cierre,2025-06-22,VEN-010
EVO-003269,OPP-001305,calificado,2025-06-22,VEN-006
EVO-003270,OPP-001305,propuesta,2025-06-22,VEN-006
EVO-003271,OPP-001310,calificado,2025-06-22,VEN-008
EVO-003272,OPP-001314,propuesta,2025-06-22,VEN-001
EVO-003273,OPP-001326,calificado,2025-06-22,VEN-006
EVO-003274,OPP-001328,calificado,2025-06-22,VEN-012
EVO-003275,OPP-001328,propuesta,2025-06-22,VEN-012
EVO-003276,OPP-001328,cierre,2025-06-22,VEN-012
EVO-003277,OPP-001335,calificado,2025-06-22,VEN-009
EVO-003278,OPP-001336,contactado,2025-06-22,VEN-003
EVO-003279,OPP-001336,calificado,2025-06-22,VEN-003
EVO-003280,OPP-001338,calificado,2025-06-22,VEN-003
EVO-003281,OPP-001341,calificado,2025-06-22,VEN-001
EVO-003282,OPP-001343,contactado,2025-06-22,VEN-009
EVO-003283,OPP-001344,calificado,2025-06-22,VEN-006
EVO-003284,OPP-001300,contactado,2025-06-23,VEN-004
EVO-003285,OPP-001313,calificado,2025-06-23,VEN-003
EVO-003286,OPP-001314,cierre,2025-06-23,VEN-001
EVO-003287,OPP-001320,calificado,2025-06-23,VEN-007
EVO-003288,OPP-001322,contactado,2025-06-23,VEN-009
EVO-003289,OPP-001342,contactado,2025-06-23,VEN-002
EVO-003290,OPP-001346,calificado,2025-06-23,VEN-009
EVO-003291,OPP-001352,lead,2025-06-23,VEN-004
EVO-003292,OPP-001355,lead,2025-06-23,VEN-007
EVO-003293,OPP-001386,lead,2025-06-23,VEN-010
EVO-003294,OPP-001396,lead,2025-06-23,VEN-001
EVO-003295,OPP-001313,propuesta,2025-06-24,VEN-003
EVO-003296,OPP-001331,propuesta,2025-06-24,VEN-008
EVO-003297,OPP-001336,propuesta,2025-06-24,VEN-003
EVO-003298,OPP-001343,calificado,2025-06-24,VEN-009
EVO-003299,OPP-001352,contactado,2025-06-24,VEN-004
EVO-003300,OPP-001353,lead,2025-06-24,VEN-001
EVO-003301,OPP-001354,lead,2025-06-24,VEN-012
EVO-003302,OPP-001363,lead,2025-06-24,VEN-005
EVO-003303,OPP-001365,lead,2025-06-24,VEN-010
EVO-003304,OPP-001365,contactado,2025-06-24,VEN-010
EVO-003305,OPP-001365,calificado,2025-06-24,VEN-010
EVO-003306,OPP-001369,lead,2025-06-24,VEN-008
EVO-003307,OPP-001374,lead,2025-06-24,VEN-007
EVO-003308,OPP-001375,lead,2025-06-24,VEN-006
EVO-003309,OPP-001379,lead,2025-06-24,VEN-007
EVO-003310,OPP-001379,contactado,2025-06-24,VEN-007
EVO-003311,OPP-001381,lead,2025-06-24,VEN-006
EVO-003312,OPP-001388,lead,2025-06-24,VEN-009
EVO-003313,OPP-001389,lead,2025-06-24,VEN-009
EVO-003314,OPP-001391,lead,2025-06-24,VEN-009
EVO-003315,OPP-001393,lead,2025-06-24,VEN-004
EVO-003316,OPP-001395,lead,2025-06-24,VEN-012
EVO-003317,OPP-001331,cierre,2025-06-25,VEN-008
EVO-003318,OPP-001342,calificado,2025-06-25,VEN-002
EVO-003319,OPP-001358,lead,2025-06-25,VEN-009
EVO-003320,OPP-001359,lead,2025-06-25,VEN-011
EVO-003321,OPP-001360,lead,2025-06-25,VEN-007
EVO-003322,OPP-001360,contactado,2025-06-25,VEN-007
EVO-003323,OPP-001360,calificado,2025-06-25,VEN-007
EVO-003324,OPP-001361,lead,2025-06-25,VEN-009
EVO-003325,OPP-001362,lead,2025-06-25,VEN-007
EVO-003326,OPP-001364,lead,2025-06-25,VEN-002
EVO-003327,OPP-001367,lead,2025-06-25,VEN-001
EVO-003328,OPP-001369,contactado,2025-06-25,VEN-008
EVO-003329,OPP-001369,calificado,2025-06-25,VEN-008
EVO-003330,OPP-001370,lead,2025-06-25,VEN-007
EVO-003331,OPP-001375,contactado,2025-06-25,VEN-006
EVO-003332,OPP-001375,calificado,2025-06-25,VEN-006
EVO-003333,OPP-001376,lead,2025-06-25,VEN-006
EVO-003334,OPP-001376,contactado,2025-06-25,VEN-006
EVO-003335,OPP-001380,lead,2025-06-25,VEN-009
EVO-003336,OPP-001381,contactado,2025-06-25,VEN-006
EVO-003337,OPP-001381,calificado,2025-06-25,VEN-006
EVO-003338,OPP-001382,lead,2025-06-25,VEN-003
EVO-003339,OPP-001385,lead,2025-06-25,VEN-009
EVO-003340,OPP-001386,contactado,2025-06-25,VEN-010
EVO-003341,OPP-001387,lead,2025-06-25,VEN-003
EVO-003342,OPP-001387,contactado,2025-06-25,VEN-003
EVO-003343,OPP-001394,lead,2025-06-25,VEN-010
EVO-003344,OPP-001396,contactado,2025-06-25,VEN-001
EVO-003345,OPP-001320,propuesta,2025-06-26,VEN-007
EVO-003346,OPP-001322,calificado,2025-06-26,VEN-009
EVO-003347,OPP-001346,propuesta,2025-06-26,VEN-009
EVO-003348,OPP-001351,lead,2025-06-26,VEN-004
EVO-003349,OPP-001353,contactado,2025-06-26,VEN-001
EVO-003350,OPP-001355,contactado,2025-06-26,VEN-007
EVO-003351,OPP-001355,calificado,2025-06-26,VEN-007
EVO-003352,OPP-001356,lead,2025-06-26,VEN-009
EVO-003353,OPP-001357,lead,2025-06-26,VEN-004
EVO-003354,OPP-001371,lead,2025-06-26,VEN-012
EVO-003355,OPP-001374,contactado,2025-06-26,VEN-007
EVO-003356,OPP-001377,lead,2025-06-26,VEN-012
EVO-003357,OPP-001383,lead,2025-06-26,VEN-011
EVO-003358,OPP-001384,lead,2025-06-26,VEN-010
EVO-003359,OPP-001385,contactado,2025-06-26,VEN-009
EVO-003360,OPP-001313,cierre,2025-06-27,VEN-003
EVO-003361,OPP-001354,contactado,2025-06-27,VEN-012
EVO-003362,OPP-001354,calificado,2025-06-27,VEN-012
EVO-003363,OPP-001361,contactado,2025-06-27,VEN-009
EVO-003364,OPP-001366,lead,2025-06-27,VEN-006
EVO-003365,OPP-001368,lead,2025-06-27,VEN-012
EVO-003366,OPP-001372,lead,2025-06-27,VEN-011
EVO-003367,OPP-001373,lead,2025-06-27,VEN-011
EVO-003368,OPP-001378,lead,2025-06-27,VEN-012
EVO-003369,OPP-001390,lead,2025-06-27,VEN-002
EVO-003370,OPP-001391,contactado,2025-06-27,VEN-009
EVO-003371,OPP-001391,calificado,2025-06-27,VEN-009
EVO-003372,OPP-001392,lead,2025-06-27,VEN-006
EVO-003373,OPP-001394,contactado,2025-06-27,VEN-010
EVO-003374,OPP-001394,calificado,2025-06-27,VEN-010
EVO-003375,OPP-001395,contactado,2025-06-27,VEN-012
EVO-003376,OPP-001322,propuesta,2025-06-28,VEN-009
EVO-003377,OPP-001322,cierre,2025-06-28,VEN-009
EVO-003378,OPP-001356,contactado,2025-06-28,VEN-009
EVO-003379,OPP-001358,contactado,2025-06-28,VEN-009
EVO-003380,OPP-001362,contactado,2025-06-28,VEN-007
EVO-003381,OPP-001364,contactado,2025-06-28,VEN-002
EVO-003382,OPP-001369,propuesta,2025-06-28,VEN-008
EVO-003383,OPP-001371,contactado,2025-06-28,VEN-012
EVO-003384,OPP-001374,calificado,2025-06-28,VEN-007
EVO-003385,OPP-001374,propuesta,2025-06-28,VEN-007
EVO-003386,OPP-001380,contactado,2025-06-28,VEN-009
EVO-003387,OPP-001382,contactado,2025-06-28,VEN-003
EVO-003388,OPP-001382,calificado,2025-06-28,VEN-003
EVO-003389,OPP-001383,contactado,2025-06-28,VEN-011
EVO-003390,OPP-001394,propuesta,2025-06-28,VEN-010
EVO-003391,OPP-001351,contactado,2025-06-29,VEN-004
EVO-003392,OPP-001353,calificado,2025-06-29,VEN-001
EVO-003393,OPP-001355,propuesta,2025-06-29,VEN-007
EVO-003394,OPP-001358,calificado,2025-06-29,VEN-009
EVO-003395,OPP-001366,contactado,2025-06-29,VEN-006
EVO-003396,OPP-001371,calificado,2025-06-29,VEN-012
EVO-003397,OPP-001371,propuesta,2025-06-29,VEN-012
EVO-003398,OPP-001377,contactado,2025-06-29,VEN-012
EVO-003399,OPP-001380,calificado,2025-06-29,VEN-009
EVO-003400,OPP-001382,propuesta,2025-06-29,VEN-003
EVO-003401,OPP-001385,calificado,2025-06-29,VEN-009
EVO-003402,OPP-001390,contactado,2025-06-29,VEN-002
EVO-003403,OPP-001355,cierre,2025-06-30,VEN-007
EVO-003404,OPP-001356,calificado,2025-06-30,VEN-009
EVO-003405,OPP-001356,propuesta,2025-06-30,VEN-009
EVO-003406,OPP-001361,calificado,2025-06-30,VEN-009
EVO-003407,OPP-001362,calificado,2025-06-30,VEN-007
EVO-003408,OPP-001362,propuesta,2025-06-30,VEN-007
EVO-003409,OPP-001372,contactado,2025-06-30,VEN-011
EVO-003410,OPP-001372,calificado,2025-06-30,VEN-011
EVO-003411,OPP-001378,contactado,2025-06-30,VEN-012
EVO-003412,OPP-001378,calificado,2025-06-30,VEN-012
EVO-003413,OPP-001394,cierre,2025-06-30,VEN-010
EVO-003414,OPP-001398,lead,2025-06-30,VEN-012
EVO-003415,OPP-001404,lead,2025-06-30,VEN-011
EVO-003416,OPP-001405,lead,2025-06-30,VEN-001
EVO-003417,OPP-001405,contactado,2025-06-30,VEN-001
EVO-003418,OPP-001409,lead,2025-06-30,VEN-006
EVO-003419,OPP-001413,lead,2025-06-30,VEN-005
EVO-003420,OPP-001413,contactado,2025-06-30,VEN-005
EVO-003421,OPP-001415,lead,2025-06-30,VEN-007
EVO-003422,OPP-001419,lead,2025-06-30,VEN-012
EVO-003423,OPP-001419,contactado,2025-06-30,VEN-012
EVO-003424,OPP-001426,lead,2025-06-30,VEN-006
EVO-003425,OPP-001426,contactado,2025-06-30,VEN-006
EVO-003426,OPP-001448,lead,2025-06-30,VEN-007
EVO-003427,OPP-001380,propuesta,2025-07-01,VEN-009
EVO-003428,OPP-001390,calificado,2025-07-01,VEN-002
EVO-003429,OPP-001390,propuesta,2025-07-01,VEN-002
EVO-003430,OPP-001397,lead,2025-07-01,VEN-001
EVO-003431,OPP-001402,lead,2025-07-01,VEN-006
EVO-003432,OPP-001402,contactado,2025-07-01,VEN-006
EVO-003433,OPP-001404,contactado,2025-07-01,VEN-011
EVO-003434,OPP-001411,lead,2025-07-01,VEN-006
EVO-003435,OPP-001414,lead,2025-07-01,VEN-009
EVO-003436,OPP-001416,lead,2025-07-01,VEN-004
EVO-003437,OPP-001427,lead,2025-07-01,VEN-001
EVO-003438,OPP-001441,lead,2025-07-01,VEN-012
EVO-003439,OPP-001443,lead,2025-07-01,VEN-010
EVO-003440,OPP-001444,lead,2025-07-01,VEN-011
EVO-003441,OPP-001353,propuesta,2025-07-02,VEN-001
EVO-003442,OPP-001358,propuesta,2025-07-02,VEN-009
EVO-003443,OPP-001361,propuesta,2025-07-02,VEN-009
EVO-003444,OPP-001403,lead,2025-07-02,VEN-001
EVO-003445,OPP-001406,lead,2025-07-02,VEN-012
EVO-003446,OPP-001407,lead,2025-07-02,VEN-005
EVO-003447,OPP-001409,contactado,2025-07-02,VEN-006
EVO-003448,OPP-001411,contactado,2025-07-02,VEN-006
EVO-003449,OPP-001413,calificado,2025-07-02,VEN-005
EVO-003450,OPP-001415,contactado,2025-07-02,VEN-007
EVO-003451,OPP-001416,contactado,2025-07-02,VEN-004
EVO-003452,OPP-001417,lead,2025-07-02,VEN-004
EVO-003453,OPP-001420,lead,2025-07-02,VEN-009
EVO-003454,OPP-001422,lead,2025-07-02,VEN-010
EVO-003455,OPP-001422,contactado,2025-07-02,VEN-010
EVO-003456,OPP-001426,calificado,2025-07-02,VEN-006
EVO-003457,OPP-001427,contactado,2025-07-02,VEN-001
EVO-003458,OPP-001430,lead,2025-07-02,VEN-004
EVO-003459,OPP-001430,contactado,2025-07-02,VEN-004
EVO-003460,OPP-001438,lead,2025-07-02,VEN-006
EVO-003461,OPP-001443,contactado,2025-07-02,VEN-010
EVO-003462,OPP-001445,lead,2025-07-02,VEN-007
EVO-003463,OPP-001446,lead,2025-07-02,VEN-009
EVO-003464,OPP-001398,contactado,2025-07-03,VEN-012
EVO-003465,OPP-001399,lead,2025-07-03,VEN-004
EVO-003466,OPP-001399,contactado,2025-07-03,VEN-004
EVO-003467,OPP-001399,calificado,2025-07-03,VEN-004
EVO-003468,OPP-001403,contactado,2025-07-03,VEN-001
EVO-003469,OPP-001403,calificado,2025-07-03,VEN-001
EVO-003470,OPP-001413,propuesta,2025-07-03,VEN-005
EVO-003471,OPP-001417,contactado,2025-07-03,VEN-004
EVO-003472,OPP-001417,calificado,2025-07-03,VEN-004
EVO-003473,OPP-001422,calificado,2025-07-03,VEN-010
EVO-003474,OPP-001424,lead,2025-07-03,VEN-009
EVO-003475,OPP-001424,contactado,2025-07-03,VEN-009
EVO-003476,OPP-001426,propuesta,2025-07-03,VEN-006
EVO-003477,OPP-001429,lead,2025-07-03,VEN-010
EVO-003478,OPP-001432,lead,2025-07-03,VEN-008
EVO-003479,OPP-001432,contactado,2025-07-03,VEN-008
EVO-003480,OPP-001434,lead,2025-07-03,VEN-006
EVO-003481,OPP-001435,lead,2025-07-03,VEN-005
EVO-003482,OPP-001437,lead,2025-07-03,VEN-001
EVO-003483,OPP-001437,contactado,2025-07-03,VEN-001
EVO-003484,OPP-001440,lead,2025-07-03,VEN-009
EVO-003485,OPP-001441,contactado,2025-07-03,VEN-012
EVO-003486,OPP-001442,lead,2025-07-03,VEN-011
EVO-003487,OPP-001445,contactado,2025-07-03,VEN-007
EVO-003488,OPP-001447,lead,2025-07-03,VEN-002
EVO-003489,OPP-001400,lead,2025-07-04,VEN-004
EVO-003490,OPP-001401,lead,2025-07-04,VEN-007
EVO-003491,OPP-001402,calificado,2025-07-04,VEN-006
EVO-003492,OPP-001404,calificado,2025-07-04,VEN-011
EVO-003493,OPP-001404,propuesta,2025-07-04,VEN-011
EVO-003494,OPP-001406,contactado,2025-07-04,VEN-012
EVO-003495,OPP-001406,calificado,2025-07-04,VEN-012
EVO-003496,OPP-001408,lead,2025-07-04,VEN-012
EVO-003497,OPP-001410,lead,2025-07-04,VEN-010
EVO-003498,OPP-001412,lead,2025-07-04,VEN-006
EVO-003499,OPP-001412,contactado,2025-07-04,VEN-006
EVO-003500,OPP-001414,contactado,2025-07-04,VEN-009
EVO-003501,OPP-001414,calificado,2025-07-04,VEN-009
EVO-003502,OPP-001416,calificado,2025-07-04,VEN-004
EVO-003503,OPP-001416,propuesta,2025-07-04,VEN-004
EVO-003504,OPP-001418,lead,2025-07-04,VEN-004
EVO-003505,OPP-001421,lead,2025-07-04,VEN-007
EVO-003506,OPP-001423,lead,2025-07-04,VEN-005
EVO-003507,OPP-001425,lead,2025-07-04,VEN-002
EVO-003508,OPP-001428,lead,2025-07-04,VEN-005
EVO-003509,OPP-001428,contactado,2025-07-04,VEN-005
EVO-003510,OPP-001430,calificado,2025-07-04,VEN-004
EVO-003511,OPP-001431,lead,2025-07-04,VEN-003
EVO-003512,OPP-001433,lead,2025-07-04,VEN-003
EVO-003513,OPP-001436,lead,2025-07-04,VEN-004
EVO-003514,OPP-001437,calificado,2025-07-04,VEN-001
EVO-003515,OPP-001439,lead,2025-07-04,VEN-010
EVO-003516,OPP-001440,contactado,2025-07-04,VEN-009
EVO-003517,OPP-001442,contactado,2025-07-04,VEN-011
EVO-003518,OPP-001442,calificado,2025-07-04,VEN-011
EVO-003519,OPP-001444,contactado,2025-07-04,VEN-011
EVO-003520,OPP-001446,contactado,2025-07-04,VEN-009
EVO-003521,OPP-001447,contactado,2025-07-04,VEN-002
EVO-003522,OPP-001399,propuesta,2025-07-05,VEN-004
EVO-003523,OPP-001404,cierre,2025-07-05,VEN-011
EVO-003524,OPP-001407,contactado,2025-07-05,VEN-005
EVO-003525,OPP-001410,contactado,2025-07-05,VEN-010
EVO-003526,OPP-001410,calificado,2025-07-05,VEN-010
EVO-003527,OPP-001412,calificado,2025-07-05,VEN-006
EVO-003528,OPP-001424,calificado,2025-07-05,VEN-009
EVO-003529,OPP-001425,contactado,2025-07-05,VEN-002
EVO-003530,OPP-001426,cierre,2025-07-05,VEN-006
EVO-003531,OPP-001429,contactado,2025-07-05,VEN-010
EVO-003532,OPP-001431,contactado,2025-07-05,VEN-003
EVO-003533,OPP-001431,calificado,2025-07-05,VEN-003
EVO-003534,OPP-001433,contactado,2025-07-05,VEN-003
EVO-003535,OPP-001433,calificado,2025-07-05,VEN-003
EVO-003536,OPP-001434,contactado,2025-07-05,VEN-006
EVO-003537,OPP-001435,contactado,2025-07-05,VEN-005
EVO-003538,OPP-001436,contactado,2025-07-05,VEN-004
EVO-003539,OPP-001417,propuesta,2025-07-06,VEN-004
EVO-003540,OPP-001423,contactado,2025-07-06,VEN-005
EVO-003541,OPP-001432,calificado,2025-07-06,VEN-008
EVO-003542,OPP-001433,propuesta,2025-07-06,VEN-003
EVO-003543,OPP-001436,calificado,2025-07-06,VEN-004
EVO-003544,OPP-001401,contactado,2025-07-07,VEN-007
EVO-003545,OPP-001402,propuesta,2025-07-07,VEN-006
EVO-003546,OPP-001402,cierre,2025-07-07,VEN-006
EVO-003547,OPP-001408,contactado,2025-07-07,VEN-012
EVO-003548,OPP-001418,contactado,2025-07-07,VEN-004
EVO-003549,OPP-001421,contactado,2025-07-07,VEN-007
EVO-003550,OPP-001421,calificado,2025-07-07,VEN-007
EVO-003551,OPP-001436,propuesta,2025-07-07,VEN-004
EVO-003552,OPP-001444,calificado,2025-07-07,VEN-011
EVO-003553,OPP-001454,lead,2025-07-07,VEN-006
EVO-003554,OPP-001465,lead,2025-07-07,VEN-002
EVO-003555,OPP-001473,lead,2025-07-07,VEN-004
EVO-003556,OPP-001476,lead,2025-07-07,VEN-004
EVO-003557,OPP-001480,lead,2025-07-07,VEN-012
EVO-003558,OPP-001482,lead,2025-07-07,VEN-001
EVO-003559,OPP-001399,cierre,2025-07-08,VEN-004
EVO-003560,OPP-001408,calificado,2025-07-08,VEN-012
EVO-003561,OPP-001410,propuesta,2025-07-08,VEN-010
EVO-003562,OPP-001418,calificado,2025-07-08,VEN-004
EVO-003563,OPP-001421,propuesta,2025-07-08,VEN-007
EVO-003564,OPP-001431,propuesta,2025-07-08,VEN-003
EVO-003565,OPP-001432,propuesta,2025-07-08,VEN-008
EVO-003566,OPP-001435,calificado,2025-07-08,VEN-005
EVO-003567,OPP-001450,lead,2025-07-08,VEN-007
EVO-003568,OPP-001452,lead,2025-07-08,VEN-006
EVO-003569,OPP-001459,lead,2025-07-08,VEN-004
EVO-003570,OPP-001460,lead,2025-07-08,VEN-004
EVO-003571,OPP-001462,lead,2025-07-08,VEN-004
EVO-003572,OPP-001469,lead,2025-07-08,VEN-002
EVO-003573,OPP-001471,lead,2025-07-08,VEN-005
EVO-003574,OPP-001475,lead,2025-07-08,VEN-003
EVO-003575,OPP-001480,contactado,2025-07-08,VEN-012
EVO-003576,OPP-001480,calificado,2025-07-08,VEN-012
EVO-003577,OPP-001485,lead,2025-07-08,VEN-004
EVO-003578,OPP-001497,lead,2025-07-08,VEN-005
EVO-003579,OPP-001410,cierre,2025-07-09,VEN-010
EVO-003580,OPP-001450,contactado,2025-07-09,VEN-007
EVO-003581,OPP-001450,calificado,2025-07-09,VEN-007
EVO-003582,OPP-001453,lead,2025-07-09,VEN-011
EVO-003583,OPP-001460,contactado,2025-07-09,VEN-004
EVO-003584,OPP-001466,lead,2025-07-09,VEN-002
EVO-003585,OPP-001467,lead,2025-07-09,VEN-003
EVO-003586,OPP-001468,lead,2025-07-09,VEN-004
EVO-003587,OPP-001470,lead,2025-07-09,VEN-012
EVO-003588,OPP-001470,contactado,2025-07-09,VEN-012
EVO-003589,OPP-001472,lead,2025-07-09,VEN-007
EVO-003590,OPP-001474,lead,2025-07-09,VEN-007
EVO-003591,OPP-001476,contactado,2025-07-09,VEN-004
EVO-003592,OPP-001476,calificado,2025-07-09,VEN-004
EVO-003593,OPP-001479,lead,2025-07-09,VEN-004
EVO-003594,OPP-001480,propuesta,2025-07-09,VEN-012
EVO-003595,OPP-001481,lead,2025-07-09,VEN-012
EVO-003596,OPP-001481,contactado,2025-07-09,VEN-012
EVO-003597,OPP-001482,contactado,2025-07-09,VEN-001
EVO-003598,OPP-001485,contactado,2025-07-09,VEN-004
EVO-003599,OPP-001488,lead,2025-07-09,VEN-008
EVO-003600,OPP-001489,lead,2025-07-09,VEN-001
EVO-003601,OPP-001490,lead,2025-07-09,VEN-001
EVO-003602,OPP-001449,lead,2025-07-10,VEN-011
EVO-003603,OPP-001450,propuesta,2025-07-10,VEN-007
EVO-003604,OPP-001451,lead,2025-07-10,VEN-001
EVO-003605,OPP-001451,contactado,2025-07-10,VEN-001
EVO-003606,OPP-001451,calificado,2025-07-10,VEN-001
EVO-003607,OPP-001453,contactado,2025-07-10,VEN-011
EVO-003608,OPP-001454,contactado,2025-07-10,VEN-006
EVO-003609,OPP-001455,lead,2025-07-10,VEN-004
EVO-003610,OPP-001457,lead,2025-07-10,VEN-012
EVO-003611,OPP-001461,lead,2025-07-10,VEN-001
EVO-003612,OPP-001464,lead,2025-07-10,VEN-004
EVO-003613,OPP-001465,contactado,2025-07-10,VEN-002
EVO-003614,OPP-001466,contactado,2025-07-10,VEN-002
EVO-003615,OPP-001466,calificado,2025-07-10,VEN-002
EVO-003616,OPP-001469,contactado,2025-07-10,VEN-002
EVO-003617,OPP-001474,contactado,2025-07-10,VEN-007
EVO-003618,OPP-001476,propuesta,2025-07-10,VEN-004
EVO-003619,OPP-001479,contactado,2025-07-10,VEN-004
EVO-003620,OPP-001483,lead,2025-07-10,VEN-003
EVO-003621,OPP-001484,lead,2025-07-10,VEN-004
EVO-003622,OPP-001485,calificado,2025-07-10,VEN-004
EVO-003623,OPP-001486,lead,2025-07-10,VEN-005
EVO-003624,OPP-001486,contactado,2025-07-10,VEN-005
EVO-003625,OPP-001487,lead,2025-07-10,VEN-011
EVO-003626,OPP-001490,contactado,2025-07-10,VEN-001
EVO-003627,OPP-001493,lead,2025-07-10,VEN-002
EVO-003628,OPP-001494,lead,2025-07-10,VEN-005
EVO-003629,OPP-001408,propuesta,2025-07-11,VEN-012
EVO-003630,OPP-001452,contactado,2025-07-11,VEN-006
EVO-003631,OPP-001454,calificado,2025-07-11,VEN-006
EVO-003632,OPP-001456,lead,2025-07-11,VEN-002
EVO-003633,OPP-001458,lead,2025-07-11,VEN-004
EVO-003634,OPP-001459,contactado,2025-07-11,VEN-004
EVO-003635,OPP-001459,calificado,2025-07-11,VEN-004
EVO-003636,OPP-001462,contactado,2025-07-11,VEN-004
EVO-003637,OPP-001463,lead,2025-07-11,VEN-010
EVO-003638,OPP-001464,contactado,2025-07-11,VEN-004
EVO-003639,OPP-001468,contactado,2025-07-11,VEN-004
EVO-003640,OPP-001468,calificado,2025-07-11,VEN-004
EVO-003641,OPP-001468,propuesta,2025-07-11,VEN-004
EVO-003642,OPP-001477,lead,2025-07-11,VEN-004
EVO-003643,OPP-001478,lead,2025-07-11,VEN-006
EVO-003644,OPP-001481,calificado,2025-07-11,VEN-012
EVO-003645,OPP-001486,calificado,2025-07-11,VEN-005
EVO-003646,OPP-001488,contactado,2025-07-11,VEN-008
EVO-003647,OPP-001491,lead,2025-07-11,VEN-010
EVO-003648,OPP-001492,lead,2025-07-11,VEN-012
EVO-003649,OPP-001495,lead,2025-07-11,VEN-009
EVO-003650,OPP-001495,contactado,2025-07-11,VEN-009
EVO-003651,OPP-001496,lead,2025-07-11,VEN-011
EVO-003652,OPP-001453,calificado,2025-07-12,VEN-011
EVO-003653,OPP-001461,contactado,2025-07-12,VEN-001
EVO-003654,OPP-001465,calificado,2025-07-12,VEN-002
EVO-003655,OPP-001467,contactado,2025-07-12,VEN-003
EVO-003656,OPP-001467,calificado,2025-07-12,VEN-003
EVO-003657,OPP-001479,calificado,2025-07-12,VEN-004
EVO-003658,OPP-001483,contactado,2025-07-12,VEN-003
EVO-003659,OPP-001483,calificado,2025-07-12,VEN-003
EVO-003660,OPP-001449,contactado,2025-07-13,VEN-011
EVO-003661,OPP-001450,cierre,2025-07-13,VEN-007
EVO-003662,OPP-001451,propuesta,2025-07-13,VEN-001
EVO-003663,OPP-001453,propuesta,2025-07-13,VEN-011
EVO-003664,OPP-001455,contactado,2025-07-13,VEN-004
EVO-003665,OPP-001457,contactado,2025-07-13,VEN-012
EVO-003666,OPP-001467,propuesta,2025-07-13,VEN-003
EVO-003667,OPP-001469,calificado,2025-07-13,VEN-002
EVO-003668,OPP-001479,propuesta,2025-07-13,VEN-004
EVO-003669,OPP-001492,contactado,2025-07-13,VEN-012
EVO-003670,OPP-001494,contactado,2025-07-13,VEN-005
EVO-003671,OPP-001456,contactado,2025-07-14,VEN-002
EVO-003672,OPP-001458,contactado,2025-07-14,VEN-004
EVO-003673,OPP-001469,propuesta,2025-07-14,VEN-002
EVO-003674,OPP-001469,cierre,2025-07-14,VEN-002
EVO-003675,OPP-001486,propuesta,2025-07-14,VEN-005
EVO-003676,OPP-001491,contactado,2025-07-14,VEN-010
EVO-003677,OPP-001492,calificado,2025-07-14,VEN-012
EVO-003678,OPP-001492,propuesta,2025-07-14,VEN-012
EVO-003679,OPP-001495,calificado,2025-07-14,VEN-009
EVO-003680,OPP-001496,contactado,2025-07-14,VEN-011
EVO-003681,OPP-001500,lead,2025-07-14,VEN-007
EVO-003682,OPP-001502,lead,2025-07-14,VEN-009
EVO-003683,OPP-001502,contactado,2025-07-14,VEN-009
EVO-003684,OPP-001505,lead,2025-07-14,VEN-002
EVO-003685,OPP-001511,lead,2025-07-14,VEN-008
EVO-003686,OPP-001517,lead,2025-07-14,VEN-009
EVO-003687,OPP-001518,lead,2025-07-14,VEN-003
EVO-003688,OPP-001518,contactado,2025-07-14,VEN-003
EVO-003689,OPP-001525,lead,2025-07-14,VEN-012
EVO-003690,OPP-001525,contactado,2025-07-14,VEN-012
EVO-003691,OPP-001527,lead,2025-07-14,VEN-010
EVO-003692,OPP-001541,lead,2025-07-14,VEN-007
EVO-003693,OPP-001543,lead,2025-07-14,VEN-003
EVO-003694,OPP-001543,contactado,2025-07-14,VEN-003
EVO-003695,OPP-001543,calificado,2025-07-14,VEN-003
EVO-003696,OPP-001545,lead,2025-07-14,VEN-003
EVO-003697,OPP-001547,lead,2025-07-14,VEN-005
EVO-003698,OPP-001548,lead,2025-07-14,VEN-008
EVO-003699,OPP-001551,lead,2025-07-14,VEN-006
EVO-003700,OPP-001451,cierre,2025-07-15,VEN-001
EVO-003701,OPP-001486,cierre,2025-07-15,VEN-005
EVO-003702,OPP-001505,contactado,2025-07-15,VEN-002
EVO-003703,OPP-001506,lead,2025-07-15,VEN-008
EVO-003704,OPP-001506,contactado,2025-07-15,VEN-008
EVO-003705,OPP-001513,lead,2025-07-15,VEN-002
EVO-003706,OPP-001522,lead,2025-07-15,VEN-005
EVO-003707,OPP-001522,contactado,2025-07-15,VEN-005
EVO-003708,OPP-001523,lead,2025-07-15,VEN-001
EVO-003709,OPP-001523,contactado,2025-07-15,VEN-001
EVO-003710,OPP-001523,calificado,2025-07-15,VEN-001
EVO-003711,OPP-001534,lead,2025-07-15,VEN-002
EVO-003712,OPP-001536,lead,2025-07-15,VEN-012
EVO-003713,OPP-001537,lead,2025-07-15,VEN-001
EVO-003714,OPP-001537,contactado,2025-07-15,VEN-001
EVO-003715,OPP-001539,lead,2025-07-15,VEN-010
EVO-003716,OPP-001539,contactado,2025-07-15,VEN-010
EVO-003717,OPP-001549,lead,2025-07-15,VEN-008
EVO-003718,OPP-001549,contactado,2025-07-15,VEN-008
EVO-003719,OPP-001453,cierre,2025-07-16,VEN-011
EVO-003720,OPP-001496,calificado,2025-07-16,VEN-011
EVO-003721,OPP-001503,lead,2025-07-16,VEN-003
EVO-003722,OPP-001504,lead,2025-07-16,VEN-007
EVO-003723,OPP-001507,lead,2025-07-16,VEN-008
EVO-003724,OPP-001511,contactado,2025-07-16,VEN-008
EVO-003725,OPP-001512,lead,2025-07-16,VEN-002
EVO-003726,OPP-001519,lead,2025-07-16,VEN-010
EVO-003727,OPP-001524,lead,2025-07-16,VEN-004
EVO-003728,OPP-001524,contactado,2025-07-16,VEN-004
EVO-003729,OPP-001527,contactado,2025-07-16,VEN-010
EVO-003730,OPP-001529,lead,2025-07-16,VEN-004
EVO-003731,OPP-001529,contactado,2025-07-16,VEN-004
EVO-003732,OPP-001532,lead,2025-07-16,VEN-007
EVO-003733,OPP-001533,lead,2025-07-16,VEN-007
EVO-003734,OPP-001533,contactado,2025-07-16,VEN-007
EVO-003735,OPP-001536,contactado,2025-07-16,VEN-012
EVO-003736,OPP-001542,lead,2025-07-16,VEN-003
EVO-003737,OPP-001547,contactado,2025-07-16,VEN-005
EVO-003738,OPP-001548,contactado,2025-07-16,VEN-008
EVO-003739,OPP-001550,lead,2025-07-16,VEN-010
EVO-003740,OPP-001552,lead,2025-07-16,VEN-005
EVO-003741,OPP-001552,contactado,2025-07-16,VEN-005
EVO-003742,OPP-001456,calificado,2025-07-17,VEN-002
EVO-003743,OPP-001458,calificado,2025-07-17,VEN-004
EVO-003744,OPP-001498,lead,2025-07-17,VEN-006
EVO-003745,OPP-001501,lead,2025-07-17,VEN-008
EVO-003746,OPP-001501,contactado,2025-07-17,VEN-008
EVO-003747,OPP-001501,calificado,2025-07-17,VEN-008
EVO-003748,OPP-001504,contactado,2025-07-17,VEN-007
EVO-003749,OPP-001507,contactado,2025-07-17,VEN-008
EVO-003750,OPP-001508,lead,2025-07-17,VEN-010
EVO-003751,OPP-001508,contactado,2025-07-17,VEN-010
EVO-003752,OPP-001509,lead,2025-07-17,VEN-005
EVO-003753,OPP-001511,calificado,2025-07-17,VEN-008
EVO-003754,OPP-001512,contactado,2025-07-17,VEN-002
EVO-003755,OPP-001513,contactado,2025-07-17,VEN-002
EVO-003756,OPP-001513,calificado,2025-07-17,VEN-002
EVO-003757,OPP-001514,lead,2025-07-17,VEN-004
EVO-003758,OPP-001515,lead,2025-07-17,VEN-010
EVO-003759,OPP-001516,lead,2025-07-17,VEN-006
EVO-003760,OPP-001516,contactado,2025-07-17,VEN-006
EVO-003761,OPP-001520,lead,2025-07-17,VEN-006
EVO-003762,OPP-001521,lead,2025-07-17,VEN-010
EVO-003763,OPP-001525,calificado,2025-07-17,VEN-012
EVO-003764,OPP-001530,lead,2025-07-17,VEN-006
EVO-003765,OPP-001535,lead,2025-07-17,VEN-005
EVO-003766,OPP-001537,calificado,2025-07-17,VEN-001
EVO-003767,OPP-001538,lead,2025-07-17,VEN-010
EVO-003768,OPP-001541,contactado,2025-07-17,VEN-007
EVO-003769,OPP-001544,lead,2025-07-17,VEN-005
EVO-003770,OPP-001548,calificado,2025-07-17,VEN-008
EVO-003771,OPP-001551,contactado,2025-07-17,VEN-006
EVO-003772,OPP-001553,lead,2025-07-17,VEN-005
EVO-003773,OPP-001553,contactado,2025-07-17,VEN-005
EVO-003774,OPP-001456,propuesta,2025-07-18,VEN-002
EVO-003775,OPP-001499,lead,2025-07-18,VEN-011
EVO-003776,OPP-001510,lead,2025-07-18,VEN-001
EVO-003777,OPP-001514,contactado,2025-07-18,VEN-004
EVO-003778,OPP-001520,contactado,2025-07-18,VEN-006
EVO-003779,OPP-001522,calificado,2025-07-18,VEN-005
EVO-003780,OPP-001523,propuesta,2025-07-18,VEN-001
EVO-003781,OPP-001523,cierre,2025-07-18,VEN-001
EVO-003782,OPP-001524,calificado,2025-07-18,VEN-004
EVO-003783,OPP-001525,propuesta,2025-07-18,VEN-012
EVO-003784,OPP-001526,lead,2025-07-18,VEN-009
EVO-003785,OPP-001528,lead,2025-07-18,VEN-007
EVO-003786,OPP-001531,lead,2025-07-18,VEN-006
EVO-003787,OPP-001534,contactado,2025-07-18,VEN-002
EVO-003788,OPP-001534,calificado,2025-07-18,VEN-002
EVO-003789,OPP-001540,lead,2025-07-18,VEN-006
EVO-003790,OPP-001544,contactado,2025-07-18,VEN-005
EVO-003791,OPP-001546,lead,2025-07-18,VEN-003
EVO-003792,OPP-001547,calificado,2025-07-18,VEN-005
EVO-003793,OPP-001553,calificado,2025-07-18,VEN-005
EVO-003794,OPP-001508,calificado,2025-07-19,VEN-010
EVO-003795,OPP-001509,contactado,2025-07-19,VEN-005
EVO-003796,OPP-001509,calificado,2025-07-19,VEN-005
EVO-003797,OPP-001509,propuesta,2025-07-19,VEN-005
EVO-003798,OPP-001515,contactado,2025-07-19,VEN-010
EVO-003799,OPP-001516,calificado,2025-07-19,VEN-006
EVO-003800,OPP-001516,propuesta,2025-07-19,VEN-006
EVO-003801,OPP-001519,contactado,2025-07-19,VEN-010
EVO-003802,OPP-001526,contactado,2025-07-19,VEN-009
EVO-003803,OPP-001529,calificado,2025-07-19,VEN-004
EVO-003804,OPP-001530,contactado,2025-07-19,VEN-006
EVO-003805,OPP-001532,contactado,2025-07-19,VEN-007
EVO-003806,OPP-001532,calificado,2025-07-19,VEN-007
EVO-003807,OPP-001532,propuesta,2025-07-19,VEN-007
EVO-003808,OPP-001534,propuesta,2025-07-19,VEN-002
EVO-003809,OPP-001553,propuesta,2025-07-19,VEN-005
EVO-003810,OPP-001504,calificado,2025-07-20,VEN-007
EVO-003811,OPP-001504,propuesta,2025-07-20,VEN-007
EVO-003812,OPP-001508,propuesta,2025-07-20,VEN-010
EVO-003813,OPP-001514,calificado,2025-07-20,VEN-004
EVO-003814,OPP-001514,propuesta,2025-07-20,VEN-004
EVO-003815,OPP-001514,cierre,2025-07-20,VEN-004
EVO-003816,OPP-001520,calificado,2025-07-20,VEN-006
EVO-003817,OPP-001522,propuesta,2025-07-20,VEN-005
EVO-003818,OPP-001524,propuesta,2025-07-20,VEN-004
EVO-003819,OPP-001531,contactado,2025-07-20,VEN-006
EVO-003820,OPP-001535,contactado,2025-07-20,VEN-005
EVO-003821,OPP-001548,propuesta,2025-07-20,VEN-008
EVO-003822,OPP-001553,cierre,2025-07-20,VEN-005
EVO-003823,OPP-001456,cierre,2025-07-21,VEN-002
EVO-003824,OPP-001508,cierre,2025-07-21,VEN-010
EVO-003825,OPP-001510,contactado,2025-07-21,VEN-001
EVO-003826,OPP-001526,calificado,2025-07-21,VEN-009
EVO-003827,OPP-001526,propuesta,2025-07-21,VEN-009
EVO-003828,OPP-001544,calificado,2025-07-21,VEN-005
EVO-003829,OPP-001565,lead,2025-07-21,VEN-004
EVO-003830,OPP-001568,lead,2025-07-21,VEN-005
EVO-003831,OPP-001576,lead,2025-07-21,VEN-009
EVO-003832,OPP-001576,contactado,2025-07-21,VEN-009
EVO-003833,OPP-001589,lead,2025-07-21,VEN-001
EVO-003834,OPP-001590,lead,2025-07-21,VEN-010
EVO-003835,OPP-001593,lead,2025-07-21,VEN-005
EVO-003836,OPP-001594,lead,2025-07-21,VEN-010
EVO-003837,OPP-001596,lead,2025-07-21,VEN-006
EVO-003838,OPP-001597,lead,2025-07-21,VEN-012
EVO-003839,OPP-001602,lead,2025-07-21,VEN-012
EVO-003840,OPP-001603,lead,2025-07-21,VEN-010
EVO-003841,OPP-001531,calificado,2025-07-22,VEN-006
EVO-003842,OPP-001554,lead,2025-07-22,VEN-008
EVO-003843,OPP-001555,lead,2025-07-22,VEN-010
EVO-003844,OPP-001556,lead,2025-07-22,VEN-005
EVO-003845,OPP-001558,lead,2025-07-22,VEN-002
EVO-003846,OPP-001559,lead,2025-07-22,VEN-003
EVO-003847,OPP-001561,lead,2025-07-22,VEN-012
EVO-003848,OPP-001564,lead,2025-07-22,VEN-007
EVO-003849,OPP-001566,lead,2025-07-22,VEN-010
EVO-003850,OPP-001578,lead,2025-07-22,VEN-008
EVO-003851,OPP-001592,lead,2025-07-22,VEN-010
EVO-003852,OPP-001593,contactado,2025-07-22,VEN-005
EVO-003853,OPP-001597,contactado,2025-07-22,VEN-012
EVO-003854,OPP-001600,lead,2025-07-22,VEN-007
EVO-003855,OPP-001554,contactado,2025-07-23,VEN-008
EVO-003856,OPP-001564,contactado,2025-07-23,VEN-007
EVO-003857,OPP-001568,contactado,2025-07-23,VEN-005
EVO-003858,OPP-001568,calificado,2025-07-23,VEN-005
EVO-003859,OPP-001570,lead,2025-07-23,VEN-011
EVO-003860,OPP-001573,lead,2025-07-23,VEN-005
EVO-003861,OPP-001577,lead,2025-07-23,VEN-002
EVO-003862,OPP-001579,lead,2025-07-23,VEN-011
EVO-003863,OPP-001582,lead,2025-07-23,VEN-007
EVO-003864,OPP-001594,contactado,2025-07-23,VEN-010
EVO-003865,OPP-001595,lead,2025-07-23,VEN-011
EVO-003866,OPP-001596,contactado,2025-07-23,VEN-006
EVO-003867,OPP-001597,calificado,2025-07-23,VEN-012
EVO-003868,OPP-001602,contactado,2025-07-23,VEN-012
EVO-003869,OPP-001510,calificado,2025-07-24,VEN-001
EVO-003870,OPP-001557,lead,2025-07-24,VEN-002
EVO-003871,OPP-001563,lead,2025-07-24,VEN-002
EVO-003872,OPP-001563,contactado,2025-07-24,VEN-002
EVO-003873,OPP-001565,contactado,2025-07-24,VEN-004
EVO-003874,OPP-001565,calificado,2025-07-24,VEN-004
EVO-003875,OPP-001567,lead,2025-07-24,VEN-009
EVO-003876,OPP-001571,lead,2025-07-24,VEN-001
EVO-003877,OPP-001574,lead,2025-07-24,VEN-011
EVO-003878,OPP-001575,lead,2025-07-24,VEN-007
EVO-003879,OPP-001576,calificado,2025-07-24,VEN-009
EVO-003880,OPP-001578,contactado,2025-07-24,VEN-008
EVO-003881,OPP-001580,lead,2025-07-24,VEN-003
EVO-003882,OPP-001581,lead,2025-07-24,VEN-007
EVO-003883,OPP-001581,contactado,2025-07-24,VEN-007
EVO-003884,OPP-001582,contactado,2025-07-24,VEN-007
EVO-003885,OPP-001583,lead,2025-07-24,VEN-008
EVO-003886,OPP-001587,lead,2025-07-24,VEN-006
EVO-003887,OPP-001588,lead,2025-07-24,VEN-007
EVO-003888,OPP-001591,lead,2025-07-24,VEN-007
EVO-003889,OPP-001596,calificado,2025-07-24,VEN-006
EVO-003890,OPP-001601,lead,2025-07-24,VEN-001
EVO-003891,OPP-001603,contactado,2025-07-24,VEN-010
EVO-003892,OPP-001555,contactado,2025-07-25,VEN-010
EVO-003893,OPP-001558,contactado,2025-07-25,VEN-002
EVO-003894,OPP-001559,contactado,2025-07-25,VEN-003
EVO-003895,OPP-001560,lead,2025-07-25,VEN-002
EVO-003896,OPP-001560,contactado,2025-07-25,VEN-002
EVO-003897,OPP-001562,lead,2025-07-25,VEN-012
EVO-003898,OPP-001569,lead,2025-07-25,VEN-004
EVO-003899,OPP-001569,contactado,2025-07-25,VEN-004
EVO-003900,OPP-001572,lead,2025-07-25,VEN-007
EVO-003901,OPP-001573,contactado,2025-07-25,VEN-005
EVO-003902,OPP-001580,contactado,2025-07-25,VEN-003
EVO-003903,OPP-001584,lead,2025-07-25,VEN-006
EVO-003904,OPP-001584,contactado,2025-07-25,VEN-006
EVO-003905,OPP-001585,lead,2025-07-25,VEN-004
EVO-003906,OPP-001586,lead,2025-07-25,VEN-006
EVO-003907,OPP-001592,contactado,2025-07-25,VEN-010
EVO-003908,OPP-001592,calificado,2025-07-25,VEN-010
EVO-003909,OPP-001598,lead,2025-07-25,VEN-004
EVO-003910,OPP-001599,lead,2025-07-25,VEN-005
EVO-003911,OPP-001599,contactado,2025-07-25,VEN-005
EVO-003912,OPP-001510,propuesta,2025-07-26,VEN-001
EVO-003913,OPP-001558,calificado,2025-07-26,VEN-002
EVO-003914,OPP-001560,calificado,2025-07-26,VEN-002
EVO-003915,OPP-001563,calificado,2025-07-26,VEN-002
EVO-003916,OPP-001567,contactado,2025-07-26,VEN-009
EVO-003917,OPP-001572,contactado,2025-07-26,VEN-007
EVO-003918,OPP-001572,calificado,2025-07-26,VEN-007
EVO-003919,OPP-001577,contactado,2025-07-26,VEN-002
EVO-003920,OPP-001583,contactado,2025-07-26,VEN-008
EVO-003921,OPP-001585,contactado,2025-07-26,VEN-004
EVO-003922,OPP-001587,contactado,2025-07-26,VEN-006
EVO-003923,OPP-001591,contactado,2025-07-26,VEN-007
EVO-003924,OPP-001595,contactado,2025-07-26,VEN-011
EVO-003925,OPP-001597,propuesta,2025-07-26,VEN-012
EVO-003926,OPP-001557,contactado,2025-07-27,VEN-002
EVO-003927,OPP-001562,contactado,2025-07-27,VEN-012
EVO-003928,OPP-001565,propuesta,2025-07-27,VEN-004
EVO-003929,OPP-001567,calificado,2025-07-27,VEN-009
EVO-003930,OPP-001567,propuesta,2025-07-27,VEN-009
EVO-003931,OPP-001578,calificado,2025-07-27,VEN-008
EVO-003932,OPP-001586,contactado,2025-07-27,VEN-006
EVO-003933,OPP-001588,contactado,2025-07-27,VEN-007
EVO-003934,OPP-001592,propuesta,2025-07-27,VEN-010
EVO-003935,OPP-001596,propuesta,2025-07-27,VEN-006
EVO-003936,OPP-001598,contactado,2025-07-27,VEN-004
EVO-003937,OPP-001557,calificado,2025-07-28,VEN-002
EVO-003938,OPP-001558,propuesta,2025-07-28,VEN-002
EVO-003939,OPP-001559,calificado,2025-07-28,VEN-003
EVO-003940,OPP-001563,propuesta,2025-07-28,VEN-002
EVO-003941,OPP-001583,calificado,2025-07-28,VEN-008
EVO-003942,OPP-001584,calificado,2025-07-28,VEN-006
EVO-003943,OPP-001611,lead,2025-07-28,VEN-008
EVO-003944,OPP-001617,lead,2025-07-28,VEN-008
EVO-003945,OPP-001617,contactado,2025-07-28,VEN-008
EVO-003946,OPP-001623,lead,2025-07-28,VEN-003
EVO-003947,OPP-001630,lead,2025-07-28,VEN-011
EVO-003948,OPP-001633,lead,2025-07-28,VEN-012
EVO-003949,OPP-001633,contactado,2025-07-28,VEN-012
EVO-003950,OPP-001634,lead,2025-07-28,VEN-011
EVO-003951,OPP-001643,lead,2025-07-28,VEN-005
EVO-003952,OPP-001643,contactado,2025-07-28,VEN-005
EVO-003953,OPP-001557,propuesta,2025-07-29,VEN-002
EVO-003954,OPP-001562,calificado,2025-07-29,VEN-012
EVO-003955,OPP-001563,cierre,2025-07-29,VEN-002
EVO-003956,OPP-001565,cierre,2025-07-29,VEN-004
EVO-003957,OPP-001595,calificado,2025-07-29,VEN-011
EVO-003958,OPP-001596,cierre,2025-07-29,VEN-006
EVO-003959,OPP-001605,lead,2025-07-29,VEN-007
EVO-003960,OPP-001605,contactado,2025-07-29,VEN-007
EVO-003961,OPP-001614,lead,2025-07-29,VEN-002
EVO-003962,OPP-001620,lead,2025-07-29,VEN-002
EVO-003963,OPP-001623,contactado,2025-07-29,VEN-003
EVO-003964,OPP-001626,lead,2025-07-29,VEN-003
EVO-003965,OPP-001626,contactado,2025-07-29,VEN-003
EVO-003966,OPP-001633,calificado,2025-07-29,VEN-012
EVO-003967,OPP-001640,lead,2025-07-29,VEN-008
EVO-003968,OPP-001642,lead,2025-07-29,VEN-006
EVO-003969,OPP-001642,contactado,2025-07-29,VEN-006
EVO-003970,OPP-001647,lead,2025-07-29,VEN-011
EVO-003971,OPP-001586,calificado,2025-07-30,VEN-006
EVO-003972,OPP-001588,calificado,2025-07-30,VEN-007
EVO-003973,OPP-001595,propuesta,2025-07-30,VEN-011
EVO-003974,OPP-001606,lead,2025-07-30,VEN-007
EVO-003975,OPP-001608,lead,2025-07-30,VEN-007
EVO-003976,OPP-001610,lead,2025-07-30,VEN-011
EVO-003977,OPP-001610,contactado,2025-07-30,VEN-011
EVO-003978,OPP-001621,lead,2025-07-30,VEN-007
EVO-003979,OPP-001622,lead,2025-07-30,VEN-012
EVO-003980,OPP-001626,calificado,2025-07-30,VEN-003
EVO-003981,OPP-001627,lead,2025-07-30,VEN-003
EVO-003982,OPP-001627,contactado,2025-07-30,VEN-003
EVO-003983,OPP-001628,lead,2025-07-30,VEN-002
EVO-003984,OPP-001628,contactado,2025-07-30,VEN-002
EVO-003985,OPP-001630,contactado,2025-07-30,VEN-011
EVO-003986,OPP-001631,lead,2025-07-30,VEN-001
EVO-003987,OPP-001636,lead,2025-07-30,VEN-004
EVO-003988,OPP-001637,lead,2025-07-30,VEN-003
EVO-003989,OPP-001642,calificado,2025-07-30,VEN-006
EVO-003990,OPP-001643,calificado,2025-07-30,VEN-005
EVO-003991,OPP-001644,lead,2025-07-30,VEN-006
EVO-003992,OPP-001649,lead,2025-07-30,VEN-009
EVO-003993,OPP-001650,lead,2025-07-30,VEN-002
EVO-003994,OPP-001650,contactado,2025-07-30,VEN-002
EVO-003995,OPP-001558,cierre,2025-07-31,VEN-002
EVO-003996,OPP-001562,propuesta,2025-07-31,VEN-012
EVO-003997,OPP-001583,propuesta,2025-07-31,VEN-008
EVO-003998,OPP-001604,lead,2025-07-31,VEN-007
EVO-003999,OPP-001605,calificado,2025-07-31,VEN-007
EVO-004000,OPP-001612,lead,2025-07-31,VEN-004
EVO-004001,OPP-001614,contactado,2025-07-31,VEN-002
EVO-004002,OPP-001615,lead,2025-07-31,VEN-004
EVO-004003,OPP-001618,lead,2025-07-31,VEN-002
EVO-004004,OPP-001619,lead,2025-07-31,VEN-001
EVO-004005,OPP-001624,lead,2025-07-31,VEN-008
EVO-004006,OPP-001627,calificado,2025-07-31,VEN-003
EVO-004007,OPP-001632,lead,2025-07-31,VEN-005
EVO-004008,OPP-001638,lead,2025-07-31,VEN-004
EVO-004009,OPP-001643,propuesta,2025-07-31,VEN-005
EVO-004010,OPP-001645,lead,2025-07-31,VEN-008
EVO-004011,OPP-001645,contactado,2025-07-31,VEN-008
EVO-004012,OPP-001646,lead,2025-07-31,VEN-003
EVO-004013,OPP-001651,lead,2025-07-31,VEN-004
EVO-004014,OPP-001652,lead,2025-07-31,VEN-001
EVO-004015,OPP-001652,contactado,2025-07-31,VEN-001
EVO-004016,OPP-001583,cierre,2025-08-01,VEN-008
EVO-004017,OPP-001586,propuesta,2025-08-01,VEN-006
EVO-004018,OPP-001605,propuesta,2025-08-01,VEN-007
EVO-004019,OPP-001605,cierre,2025-08-01,VEN-007
EVO-004020,OPP-001606,contactado,2025-08-01,VEN-007
EVO-004021,OPP-001607,lead,2025-08-01,VEN-005
EVO-004022,OPP-001609,lead,2025-08-01,VEN-003
EVO-004023,OPP-001613,lead,2025-08-01,VEN-002
EVO-004024,OPP-001614,calificado,2025-08-01,VEN-002
EVO-004025,OPP-001616,lead,2025-08-01,VEN-011
EVO-004026,OPP-001620,contactado,2025-08-01,VEN-002
EVO-004027,OPP-001621,contactado,2025-08-01,VEN-007
EVO-004028,OPP-001625,lead,2025-08-01,VEN-008
EVO-004029,OPP-001626,propuesta,2025-08-01,VEN-003
EVO-004030,OPP-001629,lead,2025-08-01,VEN-010
EVO-004031,OPP-001635,lead,2025-08-01,VEN-009
EVO-004032,OPP-001639,lead,2025-08-01,VEN-003
EVO-004033,OPP-001640,contactado,2025-08-01,VEN-008
EVO-004034,OPP-001641,lead,2025-08-01,VEN-010
EVO-004035,OPP-001644,contactado,2025-08-01,VEN-006
EVO-004036,OPP-001648,lead,2025-08-01,VEN-008
EVO-004037,OPP-001649,contactado,2025-08-01,VEN-009
EVO-004038,OPP-001649,calificado,2025-08-01,VEN-009
EVO-004039,OPP-001609,contactado,2025-08-02,VEN-003
EVO-004040,OPP-001618,contactado,2025-08-02,VEN-002
EVO-004041,OPP-001619,contactado,2025-08-02,VEN-001
EVO-004042,OPP-001624,contactado,2025-08-02,VEN-008
EVO-004043,OPP-001631,contactado,2025-08-02,VEN-001
EVO-004044,OPP-001636,contactado,2025-08-02,VEN-004
EVO-004045,OPP-001638,contactado,2025-08-02,VEN-004
EVO-004046,OPP-001646,contactado,2025-08-02,VEN-003
EVO-004047,OPP-001652,calificado,2025-08-02,VEN-001
EVO-004048,OPP-001604,contactado,2025-08-03,VEN-007
EVO-004049,OPP-001607,contactado,2025-08-03,VEN-005
EVO-004050,OPP-001609,calificado,2025-08-03,VEN-003
EVO-004051,OPP-001609,propuesta,2025-08-03,VEN-003
EVO-004052,OPP-001614,propuesta,2025-08-03,VEN-002
EVO-004053,OPP-001620,calificado,2025-08-03,VEN-002
EVO-004054,OPP-001629,contactado,2025-08-03,VEN-010
EVO-004055,OPP-001636,calificado,2025-08-03,VEN-004
EVO-004056,OPP-001636,propuesta,2025-08-03,VEN-004
EVO-004057,OPP-001638,calificado,2025-08-03,VEN-004
EVO-004058,OPP-001641,contactado,2025-08-03,VEN-010
EVO-004059,OPP-001641,calificado,2025-08-03,VEN-010
EVO-004060,OPP-001641,propuesta,2025-08-03,VEN-010
EVO-004061,OPP-001604,calificado,2025-08-04,VEN-007
EVO-004062,OPP-001613,contactado,2025-08-04,VEN-002
EVO-004063,OPP-001625,contactado,2025-08-04,VEN-008
EVO-004064,OPP-001625,calificado,2025-08-04,VEN-008
EVO-004065,OPP-001625,propuesta,2025-08-04,VEN-008
EVO-004066,OPP-001626,cierre,2025-08-04,VEN-003
EVO-004067,OPP-001639,contactado,2025-08-04,VEN-003
EVO-004068,OPP-001648,contactado,2025-08-04,VEN-008
EVO-004069,OPP-001655,lead,2025-08-04,VEN-003
EVO-004070,OPP-001656,lead,2025-08-04,VEN-003
EVO-004071,OPP-001657,lead,2025-08-04,VEN-002
EVO-004072,OPP-001660,lead,2025-08-04,VEN-010
EVO-004073,OPP-001663,lead,2025-08-04,VEN-007
EVO-004074,OPP-001664,lead,2025-08-04,VEN-009
EVO-004075,OPP-001665,lead,2025-08-04,VEN-001
EVO-004076,OPP-001676,lead,2025-08-04,VEN-004
EVO-004077,OPP-001692,lead,2025-08-04,VEN-008
EVO-004078,OPP-001692,contactado,2025-08-04,VEN-008
EVO-004079,OPP-001692,calificado,2025-08-04,VEN-008
EVO-004080,OPP-001699,lead,2025-08-04,VEN-005
EVO-004081,OPP-001699,contactado,2025-08-04,VEN-005
EVO-004082,OPP-001613,calificado,2025-08-05,VEN-002
EVO-004083,OPP-001631,calificado,2025-08-05,VEN-001
EVO-004084,OPP-001639,calificado,2025-08-05,VEN-003
EVO-004085,OPP-001639,propuesta,2025-08-05,VEN-003
EVO-004086,OPP-001646,calificado,2025-08-05,VEN-003
EVO-004087,OPP-001652,propuesta,2025-08-05,VEN-001
EVO-004088,OPP-001667,lead,2025-08-05,VEN-004
EVO-004089,OPP-001667,contactado,2025-08-05,VEN-004
EVO-004090,OPP-001668,lead,2025-08-05,VEN-011
EVO-004091,OPP-001671,lead,2025-08-05,VEN-010
EVO-004092,OPP-001680,lead,2025-08-05,VEN-012
EVO-004093,OPP-001680,contactado,2025-08-05,VEN-012
EVO-004094,OPP-001683,lead,2025-08-05,VEN-009
EVO-004095,OPP-001683,contactado,2025-08-05,VEN-009
EVO-004096,OPP-001684,lead,2025-08-05,VEN-008
EVO-004097,OPP-001692,propuesta,2025-08-05,VEN-008
EVO-004098,OPP-001696,lead,2025-08-05,VEN-001
EVO-004099,OPP-001696,contactado,2025-08-05,VEN-001
EVO-004100,OPP-001697,lead,2025-08-05,VEN-001
EVO-004101,OPP-001697,contactado,2025-08-05,VEN-001
EVO-004102,OPP-001708,lead,2025-08-05,VEN-010
EVO-004103,OPP-001660,contactado,2025-08-06,VEN-010
EVO-004104,OPP-001661,lead,2025-08-06,VEN-005
EVO-004105,OPP-001661,contactado,2025-08-06,VEN-005
EVO-004106,OPP-001662,lead,2025-08-06,VEN-012
EVO-004107,OPP-001674,lead,2025-08-06,VEN-002
EVO-004108,OPP-001675,lead,2025-08-06,VEN-009
EVO-004109,OPP-001675,contactado,2025-08-06,VEN-009
EVO-004110,OPP-001676,contactado,2025-08-06,VEN-004
EVO-004111,OPP-001681,lead,2025-08-06,VEN-012
EVO-004112,OPP-001686,lead,2025-08-06,VEN-005
EVO-004113,OPP-001686,contactado,2025-08-06,VEN-005
EVO-004114,OPP-001688,lead,2025-08-06,VEN-006
EVO-004115,OPP-001689,lead,2025-08-06,VEN-002
EVO-004116,OPP-001692,cierre,2025-08-06,VEN-008
EVO-004117,OPP-001695,lead,2025-08-06,VEN-010
EVO-004118,OPP-001698,lead,2025-08-06,VEN-012
EVO-004119,OPP-001701,lead,2025-08-06,VEN-004
EVO-004120,OPP-001704,lead,2025-08-06,VEN-006
EVO-004121,OPP-001704,contactado,2025-08-06,VEN-006
EVO-004122,OPP-001705,lead,2025-08-06,VEN-011
EVO-004123,OPP-001707,lead,2025-08-06,VEN-007
EVO-004124,OPP-001709,lead,2025-08-06,VEN-009
EVO-004125,OPP-001711,lead,2025-08-06,VEN-006
EVO-004126,OPP-001604,propuesta,2025-08-07,VEN-007
EVO-004127,OPP-001613,propuesta,2025-08-07,VEN-002
EVO-004128,OPP-001625,cierre,2025-08-07,VEN-008
EVO-004129,OPP-001639,cierre,2025-08-07,VEN-003
EVO-004130,OPP-001653,lead,2025-08-07,VEN-009
EVO-004131,OPP-001654,lead,2025-08-07,VEN-010
EVO-004132,OPP-001655,contactado,2025-08-07,VEN-003
EVO-004133,OPP-001656,contactado,2025-08-07,VEN-003
EVO-004134,OPP-001659,lead,2025-08-07,VEN-006
EVO-004135,OPP-001660,calificado,2025-08-07,VEN-010
EVO-004136,OPP-001664,contactado,2025-08-07,VEN-009
EVO-004137,OPP-001669,lead,2025-08-07,VEN-009
EVO-004138,OPP-001671,contactado,2025-08-07,VEN-010
EVO-004139,OPP-001672,lead,2025-08-07,VEN-003
EVO-004140,OPP-001673,lead,2025-08-07,VEN-009
EVO-004141,OPP-001673,contactado,2025-08-07,VEN-009
EVO-004142,OPP-001679,lead,2025-08-07,VEN-006
EVO-004143,OPP-001679,contactado,2025-08-07,VEN-006
EVO-004144,OPP-001681,contactado,2025-08-07,VEN-012
EVO-004145,OPP-001694,lead,2025-08-07,VEN-012
EVO-004146,OPP-001694,contactado,2025-08-07,VEN-012
EVO-004147,OPP-001698,contactado,2025-08-07,VEN-012
EVO-004148,OPP-001700,lead,2025-08-07,VEN-011
EVO-004149,OPP-001702,lead,2025-08-07,VEN-011
EVO-004150,OPP-001702,contactado,2025-08-07,VEN-011
EVO-004151,OPP-001708,contactado,2025-08-07,VEN-010
EVO-004152,OPP-001710,lead,2025-08-07,VEN-007
EVO-004153,OPP-001712,lead,2025-08-07,VEN-002
EVO-004154,OPP-001653,contactado,2025-08-08,VEN-009
EVO-004155,OPP-001658,lead,2025-08-08,VEN-008
EVO-004156,OPP-001658,contactado,2025-08-08,VEN-008
EVO-004157,OPP-001666,lead,2025-08-08,VEN-007
EVO-004158,OPP-001670,lead,2025-08-08,VEN-008
EVO-004159,OPP-001677,lead,2025-08-08,VEN-006
EVO-004160,OPP-001678,lead,2025-08-08,VEN-010
EVO-004161,OPP-001682,lead,2025-08-08,VEN-004
EVO-004162,OPP-001684,contactado,2025-08-08,VEN-008
EVO-004163,OPP-001685,lead,2025-08-08,VEN-006
EVO-004164,OPP-001686,calificado,2025-08-08,VEN-005
EVO-004165,OPP-001686,propuesta,2025-08-08,VEN-005
EVO-004166,OPP-001687,lead,2025-08-08,VEN-012
EVO-004167,OPP-001687,contactado,2025-08-08,VEN-012
EVO-004168,OPP-001687,calificado,2025-08-08,VEN-012
EVO-004169,OPP-001687,propuesta,2025-08-08,VEN-012
EVO-004170,OPP-001690,lead,2025-08-08,VEN-012
EVO-004171,OPP-001691,lead,2025-08-08,VEN-010
EVO-004172,OPP-001693,lead,2025-08-08,VEN-009
EVO-004173,OPP-001696,calificado,2025-08-08,VEN-001
EVO-004174,OPP-001697,calificado,2025-08-08,VEN-001
EVO-004175,OPP-001703,lead,2025-08-08,VEN-010
EVO-004176,OPP-001706,lead,2025-08-08,VEN-001
EVO-004177,OPP-001656,calificado,2025-08-09,VEN-003
EVO-004178,OPP-001658,calificado,2025-08-09,VEN-008
EVO-004179,OPP-001664,calificado,2025-08-09,VEN-009
EVO-004180,OPP-001666,contactado,2025-08-09,VEN-007
EVO-004181,OPP-001671,calificado,2025-08-09,VEN-010
EVO-004182,OPP-001676,calificado,2025-08-09,VEN-004
EVO-004183,OPP-001677,contactado,2025-08-09,VEN-006
EVO-004184,OPP-001678,contactado,2025-08-09,VEN-010
EVO-004185,OPP-001681,calificado,2025-08-09,VEN-012
EVO-004186,OPP-001681,propuesta,2025-08-09,VEN-012
EVO-004187,OPP-001682,contactado,2025-08-09,VEN-004
EVO-004188,OPP-001682,calificado,2025-08-09,VEN-004
EVO-004189,OPP-001685,contactado,2025-08-09,VEN-006
EVO-004190,OPP-001696,propuesta,2025-08-09,VEN-001
EVO-004191,OPP-001705,contactado,2025-08-09,VEN-011
EVO-004192,OPP-001706,contactado,2025-08-09,VEN-001
EVO-004193,OPP-001710,contactado,2025-08-09,VEN-007
EVO-004194,OPP-001710,calificado,2025-08-09,VEN-007
EVO-004195,OPP-001604,cierre,2025-08-10,VEN-007
EVO-004196,OPP-001653,calificado,2025-08-10,VEN-009
EVO-004197,OPP-001666,calificado,2025-08-10,VEN-007
EVO-004198,OPP-001669,contactado,2025-08-10,VEN-009
EVO-004199,OPP-001687,cierre,2025-08-10,VEN-012
EVO-004200,OPP-001712,contactado,2025-08-10,VEN-002
EVO-004201,OPP-001656,propuesta,2025-08-11,VEN-003
EVO-004202,OPP-001664,propuesta,2025-08-11,VEN-009
EVO-004203,OPP-001670,contactado,2025-08-11,VEN-008
EVO-004204,OPP-001671,propuesta,2025-08-11,VEN-010
EVO-004205,OPP-001684,calificado,2025-08-11,VEN-008
EVO-004206,OPP-001693,contactado,2025-08-11,VEN-009
EVO-004207,OPP-001710,propuesta,2025-08-11,VEN-007
EVO-004208,OPP-001713,lead,2025-08-11,VEN-004
EVO-004209,OPP-001717,lead,2025-08-11,VEN-005
EVO-004210,OPP-001719,lead,2025-08-11,VEN-001
EVO-004211,OPP-001720,lead,2025-08-11,VEN-009
EVO-004212,OPP-001734,lead,2025-08-11,VEN-010
EVO-004213,OPP-001738,lead,2025-08-11,VEN-004
EVO-004214,OPP-001739,lead,2025-08-11,VEN-009
EVO-004215,OPP-001739,contactado,2025-08-11,VEN-009
EVO-004216,OPP-001744,lead,2025-08-11,VEN-001
EVO-004217,OPP-001747,lead,2025-08-11,VEN-009
EVO-004218,OPP-001753,lead,2025-08-11,VEN-001
EVO-004219,OPP-001753,contactado,2025-08-11,VEN-001
EVO-004220,OPP-001757,lead,2025-08-11,VEN-001
EVO-004221,OPP-001757,contactado,2025-08-11,VEN-001
EVO-004222,OPP-001764,lead,2025-08-11,VEN-008
EVO-004223,OPP-001764,contactado,2025-08-11,VEN-008
EVO-004224,OPP-001676,propuesta,2025-08-12,VEN-004
EVO-004225,OPP-001678,calificado,2025-08-12,VEN-010
EVO-004226,OPP-001712,calificado,2025-08-12,VEN-002
EVO-004227,OPP-001712,propuesta,2025-08-12,VEN-002
EVO-004228,OPP-001715,lead,2025-08-12,VEN-006
EVO-004229,OPP-001716,lead,2025-08-12,VEN-010
EVO-004230,OPP-001733,lead,2025-08-12,VEN-007
EVO-004231,OPP-001734,contactado,2025-08-12,VEN-010
EVO-004232,OPP-001738,contactado,2025-08-12,VEN-004
EVO-004233,OPP-001740,lead,2025-08-12,VEN-012
EVO-004234,OPP-001743,lead,2025-08-12,VEN-010
EVO-004235,OPP-001743,contactado,2025-08-12,VEN-010
EVO-004236,OPP-001747,contactado,2025-08-12,VEN-009
EVO-004237,OPP-001758,lead,2025-08-12,VEN-004
EVO-004238,OPP-001758,contactado,2025-08-12,VEN-004
EVO-004239,OPP-001761,lead,2025-08-12,VEN-003
EVO-004240,OPP-001762,lead,2025-08-12,VEN-005
EVO-004241,OPP-001765,lead,2025-08-12,VEN-003
EVO-004242,OPP-001766,lead,2025-08-12,VEN-005
EVO-004243,OPP-001721,lead,2025-08-13,VEN-009
EVO-004244,OPP-001723,lead,2025-08-13,VEN-006
EVO-004245,OPP-001724,lead,2025-08-13,VEN-010
EVO-004246,OPP-001725,lead,2025-08-13,VEN-004
EVO-004247,OPP-001730,lead,2025-08-13,VEN-006
EVO-004248,OPP-001730,contactado,2025-08-13,VEN-006
EVO-004249,OPP-001732,lead,2025-08-13,VEN-002
EVO-004250,OPP-001735,lead,2025-08-13,VEN-001
EVO-004251,OPP-001736,lead,2025-08-13,VEN-009
EVO-004252,OPP-001736,contactado,2025-08-13,VEN-009
EVO-004253,OPP-001745,lead,2025-08-13,VEN-004
EVO-004254,OPP-001746,lead,2025-08-13,VEN-004
EVO-004255,OPP-001747,calificado,2025-08-13,VEN-009
EVO-004256,OPP-001748,lead,2025-08-13,VEN-004
EVO-004257,OPP-001750,lead,2025-08-13,VEN-012
EVO-004258,OPP-001752,lead,2025-08-13,VEN-004
EVO-004259,OPP-001752,contactado,2025-08-13,VEN-004
EVO-004260,OPP-001753,calificado,2025-08-13,VEN-001
EVO-004261,OPP-001756,lead,2025-08-13,VEN-005
EVO-004262,OPP-001757,calificado,2025-08-13,VEN-001
EVO-004263,OPP-001757,propuesta,2025-08-13,VEN-001
EVO-004264,OPP-001760,lead,2025-08-13,VEN-006
EVO-004265,OPP-001760,contactado,2025-08-13,VEN-006
EVO-004266,OPP-001762,contactado,2025-08-13,VEN-005
EVO-004267,OPP-001764,calificado,2025-08-13,VEN-008
EVO-004268,OPP-001764,propuesta,2025-08-13,VEN-008
EVO-004269,OPP-001765,contactado,2025-08-13,VEN-003
EVO-004270,OPP-001717,contactado,2025-08-14,VEN-005
EVO-004271,OPP-001717,calificado,2025-08-14,VEN-005
EVO-004272,OPP-001718,lead,2025-08-14,VEN-011
EVO-004273,OPP-001718,contactado,2025-08-14,VEN-011
EVO-004274,OPP-001725,contactado,2025-08-14,VEN-004
EVO-004275,OPP-001729,lead,2025-08-14,VEN-008
EVO-004276,OPP-001730,calificado,2025-08-14,VEN-006
EVO-004277,OPP-001731,lead,2025-08-14,VEN-002
EVO-004278,OPP-001737,lead,2025-08-14,VEN-012
EVO-004279,OPP-001738,calificado,2025-08-14,VEN-004
EVO-004280,OPP-001742,lead,2025-08-14,VEN-003
EVO-004281,OPP-001749,lead,2025-08-14,VEN-006
EVO-004282,OPP-001751,lead,2025-08-14,VEN-003
EVO-004283,OPP-001754,lead,2025-08-14,VEN-012
EVO-004284,OPP-001755,lead,2025-08-14,VEN-009
EVO-004285,OPP-001758,calificado,2025-08-14,VEN-004
EVO-004286,OPP-001761,contactado,2025-08-14,VEN-003
EVO-004287,OPP-001762,calificado,2025-08-14,VEN-005
EVO-004288,OPP-001762,propuesta,2025-08-14,VEN-005
EVO-004289,OPP-001767,lead,2025-08-14,VEN-004
EVO-004290,OPP-001712,cierre,2025-08-15,VEN-002
EVO-004291,OPP-001714,lead,2025-08-15,VEN-007
EVO-004292,OPP-001721,contactado,2025-08-15,VEN-009
EVO-004293,OPP-001722,lead,2025-08-15,VEN-008
EVO-004294,OPP-001723,contactado,2025-08-15,VEN-006
EVO-004295,OPP-001724,contactado,2025-08-15,VEN-010
EVO-004296,OPP-001724,calificado,2025-08-15,VEN-010
EVO-004297,OPP-001726,lead,2025-08-15,VEN-012
EVO-004298,OPP-001727,lead,2025-08-15,VEN-010
EVO-004299,OPP-001728,lead,2025-08-15,VEN-005
EVO-004300,OPP-001732,contactado,2025-08-15,VEN-002
EVO-004301,OPP-001741,lead,2025-08-15,VEN-006
EVO-004302,OPP-001742,contactado,2025-08-15,VEN-003
EVO-004303,OPP-001747,propuesta,2025-08-15,VEN-009
EVO-004304,OPP-001750,contactado,2025-08-15,VEN-012
EVO-004305,OPP-001759,lead,2025-08-15,VEN-005
EVO-004306,OPP-001763,lead,2025-08-15,VEN-009
EVO-004307,OPP-001767,contactado,2025-08-15,VEN-004
EVO-004308,OPP-001767,calificado,2025-08-15,VEN-004
EVO-004309,OPP-001731,contactado,2025-08-16,VEN-002
EVO-004310,OPP-001732,calificado,2025-08-16,VEN-002
EVO-004311,OPP-001737,contactado,2025-08-16,VEN-012
EVO-004312,OPP-001738,propuesta,2025-08-16,VEN-004
EVO-004313,OPP-001742,calificado,2025-08-16,VEN-003
EVO-004314,OPP-001745,contactado,2025-08-16,VEN-004
EVO-004315,OPP-001753,propuesta,2025-08-16,VEN-001
EVO-004316,OPP-001755,contactado,2025-08-16,VEN-009
EVO-004317,OPP-001756,contactado,2025-08-16,VEN-005
EVO-004318,OPP-001761,calificado,2025-08-16,VEN-003
EVO-004319,OPP-001764,cierre,2025-08-16,VEN-008
EVO-004320,OPP-001717,propuesta,2025-08-17,VEN-005
EVO-004321,OPP-001722,contactado,2025-08-17,VEN-008
EVO-004322,OPP-001726,contactado,2025-08-17,VEN-012
EVO-004323,OPP-001728,contactado,2025-08-17,VEN-005
EVO-004324,OPP-001728,calificado,2025-08-17,VEN-005
EVO-004325,OPP-001732,propuesta,2025-08-17,VEN-002
EVO-004326,OPP-001737,calificado,2025-08-17,VEN-012
EVO-004327,OPP-001756,calificado,2025-08-17,VEN-005
EVO-004328,OPP-001759,contactado,2025-08-17,VEN-005
EVO-004329,OPP-001763,contactado,2025-08-17,VEN-009
EVO-004330,OPP-001721,calificado,2025-08-18,VEN-009
EVO-004331,OPP-001724,propuesta,2025-08-18,VEN-010
EVO-004332,OPP-001728,propuesta,2025-08-18,VEN-005
EVO-004333,OPP-001742,propuesta,2025-08-18,VEN-003
EVO-004334,OPP-001745,calificado,2025-08-18,VEN-004
EVO-004335,OPP-001750,calificado,2025-08-18,VEN-012
EVO-004336,OPP-001769,lead,2025-08-18,VEN-010
EVO-004337,OPP-001774,lead,2025-08-18,VEN-008
EVO-004338,OPP-001774,contactado,2025-08-18,VEN-008
EVO-004339,OPP-001777,lead,2025-08-18,VEN-002
EVO-004340,OPP-001777,contactado,2025-08-18,VEN-002
EVO-004341,OPP-001778,lead,2025-08-18,VEN-012
EVO-004342,OPP-001780,lead,2025-08-18,VEN-004
EVO-004343,OPP-001780,contactado,2025-08-18,VEN-004
EVO-004344,OPP-001798,lead,2025-08-18,VEN-008
EVO-004345,OPP-001799,lead,2025-08-18,VEN-004
EVO-004346,OPP-001800,lead,2025-08-18,VEN-006
EVO-004347,OPP-001810,lead,2025-08-18,VEN-008
EVO-004348,OPP-001812,lead,2025-08-18,VEN-002
EVO-004349,OPP-001814,lead,2025-08-18,VEN-012
EVO-004350,OPP-001817,lead,2025-08-18,VEN-003
EVO-004351,OPP-001728,cierre,2025-08-19,VEN-005
EVO-004352,OPP-001738,cierre,2025-08-19,VEN-004
EVO-004353,OPP-001745,propuesta,2025-08-19,VEN-004
EVO-004354,OPP-001750,propuesta,2025-08-19,VEN-012
EVO-004355,OPP-001778,contactado,2025-08-19,VEN-012
EVO-004356,OPP-001779,lead,2025-08-19,VEN-012
EVO-004357,OPP-001781,lead,2025-08-19,VEN-006
EVO-004358,OPP-001782,lead,2025-08-19,VEN-004
EVO-004359,OPP-001783,lead,2025-08-19,VEN-008
EVO-004360,OPP-001785,lead,2025-08-19,VEN-008
EVO-004361,OPP-001786,lead,2025-08-19,VEN-011
EVO-004362,OPP-001788,lead,2025-08-19,VEN-006
EVO-004363,OPP-001790,lead,2025-08-19,VEN-012
EVO-004364,OPP-001801,lead,2025-08-19,VEN-006
EVO-004365,OPP-001808,lead,2025-08-19,VEN-008
EVO-004366,OPP-001811,lead,2025-08-19,VEN-002
EVO-004367,OPP-001812,contactado,2025-08-19,VEN-002
EVO-004368,OPP-001820,lead,2025-08-19,VEN-010
EVO-004369,OPP-001722,calificado,2025-08-20,VEN-008
EVO-004370,OPP-001745,cierre,2025-08-20,VEN-004
EVO-004371,OPP-001750,cierre,2025-08-20,VEN-012
EVO-004372,OPP-001756,propuesta,2025-08-20,VEN-005
EVO-004373,OPP-001763,calificado,2025-08-20,VEN-009
EVO-004374,OPP-001768,lead,2025-08-20,VEN-012
EVO-004375,OPP-001773,lead,2025-08-20,VEN-007
EVO-004376,OPP-001775,lead,2025-08-20,VEN-003
EVO-004377,OPP-001776,lead,2025-08-20,VEN-003
EVO-004378,OPP-001778,calificado,2025-08-20,VEN-012
EVO-004379,OPP-001779,contactado,2025-08-20,VEN-012
EVO-004380,OPP-001784,lead,2025-08-20,VEN-003
EVO-004381,OPP-001785,contactado,2025-08-20,VEN-008
EVO-004382,OPP-001792,lead,2025-08-20,VEN-001
EVO-004383,OPP-001792,contactado,2025-08-20,VEN-001
EVO-004384,OPP-001792,calificado,2025-08-20,VEN-001
EVO-004385,OPP-001793,lead,2025-08-20,VEN-003
EVO-004386,OPP-001794,lead,2025-08-20,VEN-009
EVO-004387,OPP-001804,lead,2025-08-20,VEN-007
EVO-004388,OPP-001806,lead,2025-08-20,VEN-010
EVO-004389,OPP-001810,contactado,2025-08-20,VEN-008
EVO-004390,OPP-001812,calificado,2025-08-20,VEN-002
EVO-004391,OPP-001812,propuesta,2025-08-20,VEN-002
EVO-004392,OPP-001817,contactado,2025-08-20,VEN-003
EVO-004393,OPP-001818,lead,2025-08-20,VEN-010
EVO-004394,OPP-001819,lead,2025-08-20,VEN-004
EVO-004395,OPP-001820,contactado,2025-08-20,VEN-010
EVO-004396,OPP-001820,calificado,2025-08-20,VEN-010
EVO-004397,OPP-001820,propuesta,2025-08-20,VEN-010
EVO-004398,OPP-001721,propuesta,2025-08-21,VEN-009
EVO-004399,OPP-001756,cierre,2025-08-21,VEN-005
EVO-004400,OPP-001768,contactado,2025-08-21,VEN-012
EVO-004401,OPP-001770,lead,2025-08-21,VEN-003
EVO-004402,OPP-001770,contactado,2025-08-21,VEN-003
EVO-004403,OPP-001771,lead,2025-08-21,VEN-001
EVO-004404,OPP-001772,lead,2025-08-21,VEN-002
EVO-004405,OPP-001785,calificado,2025-08-21,VEN-008
EVO-004406,OPP-001787,lead,2025-08-21,VEN-010
EVO-004407,OPP-001790,contactado,2025-08-21,VEN-012
EVO-004408,OPP-001790,calificado,2025-08-21,VEN-012
EVO-004409,OPP-001790,propuesta,2025-08-21,VEN-012
EVO-004410,OPP-001791,lead,2025-08-21,VEN-009
EVO-004411,OPP-001791,contactado,2025-08-21,VEN-009
EVO-004412,OPP-001796,lead,2025-08-21,VEN-008
EVO-004413,OPP-001796,contactado,2025-08-21,VEN-008
EVO-004414,OPP-001797,lead,2025-08-21,VEN-004
EVO-004415,OPP-001797,contactado,2025-08-21,VEN-004
EVO-004416,OPP-001798,contactado,2025-08-21,VEN-008
EVO-004417,OPP-001800,contactado,2025-08-21,VEN-006
EVO-004418,OPP-001801,contactado,2025-08-21,VEN-006
EVO-004419,OPP-001804,contactado,2025-08-21,VEN-007
EVO-004420,OPP-001806,contactado,2025-08-21,VEN-010
EVO-004421,OPP-001806,calificado,2025-08-21,VEN-010
EVO-004422,OPP-001807,lead,2025-08-21,VEN-012
EVO-004423,OPP-001809,lead,2025-08-21,VEN-009
EVO-004424,OPP-001813,lead,2025-08-21,VEN-006
EVO-004425,OPP-001821,lead,2025-08-21,VEN-003
EVO-004426,OPP-001773,contactado,2025-08-22,VEN-007
EVO-004427,OPP-001781,contactado,2025-08-22,VEN-006
EVO-004428,OPP-001781,calificado,2025-08-22,VEN-006
EVO-004429,OPP-001782,contactado,2025-08-22,VEN-004
EVO-004430,OPP-001784,contactado,2025-08-22,VEN-003
EVO-004431,OPP-001787,contactado,2025-08-22,VEN-010
EVO-004432,OPP-001789,lead,2025-08-22,VEN-006
EVO-004433,OPP-001789,contactado,2025-08-22,VEN-006
EVO-004434,OPP-001795,lead,2025-08-22,VEN-003
EVO-004435,OPP-001800,calificado,2025-08-22,VEN-006
EVO-004436,OPP-001802,lead,2025-08-22,VEN-007
EVO-004437,OPP-001803,lead,2025-08-22,VEN-010
EVO-004438,OPP-001803,contactado,2025-08-22,VEN-010
EVO-004439,OPP-001805,lead,2025-08-22,VEN-002
EVO-004440,OPP-001806,propuesta,2025-08-22,VEN-010
EVO-004441,OPP-001815,lead,2025-08-22,VEN-001
EVO-004442,OPP-001816,lead,2025-08-22,VEN-001
EVO-004443,OPP-001822,lead,2025-08-22,VEN-003
EVO-004444,OPP-001763,propuesta,2025-08-23,VEN-009
EVO-004445,OPP-001763,cierre,2025-08-23,VEN-009
EVO-004446,OPP-001768,calificado,2025-08-23,VEN-012
EVO-004447,OPP-001772,contactado,2025-08-23,VEN-002
EVO-004448,OPP-001773,calificado,2025-08-23,VEN-007
EVO-004449,OPP-001778,propuesta,2025-08-23,VEN-012
EVO-004450,OPP-001813,contactado,2025-08-23,VEN-006
EVO-004451,OPP-001817,calificado,2025-08-23,VEN-003
EVO-004452,OPP-001817,propuesta,2025-08-23,VEN-003
EVO-004453,OPP-001773,propuesta,2025-08-24,VEN-007
EVO-004454,OPP-001797,calificado,2025-08-24,VEN-004
EVO-004455,OPP-001807,contactado,2025-08-24,VEN-012
EVO-004456,OPP-001807,calificado,2025-08-24,VEN-012
EVO-004457,OPP-001807,propuesta,2025-08-24,VEN-012
EVO-004458,OPP-001815,contactado,2025-08-24,VEN-001
EVO-004459,OPP-001821,contactado,2025-08-24,VEN-003
EVO-004460,OPP-001822,contactado,2025-08-24,VEN-003
EVO-004461,OPP-001772,calificado,2025-08-25,VEN-002
EVO-004462,OPP-001795,contactado,2025-08-25,VEN-003
EVO-004463,OPP-001795,calificado,2025-08-25,VEN-003
EVO-004464,OPP-001795,propuesta,2025-08-25,VEN-003
EVO-004465,OPP-001806,cierre,2025-08-25,VEN-010
EVO-004466,OPP-001816,contactado,2025-08-25,VEN-001
EVO-004467,OPP-001822,calificado,2025-08-25,VEN-003
EVO-004468,OPP-001834,lead,2025-08-25,VEN-007
EVO-004469,OPP-001834,contactado,2025-08-25,VEN-007
EVO-004470,OPP-001840,lead,2025-08-25,VEN-005
EVO-004471,OPP-001840,contactado,2025-08-25,VEN-005
EVO-004472,OPP-001841,lead,2025-08-25,VEN-009
EVO-004473,OPP-001842,lead,2025-08-25,VEN-005
EVO-004474,OPP-001844,lead,2025-08-25,VEN-005
EVO-004475,OPP-001848,lead,2025-08-25,VEN-009
EVO-004476,OPP-001854,lead,2025-08-25,VEN-005
EVO-004477,OPP-001862,lead,2025-08-25,VEN-007
EVO-004478,OPP-001864,lead,2025-08-25,VEN-001
EVO-004479,OPP-001868,lead,2025-08-25,VEN-009
EVO-004480,OPP-001795,cierre,2025-08-26,VEN-003
EVO-004481,OPP-001816,calificado,2025-08-26,VEN-001
EVO-004482,OPP-001817,cierre,2025-08-26,VEN-003
EVO-004483,OPP-001836,lead,2025-08-26,VEN-005
EVO-004484,OPP-001846,lead,2025-08-26,VEN-002
EVO-004485,OPP-001849,lead,2025-08-26,VEN-010
EVO-004486,OPP-001853,lead,2025-08-26,VEN-012
EVO-004487,OPP-001854,contactado,2025-08-26,VEN-005
EVO-004488,OPP-001855,lead,2025-08-26,VEN-006
EVO-004489,OPP-001856,lead,2025-08-26,VEN-003
EVO-004490,OPP-001856,contactado,2025-08-26,VEN-003
EVO-004491,OPP-001866,lead,2025-08-26,VEN-009
EVO-004492,OPP-001870,lead,2025-08-26,VEN-007
EVO-004493,OPP-001870,contactado,2025-08-26,VEN-007
EVO-004494,OPP-001874,lead,2025-08-26,VEN-008
EVO-004495,OPP-001876,lead,2025-08-26,VEN-001
EVO-004496,OPP-001876,contactado,2025-08-26,VEN-001
EVO-004497,OPP-001878,lead,2025-08-26,VEN-006
EVO-004498,OPP-001879,lead,2025-08-26,VEN-010
EVO-004499,OPP-001825,lead,2025-08-27,VEN-003
EVO-004500,OPP-001826,lead,2025-08-27,VEN-005
EVO-004501,OPP-001832,lead,2025-08-27,VEN-009
EVO-004502,OPP-001837,lead,2025-08-27,VEN-011
EVO-004503,OPP-001837,contactado,2025-08-27,VEN-011
EVO-004504,OPP-001839,lead,2025-08-27,VEN-007
EVO-004505,OPP-001839,contactado,2025-08-27,VEN-007
EVO-004506,OPP-001855,contactado,2025-08-27,VEN-006
EVO-004507,OPP-001858,lead,2025-08-27,VEN-011
EVO-004508,OPP-001860,lead,2025-08-27,VEN-001
EVO-004509,OPP-001860,contactado,2025-08-27,VEN-001
EVO-004510,OPP-001860,calificado,2025-08-27,VEN-001
EVO-004511,OPP-001861,lead,2025-08-27,VEN-007
EVO-004512,OPP-001862,contactado,2025-08-27,VEN-007
EVO-004513,OPP-001862,calificado,2025-08-27,VEN-007
EVO-004514,OPP-001865,lead,2025-08-27,VEN-006
EVO-004515,OPP-001867,lead,2025-08-27,VEN-007
EVO-004516,OPP-001872,lead,2025-08-27,VEN-002
EVO-004517,OPP-001877,lead,2025-08-27,VEN-002
EVO-004518,OPP-001824,lead,2025-08-28,VEN-006
EVO-004519,OPP-001827,lead,2025-08-28,VEN-009
EVO-004520,OPP-001829,lead,2025-08-28,VEN-004
EVO-004521,OPP-001830,lead,2025-08-28,VEN-001
EVO-004522,OPP-001834,calificado,2025-08-28,VEN-007
EVO-004523,OPP-001837,calificado,2025-08-28,VEN-011
EVO-004524,OPP-001843,lead,2025-08-28,VEN-006
EVO-004525,OPP-001845,lead,2025-08-28,VEN-005
EVO-004526,OPP-001846,contactado,2025-08-28,VEN-002
EVO-004527,OPP-001849,contactado,2025-08-28,VEN-010
EVO-004528,OPP-001851,lead,2025-08-28,VEN-011
EVO-004529,OPP-001852,lead,2025-08-28,VEN-006
EVO-004530,OPP-001856,calificado,2025-08-28,VEN-003
EVO-004531,OPP-001857,lead,2025-08-28,VEN-002
EVO-004532,OPP-001863,lead,2025-08-28,VEN-005
EVO-004533,OPP-001864,contactado,2025-08-28,VEN-001
EVO-004534,OPP-001865,contactado,2025-08-28,VEN-006
EVO-004535,OPP-001869,lead,2025-08-28,VEN-004
EVO-004536,OPP-001871,lead,2025-08-28,VEN-012
EVO-004537,OPP-001874,contactado,2025-08-28,VEN-008
EVO-004538,OPP-001876,calificado,2025-08-28,VEN-001
EVO-004539,OPP-001823,lead,2025-08-29,VEN-012
EVO-004540,OPP-001825,contactado,2025-08-29,VEN-003
EVO-004541,OPP-001826,contactado,2025-08-29,VEN-005
EVO-004542,OPP-001827,contactado,2025-08-29,VEN-009
EVO-004543,OPP-001828,lead,2025-08-29,VEN-012
EVO-004544,OPP-001830,contactado,2025-08-29,VEN-001
EVO-004545,OPP-001831,lead,2025-08-29,VEN-007
EVO-004546,OPP-001831,contactado,2025-08-29,VEN-007
EVO-004547,OPP-001833,lead,2025-08-29,VEN-003
EVO-004548,OPP-001835,lead,2025-08-29,VEN-011
EVO-004549,OPP-001836,contactado,2025-08-29,VEN-005
EVO-004550,OPP-001838,lead,2025-08-29,VEN-005
EVO-004551,OPP-001845,contactado,2025-08-29,VEN-005
EVO-004552,OPP-001847,lead,2025-08-29,VEN-008
EVO-004553,OPP-001850,lead,2025-08-29,VEN-005
EVO-004554,OPP-001851,contactado,2025-08-29,VEN-011
EVO-004555,OPP-001852,contactado,2025-08-29,VEN-006
EVO-004556,OPP-001859,lead,2025-08-29,VEN-011
EVO-004557,OPP-001860,propuesta,2025-08-29,VEN-001
EVO-004558,OPP-001865,calificado,2025-08-29,VEN-006
EVO-004559,OPP-001873,lead,2025-08-29,VEN-004
EVO-004560,OPP-001875,lead,2025-08-29,VEN-010
EVO-004561,OPP-001880,lead,2025-08-29,VEN-001
EVO-004562,OPP-001833,contactado,2025-08-30,VEN-003
EVO-004563,OPP-001838,contactado,2025-08-30,VEN-005
EVO-004564,OPP-001849,calificado,2025-08-30,VEN-010
EVO-004565,OPP-001849,propuesta,2025-08-30,VEN-010
EVO-004566,OPP-001856,propuesta,2025-08-30,VEN-003
EVO-004567,OPP-001856,cierre,2025-08-30,VEN-003
EVO-004568,OPP-001874,calificado,2025-08-30,VEN-008
EVO-004569,OPP-001877,contactado,2025-08-30,VEN-002
EVO-004570,OPP-001880,contactado,2025-08-30,VEN-001
EVO-004571,OPP-001823,contactado,2025-08-31,VEN-012
EVO-004572,OPP-001838,calificado,2025-08-31,VEN-005
EVO-004573,OPP-001843,contactado,2025-08-31,VEN-006
EVO-004574,OPP-001847,contactado,2025-08-31,VEN-008
EVO-004575,OPP-001863,contactado,2025-08-31,VEN-005
EVO-004576,OPP-001864,calificado,2025-08-31,VEN-001
EVO-004577,OPP-001869,contactado,2025-08-31,VEN-004
EVO-004578,OPP-001869,calificado,2025-08-31,VEN-004
EVO-004579,OPP-001869,propuesta,2025-08-31,VEN-004
EVO-004580,OPP-001869,cierre,2025-08-31,VEN-004
EVO-004581,OPP-001874,propuesta,2025-08-31,VEN-008
EVO-004582,OPP-001877,calificado,2025-08-31,VEN-002
EVO-004583,OPP-001830,calificado,2025-09-01,VEN-001
EVO-004584,OPP-001830,propuesta,2025-09-01,VEN-001
EVO-004585,OPP-001831,calificado,2025-09-01,VEN-007
EVO-004586,OPP-001831,propuesta,2025-09-01,VEN-007
EVO-004587,OPP-001859,contactado,2025-09-01,VEN-011
EVO-004588,OPP-001865,propuesta,2025-09-01,VEN-006
EVO-004589,OPP-001875,contactado,2025-09-01,VEN-010
EVO-004590,OPP-001885,lead,2025-09-01,VEN-011
EVO-004591,OPP-001887,lead,2025-09-01,VEN-009
EVO-004592,OPP-001887,contactado,2025-09-01,VEN-009
EVO-004593,OPP-001891,lead,2025-09-01,VEN-001
EVO-004594,OPP-001903,lead,2025-09-01,VEN-005
EVO-004595,OPP-001910,lead,2025-09-01,VEN-010
EVO-004596,OPP-001910,contactado,2025-09-01,VEN-010
EVO-004597,OPP-001913,lead,2025-09-01,VEN-005
EVO-004598,OPP-001915,lead,2025-09-01,VEN-012
EVO-004599,OPP-001917,lead,2025-09-01,VEN-003
EVO-004600,OPP-001924,lead,2025-09-01,VEN-007
EVO-004601,OPP-001924,contactado,2025-09-01,VEN-007
EVO-004602,OPP-001929,lead,2025-09-01,VEN-003
EVO-004603,OPP-001929,contactado,2025-09-01,VEN-003
EVO-004604,OPP-001882,lead,2025-09-02,VEN-003
EVO-004605,OPP-001883,lead,2025-09-02,VEN-008
EVO-004606,OPP-001885,contactado,2025-09-02,VEN-011
EVO-004607,OPP-001888,lead,2025-09-02,VEN-007
EVO-004608,OPP-001892,lead,2025-09-02,VEN-008
EVO-004609,OPP-001893,lead,2025-09-02,VEN-004
EVO-004610,OPP-001894,lead,2025-09-02,VEN-001
EVO-004611,OPP-001897,lead,2025-09-02,VEN-011
EVO-004612,OPP-001909,lead,2025-09-02,VEN-012
EVO-004613,OPP-001915,contactado,2025-09-02,VEN-012
EVO-004614,OPP-001918,lead,2025-09-02,VEN-002
EVO-004615,OPP-001918,contactado,2025-09-02,VEN-002
EVO-004616,OPP-001922,lead,2025-09-02,VEN-011
EVO-004617,OPP-001924,calificado,2025-09-02,VEN-007
EVO-004618,OPP-001926,lead,2025-09-02,VEN-003
EVO-004619,OPP-001927,lead,2025-09-02,VEN-003
EVO-004620,OPP-001927,contactado,2025-09-02,VEN-003
EVO-004621,OPP-001928,lead,2025-09-02,VEN-004
EVO-004622,OPP-001928,contactado,2025-09-02,VEN-004
EVO-004623,OPP-001877,propuesta,2025-09-03,VEN-002
EVO-004624,OPP-001890,lead,2025-09-03,VEN-010
EVO-004625,OPP-001896,lead,2025-09-03,VEN-010
EVO-004626,OPP-001902,lead,2025-09-03,VEN-009
EVO-004627,OPP-001916,lead,2025-09-03,VEN-011
EVO-004628,OPP-001916,contactado,2025-09-03,VEN-011
EVO-004629,OPP-001917,contactado,2025-09-03,VEN-003
EVO-004630,OPP-001919,lead,2025-09-03,VEN-008
EVO-004631,OPP-001921,lead,2025-09-03,VEN-012
EVO-004632,OPP-001922,contactado,2025-09-03,VEN-011
EVO-004633,OPP-001924,propuesta,2025-09-03,VEN-007
EVO-004634,OPP-001928,calificado,2025-09-03,VEN-004
EVO-004635,OPP-001875,calificado,2025-09-04,VEN-010
EVO-004636,OPP-001884,lead,2025-09-04,VEN-009
EVO-004637,OPP-001889,lead,2025-09-04,VEN-011
EVO-004638,OPP-001891,contactado,2025-09-04,VEN-001
EVO-004639,OPP-001894,contactado,2025-09-04,VEN-001
EVO-004640,OPP-001895,lead,2025-09-04,VEN-006
EVO-004641,OPP-001899,lead,2025-09-04,VEN-009
EVO-004642,OPP-001900,lead,2025-09-04,VEN-009
EVO-004643,OPP-001901,lead,2025-09-04,VEN-007
EVO-004644,OPP-001902,contactado,2025-09-04,VEN-009
EVO-004645,OPP-001903,contactado,2025-09-04,VEN-005
EVO-004646,OPP-001908,lead,2025-09-04,VEN-004
EVO-004647,OPP-001910,calificado,2025-09-04,VEN-010
EVO-004648,OPP-001913,contactado,2025-09-04,VEN-005
EVO-004649,OPP-001914,lead,2025-09-04,VEN-011
EVO-004650,OPP-001920,lead,2025-09-04,VEN-003
EVO-004651,OPP-001922,calificado,2025-09-04,VEN-011
EVO-004652,OPP-001924,cierre,2025-09-04,VEN-007
EVO-004653,OPP-001925,lead,2025-09-04,VEN-012
EVO-004654,OPP-001930,lead,2025-09-04,VEN-010
EVO-004655,OPP-001881,lead,2025-09-05,VEN-006
EVO-004656,OPP-001882,contactado,2025-09-05,VEN-003
EVO-004657,OPP-001882,calificado,2025-09-05,VEN-003
EVO-004658,OPP-001884,contactado,2025-09-05,VEN-009
EVO-004659,OPP-001886,lead,2025-09-05,VEN-011
EVO-004660,OPP-001888,contactado,2025-09-05,VEN-007
EVO-004661,OPP-001888,calificado,2025-09-05,VEN-007
EVO-004662,OPP-001895,contactado,2025-09-05,VEN-006
EVO-004663,OPP-001898,lead,2025-09-05,VEN-004
EVO-004664,OPP-001898,contactado,2025-09-05,VEN-004
EVO-004665,OPP-001902,calificado,2025-09-05,VEN-009
EVO-004666,OPP-001904,lead,2025-09-05,VEN-006
EVO-004667,OPP-001904,contactado,2025-09-05,VEN-006
EVO-004668,OPP-001905,lead,2025-09-05,VEN-006
EVO-004669,OPP-001906,lead,2025-09-05,VEN-011
EVO-004670,OPP-001907,lead,2025-09-05,VEN-007
EVO-004671,OPP-001907,contactado,2025-09-05,VEN-007
EVO-004672,OPP-001909,contactado,2025-09-05,VEN-012
EVO-004673,OPP-001911,lead,2025-09-05,VEN-010
EVO-004674,OPP-001912,lead,2025-09-05,VEN-005
EVO-004675,OPP-001916,calificado,2025-09-05,VEN-011
EVO-004676,OPP-001917,calificado,2025-09-05,VEN-003
EVO-004677,OPP-001923,lead,2025-09-05,VEN-006
EVO-004678,OPP-001926,contactado,2025-09-05,VEN-003
EVO-004679,OPP-001882,propuesta,2025-09-06,VEN-003
EVO-004680,OPP-001894,calificado,2025-09-06,VEN-001
EVO-004681,OPP-001898,calificado,2025-09-06,VEN-004
EVO-004682,OPP-001899,contactado,2025-09-06,VEN-009
EVO-004683,OPP-001905,contactado,2025-09-06,VEN-006
EVO-004684,OPP-001910,propuesta,2025-09-06,VEN-010
EVO-004685,OPP-001911,contactado,2025-09-06,VEN-010
EVO-004686,OPP-001912,contactado,2025-09-06,VEN-005
EVO-004687,OPP-001912,calificado,2025-09-06,VEN-005
EVO-004688,OPP-001913,calificado,2025-09-06,VEN-005
EVO-004689,OPP-001914,contactado,2025-09-06,VEN-011
EVO-004690,OPP-001916,propuesta,2025-09-06,VEN-011
EVO-004691,OPP-001922,propuesta,2025-09-06,VEN-011
EVO-004692,OPP-001925,contactado,2025-09-06,VEN-012
EVO-004693,OPP-001889,contactado,2025-09-07,VEN-011
EVO-004694,OPP-001898,propuesta,2025-09-07,VEN-004
EVO-004695,OPP-001906,contactado,2025-09-07,VEN-011
EVO-004696,OPP-001907,calificado,2025-09-07,VEN-007
EVO-004697,OPP-001909,calificado,2025-09-07,VEN-012
EVO-004698,OPP-001909,propuesta,2025-09-07,VEN-012
EVO-004699,OPP-001914,calificado,2025-09-07,VEN-011
EVO-004700,OPP-001914,propuesta,2025-09-07,VEN-011
EVO-004701,OPP-001916,cierre,2025-09-07,VEN-011
EVO-004702,OPP-001920,contactado,2025-09-07,VEN-003
EVO-004703,OPP-001930,contactado,2025-09-07,VEN-010
EVO-004704,OPP-001882,cierre,2025-09-08,VEN-003
EVO-004705,OPP-001886,contactado,2025-09-08,VEN-011
EVO-004706,OPP-001902,propuesta,2025-09-08,VEN-009
EVO-004707,OPP-001902,cierre,2025-09-08,VEN-009
EVO-004708,OPP-001905,calificado,2025-09-08,VEN-006
EVO-004709,OPP-001917,propuesta,2025-09-08,VEN-003
EVO-004710,OPP-001920,calificado,2025-09-08,VEN-003
EVO-004711,OPP-001922,cierre,2025-09-08,VEN-011
EVO-004712,OPP-001934,lead,2025-09-08,VEN-012
EVO-004713,OPP-001934,contactado,2025-09-08,VEN-012
EVO-004714,OPP-001935,lead,2025-09-08,VEN-005
EVO-004715,OPP-001941,lead,2025-09-08,VEN-001
EVO-004716,OPP-001941,contactado,2025-09-08,VEN-001
EVO-004717,OPP-001942,lead,2025-09-08,VEN-005
EVO-004718,OPP-001949,lead,2025-09-08,VEN-002
EVO-004719,OPP-001950,lead,2025-09-08,VEN-009
EVO-004720,OPP-001961,lead,2025-09-08,VEN-011
EVO-004721,OPP-001963,lead,2025-09-08,VEN-012
EVO-004722,OPP-001972,lead,2025-09-08,VEN-008
EVO-004723,OPP-001977,lead,2025-09-08,VEN-001
EVO-004724,OPP-001977,contactado,2025-09-08,VEN-001
EVO-004725,OPP-001979,lead,2025-09-08,VEN-004
EVO-004726,OPP-001980,lead,2025-09-08,VEN-010
EVO-004727,OPP-001981,lead,2025-09-08,VEN-006
EVO-004728,OPP-001894,propuesta,2025-09-09,VEN-001
EVO-004729,OPP-001934,calificado,2025-09-09,VEN-012
EVO-004730,OPP-001943,lead,2025-09-09,VEN-009
EVO-004731,OPP-001946,lead,2025-09-09,VEN-006
EVO-004732,OPP-001948,lead,2025-09-09,VEN-012
EVO-004733,OPP-001956,lead,2025-09-09,VEN-004
EVO-004734,OPP-001957,lead,2025-09-09,VEN-001
EVO-004735,OPP-001958,lead,2025-09-09,VEN-001
EVO-004736,OPP-001967,lead,2025-09-09,VEN-007
EVO-004737,OPP-001969,lead,2025-09-09,VEN-006
EVO-004738,OPP-001973,lead,2025-09-09,VEN-001
EVO-004739,OPP-001974,lead,2025-09-09,VEN-004
EVO-004740,OPP-001978,lead,2025-09-09,VEN-007
EVO-004741,OPP-001979,contactado,2025-09-09,VEN-004
EVO-004742,OPP-001907,propuesta,2025-09-10,VEN-007
EVO-004743,OPP-001920,propuesta,2025-09-10,VEN-003
EVO-004744,OPP-001931,lead,2025-09-10,VEN-003
EVO-004745,OPP-001937,lead,2025-09-10,VEN-011
EVO-004746,OPP-001938,lead,2025-09-10,VEN-012
EVO-004747,OPP-001940,lead,2025-09-10,VEN-002
EVO-004748,OPP-001951,lead,2025-09-10,VEN-010
EVO-004749,OPP-001952,lead,2025-09-10,VEN-012
EVO-004750,OPP-001962,lead,2025-09-10,VEN-007
EVO-004751,OPP-001962,contactado,2025-09-10,VEN-007
EVO-004752,OPP-001963,contactado,2025-09-10,VEN-012
EVO-004753,OPP-001971,lead,2025-09-10,VEN-003
EVO-004754,OPP-001973,contactado,2025-09-10,VEN-001
EVO-004755,OPP-001975,lead,2025-09-10,VEN-004
EVO-004756,OPP-001978,contactado,2025-09-10,VEN-007
EVO-004757,OPP-001982,lead,2025-09-10,VEN-011
EVO-004758,OPP-001886,calificado,2025-09-11,VEN-011
EVO-004759,OPP-001905,propuesta,2025-09-11,VEN-006
EVO-004760,OPP-001907,cierre,2025-09-11,VEN-007
EVO-004761,OPP-001931,contactado,2025-09-11,VEN-003
EVO-004762,OPP-001932,lead,2025-09-11,VEN-006
EVO-004763,OPP-001933,lead,2025-09-11,VEN-004
EVO-004764,OPP-001935,contactado,2025-09-11,VEN-005
EVO-004765,OPP-001935,calificado,2025-09-11,VEN-005
EVO-004766,OPP-001935,propuesta,2025-09-11,VEN-005
EVO-004767,OPP-001936,lead,2025-09-11,VEN-010
EVO-004768,OPP-001941,calificado,2025-09-11,VEN-001
EVO-004769,OPP-001941,propuesta,2025-09-11,VEN-001
EVO-004770,OPP-001949,contactado,2025-09-11,VEN-002
EVO-004771,OPP-001950,contactado,2025-09-11,VEN-009
EVO-004772,OPP-001955,lead,2025-09-11,VEN-010
EVO-004773,OPP-001959,lead,2025-09-11,VEN-004
EVO-004774,OPP-001960,lead,2025-09-11,VEN-001
EVO-004775,OPP-001964,lead,2025-09-11,VEN-004
EVO-004776,OPP-001965,lead,2025-09-11,VEN-011
EVO-004777,OPP-001969,contactado,2025-09-11,VEN-006
EVO-004778,OPP-001970,lead,2025-09-11,VEN-003
EVO-004779,OPP-001973,calificado,2025-09-11,VEN-001
EVO-004780,OPP-001976,lead,2025-09-11,VEN-006
EVO-004781,OPP-001978,calificado,2025-09-11,VEN-007
EVO-004782,OPP-001979,calificado,2025-09-11,VEN-004
EVO-004783,OPP-001980,contactado,2025-09-11,VEN-010
EVO-004784,OPP-001983,lead,2025-09-11,VEN-006
EVO-004785,OPP-001984,lead,2025-09-11,VEN-007
EVO-004786,OPP-001939,lead,2025-09-12,VEN-005
EVO-004787,OPP-001939,contactado,2025-09-12,VEN-005
EVO-004788,OPP-001944,lead,2025-09-12,VEN-012
EVO-004789,OPP-001945,lead,2025-09-12,VEN-005
EVO-004790,OPP-001946,contactado,2025-09-12,VEN-006
EVO-004791,OPP-001946,calificado,2025-09-12,VEN-006
EVO-004792,OPP-001947,lead,2025-09-12,VEN-010
EVO-004793,OPP-001948,contactado,2025-09-12,VEN-012
EVO-004794,OPP-001951,contactado,2025-09-12,VEN-010
EVO-004795,OPP-001953,lead,2025-09-12,VEN-003
EVO-004796,OPP-001954,lead,2025-09-12,VEN-003
EVO-004797,OPP-001954,contactado,2025-09-12,VEN-003
EVO-004798,OPP-001955,contactado,2025-09-12,VEN-010
EVO-004799,OPP-001957,contactado,2025-09-12,VEN-001
EVO-004800,OPP-001960,contactado,2025-09-12,VEN-001
EVO-004801,OPP-001965,contactado,2025-09-12,VEN-011
EVO-004802,OPP-001965,calificado,2025-09-12,VEN-011
EVO-004803,OPP-001966,lead,2025-09-12,VEN-007
EVO-004804,OPP-001968,lead,2025-09-12,VEN-002
EVO-004805,OPP-001971,contactado,2025-09-12,VEN-003
EVO-004806,OPP-001973,propuesta,2025-09-12,VEN-001
EVO-004807,OPP-001979,propuesta,2025-09-12,VEN-004
EVO-004808,OPP-001905,cierre,2025-09-13,VEN-006
EVO-004809,OPP-001933,contactado,2025-09-13,VEN-004
EVO-004810,OPP-001935,cierre,2025-09-13,VEN-005
EVO-004811,OPP-001936,contactado,2025-09-13,VEN-010
EVO-004812,OPP-001936,calificado,2025-09-13,VEN-010
EVO-004813,OPP-001948,calificado,2025-09-13,VEN-012
EVO-004814,OPP-001950,calificado,2025-09-13,VEN-009
EVO-004815,OPP-001952,contactado,2025-09-13,VEN-012
EVO-004816,OPP-001952,calificado,2025-09-13,VEN-012
EVO-004817,OPP-001969,calificado,2025-09-13,VEN-006
EVO-004818,OPP-001978,propuesta,2025-09-13,VEN-007
EVO-004819,OPP-001886,propuesta,2025-09-14,VEN-011
EVO-004820,OPP-001936,propuesta,2025-09-14,VEN-010
EVO-004821,OPP-001939,calificado,2025-09-14,VEN-005
EVO-004822,OPP-001949,calificado,2025-09-14,VEN-002
EVO-004823,OPP-001964,contactado,2025-09-14,VEN-004
EVO-004824,OPP-001968,contactado,2025-09-14,VEN-002
EVO-004825,OPP-001980,calificado,2025-09-14,VEN-010
EVO-004826,OPP-001983,contactado,2025-09-14,VEN-006
EVO-004827,OPP-001946,propuesta,2025-09-15,VEN-006
EVO-004828,OPP-001948,propuesta,2025-09-15,VEN-012
EVO-004829,OPP-001964,calificado,2025-09-15,VEN-004
EVO-004830,OPP-001965,propuesta,2025-09-15,VEN-011
EVO-004831,OPP-001966,contactado,2025-09-15,VEN-007
EVO-004832,OPP-001966,calificado,2025-09-15,VEN-007
EVO-004833,OPP-001969,propuesta,2025-09-15,VEN-006
EVO-004834,OPP-001971,calificado,2025-09-15,VEN-003
EVO-004835,OPP-001987,lead,2025-09-15,VEN-009
EVO-004836,OPP-001988,lead,2025-09-15,VEN-010
EVO-004837,OPP-001989,lead,2025-09-15,VEN-003
EVO-004838,OPP-001997,lead,2025-09-15,VEN-008
EVO-004839,OPP-002005,lead,2025-09-15,VEN-003
EVO-004840,OPP-002014,lead,2025-09-15,VEN-008
EVO-004841,OPP-002014,contactado,2025-09-15,VEN-008
EVO-004842,OPP-002015,lead,2025-09-15,VEN-009
EVO-004843,OPP-002017,lead,2025-09-15,VEN-006
EVO-004844,OPP-002018,lead,2025-09-15,VEN-004
EVO-004845,OPP-002020,lead,2025-09-15,VEN-012
EVO-004846,OPP-002021,lead,2025-09-15,VEN-001
EVO-004847,OPP-002024,lead,2025-09-15,VEN-003
EVO-004848,OPP-002026,lead,2025-09-15,VEN-002
EVO-004849,OPP-002026,contactado,2025-09-15,VEN-002
EVO-004850,OPP-002027,lead,2025-09-15,VEN-011
EVO-004851,OPP-002030,lead,2025-09-15,VEN-007
EVO-004852,OPP-001939,propuesta,2025-09-16,VEN-005
EVO-004853,OPP-001964,propuesta,2025-09-16,VEN-004
EVO-004854,OPP-001971,propuesta,2025-09-16,VEN-003
EVO-004855,OPP-001985,lead,2025-09-16,VEN-012
EVO-004856,OPP-001985,contactado,2025-09-16,VEN-012
EVO-004857,OPP-001998,lead,2025-09-16,VEN-006
EVO-004858,OPP-002000,lead,2025-09-16,VEN-007
EVO-004859,OPP-002001,lead,2025-09-16,VEN-002
EVO-004860,OPP-002007,lead,2025-09-16,VEN-008
EVO-004861,OPP-002011,lead,2025-09-16,VEN-006
EVO-004862,OPP-002015,contactado,2025-09-16,VEN-009
EVO-004863,OPP-002021,contactado,2025-09-16,VEN-001
EVO-004864,OPP-002022,lead,2025-09-16,VEN-004
EVO-004865,OPP-002025,lead,2025-09-16,VEN-008
EVO-004866,OPP-002031,lead,2025-09-16,VEN-003
EVO-004867,OPP-002032,lead,2025-09-16,VEN-003
EVO-004868,OPP-001949,propuesta,2025-09-17,VEN-002
EVO-004869,OPP-001980,propuesta,2025-09-17,VEN-010
EVO-004870,OPP-001986,lead,2025-09-17,VEN-008
EVO-004871,OPP-001997,contactado,2025-09-17,VEN-008
EVO-004872,OPP-002000,contactado,2025-09-17,VEN-007
EVO-004873,OPP-002006,lead,2025-09-17,VEN-003
EVO-004874,OPP-002017,contactado,2025-09-17,VEN-006
EVO-004875,OPP-002025,contactado,2025-09-17,VEN-008
EVO-004876,OPP-002027,contactado,2025-09-17,VEN-011
EVO-004877,OPP-002030,contactado,2025-09-17,VEN-007
EVO-004878,OPP-001986,contactado,2025-09-18,VEN-008
EVO-004879,OPP-001988,contactado,2025-09-18,VEN-010
EVO-004880,OPP-001990,lead,2025-09-18,VEN-008
EVO-004881,OPP-001992,lead,2025-09-18,VEN-005
EVO-004882,OPP-001992,contactado,2025-09-18,VEN-005
EVO-004883,OPP-001995,lead,2025-09-18,VEN-009
EVO-004884,OPP-001997,calificado,2025-09-18,VEN-008
EVO-004885,OPP-001998,contactado,2025-09-18,VEN-006
EVO-004886,OPP-002004,lead,2025-09-18,VEN-002
EVO-004887,OPP-002005,contactado,2025-09-18,VEN-003
EVO-004888,OPP-002007,contactado,2025-09-18,VEN-008
EVO-004889,OPP-002011,contactado,2025-09-18,VEN-006
EVO-004890,OPP-002013,lead,2025-09-18,VEN-012
EVO-004891,OPP-002015,calificado,2025-09-18,VEN-009
EVO-004892,OPP-002015,propuesta,2025-09-18,VEN-009
EVO-004893,OPP-002018,contactado,2025-09-18,VEN-004
EVO-004894,OPP-002028,lead,2025-09-18,VEN-012
EVO-004895,OPP-002029,lead,2025-09-18,VEN-002
EVO-004896,OPP-001964,cierre,2025-09-19,VEN-004
EVO-004897,OPP-001980,cierre,2025-09-19,VEN-010
EVO-004898,OPP-001991,lead,2025-09-19,VEN-012
EVO-004899,OPP-001992,calificado,2025-09-19,VEN-005
EVO-004900,OPP-001993,lead,2025-09-19,VEN-006
EVO-004901,OPP-001994,lead,2025-09-19,VEN-003
EVO-004902,OPP-001996,lead,2025-09-19,VEN-004
EVO-004903,OPP-001997,propuesta,2025-09-19,VEN-008
EVO-004904,OPP-001999,lead,2025-09-19,VEN-001
EVO-004905,OPP-002002,lead,2025-09-19,VEN-012
EVO-004906,OPP-002003,lead,2025-09-19,VEN-003
EVO-004907,OPP-002004,contactado,2025-09-19,VEN-002
EVO-004908,OPP-002008,lead,2025-09-19,VEN-012
EVO-004909,OPP-002009,lead,2025-09-19,VEN-004
EVO-004910,OPP-002010,lead,2025-09-19,VEN-011
EVO-004911,OPP-002012,lead,2025-09-19,VEN-001
EVO-004912,OPP-002016,lead,2025-09-19,VEN-003
EVO-004913,OPP-002019,lead,2025-09-19,VEN-010
EVO-004914,OPP-002019,contactado,2025-09-19,VEN-010
EVO-004915,OPP-002019,calificado,2025-09-19,VEN-010
EVO-004916,OPP-002023,lead,2025-09-19,VEN-001
EVO-004917,OPP-002027,calificado,2025-09-19,VEN-011
EVO-004918,OPP-002031,contactado,2025-09-19,VEN-003
EVO-004919,OPP-001991,contactado,2025-09-20,VEN-012
EVO-004920,OPP-001993,contactado,2025-09-20,VEN-006
EVO-004921,OPP-001995,contactado,2025-09-20,VEN-009
EVO-004922,OPP-002006,contactado,2025-09-20,VEN-003
EVO-004923,OPP-002010,contactado,2025-09-20,VEN-011
EVO-004924,OPP-002013,contactado,2025-09-20,VEN-012
EVO-004925,OPP-002015,cierre,2025-09-20,VEN-009
EVO-004926,OPP-002017,calificado,2025-09-20,VEN-006
EVO-004927,OPP-002025,calificado,2025-09-20,VEN-008
EVO-004928,OPP-002031,calificado,2025-09-20,VEN-003
EVO-004929,OPP-001988,calificado,2025-09-21,VEN-010
EVO-004930,OPP-002009,contactado,2025-09-21,VEN-004
EVO-004931,OPP-002009,calificado,2025-09-21,VEN-004
EVO-004932,OPP-002017,propuesta,2025-09-21,VEN-006
EVO-004933,OPP-002029,contactado,2025-09-21,VEN-002
EVO-004934,OPP-001992,propuesta,2025-09-22,VEN-005
EVO-004935,OPP-001999,contactado,2025-09-22,VEN-001
EVO-004936,OPP-001999,calificado,2025-09-22,VEN-001
EVO-004937,OPP-002002,contactado,2025-09-22,VEN-012
EVO-004938,OPP-002002,calificado,2025-09-22,VEN-012
EVO-004939,OPP-002004,calificado,2025-09-22,VEN-002
EVO-004940,OPP-002013,calificado,2025-09-22,VEN-012
EVO-004941,OPP-002016,contactado,2025-09-22,VEN-003
EVO-004942,OPP-002017,cierre,2025-09-22,VEN-006
EVO-004943,OPP-002034,lead,2025-09-22,VEN-005
EVO-004944,OPP-002034,contactado,2025-09-22,VEN-005
EVO-004945,OPP-002039,lead,2025-09-22,VEN-008
EVO-004946,OPP-002042,lead,2025-09-22,VEN-010
EVO-004947,OPP-002046,lead,2025-09-22,VEN-003
EVO-004948,OPP-002053,lead,2025-09-22,VEN-011
EVO-004949,OPP-002057,lead,2025-09-22,VEN-002
EVO-004950,OPP-002058,lead,2025-09-22,VEN-006
EVO-004951,OPP-002067,lead,2025-09-22,VEN-005
EVO-004952,OPP-002067,contactado,2025-09-22,VEN-005
EVO-004953,OPP-002068,lead,2025-09-22,VEN-002
EVO-004954,OPP-002071,lead,2025-09-22,VEN-003
EVO-004955,OPP-002074,lead,2025-09-22,VEN-012
EVO-004956,OPP-002004,propuesta,2025-09-23,VEN-002
EVO-004957,OPP-002025,propuesta,2025-09-23,VEN-008
EVO-004958,OPP-002033,lead,2025-09-23,VEN-008
EVO-004959,OPP-002038,lead,2025-09-23,VEN-008
EVO-004960,OPP-002040,lead,2025-09-23,VEN-002
EVO-004961,OPP-002045,lead,2025-09-23,VEN-005
EVO-004962,OPP-002045,contactado,2025-09-23,VEN-005
EVO-004963,OPP-002050,lead,2025-09-23,VEN-001
EVO-004964,OPP-002051,lead,2025-09-23,VEN-001
EVO-004965,OPP-002051,contactado,2025-09-23,VEN-001
EVO-004966,OPP-002059,lead,2025-09-23,VEN-007
EVO-004967,OPP-002070,lead,2025-09-23,VEN-004
EVO-004968,OPP-002074,contactado,2025-09-23,VEN-012
EVO-004969,OPP-002076,lead,2025-09-23,VEN-006
EVO-004970,OPP-002078,lead,2025-09-23,VEN-010
EVO-004971,OPP-001999,propuesta,2025-09-24,VEN-001
EVO-004972,OPP-002002,propuesta,2025-09-24,VEN-012
EVO-004973,OPP-002039,contactado,2025-09-24,VEN-008
EVO-004974,OPP-002040,contactado,2025-09-24,VEN-002
EVO-004975,OPP-002043,lead,2025-09-24,VEN-007
EVO-004976,OPP-002046,contactado,2025-09-24,VEN-003
EVO-004977,OPP-002051,calificado,2025-09-24,VEN-001
EVO-004978,OPP-002054,lead,2025-09-24,VEN-010
EVO-004979,OPP-002057,contactado,2025-09-24,VEN-002
EVO-004980,OPP-002058,contactado,2025-09-24,VEN-006
EVO-004981,OPP-002060,lead,2025-09-24,VEN-002
EVO-004982,OPP-002067,calificado,2025-09-24,VEN-005
EVO-004983,OPP-002067,propuesta,2025-09-24,VEN-005
EVO-004984,OPP-002073,lead,2025-09-24,VEN-001
EVO-004985,OPP-002075,lead,2025-09-24,VEN-003
EVO-004986,OPP-001992,cierre,2025-09-25,VEN-005
EVO-004987,OPP-002013,propuesta,2025-09-25,VEN-012
EVO-004988,OPP-002033,contactado,2025-09-25,VEN-008
EVO-004989,OPP-002033,calificado,2025-09-25,VEN-008
EVO-004990,OPP-002035,lead,2025-09-25,VEN-004
EVO-004991,OPP-002035,contactado,2025-09-25,VEN-004
EVO-004992,OPP-002036,lead,2025-09-25,VEN-012
EVO-004993,OPP-002042,contactado,2025-09-25,VEN-010
EVO-004994,OPP-002044,lead,2025-09-25,VEN-001
EVO-004995,OPP-002056,lead,2025-09-25,VEN-001
EVO-004996,OPP-002056,contactado,2025-09-25,VEN-001
EVO-004997,OPP-002056,calificado,2025-09-25,VEN-001
EVO-004998,OPP-002062,lead,2025-09-25,VEN-003
EVO-004999,OPP-002063,lead,2025-09-25,VEN-001
EVO-005000,OPP-002064,lead,2025-09-25,VEN-007
EVO-005001,OPP-002065,lead,2025-09-25,VEN-002
EVO-005002,OPP-002066,lead,2025-09-25,VEN-001
EVO-005003,OPP-002077,lead,2025-09-25,VEN-006
EVO-005004,OPP-002077,contactado,2025-09-25,VEN-006
EVO-005005,OPP-002036,contactado,2025-09-26,VEN-012
EVO-005006,OPP-002036,calificado,2025-09-26,VEN-012
EVO-005007,OPP-002037,lead,2025-09-26,VEN-006
EVO-005008,OPP-002041,lead,2025-09-26,VEN-011
EVO-005009,OPP-002042,calificado,2025-09-26,VEN-010
EVO-005010,OPP-002044,contactado,2025-09-26,VEN-001
EVO-005011,OPP-002047,lead,2025-09-26,VEN-001
EVO-005012,OPP-002047,contactado,2025-09-26,VEN-001
EVO-005013,OPP-002047,calificado,2025-09-26,VEN-001
EVO-005014,OPP-002048,lead,2025-09-26,VEN-001
EVO-005015,OPP-002049,lead,2025-09-26,VEN-004
EVO-005016,OPP-002051,propuesta,2025-09-26,VEN-001
EVO-005017,OPP-002052,lead,2025-09-26,VEN-006
EVO-005018,OPP-002055,lead,2025-09-26,VEN-010
EVO-005019,OPP-002059,contactado,2025-09-26,VEN-007
EVO-005020,OPP-002061,lead,2025-09-26,VEN-008
EVO-005021,OPP-002069,lead,2025-09-26,VEN-004
EVO-005022,OPP-002072,lead,2025-09-26,VEN-012
EVO-005023,OPP-002074,calificado,2025-09-26,VEN-012
EVO-005024,OPP-002075,contactado,2025-09-26,VEN-003
EVO-005025,OPP-002078,contactado,2025-09-26,VEN-010
EVO-005026,OPP-002013,cierre,2025-09-27,VEN-012
EVO-005027,OPP-002039,calificado,2025-09-27,VEN-008
EVO-005028,OPP-002047,propuesta,2025-09-27,VEN-001
EVO-005029,OPP-002047,cierre,2025-09-27,VEN-001
EVO-005030,OPP-002049,contactado,2025-09-27,VEN-004
EVO-005031,OPP-002049,calificado,2025-09-27,VEN-004
EVO-005032,OPP-002052,contactado,2025-09-27,VEN-006
EVO-005033,OPP-002057,calificado,2025-09-27,VEN-002
EVO-005034,OPP-002062,contactado,2025-09-27,VEN-003
EVO-005035,OPP-002063,contactado,2025-09-27,VEN-001
EVO-005036,OPP-002065,contactado,2025-09-27,VEN-002
EVO-005037,OPP-002033,propuesta,2025-09-28,VEN-008
EVO-005038,OPP-002037,contactado,2025-09-28,VEN-006
EVO-005039,OPP-002042,propuesta,2025-09-28,VEN-010
EVO-005040,OPP-002042,cierre,2025-09-28,VEN-010
EVO-005041,OPP-002048,contactado,2025-09-28,VEN-001
EVO-005042,OPP-002051,cierre,2025-09-28,VEN-001
EVO-005043,OPP-002063,calificado,2025-09-28,VEN-001
EVO-005044,OPP-002069,contactado,2025-09-28,VEN-004
EVO-005045,OPP-002069,calificado,2025-09-28,VEN-004
EVO-005046,OPP-002069,propuesta,2025-09-28,VEN-004
EVO-005047,OPP-002077,calificado,2025-09-28,VEN-006
EVO-005048,OPP-002077,propuesta,2025-09-28,VEN-006
EVO-005049,OPP-002036,propuesta,2025-09-29,VEN-012
EVO-005050,OPP-002063,propuesta,2025-09-29,VEN-001
EVO-005051,OPP-002078,calificado,2025-09-29,VEN-010
EVO-005052,OPP-002079,lead,2025-09-29,VEN-002
EVO-005053,OPP-002082,lead,2025-09-29,VEN-003
EVO-005054,OPP-002109,lead,2025-09-29,VEN-003
EVO-005055,OPP-002123,lead,2025-09-29,VEN-012
EVO-005056,OPP-002130,lead,2025-09-29,VEN-007
EVO-005057,OPP-002130,contactado,2025-09-29,VEN-007
EVO-005058,OPP-002138,lead,2025-09-29,VEN-007
EVO-005059,OPP-002140,lead,2025-09-29,VEN-002
EVO-005060,OPP-002141,lead,2025-09-29,VEN-004
EVO-005061,OPP-002057,propuesta,2025-09-30,VEN-002
EVO-005062,OPP-002084,lead,2025-09-30,VEN-008
EVO-005063,OPP-002085,lead,2025-09-30,VEN-002
EVO-005064,OPP-002087,lead,2025-09-30,VEN-012
EVO-005065,OPP-002095,lead,2025-09-30,VEN-007
EVO-005066,OPP-002098,lead,2025-09-30,VEN-010
EVO-005067,OPP-002102,lead,2025-09-30,VEN-007
EVO-005068,OPP-002107,lead,2025-09-30,VEN-012
EVO-005069,OPP-002107,contactado,2025-09-30,VEN-012
EVO-005070,OPP-002107,calificado,2025-09-30,VEN-012
EVO-005071,OPP-002108,lead,2025-09-30,VEN-003
EVO-005072,OPP-002111,lead,2025-09-30,VEN-008
EVO-005073,OPP-002112,lead,2025-09-30,VEN-004
EVO-005074,OPP-002112,contactado,2025-09-30,VEN-004
EVO-005075,OPP-002118,lead,2025-09-30,VEN-008
EVO-005076,OPP-002120,lead,2025-09-30,VEN-012
EVO-005077,OPP-002120,contactado,2025-09-30,VEN-012
EVO-005078,OPP-002131,lead,2025-09-30,VEN-002
EVO-005079,OPP-002136,lead,2025-09-30,VEN-007
EVO-005080,OPP-002037,calificado,2025-10-01,VEN-006
EVO-005081,OPP-002037,propuesta,2025-10-01,VEN-006
EVO-005082,OPP-002037,cierre,2025-10-01,VEN-006
EVO-005083,OPP-002079,contactado,2025-10-01,VEN-002
EVO-005084,OPP-002080,lead,2025-10-01,VEN-010
EVO-005085,OPP-002087,contactado,2025-10-01,VEN-012
EVO-005086,OPP-002088,lead,2025-10-01,VEN-003
EVO-005087,OPP-002090,lead,2025-10-01,VEN-003
EVO-005088,OPP-002091,lead,2025-10-01,VEN-004
EVO-005089,OPP-002091,contactado,2025-10-01,VEN-004
EVO-005090,OPP-002093,lead,2025-10-01,VEN-001
EVO-005091,OPP-002095,contactado,2025-10-01,VEN-007
EVO-005092,OPP-002095,calificado,2025-10-01,VEN-007
EVO-005093,OPP-002097,lead,2025-10-01,VEN-010
EVO-005094,OPP-002107,propuesta,2025-10-01,VEN-012
EVO-005095,OPP-002109,contactado,2025-10-01,VEN-003
EVO-005096,OPP-002115,lead,2025-10-01,VEN-002
EVO-005097,OPP-002117,lead,2025-10-01,VEN-011
EVO-005098,OPP-002122,lead,2025-10-01,VEN-010
EVO-005099,OPP-002125,lead,2025-10-01,VEN-012
EVO-005100,OPP-002126,lead,2025-10-01,VEN-011
EVO-005101,OPP-002127,lead,2025-10-01,VEN-011
EVO-005102,OPP-002132,lead,2025-10-01,VEN-002
EVO-005103,OPP-002133,lead,2025-10-01,VEN-006
EVO-005104,OPP-002137,lead,2025-10-01,VEN-009
EVO-005105,OPP-002138,contactado,2025-10-01,VEN-007
EVO-005106,OPP-002141,contactado,2025-10-01,VEN-004
EVO-005107,OPP-002079,calificado,2025-10-02,VEN-002
EVO-005108,OPP-002079,propuesta,2025-10-02,VEN-002
EVO-005109,OPP-002080,contactado,2025-10-02,VEN-010
EVO-005110,OPP-002084,contactado,2025-10-02,VEN-008
EVO-005111,OPP-002086,lead,2025-10-02,VEN-002
EVO-005112,OPP-002086,contactado,2025-10-02,VEN-002
EVO-005113,OPP-002086,calificado,2025-10-02,VEN-002
EVO-005114,OPP-002089,lead,2025-10-02,VEN-002
EVO-005115,OPP-002094,lead,2025-10-02,VEN-004
EVO-005116,OPP-002096,lead,2025-10-02,VEN-012
EVO-005117,OPP-002101,lead,2025-10-02,VEN-005
EVO-005118,OPP-002104,lead,2025-10-02,VEN-001
EVO-005119,OPP-002105,lead,2025-10-02,VEN-003
EVO-005120,OPP-002106,lead,2025-10-02,VEN-010
EVO-005121,OPP-002113,lead,2025-10-02,VEN-012
EVO-005122,OPP-002115,contactado,2025-10-02,VEN-002
EVO-005123,OPP-002119,lead,2025-10-02,VEN-001
EVO-005124,OPP-002119,contactado,2025-10-02,VEN-001
EVO-005125,OPP-002121,lead,2025-10-02,VEN-003
EVO-005126,OPP-002124,lead,2025-10-02,VEN-005
EVO-005127,OPP-002128,lead,2025-10-02,VEN-003
EVO-005128,OPP-002130,calificado,2025-10-02,VEN-007
EVO-005129,OPP-002131,contactado,2025-10-02,VEN-002
EVO-005130,OPP-002135,lead,2025-10-02,VEN-001
EVO-005131,OPP-002136,contactado,2025-10-02,VEN-007
EVO-005132,OPP-002139,lead,2025-10-02,VEN-007
EVO-005133,OPP-002142,lead,2025-10-02,VEN-010
EVO-005134,OPP-002080,calificado,2025-10-03,VEN-010
EVO-005135,OPP-002081,lead,2025-10-03,VEN-005
EVO-005136,OPP-002083,lead,2025-10-03,VEN-004
EVO-005137,OPP-002084,calificado,2025-10-03,VEN-008
EVO-005138,OPP-002085,contactado,2025-10-03,VEN-002
EVO-005139,OPP-002092,lead,2025-10-03,VEN-001
EVO-005140,OPP-002092,contactado,2025-10-03,VEN-001
EVO-005141,OPP-002099,lead,2025-10-03,VEN-001
EVO-005142,OPP-002099,contactado,2025-10-03,VEN-001
EVO-005143,OPP-002100,lead,2025-10-03,VEN-008
EVO-005144,OPP-002101,contactado,2025-10-03,VEN-005
EVO-005145,OPP-002103,lead,2025-10-03,VEN-002
EVO-005146,OPP-002103,contactado,2025-10-03,VEN-002
EVO-005147,OPP-002104,contactado,2025-10-03,VEN-001
EVO-005148,OPP-002108,contactado,2025-10-03,VEN-003
EVO-005149,OPP-002108,calificado,2025-10-03,VEN-003
EVO-005150,OPP-002110,lead,2025-10-03,VEN-004
EVO-005151,OPP-002112,calificado,2025-10-03,VEN-004
EVO-005152,OPP-002114,lead,2025-10-03,VEN-008
EVO-005153,OPP-002115,calificado,2025-10-03,VEN-002
EVO-005154,OPP-002115,propuesta,2025-10-03,VEN-002
EVO-005155,OPP-002116,lead,2025-10-03,VEN-003
EVO-005156,OPP-002129,lead,2025-10-03,VEN-002
EVO-005157,OPP-002132,contactado,2025-10-03,VEN-002
EVO-005158,OPP-002134,lead,2025-10-03,VEN-010
EVO-005159,OPP-002134,contactado,2025-10-03,VEN-010
EVO-005160,OPP-002135,contactado,2025-10-03,VEN-001
EVO-005161,OPP-002135,calificado,2025-10-03,VEN-001
EVO-005162,OPP-002084,propuesta,2025-10-04,VEN-008
EVO-005163,OPP-002085,calificado,2025-10-04,VEN-002
EVO-005164,OPP-002089,contactado,2025-10-04,VEN-002
EVO-005165,OPP-002090,contactado,2025-10-04,VEN-003
EVO-005166,OPP-002097,contactado,2025-10-04,VEN-010
EVO-005167,OPP-002103,calificado,2025-10-04,VEN-002
EVO-005168,OPP-002105,contactado,2025-10-04,VEN-003
EVO-005169,OPP-002107,cierre,2025-10-04,VEN-012
EVO-005170,OPP-002108,propuesta,2025-10-04,VEN-003
EVO-005171,OPP-002113,contactado,2025-10-04,VEN-012
EVO-005172,OPP-002114,contactado,2025-10-04,VEN-008
EVO-005173,OPP-002116,contactado,2025-10-04,VEN-003
EVO-005174,OPP-002122,contactado,2025-10-04,VEN-010
EVO-005175,OPP-002126,contactado,2025-10-04,VEN-011
EVO-005176,OPP-002129,contactado,2025-10-04,VEN-002
EVO-005177,OPP-002130,propuesta,2025-10-04,VEN-007
EVO-005178,OPP-002133,contactado,2025-10-04,VEN-006
EVO-005179,OPP-002137,contactado,2025-10-04,VEN-009
EVO-005180,OPP-002137,calificado,2025-10-04,VEN-009
EVO-005181,OPP-002138,calificado,2025-10-04,VEN-007
EVO-005182,OPP-002081,contactado,2025-10-05,VEN-005
EVO-005183,OPP-002105,calificado,2025-10-05,VEN-003
EVO-005184,OPP-002106,contactado,2025-10-05,VEN-010
EVO-005185,OPP-002110,contactado,2025-10-05,VEN-004
EVO-005186,OPP-002121,contactado,2025-10-05,VEN-003
EVO-005187,OPP-002132,calificado,2025-10-05,VEN-002
EVO-005188,OPP-002139,contactado,2025-10-05,VEN-007
EVO-005189,OPP-002092,calificado,2025-10-06,VEN-001
EVO-005190,OPP-002099,calificado,2025-10-06,VEN-001
EVO-005191,OPP-002100,contactado,2025-10-06,VEN-008
EVO-005192,OPP-002101,calificado,2025-10-06,VEN-005
EVO-005193,OPP-002101,propuesta,2025-10-06,VEN-005
EVO-005194,OPP-002114,calificado,2025-10-06,VEN-008
EVO-005195,OPP-002121,calificado,2025-10-06,VEN-003
EVO-005196,OPP-002122,calificado,2025-10-06,VEN-010
EVO-005197,OPP-002134,calificado,2025-10-06,VEN-010
EVO-005198,OPP-002159,lead,2025-10-06,VEN-001
EVO-005199,OPP-002163,lead,2025-10-06,VEN-004
EVO-005200,OPP-002163,contactado,2025-10-06,VEN-004
EVO-005201,OPP-002165,lead,2025-10-06,VEN-010
EVO-005202,OPP-002165,contactado,2025-10-06,VEN-010
EVO-005203,OPP-002168,lead,2025-10-06,VEN-012
EVO-005204,OPP-002168,contactado,2025-10-06,VEN-012
EVO-005205,OPP-002169,lead,2025-10-06,VEN-010
EVO-005206,OPP-002173,lead,2025-10-06,VEN-007
EVO-005207,OPP-002174,lead,2025-10-06,VEN-004
EVO-005208,OPP-002182,lead,2025-10-06,VEN-009
EVO-005209,OPP-002187,lead,2025-10-06,VEN-011
EVO-005210,OPP-002097,calificado,2025-10-07,VEN-010
EVO-005211,OPP-002110,calificado,2025-10-07,VEN-004
EVO-005212,OPP-002116,calificado,2025-10-07,VEN-003
EVO-005213,OPP-002129,calificado,2025-10-07,VEN-002
EVO-005214,OPP-002145,lead,2025-10-07,VEN-010
EVO-005215,OPP-002145,contactado,2025-10-07,VEN-010
EVO-005216,OPP-002154,lead,2025-10-07,VEN-010
EVO-005217,OPP-002158,lead,2025-10-07,VEN-005
EVO-005218,OPP-002165,calificado,2025-10-07,VEN-010
EVO-005219,OPP-002166,lead,2025-10-07,VEN-006
EVO-005220,OPP-002167,lead,2025-10-07,VEN-008
EVO-005221,OPP-002175,lead,2025-10-07,VEN-007
EVO-005222,OPP-002178,lead,2025-10-07,VEN-002
EVO-005223,OPP-002178,contactado,2025-10-07,VEN-002
EVO-005224,OPP-002189,lead,2025-10-07,VEN-006
EVO-005225,OPP-002081,calificado,2025-10-08,VEN-005
EVO-005226,OPP-002097,propuesta,2025-10-08,VEN-010
EVO-005227,OPP-002099,propuesta,2025-10-08,VEN-001
EVO-005228,OPP-002100,calificado,2025-10-08,VEN-008
EVO-005229,OPP-002105,propuesta,2025-10-08,VEN-003
EVO-005230,OPP-002144,lead,2025-10-08,VEN-012
EVO-005231,OPP-002145,calificado,2025-10-08,VEN-010
EVO-005232,OPP-002146,lead,2025-10-08,VEN-008
EVO-005233,OPP-002149,lead,2025-10-08,VEN-005
EVO-005234,OPP-002150,lead,2025-10-08,VEN-005
EVO-005235,OPP-002153,lead,2025-10-08,VEN-012
EVO-005236,OPP-002164,lead,2025-10-08,VEN-006
EVO-005237,OPP-002164,contactado,2025-10-08,VEN-006
EVO-005238,OPP-002164,calificado,2025-10-08,VEN-006
EVO-005239,OPP-002165,propuesta,2025-10-08,VEN-010
EVO-005240,OPP-002167,contactado,2025-10-08,VEN-008
EVO-005241,OPP-002171,lead,2025-10-08,VEN-001
EVO-005242,OPP-002175,contactado,2025-10-08,VEN-007
EVO-005243,OPP-002178,calificado,2025-10-08,VEN-002
EVO-005244,OPP-002178,propuesta,2025-10-08,VEN-002
EVO-005245,OPP-002183,lead,2025-10-08,VEN-007
EVO-005246,OPP-002185,lead,2025-10-08,VEN-006
EVO-005247,OPP-002185,contactado,2025-10-08,VEN-006
EVO-005248,OPP-002185,calificado,2025-10-08,VEN-006
EVO-005249,OPP-002186,lead,2025-10-08,VEN-001
EVO-005250,OPP-002188,lead,2025-10-08,VEN-008
EVO-005251,OPP-002188,contactado,2025-10-08,VEN-008
EVO-005252,OPP-002114,propuesta,2025-10-09,VEN-008
EVO-005253,OPP-002114,cierre,2025-10-09,VEN-008
EVO-005254,OPP-002122,propuesta,2025-10-09,VEN-010
EVO-005255,OPP-002122,cierre,2025-10-09,VEN-010
EVO-005256,OPP-002134,propuesta,2025-10-09,VEN-010
EVO-005257,OPP-002144,contactado,2025-10-09,VEN-012
EVO-005258,OPP-002149,contactado,2025-10-09,VEN-005
EVO-005259,OPP-002151,lead,2025-10-09,VEN-007
EVO-005260,OPP-002160,lead,2025-10-09,VEN-011
EVO-005261,OPP-002162,lead,2025-10-09,VEN-010
EVO-005262,OPP-002162,contactado,2025-10-09,VEN-010
EVO-005263,OPP-002162,calificado,2025-10-09,VEN-010
EVO-005264,OPP-002172,lead,2025-10-09,VEN-012
EVO-005265,OPP-002172,contactado,2025-10-09,VEN-012
EVO-005266,OPP-002172,calificado,2025-10-09,VEN-012
EVO-005267,OPP-002173,contactado,2025-10-09,VEN-007
EVO-005268,OPP-002174,contactado,2025-10-09,VEN-004
EVO-005269,OPP-002180,lead,2025-10-09,VEN-005
EVO-005270,OPP-002181,lead,2025-10-09,VEN-012
EVO-005271,OPP-002184,lead,2025-10-09,VEN-010
EVO-005272,OPP-002184,contactado,2025-10-09,VEN-010
EVO-005273,OPP-002186,contactado,2025-10-09,VEN-001
EVO-005274,OPP-002110,propuesta,2025-10-10,VEN-004
EVO-005275,OPP-002129,propuesta,2025-10-10,VEN-002
EVO-005276,OPP-002143,lead,2025-10-10,VEN-008
EVO-005277,OPP-002144,calificado,2025-10-10,VEN-012
EVO-005278,OPP-002144,propuesta,2025-10-10,VEN-012
EVO-005279,OPP-002144,cierre,2025-10-10,VEN-012
EVO-005280,OPP-002146,contactado,2025-10-10,VEN-008
EVO-005281,OPP-002147,lead,2025-10-10,VEN-004
EVO-005282,OPP-002148,lead,2025-10-10,VEN-003
EVO-005283,OPP-002150,contactado,2025-10-10,VEN-005
EVO-005284,OPP-002152,lead,2025-10-10,VEN-003
EVO-005285,OPP-002153,contactado,2025-10-10,VEN-012
EVO-005286,OPP-002155,lead,2025-10-10,VEN-008
EVO-005287,OPP-002156,lead,2025-10-10,VEN-003
EVO-005288,OPP-002157,lead,2025-10-10,VEN-001
EVO-005289,OPP-002157,contactado,2025-10-10,VEN-001
EVO-005290,OPP-002161,lead,2025-10-10,VEN-012
EVO-005291,OPP-002166,contactado,2025-10-10,VEN-006
EVO-005292,OPP-002166,calificado,2025-10-10,VEN-006
EVO-005293,OPP-002170,lead,2025-10-10,VEN-006
EVO-005294,OPP-002176,lead,2025-10-10,VEN-001
EVO-005295,OPP-002177,lead,2025-10-10,VEN-003
EVO-005296,OPP-002179,lead,2025-10-10,VEN-004
EVO-005297,OPP-002185,propuesta,2025-10-10,VEN-006
EVO-005298,OPP-002189,contactado,2025-10-10,VEN-006
EVO-005299,OPP-002097,cierre,2025-10-11,VEN-010
EVO-005300,OPP-002100,propuesta,2025-10-11,VEN-008
EVO-005301,OPP-002148,contactado,2025-10-11,VEN-003
EVO-005302,OPP-002149,calificado,2025-10-11,VEN-005
EVO-005303,OPP-002156,contactado,2025-10-11,VEN-003
EVO-005304,OPP-002157,calificado,2025-10-11,VEN-001
EVO-005305,OPP-002160,contactado,2025-10-11,VEN-011
EVO-005306,OPP-002162,propuesta,2025-10-11,VEN-010
EVO-005307,OPP-002171,contactado,2025-10-11,VEN-001
EVO-005308,OPP-002175,calificado,2025-10-11,VEN-007
EVO-005309,OPP-002176,contactado,2025-10-11,VEN-001
EVO-005310,OPP-002176,calificado,2025-10-11,VEN-001
EVO-005311,OPP-002180,contactado,2025-10-11,VEN-005
EVO-005312,OPP-002129,cierre,2025-10-12,VEN-002
EVO-005313,OPP-002143,contactado,2025-10-12,VEN-008
EVO-005314,OPP-002146,calificado,2025-10-12,VEN-008
EVO-005315,OPP-002170,contactado,2025-10-12,VEN-006
EVO-005316,OPP-002177,contactado,2025-10-12,VEN-003
EVO-005317,OPP-002177,calificado,2025-10-12,VEN-003
EVO-005318,OPP-002181,contactado,2025-10-12,VEN-012
EVO-005319,OPP-002146,propuesta,2025-10-13,VEN-008
EVO-005320,OPP-002150,calificado,2025-10-13,VEN-005
EVO-005321,OPP-002152,contactado,2025-10-13,VEN-003
EVO-005322,OPP-002157,propuesta,2025-10-13,VEN-001
EVO-005323,OPP-002161,contactado,2025-10-13,VEN-012
EVO-005324,OPP-002171,calificado,2025-10-13,VEN-001
EVO-005325,OPP-002176,propuesta,2025-10-13,VEN-001
EVO-005326,OPP-002179,contactado,2025-10-13,VEN-004
EVO-005327,OPP-002193,lead,2025-10-13,VEN-004
EVO-005328,OPP-002205,lead,2025-10-13,VEN-002
EVO-005329,OPP-002207,lead,2025-10-13,VEN-003
EVO-005330,OPP-002208,lead,2025-10-13,VEN-012
EVO-005331,OPP-002209,lead,2025-10-13,VEN-003
EVO-005332,OPP-002211,lead,2025-10-13,VEN-002
EVO-005333,OPP-002214,lead,2025-10-13,VEN-006
EVO-005334,OPP-002214,contactado,2025-10-13,VEN-006
EVO-005335,OPP-002214,calificado,2025-10-13,VEN-006
EVO-005336,OPP-002218,lead,2025-10-13,VEN-010
EVO-005337,OPP-002218,contactado,2025-10-13,VEN-010
EVO-005338,OPP-002218,calificado,2025-10-13,VEN-010
EVO-005339,OPP-002235,lead,2025-10-13,VEN-001
EVO-005340,OPP-002237,lead,2025-10-13,VEN-001
EVO-005341,OPP-002237,contactado,2025-10-13,VEN-001
EVO-005342,OPP-002238,lead,2025-10-13,VEN-012
EVO-005343,OPP-002245,lead,2025-10-13,VEN-005
EVO-005344,OPP-002248,lead,2025-10-13,VEN-006
EVO-005345,OPP-002249,lead,2025-10-13,VEN-011
EVO-005346,OPP-002249,contactado,2025-10-13,VEN-011
EVO-005347,OPP-002253,lead,2025-10-13,VEN-001
EVO-005348,OPP-002149,propuesta,2025-10-14,VEN-005
EVO-005349,OPP-002152,calificado,2025-10-14,VEN-003
EVO-005350,OPP-002156,calificado,2025-10-14,VEN-003
EVO-005351,OPP-002156,propuesta,2025-10-14,VEN-003
EVO-005352,OPP-002160,calificado,2025-10-14,VEN-011
EVO-005353,OPP-002161,calificado,2025-10-14,VEN-012
EVO-005354,OPP-002177,propuesta,2025-10-14,VEN-003
EVO-005355,OPP-002190,lead,2025-10-14,VEN-008
EVO-005356,OPP-002190,contactado,2025-10-14,VEN-008
EVO-005357,OPP-002191,lead,2025-10-14,VEN-006
EVO-005358,OPP-002194,lead,2025-10-14,VEN-005
EVO-005359,OPP-002198,lead,2025-10-14,VEN-010
EVO-005360,OPP-002214,propuesta,2025-10-14,VEN-006
EVO-005361,OPP-002220,lead,2025-10-14,VEN-004
EVO-005362,OPP-002220,contactado,2025-10-14,VEN-004
EVO-005363,OPP-002226,lead,2025-10-14,VEN-004
EVO-005364,OPP-002228,lead,2025-10-14,VEN-010
EVO-005365,OPP-002229,lead,2025-10-14,VEN-009
EVO-005366,OPP-002233,lead,2025-10-14,VEN-006
EVO-005367,OPP-002242,lead,2025-10-14,VEN-011
EVO-005368,OPP-002152,propuesta,2025-10-15,VEN-003
EVO-005369,OPP-002176,cierre,2025-10-15,VEN-001
EVO-005370,OPP-002181,calificado,2025-10-15,VEN-012
EVO-005371,OPP-002191,contactado,2025-10-15,VEN-006
EVO-005372,OPP-002192,lead,2025-10-15,VEN-007
EVO-005373,OPP-002195,lead,2025-10-15,VEN-005
EVO-005374,OPP-002196,lead,2025-10-15,VEN-010
EVO-005375,OPP-002196,contactado,2025-10-15,VEN-010
EVO-005376,OPP-002203,lead,2025-10-15,VEN-006
EVO-005377,OPP-002205,contactado,2025-10-15,VEN-002
EVO-005378,OPP-002208,contactado,2025-10-15,VEN-012
EVO-005379,OPP-002219,lead,2025-10-15,VEN-010
EVO-005380,OPP-002222,lead,2025-10-15,VEN-010
EVO-005381,OPP-002223,lead,2025-10-15,VEN-006
EVO-005382,OPP-002225,lead,2025-10-15,VEN-012
EVO-005383,OPP-002232,lead,2025-10-15,VEN-011
EVO-005384,OPP-002236,lead,2025-10-15,VEN-012
EVO-005385,OPP-002238,contactado,2025-10-15,VEN-012
EVO-005386,OPP-002238,calificado,2025-10-15,VEN-012
EVO-005387,OPP-002242,contactado,2025-10-15,VEN-011
EVO-005388,OPP-002246,lead,2025-10-15,VEN-011
EVO-005389,OPP-002251,lead,2025-10-15,VEN-001
EVO-005390,OPP-002149,cierre,2025-10-16,VEN-005
EVO-005391,OPP-002190,calificado,2025-10-16,VEN-008
EVO-005392,OPP-002191,calificado,2025-10-16,VEN-006
EVO-005393,OPP-002194,contactado,2025-10-16,VEN-005
EVO-005394,OPP-002199,lead,2025-10-16,VEN-001
EVO-005395,OPP-002200,lead,2025-10-16,VEN-007
EVO-005396,OPP-002201,lead,2025-10-16,VEN-001
EVO-005397,OPP-002201,contactado,2025-10-16,VEN-001
EVO-005398,OPP-002207,contactado,2025-10-16,VEN-003
EVO-005399,OPP-002210,lead,2025-10-16,VEN-010
EVO-005400,OPP-002212,lead,2025-10-16,VEN-001
EVO-005401,OPP-002213,lead,2025-10-16,VEN-003
EVO-005402,OPP-002217,lead,2025-10-16,VEN-006
EVO-005403,OPP-002217,contactado,2025-10-16,VEN-006
EVO-005404,OPP-002218,propuesta,2025-10-16,VEN-010
EVO-005405,OPP-002219,contactado,2025-10-16,VEN-010
EVO-005406,OPP-002227,lead,2025-10-16,VEN-002
EVO-005407,OPP-002229,contactado,2025-10-16,VEN-009
EVO-005408,OPP-002230,lead,2025-10-16,VEN-009
EVO-005409,OPP-002235,contactado,2025-10-16,VEN-001
EVO-005410,OPP-002243,lead,2025-10-16,VEN-007
EVO-005411,OPP-002244,lead,2025-10-16,VEN-006
EVO-005412,OPP-002245,contactado,2025-10-16,VEN-005
EVO-005413,OPP-002246,contactado,2025-10-16,VEN-011
EVO-005414,OPP-002195,contactado,2025-10-17,VEN-005
EVO-005415,OPP-002197,lead,2025-10-17,VEN-011
EVO-005416,OPP-002197,contactado,2025-10-17,VEN-011
EVO-005417,OPP-002198,contactado,2025-10-17,VEN-010
EVO-005418,OPP-002199,contactado,2025-10-17,VEN-001
EVO-005419,OPP-002199,calificado,2025-10-17,VEN-001
EVO-005420,OPP-002200,contactado,2025-10-17,VEN-007
EVO-005421,OPP-002202,lead,2025-10-17,VEN-006
EVO-005422,OPP-002204,lead,2025-10-17,VEN-002
EVO-005423,OPP-002206,lead,2025-10-17,VEN-008
EVO-005424,OPP-002206,contactado,2025-10-17,VEN-008
EVO-005425,OPP-002206,calificado,2025-10-17,VEN-008
EVO-005426,OPP-002215,lead,2025-10-17,VEN-007
EVO-005427,OPP-002216,lead,2025-10-17,VEN-011
EVO-005428,OPP-002221,lead,2025-10-17,VEN-001
EVO-005429,OPP-002221,contactado,2025-10-17,VEN-001
EVO-005430,OPP-002223,contactado,2025-10-17,VEN-006
EVO-005431,OPP-002224,lead,2025-10-17,VEN-012
EVO-005432,OPP-002228,contactado,2025-10-17,VEN-010
EVO-005433,OPP-002230,contactado,2025-10-17,VEN-009
EVO-005434,OPP-002231,lead,2025-10-17,VEN-005
EVO-005435,OPP-002231,contactado,2025-10-17,VEN-005
EVO-005436,OPP-002232,contactado,2025-10-17,VEN-011
EVO-005437,OPP-002234,lead,2025-10-17,VEN-001
EVO-005438,OPP-002235,calificado,2025-10-17,VEN-001
EVO-005439,OPP-002239,lead,2025-10-17,VEN-012
EVO-005440,OPP-002239,contactado,2025-10-17,VEN-012
EVO-005441,OPP-002240,lead,2025-10-17,VEN-003
EVO-005442,OPP-002241,lead,2025-10-17,VEN-008
EVO-005443,OPP-002242,calificado,2025-10-17,VEN-011
EVO-005444,OPP-002245,calificado,2025-10-17,VEN-005
EVO-005445,OPP-002247,lead,2025-10-17,VEN-011
EVO-005446,OPP-002247,contactado,2025-10-17,VEN-011
EVO-005447,OPP-002247,calificado,2025-10-17,VEN-011
EVO-005448,OPP-002250,lead,2025-10-17,VEN-001
EVO-005449,OPP-002252,lead,2025-10-17,VEN-007
EVO-005450,OPP-002181,propuesta,2025-10-18,VEN-012
EVO-005451,OPP-002197,calificado,2025-10-18,VEN-011
EVO-005452,OPP-002199,propuesta,2025-10-18,VEN-001
EVO-005453,OPP-002204,contactado,2025-10-18,VEN-002
EVO-005454,OPP-002208,calificado,2025-10-18,VEN-012
EVO-005455,OPP-002210,contactado,2025-10-18,VEN-010
EVO-005456,OPP-002221,calificado,2025-10-18,VEN-001
EVO-005457,OPP-002227,contactado,2025-10-18,VEN-002
EVO-005458,OPP-002238,propuesta,2025-10-18,VEN-012
EVO-005459,OPP-002212,contactado,2025-10-19,VEN-001
EVO-005460,OPP-002213,contactado,2025-10-19,VEN-003
EVO-005461,OPP-002215,contactado,2025-10-19,VEN-007
EVO-005462,OPP-002219,calificado,2025-10-19,VEN-010
EVO-005463,OPP-002221,propuesta,2025-10-19,VEN-001
EVO-005464,OPP-002243,contactado,2025-10-19,VEN-007
EVO-005465,OPP-002245,propuesta,2025-10-19,VEN-005
EVO-005466,OPP-002247,propuesta,2025-10-19,VEN-011
EVO-005467,OPP-002206,propuesta,2025-10-20,VEN-008
EVO-005468,OPP-002223,calificado,2025-10-20,VEN-006
EVO-005469,OPP-002230,calificado,2025-10-20,VEN-009
EVO-005470,OPP-002231,calificado,2025-10-20,VEN-005
EVO-005471,OPP-002239,calificado,2025-10-20,VEN-012
EVO-005472,OPP-002242,propuesta,2025-10-20,VEN-011
EVO-005473,OPP-002252,contactado,2025-10-20,VEN-007
EVO-005474,OPP-002254,lead,2025-10-20,VEN-010
EVO-005475,OPP-002254,contactado,2025-10-20,VEN-010
EVO-005476,OPP-002258,lead,2025-10-20,VEN-011
EVO-005477,OPP-002274,lead,2025-10-20,VEN-003
EVO-005478,OPP-002275,lead,2025-10-20,VEN-008
EVO-005479,OPP-002276,lead,2025-10-20,VEN-005
EVO-005480,OPP-002277,lead,2025-10-20,VEN-005
EVO-005481,OPP-002279,lead,2025-10-20,VEN-006
EVO-005482,OPP-002279,contactado,2025-10-20,VEN-006
EVO-005483,OPP-002281,lead,2025-10-20,VEN-001
EVO-005484,OPP-002285,lead,2025-10-20,VEN-004
EVO-005485,OPP-002287,lead,2025-10-20,VEN-002
EVO-005486,OPP-002296,lead,2025-10-20,VEN-005
EVO-005487,OPP-002296,contactado,2025-10-20,VEN-005
EVO-005488,OPP-002305,lead,2025-10-20,VEN-004
EVO-005489,OPP-002311,lead,2025-10-20,VEN-002
EVO-005490,OPP-002206,cierre,2025-10-21,VEN-008
EVO-005491,OPP-002215,calificado,2025-10-21,VEN-007
EVO-005492,OPP-002221,cierre,2025-10-21,VEN-001
EVO-005493,OPP-002238,cierre,2025-10-21,VEN-012
EVO-005494,OPP-002256,lead,2025-10-21,VEN-004
EVO-005495,OPP-002261,lead,2025-10-21,VEN-005
EVO-005496,OPP-002261,contactado,2025-10-21,VEN-005
EVO-005497,OPP-002261,calificado,2025-10-21,VEN-005
EVO-005498,OPP-002262,lead,2025-10-21,VEN-002
EVO-005499,OPP-002264,lead,2025-10-21,VEN-009
EVO-005500,OPP-002267,lead,2025-10-21,VEN-006
EVO-005501,OPP-002275,contactado,2025-10-21,VEN-008
EVO-005502,OPP-002276,contactado,2025-10-21,VEN-005
EVO-005503,OPP-002284,lead,2025-10-21,VEN-010
EVO-005504,OPP-002286,lead,2025-10-21,VEN-002
EVO-005505,OPP-002287,contactado,2025-10-21,VEN-002
EVO-005506,OPP-002288,lead,2025-10-21,VEN-008
EVO-005507,OPP-002291,lead,2025-10-21,VEN-006
EVO-005508,OPP-002294,lead,2025-10-21,VEN-007
EVO-005509,OPP-002294,contactado,2025-10-21,VEN-007
EVO-005510,OPP-002302,lead,2025-10-21,VEN-002
EVO-005511,OPP-002308,lead,2025-10-21,VEN-008
EVO-005512,OPP-002310,lead,2025-10-21,VEN-012
EVO-005513,OPP-002223,propuesta,2025-10-22,VEN-006
EVO-005514,OPP-002254,calificado,2025-10-22,VEN-010
EVO-005515,OPP-002257,lead,2025-10-22,VEN-001
EVO-005516,OPP-002260,lead,2025-10-22,VEN-010
EVO-005517,OPP-002260,contactado,2025-10-22,VEN-010
EVO-005518,OPP-002261,propuesta,2025-10-22,VEN-005
EVO-005519,OPP-002263,lead,2025-10-22,VEN-002
EVO-005520,OPP-002264,contactado,2025-10-22,VEN-009
EVO-005521,OPP-002264,calificado,2025-10-22,VEN-009
EVO-005522,OPP-002264,propuesta,2025-10-22,VEN-009
EVO-005523,OPP-002267,contactado,2025-10-22,VEN-006
EVO-005524,OPP-002268,lead,2025-10-22,VEN-003
EVO-005525,OPP-002271,lead,2025-10-22,VEN-011
EVO-005526,OPP-002271,contactado,2025-10-22,VEN-011
EVO-005527,OPP-002271,calificado,2025-10-22,VEN-011
EVO-005528,OPP-002276,calificado,2025-10-22,VEN-005
EVO-005529,OPP-002293,lead,2025-10-22,VEN-003
EVO-005530,OPP-002297,lead,2025-10-22,VEN-005
EVO-005531,OPP-002299,lead,2025-10-22,VEN-004
EVO-005532,OPP-002302,contactado,2025-10-22,VEN-002
EVO-005533,OPP-002304,lead,2025-10-22,VEN-009
EVO-005534,OPP-002304,contactado,2025-10-22,VEN-009
EVO-005535,OPP-002305,contactado,2025-10-22,VEN-004
EVO-005536,OPP-002309,lead,2025-10-22,VEN-007
EVO-005537,OPP-002311,contactado,2025-10-22,VEN-002
EVO-005538,OPP-002313,lead,2025-10-22,VEN-010
EVO-005539,OPP-002315,lead,2025-10-22,VEN-010
EVO-005540,OPP-002239,propuesta,2025-10-23,VEN-012
EVO-005541,OPP-002254,propuesta,2025-10-23,VEN-010
EVO-005542,OPP-002256,contactado,2025-10-23,VEN-004
EVO-005543,OPP-002257,contactado,2025-10-23,VEN-001
EVO-005544,OPP-002258,contactado,2025-10-23,VEN-011
EVO-005545,OPP-002259,lead,2025-10-23,VEN-007
EVO-005546,OPP-002269,lead,2025-10-23,VEN-007
EVO-005547,OPP-002276,propuesta,2025-10-23,VEN-005
EVO-005548,OPP-002278,lead,2025-10-23,VEN-011
EVO-005549,OPP-002280,lead,2025-10-23,VEN-009
EVO-005550,OPP-002282,lead,2025-10-23,VEN-009
EVO-005551,OPP-002283,lead,2025-10-23,VEN-004
EVO-005552,OPP-002285,contactado,2025-10-23,VEN-004
EVO-005553,OPP-002289,lead,2025-10-23,VEN-004
EVO-005554,OPP-002290,lead,2025-10-23,VEN-005
EVO-005555,OPP-002291,contactado,2025-10-23,VEN-006
EVO-005556,OPP-002295,lead,2025-10-23,VEN-009
EVO-005557,OPP-002295,contactado,2025-10-23,VEN-009
EVO-005558,OPP-002301,lead,2025-10-23,VEN-007
EVO-005559,OPP-002301,contactado,2025-10-23,VEN-007
EVO-005560,OPP-002303,lead,2025-10-23,VEN-003
EVO-005561,OPP-002306,lead,2025-10-23,VEN-002
EVO-005562,OPP-002307,lead,2025-10-23,VEN-005
EVO-005563,OPP-002314,lead,2025-10-23,VEN-007
EVO-005564,OPP-002255,lead,2025-10-24,VEN-006
EVO-005565,OPP-002262,contactado,2025-10-24,VEN-002
EVO-005566,OPP-002263,contactado,2025-10-24,VEN-002
EVO-005567,OPP-002265,lead,2025-10-24,VEN-005
EVO-005568,OPP-002266,lead,2025-10-24,VEN-011
EVO-005569,OPP-002266,contactado,2025-10-24,VEN-011
EVO-005570,OPP-002267,calificado,2025-10-24,VEN-006
EVO-005571,OPP-002270,lead,2025-10-24,VEN-004
EVO-005572,OPP-002272,lead,2025-10-24,VEN-011
EVO-005573,OPP-002273,lead,2025-10-24,VEN-011
EVO-005574,OPP-002284,contactado,2025-10-24,VEN-010
EVO-005575,OPP-002285,calificado,2025-10-24,VEN-004
EVO-005576,OPP-002287,calificado,2025-10-24,VEN-002
EVO-005577,OPP-002292,lead,2025-10-24,VEN-005
EVO-005578,OPP-002297,contactado,2025-10-24,VEN-005
EVO-005579,OPP-002298,lead,2025-10-24,VEN-004
EVO-005580,OPP-002300,lead,2025-10-24,VEN-007
EVO-005581,OPP-002303,contactado,2025-10-24,VEN-003
EVO-005582,OPP-002310,contactado,2025-10-24,VEN-012
EVO-005583,OPP-002312,lead,2025-10-24,VEN-005
EVO-005584,OPP-002315,contactado,2025-10-24,VEN-010
EVO-005585,OPP-002254,cierre,2025-10-25,VEN-010
EVO-005586,OPP-002269,contactado,2025-10-25,VEN-007
EVO-005587,OPP-002271,propuesta,2025-10-25,VEN-011
EVO-005588,OPP-002289,contactado,2025-10-25,VEN-004
EVO-005589,OPP-002301,calificado,2025-10-25,VEN-007
EVO-005590,OPP-002304,calificado,2025-10-25,VEN-009
EVO-005591,OPP-002313,contactado,2025-10-25,VEN-010
EVO-005592,OPP-002315,calificado,2025-10-25,VEN-010
EVO-005593,OPP-002257,calificado,2025-10-26,VEN-001
EVO-005594,OPP-002263,calificado,2025-10-26,VEN-002
EVO-005595,OPP-002276,cierre,2025-10-26,VEN-005
EVO-005596,OPP-002278,contactado,2025-10-26,VEN-011
EVO-005597,OPP-002278,calificado,2025-10-26,VEN-011
EVO-005598,OPP-002282,contactado,2025-10-26,VEN-009
EVO-005599,OPP-002300,contactado,2025-10-26,VEN-007
EVO-005600,OPP-002262,calificado,2025-10-27,VEN-002
EVO-005601,OPP-002265,contactado,2025-10-27,VEN-005
EVO-005602,OPP-002267,propuesta,2025-10-27,VEN-006
EVO-005603,OPP-002270,contactado,2025-10-27,VEN-004
EVO-005604,OPP-002287,propuesta,2025-10-27,VEN-002
EVO-005605,OPP-002298,contactado,2025-10-27,VEN-004
EVO-005606,OPP-002303,calificado,2025-10-27,VEN-003
EVO-005607,OPP-002312,contactado,2025-10-27,VEN-005
EVO-005608,OPP-002318,lead,2025-10-27,VEN-004
EVO-005609,OPP-002319,lead,2025-10-27,VEN-003
EVO-005610,OPP-002319,contactado,2025-10-27,VEN-003
EVO-005611,OPP-002319,calificado,2025-10-27,VEN-003
EVO-005612,OPP-002324,lead,2025-10-27,VEN-008
EVO-005613,OPP-002327,lead,2025-10-27,VEN-009
EVO-005614,OPP-002345,lead,2025-10-27,VEN-009
EVO-005615,OPP-002350,lead,2025-10-27,VEN-008
EVO-005616,OPP-002355,lead,2025-10-27,VEN-012
EVO-005617,OPP-002357,lead,2025-10-27,VEN-011
EVO-005618,OPP-002269,calificado,2025-10-28,VEN-007
EVO-005619,OPP-002298,calificado,2025-10-28,VEN-004
EVO-005620,OPP-002300,calificado,2025-10-28,VEN-007
EVO-005621,OPP-002315,propuesta,2025-10-28,VEN-010
EVO-005622,OPP-002322,lead,2025-10-28,VEN-005
EVO-005623,OPP-002322,contactado,2025-10-28,VEN-005
EVO-005624,OPP-002324,contactado,2025-10-28,VEN-008
EVO-005625,OPP-002330,lead,2025-10-28,VEN-006
EVO-005626,OPP-002333,lead,2025-10-28,VEN-001
EVO-005627,OPP-002337,lead,2025-10-28,VEN-007
EVO-005628,OPP-002342,lead,2025-10-28,VEN-004
EVO-005629,OPP-002345,contactado,2025-10-28,VEN-009
EVO-005630,OPP-002347,lead,2025-10-28,VEN-002
EVO-005631,OPP-002351,lead,2025-10-28,VEN-008
EVO-005632,OPP-002354,lead,2025-10-28,VEN-002
EVO-005633,OPP-002358,lead,2025-10-28,VEN-003
EVO-005634,OPP-002360,lead,2025-10-28,VEN-006
EVO-005635,OPP-002265,calificado,2025-10-29,VEN-005
EVO-005636,OPP-002267,cierre,2025-10-29,VEN-006
EVO-005637,OPP-002317,lead,2025-10-29,VEN-002
EVO-005638,OPP-002321,lead,2025-10-29,VEN-010
EVO-005639,OPP-002321,contactado,2025-10-29,VEN-010
EVO-005640,OPP-002332,lead,2025-10-29,VEN-011
EVO-005641,OPP-002346,lead,2025-10-29,VEN-006
EVO-005642,OPP-002347,contactado,2025-10-29,VEN-002
EVO-005643,OPP-002349,lead,2025-10-29,VEN-007
EVO-005644,OPP-002350,contactado,2025-10-29,VEN-008
EVO-005645,OPP-002352,lead,2025-10-29,VEN-001
EVO-005646,OPP-002352,contactado,2025-10-29,VEN-001
EVO-005647,OPP-002355,contactado,2025-10-29,VEN-012
EVO-005648,OPP-002356,lead,2025-10-29,VEN-006
EVO-005649,OPP-002358,contactado,2025-10-29,VEN-003
EVO-005650,OPP-002360,contactado,2025-10-29,VEN-006
EVO-005651,OPP-002317,contactado,2025-10-30,VEN-002
EVO-005652,OPP-002321,calificado,2025-10-30,VEN-010
EVO-005653,OPP-002321,propuesta,2025-10-30,VEN-010
EVO-005654,OPP-002323,lead,2025-10-30,VEN-011
EVO-005655,OPP-002324,calificado,2025-10-30,VEN-008
EVO-005656,OPP-002325,lead,2025-10-30,VEN-002
EVO-005657,OPP-002329,lead,2025-10-30,VEN-008
EVO-005658,OPP-002331,lead,2025-10-30,VEN-012
EVO-005659,OPP-002334,lead,2025-10-30,VEN-012
EVO-005660,OPP-002335,lead,2025-10-30,VEN-008
EVO-005661,OPP-002337,contactado,2025-10-30,VEN-007
EVO-005662,OPP-002339,lead,2025-10-30,VEN-006
EVO-005663,OPP-002340,lead,2025-10-30,VEN-011
EVO-005664,OPP-002341,lead,2025-10-30,VEN-011
EVO-005665,OPP-002347,calificado,2025-10-30,VEN-002
EVO-005666,OPP-002356,contactado,2025-10-30,VEN-006
EVO-005667,OPP-002316,lead,2025-10-31,VEN-001
EVO-005668,OPP-002320,lead,2025-10-31,VEN-011
EVO-005669,OPP-002325,contactado,2025-10-31,VEN-002
EVO-005670,OPP-002326,lead,2025-10-31,VEN-005
EVO-005671,OPP-002328,lead,2025-10-31,VEN-011
EVO-005672,OPP-002333,contactado,2025-10-31,VEN-001
EVO-005673,OPP-002336,lead,2025-10-31,VEN-004
EVO-005674,OPP-002338,lead,2025-10-31,VEN-012
EVO-005675,OPP-002343,lead,2025-10-31,VEN-004
EVO-005676,OPP-002344,lead,2025-10-31,VEN-012
EVO-005677,OPP-002346,contactado,2025-10-31,VEN-006
EVO-005678,OPP-002348,lead,2025-10-31,VEN-003
EVO-005679,OPP-002351,contactado,2025-10-31,VEN-008
EVO-005680,OPP-002353,lead,2025-10-31,VEN-008
EVO-005681,OPP-002354,contactado,2025-10-31,VEN-002
EVO-005682,OPP-002359,lead,2025-10-31,VEN-010
EVO-005683,OPP-002360,calificado,2025-10-31,VEN-006
EVO-005684,OPP-002360,propuesta,2025-10-31,VEN-006
EVO-005685,OPP-002324,propuesta,2025-11-01,VEN-008
EVO-005686,OPP-002336,contactado,2025-11-01,VEN-004
EVO-005687,OPP-002337,calificado,2025-11-01,VEN-007
EVO-005688,OPP-002339,contactado,2025-11-01,VEN-006
EVO-005689,OPP-002340,contactado,2025-11-01,VEN-011
EVO-005690,OPP-002340,calificado,2025-11-01,VEN-011
EVO-005691,OPP-002348,contactado,2025-11-01,VEN-003
EVO-005692,OPP-002350,calificado,2025-11-01,VEN-008
EVO-005693,OPP-002351,calificado,2025-11-01,VEN-008
EVO-005694,OPP-002356,calificado,2025-11-01,VEN-006
EVO-005695,OPP-002316,contactado,2025-11-02,VEN-001
EVO-005696,OPP-002316,calificado,2025-11-02,VEN-001
EVO-005697,OPP-002326,contactado,2025-11-02,VEN-005
EVO-005698,OPP-002329,contactado,2025-11-02,VEN-008
EVO-005699,OPP-002329,calificado,2025-11-02,VEN-008
EVO-005700,OPP-002331,contactado,2025-11-02,VEN-012
EVO-005701,OPP-002333,calificado,2025-11-02,VEN-001
EVO-005702,OPP-002344,contactado,2025-11-02,VEN-012
EVO-005703,OPP-002356,propuesta,2025-11-02,VEN-006
EVO-005704,OPP-002351,propuesta,2025-11-03,VEN-008
EVO-005705,OPP-002362,lead,2025-11-03,VEN-012
EVO-005706,OPP-002364,lead,2025-11-03,VEN-012
EVO-005707,OPP-002365,lead,2025-11-03,VEN-007
EVO-005708,OPP-002369,lead,2025-11-03,VEN-011
EVO-005709,OPP-002369,contactado,2025-11-03,VEN-011
EVO-005710,OPP-002371,lead,2025-11-03,VEN-003
EVO-005711,OPP-002376,lead,2025-11-03,VEN-005
EVO-005712,OPP-002376,contactado,2025-11-03,VEN-005
EVO-005713,OPP-002379,lead,2025-11-03,VEN-004
EVO-005714,OPP-002389,lead,2025-11-03,VEN-001
EVO-005715,OPP-002409,lead,2025-11-03,VEN-004
EVO-005716,OPP-002329,propuesta,2025-11-04,VEN-008
EVO-005717,OPP-002329,cierre,2025-11-04,VEN-008
EVO-005718,OPP-002333,propuesta,2025-11-04,VEN-001
EVO-005719,OPP-002336,calificado,2025-11-04,VEN-004
EVO-005720,OPP-002344,calificado,2025-11-04,VEN-012
EVO-005721,OPP-002362,contactado,2025-11-04,VEN-012
EVO-005722,OPP-002368,lead,2025-11-04,VEN-003
EVO-005723,OPP-002369,calificado,2025-11-04,VEN-011
EVO-005724,OPP-002370,lead,2025-11-04,VEN-012
EVO-005725,OPP-002370,contactado,2025-11-04,VEN-012
EVO-005726,OPP-002371,contactado,2025-11-04,VEN-003
EVO-005727,OPP-002372,lead,2025-11-04,VEN-003
EVO-005728,OPP-002375,lead,2025-11-04,VEN-005
EVO-005729,OPP-002382,lead,2025-11-04,VEN-011
EVO-005730,OPP-002383,lead,2025-11-04,VEN-007
EVO-005731,OPP-002383,contactado,2025-11-04,VEN-007
EVO-005732,OPP-002384,lead,2025-11-04,VEN-011
EVO-005733,OPP-002387,lead,2025-11-04,VEN-009
EVO-005734,OPP-002387,contactado,2025-11-04,VEN-009
EVO-005735,OPP-002391,lead,2025-11-04,VEN-012
EVO-005736,OPP-002392,lead,2025-11-04,VEN-004
EVO-005737,OPP-002397,lead,2025-11-04,VEN-012
EVO-005738,OPP-002397,contactado,2025-11-04,VEN-012
EVO-005739,OPP-002397,calificado,2025-11-04,VEN-012
EVO-005740,OPP-002402,lead,2025-11-04,VEN-006
EVO-005741,OPP-002403,lead,2025-11-04,VEN-003
EVO-005742,OPP-002407,lead,2025-11-04,VEN-010
EVO-005743,OPP-002316,propuesta,2025-11-05,VEN-001
EVO-005744,OPP-002361,lead,2025-11-05,VEN-011
EVO-005745,OPP-002366,lead,2025-11-05,VEN-003
EVO-005746,OPP-002367,lead,2025-11-05,VEN-008
EVO-005747,OPP-002370,calificado,2025-11-05,VEN-012
EVO-005748,OPP-002371,calificado,2025-11-05,VEN-003
EVO-005749,OPP-002372,contactado,2025-11-05,VEN-003
EVO-005750,OPP-002380,lead,2025-11-05,VEN-009
EVO-005751,OPP-002381,lead,2025-11-05,VEN-001
EVO-005752,OPP-002384,contactado,2025-11-05,VEN-011
EVO-005753,OPP-002386,lead,2025-11-05,VEN-011
EVO-005754,OPP-002390,lead,2025-11-05,VEN-010
EVO-005755,OPP-002394,lead,2025-11-05,VEN-009
EVO-005756,OPP-002396,lead,2025-11-05,VEN-001
EVO-005757,OPP-002402,contactado,2025-11-05,VEN-006
EVO-005758,OPP-002409,contactado,2025-11-05,VEN-004
EVO-005759,OPP-002333,cierre,2025-11-06,VEN-001
EVO-005760,OPP-002362,calificado,2025-11-06,VEN-012
EVO-005761,OPP-002363,lead,2025-11-06,VEN-007
EVO-005762,OPP-002363,contactado,2025-11-06,VEN-007
EVO-005763,OPP-002364,contactado,2025-11-06,VEN-012
EVO-005764,OPP-002367,contactado,2025-11-06,VEN-008
EVO-005765,OPP-002370,propuesta,2025-11-06,VEN-012
EVO-005766,OPP-002371,propuesta,2025-11-06,VEN-003
EVO-005767,OPP-002371,cierre,2025-11-06,VEN-003
EVO-005768,OPP-002374,lead,2025-11-06,VEN-009
EVO-005769,OPP-002378,lead,2025-11-06,VEN-006
EVO-005770,OPP-002379,contactado,2025-11-06,VEN-004
EVO-005771,OPP-002385,lead,2025-11-06,VEN-007
EVO-005772,OPP-002389,contactado,2025-11-06,VEN-001
EVO-005773,OPP-002391,contactado,2025-11-06,VEN-012
EVO-005774,OPP-002393,lead,2025-11-06,VEN-007
EVO-005775,OPP-002401,lead,2025-11-06,VEN-006
EVO-005776,OPP-002403,contactado,2025-11-06,VEN-003
EVO-005777,OPP-002404,lead,2025-11-06,VEN-005
EVO-005778,OPP-002405,lead,2025-11-06,VEN-005
EVO-005779,OPP-002405,contactado,2025-11-06,VEN-005
EVO-005780,OPP-002406,lead,2025-11-06,VEN-002
EVO-005781,OPP-002410,lead,2025-11-06,VEN-002
EVO-005782,OPP-002316,cierre,2025-11-07,VEN-001
EVO-005783,OPP-002344,propuesta,2025-11-07,VEN-012
EVO-005784,OPP-002367,calificado,2025-11-07,VEN-008
EVO-005785,OPP-002372,calificado,2025-11-07,VEN-003
EVO-005786,OPP-002373,lead,2025-11-07,VEN-008
EVO-005787,OPP-002377,lead,2025-11-07,VEN-006
EVO-005788,OPP-002377,contactado,2025-11-07,VEN-006
EVO-005789,OPP-002382,contactado,2025-11-07,VEN-011
EVO-005790,OPP-002385,contactado,2025-11-07,VEN-007
EVO-005791,OPP-002388,lead,2025-11-07,VEN-011
EVO-005792,OPP-002388,contactado,2025-11-07,VEN-011
EVO-005793,OPP-002395,lead,2025-11-07,VEN-003
EVO-005794,OPP-002396,contactado,2025-11-07,VEN-001
EVO-005795,OPP-002398,lead,2025-11-07,VEN-011
EVO-005796,OPP-002399,lead,2025-11-07,VEN-008
EVO-005797,OPP-002399,contactado,2025-11-07,VEN-008
EVO-005798,OPP-002399,calificado,2025-11-07,VEN-008
EVO-005799,OPP-002400,lead,2025-11-07,VEN-008
EVO-005800,OPP-002407,contactado,2025-11-07,VEN-010
EVO-005801,OPP-002407,calificado,2025-11-07,VEN-010
EVO-005802,OPP-002408,lead,2025-11-07,VEN-003
EVO-005803,OPP-002362,propuesta,2025-11-08,VEN-012
EVO-005804,OPP-002364,calificado,2025-11-08,VEN-012
EVO-005805,OPP-002373,contactado,2025-11-08,VEN-008
EVO-005806,OPP-002373,calificado,2025-11-08,VEN-008
EVO-005807,OPP-002378,contactado,2025-11-08,VEN-006
EVO-005808,OPP-002386,contactado,2025-11-08,VEN-011
EVO-005809,OPP-002386,calificado,2025-11-08,VEN-011
EVO-005810,OPP-002394,contactado,2025-11-08,VEN-009
EVO-005811,OPP-002402,calificado,2025-11-08,VEN-006
EVO-005812,OPP-002407,propuesta,2025-11-08,VEN-010
EVO-005813,OPP-002408,contactado,2025-11-08,VEN-003
EVO-005814,OPP-002374,contactado,2025-11-09,VEN-009
EVO-005815,OPP-002374,calificado,2025-11-09,VEN-009
EVO-005816,OPP-002377,calificado,2025-11-09,VEN-006
EVO-005817,OPP-002391,calificado,2025-11-09,VEN-012
EVO-005818,OPP-002399,propuesta,2025-11-09,VEN-008
EVO-005819,OPP-002404,contactado,2025-11-09,VEN-005
EVO-005820,OPP-002404,calificado,2025-11-09,VEN-005
EVO-005821,OPP-002404,propuesta,2025-11-09,VEN-005
EVO-005822,OPP-002406,contactado,2025-11-09,VEN-002
EVO-005823,OPP-002410,contactado,2025-11-09,VEN-002
EVO-005824,OPP-002364,propuesta,2025-11-10,VEN-012
EVO-005825,OPP-002373,propuesta,2025-11-10,VEN-008
EVO-005826,OPP-002386,propuesta,2025-11-10,VEN-011
EVO-005827,OPP-002388,calificado,2025-11-10,VEN-011
EVO-005828,OPP-002395,contactado,2025-11-10,VEN-003
EVO-005829,OPP-002402,propuesta,2025-11-10,VEN-006
EVO-005830,OPP-002406,calificado,2025-11-10,VEN-002
EVO-005831,OPP-002408,calificado,2025-11-10,VEN-003
EVO-005832,OPP-002411,lead,2025-11-10,VEN-009
EVO-005833,OPP-002414,lead,2025-11-10,VEN-004
EVO-005834,OPP-002421,lead,2025-11-10,VEN-001
EVO-005835,OPP-002364,cierre,2025-11-11,VEN-012
EVO-005836,OPP-002374,propuesta,2025-11-11,VEN-009
EVO-005837,OPP-002416,lead,2025-11-11,VEN-001
EVO-005838,OPP-002419,lead,2025-11-11,VEN-002
EVO-005839,OPP-002430,lead,2025-11-11,VEN-001
EVO-005840,OPP-002431,lead,2025-11-11,VEN-004
EVO-005841,OPP-002435,lead,2025-11-11,VEN-006
EVO-005842,OPP-002440,lead,2025-11-11,VEN-009
EVO-005843,OPP-002443,lead,2025-11-11,VEN-001
EVO-005844,OPP-002446,lead,2025-11-11,VEN-009
EVO-005845,OPP-002446,contactado,2025-11-11,VEN-009
EVO-005846,OPP-002449,lead,2025-11-11,VEN-009
EVO-005847,OPP-002449,contactado,2025-11-11,VEN-009
EVO-005848,OPP-002457,lead,2025-11-11,VEN-008
EVO-005849,OPP-002391,propuesta,2025-11-12,VEN-012
EVO-005850,OPP-002402,cierre,2025-11-12,VEN-006
EVO-005851,OPP-002411,contactado,2025-11-12,VEN-009
EVO-005852,OPP-002412,lead,2025-11-12,VEN-005
EVO-005853,OPP-002425,lead,2025-11-12,VEN-007
EVO-005854,OPP-002427,lead,2025-11-12,VEN-009
EVO-005855,OPP-002429,lead,2025-11-12,VEN-006
EVO-005856,OPP-002430,contactado,2025-11-12,VEN-001
EVO-005857,OPP-002437,lead,2025-11-12,VEN-004
EVO-005858,OPP-002441,lead,2025-11-12,VEN-006
EVO-005859,OPP-002444,lead,2025-11-12,VEN-001
EVO-005860,OPP-002448,lead,2025-11-12,VEN-011
EVO-005861,OPP-002453,lead,2025-11-12,VEN-012
EVO-005862,OPP-002454,lead,2025-11-12,VEN-003
EVO-005863,OPP-002461,lead,2025-11-12,VEN-005
EVO-005864,OPP-002411,calificado,2025-11-13,VEN-009
EVO-005865,OPP-002413,lead,2025-11-13,VEN-003
EVO-005866,OPP-002417,lead,2025-11-13,VEN-012
EVO-005867,OPP-002420,lead,2025-11-13,VEN-003
EVO-005868,OPP-002421,contactado,2025-11-13,VEN-001
EVO-005869,OPP-002422,lead,2025-11-13,VEN-007
EVO-005870,OPP-002424,lead,2025-11-13,VEN-004
EVO-005871,OPP-002425,contactado,2025-11-13,VEN-007
EVO-005872,OPP-002429,contactado,2025-11-13,VEN-006
EVO-005873,OPP-002429,calificado,2025-11-13,VEN-006
EVO-005874,OPP-002434,lead,2025-11-13,VEN-001
EVO-005875,OPP-002434,contactado,2025-11-13,VEN-001
EVO-005876,OPP-002436,lead,2025-11-13,VEN-002
EVO-005877,OPP-002438,lead,2025-11-13,VEN-001
EVO-005878,OPP-002439,lead,2025-11-13,VEN-008
EVO-005879,OPP-002439,contactado,2025-11-13,VEN-008
EVO-005880,OPP-002445,lead,2025-11-13,VEN-001
EVO-005881,OPP-002445,contactado,2025-11-13,VEN-001
EVO-005882,OPP-002447,lead,2025-11-13,VEN-003
EVO-005883,OPP-002448,contactado,2025-11-13,VEN-011
EVO-005884,OPP-002448,calificado,2025-11-13,VEN-011
EVO-005885,OPP-002451,lead,2025-11-13,VEN-008
EVO-005886,OPP-002452,lead,2025-11-13,VEN-006
EVO-005887,OPP-002453,contactado,2025-11-13,VEN-012
EVO-005888,OPP-002455,lead,2025-11-13,VEN-001
EVO-005889,OPP-002456,lead,2025-11-13,VEN-002
EVO-005890,OPP-002458,lead,2025-11-13,VEN-012
EVO-005891,OPP-002459,lead,2025-11-13,VEN-009
EVO-005892,OPP-002460,lead,2025-11-13,VEN-010
EVO-005893,OPP-002415,lead,2025-11-14,VEN-002
EVO-005894,OPP-002418,lead,2025-11-14,VEN-007
EVO-005895,OPP-002419,contactado,2025-11-14,VEN-002
EVO-005896,OPP-002422,contactado,2025-11-14,VEN-007
EVO-005897,OPP-002423,lead,2025-11-14,VEN-004
EVO-005898,OPP-002426,lead,2025-11-14,VEN-012
EVO-005899,OPP-002426,contactado,2025-11-14,VEN-012
EVO-005900,OPP-002427,contactado,2025-11-14,VEN-009
EVO-005901,OPP-002428,lead,2025-11-14,VEN-005
EVO-005902,OPP-002432,lead,2025-11-14,VEN-006
EVO-005903,OPP-002433,lead,2025-11-14,VEN-010
EVO-005904,OPP-002437,contactado,2025-11-14,VEN-004
EVO-005905,OPP-002440,contactado,2025-11-14,VEN-009
EVO-005906,OPP-002440,calificado,2025-11-14,VEN-009
EVO-005907,OPP-002442,lead,2025-11-14,VEN-009
EVO-005908,OPP-002446,calificado,2025-11-14,VEN-009
EVO-005909,OPP-002450,lead,2025-11-14,VEN-009
EVO-005910,OPP-002451,contactado,2025-11-14,VEN-008
EVO-005911,OPP-002459,contactado,2025-11-14,VEN-009
EVO-005912,OPP-002415,contactado,2025-11-15,VEN-002
EVO-005913,OPP-002418,contactado,2025-11-15,VEN-007
EVO-005914,OPP-002424,contactado,2025-11-15,VEN-004
EVO-005915,OPP-002433,contactado,2025-11-15,VEN-010
EVO-005916,OPP-002437,calificado,2025-11-15,VEN-004
EVO-005917,OPP-002438,contactado,2025-11-15,VEN-001
EVO-005918,OPP-002441,contactado,2025-11-15,VEN-006
EVO-005919,OPP-002447,contactado,2025-11-15,VEN-003
EVO-005920,OPP-002452,contactado,2025-11-15,VEN-006
EVO-005921,OPP-002460,contactado,2025-11-15,VEN-010
EVO-005922,OPP-002413,contactado,2025-11-16,VEN-003
EVO-005923,OPP-002415,calificado,2025-11-16,VEN-002
EVO-005924,OPP-002418,calificado,2025-11-16,VEN-007
EVO-005925,OPP-002420,contactado,2025-11-16,VEN-003
EVO-005926,OPP-002421,calificado,2025-11-16,VEN-001
EVO-005927,OPP-002423,contactado,2025-11-16,VEN-004
EVO-005928,OPP-002434,calificado,2025-11-16,VEN-001
EVO-005929,OPP-002436,contactado,2025-11-16,VEN-002
EVO-005930,OPP-002437,propuesta,2025-11-16,VEN-004
EVO-005931,OPP-002439,calificado,2025-11-16,VEN-008
EVO-005932,OPP-002442,contactado,2025-11-16,VEN-009
EVO-005933,OPP-002458,contactado,2025-11-16,VEN-012
EVO-005934,OPP-002460,calificado,2025-11-16,VEN-010
EVO-005935,OPP-002460,propuesta,2025-11-16,VEN-010
EVO-005936,OPP-002413,calificado,2025-11-17,VEN-003
EVO-005937,OPP-002415,propuesta,2025-11-17,VEN-002
EVO-005938,OPP-002422,calificado,2025-11-17,VEN-007
EVO-005939,OPP-002423,calificado,2025-11-17,VEN-004
EVO-005940,OPP-002432,contactado,2025-11-17,VEN-006
EVO-005941,OPP-002440,propuesta,2025-11-17,VEN-009
EVO-005942,OPP-002441,calificado,2025-11-17,VEN-006
EVO-005943,OPP-002459,calificado,2025-11-17,VEN-009
EVO-005944,OPP-002460,cierre,2025-11-17,VEN-010
EVO-005945,OPP-002463,lead,2025-11-17,VEN-003
EVO-005946,OPP-002468,lead,2025-11-17,VEN-008
EVO-005947,OPP-002468,contactado,2025-11-17,VEN-008
EVO-005948,OPP-002468,calificado,2025-11-17,VEN-008
EVO-005949,OPP-002470,lead,2025-11-17,VEN-007
EVO-005950,OPP-002476,lead,2025-11-17,VEN-009
EVO-005951,OPP-002480,lead,2025-11-17,VEN-007
EVO-005952,OPP-002481,lead,2025-11-17,VEN-008
EVO-005953,OPP-002485,lead,2025-11-17,VEN-005
EVO-005954,OPP-002498,lead,2025-11-17,VEN-002
EVO-005955,OPP-002499,lead,2025-11-17,VEN-012
EVO-005956,OPP-002499,contactado,2025-11-17,VEN-012
EVO-005957,OPP-002500,lead,2025-11-17,VEN-002
EVO-005958,OPP-002500,contactado,2025-11-17,VEN-002
EVO-005959,OPP-002507,lead,2025-11-17,VEN-001
EVO-005960,OPP-002512,lead,2025-11-17,VEN-010
EVO-005961,OPP-002413,propuesta,2025-11-18,VEN-003
EVO-005962,OPP-002418,propuesta,2025-11-18,VEN-007
EVO-005963,OPP-002433,calificado,2025-11-18,VEN-010
EVO-005964,OPP-002437,cierre,2025-11-18,VEN-004
EVO-005965,OPP-002464,lead,2025-11-18,VEN-005
EVO-005966,OPP-002465,lead,2025-11-18,VEN-005
EVO-005967,OPP-002467,lead,2025-11-18,VEN-003
EVO-005968,OPP-002467,contactado,2025-11-18,VEN-003
EVO-005969,OPP-002467,calificado,2025-11-18,VEN-003
EVO-005970,OPP-002473,lead,2025-11-18,VEN-012
EVO-005971,OPP-002486,lead,2025-11-18,VEN-005
EVO-005972,OPP-002495,lead,2025-11-18,VEN-008
EVO-005973,OPP-002500,calificado,2025-11-18,VEN-002
EVO-005974,OPP-002503,lead,2025-11-18,VEN-001
EVO-005975,OPP-002505,lead,2025-11-18,VEN-001
EVO-005976,OPP-002420,calificado,2025-11-19,VEN-003
EVO-005977,OPP-002422,propuesta,2025-11-19,VEN-007
EVO-005978,OPP-002462,lead,2025-11-19,VEN-005
EVO-005979,OPP-002463,contactado,2025-11-19,VEN-003
EVO-005980,OPP-002469,lead,2025-11-19,VEN-010
EVO-005981,OPP-002471,lead,2025-11-19,VEN-003
EVO-005982,OPP-002475,lead,2025-11-19,VEN-001
EVO-005983,OPP-002475,contactado,2025-11-19,VEN-001
EVO-005984,OPP-002477,lead,2025-11-19,VEN-007
EVO-005985,OPP-002478,lead,2025-11-19,VEN-005
EVO-005986,OPP-002479,lead,2025-11-19,VEN-005
EVO-005987,OPP-002483,lead,2025-11-19,VEN-009
EVO-005988,OPP-002483,contactado,2025-11-19,VEN-009
EVO-005989,OPP-002486,contactado,2025-11-19,VEN-005
EVO-005990,OPP-002490,lead,2025-11-19,VEN-010
EVO-005991,OPP-002491,lead,2025-11-19,VEN-003
EVO-005992,OPP-002492,lead,2025-11-19,VEN-012
EVO-005993,OPP-002499,calificado,2025-11-19,VEN-012
EVO-005994,OPP-002499,propuesta,2025-11-19,VEN-012
EVO-005995,OPP-002504,lead,2025-11-19,VEN-005
EVO-005996,OPP-002506,lead,2025-11-19,VEN-011
EVO-005997,OPP-002508,lead,2025-11-19,VEN-003
EVO-005998,OPP-002508,contactado,2025-11-19,VEN-003
EVO-005999,OPP-002510,lead,2025-11-19,VEN-010
EVO-006000,OPP-002512,contactado,2025-11-19,VEN-010
EVO-006001,OPP-002415,cierre,2025-11-20,VEN-002
EVO-006002,OPP-002423,propuesta,2025-11-20,VEN-004
EVO-006003,OPP-002441,propuesta,2025-11-20,VEN-006
EVO-006004,OPP-002441,cierre,2025-11-20,VEN-006
EVO-006005,OPP-002459,propuesta,2025-11-20,VEN-009
EVO-006006,OPP-002465,contactado,2025-11-20,VEN-005
EVO-006007,OPP-002466,lead,2025-11-20,VEN-010
EVO-006008,OPP-002476,contactado,2025-11-20,VEN-009
EVO-006009,OPP-002478,contactado,2025-11-20,VEN-005
EVO-006010,OPP-002482,lead,2025-11-20,VEN-006
EVO-006011,OPP-002485,contactado,2025-11-20,VEN-005
EVO-006012,OPP-002487,lead,2025-11-20,VEN-003
EVO-006013,OPP-002488,lead,2025-11-20,VEN-012
EVO-006014,OPP-002488,contactado,2025-11-20,VEN-012
EVO-006015,OPP-002494,lead,2025-11-20,VEN-009
EVO-006016,OPP-002496,lead,2025-11-20,VEN-005
EVO-006017,OPP-002497,lead,2025-11-20,VEN-004
EVO-006018,OPP-002499,cierre,2025-11-20,VEN-012
EVO-006019,OPP-002501,lead,2025-11-20,VEN-004
EVO-006020,OPP-002502,lead,2025-11-20,VEN-008
EVO-006021,OPP-002503,contactado,2025-11-20,VEN-001
EVO-006022,OPP-002509,lead,2025-11-20,VEN-009
EVO-006023,OPP-002511,lead,2025-11-20,VEN-011
EVO-006024,OPP-002464,contactado,2025-11-21,VEN-005
EVO-006025,OPP-002465,calificado,2025-11-21,VEN-005
EVO-006026,OPP-002471,contactado,2025-11-21,VEN-003
EVO-006027,OPP-002472,lead,2025-11-21,VEN-009
EVO-006028,OPP-002472,contactado,2025-11-21,VEN-009
EVO-006029,OPP-002474,lead,2025-11-21,VEN-011
EVO-006030,OPP-002484,lead,2025-11-21,VEN-004
EVO-006031,OPP-002489,lead,2025-11-21,VEN-005
EVO-006032,OPP-002492,contactado,2025-11-21,VEN-012
EVO-006033,OPP-002492,calificado,2025-11-21,VEN-012
EVO-006034,OPP-002493,lead,2025-11-21,VEN-001
EVO-006035,OPP-002493,contactado,2025-11-21,VEN-001
EVO-006036,OPP-002496,contactado,2025-11-21,VEN-005
EVO-006037,OPP-002497,contactado,2025-11-21,VEN-004
EVO-006038,OPP-002504,contactado,2025-11-21,VEN-005
EVO-006039,OPP-002510,contactado,2025-11-21,VEN-010
EVO-006040,OPP-002512,calificado,2025-11-21,VEN-010
EVO-006041,OPP-002477,contactado,2025-11-22,VEN-007
EVO-006042,OPP-002477,calificado,2025-11-22,VEN-007
EVO-006043,OPP-002478,calificado,2025-11-22,VEN-005
EVO-006044,OPP-002482,contactado,2025-11-22,VEN-006
EVO-006045,OPP-002484,contactado,2025-11-22,VEN-004
EVO-006046,OPP-002488,calificado,2025-11-22,VEN-012
EVO-006047,OPP-002489,contactado,2025-11-22,VEN-005
EVO-006048,OPP-002492,propuesta,2025-11-22,VEN-012
EVO-006049,OPP-002509,contactado,2025-11-22,VEN-009
EVO-006050,OPP-002464,calificado,2025-11-23,VEN-005
EVO-006051,OPP-002465,propuesta,2025-11-23,VEN-005
EVO-006052,OPP-002482,calificado,2025-11-23,VEN-006
EVO-006053,OPP-002489,calificado,2025-11-23,VEN-005
EVO-006054,OPP-002501,contactado,2025-11-23,VEN-004
EVO-006055,OPP-002503,calificado,2025-11-23,VEN-001
EVO-006056,OPP-002474,contactado,2025-11-24,VEN-011
EVO-006057,OPP-002492,cierre,2025-11-24,VEN-012
EVO-006058,OPP-002509,calificado,2025-11-24,VEN-009
EVO-006059,OPP-002515,lead,2025-11-24,VEN-003
EVO-006060,OPP-002515,contactado,2025-11-24,VEN-003
EVO-006061,OPP-002517,lead,2025-11-24,VEN-011
EVO-006062,OPP-002526,lead,2025-11-24,VEN-011
EVO-006063,OPP-002532,lead,2025-11-24,VEN-012
EVO-006064,OPP-002544,lead,2025-11-24,VEN-003
EVO-006065,OPP-002547,lead,2025-11-24,VEN-007
EVO-006066,OPP-002548,lead,2025-11-24,VEN-001
EVO-006067,OPP-002551,lead,2025-11-24,VEN-003
EVO-006068,OPP-002555,lead,2025-11-24,VEN-011
EVO-006069,OPP-002503,propuesta,2025-11-25,VEN-001
EVO-006070,OPP-002503,cierre,2025-11-25,VEN-001
EVO-006071,OPP-002509,propuesta,2025-11-25,VEN-009
EVO-006072,OPP-002515,calificado,2025-11-25,VEN-003
EVO-006073,OPP-002518,lead,2025-11-25,VEN-003
EVO-006074,OPP-002519,lead,2025-11-25,VEN-010
EVO-006075,OPP-002520,lead,2025-11-25,VEN-004
EVO-006076,OPP-002521,lead,2025-11-25,VEN-012
EVO-006077,OPP-002522,lead,2025-11-25,VEN-001
EVO-006078,OPP-002522,contactado,2025-11-25,VEN-001
EVO-006079,OPP-002527,lead,2025-11-25,VEN-002
EVO-006080,OPP-002533,lead,2025-11-25,VEN-004
EVO-006081,OPP-002549,lead,2025-11-25,VEN-006
EVO-006082,OPP-002555,contactado,2025-11-25,VEN-011
EVO-006083,OPP-002555,calificado,2025-11-25,VEN-011
EVO-006084,OPP-002464,propuesta,2025-11-26,VEN-005
EVO-006085,OPP-002465,cierre,2025-11-26,VEN-005
EVO-006086,OPP-002501,calificado,2025-11-26,VEN-004
EVO-006087,OPP-002513,lead,2025-11-26,VEN-001
EVO-006088,OPP-002515,propuesta,2025-11-26,VEN-003
EVO-006089,OPP-002517,contactado,2025-11-26,VEN-011
EVO-006090,OPP-002519,contactado,2025-11-26,VEN-010
EVO-006091,OPP-002528,lead,2025-11-26,VEN-008
EVO-006092,OPP-002531,lead,2025-11-26,VEN-012
EVO-006093,OPP-002533,contactado,2025-11-26,VEN-004
EVO-006094,OPP-002535,lead,2025-11-26,VEN-007
EVO-006095,OPP-002538,lead,2025-11-26,VEN-007
EVO-006096,OPP-002540,lead,2025-11-26,VEN-011
EVO-006097,OPP-002540,contactado,2025-11-26,VEN-011
EVO-006098,OPP-002541,lead,2025-11-26,VEN-011
EVO-006099,OPP-002546,lead,2025-11-26,VEN-005
EVO-006100,OPP-002546,contactado,2025-11-26,VEN-005
EVO-006101,OPP-002553,lead,2025-11-26,VEN-004
EVO-006102,OPP-002557,lead,2025-11-26,VEN-004
EVO-006103,OPP-002558,lead,2025-11-26,VEN-005
EVO-006104,OPP-002519,calificado,2025-11-27,VEN-010
EVO-006105,OPP-002523,lead,2025-11-27,VEN-010
EVO-006106,OPP-002525,lead,2025-11-27,VEN-012
EVO-006107,OPP-002529,lead,2025-11-27,VEN-005
EVO-006108,OPP-002531,contactado,2025-11-27,VEN-012
EVO-006109,OPP-002533,calificado,2025-11-27,VEN-004
EVO-006110,OPP-002534,lead,2025-11-27,VEN-005
EVO-006111,OPP-002534,contactado,2025-11-27,VEN-005
EVO-006112,OPP-002539,lead,2025-11-27,VEN-002
EVO-006113,OPP-002542,lead,2025-11-27,VEN-004
EVO-006114,OPP-002544,contactado,2025-11-27,VEN-003
EVO-006115,OPP-002545,lead,2025-11-27,VEN-005
EVO-006116,OPP-002546,calificado,2025-11-27,VEN-005
EVO-006117,OPP-002547,contactado,2025-11-27,VEN-007
EVO-006118,OPP-002548,contactado,2025-11-27,VEN-001
EVO-006119,OPP-002549,contactado,2025-11-27,VEN-006
EVO-006120,OPP-002550,lead,2025-11-27,VEN-004
EVO-006121,OPP-002550,contactado,2025-11-27,VEN-004
EVO-006122,OPP-002551,contactado,2025-11-27,VEN-003
EVO-006123,OPP-002552,lead,2025-11-27,VEN-012
EVO-006124,OPP-002554,lead,2025-11-27,VEN-003
EVO-006125,OPP-002556,lead,2025-11-27,VEN-003
EVO-006126,OPP-002557,contactado,2025-11-27,VEN-004
EVO-006127,OPP-002509,cierre,2025-11-28,VEN-009
EVO-006128,OPP-002514,lead,2025-11-28,VEN-011
EVO-006129,OPP-002516,lead,2025-11-28,VEN-010
EVO-006130,OPP-002516,contactado,2025-11-28,VEN-010
EVO-006131,OPP-002520,contactado,2025-11-28,VEN-004
EVO-006132,OPP-002524,lead,2025-11-28,VEN-009
EVO-006133,OPP-002528,contactado,2025-11-28,VEN-008
EVO-006134,OPP-002529,contactado,2025-11-28,VEN-005
EVO-006135,OPP-002530,lead,2025-11-28,VEN-003
EVO-006136,OPP-002535,contactado,2025-11-28,VEN-007
EVO-006137,OPP-002536,lead,2025-11-28,VEN-010
EVO-006138,OPP-002537,lead,2025-11-28,VEN-001
EVO-006139,OPP-002537,contactado,2025-11-28,VEN-001
EVO-006140,OPP-002539,contactado,2025-11-28,VEN-002
EVO-006141,OPP-002539,calificado,2025-11-28,VEN-002
EVO-006142,OPP-002542,contactado,2025-11-28,VEN-004
EVO-006143,OPP-002543,lead,2025-11-28,VEN-009
EVO-006144,OPP-002545,contactado,2025-11-28,VEN-005
EVO-006145,OPP-002550,calificado,2025-11-28,VEN-004
EVO-006146,OPP-002501,propuesta,2025-11-29,VEN-004
EVO-006147,OPP-002517,calificado,2025-11-29,VEN-011
EVO-006148,OPP-002517,propuesta,2025-11-29,VEN-011
EVO-006149,OPP-002524,contactado,2025-11-29,VEN-009
EVO-006150,OPP-002530,contactado,2025-11-29,VEN-003
EVO-006151,OPP-002533,propuesta,2025-11-29,VEN-004
EVO-006152,OPP-002541,contactado,2025-11-29,VEN-011
EVO-006153,OPP-002548,calificado,2025-11-29,VEN-001
EVO-006154,OPP-002553,contactado,2025-11-29,VEN-004
EVO-006155,OPP-002558,contactado,2025-11-29,VEN-005
EVO-006156,OPP-002501,cierre,2025-11-30,VEN-004
EVO-006157,OPP-002514,contactado,2025-11-30,VEN-011
EVO-006158,OPP-002524,calificado,2025-11-30,VEN-009
EVO-006159,OPP-002531,calificado,2025-11-30,VEN-012
EVO-006160,OPP-002539,propuesta,2025-11-30,VEN-002
EVO-006161,OPP-002541,calificado,2025-11-30,VEN-011
EVO-006162,OPP-002544,calificado,2025-11-30,VEN-003
EVO-006163,OPP-002547,calificado,2025-11-30,VEN-007
EVO-006164,OPP-002556,contactado,2025-11-30,VEN-003
EVO-006165,OPP-002539,cierre,2025-12-01,VEN-002
EVO-006166,OPP-002542,calificado,2025-12-01,VEN-004
EVO-006167,OPP-002543,contactado,2025-12-01,VEN-009
EVO-006168,OPP-002548,propuesta,2025-12-01,VEN-001
EVO-006169,OPP-002563,lead,2025-12-01,VEN-008
EVO-006170,OPP-002564,lead,2025-12-01,VEN-002
EVO-006171,OPP-002566,lead,2025-12-01,VEN-010
EVO-006172,OPP-002570,lead,2025-12-01,VEN-008
EVO-006173,OPP-002577,lead,2025-12-01,VEN-008
EVO-006174,OPP-002578,lead,2025-12-01,VEN-009
EVO-006175,OPP-002579,lead,2025-12-01,VEN-008
EVO-006176,OPP-002583,lead,2025-12-01,VEN-008
EVO-006177,OPP-002589,lead,2025-12-01,VEN-010
EVO-006178,OPP-002599,lead,2025-12-01,VEN-004
EVO-006179,OPP-002599,contactado,2025-12-01,VEN-004
EVO-006180,OPP-002601,lead,2025-12-01,VEN-012
EVO-006181,OPP-002607,lead,2025-12-01,VEN-008
EVO-006182,OPP-002608,lead,2025-12-01,VEN-009
EVO-006183,OPP-002609,lead,2025-12-01,VEN-002
EVO-006184,OPP-002609,contactado,2025-12-01,VEN-002
EVO-006185,OPP-002609,calificado,2025-12-01,VEN-002
EVO-006186,OPP-002610,lead,2025-12-01,VEN-007
EVO-006187,OPP-002548,cierre,2025-12-02,VEN-001
EVO-006188,OPP-002562,lead,2025-12-02,VEN-009
EVO-006189,OPP-002564,contactado,2025-12-02,VEN-002
EVO-006190,OPP-002569,lead,2025-12-02,VEN-002
EVO-006191,OPP-002572,lead,2025-12-02,VEN-007
EVO-006192,OPP-002573,lead,2025-12-02,VEN-006
EVO-006193,OPP-002579,contactado,2025-12-02,VEN-008
EVO-006194,OPP-002579,calificado,2025-12-02,VEN-008
EVO-006195,OPP-002580,lead,2025-12-02,VEN-011
EVO-006196,OPP-002585,lead,2025-12-02,VEN-007
EVO-006197,OPP-002587,lead,2025-12-02,VEN-007
EVO-006198,OPP-002595,lead,2025-12-02,VEN-004
EVO-006199,OPP-002600,lead,2025-12-02,VEN-008
EVO-006200,OPP-002600,contactado,2025-12-02,VEN-008
EVO-006201,OPP-002600,calificado,2025-12-02,VEN-008
EVO-006202,OPP-002604,lead,2025-12-02,VEN-012
EVO-006203,OPP-002604,contactado,2025-12-02,VEN-012
EVO-006204,OPP-002605,lead,2025-12-02,VEN-007
EVO-006205,OPP-002607,contactado,2025-12-02,VEN-008
EVO-006206,OPP-002612,lead,2025-12-02,VEN-008
EVO-006207,OPP-002615,lead,2025-12-02,VEN-010
EVO-006208,OPP-002617,lead,2025-12-02,VEN-005
EVO-006209,OPP-002619,lead,2025-12-02,VEN-004
EVO-006210,OPP-002514,calificado,2025-12-03,VEN-011
EVO-006211,OPP-002514,propuesta,2025-12-03,VEN-011
EVO-006212,OPP-002531,propuesta,2025-12-03,VEN-012
EVO-006213,OPP-002561,lead,2025-12-03,VEN-009
EVO-006214,OPP-002562,contactado,2025-12-03,VEN-009
EVO-006215,OPP-002564,calificado,2025-12-03,VEN-002
EVO-006216,OPP-002568,lead,2025-12-03,VEN-007
EVO-006217,OPP-002571,lead,2025-12-03,VEN-008
EVO-006218,OPP-002576,lead,2025-12-03,VEN-010
EVO-006219,OPP-002579,propuesta,2025-12-03,VEN-008
EVO-006220,OPP-002580,contactado,2025-12-03,VEN-011
EVO-006221,OPP-002581,lead,2025-12-03,VEN-011
EVO-006222,OPP-002584,lead,2025-12-03,VEN-011
EVO-006223,OPP-002586,lead,2025-12-03,VEN-011
EVO-006224,OPP-002592,lead,2025-12-03,VEN-012
EVO-006225,OPP-002602,lead,2025-12-03,VEN-003
EVO-006226,OPP-002605,contactado,2025-12-03,VEN-007
EVO-006227,OPP-002605,calificado,2025-12-03,VEN-007
EVO-006228,OPP-002608,contactado,2025-12-03,VEN-009
EVO-006229,OPP-002613,lead,2025-12-03,VEN-004
EVO-006230,OPP-002616,lead,2025-12-03,VEN-011
EVO-006231,OPP-002617,contactado,2025-12-03,VEN-005
EVO-006232,OPP-002620,lead,2025-12-03,VEN-009
EVO-006233,OPP-002543,calificado,2025-12-04,VEN-009
EVO-006234,OPP-002561,contactado,2025-12-04,VEN-009
EVO-006235,OPP-002564,propuesta,2025-12-04,VEN-002
EVO-006236,OPP-002565,lead,2025-12-04,VEN-010
EVO-006237,OPP-002565,contactado,2025-12-04,VEN-010
EVO-006238,OPP-002566,contactado,2025-12-04,VEN-010
EVO-006239,OPP-002568,contactado,2025-12-04,VEN-007
EVO-006240,OPP-002574,lead,2025-12-04,VEN-003
EVO-006241,OPP-002582,lead,2025-12-04,VEN-008
EVO-006242,OPP-002584,contactado,2025-12-04,VEN-011
EVO-006243,OPP-002586,contactado,2025-12-04,VEN-011
EVO-006244,OPP-002588,lead,2025-12-04,VEN-012
EVO-006245,OPP-002590,lead,2025-12-04,VEN-001
EVO-006246,OPP-002590,contactado,2025-12-04,VEN-001
EVO-006247,OPP-002590,calificado,2025-12-04,VEN-001
EVO-006248,OPP-002590,propuesta,2025-12-04,VEN-001
EVO-006249,OPP-002591,lead,2025-12-04,VEN-005
EVO-006250,OPP-002592,contactado,2025-12-04,VEN-012
EVO-006251,OPP-002593,lead,2025-12-04,VEN-012
EVO-006252,OPP-002596,lead,2025-12-04,VEN-012
EVO-006253,OPP-002598,lead,2025-12-04,VEN-006
EVO-006254,OPP-002598,contactado,2025-12-04,VEN-006
EVO-006255,OPP-002599,calificado,2025-12-04,VEN-004
EVO-006256,OPP-002606,lead,2025-12-04,VEN-002
EVO-006257,OPP-002606,contactado,2025-12-04,VEN-002
EVO-006258,OPP-002608,calificado,2025-12-04,VEN-009
EVO-006259,OPP-002611,lead,2025-12-04,VEN-003
EVO-006260,OPP-002618,lead,2025-12-04,VEN-001
EVO-006261,OPP-002543,propuesta,2025-12-05,VEN-009
EVO-006262,OPP-002559,lead,2025-12-05,VEN-010
EVO-006263,OPP-002560,lead,2025-12-05,VEN-012
EVO-006264,OPP-002562,calificado,2025-12-05,VEN-009
EVO-006265,OPP-002567,lead,2025-12-05,VEN-006
EVO-006266,OPP-002575,lead,2025-12-05,VEN-009
EVO-006267,OPP-002576,contactado,2025-12-05,VEN-010
EVO-006268,OPP-002585,contactado,2025-12-05,VEN-007
EVO-006269,OPP-002588,contactado,2025-12-05,VEN-012
EVO-006270,OPP-002594,lead,2025-12-05,VEN-003
EVO-006271,OPP-002595,contactado,2025-12-05,VEN-004
EVO-006272,OPP-002595,calificado,2025-12-05,VEN-004
EVO-006273,OPP-002595,propuesta,2025-12-05,VEN-004
EVO-006274,OPP-002597,lead,2025-12-05,VEN-001
EVO-006275,OPP-002597,contactado,2025-12-05,VEN-001
EVO-006276,OPP-002603,lead,2025-12-05,VEN-003
EVO-006277,OPP-002605,propuesta,2025-12-05,VEN-007
EVO-006278,OPP-002607,calificado,2025-12-05,VEN-008
EVO-006279,OPP-002614,lead,2025-12-05,VEN-004
EVO-006280,OPP-002614,contactado,2025-12-05,VEN-004
EVO-006281,OPP-002616,contactado,2025-12-05,VEN-011
EVO-006282,OPP-002617,calificado,2025-12-05,VEN-005
EVO-006283,OPP-002566,calificado,2025-12-06,VEN-010
EVO-006284,OPP-002566,propuesta,2025-12-06,VEN-010
EVO-006285,OPP-002574,contactado,2025-12-06,VEN-003
EVO-006286,OPP-002594,contactado,2025-12-06,VEN-003
EVO-006287,OPP-002594,calificado,2025-12-06,VEN-003
EVO-006288,OPP-002596,contactado,2025-12-06,VEN-012
EVO-006289,OPP-002611,contactado,2025-12-06,VEN-003
EVO-006290,OPP-002613,contactado,2025-12-06,VEN-004
EVO-006291,OPP-002618,contactado,2025-12-06,VEN-001
EVO-006292,OPP-002620,contactado,2025-12-06,VEN-009
EVO-006293,OPP-002560,contactado,2025-12-07,VEN-012
EVO-006294,OPP-002561,calificado,2025-12-07,VEN-009
EVO-006295,OPP-002561,propuesta,2025-12-07,VEN-009
EVO-006296,OPP-002561,cierre,2025-12-07,VEN-009
EVO-006297,OPP-002565,calificado,2025-12-07,VEN-010
EVO-006298,OPP-002567,contactado,2025-12-07,VEN-006
EVO-006299,OPP-002568,calificado,2025-12-07,VEN-007
EVO-006300,OPP-002582,contactado,2025-12-07,VEN-008
EVO-006301,OPP-002593,contactado,2025-12-07,VEN-012
EVO-006302,OPP-002594,propuesta,2025-12-07,VEN-003
EVO-006303,OPP-002595,cierre,2025-12-07,VEN-004
EVO-006304,OPP-002603,contactado,2025-12-07,VEN-003
EVO-006305,OPP-002607,propuesta,2025-12-07,VEN-008
EVO-006306,OPP-002611,calificado,2025-12-07,VEN-003
EVO-006307,OPP-002613,calificado,2025-12-07,VEN-004
EVO-006308,OPP-002543,cierre,2025-12-08,VEN-009
EVO-006309,OPP-002559,contactado,2025-12-08,VEN-010
EVO-006310,OPP-002575,contactado,2025-12-08,VEN-009
EVO-006311,OPP-002597,calificado,2025-12-08,VEN-001
EVO-006312,OPP-002620,calificado,2025-12-08,VEN-009
EVO-006313,OPP-002621,lead,2025-12-08,VEN-007
EVO-006314,OPP-002621,contactado,2025-12-08,VEN-007
EVO-006315,OPP-002621,calificado,2025-12-08,VEN-007
EVO-006316,OPP-002625,lead,2025-12-08,VEN-001
EVO-006317,OPP-002636,lead,2025-12-08,VEN-003
EVO-006318,OPP-002636,contactado,2025-12-08,VEN-003
EVO-006319,OPP-002646,lead,2025-12-08,VEN-008
EVO-006320,OPP-002651,lead,2025-12-08,VEN-001
EVO-006321,OPP-002652,lead,2025-12-08,VEN-010
EVO-006322,OPP-002652,contactado,2025-12-08,VEN-010
EVO-006323,OPP-002663,lead,2025-12-08,VEN-009
EVO-006324,OPP-002679,lead,2025-12-08,VEN-003
EVO-006325,OPP-002680,lead,2025-12-08,VEN-008
EVO-006326,OPP-002560,calificado,2025-12-09,VEN-012
EVO-006327,OPP-002566,cierre,2025-12-09,VEN-010
EVO-006328,OPP-002613,propuesta,2025-12-09,VEN-004
EVO-006329,OPP-002625,contactado,2025-12-09,VEN-001
EVO-006330,OPP-002626,lead,2025-12-09,VEN-009
EVO-006331,OPP-002627,lead,2025-12-09,VEN-010
EVO-006332,OPP-002627,contactado,2025-12-09,VEN-010
EVO-006333,OPP-002627,calificado,2025-12-09,VEN-010
EVO-006334,OPP-002628,lead,2025-12-09,VEN-004
EVO-006335,OPP-002631,lead,2025-12-09,VEN-004
EVO-006336,OPP-002631,contactado,2025-12-09,VEN-004
EVO-006337,OPP-002636,calificado,2025-12-09,VEN-003
EVO-006338,OPP-002638,lead,2025-12-09,VEN-009
EVO-006339,OPP-002639,lead,2025-12-09,VEN-005
EVO-006340,OPP-002641,lead,2025-12-09,VEN-004
EVO-006341,OPP-002644,lead,2025-12-09,VEN-001
EVO-006342,OPP-002645,lead,2025-12-09,VEN-004
EVO-006343,OPP-002646,contactado,2025-12-09,VEN-008
EVO-006344,OPP-002651,contactado,2025-12-09,VEN-001
EVO-006345,OPP-002657,lead,2025-12-09,VEN-010
EVO-006346,OPP-002667,lead,2025-12-09,VEN-007
EVO-006347,OPP-002668,lead,2025-12-09,VEN-011
EVO-006348,OPP-002670,lead,2025-12-09,VEN-006
EVO-006349,OPP-002677,lead,2025-12-09,VEN-001
EVO-006350,OPP-002677,contactado,2025-12-09,VEN-001
EVO-006351,OPP-002678,lead,2025-12-09,VEN-001
EVO-006352,OPP-002678,contactado,2025-12-09,VEN-001
EVO-006353,OPP-002681,lead,2025-12-09,VEN-008
EVO-006354,OPP-002582,calificado,2025-12-10,VEN-008
EVO-006355,OPP-002620,propuesta,2025-12-10,VEN-009
EVO-006356,OPP-002623,lead,2025-12-10,VEN-002
EVO-006357,OPP-002624,lead,2025-12-10,VEN-002
EVO-006358,OPP-002629,lead,2025-12-10,VEN-008
EVO-006359,OPP-002632,lead,2025-12-10,VEN-011
EVO-006360,OPP-002633,lead,2025-12-10,VEN-007
EVO-006361,OPP-002648,lead,2025-12-10,VEN-001
EVO-006362,OPP-002654,lead,2025-12-10,VEN-008
EVO-006363,OPP-002656,lead,2025-12-10,VEN-010
EVO-006364,OPP-002656,contactado,2025-12-10,VEN-010
EVO-006365,OPP-002658,lead,2025-12-10,VEN-010
EVO-006366,OPP-002661,lead,2025-12-10,VEN-002
EVO-006367,OPP-002662,lead,2025-12-10,VEN-009
EVO-006368,OPP-002662,contactado,2025-12-10,VEN-009
EVO-006369,OPP-002662,calificado,2025-12-10,VEN-009
EVO-006370,OPP-002664,lead,2025-12-10,VEN-008
EVO-006371,OPP-002665,lead,2025-12-10,VEN-001
EVO-006372,OPP-002667,contactado,2025-12-10,VEN-007
EVO-006373,OPP-002668,contactado,2025-12-10,VEN-011
EVO-006374,OPP-002670,contactado,2025-12-10,VEN-006
EVO-006375,OPP-002671,lead,2025-12-10,VEN-012
EVO-006376,OPP-002671,contactado,2025-12-10,VEN-012
EVO-006377,OPP-002673,lead,2025-12-10,VEN-004
EVO-006378,OPP-002675,lead,2025-12-10,VEN-011
EVO-006379,OPP-002676,lead,2025-12-10,VEN-012
EVO-006380,OPP-002582,propuesta,2025-12-11,VEN-008
EVO-006381,OPP-002624,contactado,2025-12-11,VEN-002
EVO-006382,OPP-002625,calificado,2025-12-11,VEN-001
EVO-006383,OPP-002626,contactado,2025-12-11,VEN-009
EVO-006384,OPP-002626,calificado,2025-12-11,VEN-009
EVO-006385,OPP-002627,propuesta,2025-12-11,VEN-010
EVO-006386,OPP-002630,lead,2025-12-11,VEN-003
EVO-006387,OPP-002633,contactado,2025-12-11,VEN-007
EVO-006388,OPP-002635,lead,2025-12-11,VEN-011
EVO-006389,OPP-002640,lead,2025-12-11,VEN-002
EVO-006390,OPP-002641,contactado,2025-12-11,VEN-004
EVO-006391,OPP-002642,lead,2025-12-11,VEN-010
EVO-006392,OPP-002643,lead,2025-12-11,VEN-005
EVO-006393,OPP-002648,contactado,2025-12-11,VEN-001
EVO-006394,OPP-002649,lead,2025-12-11,VEN-006
EVO-006395,OPP-002649,contactado,2025-12-11,VEN-006
EVO-006396,OPP-002650,lead,2025-12-11,VEN-003
EVO-006397,OPP-002651,calificado,2025-12-11,VEN-001
EVO-006398,OPP-002655,lead,2025-12-11,VEN-002
EVO-006399,OPP-002657,contactado,2025-12-11,VEN-010
EVO-006400,OPP-002658,contactado,2025-12-11,VEN-010
EVO-006401,OPP-002659,lead,2025-12-11,VEN-005
EVO-006402,OPP-002659,contactado,2025-12-11,VEN-005
EVO-006403,OPP-002660,lead,2025-12-11,VEN-002
EVO-006404,OPP-002663,contactado,2025-12-11,VEN-009
EVO-006405,OPP-002666,lead,2025-12-11,VEN-006
EVO-006406,OPP-002673,contactado,2025-12-11,VEN-004
EVO-006407,OPP-002674,lead,2025-12-11,VEN-012
EVO-006408,OPP-002678,calificado,2025-12-11,VEN-001
EVO-006409,OPP-002680,contactado,2025-12-11,VEN-008
EVO-006410,OPP-002681,contactado,2025-12-11,VEN-008
EVO-006411,OPP-002682,lead,2025-12-11,VEN-009
EVO-006412,OPP-002683,lead,2025-12-11,VEN-005
EVO-006413,OPP-002620,cierre,2025-12-12,VEN-009
EVO-006414,OPP-002622,lead,2025-12-12,VEN-004
EVO-006415,OPP-002630,contactado,2025-12-12,VEN-003
EVO-006416,OPP-002633,calificado,2025-12-12,VEN-007
EVO-006417,OPP-002634,lead,2025-12-12,VEN-011
EVO-006418,OPP-002634,contactado,2025-12-12,VEN-011
EVO-006419,OPP-002637,lead,2025-12-12,VEN-011
EVO-006420,OPP-002638,contactado,2025-12-12,VEN-009
EVO-006421,OPP-002639,contactado,2025-12-12,VEN-005
EVO-006422,OPP-002642,contactado,2025-12-12,VEN-010
EVO-006423,OPP-002645,contactado,2025-12-12,VEN-004
EVO-006424,OPP-002647,lead,2025-12-12,VEN-012
EVO-006425,OPP-002650,contactado,2025-12-12,VEN-003
EVO-006426,OPP-002653,lead,2025-12-12,VEN-008
EVO-006427,OPP-002654,contactado,2025-12-12,VEN-008
EVO-006428,OPP-002659,calificado,2025-12-12,VEN-005
EVO-006429,OPP-002666,contactado,2025-12-12,VEN-006
EVO-006430,OPP-002669,lead,2025-12-12,VEN-007
EVO-006431,OPP-002672,lead,2025-12-12,VEN-005
EVO-006432,OPP-002673,calificado,2025-12-12,VEN-004
EVO-006433,OPP-002681,calificado,2025-12-12,VEN-008
EVO-006434,OPP-002681,propuesta,2025-12-12,VEN-008
EVO-006435,OPP-002623,contactado,2025-12-13,VEN-002
EVO-006436,OPP-002629,contactado,2025-12-13,VEN-008
EVO-006437,OPP-002632,contactado,2025-12-13,VEN-011
EVO-006438,OPP-002633,propuesta,2025-12-13,VEN-007
EVO-006439,OPP-002650,calificado,2025-12-13,VEN-003
EVO-006440,OPP-002651,propuesta,2025-12-13,VEN-001
EVO-006441,OPP-002653,contactado,2025-12-13,VEN-008
EVO-006442,OPP-002654,calificado,2025-12-13,VEN-008
EVO-006443,OPP-002660,contactado,2025-12-13,VEN-002
EVO-006444,OPP-002662,propuesta,2025-12-13,VEN-009
EVO-006445,OPP-002676,contactado,2025-12-13,VEN-012
EVO-006446,OPP-002680,calificado,2025-12-13,VEN-008
EVO-006447,OPP-002682,contactado,2025-12-13,VEN-009
EVO-006448,OPP-002683,contactado,2025-12-13,VEN-005
EVO-006449,OPP-002624,calificado,2025-12-14,VEN-002
EVO-006450,OPP-002635,contactado,2025-12-14,VEN-011
EVO-006451,OPP-002635,calificado,2025-12-14,VEN-011
EVO-006452,OPP-002635,propuesta,2025-12-14,VEN-011
EVO-006453,OPP-002638,calificado,2025-12-14,VEN-009
EVO-006454,OPP-002651,cierre,2025-12-14,VEN-001
EVO-006455,OPP-002653,calificado,2025-12-14,VEN-008
EVO-006456,OPP-002658,calificado,2025-12-14,VEN-010
EVO-006457,OPP-002673,propuesta,2025-12-14,VEN-004
EVO-006458,OPP-002678,propuesta,2025-12-14,VEN-001
EVO-006459,OPP-002682,calificado,2025-12-14,VEN-009
EVO-006460,OPP-002682,propuesta,2025-12-14,VEN-009
EVO-006461,OPP-002629,calificado,2025-12-15,VEN-008
EVO-006462,OPP-002632,calificado,2025-12-15,VEN-011
EVO-006463,OPP-002647,contactado,2025-12-15,VEN-012
EVO-006464,OPP-002650,propuesta,2025-12-15,VEN-003
EVO-006465,OPP-002669,contactado,2025-12-15,VEN-007
EVO-006466,OPP-002680,propuesta,2025-12-15,VEN-008
EVO-006467,OPP-002687,lead,2025-12-15,VEN-007
EVO-006468,OPP-002691,lead,2025-12-15,VEN-009
EVO-006469,OPP-002694,lead,2025-12-15,VEN-012
EVO-006470,OPP-002701,lead,2025-12-15,VEN-008
EVO-006471,OPP-002707,lead,2025-12-15,VEN-008
EVO-006472,OPP-002710,lead,2025-12-15,VEN-007
EVO-006473,OPP-002714,lead,2025-12-15,VEN-007
EVO-006474,OPP-002714,contactado,2025-12-15,VEN-007
EVO-006475,OPP-002715,lead,2025-12-15,VEN-010
EVO-006476,OPP-002720,lead,2025-12-15,VEN-009
EVO-006477,OPP-002732,lead,2025-12-15,VEN-011
EVO-006478,OPP-002733,lead,2025-12-15,VEN-004
EVO-006479,OPP-002733,contactado,2025-12-15,VEN-004
EVO-006480,OPP-002738,lead,2025-12-15,VEN-002
EVO-006481,OPP-002739,lead,2025-12-15,VEN-011
EVO-006482,OPP-002744,lead,2025-12-15,VEN-009
EVO-006483,OPP-002744,contactado,2025-12-15,VEN-009
EVO-006484,OPP-002747,lead,2025-12-15,VEN-002
EVO-006485,OPP-002624,propuesta,2025-12-16,VEN-002
EVO-006486,OPP-002635,cierre,2025-12-16,VEN-011
EVO-006487,OPP-002685,lead,2025-12-16,VEN-009
EVO-006488,OPP-002692,lead,2025-12-16,VEN-001
EVO-006489,OPP-002693,lead,2025-12-16,VEN-007
EVO-006490,OPP-002694,contactado,2025-12-16,VEN-012
EVO-006491,OPP-002695,lead,2025-12-16,VEN-012
EVO-006492,OPP-002699,lead,2025-12-16,VEN-004
EVO-006493,OPP-002704,lead,2025-12-16,VEN-005
EVO-006494,OPP-002704,contactado,2025-12-16,VEN-005
EVO-006495,OPP-002706,lead,2025-12-16,VEN-011
EVO-006496,OPP-002710,contactado,2025-12-16,VEN-007
EVO-006497,OPP-002711,lead,2025-12-16,VEN-005
EVO-006498,OPP-002715,contactado,2025-12-16,VEN-010
EVO-006499,OPP-002721,lead,2025-12-16,VEN-010
EVO-006500,OPP-002726,lead,2025-12-16,VEN-008
EVO-006501,OPP-002734,lead,2025-12-16,VEN-012
EVO-006502,OPP-002734,contactado,2025-12-16,VEN-012
EVO-006503,OPP-002736,lead,2025-12-16,VEN-006
EVO-006504,OPP-002736,contactado,2025-12-16,VEN-006
EVO-006505,OPP-002736,calificado,2025-12-16,VEN-006
EVO-006506,OPP-002736,propuesta,2025-12-16,VEN-006
EVO-006507,OPP-002741,lead,2025-12-16,VEN-011
EVO-006508,OPP-002742,lead,2025-12-16,VEN-008
EVO-006509,OPP-002742,contactado,2025-12-16,VEN-008
EVO-006510,OPP-002743,lead,2025-12-16,VEN-012
EVO-006511,OPP-002743,contactado,2025-12-16,VEN-012
EVO-006512,OPP-002745,lead,2025-12-16,VEN-002
EVO-006513,OPP-002629,propuesta,2025-12-17,VEN-008
EVO-006514,OPP-002638,propuesta,2025-12-17,VEN-009
EVO-006515,OPP-002647,calificado,2025-12-17,VEN-012
EVO-006516,OPP-002684,lead,2025-12-17,VEN-004
EVO-006517,OPP-002685,contactado,2025-12-17,VEN-009
EVO-006518,OPP-002686,lead,2025-12-17,VEN-008
EVO-006519,OPP-002694,calificado,2025-12-17,VEN-012
EVO-006520,OPP-002694,propuesta,2025-12-17,VEN-012
EVO-006521,OPP-002694,cierre,2025-12-17,VEN-012
EVO-006522,OPP-002700,lead,2025-12-17,VEN-010
EVO-006523,OPP-002703,lead,2025-12-17,VEN-007
EVO-006524,OPP-002712,lead,2025-12-17,VEN-012
EVO-006525,OPP-002713,lead,2025-12-17,VEN-010
EVO-006526,OPP-002719,lead,2025-12-17,VEN-003
EVO-006527,OPP-002722,lead,2025-12-17,VEN-012
EVO-006528,OPP-002723,lead,2025-12-17,VEN-011
EVO-006529,OPP-002725,lead,2025-12-17,VEN-010
EVO-006530,OPP-002727,lead,2025-12-17,VEN-009
EVO-006531,OPP-002728,lead,2025-12-17,VEN-003
EVO-006532,OPP-002729,lead,2025-12-17,VEN-011
EVO-006533,OPP-002730,lead,2025-12-17,VEN-008
EVO-006534,OPP-002732,contactado,2025-12-17,VEN-011
EVO-006535,OPP-002739,contactado,2025-12-17,VEN-011
EVO-006536,OPP-002746,lead,2025-12-17,VEN-007
EVO-006537,OPP-002746,contactado,2025-12-17,VEN-007
EVO-006538,OPP-002690,lead,2025-12-18,VEN-002
EVO-006539,OPP-002693,contactado,2025-12-18,VEN-007
EVO-006540,OPP-002696,lead,2025-12-18,VEN-005
EVO-006541,OPP-002701,contactado,2025-12-18,VEN-008
EVO-006542,OPP-002704,calificado,2025-12-18,VEN-005
EVO-006543,OPP-002707,contactado,2025-12-18,VEN-008
EVO-006544,OPP-002709,lead,2025-12-18,VEN-009
EVO-006545,OPP-002709,contactado,2025-12-18,VEN-009
EVO-006546,OPP-002717,lead,2025-12-18,VEN-008
EVO-006547,OPP-002717,contactado,2025-12-18,VEN-008
EVO-006548,OPP-002718,lead,2025-12-18,VEN-002
EVO-006549,OPP-002720,contactado,2025-12-18,VEN-009
EVO-006550,OPP-002724,lead,2025-12-18,VEN-001
EVO-006551,OPP-002724,contactado,2025-12-18,VEN-001
EVO-006552,OPP-002731,lead,2025-12-18,VEN-009
EVO-006553,OPP-002734,calificado,2025-12-18,VEN-012
EVO-006554,OPP-002738,contactado,2025-12-18,VEN-002
EVO-006555,OPP-002688,lead,2025-12-19,VEN-005
EVO-006556,OPP-002689,lead,2025-12-19,VEN-010
EVO-006557,OPP-002697,lead,2025-12-19,VEN-008
EVO-006558,OPP-002698,lead,2025-12-19,VEN-003
EVO-006559,OPP-002702,lead,2025-12-19,VEN-010
EVO-006560,OPP-002703,contactado,2025-12-19,VEN-007
EVO-006561,OPP-002705,lead,2025-12-19,VEN-011
EVO-006562,OPP-002708,lead,2025-12-19,VEN-010
EVO-006563,OPP-002710,calificado,2025-12-19,VEN-007
EVO-006564,OPP-002716,lead,2025-12-19,VEN-004
EVO-006565,OPP-002716,contactado,2025-12-19,VEN-004
EVO-006566,OPP-002718,contactado,2025-12-19,VEN-002
EVO-006567,OPP-002718,calificado,2025-12-19,VEN-002
EVO-006568,OPP-002720,calificado,2025-12-19,VEN-009
EVO-006569,OPP-002725,contactado,2025-12-19,VEN-010
EVO-006570,OPP-002726,contactado,2025-12-19,VEN-008
EVO-006571,OPP-002726,calificado,2025-12-19,VEN-008
EVO-006572,OPP-002735,lead,2025-12-19,VEN-003
EVO-006573,OPP-002737,lead,2025-12-19,VEN-010
EVO-006574,OPP-002740,lead,2025-12-19,VEN-005
EVO-006575,OPP-002741,contactado,2025-12-19,VEN-011
EVO-006576,OPP-002647,propuesta,2025-12-20,VEN-012
EVO-006577,OPP-002690,contactado,2025-12-20,VEN-002
EVO-006578,OPP-002700,contactado,2025-12-20,VEN-010
EVO-006579,OPP-002702,contactado,2025-12-20,VEN-010
EVO-006580,OPP-002719,contactado,2025-12-20,VEN-003
EVO-006581,OPP-002723,contactado,2025-12-20,VEN-011
EVO-006582,OPP-002724,calificado,2025-12-20,VEN-001
EVO-006583,OPP-002724,propuesta,2025-12-20,VEN-001
EVO-006584,OPP-002729,contactado,2025-12-20,VEN-011
EVO-006585,OPP-002730,contactado,2025-12-20,VEN-008
EVO-006586,OPP-002740,contactado,2025-12-20,VEN-005
EVO-006587,OPP-002746,calificado,2025-12-20,VEN-007
EVO-006588,OPP-002693,calificado,2025-12-21,VEN-007
EVO-006589,OPP-002700,calificado,2025-12-21,VEN-010
EVO-006590,OPP-002719,calificado,2025-12-21,VEN-003
EVO-006591,OPP-002725,calificado,2025-12-21,VEN-010
EVO-006592,OPP-002738,calificado,2025-12-21,VEN-002
EVO-006593,OPP-002690,calificado,2025-12-22,VEN-002
EVO-006594,OPP-002690,propuesta,2025-12-22,VEN-002
EVO-006595,OPP-002700,propuesta,2025-12-22,VEN-010
EVO-006596,OPP-002703,calificado,2025-12-22,VEN-007
EVO-006597,OPP-002703,propuesta,2025-12-22,VEN-007
EVO-006598,OPP-002708,contactado,2025-12-22,VEN-010
EVO-006599,OPP-002720,propuesta,2025-12-22,VEN-009
EVO-006600,OPP-002726,propuesta,2025-12-22,VEN-008
EVO-006601,OPP-002726,cierre,2025-12-22,VEN-008
EVO-006602,OPP-002735,contactado,2025-12-22,VEN-003
EVO-006603,OPP-002737,contactado,2025-12-22,VEN-010
EVO-006604,OPP-002740,calificado,2025-12-22,VEN-005
EVO-006605,OPP-002756,lead,2025-12-22,VEN-010
EVO-006606,OPP-002763,lead,2025-12-22,VEN-002
EVO-006607,OPP-002763,contactado,2025-12-22,VEN-002
EVO-006608,OPP-002764,lead,2025-12-22,VEN-007
EVO-006609,OPP-002764,contactado,2025-12-22,VEN-007
EVO-006610,OPP-002766,lead,2025-12-22,VEN-011
EVO-006611,OPP-002767,lead,2025-12-22,VEN-010
EVO-006612,OPP-002774,lead,2025-12-22,VEN-003
EVO-006613,OPP-002775,lead,2025-12-22,VEN-001
EVO-006614,OPP-002777,lead,2025-12-22,VEN-010
EVO-006615,OPP-002779,lead,2025-12-22,VEN-003
EVO-006616,OPP-002782,lead,2025-12-22,VEN-009
EVO-006617,OPP-002784,lead,2025-12-22,VEN-006
EVO-006618,OPP-002787,lead,2025-12-22,VEN-004
EVO-006619,OPP-002788,lead,2025-12-22,VEN-004
EVO-006620,OPP-002795,lead,2025-12-22,VEN-011
EVO-006621,OPP-002795,contactado,2025-12-22,VEN-011
EVO-006622,OPP-002805,lead,2025-12-22,VEN-002
EVO-006623,OPP-002703,cierre,2025-12-23,VEN-007
EVO-006624,OPP-002723,calificado,2025-12-23,VEN-011
EVO-006625,OPP-002724,cierre,2025-12-23,VEN-001
EVO-006626,OPP-002737,calificado,2025-12-23,VEN-010
EVO-006627,OPP-002748,lead,2025-12-23,VEN-008
EVO-006628,OPP-002750,lead,2025-12-23,VEN-005
EVO-006629,OPP-002752,lead,2025-12-23,VEN-005
EVO-006630,OPP-002754,lead,2025-12-23,VEN-005
EVO-006631,OPP-002761,lead,2025-12-23,VEN-003
EVO-006632,OPP-002761,contactado,2025-12-23,VEN-003
EVO-006633,OPP-002763,calificado,2025-12-23,VEN-002
EVO-006634,OPP-002771,lead,2025-12-23,VEN-002
EVO-006635,OPP-002771,contactado,2025-12-23,VEN-002
EVO-006636,OPP-002774,contactado,2025-12-23,VEN-003
EVO-006637,OPP-002780,lead,2025-12-23,VEN-003
EVO-006638,OPP-002784,contactado,2025-12-23,VEN-006
EVO-006639,OPP-002785,lead,2025-12-23,VEN-006
EVO-006640,OPP-002787,contactado,2025-12-23,VEN-004
EVO-006641,OPP-002789,lead,2025-12-23,VEN-003
EVO-006642,OPP-002791,lead,2025-12-23,VEN-011
EVO-006643,OPP-002791,contactado,2025-12-23,VEN-011
EVO-006644,OPP-002795,calificado,2025-12-23,VEN-011
EVO-006645,OPP-002797,lead,2025-12-23,VEN-007
EVO-006646,OPP-002798,lead,2025-12-23,VEN-001
EVO-006647,OPP-002801,lead,2025-12-23,VEN-012
EVO-006648,OPP-002806,lead,2025-12-23,VEN-012
EVO-006649,OPP-002693,propuesta,2025-12-24,VEN-007
EVO-006650,OPP-002738,propuesta,2025-12-24,VEN-002
EVO-006651,OPP-002740,propuesta,2025-12-24,VEN-005
EVO-006652,OPP-002740,cierre,2025-12-24,VEN-005
EVO-006653,OPP-002749,lead,2025-12-24,VEN-011
EVO-006654,OPP-002756,contactado,2025-12-24,VEN-010
EVO-006655,OPP-002765,lead,2025-12-24,VEN-012
EVO-006656,OPP-002766,contactado,2025-12-24,VEN-011
EVO-006657,OPP-002767,contactado,2025-12-24,VEN-010
EVO-006658,OPP-002772,lead,2025-12-24,VEN-010
EVO-006659,OPP-002776,lead,2025-12-24,VEN-003
EVO-006660,OPP-002777,contactado,2025-12-24,VEN-010
EVO-006661,OPP-002781,lead,2025-12-24,VEN-007
EVO-006662,OPP-002788,contactado,2025-12-24,VEN-004
EVO-006663,OPP-002791,calificado,2025-12-24,VEN-011
EVO-006664,OPP-002793,lead,2025-12-24,VEN-010
EVO-006665,OPP-002700,cierre,2025-12-25,VEN-010
EVO-006666,OPP-002748,contactado,2025-12-25,VEN-008
EVO-006667,OPP-002749,contactado,2025-12-25,VEN-011
EVO-006668,OPP-002753,lead,2025-12-25,VEN-012
EVO-006669,OPP-002756,calificado,2025-12-25,VEN-010
EVO-006670,OPP-002756,propuesta,2025-12-25,VEN-010
EVO-006671,OPP-002758,lead,2025-12-25,VEN-011
EVO-006672,OPP-002759,lead,2025-12-25,VEN-003
EVO-006673,OPP-002762,lead,2025-12-25,VEN-007
EVO-006674,OPP-002762,contactado,2025-12-25,VEN-007
EVO-006675,OPP-002763,propuesta,2025-12-25,VEN-002
EVO-006676,OPP-002771,calificado,2025-12-25,VEN-002
EVO-006677,OPP-002774,calificado,2025-12-25,VEN-003
EVO-006678,OPP-002774,propuesta,2025-12-25,VEN-003
EVO-006679,OPP-002780,contactado,2025-12-25,VEN-003
EVO-006680,OPP-002781,contactado,2025-12-25,VEN-007
EVO-006681,OPP-002783,lead,2025-12-25,VEN-010
EVO-006682,OPP-002785,contactado,2025-12-25,VEN-006
EVO-006683,OPP-002787,calificado,2025-12-25,VEN-004
EVO-006684,OPP-002789,contactado,2025-12-25,VEN-003
EVO-006685,OPP-002790,lead,2025-12-25,VEN-009
EVO-006686,OPP-002797,contactado,2025-12-25,VEN-007
EVO-006687,OPP-002798,contactado,2025-12-25,VEN-001
EVO-006688,OPP-002799,lead,2025-12-25,VEN-012
EVO-006689,OPP-002800,lead,2025-12-25,VEN-012
EVO-006690,OPP-002802,lead,2025-12-25,VEN-001
EVO-006691,OPP-002802,contactado,2025-12-25,VEN-001
EVO-006692,OPP-002803,lead,2025-12-25,VEN-005
EVO-006693,OPP-002804,lead,2025-12-25,VEN-005
EVO-006694,OPP-002807,lead,2025-12-25,VEN-008
EVO-006695,OPP-002750,contactado,2025-12-26,VEN-005
EVO-006696,OPP-002750,calificado,2025-12-26,VEN-005
EVO-006697,OPP-002751,lead,2025-12-26,VEN-002
EVO-006698,OPP-002752,contactado,2025-12-26,VEN-005
EVO-006699,OPP-002754,contactado,2025-12-26,VEN-005
EVO-006700,OPP-002755,lead,2025-12-26,VEN-004
EVO-006701,OPP-002755,contactado,2025-12-26,VEN-004
EVO-006702,OPP-002757,lead,2025-12-26,VEN-005
EVO-006703,OPP-002758,contactado,2025-12-26,VEN-011
EVO-006704,OPP-002760,lead,2025-12-26,VEN-011
EVO-006705,OPP-002768,lead,2025-12-26,VEN-010
EVO-006706,OPP-002769,lead,2025-12-26,VEN-007
EVO-006707,OPP-002770,lead,2025-12-26,VEN-007
EVO-006708,OPP-002770,contactado,2025-12-26,VEN-007
EVO-006709,OPP-002773,lead,2025-12-26,VEN-006
EVO-006710,OPP-002777,calificado,2025-12-26,VEN-010
EVO-006711,OPP-002778,lead,2025-12-26,VEN-004
EVO-006712,OPP-002783,contactado,2025-12-26,VEN-010
EVO-006713,OPP-002786,lead,2025-12-26,VEN-009
EVO-006714,OPP-002786,contactado,2025-12-26,VEN-009
EVO-006715,OPP-002792,lead,2025-12-26,VEN-001
EVO-006716,OPP-002792,contactado,2025-12-26,VEN-001
EVO-006717,OPP-002794,lead,2025-12-26,VEN-001
EVO-006718,OPP-002796,lead,2025-12-26,VEN-006
EVO-006719,OPP-002796,contactado,2025-12-26,VEN-006
EVO-006720,OPP-002797,calificado,2025-12-26,VEN-007
EVO-006721,OPP-002800,contactado,2025-12-26,VEN-012
EVO-006722,OPP-002800,calificado,2025-12-26,VEN-012
EVO-006723,OPP-002808,lead,2025-12-26,VEN-008
EVO-006724,OPP-002808,contactado,2025-12-26,VEN-008
EVO-006725,OPP-002760,contactado,2025-12-27,VEN-011
EVO-006726,OPP-002766,calificado,2025-12-27,VEN-011
EVO-006727,OPP-002766,propuesta,2025-12-27,VEN-011
EVO-006728,OPP-002772,contactado,2025-12-27,VEN-010
EVO-006729,OPP-002790,contactado,2025-12-27,VEN-009
EVO-006730,OPP-002791,propuesta,2025-12-27,VEN-011
EVO-006731,OPP-002794,contactado,2025-12-27,VEN-001
EVO-006732,OPP-002796,calificado,2025-12-27,VEN-006
EVO-006733,OPP-002755,calificado,2025-12-28,VEN-004
EVO-006734,OPP-002757,contactado,2025-12-28,VEN-005
EVO-006735,OPP-002759,contactado,2025-12-28,VEN-003
EVO-006736,OPP-002769,contactado,2025-12-28,VEN-007
EVO-006737,OPP-002773,contactado,2025-12-28,VEN-006
EVO-006738,OPP-002774,cierre,2025-12-28,VEN-003
EVO-006739,OPP-002783,calificado,2025-12-28,VEN-010
EVO-006740,OPP-002783,propuesta,2025-12-28,VEN-010
EVO-006741,OPP-002791,cierre,2025-12-28,VEN-011
EVO-006742,OPP-002797,propuesta,2025-12-28,VEN-007
EVO-006743,OPP-002803,contactado,2025-12-28,VEN-005
EVO-006744,OPP-002750,propuesta,2025-12-29,VEN-005
EVO-006745,OPP-002752,calificado,2025-12-29,VEN-005
EVO-006746,OPP-002754,calificado,2025-12-29,VEN-005
EVO-006747,OPP-002766,cierre,2025-12-29,VEN-011
EVO-006748,OPP-002783,cierre,2025-12-29,VEN-010
EVO-006749,OPP-002792,calificado,2025-12-29,VEN-001
EVO-006750,OPP-002808,calificado,2025-12-29,VEN-008
EVO-006751,OPP-002812,lead,2025-12-29,VEN-005
EVO-006752,OPP-002817,lead,2025-12-29,VEN-002
EVO-006753,OPP-002824,lead,2025-12-29,VEN-011
EVO-006754,OPP-002825,lead,2025-12-29,VEN-010
EVO-006755,OPP-002826,lead,2025-12-29,VEN-006
EVO-006756,OPP-002835,lead,2025-12-29,VEN-002
EVO-006757,OPP-002854,lead,2025-12-29,VEN-005
EVO-006758,OPP-002855,lead,2025-12-29,VEN-002
EVO-006759,OPP-002757,calificado,2025-12-30,VEN-005
EVO-006760,OPP-002760,calificado,2025-12-30,VEN-011
EVO-006761,OPP-002760,propuesta,2025-12-30,VEN-011
EVO-006762,OPP-002794,calificado,2025-12-30,VEN-001
EVO-006763,OPP-002797,cierre,2025-12-30,VEN-007
EVO-006764,OPP-002803,calificado,2025-12-30,VEN-005
EVO-006765,OPP-002818,lead,2025-12-30,VEN-005
EVO-006766,OPP-002820,lead,2025-12-30,VEN-001
EVO-006767,OPP-002820,contactado,2025-12-30,VEN-001
EVO-006768,OPP-002821,lead,2025-12-30,VEN-006
EVO-006769,OPP-002822,lead,2025-12-30,VEN-009
EVO-006770,OPP-002824,contactado,2025-12-30,VEN-011
EVO-006771,OPP-002833,lead,2025-12-30,VEN-009
EVO-006772,OPP-002842,lead,2025-12-30,VEN-006
EVO-006773,OPP-002849,lead,2025-12-30,VEN-005
EVO-006774,OPP-002849,contactado,2025-12-30,VEN-005
EVO-006775,OPP-002851,lead,2025-12-30,VEN-006
EVO-006776,OPP-002856,lead,2025-12-30,VEN-003
EVO-006777,OPP-002811,lead,2025-12-31,VEN-011
EVO-006778,OPP-002813,lead,2025-12-31,VEN-010
EVO-006779,OPP-002813,contactado,2025-12-31,VEN-010
EVO-006780,OPP-002817,contactado,2025-12-31,VEN-002
EVO-006781,OPP-002822,contactado,2025-12-31,VEN-009
EVO-006782,OPP-002829,lead,2025-12-31,VEN-011
EVO-006783,OPP-002832,lead,2025-12-31,VEN-012
EVO-006784,OPP-002835,contactado,2025-12-31,VEN-002
EVO-006785,OPP-002837,lead,2025-12-31,VEN-001
EVO-006786,OPP-002839,lead,2025-12-31,VEN-004
EVO-006787,OPP-002841,lead,2025-12-31,VEN-005
EVO-006788,OPP-002842,contactado,2025-12-31,VEN-006
EVO-006789,OPP-002851,contactado,2025-12-31,VEN-006
EVO-006790,OPP-002854,contactado,2025-12-31,VEN-005
EVO-006791,OPP-002855,contactado,2025-12-31,VEN-002
EVO-006792,OPP-002856,contactado,2025-12-31,VEN-003
EVO-006793,OPP-002752,propuesta,2026-01-01,VEN-005
EVO-006794,OPP-002792,propuesta,2026-01-01,VEN-001
EVO-006795,OPP-002794,propuesta,2026-01-01,VEN-001
EVO-006796,OPP-002809,lead,2026-01-01,VEN-006
EVO-006797,OPP-002809,contactado,2026-01-01,VEN-006
EVO-006798,OPP-002810,lead,2026-01-01,VEN-005
EVO-006799,OPP-002811,contactado,2026-01-01,VEN-011
EVO-006800,OPP-002815,lead,2026-01-01,VEN-005
EVO-006801,OPP-002816,lead,2026-01-01,VEN-007
EVO-006802,OPP-002818,contactado,2026-01-01,VEN-005
EVO-006803,OPP-002821,contactado,2026-01-01,VEN-006
EVO-006804,OPP-002823,lead,2026-01-01,VEN-008
EVO-006805,OPP-002825,contactado,2026-01-01,VEN-010
EVO-006806,OPP-002831,lead,2026-01-01,VEN-005
EVO-006807,OPP-002833,contactado,2026-01-01,VEN-009
EVO-006808,OPP-002836,lead,2026-01-01,VEN-003
EVO-006809,OPP-002838,lead,2026-01-01,VEN-004
EVO-006810,OPP-002844,lead,2026-01-01,VEN-012
EVO-006811,OPP-002845,lead,2026-01-01,VEN-004
EVO-006812,OPP-002847,lead,2026-01-01,VEN-011
EVO-006813,OPP-002850,lead,2026-01-01,VEN-004
EVO-006814,OPP-002850,contactado,2026-01-01,VEN-004
EVO-006815,OPP-002853,lead,2026-01-01,VEN-006
EVO-006816,OPP-002813,calificado,2026-01-02,VEN-010
EVO-006817,OPP-002814,lead,2026-01-02,VEN-009
EVO-006818,OPP-002814,contactado,2026-01-02,VEN-009
EVO-006819,OPP-002815,contactado,2026-01-02,VEN-005
EVO-006820,OPP-002819,lead,2026-01-02,VEN-008
EVO-006821,OPP-002827,lead,2026-01-02,VEN-006
EVO-006822,OPP-002827,contactado,2026-01-02,VEN-006
EVO-006823,OPP-002828,lead,2026-01-02,VEN-004
EVO-006824,OPP-002829,contactado,2026-01-02,VEN-011
EVO-006825,OPP-002830,lead,2026-01-02,VEN-003
EVO-006826,OPP-002830,contactado,2026-01-02,VEN-003
EVO-006827,OPP-002832,contactado,2026-01-02,VEN-012
EVO-006828,OPP-002834,lead,2026-01-02,VEN-004
EVO-006829,OPP-002840,lead,2026-01-02,VEN-004
EVO-006830,OPP-002843,lead,2026-01-02,VEN-005
EVO-006831,OPP-002844,contactado,2026-01-02,VEN-012
EVO-006832,OPP-002846,lead,2026-01-02,VEN-010
EVO-006833,OPP-002848,lead,2026-01-02,VEN-006
EVO-006834,OPP-002852,lead,2026-01-02,VEN-007
EVO-006835,OPP-002855,calificado,2026-01-02,VEN-002
EVO-006836,OPP-002855,propuesta,2026-01-02,VEN-002
EVO-006837,OPP-002813,propuesta,2026-01-03,VEN-010
EVO-006838,OPP-002818,calificado,2026-01-03,VEN-005
EVO-006839,OPP-002819,contactado,2026-01-03,VEN-008
EVO-006840,OPP-002845,contactado,2026-01-03,VEN-004
EVO-006841,OPP-002845,calificado,2026-01-03,VEN-004
EVO-006842,OPP-002848,contactado,2026-01-03,VEN-006
EVO-006843,OPP-002856,calificado,2026-01-03,VEN-003
EVO-006844,OPP-002752,cierre,2026-01-04,VEN-005
EVO-006845,OPP-002827,calificado,2026-01-04,VEN-006
EVO-006846,OPP-002845,propuesta,2026-01-04,VEN-004
EVO-006847,OPP-002846,contactado,2026-01-04,VEN-010
EVO-006848,OPP-002846,calificado,2026-01-04,VEN-010
EVO-006849,OPP-002848,calificado,2026-01-04,VEN-006
EVO-006850,OPP-002848,propuesta,2026-01-04,VEN-006
EVO-006851,OPP-002832,calificado,2026-01-05,VEN-012
EVO-006852,OPP-002840,contactado,2026-01-05,VEN-004
EVO-006853,OPP-002862,lead,2026-01-05,VEN-006
EVO-006854,OPP-002870,lead,2026-01-05,VEN-005
EVO-006855,OPP-002874,lead,2026-01-05,VEN-011
EVO-006856,OPP-002874,contactado,2026-01-05,VEN-011
EVO-006857,OPP-002875,lead,2026-01-05,VEN-001
EVO-006858,OPP-002876,lead,2026-01-05,VEN-012
EVO-006859,OPP-002887,lead,2026-01-05,VEN-002
EVO-006860,OPP-002891,lead,2026-01-05,VEN-002
EVO-006861,OPP-002895,lead,2026-01-05,VEN-012
EVO-006862,OPP-002901,lead,2026-01-05,VEN-011
EVO-006863,OPP-002827,propuesta,2026-01-06,VEN-006
EVO-006864,OPP-002861,lead,2026-01-06,VEN-006
EVO-006865,OPP-002861,contactado,2026-01-06,VEN-006
EVO-006866,OPP-002875,contactado,2026-01-06,VEN-001
EVO-006867,OPP-002879,lead,2026-01-06,VEN-002
EVO-006868,OPP-002882,lead,2026-01-06,VEN-012
EVO-006869,OPP-002885,lead,2026-01-06,VEN-011
EVO-006870,OPP-002885,contactado,2026-01-06,VEN-011
EVO-006871,OPP-002886,lead,2026-01-06,VEN-007
EVO-006872,OPP-002891,contactado,2026-01-06,VEN-002
EVO-006873,OPP-002897,lead,2026-01-06,VEN-011
EVO-006874,OPP-002846,propuesta,2026-01-07,VEN-010
EVO-006875,OPP-002857,lead,2026-01-07,VEN-003
EVO-006876,OPP-002860,lead,2026-01-07,VEN-006
EVO-006877,OPP-002862,contactado,2026-01-07,VEN-006
EVO-006878,OPP-002863,lead,2026-01-07,VEN-007
EVO-006879,OPP-002866,lead,2026-01-07,VEN-005
EVO-006880,OPP-002868,lead,2026-01-07,VEN-001
EVO-006881,OPP-002873,lead,2026-01-07,VEN-007
EVO-006882,OPP-002874,calificado,2026-01-07,VEN-011
EVO-006883,OPP-002884,lead,2026-01-07,VEN-010
EVO-006884,OPP-002885,calificado,2026-01-07,VEN-011
EVO-006885,OPP-002885,propuesta,2026-01-07,VEN-011
EVO-006886,OPP-002886,contactado,2026-01-07,VEN-007
EVO-006887,OPP-002887,contactado,2026-01-07,VEN-002
EVO-006888,OPP-002890,lead,2026-01-07,VEN-005
EVO-006889,OPP-002890,contactado,2026-01-07,VEN-005
EVO-006890,OPP-002891,calificado,2026-01-07,VEN-002
EVO-006891,OPP-002893,lead,2026-01-07,VEN-010
EVO-006892,OPP-002893,contactado,2026-01-07,VEN-010
EVO-006893,OPP-002897,contactado,2026-01-07,VEN-011
EVO-006894,OPP-002899,lead,2026-01-07,VEN-008
EVO-006895,OPP-002900,lead,2026-01-07,VEN-011
EVO-006896,OPP-002902,lead,2026-01-07,VEN-010
EVO-006897,OPP-002902,contactado,2026-01-07,VEN-010
EVO-006898,OPP-002832,propuesta,2026-01-08,VEN-012
EVO-006899,OPP-002860,contactado,2026-01-08,VEN-006
EVO-006900,OPP-002863,contactado,2026-01-08,VEN-007
EVO-006901,OPP-002867,lead,2026-01-08,VEN-003
EVO-006902,OPP-002867,contactado,2026-01-08,VEN-003
EVO-006903,OPP-002869,lead,2026-01-08,VEN-005
EVO-006904,OPP-002871,lead,2026-01-08,VEN-006
EVO-006905,OPP-002875,calificado,2026-01-08,VEN-001
EVO-006906,OPP-002878,lead,2026-01-08,VEN-012
EVO-006907,OPP-002880,lead,2026-01-08,VEN-008
EVO-006908,OPP-002882,contactado,2026-01-08,VEN-012
EVO-006909,OPP-002883,lead,2026-01-08,VEN-011
EVO-006910,OPP-002888,lead,2026-01-08,VEN-011
EVO-006911,OPP-002889,lead,2026-01-08,VEN-001
EVO-006912,OPP-002893,calificado,2026-01-08,VEN-010
EVO-006913,OPP-002900,contactado,2026-01-08,VEN-011
EVO-006914,OPP-002900,calificado,2026-01-08,VEN-011
EVO-006915,OPP-002858,lead,2026-01-09,VEN-002
EVO-006916,OPP-002859,lead,2026-01-09,VEN-003
EVO-006917,OPP-002860,calificado,2026-01-09,VEN-006
EVO-006918,OPP-002861,calificado,2026-01-09,VEN-006
EVO-006919,OPP-002863,calificado,2026-01-09,VEN-007
EVO-006920,OPP-002864,lead,2026-01-09,VEN-004
EVO-006921,OPP-002865,lead,2026-01-09,VEN-003
EVO-006922,OPP-002869,contactado,2026-01-09,VEN-005
EVO-006923,OPP-002871,contactado,2026-01-09,VEN-006
EVO-006924,OPP-002872,lead,2026-01-09,VEN-002
EVO-006925,OPP-002873,contactado,2026-01-09,VEN-007
EVO-006926,OPP-002877,lead,2026-01-09,VEN-006
EVO-006927,OPP-002877,contactado,2026-01-09,VEN-006
EVO-006928,OPP-002879,contactado,2026-01-09,VEN-002
EVO-006929,OPP-002881,lead,2026-01-09,VEN-002
EVO-006930,OPP-002882,calificado,2026-01-09,VEN-012
EVO-006931,OPP-002884,contactado,2026-01-09,VEN-010
EVO-006932,OPP-002887,calificado,2026-01-09,VEN-002
EVO-006933,OPP-002887,propuesta,2026-01-09,VEN-002
EVO-006934,OPP-002889,contactado,2026-01-09,VEN-001
EVO-006935,OPP-002889,calificado,2026-01-09,VEN-001
EVO-006936,OPP-002892,lead,2026-01-09,VEN-011
EVO-006937,OPP-002894,lead,2026-01-09,VEN-007
EVO-006938,OPP-002894,contactado,2026-01-09,VEN-007
EVO-006939,OPP-002896,lead,2026-01-09,VEN-009
EVO-006940,OPP-002898,lead,2026-01-09,VEN-009
EVO-006941,OPP-002898,contactado,2026-01-09,VEN-009
EVO-006942,OPP-002857,contactado,2026-01-10,VEN-003
EVO-006943,OPP-002865,contactado,2026-01-10,VEN-003
EVO-006944,OPP-002866,contactado,2026-01-10,VEN-005
EVO-006945,OPP-002867,calificado,2026-01-10,VEN-003
EVO-006946,OPP-002882,propuesta,2026-01-10,VEN-012
EVO-006947,OPP-002886,calificado,2026-01-10,VEN-007
EVO-006948,OPP-002898,calificado,2026-01-10,VEN-009
EVO-006949,OPP-002898,propuesta,2026-01-10,VEN-009
EVO-006950,OPP-002866,calificado,2026-01-11,VEN-005
EVO-006951,OPP-002880,contactado,2026-01-11,VEN-008
EVO-006952,OPP-002881,contactado,2026-01-11,VEN-002
EVO-006953,OPP-002858,contactado,2026-01-12,VEN-002
EVO-006954,OPP-002859,contactado,2026-01-12,VEN-003
EVO-006955,OPP-002860,propuesta,2026-01-12,VEN-006
EVO-006956,OPP-002864,contactado,2026-01-12,VEN-004
EVO-006957,OPP-002864,calificado,2026-01-12,VEN-004
EVO-006958,OPP-002872,contactado,2026-01-12,VEN-002
EVO-006959,OPP-002879,calificado,2026-01-12,VEN-002
EVO-006960,OPP-002884,calificado,2026-01-12,VEN-010
EVO-006961,OPP-002896,contactado,2026-01-12,VEN-009
EVO-006962,OPP-002903,lead,2026-01-12,VEN-003
EVO-006963,OPP-002904,lead,2026-01-12,VEN-011
EVO-006964,OPP-002906,lead,2026-01-12,VEN-002
EVO-006965,OPP-002908,lead,2026-01-12,VEN-002
EVO-006966,OPP-002912,lead,2026-01-12,VEN-002
EVO-006967,OPP-002912,contactado,2026-01-12,VEN-002
EVO-006968,OPP-002913,lead,2026-01-12,VEN-002
EVO-006969,OPP-002914,lead,2026-01-12,VEN-001
EVO-006970,OPP-002935,lead,2026-01-12,VEN-006
EVO-006971,OPP-002942,lead,2026-01-12,VEN-002
EVO-006972,OPP-002952,lead,2026-01-12,VEN-012
EVO-006973,OPP-002857,calificado,2026-01-13,VEN-003
EVO-006974,OPP-002859,calificado,2026-01-13,VEN-003
EVO-006975,OPP-002882,cierre,2026-01-13,VEN-012
EVO-006976,OPP-002908,contactado,2026-01-13,VEN-002
EVO-006977,OPP-002911,lead,2026-01-13,VEN-011
EVO-006978,OPP-002911,contactado,2026-01-13,VEN-011
EVO-006979,OPP-002912,calificado,2026-01-13,VEN-002
EVO-006980,OPP-002914,contactado,2026-01-13,VEN-001
EVO-006981,OPP-002919,lead,2026-01-13,VEN-012
EVO-006982,OPP-002923,lead,2026-01-13,VEN-009
EVO-006983,OPP-002923,contactado,2026-01-13,VEN-009
EVO-006984,OPP-002924,lead,2026-01-13,VEN-009
EVO-006985,OPP-002924,contactado,2026-01-13,VEN-009
EVO-006986,OPP-002927,lead,2026-01-13,VEN-012
EVO-006987,OPP-002928,lead,2026-01-13,VEN-003
EVO-006988,OPP-002929,lead,2026-01-13,VEN-003
EVO-006989,OPP-002932,lead,2026-01-13,VEN-011
EVO-006990,OPP-002932,contactado,2026-01-13,VEN-011
EVO-006991,OPP-002936,lead,2026-01-13,VEN-002
EVO-006992,OPP-002936,contactado,2026-01-13,VEN-002
EVO-006993,OPP-002937,lead,2026-01-13,VEN-001
EVO-006994,OPP-002938,lead,2026-01-13,VEN-010
EVO-006995,OPP-002938,contactado,2026-01-13,VEN-010
EVO-006996,OPP-002939,lead,2026-01-13,VEN-007
EVO-006997,OPP-002939,contactado,2026-01-13,VEN-007
EVO-006998,OPP-002939,calificado,2026-01-13,VEN-007
EVO-006999,OPP-002939,propuesta,2026-01-13,VEN-007
EVO-007000,OPP-002948,lead,2026-01-13,VEN-006
EVO-007001,OPP-002953,lead,2026-01-13,VEN-010
EVO-007002,OPP-002864,propuesta,2026-01-14,VEN-004
EVO-007003,OPP-002881,calificado,2026-01-14,VEN-002
EVO-007004,OPP-002903,contactado,2026-01-14,VEN-003
EVO-007005,OPP-002904,contactado,2026-01-14,VEN-011
EVO-007006,OPP-002909,lead,2026-01-14,VEN-011
EVO-007007,OPP-002910,lead,2026-01-14,VEN-005
EVO-007008,OPP-002911,calificado,2026-01-14,VEN-011
EVO-007009,OPP-002921,lead,2026-01-14,VEN-006
EVO-007010,OPP-002940,lead,2026-01-14,VEN-006
EVO-007011,OPP-002941,lead,2026-01-14,VEN-007
EVO-007012,OPP-002943,lead,2026-01-14,VEN-001
EVO-007013,OPP-002946,lead,2026-01-14,VEN-004
EVO-007014,OPP-002947,lead,2026-01-14,VEN-007
EVO-007015,OPP-002947,contactado,2026-01-14,VEN-007
EVO-007016,OPP-002949,lead,2026-01-14,VEN-002
EVO-007017,OPP-002953,contactado,2026-01-14,VEN-010
EVO-007018,OPP-002858,calificado,2026-01-15,VEN-002
EVO-007019,OPP-002879,propuesta,2026-01-15,VEN-002
EVO-007020,OPP-002905,lead,2026-01-15,VEN-011
EVO-007021,OPP-002905,contactado,2026-01-15,VEN-011
EVO-007022,OPP-002913,contactado,2026-01-15,VEN-002
EVO-007023,OPP-002915,lead,2026-01-15,VEN-004
EVO-007024,OPP-002916,lead,2026-01-15,VEN-010
EVO-007025,OPP-002917,lead,2026-01-15,VEN-009
EVO-007026,OPP-002917,contactado,2026-01-15,VEN-009
EVO-007027,OPP-002920,lead,2026-01-15,VEN-011
EVO-007028,OPP-002926,lead,2026-01-15,VEN-003
EVO-007029,OPP-002931,lead,2026-01-15,VEN-010
EVO-007030,OPP-002931,contactado,2026-01-15,VEN-010
EVO-007031,OPP-002934,lead,2026-01-15,VEN-003
EVO-007032,OPP-002937,contactado,2026-01-15,VEN-001
EVO-007033,OPP-002937,calificado,2026-01-15,VEN-001
EVO-007034,OPP-002937,propuesta,2026-01-15,VEN-001
EVO-007035,OPP-002938,calificado,2026-01-15,VEN-010
EVO-007036,OPP-002941,contactado,2026-01-15,VEN-007
EVO-007037,OPP-002942,contactado,2026-01-15,VEN-002
EVO-007038,OPP-002947,calificado,2026-01-15,VEN-007
EVO-007039,OPP-002948,contactado,2026-01-15,VEN-006
EVO-007040,OPP-002952,contactado,2026-01-15,VEN-012
EVO-007041,OPP-002953,calificado,2026-01-15,VEN-010
EVO-007042,OPP-002907,lead,2026-01-16,VEN-010
EVO-007043,OPP-002914,calificado,2026-01-16,VEN-001
EVO-007044,OPP-002918,lead,2026-01-16,VEN-010
EVO-007045,OPP-002922,lead,2026-01-16,VEN-007
EVO-007046,OPP-002925,lead,2026-01-16,VEN-005
EVO-007047,OPP-002927,contactado,2026-01-16,VEN-012
EVO-007048,OPP-002929,contactado,2026-01-16,VEN-003
EVO-007049,OPP-002929,calificado,2026-01-16,VEN-003
EVO-007050,OPP-002930,lead,2026-01-16,VEN-002
EVO-007051,OPP-002932,calificado,2026-01-16,VEN-011
EVO-007052,OPP-002933,lead,2026-01-16,VEN-004
EVO-007053,OPP-002933,contactado,2026-01-16,VEN-004
EVO-007054,OPP-002936,calificado,2026-01-16,VEN-002
EVO-007055,OPP-002944,lead,2026-01-16,VEN-010
EVO-007056,OPP-002945,lead,2026-01-16,VEN-003
EVO-007057,OPP-002950,lead,2026-01-16,VEN-001
EVO-007058,OPP-002951,lead,2026-01-16,VEN-011
EVO-007059,OPP-002905,calificado,2026-01-17,VEN-011
EVO-007060,OPP-002913,calificado,2026-01-17,VEN-002
EVO-007061,OPP-002917,calificado,2026-01-17,VEN-009
EVO-007062,OPP-002917,propuesta,2026-01-17,VEN-009
EVO-007063,OPP-002917,cierre,2026-01-17,VEN-009
EVO-007064,OPP-002921,contactado,2026-01-17,VEN-006
EVO-007065,OPP-002926,contactado,2026-01-17,VEN-003
EVO-007066,OPP-002942,calificado,2026-01-17,VEN-002
EVO-007067,OPP-002945,contactado,2026-01-17,VEN-003
EVO-007068,OPP-002945,calificado,2026-01-17,VEN-003
EVO-007069,OPP-002946,contactado,2026-01-17,VEN-004
EVO-007070,OPP-002948,calificado,2026-01-17,VEN-006
EVO-007071,OPP-002951,contactado,2026-01-17,VEN-011
EVO-007072,OPP-002951,calificado,2026-01-17,VEN-011
EVO-007073,OPP-002918,contactado,2026-01-18,VEN-010
EVO-007074,OPP-002931,calificado,2026-01-18,VEN-010
EVO-007075,OPP-002937,cierre,2026-01-18,VEN-001
EVO-007076,OPP-002918,calificado,2026-01-19,VEN-010
EVO-007077,OPP-002925,contactado,2026-01-19,VEN-005
EVO-007078,OPP-002930,contactado,2026-01-19,VEN-002
EVO-007079,OPP-002944,contactado,2026-01-19,VEN-010
EVO-007080,OPP-002955,lead,2026-01-19,VEN-010
EVO-007081,OPP-002956,lead,2026-01-19,VEN-012
EVO-007082,OPP-002957,lead,2026-01-19,VEN-009
EVO-007083,OPP-002960,lead,2026-01-19,VEN-002
EVO-007084,OPP-002969,lead,2026-01-19,VEN-010
EVO-007085,OPP-002973,lead,2026-01-19,VEN-003
EVO-007086,OPP-002973,contactado,2026-01-19,VEN-003
EVO-007087,OPP-002979,lead,2026-01-19,VEN-007
EVO-007088,OPP-002980,lead,2026-01-19,VEN-011
EVO-007089,OPP-002986,lead,2026-01-19,VEN-005
EVO-007090,OPP-002988,lead,2026-01-19,VEN-002
EVO-007091,OPP-002988,contactado,2026-01-19,VEN-002
EVO-007092,OPP-002991,lead,2026-01-19,VEN-004
EVO-007093,OPP-002995,lead,2026-01-19,VEN-003
EVO-007094,OPP-002997,lead,2026-01-19,VEN-004
EVO-007095,OPP-003003,lead,2026-01-19,VEN-005
EVO-007096,OPP-002918,propuesta,2026-01-20,VEN-010
EVO-007097,OPP-002946,calificado,2026-01-20,VEN-004
EVO-007098,OPP-002956,contactado,2026-01-20,VEN-012
EVO-007099,OPP-002958,lead,2026-01-20,VEN-003
EVO-007100,OPP-002962,lead,2026-01-20,VEN-012
EVO-007101,OPP-002970,lead,2026-01-20,VEN-002
EVO-007102,OPP-002970,contactado,2026-01-20,VEN-002
EVO-007103,OPP-002971,lead,2026-01-20,VEN-009
EVO-007104,OPP-002976,lead,2026-01-20,VEN-008
EVO-007105,OPP-002978,lead,2026-01-20,VEN-008
EVO-007106,OPP-002980,contactado,2026-01-20,VEN-011
EVO-007107,OPP-002983,lead,2026-01-20,VEN-004
EVO-007108,OPP-002986,contactado,2026-01-20,VEN-005
EVO-007109,OPP-002993,lead,2026-01-20,VEN-010
EVO-007110,OPP-002996,lead,2026-01-20,VEN-006
EVO-007111,OPP-002999,lead,2026-01-20,VEN-001
EVO-007112,OPP-002931,propuesta,2026-01-21,VEN-010
EVO-007113,OPP-002959,lead,2026-01-21,VEN-012
EVO-007114,OPP-002959,contactado,2026-01-21,VEN-012
EVO-007115,OPP-002963,lead,2026-01-21,VEN-012
EVO-007116,OPP-002964,lead,2026-01-21,VEN-006
EVO-007117,OPP-002964,contactado,2026-01-21,VEN-006
EVO-007118,OPP-002967,lead,2026-01-21,VEN-008
EVO-007119,OPP-002967,contactado,2026-01-21,VEN-008
EVO-007120,OPP-002968,lead,2026-01-21,VEN-007
EVO-007121,OPP-002972,lead,2026-01-21,VEN-002
EVO-007122,OPP-002973,calificado,2026-01-21,VEN-003
EVO-007123,OPP-002981,lead,2026-01-21,VEN-006
EVO-007124,OPP-002984,lead,2026-01-21,VEN-001
EVO-007125,OPP-002997,contactado,2026-01-21,VEN-004
EVO-007126,OPP-002997,calificado,2026-01-21,VEN-004
EVO-007127,OPP-003001,lead,2026-01-21,VEN-006
EVO-007128,OPP-003002,lead,2026-01-21,VEN-010
EVO-007129,OPP-002944,calificado,2026-01-22,VEN-010
EVO-007130,OPP-002954,lead,2026-01-22,VEN-004
EVO-007131,OPP-002958,contactado,2026-01-22,VEN-003
EVO-007132,OPP-002960,contactado,2026-01-22,VEN-002
EVO-007133,OPP-002962,contactado,2026-01-22,VEN-012
EVO-007134,OPP-002965,lead,2026-01-22,VEN-007
EVO-007135,OPP-002971,contactado,2026-01-22,VEN-009
EVO-007136,OPP-002972,contactado,2026-01-22,VEN-002
EVO-007137,OPP-002974,lead,2026-01-22,VEN-002
EVO-007138,OPP-002974,contactado,2026-01-22,VEN-002
EVO-007139,OPP-002974,calificado,2026-01-22,VEN-002
EVO-007140,OPP-002975,lead,2026-01-22,VEN-012
EVO-007141,OPP-002977,lead,2026-01-22,VEN-011
EVO-007142,OPP-002977,contactado,2026-01-22,VEN-011
EVO-007143,OPP-002982,lead,2026-01-22,VEN-006
EVO-007144,OPP-002983,contactado,2026-01-22,VEN-004
EVO-007145,OPP-002984,contactado,2026-01-22,VEN-001
EVO-007146,OPP-002989,lead,2026-01-22,VEN-001
EVO-007147,OPP-002989,contactado,2026-01-22,VEN-001
EVO-007148,OPP-002989,calificado,2026-01-22,VEN-001
EVO-007149,OPP-002991,contactado,2026-01-22,VEN-004
EVO-007150,OPP-002991,calificado,2026-01-22,VEN-004
EVO-007151,OPP-002992,lead,2026-01-22,VEN-008
EVO-007152,OPP-002996,contactado,2026-01-22,VEN-006
EVO-007153,OPP-002998,lead,2026-01-22,VEN-006
EVO-007154,OPP-002999,contactado,2026-01-22,VEN-001
EVO-007155,OPP-003003,contactado,2026-01-22,VEN-005
EVO-007156,OPP-003003,calificado,2026-01-22,VEN-005
EVO-007157,OPP-002954,contactado,2026-01-23,VEN-004
EVO-007158,OPP-002961,lead,2026-01-23,VEN-002
EVO-007159,OPP-002965,contactado,2026-01-23,VEN-007
EVO-007160,OPP-002966,lead,2026-01-23,VEN-010
EVO-007161,OPP-002967,calificado,2026-01-23,VEN-008
EVO-007162,OPP-002976,contactado,2026-01-23,VEN-008
EVO-007163,OPP-002980,calificado,2026-01-23,VEN-011
EVO-007164,OPP-002982,contactado,2026-01-23,VEN-006
EVO-007165,OPP-002984,calificado,2026-01-23,VEN-001
EVO-007166,OPP-002985,lead,2026-01-23,VEN-006
EVO-007167,OPP-002987,lead,2026-01-23,VEN-011
EVO-007168,OPP-002990,lead,2026-01-23,VEN-003
EVO-007169,OPP-002994,lead,2026-01-23,VEN-002
EVO-007170,OPP-003000,lead,2026-01-23,VEN-011
EVO-007171,OPP-003001,contactado,2026-01-23,VEN-006
EVO-007172,OPP-003001,calificado,2026-01-23,VEN-006
EVO-007173,OPP-002944,propuesta,2026-01-24,VEN-010
EVO-007174,OPP-002958,calificado,2026-01-24,VEN-003
EVO-007175,OPP-002960,calificado,2026-01-24,VEN-002
EVO-007176,OPP-002966,contactado,2026-01-24,VEN-010
EVO-007177,OPP-002987,contactado,2026-01-24,VEN-011
EVO-007178,OPP-002987,calificado,2026-01-24,VEN-011
EVO-007179,OPP-003000,contactado,2026-01-24,VEN-011
EVO-007180,OPP-002971,calificado,2026-01-25,VEN-009
EVO-007181,OPP-002972,calificado,2026-01-25,VEN-002
EVO-007182,OPP-002975,contactado,2026-01-25,VEN-012
EVO-007183,OPP-002980,propuesta,2026-01-25,VEN-011
EVO-007184,OPP-002994,contactado,2026-01-25,VEN-002
EVO-007185,OPP-002994,calificado,2026-01-25,VEN-002
EVO-007186,OPP-002996,calificado,2026-01-25,VEN-006
EVO-007187,OPP-002998,contactado,2026-01-25,VEN-006
EVO-007188,OPP-002958,propuesta,2026-01-26,VEN-003
EVO-007189,OPP-002961,contactado,2026-01-26,VEN-002
EVO-007190,OPP-002966,calificado,2026-01-26,VEN-010
EVO-007191,OPP-002976,calificado,2026-01-26,VEN-008
EVO-007192,OPP-002982,calificado,2026-01-26,VEN-006
EVO-007193,OPP-002982,propuesta,2026-01-26,VEN-006
EVO-007194,OPP-002985,contactado,2026-01-26,VEN-006
EVO-007195,OPP-002990,contactado,2026-01-26,VEN-003
EVO-007196,OPP-002990,calificado,2026-01-26,VEN-003
EVO-007197,OPP-002998,calificado,2026-01-26,VEN-006
EVO-007198,OPP-003001,propuesta,2026-01-26,VEN-006
EVO-007199,OPP-003017,lead,2026-01-26,VEN-009
EVO-007200,OPP-003022,lead,2026-01-26,VEN-005
EVO-007201,OPP-003024,lead,2026-01-26,VEN-007
EVO-007202,OPP-003030,lead,2026-01-26,VEN-011
EVO-007203,OPP-003033,lead,2026-01-26,VEN-009
EVO-007204,OPP-003035,lead,2026-01-26,VEN-011
EVO-007205,OPP-003040,lead,2026-01-26,VEN-002
EVO-007206,OPP-003043,lead,2026-01-26,VEN-010
EVO-007207,OPP-003045,lead,2026-01-26,VEN-008
EVO-007208,OPP-003046,lead,2026-01-26,VEN-008
EVO-007209,OPP-003048,lead,2026-01-26,VEN-004
EVO-007210,OPP-003050,lead,2026-01-26,VEN-010
EVO-007211,OPP-003058,lead,2026-01-26,VEN-009
EVO-007212,OPP-002990,propuesta,2026-01-27,VEN-003
EVO-007213,OPP-003009,lead,2026-01-27,VEN-005
EVO-007214,OPP-003017,contactado,2026-01-27,VEN-009
EVO-007215,OPP-003019,lead,2026-01-27,VEN-011
EVO-007216,OPP-003020,lead,2026-01-27,VEN-012
EVO-007217,OPP-003021,lead,2026-01-27,VEN-004
EVO-007218,OPP-003021,contactado,2026-01-27,VEN-004
EVO-007219,OPP-003026,lead,2026-01-27,VEN-004
EVO-007220,OPP-003031,lead,2026-01-27,VEN-011
EVO-007221,OPP-003033,contactado,2026-01-27,VEN-009
EVO-007222,OPP-003033,calificado,2026-01-27,VEN-009
EVO-007223,OPP-003034,lead,2026-01-27,VEN-009
EVO-007224,OPP-003037,lead,2026-01-27,VEN-010
EVO-007225,OPP-003037,contactado,2026-01-27,VEN-010
EVO-007226,OPP-003037,calificado,2026-01-27,VEN-010
EVO-007227,OPP-003039,lead,2026-01-27,VEN-012
EVO-007228,OPP-003049,lead,2026-01-27,VEN-012
EVO-007229,OPP-003049,contactado,2026-01-27,VEN-012
EVO-007230,OPP-003050,contactado,2026-01-27,VEN-010
EVO-007231,OPP-003053,lead,2026-01-27,VEN-010
EVO-007232,OPP-003055,lead,2026-01-27,VEN-005
EVO-007233,OPP-003059,lead,2026-01-27,VEN-003
EVO-007234,OPP-003007,lead,2026-01-28,VEN-004
EVO-007235,OPP-003007,contactado,2026-01-28,VEN-004
EVO-007236,OPP-003009,contactado,2026-01-28,VEN-005
EVO-007237,OPP-003012,lead,2026-01-28,VEN-001
EVO-007238,OPP-003015,lead,2026-01-28,VEN-006
EVO-007239,OPP-003019,contactado,2026-01-28,VEN-011
EVO-007240,OPP-003026,contactado,2026-01-28,VEN-004
EVO-007241,OPP-003027,lead,2026-01-28,VEN-010
EVO-007242,OPP-003028,lead,2026-01-28,VEN-007
EVO-007243,OPP-003028,contactado,2026-01-28,VEN-007
EVO-007244,OPP-003028,calificado,2026-01-28,VEN-007
EVO-007245,OPP-003029,lead,2026-01-28,VEN-008
EVO-007246,OPP-003030,contactado,2026-01-28,VEN-011
EVO-007247,OPP-003030,calificado,2026-01-28,VEN-011
EVO-007248,OPP-003037,propuesta,2026-01-28,VEN-010
EVO-007249,OPP-003041,lead,2026-01-28,VEN-002
EVO-007250,OPP-003042,lead,2026-01-28,VEN-008
EVO-007251,OPP-003044,lead,2026-01-28,VEN-009
EVO-007252,OPP-003052,lead,2026-01-28,VEN-010
EVO-007253,OPP-003057,lead,2026-01-28,VEN-002
EVO-007254,OPP-003057,contactado,2026-01-28,VEN-002
EVO-007255,OPP-003062,lead,2026-01-28,VEN-012
EVO-007256,OPP-003063,lead,2026-01-28,VEN-010
EVO-007257,OPP-002961,calificado,2026-01-29,VEN-002
EVO-007258,OPP-003006,lead,2026-01-29,VEN-006
EVO-007259,OPP-003008,lead,2026-01-29,VEN-008
EVO-007260,OPP-003010,lead,2026-01-29,VEN-009
EVO-007261,OPP-003011,lead,2026-01-29,VEN-008
EVO-007262,OPP-003013,lead,2026-01-29,VEN-008
EVO-007263,OPP-003016,lead,2026-01-29,VEN-001
EVO-007264,OPP-003022,contactado,2026-01-29,VEN-005
EVO-007265,OPP-003023,lead,2026-01-29,VEN-002
EVO-007266,OPP-003025,lead,2026-01-29,VEN-010
EVO-007267,OPP-003029,contactado,2026-01-29,VEN-008
EVO-007268,OPP-003031,contactado,2026-01-29,VEN-011
EVO-007269,OPP-003032,lead,2026-01-29,VEN-003
EVO-007270,OPP-003034,contactado,2026-01-29,VEN-009
EVO-007271,OPP-003034,calificado,2026-01-29,VEN-009
EVO-007272,OPP-003038,lead,2026-01-29,VEN-009
EVO-007273,OPP-003044,contactado,2026-01-29,VEN-009
EVO-007274,OPP-003045,contactado,2026-01-29,VEN-008
EVO-007275,OPP-003045,calificado,2026-01-29,VEN-008
EVO-007276,OPP-003047,lead,2026-01-29,VEN-010
EVO-007277,OPP-003050,calificado,2026-01-29,VEN-010
EVO-007278,OPP-003054,lead,2026-01-29,VEN-004
EVO-007279,OPP-003055,contactado,2026-01-29,VEN-005
EVO-007280,OPP-003058,contactado,2026-01-29,VEN-009
EVO-007281,OPP-003063,contactado,2026-01-29,VEN-010
EVO-007282,OPP-003004,lead,2026-01-30,VEN-007
EVO-007283,OPP-003005,lead,2026-01-30,VEN-006
EVO-007284,OPP-003005,contactado,2026-01-30,VEN-006
EVO-007285,OPP-003009,calificado,2026-01-30,VEN-005
EVO-007286,OPP-003010,contactado,2026-01-30,VEN-009
EVO-007287,OPP-003013,contactado,2026-01-30,VEN-008
EVO-007288,OPP-003014,lead,2026-01-30,VEN-005
EVO-007289,OPP-003016,contactado,2026-01-30,VEN-001
EVO-007290,OPP-003018,lead,2026-01-30,VEN-005
EVO-007291,OPP-003020,contactado,2026-01-30,VEN-012
EVO-007292,OPP-003023,contactado,2026-01-30,VEN-002
EVO-007293,OPP-003026,calificado,2026-01-30,VEN-004
EVO-007294,OPP-003030,propuesta,2026-01-30,VEN-011
EVO-007295,OPP-003036,lead,2026-01-30,VEN-003
EVO-007296,OPP-003036,contactado,2026-01-30,VEN-003
EVO-007297,OPP-003036,calificado,2026-01-30,VEN-003
EVO-007298,OPP-003038,contactado,2026-01-30,VEN-009
EVO-007299,OPP-003042,contactado,2026-01-30,VEN-008
EVO-007300,OPP-003051,lead,2026-01-30,VEN-001
EVO-007301,OPP-003056,lead,2026-01-30,VEN-010
EVO-007302,OPP-003056,contactado,2026-01-30,VEN-010
EVO-007303,OPP-003056,calificado,2026-01-30,VEN-010
EVO-007304,OPP-003060,lead,2026-01-30,VEN-002
EVO-007305,OPP-003061,lead,2026-01-30,VEN-001
EVO-007306,OPP-003062,contactado,2026-01-30,VEN-012
EVO-007307,OPP-003005,calificado,2026-01-31,VEN-006
EVO-007308,OPP-003011,contactado,2026-01-31,VEN-008
EVO-007309,OPP-003012,contactado,2026-01-31,VEN-001
EVO-007310,OPP-003027,contactado,2026-01-31,VEN-010
EVO-007311,OPP-003027,calificado,2026-01-31,VEN-010
EVO-007312,OPP-003045,propuesta,2026-01-31,VEN-008
EVO-007313,OPP-003057,calificado,2026-01-31,VEN-002
EVO-007314,OPP-003060,contactado,2026-01-31,VEN-002
EVO-007315,OPP-003060,calificado,2026-01-31,VEN-002
EVO-007316,OPP-003061,contactado,2026-01-31,VEN-001
EVO-007317,OPP-003010,calificado,2026-02-01,VEN-009
EVO-007318,OPP-003012,calificado,2026-02-01,VEN-001
EVO-007319,OPP-003051,contactado,2026-02-01,VEN-001
EVO-007320,OPP-003057,propuesta,2026-02-01,VEN-002
EVO-007321,OPP-003063,calificado,2026-02-01,VEN-010
EVO-007322,OPP-003005,propuesta,2026-02-02,VEN-006
EVO-007323,OPP-003014,contactado,2026-02-02,VEN-005
EVO-007324,OPP-003061,calificado,2026-02-02,VEN-001
EVO-007325,OPP-003065,lead,2026-02-02,VEN-009
EVO-007326,OPP-003065,contactado,2026-02-02,VEN-009
EVO-007327,OPP-003067,lead,2026-02-02,VEN-005
EVO-007328,OPP-003067,contactado,2026-02-02,VEN-005
EVO-007329,OPP-003072,lead,2026-02-02,VEN-007
EVO-007330,OPP-003072,contactado,2026-02-02,VEN-007
EVO-007331,OPP-003077,lead,2026-02-02,VEN-007
EVO-007332,OPP-003087,lead,2026-02-02,VEN-005
EVO-007333,OPP-003088,lead,2026-02-02,VEN-007
EVO-007334,OPP-003089,lead,2026-02-02,VEN-009
EVO-007335,OPP-003095,lead,2026-02-02,VEN-010
EVO-007336,OPP-003097,lead,2026-02-02,VEN-009
EVO-007337,OPP-003098,lead,2026-02-02,VEN-010
EVO-007338,OPP-003105,lead,2026-02-02,VEN-005
EVO-007339,OPP-003107,lead,2026-02-02,VEN-008
EVO-007340,OPP-003108,lead,2026-02-02,VEN-006
EVO-007341,OPP-003051,calificado,2026-02-03,VEN-001
EVO-007342,OPP-003067,calificado,2026-02-03,VEN-005
EVO-007343,OPP-003075,lead,2026-02-03,VEN-004
EVO-007344,OPP-003079,lead,2026-02-03,VEN-008
EVO-007345,OPP-003081,lead,2026-02-03,VEN-006
EVO-007346,OPP-003081,contactado,2026-02-03,VEN-006
EVO-007347,OPP-003084,lead,2026-02-03,VEN-008
EVO-007348,OPP-003084,contactado,2026-02-03,VEN-008
EVO-007349,OPP-003084,calificado,2026-02-03,VEN-008
EVO-007350,OPP-003087,contactado,2026-02-03,VEN-005
EVO-007351,OPP-003092,lead,2026-02-03,VEN-006
EVO-007352,OPP-003095,contactado,2026-02-03,VEN-010
EVO-007353,OPP-003096,lead,2026-02-03,VEN-011
EVO-007354,OPP-003103,lead,2026-02-03,VEN-010
EVO-007355,OPP-003109,lead,2026-02-03,VEN-012
EVO-007356,OPP-003014,calificado,2026-02-04,VEN-005
EVO-007357,OPP-003061,propuesta,2026-02-04,VEN-001
EVO-007358,OPP-003061,cierre,2026-02-04,VEN-001
EVO-007359,OPP-003070,lead,2026-02-04,VEN-004
EVO-007360,OPP-003073,lead,2026-02-04,VEN-007
EVO-007361,OPP-003081,calificado,2026-02-04,VEN-006
EVO-007362,OPP-003082,lead,2026-02-04,VEN-001
EVO-007363,OPP-003087,calificado,2026-02-04,VEN-005
EVO-007364,OPP-003089,contactado,2026-02-04,VEN-009
EVO-007365,OPP-003095,calificado,2026-02-04,VEN-010
EVO-007366,OPP-003097,contactado,2026-02-04,VEN-009
EVO-007367,OPP-003100,lead,2026-02-04,VEN-008
EVO-007368,OPP-003101,lead,2026-02-04,VEN-012
EVO-007369,OPP-003102,lead,2026-02-04,VEN-001
EVO-007370,OPP-003106,lead,2026-02-04,VEN-006
EVO-007371,OPP-003109,contactado,2026-02-04,VEN-012
EVO-007372,OPP-003051,propuesta,2026-02-05,VEN-001
EVO-007373,OPP-003064,lead,2026-02-05,VEN-008
EVO-007374,OPP-003064,contactado,2026-02-05,VEN-008
EVO-007375,OPP-003069,lead,2026-02-05,VEN-004
EVO-007376,OPP-003070,contactado,2026-02-05,VEN-004
EVO-007377,OPP-003072,calificado,2026-02-05,VEN-007
EVO-007378,OPP-003077,contactado,2026-02-05,VEN-007
EVO-007379,OPP-003078,lead,2026-02-05,VEN-008
EVO-007380,OPP-003080,lead,2026-02-05,VEN-003
EVO-007381,OPP-003080,contactado,2026-02-05,VEN-003
EVO-007382,OPP-003084,propuesta,2026-02-05,VEN-008
EVO-007383,OPP-003084,cierre,2026-02-05,VEN-008
EVO-007384,OPP-003085,lead,2026-02-05,VEN-002
EVO-007385,OPP-003085,contactado,2026-02-05,VEN-002
EVO-007386,OPP-003089,calificado,2026-02-05,VEN-009
EVO-007387,OPP-003091,lead,2026-02-05,VEN-012
EVO-007388,OPP-003091,contactado,2026-02-05,VEN-012
EVO-007389,OPP-003096,contactado,2026-02-05,VEN-011
EVO-007390,OPP-003099,lead,2026-02-05,VEN-004
EVO-007391,OPP-003100,contactado,2026-02-05,VEN-008
EVO-007392,OPP-003100,calificado,2026-02-05,VEN-008
EVO-007393,OPP-003101,contactado,2026-02-05,VEN-012
EVO-007394,OPP-003102,contactado,2026-02-05,VEN-001
EVO-007395,OPP-003104,lead,2026-02-05,VEN-006
EVO-007396,OPP-003105,contactado,2026-02-05,VEN-005
EVO-007397,OPP-003066,lead,2026-02-06,VEN-002
EVO-007398,OPP-003068,lead,2026-02-06,VEN-004
EVO-007399,OPP-003069,contactado,2026-02-06,VEN-004
EVO-007400,OPP-003069,calificado,2026-02-06,VEN-004
EVO-007401,OPP-003071,lead,2026-02-06,VEN-011
EVO-007402,OPP-003074,lead,2026-02-06,VEN-001
EVO-007403,OPP-003075,contactado,2026-02-06,VEN-004
EVO-007404,OPP-003076,lead,2026-02-06,VEN-003
EVO-007405,OPP-003077,calificado,2026-02-06,VEN-007
EVO-007406,OPP-003078,contactado,2026-02-06,VEN-008
EVO-007407,OPP-003083,lead,2026-02-06,VEN-008
EVO-007408,OPP-003086,lead,2026-02-06,VEN-010
EVO-007409,OPP-003090,lead,2026-02-06,VEN-011
EVO-007410,OPP-003091,calificado,2026-02-06,VEN-012
EVO-007411,OPP-003093,lead,2026-02-06,VEN-011
EVO-007412,OPP-003094,lead,2026-02-06,VEN-003
EVO-007413,OPP-003104,contactado,2026-02-06,VEN-006
EVO-007414,OPP-003104,calificado,2026-02-06,VEN-006
EVO-007415,OPP-003068,contactado,2026-02-07,VEN-004
EVO-007416,OPP-003070,calificado,2026-02-07,VEN-004
EVO-007417,OPP-003075,calificado,2026-02-07,VEN-004
EVO-007418,OPP-003080,calificado,2026-02-07,VEN-003
EVO-007419,OPP-003083,contactado,2026-02-07,VEN-008
EVO-007420,OPP-003085,calificado,2026-02-07,VEN-002
EVO-007421,OPP-003085,propuesta,2026-02-07,VEN-002
EVO-007422,OPP-003096,calificado,2026-02-07,VEN-011
EVO-007423,OPP-003105,calificado,2026-02-07,VEN-005
EVO-007424,OPP-003109,calificado,2026-02-07,VEN-012
EVO-007425,OPP-003071,contactado,2026-02-08,VEN-011
EVO-007426,OPP-003074,contactado,2026-02-08,VEN-001
EVO-007427,OPP-003078,calificado,2026-02-08,VEN-008
EVO-007428,OPP-003083,calificado,2026-02-08,VEN-008
EVO-007429,OPP-003090,contactado,2026-02-08,VEN-011
EVO-007430,OPP-003100,propuesta,2026-02-08,VEN-008
EVO-007431,OPP-003066,contactado,2026-02-09,VEN-002
EVO-007432,OPP-003068,calificado,2026-02-09,VEN-004
EVO-007433,OPP-003093,contactado,2026-02-09,VEN-011
EVO-007434,OPP-003093,calificado,2026-02-09,VEN-011
EVO-007435,OPP-003094,contactado,2026-02-09,VEN-003
EVO-007436,OPP-003110,lead,2026-02-09,VEN-005
EVO-007437,OPP-003113,lead,2026-02-09,VEN-004
EVO-007438,OPP-003125,lead,2026-02-09,VEN-012
EVO-007439,OPP-003125,contactado,2026-02-09,VEN-012
EVO-007440,OPP-003125,calificado,2026-02-09,VEN-012
EVO-007441,OPP-003131,lead,2026-02-09,VEN-007
EVO-007442,OPP-003131,contactado,2026-02-09,VEN-007
EVO-007443,OPP-003149,lead,2026-02-09,VEN-003
EVO-007444,OPP-003155,lead,2026-02-09,VEN-004
EVO-007445,OPP-003157,lead,2026-02-09,VEN-004
EVO-007446,OPP-003158,lead,2026-02-09,VEN-004
EVO-007447,OPP-003159,lead,2026-02-09,VEN-012
EVO-007448,OPP-003159,contactado,2026-02-09,VEN-012
EVO-007449,OPP-003162,lead,2026-02-09,VEN-003
EVO-007450,OPP-003070,propuesta,2026-02-10,VEN-004
EVO-007451,OPP-003110,contactado,2026-02-10,VEN-005
EVO-007452,OPP-003116,lead,2026-02-10,VEN-004
EVO-007453,OPP-003117,lead,2026-02-10,VEN-010
EVO-007454,OPP-003117,contactado,2026-02-10,VEN-010
EVO-007455,OPP-003118,lead,2026-02-10,VEN-008
EVO-007456,OPP-003118,contactado,2026-02-10,VEN-008
EVO-007457,OPP-003122,lead,2026-02-10,VEN-009
EVO-007458,OPP-003123,lead,2026-02-10,VEN-005
EVO-007459,OPP-003123,contactado,2026-02-10,VEN-005
EVO-007460,OPP-003130,lead,2026-02-10,VEN-010
EVO-007461,OPP-003132,lead,2026-02-10,VEN-010
EVO-007462,OPP-003132,contactado,2026-02-10,VEN-010
EVO-007463,OPP-003136,lead,2026-02-10,VEN-009
EVO-007464,OPP-003138,lead,2026-02-10,VEN-005
EVO-007465,OPP-003139,lead,2026-02-10,VEN-010
EVO-007466,OPP-003140,lead,2026-02-10,VEN-005
EVO-007467,OPP-003142,lead,2026-02-10,VEN-012
EVO-007468,OPP-003147,lead,2026-02-10,VEN-003
EVO-007469,OPP-003149,contactado,2026-02-10,VEN-003
EVO-007470,OPP-003154,lead,2026-02-10,VEN-006
EVO-007471,OPP-003156,lead,2026-02-10,VEN-011
EVO-007472,OPP-003156,contactado,2026-02-10,VEN-011
EVO-007473,OPP-003158,contactado,2026-02-10,VEN-004
EVO-007474,OPP-003160,lead,2026-02-10,VEN-004
EVO-007475,OPP-003167,lead,2026-02-10,VEN-002
EVO-007476,OPP-003170,lead,2026-02-10,VEN-002
EVO-007477,OPP-003070,cierre,2026-02-11,VEN-004
EVO-007478,OPP-003071,calificado,2026-02-11,VEN-011
EVO-007479,OPP-003071,propuesta,2026-02-11,VEN-011
EVO-007480,OPP-003083,propuesta,2026-02-11,VEN-008
EVO-007481,OPP-003112,lead,2026-02-11,VEN-012
EVO-007482,OPP-003115,lead,2026-02-11,VEN-011
EVO-007483,OPP-003115,contactado,2026-02-11,VEN-011
EVO-007484,OPP-003115,calificado,2026-02-11,VEN-011
EVO-007485,OPP-003128,lead,2026-02-11,VEN-003
EVO-007486,OPP-003135,lead,2026-02-11,VEN-003
EVO-007487,OPP-003138,contactado,2026-02-11,VEN-005
EVO-007488,OPP-003141,lead,2026-02-11,VEN-006
EVO-007489,OPP-003146,lead,2026-02-11,VEN-005
EVO-007490,OPP-003147,contactado,2026-02-11,VEN-003
EVO-007491,OPP-003151,lead,2026-02-11,VEN-008
EVO-007492,OPP-003154,contactado,2026-02-11,VEN-006
EVO-007493,OPP-003160,contactado,2026-02-11,VEN-004
EVO-007494,OPP-003163,lead,2026-02-11,VEN-005
EVO-007495,OPP-003164,lead,2026-02-11,VEN-002
EVO-007496,OPP-003170,contactado,2026-02-11,VEN-002
EVO-007497,OPP-003094,calificado,2026-02-12,VEN-003
EVO-007498,OPP-003112,contactado,2026-02-12,VEN-012
EVO-007499,OPP-003113,contactado,2026-02-12,VEN-004
EVO-007500,OPP-003120,lead,2026-02-12,VEN-002
EVO-007501,OPP-003120,contactado,2026-02-12,VEN-002
EVO-007502,OPP-003121,lead,2026-02-12,VEN-006
EVO-007503,OPP-003121,contactado,2026-02-12,VEN-006
EVO-007504,OPP-003121,calificado,2026-02-12,VEN-006
EVO-007505,OPP-003122,contactado,2026-02-12,VEN-009
EVO-007506,OPP-003126,lead,2026-02-12,VEN-003
EVO-007507,OPP-003127,lead,2026-02-12,VEN-001
EVO-007508,OPP-003130,contactado,2026-02-12,VEN-010
EVO-007509,OPP-003131,calificado,2026-02-12,VEN-007
EVO-007510,OPP-003132,calificado,2026-02-12,VEN-010
EVO-007511,OPP-003136,contactado,2026-02-12,VEN-009
EVO-007512,OPP-003139,contactado,2026-02-12,VEN-010
EVO-007513,OPP-003140,contactado,2026-02-12,VEN-005
EVO-007514,OPP-003140,calificado,2026-02-12,VEN-005
EVO-007515,OPP-003142,contactado,2026-02-12,VEN-012
EVO-007516,OPP-003142,calificado,2026-02-12,VEN-012
EVO-007517,OPP-003145,lead,2026-02-12,VEN-008
EVO-007518,OPP-003149,calificado,2026-02-12,VEN-003
EVO-007519,OPP-003150,lead,2026-02-12,VEN-003
EVO-007520,OPP-003153,lead,2026-02-12,VEN-008
EVO-007521,OPP-003157,contactado,2026-02-12,VEN-004
EVO-007522,OPP-003157,calificado,2026-02-12,VEN-004
EVO-007523,OPP-003160,calificado,2026-02-12,VEN-004
EVO-007524,OPP-003161,lead,2026-02-12,VEN-006
EVO-007525,OPP-003161,contactado,2026-02-12,VEN-006
EVO-007526,OPP-003162,contactado,2026-02-12,VEN-003
EVO-007527,OPP-003167,contactado,2026-02-12,VEN-002
EVO-007528,OPP-003168,lead,2026-02-12,VEN-006
EVO-007529,OPP-003111,lead,2026-02-13,VEN-007
EVO-007530,OPP-003114,lead,2026-02-13,VEN-004
EVO-007531,OPP-003117,calificado,2026-02-13,VEN-010
EVO-007532,OPP-003119,lead,2026-02-13,VEN-006
EVO-007533,OPP-003120,calificado,2026-02-13,VEN-002
EVO-007534,OPP-003120,propuesta,2026-02-13,VEN-002
EVO-007535,OPP-003124,lead,2026-02-13,VEN-006
EVO-007536,OPP-003124,contactado,2026-02-13,VEN-006
EVO-007537,OPP-003129,lead,2026-02-13,VEN-003
EVO-007538,OPP-003129,contactado,2026-02-13,VEN-003
EVO-007539,OPP-003133,lead,2026-02-13,VEN-003
EVO-007540,OPP-003134,lead,2026-02-13,VEN-007
EVO-007541,OPP-003134,contactado,2026-02-13,VEN-007
EVO-007542,OPP-003134,calificado,2026-02-13,VEN-007
EVO-007543,OPP-003137,lead,2026-02-13,VEN-008
EVO-007544,OPP-003143,lead,2026-02-13,VEN-001
EVO-007545,OPP-003144,lead,2026-02-13,VEN-002
EVO-007546,OPP-003145,contactado,2026-02-13,VEN-008
EVO-007547,OPP-003146,contactado,2026-02-13,VEN-005
EVO-007548,OPP-003147,calificado,2026-02-13,VEN-003
EVO-007549,OPP-003148,lead,2026-02-13,VEN-001
EVO-007550,OPP-003150,contactado,2026-02-13,VEN-003
EVO-007551,OPP-003151,contactado,2026-02-13,VEN-008
EVO-007552,OPP-003152,lead,2026-02-13,VEN-005
EVO-007553,OPP-003153,contactado,2026-02-13,VEN-008
EVO-007554,OPP-003154,calificado,2026-02-13,VEN-006
EVO-007555,OPP-003165,lead,2026-02-13,VEN-003
EVO-007556,OPP-003166,lead,2026-02-13,VEN-003
EVO-007557,OPP-003169,lead,2026-02-13,VEN-005
EVO-007558,OPP-003117,propuesta,2026-02-14,VEN-010
EVO-007559,OPP-003121,propuesta,2026-02-14,VEN-006
EVO-007560,OPP-003128,contactado,2026-02-14,VEN-003
EVO-007561,OPP-003131,propuesta,2026-02-14,VEN-007
EVO-007562,OPP-003132,propuesta,2026-02-14,VEN-010
EVO-007563,OPP-003133,contactado,2026-02-14,VEN-003
EVO-007564,OPP-003146,calificado,2026-02-14,VEN-005
EVO-007565,OPP-003163,contactado,2026-02-14,VEN-005
EVO-007566,OPP-003169,contactado,2026-02-14,VEN-005
EVO-007567,OPP-003119,contactado,2026-02-15,VEN-006
EVO-007568,OPP-003126,contactado,2026-02-15,VEN-003
EVO-007569,OPP-003134,propuesta,2026-02-15,VEN-007
EVO-007570,OPP-003144,contactado,2026-02-15,VEN-002
EVO-007571,OPP-003151,calificado,2026-02-15,VEN-008
EVO-007572,OPP-003153,calificado,2026-02-15,VEN-008
EVO-007573,OPP-003154,propuesta,2026-02-15,VEN-006
EVO-007574,OPP-003165,contactado,2026-02-15,VEN-003
EVO-007575,OPP-003114,contactado,2026-02-16,VEN-004
EVO-007576,OPP-003126,calificado,2026-02-16,VEN-003
EVO-007577,OPP-003137,contactado,2026-02-16,VEN-008
EVO-007578,OPP-003145,calificado,2026-02-16,VEN-008
EVO-007579,OPP-003145,propuesta,2026-02-16,VEN-008
EVO-007580,OPP-003171,lead,2026-02-16,VEN-011
EVO-007581,OPP-003179,lead,2026-02-16,VEN-008
EVO-007582,OPP-003179,contactado,2026-02-16,VEN-008
EVO-007583,OPP-003183,lead,2026-02-16,VEN-008
EVO-007584,OPP-003183,contactado,2026-02-16,VEN-008
EVO-007585,OPP-003194,lead,2026-02-16,VEN-007
EVO-007586,OPP-003203,lead,2026-02-16,VEN-009
EVO-007587,OPP-003218,lead,2026-02-16,VEN-008
EVO-007588,OPP-003121,cierre,2026-02-17,VEN-006
EVO-007589,OPP-003137,calificado,2026-02-17,VEN-008
EVO-007590,OPP-003174,lead,2026-02-17,VEN-006
EVO-007591,OPP-003174,contactado,2026-02-17,VEN-006
EVO-007592,OPP-003175,lead,2026-02-17,VEN-004
EVO-007593,OPP-003175,contactado,2026-02-17,VEN-004
EVO-007594,OPP-003185,lead,2026-02-17,VEN-005
EVO-007595,OPP-003188,lead,2026-02-17,VEN-006
EVO-007596,OPP-003188,contactado,2026-02-17,VEN-006
EVO-007597,OPP-003189,lead,2026-02-17,VEN-001
EVO-007598,OPP-003192,lead,2026-02-17,VEN-006
EVO-007599,OPP-003197,lead,2026-02-17,VEN-006
EVO-007600,OPP-003198,lead,2026-02-17,VEN-009
EVO-007601,OPP-003200,lead,2026-02-17,VEN-001
EVO-007602,OPP-003205,lead,2026-02-17,VEN-010
EVO-007603,OPP-003214,lead,2026-02-17,VEN-001
EVO-007604,OPP-003214,contactado,2026-02-17,VEN-001
EVO-007605,OPP-003217,lead,2026-02-17,VEN-003
EVO-007606,OPP-003219,lead,2026-02-17,VEN-007
EVO-007607,OPP-003219,contactado,2026-02-17,VEN-007
EVO-007608,OPP-003151,propuesta,2026-02-18,VEN-008
EVO-007609,OPP-003151,cierre,2026-02-18,VEN-008
EVO-007610,OPP-003175,calificado,2026-02-18,VEN-004
EVO-007611,OPP-003177,lead,2026-02-18,VEN-008
EVO-007612,OPP-003177,contactado,2026-02-18,VEN-008
EVO-007613,OPP-003178,lead,2026-02-18,VEN-008
EVO-007614,OPP-003179,calificado,2026-02-18,VEN-008
EVO-007615,OPP-003184,lead,2026-02-18,VEN-005
EVO-007616,OPP-003186,lead,2026-02-18,VEN-004
EVO-007617,OPP-003200,contactado,2026-02-18,VEN-001
EVO-007618,OPP-003203,contactado,2026-02-18,VEN-009
EVO-007619,OPP-003206,lead,2026-02-18,VEN-007
EVO-007620,OPP-003207,lead,2026-02-18,VEN-006
EVO-007621,OPP-003209,lead,2026-02-18,VEN-001
EVO-007622,OPP-003210,lead,2026-02-18,VEN-004
EVO-007623,OPP-003215,lead,2026-02-18,VEN-005
EVO-007624,OPP-003172,lead,2026-02-19,VEN-010
EVO-007625,OPP-003172,contactado,2026-02-19,VEN-010
EVO-007626,OPP-003173,lead,2026-02-19,VEN-006
EVO-007627,OPP-003176,lead,2026-02-19,VEN-003
EVO-007628,OPP-003182,lead,2026-02-19,VEN-005
EVO-007629,OPP-003185,contactado,2026-02-19,VEN-005
EVO-007630,OPP-003190,lead,2026-02-19,VEN-005
EVO-007631,OPP-003190,contactado,2026-02-19,VEN-005
EVO-007632,OPP-003193,lead,2026-02-19,VEN-012
EVO-007633,OPP-003194,contactado,2026-02-19,VEN-007
EVO-007634,OPP-003196,lead,2026-02-19,VEN-004
EVO-007635,OPP-003197,contactado,2026-02-19,VEN-006
EVO-007636,OPP-003200,calificado,2026-02-19,VEN-001
EVO-007637,OPP-003201,lead,2026-02-19,VEN-001
EVO-007638,OPP-003213,lead,2026-02-19,VEN-001
EVO-007639,OPP-003214,calificado,2026-02-19,VEN-001
EVO-007640,OPP-003216,lead,2026-02-19,VEN-007
EVO-007641,OPP-003218,contactado,2026-02-19,VEN-008
EVO-007642,OPP-003174,calificado,2026-02-20,VEN-006
EVO-007643,OPP-003177,calificado,2026-02-20,VEN-008
EVO-007644,OPP-003180,lead,2026-02-20,VEN-001
EVO-007645,OPP-003181,lead,2026-02-20,VEN-007
EVO-007646,OPP-003184,contactado,2026-02-20,VEN-005
EVO-007647,OPP-003187,lead,2026-02-20,VEN-008
EVO-007648,OPP-003191,lead,2026-02-20,VEN-010
EVO-007649,OPP-003195,lead,2026-02-20,VEN-012
EVO-007650,OPP-003198,contactado,2026-02-20,VEN-009
EVO-007651,OPP-003199,lead,2026-02-20,VEN-005
EVO-007652,OPP-003202,lead,2026-02-20,VEN-011
EVO-007653,OPP-003202,contactado,2026-02-20,VEN-011
EVO-007654,OPP-003202,calificado,2026-02-20,VEN-011
EVO-007655,OPP-003203,calificado,2026-02-20,VEN-009
EVO-007656,OPP-003204,lead,2026-02-20,VEN-010
EVO-007657,OPP-003204,contactado,2026-02-20,VEN-010
EVO-007658,OPP-003206,contactado,2026-02-20,VEN-007
EVO-007659,OPP-003207,contactado,2026-02-20,VEN-006
EVO-007660,OPP-003208,lead,2026-02-20,VEN-004
EVO-007661,OPP-003211,lead,2026-02-20,VEN-001
EVO-007662,OPP-003212,lead,2026-02-20,VEN-009
EVO-007663,OPP-003217,contactado,2026-02-20,VEN-003
EVO-007664,OPP-003218,calificado,2026-02-20,VEN-008
EVO-007665,OPP-003220,lead,2026-02-20,VEN-003
EVO-007666,OPP-003172,calificado,2026-02-21,VEN-010
EVO-007667,OPP-003173,contactado,2026-02-21,VEN-006
EVO-007668,OPP-003176,contactado,2026-02-21,VEN-003
EVO-007669,OPP-003181,contactado,2026-02-21,VEN-007
EVO-007670,OPP-003184,calificado,2026-02-21,VEN-005
EVO-007671,OPP-003185,calificado,2026-02-21,VEN-005
EVO-007672,OPP-003186,contactado,2026-02-21,VEN-004
EVO-007673,OPP-003187,contactado,2026-02-21,VEN-008
EVO-007674,OPP-003196,contactado,2026-02-21,VEN-004
EVO-007675,OPP-003202,propuesta,2026-02-21,VEN-011
EVO-007676,OPP-003207,calificado,2026-02-21,VEN-006
EVO-007677,OPP-003213,contactado,2026-02-21,VEN-001
EVO-007678,OPP-003173,calificado,2026-02-22,VEN-006
EVO-007679,OPP-003180,contactado,2026-02-22,VEN-001
EVO-007680,OPP-003181,calificado,2026-02-22,VEN-007
EVO-007681,OPP-003185,propuesta,2026-02-22,VEN-005
EVO-007682,OPP-003201,contactado,2026-02-22,VEN-001
EVO-007683,OPP-003201,calificado,2026-02-22,VEN-001
EVO-007684,OPP-003201,propuesta,2026-02-22,VEN-001
EVO-007685,OPP-003201,cierre,2026-02-22,VEN-001
EVO-007686,OPP-003208,contactado,2026-02-22,VEN-004
EVO-007687,OPP-003208,calificado,2026-02-22,VEN-004
EVO-007688,OPP-003211,contactado,2026-02-22,VEN-001
EVO-007689,OPP-003213,calificado,2026-02-22,VEN-001
EVO-007690,OPP-003218,propuesta,2026-02-22,VEN-008
EVO-007691,OPP-003185,cierre,2026-02-23,VEN-005
EVO-007692,OPP-003186,calificado,2026-02-23,VEN-004
EVO-007693,OPP-003195,contactado,2026-02-23,VEN-012
EVO-007694,OPP-003196,calificado,2026-02-23,VEN-004
EVO-007695,OPP-003202,cierre,2026-02-23,VEN-011
EVO-007696,OPP-003206,calificado,2026-02-23,VEN-007
EVO-007697,OPP-003220,contactado,2026-02-23,VEN-003
EVO-007698,OPP-003232,lead,2026-02-23,VEN-012
EVO-007699,OPP-003236,lead,2026-02-23,VEN-006
EVO-007700,OPP-003239,lead,2026-02-23,VEN-006
EVO-007701,OPP-003239,contactado,2026-02-23,VEN-006
EVO-007702,OPP-003258,lead,2026-02-23,VEN-009
EVO-007703,OPP-003259,lead,2026-02-23,VEN-011
EVO-007704,OPP-003259,contactado,2026-02-23,VEN-011
EVO-007705,OPP-003260,lead,2026-02-23,VEN-008
EVO-007706,OPP-003268,lead,2026-02-23,VEN-005
EVO-007707,OPP-003276,lead,2026-02-23,VEN-004
EVO-007708,OPP-003280,lead,2026-02-23,VEN-008
EVO-007709,OPP-003173,propuesta,2026-02-24,VEN-006
EVO-007710,OPP-003184,propuesta,2026-02-24,VEN-005
EVO-007711,OPP-003184,cierre,2026-02-24,VEN-005
EVO-007712,OPP-003218,cierre,2026-02-24,VEN-008
EVO-007713,OPP-003221,lead,2026-02-24,VEN-006
EVO-007714,OPP-003232,contactado,2026-02-24,VEN-012
EVO-007715,OPP-003234,lead,2026-02-24,VEN-004
EVO-007716,OPP-003234,contactado,2026-02-24,VEN-004
EVO-007717,OPP-003234,calificado,2026-02-24,VEN-004
EVO-007718,OPP-003240,lead,2026-02-24,VEN-011
EVO-007719,OPP-003241,lead,2026-02-24,VEN-005
EVO-007720,OPP-003242,lead,2026-02-24,VEN-003
EVO-007721,OPP-003243,lead,2026-02-24,VEN-003
EVO-007722,OPP-003243,contactado,2026-02-24,VEN-003
EVO-007723,OPP-003248,lead,2026-02-24,VEN-004
EVO-007724,OPP-003252,lead,2026-02-24,VEN-007
EVO-007725,OPP-003252,contactado,2026-02-24,VEN-007
EVO-007726,OPP-003253,lead,2026-02-24,VEN-009
EVO-007727,OPP-003254,lead,2026-02-24,VEN-006
EVO-007728,OPP-003262,lead,2026-02-24,VEN-005
EVO-007729,OPP-003263,lead,2026-02-24,VEN-007
EVO-007730,OPP-003265,lead,2026-02-24,VEN-011
EVO-007731,OPP-003266,lead,2026-02-24,VEN-012
EVO-007732,OPP-003267,lead,2026-02-24,VEN-002
EVO-007733,OPP-003274,lead,2026-02-24,VEN-001
EVO-007734,OPP-003274,contactado,2026-02-24,VEN-001
EVO-007735,OPP-003280,contactado,2026-02-24,VEN-008
EVO-007736,OPP-003180,calificado,2026-02-25,VEN-001
EVO-007737,OPP-003225,lead,2026-02-25,VEN-005
EVO-007738,OPP-003226,lead,2026-02-25,VEN-009
EVO-007739,OPP-003227,lead,2026-02-25,VEN-011
EVO-007740,OPP-003227,contactado,2026-02-25,VEN-011
EVO-007741,OPP-003228,lead,2026-02-25,VEN-003
EVO-007742,OPP-003229,lead,2026-02-25,VEN-008
EVO-007743,OPP-003230,lead,2026-02-25,VEN-003
EVO-007744,OPP-003233,lead,2026-02-25,VEN-009
EVO-007745,OPP-003233,contactado,2026-02-25,VEN-009
EVO-007746,OPP-003237,lead,2026-02-25,VEN-009
EVO-007747,OPP-003246,lead,2026-02-25,VEN-010
EVO-007748,OPP-003246,contactado,2026-02-25,VEN-010
EVO-007749,OPP-003251,lead,2026-02-25,VEN-003
EVO-007750,OPP-003256,lead,2026-02-25,VEN-003
EVO-007751,OPP-003264,lead,2026-02-25,VEN-003
EVO-007752,OPP-003274,calificado,2026-02-25,VEN-001
EVO-007753,OPP-003279,lead,2026-02-25,VEN-010
EVO-007754,OPP-003279,contactado,2026-02-25,VEN-010
EVO-007755,OPP-003281,lead,2026-02-25,VEN-011
EVO-007756,OPP-003283,lead,2026-02-25,VEN-008
EVO-007757,OPP-003196,propuesta,2026-02-26,VEN-004
EVO-007758,OPP-003206,propuesta,2026-02-26,VEN-007
EVO-007759,OPP-003221,contactado,2026-02-26,VEN-006
EVO-007760,OPP-003223,lead,2026-02-26,VEN-009
EVO-007761,OPP-003224,lead,2026-02-26,VEN-010
EVO-007762,OPP-003230,contactado,2026-02-26,VEN-003
EVO-007763,OPP-003238,lead,2026-02-26,VEN-010
EVO-007764,OPP-003242,contactado,2026-02-26,VEN-003
EVO-007765,OPP-003244,lead,2026-02-26,VEN-007
EVO-007766,OPP-003244,contactado,2026-02-26,VEN-007
EVO-007767,OPP-003245,lead,2026-02-26,VEN-012
EVO-007768,OPP-003247,lead,2026-02-26,VEN-011
EVO-007769,OPP-003247,contactado,2026-02-26,VEN-011
EVO-007770,OPP-003247,calificado,2026-02-26,VEN-011
EVO-007771,OPP-003247,propuesta,2026-02-26,VEN-011
EVO-007772,OPP-003247,cierre,2026-02-26,VEN-011
EVO-007773,OPP-003248,contactado,2026-02-26,VEN-004
EVO-007774,OPP-003253,contactado,2026-02-26,VEN-009
EVO-007775,OPP-003255,lead,2026-02-26,VEN-008
EVO-007776,OPP-003255,contactado,2026-02-26,VEN-008
EVO-007777,OPP-003256,contactado,2026-02-26,VEN-003
EVO-007778,OPP-003258,contactado,2026-02-26,VEN-009
EVO-007779,OPP-003263,contactado,2026-02-26,VEN-007
EVO-007780,OPP-003266,contactado,2026-02-26,VEN-012
EVO-007781,OPP-003267,contactado,2026-02-26,VEN-002
EVO-007782,OPP-003268,contactado,2026-02-26,VEN-005
EVO-007783,OPP-003269,lead,2026-02-26,VEN-010
EVO-007784,OPP-003270,lead,2026-02-26,VEN-005
EVO-007785,OPP-003273,lead,2026-02-26,VEN-003
EVO-007786,OPP-003280,calificado,2026-02-26,VEN-008
EVO-007787,OPP-003281,contactado,2026-02-26,VEN-011
EVO-007788,OPP-003282,lead,2026-02-26,VEN-005
EVO-007789,OPP-003283,contactado,2026-02-26,VEN-008
EVO-007790,OPP-003284,lead,2026-02-26,VEN-008
EVO-007791,OPP-003222,lead,2026-02-27,VEN-008
EVO-007792,OPP-003231,lead,2026-02-27,VEN-001
EVO-007793,OPP-003235,lead,2026-02-27,VEN-006
EVO-007794,OPP-003248,calificado,2026-02-27,VEN-004
EVO-007795,OPP-003249,lead,2026-02-27,VEN-007
EVO-007796,OPP-003250,lead,2026-02-27,VEN-008
EVO-007797,OPP-003253,calificado,2026-02-27,VEN-009
EVO-007798,OPP-003253,propuesta,2026-02-27,VEN-009
EVO-007799,OPP-003257,lead,2026-02-27,VEN-001
EVO-007800,OPP-003261,lead,2026-02-27,VEN-010
EVO-007801,OPP-003265,contactado,2026-02-27,VEN-011
EVO-007802,OPP-003271,lead,2026-02-27,VEN-010
EVO-007803,OPP-003272,lead,2026-02-27,VEN-007
EVO-007804,OPP-003272,contactado,2026-02-27,VEN-007
EVO-007805,OPP-003275,lead,2026-02-27,VEN-005
EVO-007806,OPP-003277,lead,2026-02-27,VEN-003
EVO-007807,OPP-003277,contactado,2026-02-27,VEN-003
EVO-007808,OPP-003277,calificado,2026-02-27,VEN-003
EVO-007809,OPP-003278,lead,2026-02-27,VEN-002
EVO-007810,OPP-003278,contactado,2026-02-27,VEN-002
EVO-007811,OPP-003282,contactado,2026-02-27,VEN-005
EVO-007812,OPP-003223,contactado,2026-02-28,VEN-009
EVO-007813,OPP-003224,contactado,2026-02-28,VEN-010
EVO-007814,OPP-003224,calificado,2026-02-28,VEN-010
EVO-007815,OPP-003227,calificado,2026-02-28,VEN-011
EVO-007816,OPP-003233,calificado,2026-02-28,VEN-009
EVO-007817,OPP-003237,contactado,2026-02-28,VEN-009
EVO-007818,OPP-003238,contactado,2026-02-28,VEN-010
EVO-007819,OPP-003244,calificado,2026-02-28,VEN-007
EVO-007820,OPP-003249,contactado,2026-02-28,VEN-007
EVO-007821,OPP-003255,calificado,2026-02-28,VEN-008
EVO-007822,OPP-003256,calificado,2026-02-28,VEN-003
EVO-007823,OPP-003257,contactado,2026-02-28,VEN-001
EVO-007824,OPP-003257,calificado,2026-02-28,VEN-001
EVO-007825,OPP-003264,contactado,2026-02-28,VEN-003
EVO-007826,OPP-003269,contactado,2026-02-28,VEN-010
EVO-007827,OPP-003271,contactado,2026-02-28,VEN-010
EVO-007828,OPP-003284,contactado,2026-02-28,VEN-008
EVO-007829,OPP-003221,calificado,2026-03-01,VEN-006
EVO-007830,OPP-003230,calificado,2026-03-01,VEN-003
EVO-007831,OPP-003233,propuesta,2026-03-01,VEN-009
EVO-007832,OPP-003238,calificado,2026-03-01,VEN-010
EVO-007833,OPP-003244,propuesta,2026-03-01,VEN-007
EVO-007834,OPP-003250,contactado,2026-03-01,VEN-008
EVO-007835,OPP-003263,calificado,2026-03-01,VEN-007
EVO-007836,OPP-003263,propuesta,2026-03-01,VEN-007
EVO-007837,OPP-003264,calificado,2026-03-01,VEN-003
EVO-007838,OPP-003266,calificado,2026-03-01,VEN-012
EVO-007839,OPP-003269,calificado,2026-03-01,VEN-010
EVO-007840,OPP-003270,contactado,2026-03-01,VEN-005
EVO-007841,OPP-003271,calificado,2026-03-01,VEN-010
EVO-007842,OPP-003273,contactado,2026-03-01,VEN-003
EVO-007843,OPP-003275,contactado,2026-03-01,VEN-005
EVO-007844,OPP-003281,calificado,2026-03-01,VEN-011
EVO-007845,OPP-003235,contactado,2026-03-02,VEN-006
EVO-007846,OPP-003237,calificado,2026-03-02,VEN-009
EVO-007847,OPP-003244,cierre,2026-03-02,VEN-007
EVO-007848,OPP-003255,propuesta,2026-03-02,VEN-008
EVO-007849,OPP-003265,calificado,2026-03-02,VEN-011
EVO-007850,OPP-003270,calificado,2026-03-02,VEN-005
EVO-007851,OPP-003284,calificado,2026-03-02,VEN-008
EVO-007852,OPP-003285,lead,2026-03-02,VEN-003
EVO-007853,OPP-003292,lead,2026-03-02,VEN-001
EVO-007854,OPP-003294,lead,2026-03-02,VEN-002
EVO-007855,OPP-003296,lead,2026-03-02,VEN-011
EVO-007856,OPP-003304,lead,2026-03-02,VEN-009
EVO-007857,OPP-003308,lead,2026-03-02,VEN-010
EVO-007858,OPP-003322,lead,2026-03-02,VEN-011
EVO-007859,OPP-003331,lead,2026-03-02,VEN-007
EVO-007860,OPP-003331,contactado,2026-03-02,VEN-007
EVO-007861,OPP-003334,lead,2026-03-02,VEN-006
EVO-007862,OPP-003335,lead,2026-03-02,VEN-010
EVO-007863,OPP-003233,cierre,2026-03-03,VEN-009
EVO-007864,OPP-003250,calificado,2026-03-03,VEN-008
EVO-007865,OPP-003250,propuesta,2026-03-03,VEN-008
EVO-007866,OPP-003256,propuesta,2026-03-03,VEN-003
EVO-007867,OPP-003287,lead,2026-03-03,VEN-001
EVO-007868,OPP-003289,lead,2026-03-03,VEN-003
EVO-007869,OPP-003290,lead,2026-03-03,VEN-008
EVO-007870,OPP-003292,contactado,2026-03-03,VEN-001
EVO-007871,OPP-003296,contactado,2026-03-03,VEN-011
EVO-007872,OPP-003296,calificado,2026-03-03,VEN-011
EVO-007873,OPP-003308,contactado,2026-03-03,VEN-010
EVO-007874,OPP-003312,lead,2026-03-03,VEN-010
EVO-007875,OPP-003313,lead,2026-03-03,VEN-012
EVO-007876,OPP-003317,lead,2026-03-03,VEN-010
EVO-007877,OPP-003321,lead,2026-03-03,VEN-009
EVO-007878,OPP-003323,lead,2026-03-03,VEN-004
EVO-007879,OPP-003326,lead,2026-03-03,VEN-006
EVO-007880,OPP-003326,contactado,2026-03-03,VEN-006
EVO-007881,OPP-003327,lead,2026-03-03,VEN-007
EVO-007882,OPP-003334,contactado,2026-03-03,VEN-006
EVO-007883,OPP-003337,lead,2026-03-03,VEN-001
EVO-007884,OPP-003337,contactado,2026-03-03,VEN-001
EVO-007885,OPP-003338,lead,2026-03-03,VEN-004
EVO-007886,OPP-003264,propuesta,2026-03-04,VEN-003
EVO-007887,OPP-003286,lead,2026-03-04,VEN-012
EVO-007888,OPP-003286,contactado,2026-03-04,VEN-012
EVO-007889,OPP-003288,lead,2026-03-04,VEN-006
EVO-007890,OPP-003288,contactado,2026-03-04,VEN-006
EVO-007891,OPP-003288,calificado,2026-03-04,VEN-006
EVO-007892,OPP-003293,lead,2026-03-04,VEN-011
EVO-007893,OPP-003295,lead,2026-03-04,VEN-009
EVO-007894,OPP-003297,lead,2026-03-04,VEN-003
EVO-007895,OPP-003299,lead,2026-03-04,VEN-003
EVO-007896,OPP-003300,lead,2026-03-04,VEN-010
EVO-007897,OPP-003304,contactado,2026-03-04,VEN-009
EVO-007898,OPP-003305,lead,2026-03-04,VEN-009
EVO-007899,OPP-003311,lead,2026-03-04,VEN-006
EVO-007900,OPP-003313,contactado,2026-03-04,VEN-012
EVO-007901,OPP-003313,calificado,2026-03-04,VEN-012
EVO-007902,OPP-003316,lead,2026-03-04,VEN-002
EVO-007903,OPP-003318,lead,2026-03-04,VEN-007
EVO-007904,OPP-003325,lead,2026-03-04,VEN-010
EVO-007905,OPP-003328,lead,2026-03-04,VEN-010
EVO-007906,OPP-003339,lead,2026-03-04,VEN-004
EVO-007907,OPP-003250,cierre,2026-03-05,VEN-008
EVO-007908,OPP-003287,contactado,2026-03-05,VEN-001
EVO-007909,OPP-003287,calificado,2026-03-05,VEN-001
EVO-007910,OPP-003289,contactado,2026-03-05,VEN-003
EVO-007911,OPP-003294,contactado,2026-03-05,VEN-002
EVO-007912,OPP-003301,lead,2026-03-05,VEN-006
EVO-007913,OPP-003302,lead,2026-03-05,VEN-004
EVO-007914,OPP-003309,lead,2026-03-05,VEN-009
EVO-007915,OPP-003310,lead,2026-03-05,VEN-007
EVO-007916,OPP-003314,lead,2026-03-05,VEN-010
EVO-007917,OPP-003315,lead,2026-03-05,VEN-005
EVO-007918,OPP-003319,lead,2026-03-05,VEN-010
EVO-007919,OPP-003320,lead,2026-03-05,VEN-004
EVO-007920,OPP-003321,contactado,2026-03-05,VEN-009
EVO-007921,OPP-003322,contactado,2026-03-05,VEN-011
EVO-007922,OPP-003324,lead,2026-03-05,VEN-009
EVO-007923,OPP-003325,contactado,2026-03-05,VEN-010
EVO-007924,OPP-003328,contactado,2026-03-05,VEN-010
EVO-007925,OPP-003330,lead,2026-03-05,VEN-009
EVO-007926,OPP-003331,calificado,2026-03-05,VEN-007
EVO-007927,OPP-003332,lead,2026-03-05,VEN-002
EVO-007928,OPP-003335,contactado,2026-03-05,VEN-010
EVO-007929,OPP-003336,lead,2026-03-05,VEN-012
EVO-007930,OPP-003337,calificado,2026-03-05,VEN-001
EVO-007931,OPP-003338,contactado,2026-03-05,VEN-004
EVO-007932,OPP-003340,lead,2026-03-05,VEN-003
EVO-007933,OPP-003340,contactado,2026-03-05,VEN-003
EVO-007934,OPP-003286,calificado,2026-03-06,VEN-012
EVO-007935,OPP-003286,propuesta,2026-03-06,VEN-012
EVO-007936,OPP-003291,lead,2026-03-06,VEN-012
EVO-007937,OPP-003294,calificado,2026-03-06,VEN-002
EVO-007938,OPP-003295,contactado,2026-03-06,VEN-009
EVO-007939,OPP-003298,lead,2026-03-06,VEN-009
EVO-007940,OPP-003298,contactado,2026-03-06,VEN-009
EVO-007941,OPP-003303,lead,2026-03-06,VEN-002
EVO-007942,OPP-003305,contactado,2026-03-06,VEN-009
EVO-007943,OPP-003306,lead,2026-03-06,VEN-011
EVO-007944,OPP-003307,lead,2026-03-06,VEN-003
EVO-007945,OPP-003315,contactado,2026-03-06,VEN-005
EVO-007946,OPP-003318,contactado,2026-03-06,VEN-007
EVO-007947,OPP-003319,contactado,2026-03-06,VEN-010
EVO-007948,OPP-003321,calificado,2026-03-06,VEN-009
EVO-007949,OPP-003321,propuesta,2026-03-06,VEN-009
EVO-007950,OPP-003328,calificado,2026-03-06,VEN-010
EVO-007951,OPP-003329,lead,2026-03-06,VEN-008
EVO-007952,OPP-003333,lead,2026-03-06,VEN-010
EVO-007953,OPP-003336,contactado,2026-03-06,VEN-012
EVO-007954,OPP-003339,contactado,2026-03-06,VEN-004
EVO-007955,OPP-003291,contactado,2026-03-07,VEN-012
EVO-007956,OPP-003291,calificado,2026-03-07,VEN-012
EVO-007957,OPP-003300,contactado,2026-03-07,VEN-010
EVO-007958,OPP-003301,contactado,2026-03-07,VEN-006
EVO-007959,OPP-003302,contactado,2026-03-07,VEN-004
EVO-007960,OPP-003303,contactado,2026-03-07,VEN-002
EVO-007961,OPP-003305,calificado,2026-03-07,VEN-009
EVO-007962,OPP-003306,contactado,2026-03-07,VEN-011
EVO-007963,OPP-003310,contactado,2026-03-07,VEN-007
EVO-007964,OPP-003310,calificado,2026-03-07,VEN-007
EVO-007965,OPP-003333,contactado,2026-03-07,VEN-010
EVO-007966,OPP-003340,calificado,2026-03-07,VEN-003
EVO-007967,OPP-003301,calificado,2026-03-08,VEN-006
EVO-007968,OPP-003302,calificado,2026-03-08,VEN-004
EVO-007969,OPP-003302,propuesta,2026-03-08,VEN-004
EVO-007970,OPP-003302,cierre,2026-03-08,VEN-004
EVO-007971,OPP-003309,contactado,2026-03-08,VEN-009
EVO-007972,OPP-003318,calificado,2026-03-08,VEN-007
EVO-007973,OPP-003324,contactado,2026-03-08,VEN-009
EVO-007974,OPP-003324,calificado,2026-03-08,VEN-009
EVO-007975,OPP-003330,contactado,2026-03-08,VEN-009
EVO-007976,OPP-003335,calificado,2026-03-08,VEN-010
EVO-007977,OPP-003340,propuesta,2026-03-08,VEN-003
EVO-007978,OPP-003294,propuesta,2026-03-09,VEN-002
EVO-007979,OPP-003306,calificado,2026-03-09,VEN-011
EVO-007980,OPP-003307,contactado,2026-03-09,VEN-003
EVO-007981,OPP-003309,calificado,2026-03-09,VEN-009
EVO-007982,OPP-003335,propuesta,2026-03-09,VEN-010
EVO-007983,OPP-003346,lead,2026-03-09,VEN-012
EVO-007984,OPP-003347,lead,2026-03-09,VEN-005
EVO-007985,OPP-003351,lead,2026-03-09,VEN-001
EVO-007986,OPP-003351,contactado,2026-03-09,VEN-001
EVO-007987,OPP-003354,lead,2026-03-09,VEN-011
EVO-007988,OPP-003356,lead,2026-03-09,VEN-001
EVO-007989,OPP-003356,contactado,2026-03-09,VEN-001
EVO-007990,OPP-003359,lead,2026-03-09,VEN-007
EVO-007991,OPP-003363,lead,2026-03-09,VEN-003
EVO-007992,OPP-003375,lead,2026-03-09,VEN-008
EVO-007993,OPP-003375,contactado,2026-03-09,VEN-008
EVO-007994,OPP-003382,lead,2026-03-09,VEN-004
EVO-007995,OPP-003384,lead,2026-03-09,VEN-003
EVO-007996,OPP-003397,lead,2026-03-09,VEN-011
EVO-007997,OPP-003402,lead,2026-03-09,VEN-001
EVO-007998,OPP-003402,contactado,2026-03-09,VEN-001
EVO-007999,OPP-003291,propuesta,2026-03-10,VEN-012
EVO-008000,OPP-003300,calificado,2026-03-10,VEN-010
EVO-008001,OPP-003305,propuesta,2026-03-10,VEN-009
EVO-008002,OPP-003356,calificado,2026-03-10,VEN-001
EVO-008003,OPP-003358,lead,2026-03-10,VEN-007
EVO-008004,OPP-003363,contactado,2026-03-10,VEN-003
EVO-008005,OPP-003365,lead,2026-03-10,VEN-012
EVO-008006,OPP-003369,lead,2026-03-10,VEN-009
EVO-008007,OPP-003376,lead,2026-03-10,VEN-003
EVO-008008,OPP-003379,lead,2026-03-10,VEN-002
EVO-008009,OPP-003382,contactado,2026-03-10,VEN-004
EVO-008010,OPP-003385,lead,2026-03-10,VEN-012
EVO-008011,OPP-003386,lead,2026-03-10,VEN-007
EVO-008012,OPP-003386,contactado,2026-03-10,VEN-007
EVO-008013,OPP-003386,calificado,2026-03-10,VEN-007
EVO-008014,OPP-003391,lead,2026-03-10,VEN-008
EVO-008015,OPP-003392,lead,2026-03-10,VEN-010
EVO-008016,OPP-003394,lead,2026-03-10,VEN-010
EVO-008017,OPP-003394,contactado,2026-03-10,VEN-010
EVO-008018,OPP-003394,calificado,2026-03-10,VEN-010
EVO-008019,OPP-003394,propuesta,2026-03-10,VEN-010
EVO-008020,OPP-003396,lead,2026-03-10,VEN-002
EVO-008021,OPP-003400,lead,2026-03-10,VEN-004
EVO-008022,OPP-003401,lead,2026-03-10,VEN-007
EVO-008023,OPP-003401,contactado,2026-03-10,VEN-007
EVO-008024,OPP-003404,lead,2026-03-10,VEN-002
EVO-008025,OPP-003318,propuesta,2026-03-11,VEN-007
EVO-008026,OPP-003340,cierre,2026-03-11,VEN-003
EVO-008027,OPP-003342,lead,2026-03-11,VEN-007
EVO-008028,OPP-003342,contactado,2026-03-11,VEN-007
EVO-008029,OPP-003344,lead,2026-03-11,VEN-004
EVO-008030,OPP-003347,contactado,2026-03-11,VEN-005
EVO-008031,OPP-003349,lead,2026-03-11,VEN-011
EVO-008032,OPP-003352,lead,2026-03-11,VEN-005
EVO-008033,OPP-003354,contactado,2026-03-11,VEN-011
EVO-008034,OPP-003355,lead,2026-03-11,VEN-008
EVO-008035,OPP-003355,contactado,2026-03-11,VEN-008
EVO-008036,OPP-003355,calificado,2026-03-11,VEN-008
EVO-008037,OPP-003361,lead,2026-03-11,VEN-008
EVO-008038,OPP-003362,lead,2026-03-11,VEN-005
EVO-008039,OPP-003366,lead,2026-03-11,VEN-005
EVO-008040,OPP-003366,contactado,2026-03-11,VEN-005
EVO-008041,OPP-003368,lead,2026-03-11,VEN-010
EVO-008042,OPP-003368,contactado,2026-03-11,VEN-010
EVO-008043,OPP-003368,calificado,2026-03-11,VEN-010
EVO-008044,OPP-003372,lead,2026-03-11,VEN-011
EVO-008045,OPP-003373,lead,2026-03-11,VEN-003
EVO-008046,OPP-003377,lead,2026-03-11,VEN-001
EVO-008047,OPP-003380,lead,2026-03-11,VEN-012
EVO-008048,OPP-003381,lead,2026-03-11,VEN-007
EVO-008049,OPP-003382,calificado,2026-03-11,VEN-004
EVO-008050,OPP-003383,lead,2026-03-11,VEN-011
EVO-008051,OPP-003383,contactado,2026-03-11,VEN-011
EVO-008052,OPP-003385,contactado,2026-03-11,VEN-012
EVO-008053,OPP-003388,lead,2026-03-11,VEN-008
EVO-008054,OPP-003395,lead,2026-03-11,VEN-004
EVO-008055,OPP-003402,calificado,2026-03-11,VEN-001
EVO-008056,OPP-003343,lead,2026-03-12,VEN-001
EVO-008057,OPP-003346,contactado,2026-03-12,VEN-012
EVO-008058,OPP-003346,calificado,2026-03-12,VEN-012
EVO-008059,OPP-003348,lead,2026-03-12,VEN-006
EVO-008060,OPP-003349,contactado,2026-03-12,VEN-011
EVO-008061,OPP-003351,calificado,2026-03-12,VEN-001
EVO-008062,OPP-003353,lead,2026-03-12,VEN-003
EVO-008063,OPP-003359,contactado,2026-03-12,VEN-007
EVO-008064,OPP-003360,lead,2026-03-12,VEN-006
EVO-008065,OPP-003364,lead,2026-03-12,VEN-011
EVO-008066,OPP-003366,calificado,2026-03-12,VEN-005
EVO-008067,OPP-003367,lead,2026-03-12,VEN-010
EVO-008068,OPP-003371,lead,2026-03-12,VEN-011
EVO-008069,OPP-003371,contactado,2026-03-12,VEN-011
EVO-008070,OPP-003374,lead,2026-03-12,VEN-012
EVO-008071,OPP-003375,calificado,2026-03-12,VEN-008
EVO-008072,OPP-003377,contactado,2026-03-12,VEN-001
EVO-008073,OPP-003379,contactado,2026-03-12,VEN-002
EVO-008074,OPP-003380,contactado,2026-03-12,VEN-012
EVO-008075,OPP-003381,contactado,2026-03-12,VEN-007
EVO-008076,OPP-003384,contactado,2026-03-12,VEN-003
EVO-008077,OPP-003385,calificado,2026-03-12,VEN-012
EVO-008078,OPP-003387,lead,2026-03-12,VEN-006
EVO-008079,OPP-003389,lead,2026-03-12,VEN-002
EVO-008080,OPP-003389,contactado,2026-03-12,VEN-002
EVO-008081,OPP-003390,lead,2026-03-12,VEN-012
EVO-008082,OPP-003390,contactado,2026-03-12,VEN-012
EVO-008083,OPP-003393,lead,2026-03-12,VEN-009
EVO-008084,OPP-003397,contactado,2026-03-12,VEN-011
EVO-008085,OPP-003398,lead,2026-03-12,VEN-007
EVO-008086,OPP-003400,contactado,2026-03-12,VEN-004
EVO-008087,OPP-003402,propuesta,2026-03-12,VEN-001
EVO-008088,OPP-003403,lead,2026-03-12,VEN-003
EVO-008089,OPP-003341,lead,2026-03-13,VEN-009
EVO-008090,OPP-003345,lead,2026-03-13,VEN-011
EVO-008091,OPP-003345,contactado,2026-03-13,VEN-011
EVO-008092,OPP-003350,lead,2026-03-13,VEN-004
EVO-008093,OPP-003350,contactado,2026-03-13,VEN-004
EVO-008094,OPP-003354,calificado,2026-03-13,VEN-011
EVO-008095,OPP-003355,propuesta,2026-03-13,VEN-008
EVO-008096,OPP-003357,lead,2026-03-13,VEN-008
EVO-008097,OPP-003357,contactado,2026-03-13,VEN-008
EVO-008098,OPP-003357,calificado,2026-03-13,VEN-008
EVO-008099,OPP-003364,contactado,2026-03-13,VEN-011
EVO-008100,OPP-003364,calificado,2026-03-13,VEN-011
EVO-008101,OPP-003367,contactado,2026-03-13,VEN-010
EVO-008102,OPP-003370,lead,2026-03-13,VEN-001
EVO-008103,OPP-003374,contactado,2026-03-13,VEN-012
EVO-008104,OPP-003377,calificado,2026-03-13,VEN-001
EVO-008105,OPP-003378,lead,2026-03-13,VEN-003
EVO-008106,OPP-003383,calificado,2026-03-13,VEN-011
EVO-008107,OPP-003385,propuesta,2026-03-13,VEN-012
EVO-008108,OPP-003387,contactado,2026-03-13,VEN-006
EVO-008109,OPP-003387,calificado,2026-03-13,VEN-006
EVO-008110,OPP-003388,contactado,2026-03-13,VEN-008
EVO-008111,OPP-003388,calificado,2026-03-13,VEN-008
EVO-008112,OPP-003392,contactado,2026-03-13,VEN-010
EVO-008113,OPP-003393,contactado,2026-03-13,VEN-009
EVO-008114,OPP-003396,contactado,2026-03-13,VEN-002
EVO-008115,OPP-003399,lead,2026-03-13,VEN-007
EVO-008116,OPP-003401,calificado,2026-03-13,VEN-007
EVO-008117,OPP-003402,cierre,2026-03-13,VEN-001
EVO-008118,OPP-003403,contactado,2026-03-13,VEN-003
EVO-008119,OPP-003341,contactado,2026-03-14,VEN-009
EVO-008120,OPP-003341,calificado,2026-03-14,VEN-009
EVO-008121,OPP-003355,cierre,2026-03-14,VEN-008
EVO-008122,OPP-003359,calificado,2026-03-14,VEN-007
EVO-008123,OPP-003372,contactado,2026-03-14,VEN-011
EVO-008124,OPP-003375,propuesta,2026-03-14,VEN-008
EVO-008125,OPP-003380,calificado,2026-03-14,VEN-012
EVO-008126,OPP-003384,calificado,2026-03-14,VEN-003
EVO-008127,OPP-003387,propuesta,2026-03-14,VEN-006
EVO-008128,OPP-003343,contactado,2026-03-15,VEN-001
EVO-008129,OPP-003349,calificado,2026-03-15,VEN-011
EVO-008130,OPP-003364,propuesta,2026-03-15,VEN-011
EVO-008131,OPP-003370,contactado,2026-03-15,VEN-001
EVO-008132,OPP-003378,contactado,2026-03-15,VEN-003
EVO-008133,OPP-003380,propuesta,2026-03-15,VEN-012
EVO-008134,OPP-003390,calificado,2026-03-15,VEN-012
EVO-008135,OPP-003396,calificado,2026-03-15,VEN-002
EVO-008136,OPP-003397,calificado,2026-03-15,VEN-011
EVO-008137,OPP-003398,contactado,2026-03-15,VEN-007
EVO-008138,OPP-003345,calificado,2026-03-16,VEN-011
EVO-008139,OPP-003349,propuesta,2026-03-16,VEN-011
EVO-008140,OPP-003367,calificado,2026-03-16,VEN-010
EVO-008141,OPP-003408,lead,2026-03-16,VEN-006
EVO-008142,OPP-003408,contactado,2026-03-16,VEN-006
EVO-008143,OPP-003409,lead,2026-03-16,VEN-012
EVO-008144,OPP-003410,lead,2026-03-16,VEN-008
EVO-008145,OPP-003427,lead,2026-03-16,VEN-012
EVO-008146,OPP-003433,lead,2026-03-16,VEN-005
EVO-008147,OPP-003443,lead,2026-03-16,VEN-003
EVO-008148,OPP-003445,lead,2026-03-16,VEN-002
EVO-008149,OPP-003447,lead,2026-03-16,VEN-007
EVO-008150,OPP-003450,lead,2026-03-16,VEN-010
EVO-008151,OPP-003372,calificado,2026-03-17,VEN-011
EVO-008152,OPP-003410,contactado,2026-03-17,VEN-008
EVO-008153,OPP-003414,lead,2026-03-17,VEN-010
EVO-008154,OPP-003415,lead,2026-03-17,VEN-005
EVO-008155,OPP-003416,lead,2026-03-17,VEN-001
EVO-008156,OPP-003421,lead,2026-03-17,VEN-009
EVO-008157,OPP-003423,lead,2026-03-17,VEN-011
EVO-008158,OPP-003427,contactado,2026-03-17,VEN-012
EVO-008159,OPP-003430,lead,2026-03-17,VEN-008
EVO-008160,OPP-003439,lead,2026-03-17,VEN-001
EVO-008161,OPP-003445,contactado,2026-03-17,VEN-002
EVO-008162,OPP-003445,calificado,2026-03-17,VEN-002
EVO-008163,OPP-003372,propuesta,2026-03-18,VEN-011
EVO-008164,OPP-003410,calificado,2026-03-18,VEN-008
EVO-008165,OPP-003423,contactado,2026-03-18,VEN-011
EVO-008166,OPP-003424,lead,2026-03-18,VEN-012
EVO-008167,OPP-003429,lead,2026-03-18,VEN-004
EVO-008168,OPP-003429,contactado,2026-03-18,VEN-004
EVO-008169,OPP-003430,contactado,2026-03-18,VEN-008
EVO-008170,OPP-003432,lead,2026-03-18,VEN-011
EVO-008171,OPP-003433,contactado,2026-03-18,VEN-005
EVO-008172,OPP-003435,lead,2026-03-18,VEN-002
EVO-008173,OPP-003438,lead,2026-03-18,VEN-001
EVO-008174,OPP-003440,lead,2026-03-18,VEN-011
EVO-008175,OPP-003446,lead,2026-03-18,VEN-004
EVO-008176,OPP-003448,lead,2026-03-18,VEN-003
EVO-008177,OPP-003449,lead,2026-03-18,VEN-010
EVO-008178,OPP-003452,lead,2026-03-18,VEN-006
EVO-008179,OPP-003452,contactado,2026-03-18,VEN-006
EVO-008180,OPP-003452,calificado,2026-03-18,VEN-006
EVO-008181,OPP-003453,lead,2026-03-18,VEN-008
EVO-008182,OPP-003453,contactado,2026-03-18,VEN-008
EVO-008183,OPP-003455,lead,2026-03-18,VEN-006
EVO-008184,OPP-003345,propuesta,2026-03-19,VEN-011
EVO-008185,OPP-003409,contactado,2026-03-19,VEN-012
EVO-008186,OPP-003415,contactado,2026-03-19,VEN-005
EVO-008187,OPP-003416,contactado,2026-03-19,VEN-001
EVO-008188,OPP-003418,lead,2026-03-19,VEN-009
EVO-008189,OPP-003419,lead,2026-03-19,VEN-007
EVO-008190,OPP-003419,contactado,2026-03-19,VEN-007
EVO-008191,OPP-003420,lead,2026-03-19,VEN-006
EVO-008192,OPP-003420,contactado,2026-03-19,VEN-006
EVO-008193,OPP-003422,lead,2026-03-19,VEN-007
EVO-008194,OPP-003422,contactado,2026-03-19,VEN-007
EVO-008195,OPP-003431,lead,2026-03-19,VEN-010
EVO-008196,OPP-003434,lead,2026-03-19,VEN-002
EVO-008197,OPP-003438,contactado,2026-03-19,VEN-001
EVO-008198,OPP-003441,lead,2026-03-19,VEN-011
EVO-008199,OPP-003441,contactado,2026-03-19,VEN-011
EVO-008200,OPP-003442,lead,2026-03-19,VEN-004
EVO-008201,OPP-003447,contactado,2026-03-19,VEN-007
EVO-008202,OPP-003453,calificado,2026-03-19,VEN-008
EVO-008203,OPP-003454,lead,2026-03-19,VEN-007
EVO-008204,OPP-003454,contactado,2026-03-19,VEN-007
EVO-008205,OPP-003372,cierre,2026-03-20,VEN-011
EVO-008206,OPP-003405,lead,2026-03-20,VEN-002
EVO-008207,OPP-003406,lead,2026-03-20,VEN-007
EVO-008208,OPP-003407,lead,2026-03-20,VEN-002
EVO-008209,OPP-003409,calificado,2026-03-20,VEN-012
EVO-008210,OPP-003411,lead,2026-03-20,VEN-012
EVO-008211,OPP-003412,lead,2026-03-20,VEN-001
EVO-008212,OPP-003413,lead,2026-03-20,VEN-008
EVO-008213,OPP-003414,contactado,2026-03-20,VEN-010
EVO-008214,OPP-003417,lead,2026-03-20,VEN-002
EVO-008215,OPP-003417,contactado,2026-03-20,VEN-002
EVO-008216,OPP-003419,calificado,2026-03-20,VEN-007
EVO-008217,OPP-003421,contactado,2026-03-20,VEN-009
EVO-008218,OPP-003422,calificado,2026-03-20,VEN-007
EVO-008219,OPP-003422,propuesta,2026-03-20,VEN-007
EVO-008220,OPP-003425,lead,2026-03-20,VEN-001
EVO-008221,OPP-003426,lead,2026-03-20,VEN-006
EVO-008222,OPP-003427,calificado,2026-03-20,VEN-012
EVO-008223,OPP-003428,lead,2026-03-20,VEN-004
EVO-008224,OPP-003429,calificado,2026-03-20,VEN-004
EVO-008225,OPP-003434,contactado,2026-03-20,VEN-002
EVO-008226,OPP-003434,calificado,2026-03-20,VEN-002
EVO-008227,OPP-003436,lead,2026-03-20,VEN-012
EVO-008228,OPP-003436,contactado,2026-03-20,VEN-012
EVO-008229,OPP-003437,lead,2026-03-20,VEN-010
EVO-008230,OPP-003444,lead,2026-03-20,VEN-008
EVO-008231,OPP-003444,contactado,2026-03-20,VEN-008
EVO-008232,OPP-003446,contactado,2026-03-20,VEN-004
EVO-008233,OPP-003451,lead,2026-03-20,VEN-002
EVO-008234,OPP-003451,contactado,2026-03-20,VEN-002
EVO-008235,OPP-003413,contactado,2026-03-21,VEN-008
EVO-008236,OPP-003420,calificado,2026-03-21,VEN-006
EVO-008237,OPP-003423,calificado,2026-03-21,VEN-011
EVO-008238,OPP-003424,contactado,2026-03-21,VEN-012
EVO-008239,OPP-003426,contactado,2026-03-21,VEN-006
EVO-008240,OPP-003428,contactado,2026-03-21,VEN-004
EVO-008241,OPP-003432,contactado,2026-03-21,VEN-011
EVO-008242,OPP-003432,calificado,2026-03-21,VEN-011
EVO-008243,OPP-003435,contactado,2026-03-21,VEN-002
EVO-008244,OPP-003440,contactado,2026-03-21,VEN-011
EVO-008245,OPP-003440,calificado,2026-03-21,VEN-011
EVO-008246,OPP-003413,calificado,2026-03-22,VEN-008
EVO-008247,OPP-003414,calificado,2026-03-22,VEN-010
EVO-008248,OPP-003418,contactado,2026-03-22,VEN-009
EVO-008249,OPP-003419,propuesta,2026-03-22,VEN-007
EVO-008250,OPP-003425,contactado,2026-03-22,VEN-001
EVO-008251,OPP-003431,contactado,2026-03-22,VEN-010
EVO-008252,OPP-003436,calificado,2026-03-22,VEN-012
EVO-008253,OPP-003438,calificado,2026-03-22,VEN-001
EVO-008254,OPP-003441,calificado,2026-03-22,VEN-011
EVO-008255,OPP-003441,propuesta,2026-03-22,VEN-011
EVO-008256,OPP-003442,contactado,2026-03-22,VEN-004
EVO-008257,OPP-003406,contactado,2026-03-23,VEN-007
EVO-008258,OPP-003406,calificado,2026-03-23,VEN-007
EVO-008259,OPP-003406,propuesta,2026-03-23,VEN-007
EVO-008260,OPP-003407,contactado,2026-03-23,VEN-002
EVO-008261,OPP-003420,propuesta,2026-03-23,VEN-006
EVO-008262,OPP-003425,calificado,2026-03-23,VEN-001
EVO-008263,OPP-003432,propuesta,2026-03-23,VEN-011
EVO-008264,OPP-003435,calificado,2026-03-23,VEN-002
EVO-008265,OPP-003446,calificado,2026-03-23,VEN-004
EVO-008266,OPP-003460,lead,2026-03-23,VEN-010
EVO-008267,OPP-003467,lead,2026-03-23,VEN-003
EVO-008268,OPP-003468,lead,2026-03-23,VEN-005
EVO-008269,OPP-003468,contactado,2026-03-23,VEN-005
EVO-008270,OPP-003489,lead,2026-03-23,VEN-001
EVO-008271,OPP-003490,lead,2026-03-23,VEN-010
EVO-008272,OPP-003498,lead,2026-03-23,VEN-008
EVO-008273,OPP-003499,lead,2026-03-23,VEN-012
EVO-008274,OPP-003506,lead,2026-03-23,VEN-003
EVO-008275,OPP-003507,lead,2026-03-23,VEN-001
EVO-008276,OPP-003509,lead,2026-03-23,VEN-009
EVO-008277,OPP-003509,contactado,2026-03-23,VEN-009
EVO-008278,OPP-003464,lead,2026-03-24,VEN-003
EVO-008279,OPP-003471,lead,2026-03-24,VEN-003
EVO-008280,OPP-003471,contactado,2026-03-24,VEN-003
EVO-008281,OPP-003472,lead,2026-03-24,VEN-007
EVO-008282,OPP-003473,lead,2026-03-24,VEN-004
EVO-008283,OPP-003473,contactado,2026-03-24,VEN-004
EVO-008284,OPP-003473,calificado,2026-03-24,VEN-004
EVO-008285,OPP-003474,lead,2026-03-24,VEN-010
EVO-008286,OPP-003487,lead,2026-03-24,VEN-009
EVO-008287,OPP-003494,lead,2026-03-24,VEN-008
EVO-008288,OPP-003494,contactado,2026-03-24,VEN-008
EVO-008289,OPP-003496,lead,2026-03-24,VEN-007
EVO-008290,OPP-003498,contactado,2026-03-24,VEN-008
EVO-008291,OPP-003503,lead,2026-03-24,VEN-007
EVO-008292,OPP-003508,lead,2026-03-24,VEN-001
EVO-008293,OPP-003431,calificado,2026-03-25,VEN-010
EVO-008294,OPP-003442,calificado,2026-03-25,VEN-004
EVO-008295,OPP-003456,lead,2026-03-25,VEN-006
EVO-008296,OPP-003457,lead,2026-03-25,VEN-001
EVO-008297,OPP-003463,lead,2026-03-25,VEN-002
EVO-008298,OPP-003466,lead,2026-03-25,VEN-002
EVO-008299,OPP-003467,contactado,2026-03-25,VEN-003
EVO-008300,OPP-003467,calificado,2026-03-25,VEN-003
EVO-008301,OPP-003468,calificado,2026-03-25,VEN-005
EVO-008302,OPP-003470,lead,2026-03-25,VEN-001
EVO-008303,OPP-003479,lead,2026-03-25,VEN-001
EVO-008304,OPP-003481,lead,2026-03-25,VEN-006
EVO-008305,OPP-003494,calificado,2026-03-25,VEN-008
EVO-008306,OPP-003500,lead,2026-03-25,VEN-005
EVO-008307,OPP-003507,contactado,2026-03-25,VEN-001
EVO-008308,OPP-003425,propuesta,2026-03-26,VEN-001
EVO-008309,OPP-003425,cierre,2026-03-26,VEN-001
EVO-008310,OPP-003456,contactado,2026-03-26,VEN-006
EVO-008311,OPP-003457,contactado,2026-03-26,VEN-001
EVO-008312,OPP-003459,lead,2026-03-26,VEN-003
EVO-008313,OPP-003459,contactado,2026-03-26,VEN-003
EVO-008314,OPP-003464,contactado,2026-03-26,VEN-003
EVO-008315,OPP-003470,contactado,2026-03-26,VEN-001
EVO-008316,OPP-003475,lead,2026-03-26,VEN-001
EVO-008317,OPP-003476,lead,2026-03-26,VEN-004
EVO-008318,OPP-003476,contactado,2026-03-26,VEN-004
EVO-008319,OPP-003479,contactado,2026-03-26,VEN-001
EVO-008320,OPP-003480,lead,2026-03-26,VEN-006
EVO-008321,OPP-003482,lead,2026-03-26,VEN-008
EVO-008322,OPP-003483,lead,2026-03-26,VEN-012
EVO-008323,OPP-003485,lead,2026-03-26,VEN-001
EVO-008324,OPP-003486,lead,2026-03-26,VEN-011
EVO-008325,OPP-003490,contactado,2026-03-26,VEN-010
EVO-008326,OPP-003490,calificado,2026-03-26,VEN-010
EVO-008327,OPP-003491,lead,2026-03-26,VEN-001
EVO-008328,OPP-003497,lead,2026-03-26,VEN-011
EVO-008329,OPP-003497,contactado,2026-03-26,VEN-011
EVO-008330,OPP-003501,lead,2026-03-26,VEN-012
EVO-008331,OPP-003502,lead,2026-03-26,VEN-009
EVO-008332,OPP-003503,contactado,2026-03-26,VEN-007
EVO-008333,OPP-003458,lead,2026-03-27,VEN-007
EVO-008334,OPP-003458,contactado,2026-03-27,VEN-007
EVO-008335,OPP-003461,lead,2026-03-27,VEN-011
EVO-008336,OPP-003462,lead,2026-03-27,VEN-006
EVO-008337,OPP-003462,contactado,2026-03-27,VEN-006
EVO-008338,OPP-003463,contactado,2026-03-27,VEN-002
EVO-008339,OPP-003463,calificado,2026-03-27,VEN-002
EVO-008340,OPP-003465,lead,2026-03-27,VEN-005
EVO-008341,OPP-003469,lead,2026-03-27,VEN-002
EVO-008342,OPP-003477,lead,2026-03-27,VEN-004
EVO-008343,OPP-003478,lead,2026-03-27,VEN-003
EVO-008344,OPP-003478,contactado,2026-03-27,VEN-003
EVO-008345,OPP-003483,contactado,2026-03-27,VEN-012
EVO-008346,OPP-003484,lead,2026-03-27,VEN-001
EVO-008347,OPP-003485,contactado,2026-03-27,VEN-001
EVO-008348,OPP-003487,contactado,2026-03-27,VEN-009
EVO-008349,OPP-003488,lead,2026-03-27,VEN-005
EVO-008350,OPP-003492,lead,2026-03-27,VEN-005
EVO-008351,OPP-003492,contactado,2026-03-27,VEN-005
EVO-008352,OPP-003493,lead,2026-03-27,VEN-012
EVO-008353,OPP-003495,lead,2026-03-27,VEN-003
EVO-008354,OPP-003496,contactado,2026-03-27,VEN-007
EVO-008355,OPP-003498,calificado,2026-03-27,VEN-008
EVO-008356,OPP-003502,contactado,2026-03-27,VEN-009
EVO-008357,OPP-003504,lead,2026-03-27,VEN-004
EVO-008358,OPP-003505,lead,2026-03-27,VEN-008
EVO-008359,OPP-003507,calificado,2026-03-27,VEN-001
EVO-008360,OPP-003507,propuesta,2026-03-27,VEN-001
EVO-008361,OPP-003508,contactado,2026-03-27,VEN-001
EVO-008362,OPP-003510,lead,2026-03-27,VEN-003
EVO-008363,OPP-003431,propuesta,2026-03-28,VEN-010
EVO-008364,OPP-003465,contactado,2026-03-28,VEN-005
EVO-008365,OPP-003465,calificado,2026-03-28,VEN-005
EVO-008366,OPP-003467,propuesta,2026-03-28,VEN-003
EVO-008367,OPP-003470,calificado,2026-03-28,VEN-001
EVO-008368,OPP-003481,contactado,2026-03-28,VEN-006
EVO-008369,OPP-003484,contactado,2026-03-28,VEN-001
EVO-008370,OPP-003490,propuesta,2026-03-28,VEN-010
EVO-008371,OPP-003492,calificado,2026-03-28,VEN-005
EVO-008372,OPP-003494,propuesta,2026-03-28,VEN-008
EVO-008373,OPP-003496,calificado,2026-03-28,VEN-007
EVO-008374,OPP-003500,contactado,2026-03-28,VEN-005
EVO-008375,OPP-003501,contactado,2026-03-28,VEN-012
EVO-008376,OPP-003503,calificado,2026-03-28,VEN-007
EVO-008377,OPP-003505,contactado,2026-03-28,VEN-008
EVO-008378,OPP-003458,calificado,2026-03-29,VEN-007
EVO-008379,OPP-003464,calificado,2026-03-29,VEN-003
EVO-008380,OPP-003475,contactado,2026-03-29,VEN-001
EVO-008381,OPP-003476,calificado,2026-03-29,VEN-004
EVO-008382,OPP-003477,contactado,2026-03-29,VEN-004
EVO-008383,OPP-003480,contactado,2026-03-29,VEN-006
EVO-008384,OPP-003488,contactado,2026-03-29,VEN-005
EVO-008385,OPP-003488,calificado,2026-03-29,VEN-005
EVO-008386,OPP-003498,propuesta,2026-03-29,VEN-008
EVO-008387,OPP-003501,calificado,2026-03-29,VEN-012
EVO-008388,OPP-003462,calificado,2026-03-30,VEN-006
EVO-008389,OPP-003475,calificado,2026-03-30,VEN-001
EVO-008390,OPP-003485,calificado,2026-03-30,VEN-001
EVO-008391,OPP-003488,propuesta,2026-03-30,VEN-005
EVO-008392,OPP-003495,contactado,2026-03-30,VEN-003
EVO-008393,OPP-003504,contactado,2026-03-30,VEN-004
EVO-008394,OPP-003524,lead,2026-03-30,VEN-012
EVO-008395,OPP-003529,lead,2026-03-30,VEN-012
EVO-008396,OPP-003533,lead,2026-03-30,VEN-008
EVO-008397,OPP-003533,contactado,2026-03-30,VEN-008
EVO-008398,OPP-003544,lead,2026-03-30,VEN-004
EVO-008399,OPP-003546,lead,2026-03-30,VEN-011
EVO-008400,OPP-003551,lead,2026-03-30,VEN-004
EVO-008401,OPP-003551,contactado,2026-03-30,VEN-004
EVO-008402,OPP-003551,calificado,2026-03-30,VEN-004
EVO-008403,OPP-003556,lead,2026-03-30,VEN-003
EVO-008404,OPP-003488,cierre,2026-03-31,VEN-005
EVO-008405,OPP-003514,lead,2026-03-31,VEN-005
EVO-008406,OPP-003515,lead,2026-03-31,VEN-004
EVO-008407,OPP-003521,lead,2026-03-31,VEN-008
EVO-008408,OPP-003525,lead,2026-03-31,VEN-003
EVO-008409,OPP-003539,lead,2026-03-31,VEN-012
EVO-008410,OPP-003542,lead,2026-03-31,VEN-006
EVO-008411,OPP-003546,contactado,2026-03-31,VEN-011
EVO-008412,OPP-003546,calificado,2026-03-31,VEN-011
EVO-008413,OPP-003498,cierre,2026-04-01,VEN-008
EVO-008414,OPP-003513,lead,2026-04-01,VEN-004
EVO-008415,OPP-003515,contactado,2026-04-01,VEN-004
EVO-008416,OPP-003525,contactado,2026-04-01,VEN-003
EVO-008417,OPP-003526,lead,2026-04-01,VEN-011
EVO-008418,OPP-003526,contactado,2026-04-01,VEN-011
EVO-008419,OPP-003528,lead,2026-04-01,VEN-010
EVO-008420,OPP-003529,contactado,2026-04-01,VEN-012
EVO-008421,OPP-003532,lead,2026-04-01,VEN-004
EVO-008422,OPP-003534,lead,2026-04-01,VEN-007
EVO-008423,OPP-003536,lead,2026-04-01,VEN-002
EVO-008424,OPP-003543,lead,2026-04-01,VEN-010
EVO-008425,OPP-003545,lead,2026-04-01,VEN-006
EVO-008426,OPP-003547,lead,2026-04-01,VEN-001
EVO-008427,OPP-003549,lead,2026-04-01,VEN-002
EVO-008428,OPP-003549,contactado,2026-04-01,VEN-002
EVO-008429,OPP-003552,lead,2026-04-01,VEN-001
EVO-008430,OPP-003512,lead,2026-04-02,VEN-010
EVO-008431,OPP-003514,contactado,2026-04-02,VEN-005
EVO-008432,OPP-003516,lead,2026-04-02,VEN-007
EVO-008433,OPP-003518,lead,2026-04-02,VEN-011
EVO-008434,OPP-003520,lead,2026-04-02,VEN-010
EVO-008435,OPP-003524,contactado,2026-04-02,VEN-012
EVO-008436,OPP-003527,lead,2026-04-02,VEN-003
EVO-008437,OPP-003530,lead,2026-04-02,VEN-007
EVO-008438,OPP-003531,lead,2026-04-02,VEN-008
EVO-008439,OPP-003533,calificado,2026-04-02,VEN-008
EVO-008440,OPP-003535,lead,2026-04-02,VEN-012
EVO-008441,OPP-003535,contactado,2026-04-02,VEN-012
EVO-008442,OPP-003540,lead,2026-04-02,VEN-002
EVO-008443,OPP-003547,contactado,2026-04-02,VEN-001
EVO-008444,OPP-003550,lead,2026-04-02,VEN-002
EVO-008445,OPP-003553,lead,2026-04-02,VEN-005
EVO-008446,OPP-003557,lead,2026-04-02,VEN-006
EVO-008447,OPP-003557,contactado,2026-04-02,VEN-006
EVO-008448,OPP-003511,lead,2026-04-03,VEN-008
EVO-008449,OPP-003514,calificado,2026-04-03,VEN-005
EVO-008450,OPP-003517,lead,2026-04-03,VEN-001
EVO-008451,OPP-003519,lead,2026-04-03,VEN-002
EVO-008452,OPP-003522,lead,2026-04-03,VEN-004
EVO-008453,OPP-003523,lead,2026-04-03,VEN-007
EVO-008454,OPP-003534,contactado,2026-04-03,VEN-007
EVO-008455,OPP-003537,lead,2026-04-03,VEN-003
EVO-008456,OPP-003538,lead,2026-04-03,VEN-005
EVO-008457,OPP-003539,contactado,2026-04-03,VEN-012
EVO-008458,OPP-003541,lead,2026-04-03,VEN-010
EVO-008459,OPP-003543,contactado,2026-04-03,VEN-010
EVO-008460,OPP-003545,contactado,2026-04-03,VEN-006
EVO-008461,OPP-003547,calificado,2026-04-03,VEN-001
EVO-008462,OPP-003548,lead,2026-04-03,VEN-002
EVO-008463,OPP-003549,calificado,2026-04-03,VEN-002
EVO-008464,OPP-003554,lead,2026-04-03,VEN-005
EVO-008465,OPP-003555,lead,2026-04-03,VEN-011
EVO-008466,OPP-003558,lead,2026-04-03,VEN-005
EVO-008467,OPP-003512,contactado,2026-04-04,VEN-010
EVO-008468,OPP-003513,contactado,2026-04-04,VEN-004
EVO-008469,OPP-003514,propuesta,2026-04-04,VEN-005
EVO-008470,OPP-003525,calificado,2026-04-04,VEN-003
EVO-008471,OPP-003529,calificado,2026-04-04,VEN-012
EVO-008472,OPP-003535,calificado,2026-04-04,VEN-012
EVO-008473,OPP-003537,contactado,2026-04-04,VEN-003
EVO-008474,OPP-003543,calificado,2026-04-04,VEN-010
EVO-008475,OPP-003553,contactado,2026-04-04,VEN-005
EVO-008476,OPP-003557,calificado,2026-04-04,VEN-006
EVO-008477,OPP-003512,calificado,2026-04-05,VEN-010
EVO-008478,OPP-003516,contactado,2026-04-05,VEN-007
EVO-008479,OPP-003517,contactado,2026-04-05,VEN-001
EVO-008480,OPP-003519,contactado,2026-04-05,VEN-002
EVO-008481,OPP-003520,contactado,2026-04-05,VEN-010
EVO-008482,OPP-003531,contactado,2026-04-05,VEN-008
EVO-008483,OPP-003547,propuesta,2026-04-05,VEN-001
EVO-008484,OPP-003554,contactado,2026-04-05,VEN-005
EVO-008485,OPP-003523,contactado,2026-04-06,VEN-007
EVO-008486,OPP-003525,propuesta,2026-04-06,VEN-003
EVO-008487,OPP-003539,calificado,2026-04-06,VEN-012
EVO-008488,OPP-003541,contactado,2026-04-06,VEN-010
EVO-008489,OPP-003545,calificado,2026-04-06,VEN-006
EVO-008490,OPP-003548,contactado,2026-04-06,VEN-002
EVO-008491,OPP-003555,contactado,2026-04-06,VEN-011
EVO-008492,OPP-003563,lead,2026-04-06,VEN-007
EVO-008493,OPP-003570,lead,2026-04-06,VEN-008
EVO-008494,OPP-003579,lead,2026-04-06,VEN-005
EVO-008495,OPP-003580,lead,2026-04-06,VEN-012
EVO-008496,OPP-003582,lead,2026-04-06,VEN-003
EVO-008497,OPP-003598,lead,2026-04-06,VEN-008
EVO-008498,OPP-003599,lead,2026-04-06,VEN-004
EVO-008499,OPP-003602,lead,2026-04-06,VEN-010
EVO-008500,OPP-003606,lead,2026-04-06,VEN-010
EVO-008501,OPP-003611,lead,2026-04-06,VEN-004
EVO-008502,OPP-003613,lead,2026-04-06,VEN-010
EVO-008503,OPP-003616,lead,2026-04-06,VEN-009
EVO-008504,OPP-003537,calificado,2026-04-07,VEN-003
EVO-008505,OPP-003543,propuesta,2026-04-07,VEN-010
EVO-008506,OPP-003557,propuesta,2026-04-07,VEN-006
EVO-008507,OPP-003561,lead,2026-04-07,VEN-008
EVO-008508,OPP-003566,lead,2026-04-07,VEN-002
EVO-008509,OPP-003566,contactado,2026-04-07,VEN-002
EVO-008510,OPP-003572,lead,2026-04-07,VEN-009
EVO-008511,OPP-003578,lead,2026-04-07,VEN-004
EVO-008512,OPP-003578,contactado,2026-04-07,VEN-004
EVO-008513,OPP-003578,calificado,2026-04-07,VEN-004
EVO-008514,OPP-003586,lead,2026-04-07,VEN-003
EVO-008515,OPP-003590,lead,2026-04-07,VEN-011
EVO-008516,OPP-003590,contactado,2026-04-07,VEN-011
EVO-008517,OPP-003594,lead,2026-04-07,VEN-011
EVO-008518,OPP-003600,lead,2026-04-07,VEN-002
EVO-008519,OPP-003603,lead,2026-04-07,VEN-012
EVO-008520,OPP-003603,contactado,2026-04-07,VEN-012
EVO-008521,OPP-003612,lead,2026-04-07,VEN-008
EVO-008522,OPP-003554,calificado,2026-04-08,VEN-005
EVO-008523,OPP-003560,lead,2026-04-08,VEN-002
EVO-008524,OPP-003562,lead,2026-04-08,VEN-008
EVO-008525,OPP-003563,contactado,2026-04-08,VEN-007
EVO-008526,OPP-003564,lead,2026-04-08,VEN-002
EVO-008527,OPP-003566,calificado,2026-04-08,VEN-002
EVO-008528,OPP-003571,lead,2026-04-08,VEN-007
EVO-008529,OPP-003578,propuesta,2026-04-08,VEN-004
EVO-008530,OPP-003581,lead,2026-04-08,VEN-011
EVO-008531,OPP-003582,contactado,2026-04-08,VEN-003
EVO-008532,OPP-003583,lead,2026-04-08,VEN-001
EVO-008533,OPP-003596,lead,2026-04-08,VEN-003
EVO-008534,OPP-003605,lead,2026-04-08,VEN-009
EVO-008535,OPP-003605,contactado,2026-04-08,VEN-009
EVO-008536,OPP-003608,lead,2026-04-08,VEN-003
EVO-008537,OPP-003616,contactado,2026-04-08,VEN-009
EVO-008538,OPP-003616,calificado,2026-04-08,VEN-009
EVO-008539,OPP-003523,calificado,2026-04-09,VEN-007
EVO-008540,OPP-003539,propuesta,2026-04-09,VEN-012
EVO-008541,OPP-003559,lead,2026-04-09,VEN-005
EVO-008542,OPP-003559,contactado,2026-04-09,VEN-005
EVO-008543,OPP-003563,calificado,2026-04-09,VEN-007
EVO-008544,OPP-003565,lead,2026-04-09,VEN-010
EVO-008545,OPP-003565,contactado,2026-04-09,VEN-010
EVO-008546,OPP-003571,contactado,2026-04-09,VEN-007
EVO-008547,OPP-003573,lead,2026-04-09,VEN-008
EVO-008548,OPP-003575,lead,2026-04-09,VEN-004
EVO-008549,OPP-003576,lead,2026-04-09,VEN-011
EVO-008550,OPP-003577,lead,2026-04-09,VEN-008
EVO-008551,OPP-003579,contactado,2026-04-09,VEN-005
EVO-008552,OPP-003580,contactado,2026-04-09,VEN-012
EVO-008553,OPP-003585,lead,2026-04-09,VEN-011
EVO-008554,OPP-003587,lead,2026-04-09,VEN-001
EVO-008555,OPP-003593,lead,2026-04-09,VEN-007
EVO-008556,OPP-003595,lead,2026-04-09,VEN-002
EVO-008557,OPP-003601,lead,2026-04-09,VEN-007
EVO-008558,OPP-003602,contactado,2026-04-09,VEN-010
EVO-008559,OPP-003602,calificado,2026-04-09,VEN-010
EVO-008560,OPP-003606,contactado,2026-04-09,VEN-010
EVO-008561,OPP-003609,lead,2026-04-09,VEN-011
EVO-008562,OPP-003614,lead,2026-04-09,VEN-001
EVO-008563,OPP-003614,contactado,2026-04-09,VEN-001
EVO-008564,OPP-003616,propuesta,2026-04-09,VEN-009
EVO-008565,OPP-003537,propuesta,2026-04-10,VEN-003
EVO-008566,OPP-003565,calificado,2026-04-10,VEN-010
EVO-008567,OPP-003567,lead,2026-04-10,VEN-009
EVO-008568,OPP-003568,lead,2026-04-10,VEN-011
EVO-008569,OPP-003568,contactado,2026-04-10,VEN-011
EVO-008570,OPP-003569,lead,2026-04-10,VEN-010
EVO-008571,OPP-003569,contactado,2026-04-10,VEN-010
EVO-008572,OPP-003569,calificado,2026-04-10,VEN-010
EVO-008573,OPP-003572,contactado,2026-04-10,VEN-009
EVO-008574,OPP-003574,lead,2026-04-10,VEN-008
EVO-008575,OPP-003582,calificado,2026-04-10,VEN-003
EVO-008576,OPP-003584,lead,2026-04-10,VEN-012
EVO-008577,OPP-003588,lead,2026-04-10,VEN-005
EVO-008578,OPP-003588,contactado,2026-04-10,VEN-005
EVO-008579,OPP-003589,lead,2026-04-10,VEN-009
EVO-008580,OPP-003591,lead,2026-04-10,VEN-010
EVO-008581,OPP-003592,lead,2026-04-10,VEN-002
EVO-008582,OPP-003596,contactado,2026-04-10,VEN-003
EVO-008583,OPP-003597,lead,2026-04-10,VEN-004
EVO-008584,OPP-003597,contactado,2026-04-10,VEN-004
EVO-008585,OPP-003600,contactado,2026-04-10,VEN-002
EVO-008586,OPP-003604,lead,2026-04-10,VEN-011
EVO-008587,OPP-003607,lead,2026-04-10,VEN-012
EVO-008588,OPP-003610,lead,2026-04-10,VEN-009
EVO-008589,OPP-003610,contactado,2026-04-10,VEN-009
EVO-008590,OPP-003610,calificado,2026-04-10,VEN-009
EVO-008591,OPP-003610,propuesta,2026-04-10,VEN-009
EVO-008592,OPP-003615,lead,2026-04-10,VEN-005
EVO-008593,OPP-003615,contactado,2026-04-10,VEN-005
EVO-008594,OPP-003562,contactado,2026-04-11,VEN-008
EVO-008595,OPP-003566,propuesta,2026-04-11,VEN-002
EVO-008596,OPP-003566,cierre,2026-04-11,VEN-002
EVO-008597,OPP-003571,calificado,2026-04-11,VEN-007
EVO-008598,OPP-003574,contactado,2026-04-11,VEN-008
EVO-008599,OPP-003575,contactado,2026-04-11,VEN-004
EVO-008600,OPP-003578,cierre,2026-04-11,VEN-004
EVO-008601,OPP-003585,contactado,2026-04-11,VEN-011
EVO-008602,OPP-003588,calificado,2026-04-11,VEN-005
EVO-008603,OPP-003589,contactado,2026-04-11,VEN-009
EVO-008604,OPP-003589,calificado,2026-04-11,VEN-009
EVO-008605,OPP-003602,propuesta,2026-04-11,VEN-010
EVO-008606,OPP-003607,contactado,2026-04-11,VEN-012
EVO-008607,OPP-003580,calificado,2026-04-12,VEN-012
EVO-008608,OPP-003584,contactado,2026-04-12,VEN-012
EVO-008609,OPP-003587,contactado,2026-04-12,VEN-001
EVO-008610,OPP-003587,calificado,2026-04-12,VEN-001
EVO-008611,OPP-003593,contactado,2026-04-12,VEN-007
EVO-008612,OPP-003596,calificado,2026-04-12,VEN-003
EVO-008613,OPP-003600,calificado,2026-04-12,VEN-002
EVO-008614,OPP-003604,contactado,2026-04-12,VEN-011
EVO-008615,OPP-003567,contactado,2026-04-13,VEN-009
EVO-008616,OPP-003568,calificado,2026-04-13,VEN-011
EVO-008617,OPP-003575,calificado,2026-04-13,VEN-004
EVO-008618,OPP-003593,calificado,2026-04-13,VEN-007
EVO-008619,OPP-003597,calificado,2026-04-13,VEN-004
EVO-008620,OPP-003607,calificado,2026-04-13,VEN-012
EVO-008621,OPP-003621,lead,2026-04-13,VEN-009
EVO-008622,OPP-003623,lead,2026-04-13,VEN-006
EVO-008623,OPP-003630,lead,2026-04-13,VEN-001
EVO-008624,OPP-003641,lead,2026-04-13,VEN-011
EVO-008625,OPP-003648,lead,2026-04-13,VEN-006
EVO-008626,OPP-003653,lead,2026-04-13,VEN-011
EVO-008627,OPP-003653,contactado,2026-04-13,VEN-011
EVO-008628,OPP-003657,lead,2026-04-13,VEN-011
EVO-008629,OPP-003670,lead,2026-04-13,VEN-002
EVO-008630,OPP-003671,lead,2026-04-13,VEN-004
EVO-008631,OPP-003675,lead,2026-04-13,VEN-003
EVO-008632,OPP-003677,lead,2026-04-13,VEN-001
EVO-008633,OPP-003562,calificado,2026-04-14,VEN-008
EVO-008634,OPP-003567,calificado,2026-04-14,VEN-009
EVO-008635,OPP-003571,propuesta,2026-04-14,VEN-007
EVO-008636,OPP-003574,calificado,2026-04-14,VEN-008
EVO-008637,OPP-003597,propuesta,2026-04-14,VEN-004
EVO-008638,OPP-003604,calificado,2026-04-14,VEN-011
EVO-008639,OPP-003625,lead,2026-04-14,VEN-005
EVO-008640,OPP-003626,lead,2026-04-14,VEN-002
EVO-008641,OPP-003626,contactado,2026-04-14,VEN-002
EVO-008642,OPP-003631,lead,2026-04-14,VEN-007
EVO-008643,OPP-003632,lead,2026-04-14,VEN-011
EVO-008644,OPP-003632,contactado,2026-04-14,VEN-011
EVO-008645,OPP-003634,lead,2026-04-14,VEN-007
EVO-008646,OPP-003639,lead,2026-04-14,VEN-001
EVO-008647,OPP-003644,lead,2026-04-14,VEN-004
EVO-008648,OPP-003645,lead,2026-04-14,VEN-004
EVO-008649,OPP-003656,lead,2026-04-14,VEN-002
EVO-008650,OPP-003658,lead,2026-04-14,VEN-008
EVO-008651,OPP-003661,lead,2026-04-14,VEN-003
EVO-008652,OPP-003664,lead,2026-04-14,VEN-002
EVO-008653,OPP-003664,contactado,2026-04-14,VEN-002
EVO-008654,OPP-003664,calificado,2026-04-14,VEN-002
EVO-008655,OPP-003669,lead,2026-04-14,VEN-011
EVO-008656,OPP-003669,contactado,2026-04-14,VEN-011
EVO-008657,OPP-003670,contactado,2026-04-14,VEN-002
EVO-008658,OPP-003674,lead,2026-04-14,VEN-006
EVO-008659,OPP-003676,lead,2026-04-14,VEN-011
EVO-008660,OPP-003676,contactado,2026-04-14,VEN-011
EVO-008661,OPP-003678,lead,2026-04-14,VEN-007
EVO-008662,OPP-003678,contactado,2026-04-14,VEN-007
EVO-008663,OPP-003574,propuesta,2026-04-15,VEN-008
EVO-008664,OPP-003580,propuesta,2026-04-15,VEN-012
EVO-008665,OPP-003584,calificado,2026-04-15,VEN-012
EVO-008666,OPP-003617,lead,2026-04-15,VEN-005
EVO-008667,OPP-003617,contactado,2026-04-15,VEN-005
EVO-008668,OPP-003618,lead,2026-04-15,VEN-002
EVO-008669,OPP-003618,contactado,2026-04-15,VEN-002
EVO-008670,OPP-003619,lead,2026-04-15,VEN-011
EVO-008671,OPP-003622,lead,2026-04-15,VEN-002
EVO-008672,OPP-003629,lead,2026-04-15,VEN-011
EVO-008673,OPP-003629,contactado,2026-04-15,VEN-011
EVO-008674,OPP-003639,contactado,2026-04-15,VEN-001
EVO-008675,OPP-003640,lead,2026-04-15,VEN-007
EVO-008676,OPP-003641,contactado,2026-04-15,VEN-011
EVO-008677,OPP-003642,lead,2026-04-15,VEN-005
EVO-008678,OPP-003645,contactado,2026-04-15,VEN-004
EVO-008679,OPP-003648,contactado,2026-04-15,VEN-006
EVO-008680,OPP-003655,lead,2026-04-15,VEN-011
EVO-008681,OPP-003659,lead,2026-04-15,VEN-010
EVO-008682,OPP-003660,lead,2026-04-15,VEN-002
EVO-008683,OPP-003662,lead,2026-04-15,VEN-009
EVO-008684,OPP-003663,lead,2026-04-15,VEN-011
EVO-008685,OPP-003668,lead,2026-04-15,VEN-011
EVO-008686,OPP-003669,calificado,2026-04-15,VEN-011
EVO-008687,OPP-003671,contactado,2026-04-15,VEN-004
EVO-008688,OPP-003675,contactado,2026-04-15,VEN-003
EVO-008689,OPP-003680,lead,2026-04-15,VEN-011
EVO-008690,OPP-003575,propuesta,2026-04-16,VEN-004
EVO-008691,OPP-003618,calificado,2026-04-16,VEN-002
EVO-008692,OPP-003619,contactado,2026-04-16,VEN-011
EVO-008693,OPP-003620,lead,2026-04-16,VEN-008
EVO-008694,OPP-003627,lead,2026-04-16,VEN-005
EVO-008695,OPP-003632,calificado,2026-04-16,VEN-011
EVO-008696,OPP-003633,lead,2026-04-16,VEN-009
EVO-008697,OPP-003637,lead,2026-04-16,VEN-012
EVO-008698,OPP-003637,contactado,2026-04-16,VEN-012
EVO-008699,OPP-003638,lead,2026-04-16,VEN-003
EVO-008700,OPP-003639,calificado,2026-04-16,VEN-001
EVO-008701,OPP-003643,lead,2026-04-16,VEN-002
EVO-008702,OPP-003644,contactado,2026-04-16,VEN-004
EVO-008703,OPP-003646,lead,2026-04-16,VEN-007
EVO-008704,OPP-003647,lead,2026-04-16,VEN-007
EVO-008705,OPP-003651,lead,2026-04-16,VEN-011
EVO-008706,OPP-003654,lead,2026-04-16,VEN-005
EVO-008707,OPP-003654,contactado,2026-04-16,VEN-005
EVO-008708,OPP-003654,calificado,2026-04-16,VEN-005
EVO-008709,OPP-003657,contactado,2026-04-16,VEN-011
EVO-008710,OPP-003665,lead,2026-04-16,VEN-006
EVO-008711,OPP-003666,lead,2026-04-16,VEN-010
EVO-008712,OPP-003670,calificado,2026-04-16,VEN-002
EVO-008713,OPP-003679,lead,2026-04-16,VEN-004
EVO-008714,OPP-003680,contactado,2026-04-16,VEN-011
EVO-008715,OPP-003567,propuesta,2026-04-17,VEN-009
EVO-008716,OPP-003624,lead,2026-04-17,VEN-003
EVO-008717,OPP-003625,contactado,2026-04-17,VEN-005
EVO-008718,OPP-003625,calificado,2026-04-17,VEN-005
EVO-008719,OPP-003626,calificado,2026-04-17,VEN-002
EVO-008720,OPP-003628,lead,2026-04-17,VEN-002
EVO-008721,OPP-003631,contactado,2026-04-17,VEN-007
EVO-008722,OPP-003635,lead,2026-04-17,VEN-009
EVO-008723,OPP-003636,lead,2026-04-17,VEN-010
EVO-008724,OPP-003643,contactado,2026-04-17,VEN-002
EVO-008725,OPP-003649,lead,2026-04-17,VEN-004
EVO-008726,OPP-003650,lead,2026-04-17,VEN-004
EVO-008727,OPP-003652,lead,2026-04-17,VEN-005
EVO-008728,OPP-003666,contactado,2026-04-17,VEN-010
EVO-008729,OPP-003667,lead,2026-04-17,VEN-010
EVO-008730,OPP-003668,contactado,2026-04-17,VEN-011
EVO-008731,OPP-003672,lead,2026-04-17,VEN-004
EVO-008732,OPP-003673,lead,2026-04-17,VEN-003
EVO-008733,OPP-003676,calificado,2026-04-17,VEN-011
EVO-008734,OPP-003680,calificado,2026-04-17,VEN-011
EVO-008735,OPP-003574,cierre,2026-04-18,VEN-008
EVO-008736,OPP-003620,contactado,2026-04-18,VEN-008
EVO-008737,OPP-003624,contactado,2026-04-18,VEN-003
EVO-008738,OPP-003626,propuesta,2026-04-18,VEN-002
EVO-008739,OPP-003633,contactado,2026-04-18,VEN-009
EVO-008740,OPP-003645,calificado,2026-04-18,VEN-004
EVO-008741,OPP-003650,contactado,2026-04-18,VEN-004
EVO-008742,OPP-003652,contactado,2026-04-18,VEN-005
EVO-008743,OPP-003659,contactado,2026-04-18,VEN-010
EVO-008744,OPP-003663,contactado,2026-04-18,VEN-011
EVO-008745,OPP-003663,calificado,2026-04-18,VEN-011
EVO-008746,OPP-003667,contactado,2026-04-18,VEN-010
EVO-008747,OPP-003668,calificado,2026-04-18,VEN-011
EVO-008748,OPP-003619,calificado,2026-04-19,VEN-011
EVO-008749,OPP-003620,calificado,2026-04-19,VEN-008
EVO-008750,OPP-003638,contactado,2026-04-19,VEN-003
EVO-008751,OPP-003646,contactado,2026-04-19,VEN-007
EVO-008752,OPP-003647,contactado,2026-04-19,VEN-007
EVO-008753,OPP-003649,contactado,2026-04-19,VEN-004
EVO-008754,OPP-003649,calificado,2026-04-19,VEN-004
EVO-008755,OPP-003657,calificado,2026-04-19,VEN-011
EVO-008756,OPP-003659,calificado,2026-04-19,VEN-010
EVO-008757,OPP-003667,calificado,2026-04-19,VEN-010
EVO-008758,OPP-003567,cierre,2026-04-20,VEN-009
EVO-008759,OPP-003643,calificado,2026-04-20,VEN-002
EVO-008760,OPP-003645,propuesta,2026-04-20,VEN-004
EVO-008761,OPP-003650,calificado,2026-04-20,VEN-004
EVO-008762,OPP-003663,propuesta,2026-04-20,VEN-011
EVO-008763,OPP-003666,calificado,2026-04-20,VEN-010
EVO-008764,OPP-003673,contactado,2026-04-20,VEN-003
EVO-008765,OPP-003683,lead,2026-04-20,VEN-010
EVO-008766,OPP-003689,lead,2026-04-20,VEN-004
EVO-008767,OPP-003690,lead,2026-04-20,VEN-004
EVO-008768,OPP-003690,contactado,2026-04-20,VEN-004
EVO-008769,OPP-003702,lead,2026-04-20,VEN-006
EVO-008770,OPP-003707,lead,2026-04-20,VEN-001
EVO-008771,OPP-003708,lead,2026-04-20,VEN-007
EVO-008772,OPP-003716,lead,2026-04-20,VEN-009
EVO-008773,OPP-003720,lead,2026-04-20,VEN-001
EVO-008774,OPP-003686,lead,2026-04-21,VEN-011
EVO-008775,OPP-003688,lead,2026-04-21,VEN-001
EVO-008776,OPP-003698,lead,2026-04-21,VEN-010
EVO-008777,OPP-003699,lead,2026-04-21,VEN-008
EVO-008778,OPP-003700,lead,2026-04-21,VEN-010
EVO-008779,OPP-003701,lead,2026-04-21,VEN-010
EVO-008780,OPP-003703,lead,2026-04-21,VEN-012
EVO-008781,OPP-003705,lead,2026-04-21,VEN-001
EVO-008782,OPP-003711,lead,2026-04-21,VEN-009
EVO-008783,OPP-003714,lead,2026-04-21,VEN-003
EVO-008784,OPP-003715,lead,2026-04-21,VEN-006
EVO-008785,OPP-003718,lead,2026-04-21,VEN-007
EVO-008786,OPP-003720,contactado,2026-04-21,VEN-001
EVO-008787,OPP-003682,lead,2026-04-22,VEN-005
EVO-008788,OPP-003682,contactado,2026-04-22,VEN-005
EVO-008789,OPP-003683,contactado,2026-04-22,VEN-010
EVO-008790,OPP-003687,lead,2026-04-22,VEN-003
EVO-008791,OPP-003688,contactado,2026-04-22,VEN-001
EVO-008792,OPP-003688,calificado,2026-04-22,VEN-001
EVO-008793,OPP-003689,contactado,2026-04-22,VEN-004
EVO-008794,OPP-003689,calificado,2026-04-22,VEN-004
EVO-008795,OPP-003699,contactado,2026-04-22,VEN-008
EVO-008796,OPP-003702,contactado,2026-04-22,VEN-006
EVO-008797,OPP-003706,lead,2026-04-22,VEN-010
EVO-008798,OPP-003707,contactado,2026-04-22,VEN-001
EVO-008799,OPP-003708,contactado,2026-04-22,VEN-007
EVO-008800,OPP-003710,lead,2026-04-22,VEN-005
EVO-008801,OPP-003710,contactado,2026-04-22,VEN-005
EVO-008802,OPP-003710,calificado,2026-04-22,VEN-005
EVO-008803,OPP-003712,lead,2026-04-22,VEN-006
EVO-008804,OPP-003721,lead,2026-04-22,VEN-001
EVO-008805,OPP-003722,lead,2026-04-22,VEN-009
EVO-008806,OPP-003684,lead,2026-04-23,VEN-012
EVO-008807,OPP-003686,contactado,2026-04-23,VEN-011
EVO-008808,OPP-003687,contactado,2026-04-23,VEN-003
EVO-008809,OPP-003695,lead,2026-04-23,VEN-006
EVO-008810,OPP-003697,lead,2026-04-23,VEN-002
EVO-008811,OPP-003698,contactado,2026-04-23,VEN-010
EVO-008812,OPP-003701,contactado,2026-04-23,VEN-010
EVO-008813,OPP-003702,calificado,2026-04-23,VEN-006
EVO-008814,OPP-003704,lead,2026-04-23,VEN-011
EVO-008815,OPP-003707,calificado,2026-04-23,VEN-001
EVO-008816,OPP-003709,lead,2026-04-23,VEN-005
EVO-008817,OPP-003713,lead,2026-04-23,VEN-004
EVO-008818,OPP-003715,contactado,2026-04-23,VEN-006
EVO-008819,OPP-003716,contactado,2026-04-23,VEN-009
EVO-008820,OPP-003722,contactado,2026-04-23,VEN-009
EVO-008821,OPP-003724,lead,2026-04-23,VEN-010
EVO-008822,OPP-003726,lead,2026-04-23,VEN-010
EVO-008823,OPP-003681,lead,2026-04-24,VEN-002
EVO-008824,OPP-003682,calificado,2026-04-24,VEN-005
EVO-008825,OPP-003682,propuesta,2026-04-24,VEN-005
EVO-008826,OPP-003684,contactado,2026-04-24,VEN-012
EVO-008827,OPP-003685,lead,2026-04-24,VEN-003
EVO-008828,OPP-003685,contactado,2026-04-24,VEN-003
EVO-008829,OPP-003689,propuesta,2026-04-24,VEN-004
EVO-008830,OPP-003691,lead,2026-04-24,VEN-003
EVO-008831,OPP-003692,lead,2026-04-24,VEN-002
EVO-008832,OPP-003693,lead,2026-04-24,VEN-001
EVO-008833,OPP-003694,lead,2026-04-24,VEN-005
EVO-008834,OPP-003696,lead,2026-04-24,VEN-003
EVO-008835,OPP-003697,contactado,2026-04-24,VEN-002
EVO-008836,OPP-003700,contactado,2026-04-24,VEN-010
EVO-008837,OPP-003702,propuesta,2026-04-24,VEN-006
EVO-008838,OPP-003705,contactado,2026-04-24,VEN-001
EVO-008839,OPP-003711,contactado,2026-04-24,VEN-009
EVO-008840,OPP-003715,calificado,2026-04-24,VEN-006
EVO-008841,OPP-003716,calificado,2026-04-24,VEN-009
EVO-008842,OPP-003717,lead,2026-04-24,VEN-004
EVO-008843,OPP-003718,contactado,2026-04-24,VEN-007
EVO-008844,OPP-003718,calificado,2026-04-24,VEN-007
EVO-008845,OPP-003719,lead,2026-04-24,VEN-004
EVO-008846,OPP-003722,calificado,2026-04-24,VEN-009
EVO-008847,OPP-003723,lead,2026-04-24,VEN-004
EVO-008848,OPP-003725,lead,2026-04-24,VEN-009
EVO-008849,OPP-003726,contactado,2026-04-24,VEN-010
EVO-008850,OPP-003684,calificado,2026-04-25,VEN-012
EVO-008851,OPP-003691,contactado,2026-04-25,VEN-003
EVO-008852,OPP-003692,contactado,2026-04-25,VEN-002
EVO-008853,OPP-003696,contactado,2026-04-25,VEN-003
EVO-008854,OPP-003699,calificado,2026-04-25,VEN-008
EVO-008855,OPP-003708,calificado,2026-04-25,VEN-007
EVO-008856,OPP-003712,contactado,2026-04-25,VEN-006
EVO-008857,OPP-003717,contactado,2026-04-25,VEN-004
EVO-008858,OPP-003717,calificado,2026-04-25,VEN-004
EVO-008859,OPP-003721,contactado,2026-04-25,VEN-001
EVO-008860,OPP-003725,contactado,2026-04-25,VEN-009
EVO-008861,OPP-003725,calificado,2026-04-25,VEN-009
EVO-008862,OPP-003691,calificado,2026-04-26,VEN-003
EVO-008863,OPP-003692,calificado,2026-04-26,VEN-002
EVO-008864,OPP-003694,contactado,2026-04-26,VEN-005
EVO-008865,OPP-003697,calificado,2026-04-26,VEN-002
EVO-008866,OPP-003697,propuesta,2026-04-26,VEN-002
EVO-008867,OPP-003699,propuesta,2026-04-26,VEN-008
EVO-008868,OPP-003701,calificado,2026-04-26,VEN-010
EVO-008869,OPP-003708,propuesta,2026-04-26,VEN-007
EVO-008870,OPP-003709,contactado,2026-04-26,VEN-005
EVO-008871,OPP-003711,calificado,2026-04-26,VEN-009
EVO-008872,OPP-003712,calificado,2026-04-26,VEN-006
EVO-008873,OPP-003723,contactado,2026-04-26,VEN-004
EVO-008874,OPP-003723,calificado,2026-04-26,VEN-004
EVO-008875,OPP-003681,contactado,2026-04-27,VEN-002
EVO-008876,OPP-003700,calificado,2026-04-27,VEN-010
EVO-008877,OPP-003700,propuesta,2026-04-27,VEN-010
EVO-008878,OPP-003705,calificado,2026-04-27,VEN-001
EVO-008879,OPP-003718,propuesta,2026-04-27,VEN-007
EVO-008880,OPP-003721,calificado,2026-04-27,VEN-001
EVO-008881,OPP-003727,lead,2026-04-27,VEN-012
EVO-008882,OPP-003729,lead,2026-04-27,VEN-005
EVO-008883,OPP-003738,lead,2026-04-27,VEN-009
EVO-008884,OPP-003743,lead,2026-04-27,VEN-008
EVO-008885,OPP-003743,contactado,2026-04-27,VEN-008
EVO-008886,OPP-003743,calificado,2026-04-27,VEN-008
EVO-008887,OPP-003745,lead,2026-04-27,VEN-010
EVO-008888,OPP-003752,lead,2026-04-27,VEN-003
EVO-008889,OPP-003753,lead,2026-04-27,VEN-001
EVO-008890,OPP-003767,lead,2026-04-27,VEN-007
EVO-008891,OPP-003771,lead,2026-04-27,VEN-010
EVO-008892,OPP-003771,contactado,2026-04-27,VEN-010
EVO-008893,OPP-003774,lead,2026-04-27,VEN-005
EVO-008894,OPP-003776,lead,2026-04-27,VEN-008
EVO-008895,OPP-003778,lead,2026-04-27,VEN-004
EVO-008896,OPP-003784,lead,2026-04-27,VEN-003
EVO-008897,OPP-003786,lead,2026-04-27,VEN-006
EVO-008898,OPP-003709,calificado,2026-04-28,VEN-005
EVO-008899,OPP-003718,cierre,2026-04-28,VEN-007
EVO-008900,OPP-003727,contactado,2026-04-28,VEN-012
EVO-008901,OPP-003727,calificado,2026-04-28,VEN-012
EVO-008902,OPP-003731,lead,2026-04-28,VEN-006
EVO-008903,OPP-003733,lead,2026-04-28,VEN-009
EVO-008904,OPP-003738,contactado,2026-04-28,VEN-009
EVO-008905,OPP-003742,lead,2026-04-28,VEN-004
EVO-008906,OPP-003747,lead,2026-04-28,VEN-008
EVO-008907,OPP-003754,lead,2026-04-28,VEN-012
EVO-008908,OPP-003758,lead,2026-04-28,VEN-008
EVO-008909,OPP-003765,lead,2026-04-28,VEN-012
EVO-008910,OPP-003766,lead,2026-04-28,VEN-005
EVO-008911,OPP-003770,lead,2026-04-28,VEN-009
EVO-008912,OPP-003782,lead,2026-04-28,VEN-011
EVO-008913,OPP-003711,propuesta,2026-04-29,VEN-009
EVO-008914,OPP-003731,contactado,2026-04-29,VEN-006
EVO-008915,OPP-003732,lead,2026-04-29,VEN-006
EVO-008916,OPP-003732,contactado,2026-04-29,VEN-006
EVO-008917,OPP-003732,calificado,2026-04-29,VEN-006
EVO-008918,OPP-003734,lead,2026-04-29,VEN-008
EVO-008919,OPP-003737,lead,2026-04-29,VEN-010
EVO-008920,OPP-003738,calificado,2026-04-29,VEN-009
EVO-008921,OPP-003739,lead,2026-04-29,VEN-002
EVO-008922,OPP-003744,lead,2026-04-29,VEN-003
EVO-008923,OPP-003752,contactado,2026-04-29,VEN-003
EVO-008924,OPP-003759,lead,2026-04-29,VEN-012
EVO-008925,OPP-003761,lead,2026-04-29,VEN-002
EVO-008926,OPP-003761,contactado,2026-04-29,VEN-002
EVO-008927,OPP-003761,calificado,2026-04-29,VEN-002
EVO-008928,OPP-003762,lead,2026-04-29,VEN-002
EVO-008929,OPP-003765,contactado,2026-04-29,VEN-012
EVO-008930,OPP-003766,contactado,2026-04-29,VEN-005
EVO-008931,OPP-003766,calificado,2026-04-29,VEN-005
EVO-008932,OPP-003769,lead,2026-04-29,VEN-003
EVO-008933,OPP-003775,lead,2026-04-29,VEN-007
EVO-008934,OPP-003776,contactado,2026-04-29,VEN-008
EVO-008935,OPP-003783,lead,2026-04-29,VEN-008
EVO-008936,OPP-003783,contactado,2026-04-29,VEN-008
EVO-008937,OPP-003783,calificado,2026-04-29,VEN-008
EVO-008938,OPP-003705,propuesta,2026-04-30,VEN-001
EVO-008939,OPP-003727,propuesta,2026-04-30,VEN-012
EVO-008940,OPP-003728,lead,2026-04-30,VEN-004
EVO-008941,OPP-003729,contactado,2026-04-30,VEN-005
EVO-008942,OPP-003729,calificado,2026-04-30,VEN-005
EVO-008943,OPP-003730,lead,2026-04-30,VEN-006
EVO-008944,OPP-003730,contactado,2026-04-30,VEN-006
EVO-008945,OPP-003732,propuesta,2026-04-30,VEN-006
EVO-008946,OPP-003736,lead,2026-04-30,VEN-010
EVO-008947,OPP-003739,contactado,2026-04-30,VEN-002
EVO-008948,OPP-003740,lead,2026-04-30,VEN-001
EVO-008949,OPP-003745,contactado,2026-04-30,VEN-010
EVO-008950,OPP-003746,lead,2026-04-30,VEN-005
EVO-008951,OPP-003748,lead,2026-04-30,VEN-005
EVO-008952,OPP-003753,contactado,2026-04-30,VEN-001
EVO-008953,OPP-003755,lead,2026-04-30,VEN-002
EVO-008954,OPP-003758,contactado,2026-04-30,VEN-008
EVO-008955,OPP-003762,contactado,2026-04-30,VEN-002
EVO-008956,OPP-003763,lead,2026-04-30,VEN-008
EVO-008957,OPP-003764,lead,2026-04-30,VEN-003
EVO-008958,OPP-003767,contactado,2026-04-30,VEN-007
EVO-008959,OPP-003768,lead,2026-04-30,VEN-005
EVO-008960,OPP-003772,lead,2026-04-30,VEN-004
EVO-008961,OPP-003773,lead,2026-04-30,VEN-008
EVO-008962,OPP-003774,contactado,2026-04-30,VEN-005
EVO-008963,OPP-003780,lead,2026-04-30,VEN-009
EVO-008964,OPP-003784,contactado,2026-04-30,VEN-003
EVO-008965,OPP-003786,contactado,2026-04-30,VEN-006
EVO-008966,OPP-003786,calificado,2026-04-30,VEN-006
EVO-008967,OPP-003728,contactado,2026-05-01,VEN-004
EVO-008968,OPP-003735,lead,2026-05-01,VEN-004
EVO-008969,OPP-003735,contactado,2026-05-01,VEN-004
EVO-008970,OPP-003737,contactado,2026-05-01,VEN-010
EVO-008971,OPP-003741,lead,2026-05-01,VEN-012
EVO-008972,OPP-003749,lead,2026-05-01,VEN-007
EVO-008973,OPP-003750,lead,2026-05-01,VEN-011
EVO-008974,OPP-003750,contactado,2026-05-01,VEN-011
EVO-008975,OPP-003751,lead,2026-05-01,VEN-001
EVO-008976,OPP-003751,contactado,2026-05-01,VEN-001
EVO-008977,OPP-003754,contactado,2026-05-01,VEN-012
EVO-008978,OPP-003756,lead,2026-05-01,VEN-002
EVO-008979,OPP-003757,lead,2026-05-01,VEN-002
EVO-008980,OPP-003759,contactado,2026-05-01,VEN-012
EVO-008981,OPP-003760,lead,2026-05-01,VEN-009
EVO-008982,OPP-003772,contactado,2026-05-01,VEN-004
EVO-008983,OPP-003772,calificado,2026-05-01,VEN-004
EVO-008984,OPP-003776,calificado,2026-05-01,VEN-008
EVO-008985,OPP-003777,lead,2026-05-01,VEN-003
EVO-008986,OPP-003779,lead,2026-05-01,VEN-001
EVO-008987,OPP-003781,lead,2026-05-01,VEN-010
EVO-008988,OPP-003785,lead,2026-05-01,VEN-009
EVO-008989,OPP-003734,contactado,2026-05-02,VEN-008
EVO-008990,OPP-003748,contactado,2026-05-02,VEN-005
EVO-008991,OPP-003749,contactado,2026-05-02,VEN-007
EVO-008992,OPP-003758,calificado,2026-05-02,VEN-008
EVO-008993,OPP-003769,contactado,2026-05-02,VEN-003
EVO-008994,OPP-003773,contactado,2026-05-02,VEN-008
EVO-008995,OPP-003775,contactado,2026-05-02,VEN-007
EVO-008996,OPP-003775,calificado,2026-05-02,VEN-007
EVO-008997,OPP-003777,contactado,2026-05-02,VEN-003
EVO-008998,OPP-003779,contactado,2026-05-02,VEN-001
EVO-008999,OPP-003727,cierre,2026-05-03,VEN-012
EVO-009000,OPP-003732,cierre,2026-05-03,VEN-006
EVO-009001,OPP-003737,calificado,2026-05-03,VEN-010
EVO-009002,OPP-003739,calificado,2026-05-03,VEN-002
EVO-009003,OPP-003741,contactado,2026-05-03,VEN-012
EVO-009004,OPP-003751,calificado,2026-05-03,VEN-001
EVO-009005,OPP-003754,calificado,2026-05-03,VEN-012
EVO-009006,OPP-003755,contactado,2026-05-03,VEN-002
EVO-009007,OPP-003760,contactado,2026-05-03,VEN-009
EVO-009008,OPP-003762,calificado,2026-05-03,VEN-002
EVO-009009,OPP-003763,contactado,2026-05-03,VEN-008
EVO-009010,OPP-003780,contactado,2026-05-03,VEN-009
EVO-009011,OPP-003749,calificado,2026-05-04,VEN-007
EVO-009012,OPP-003749,propuesta,2026-05-04,VEN-007
EVO-009013,OPP-003756,contactado,2026-05-04,VEN-002
EVO-009014,OPP-003759,calificado,2026-05-04,VEN-012
EVO-009015,OPP-003785,contactado,2026-05-04,VEN-009
EVO-009016,OPP-003793,lead,2026-05-04,VEN-009
EVO-009017,OPP-003794,lead,2026-05-04,VEN-008
EVO-009018,OPP-003794,contactado,2026-05-04,VEN-008
EVO-009019,OPP-003797,lead,2026-05-04,VEN-001
EVO-009020,OPP-003798,lead,2026-05-04,VEN-010
EVO-009021,OPP-003810,lead,2026-05-04,VEN-002
EVO-009022,OPP-003812,lead,2026-05-04,VEN-002
EVO-009023,OPP-003812,contactado,2026-05-04,VEN-002
EVO-009024,OPP-003814,lead,2026-05-04,VEN-003
EVO-009025,OPP-003815,lead,2026-05-04,VEN-006
EVO-009026,OPP-003823,lead,2026-05-04,VEN-007
EVO-009027,OPP-003835,lead,2026-05-04,VEN-006
EVO-009028,OPP-003844,lead,2026-05-04,VEN-002
EVO-009029,OPP-003847,lead,2026-05-04,VEN-004
EVO-009030,OPP-003751,propuesta,2026-05-05,VEN-001
EVO-009031,OPP-003760,calificado,2026-05-05,VEN-009
EVO-009032,OPP-003787,lead,2026-05-05,VEN-001
EVO-009033,OPP-003798,contactado,2026-05-05,VEN-010
EVO-009034,OPP-003802,lead,2026-05-05,VEN-002
EVO-009035,OPP-003802,contactado,2026-05-05,VEN-002
EVO-009036,OPP-003808,lead,2026-05-05,VEN-001
EVO-009037,OPP-003820,lead,2026-05-05,VEN-011
EVO-009038,OPP-003825,lead,2026-05-05,VEN-008
EVO-009039,OPP-003828,lead,2026-05-05,VEN-001
EVO-009040,OPP-003841,lead,2026-05-05,VEN-001
EVO-009041,OPP-003847,contactado,2026-05-05,VEN-004
EVO-009042,OPP-003755,calificado,2026-05-06,VEN-002
EVO-009043,OPP-003755,propuesta,2026-05-06,VEN-002
EVO-009044,OPP-003788,lead,2026-05-06,VEN-003
EVO-009045,OPP-003788,contactado,2026-05-06,VEN-003
EVO-009046,OPP-003790,lead,2026-05-06,VEN-005
EVO-009047,OPP-003798,calificado,2026-05-06,VEN-010
EVO-009048,OPP-003798,propuesta,2026-05-06,VEN-010
EVO-009049,OPP-003809,lead,2026-05-06,VEN-003
EVO-009050,OPP-003811,lead,2026-05-06,VEN-005
EVO-009051,OPP-003812,calificado,2026-05-06,VEN-002
EVO-009052,OPP-003813,lead,2026-05-06,VEN-006
EVO-009053,OPP-003814,contactado,2026-05-06,VEN-003
EVO-009054,OPP-003818,lead,2026-05-06,VEN-008
EVO-009055,OPP-003822,lead,2026-05-06,VEN-012
EVO-009056,OPP-003822,contactado,2026-05-06,VEN-012
EVO-009057,OPP-003829,lead,2026-05-06,VEN-008
EVO-009058,OPP-003834,lead,2026-05-06,VEN-003
EVO-009059,OPP-003835,contactado,2026-05-06,VEN-006
EVO-009060,OPP-003839,lead,2026-05-06,VEN-012
EVO-009061,OPP-003844,contactado,2026-05-06,VEN-002
EVO-009062,OPP-003846,lead,2026-05-06,VEN-007
EVO-009063,OPP-003755,cierre,2026-05-07,VEN-002
EVO-009064,OPP-003759,propuesta,2026-05-07,VEN-012
EVO-009065,OPP-003792,lead,2026-05-07,VEN-012
EVO-009066,OPP-003793,contactado,2026-05-07,VEN-009
EVO-009067,OPP-003794,calificado,2026-05-07,VEN-008
EVO-009068,OPP-003800,lead,2026-05-07,VEN-002
EVO-009069,OPP-003800,contactado,2026-05-07,VEN-002
EVO-009070,OPP-003801,lead,2026-05-07,VEN-007
EVO-009071,OPP-003803,lead,2026-05-07,VEN-007
EVO-009072,OPP-003810,contactado,2026-05-07,VEN-002
EVO-009073,OPP-003814,calificado,2026-05-07,VEN-003
EVO-009074,OPP-003815,contactado,2026-05-07,VEN-006
EVO-009075,OPP-003818,contactado,2026-05-07,VEN-008
EVO-009076,OPP-003819,lead,2026-05-07,VEN-006
EVO-009077,OPP-003820,contactado,2026-05-07,VEN-011
EVO-009078,OPP-003824,lead,2026-05-07,VEN-009
EVO-009079,OPP-003825,contactado,2026-05-07,VEN-008
EVO-009080,OPP-003826,lead,2026-05-07,VEN-005
EVO-009081,OPP-003827,lead,2026-05-07,VEN-003
EVO-009082,OPP-003831,lead,2026-05-07,VEN-008
EVO-009083,OPP-003832,lead,2026-05-07,VEN-005
EVO-009084,OPP-003834,contactado,2026-05-07,VEN-003
EVO-009085,OPP-003836,lead,2026-05-07,VEN-012
EVO-009086,OPP-003839,contactado,2026-05-07,VEN-012
EVO-009087,OPP-003845,lead,2026-05-07,VEN-004
EVO-009088,OPP-003845,contactado,2026-05-07,VEN-004
EVO-009089,OPP-003846,contactado,2026-05-07,VEN-007
EVO-009090,OPP-003787,contactado,2026-05-08,VEN-001
EVO-009091,OPP-003789,lead,2026-05-08,VEN-008
EVO-009092,OPP-003791,lead,2026-05-08,VEN-003
EVO-009093,OPP-003795,lead,2026-05-08,VEN-004
EVO-009094,OPP-003796,lead,2026-05-08,VEN-010
EVO-009095,OPP-003799,lead,2026-05-08,VEN-003
EVO-009096,OPP-003802,calificado,2026-05-08,VEN-002
EVO-009097,OPP-003803,contactado,2026-05-08,VEN-007
EVO-009098,OPP-003804,lead,2026-05-08,VEN-004
EVO-009099,OPP-003805,lead,2026-05-08,VEN-004
EVO-009100,OPP-003805,contactado,2026-05-08,VEN-004
EVO-009101,OPP-003806,lead,2026-05-08,VEN-012
EVO-009102,OPP-003807,lead,2026-05-08,VEN-004
EVO-009103,OPP-003808,contactado,2026-05-08,VEN-001
EVO-009104,OPP-003809,contactado,2026-05-08,VEN-003
EVO-009105,OPP-003816,lead,2026-05-08,VEN-001
EVO-009106,OPP-003817,lead,2026-05-08,VEN-004
EVO-009107,OPP-003820,calificado,2026-05-08,VEN-011
EVO-009108,OPP-003821,lead,2026-05-08,VEN-004
EVO-009109,OPP-003830,lead,2026-05-08,VEN-002
EVO-009110,OPP-003832,contactado,2026-05-08,VEN-005
EVO-009111,OPP-003833,lead,2026-05-08,VEN-006
EVO-009112,OPP-003835,calificado,2026-05-08,VEN-006
EVO-009113,OPP-003836,contactado,2026-05-08,VEN-012
EVO-009114,OPP-003837,lead,2026-05-08,VEN-010
EVO-009115,OPP-003838,lead,2026-05-08,VEN-006
EVO-009116,OPP-003839,calificado,2026-05-08,VEN-012
EVO-009117,OPP-003840,lead,2026-05-08,VEN-009
EVO-009118,OPP-003842,lead,2026-05-08,VEN-008
EVO-009119,OPP-003843,lead,2026-05-08,VEN-010
EVO-009120,OPP-003844,calificado,2026-05-08,VEN-002
EVO-009121,OPP-003847,calificado,2026-05-08,VEN-004
EVO-009122,OPP-003790,contactado,2026-05-09,VEN-005
EVO-009123,OPP-003810,calificado,2026-05-09,VEN-002
EVO-009124,OPP-003811,contactado,2026-05-09,VEN-005
EVO-009125,OPP-003815,calificado,2026-05-09,VEN-006
EVO-009126,OPP-003819,contactado,2026-05-09,VEN-006
EVO-009127,OPP-003821,contactado,2026-05-09,VEN-004
EVO-009128,OPP-003821,calificado,2026-05-09,VEN-004
EVO-009129,OPP-003822,calificado,2026-05-09,VEN-012
EVO-009130,OPP-003824,contactado,2026-05-09,VEN-009
EVO-009131,OPP-003831,contactado,2026-05-09,VEN-008
EVO-009132,OPP-003833,contactado,2026-05-09,VEN-006
EVO-009133,OPP-003840,contactado,2026-05-09,VEN-009
EVO-009134,OPP-003842,contactado,2026-05-09,VEN-008
EVO-009135,OPP-003843,contactado,2026-05-09,VEN-010
EVO-009136,OPP-003845,calificado,2026-05-09,VEN-004
EVO-009137,OPP-003789,contactado,2026-05-10,VEN-008
EVO-009138,OPP-003796,contactado,2026-05-10,VEN-010
EVO-009139,OPP-003804,contactado,2026-05-10,VEN-004
EVO-009140,OPP-003804,calificado,2026-05-10,VEN-004
EVO-009141,OPP-003807,contactado,2026-05-10,VEN-004
EVO-009142,OPP-003816,contactado,2026-05-10,VEN-001
EVO-009143,OPP-003819,calificado,2026-05-10,VEN-006
EVO-009144,OPP-003821,propuesta,2026-05-10,VEN-004
EVO-009145,OPP-003831,calificado,2026-05-10,VEN-008
EVO-009146,OPP-003831,propuesta,2026-05-10,VEN-008
EVO-009147,OPP-003837,contactado,2026-05-10,VEN-010
EVO-009148,OPP-003840,calificado,2026-05-10,VEN-009
EVO-009149,OPP-003842,calificado,2026-05-10,VEN-008
EVO-009150,OPP-003846,calificado,2026-05-10,VEN-007
EVO-009151,OPP-003847,propuesta,2026-05-10,VEN-004
EVO-009152,OPP-003795,contactado,2026-05-11,VEN-004
EVO-009153,OPP-003799,contactado,2026-05-11,VEN-003
EVO-009154,OPP-003803,calificado,2026-05-11,VEN-007
EVO-009155,OPP-003831,cierre,2026-05-11,VEN-008
EVO-009156,OPP-003832,calificado,2026-05-11,VEN-005
EVO-009157,OPP-003838,contactado,2026-05-11,VEN-006
EVO-009158,OPP-003847,cierre,2026-05-11,VEN-004
EVO-009159,OPP-003849,lead,2026-05-11,VEN-001
EVO-009160,OPP-003851,lead,2026-05-11,VEN-005
EVO-009161,OPP-003854,lead,2026-05-11,VEN-002
EVO-009162,OPP-003861,lead,2026-05-11,VEN-008
EVO-009163,OPP-003864,lead,2026-05-11,VEN-002
EVO-009164,OPP-003865,lead,2026-05-11,VEN-008
EVO-009165,OPP-003872,lead,2026-05-11,VEN-002
EVO-009166,OPP-003873,lead,2026-05-11,VEN-005
EVO-009167,OPP-003874,lead,2026-05-11,VEN-012
EVO-009168,OPP-003875,lead,2026-05-11,VEN-001
EVO-009169,OPP-003876,lead,2026-05-11,VEN-009
EVO-009170,OPP-003889,lead,2026-05-11,VEN-003
EVO-009171,OPP-003893,lead,2026-05-11,VEN-008
EVO-009172,OPP-003893,contactado,2026-05-11,VEN-008
EVO-009173,OPP-003894,lead,2026-05-11,VEN-001
EVO-009174,OPP-003894,contactado,2026-05-11,VEN-001
EVO-009175,OPP-003894,calificado,2026-05-11,VEN-001
EVO-009176,OPP-003896,lead,2026-05-11,VEN-011
EVO-009177,OPP-003898,lead,2026-05-11,VEN-011
EVO-009178,OPP-003901,lead,2026-05-11,VEN-011
EVO-009179,OPP-003903,lead,2026-05-11,VEN-001
EVO-009180,OPP-003903,contactado,2026-05-11,VEN-001
EVO-009181,OPP-003904,lead,2026-05-11,VEN-001
EVO-009182,OPP-003906,lead,2026-05-11,VEN-011
EVO-009183,OPP-003907,lead,2026-05-11,VEN-012
EVO-009184,OPP-003907,contactado,2026-05-11,VEN-012
EVO-009185,OPP-003789,calificado,2026-05-12,VEN-008
EVO-009186,OPP-003789,propuesta,2026-05-12,VEN-008
EVO-009187,OPP-003789,cierre,2026-05-12,VEN-008
EVO-009188,OPP-003796,calificado,2026-05-12,VEN-010
EVO-009189,OPP-003799,calificado,2026-05-12,VEN-003
EVO-009190,OPP-003807,calificado,2026-05-12,VEN-004
EVO-009191,OPP-003822,propuesta,2026-05-12,VEN-012
EVO-009192,OPP-003837,calificado,2026-05-12,VEN-010
EVO-009193,OPP-003845,propuesta,2026-05-12,VEN-004
EVO-009194,OPP-003848,lead,2026-05-12,VEN-008
EVO-009195,OPP-003851,contactado,2026-05-12,VEN-005
EVO-009196,OPP-003856,lead,2026-05-12,VEN-002
EVO-009197,OPP-003859,lead,2026-05-12,VEN-005
EVO-009198,OPP-003860,lead,2026-05-12,VEN-005
EVO-009199,OPP-003860,contactado,2026-05-12,VEN-005
EVO-009200,OPP-003860,calificado,2026-05-12,VEN-005
EVO-009201,OPP-003865,contactado,2026-05-12,VEN-008
EVO-009202,OPP-003870,lead,2026-05-12,VEN-004
EVO-009203,OPP-003871,lead,2026-05-12,VEN-002
EVO-009204,OPP-003874,contactado,2026-05-12,VEN-012
EVO-009205,OPP-003881,lead,2026-05-12,VEN-005
EVO-009206,OPP-003881,contactado,2026-05-12,VEN-005
EVO-009207,OPP-003881,calificado,2026-05-12,VEN-005
EVO-009208,OPP-003886,lead,2026-05-12,VEN-008
EVO-009209,OPP-003890,lead,2026-05-12,VEN-011
EVO-009210,OPP-003896,contactado,2026-05-12,VEN-011
EVO-009211,OPP-003898,contactado,2026-05-12,VEN-011
EVO-009212,OPP-003899,lead,2026-05-12,VEN-005
EVO-009213,OPP-003899,contactado,2026-05-12,VEN-005
EVO-009214,OPP-003899,calificado,2026-05-12,VEN-005
EVO-009215,OPP-003902,lead,2026-05-12,VEN-001
EVO-009216,OPP-003905,lead,2026-05-12,VEN-001
EVO-009217,OPP-003816,calificado,2026-05-13,VEN-001
EVO-009218,OPP-003856,contactado,2026-05-13,VEN-002
EVO-009219,OPP-003857,lead,2026-05-13,VEN-010
EVO-009220,OPP-003857,contactado,2026-05-13,VEN-010
EVO-009221,OPP-003861,contactado,2026-05-13,VEN-008
EVO-009222,OPP-003862,lead,2026-05-13,VEN-001
EVO-009223,OPP-003867,lead,2026-05-13,VEN-010
EVO-009224,OPP-003868,lead,2026-05-13,VEN-010
EVO-009225,OPP-003873,contactado,2026-05-13,VEN-005
EVO-009226,OPP-003877,lead,2026-05-13,VEN-002
EVO-009227,OPP-003877,contactado,2026-05-13,VEN-002
EVO-009228,OPP-003877,calificado,2026-05-13,VEN-002
EVO-009229,OPP-003878,lead,2026-05-13,VEN-010
EVO-009230,OPP-003879,lead,2026-05-13,VEN-002
EVO-009231,OPP-003879,contactado,2026-05-13,VEN-002
EVO-009232,OPP-003883,lead,2026-05-13,VEN-008
EVO-009233,OPP-003887,lead,2026-05-13,VEN-004
EVO-009234,OPP-003898,calificado,2026-05-13,VEN-011
EVO-009235,OPP-003903,calificado,2026-05-13,VEN-001
EVO-009236,OPP-003905,contactado,2026-05-13,VEN-001
EVO-009237,OPP-003909,lead,2026-05-13,VEN-001
EVO-009238,OPP-003795,calificado,2026-05-14,VEN-004
EVO-009239,OPP-003848,contactado,2026-05-14,VEN-008
EVO-009240,OPP-003849,contactado,2026-05-14,VEN-001
EVO-009241,OPP-003853,lead,2026-05-14,VEN-009
EVO-009242,OPP-003857,calificado,2026-05-14,VEN-010
EVO-009243,OPP-003859,contactado,2026-05-14,VEN-005
EVO-009244,OPP-003861,calificado,2026-05-14,VEN-008
EVO-009245,OPP-003863,lead,2026-05-14,VEN-003
EVO-009246,OPP-003866,lead,2026-05-14,VEN-002
EVO-009247,OPP-003869,lead,2026-05-14,VEN-001
EVO-009248,OPP-003871,contactado,2026-05-14,VEN-002
EVO-009249,OPP-003872,contactado,2026-05-14,VEN-002
EVO-009250,OPP-003872,calificado,2026-05-14,VEN-002
EVO-009251,OPP-003873,calificado,2026-05-14,VEN-005
EVO-009252,OPP-003875,contactado,2026-05-14,VEN-001
EVO-009253,OPP-003882,lead,2026-05-14,VEN-001
EVO-009254,OPP-003884,lead,2026-05-14,VEN-005
EVO-009255,OPP-003886,contactado,2026-05-14,VEN-008
EVO-009256,OPP-003889,contactado,2026-05-14,VEN-003
EVO-009257,OPP-003891,lead,2026-05-14,VEN-011
EVO-009258,OPP-003892,lead,2026-05-14,VEN-001
EVO-009259,OPP-003895,lead,2026-05-14,VEN-012
EVO-009260,OPP-003896,calificado,2026-05-14,VEN-011
EVO-009261,OPP-003897,lead,2026-05-14,VEN-004
EVO-009262,OPP-003901,contactado,2026-05-14,VEN-011
EVO-009263,OPP-003908,lead,2026-05-14,VEN-009
EVO-009264,OPP-003908,contactado,2026-05-14,VEN-009
EVO-009265,OPP-003837,propuesta,2026-05-15,VEN-010
EVO-009266,OPP-003850,lead,2026-05-15,VEN-007
EVO-009267,OPP-003852,lead,2026-05-15,VEN-003
EVO-009268,OPP-003855,lead,2026-05-15,VEN-009
EVO-009269,OPP-003858,lead,2026-05-15,VEN-011
EVO-009270,OPP-003863,contactado,2026-05-15,VEN-003
EVO-009271,OPP-003867,contactado,2026-05-15,VEN-010
EVO-009272,OPP-003868,contactado,2026-05-15,VEN-010
EVO-009273,OPP-003869,contactado,2026-05-15,VEN-001
EVO-009274,OPP-003871,calificado,2026-05-15,VEN-002
EVO-009275,OPP-003878,contactado,2026-05-15,VEN-010
EVO-009276,OPP-003880,lead,2026-05-15,VEN-001
EVO-009277,OPP-003885,lead,2026-05-15,VEN-009
EVO-009278,OPP-003887,contactado,2026-05-15,VEN-004
EVO-009279,OPP-003888,lead,2026-05-15,VEN-006
EVO-009280,OPP-003891,contactado,2026-05-15,VEN-011
EVO-009281,OPP-003900,lead,2026-05-15,VEN-009
EVO-009282,OPP-003902,contactado,2026-05-15,VEN-001
EVO-009283,OPP-003905,calificado,2026-05-15,VEN-001
EVO-009284,OPP-003850,contactado,2026-05-16,VEN-007
EVO-009285,OPP-003856,calificado,2026-05-16,VEN-002
EVO-009286,OPP-003879,calificado,2026-05-16,VEN-002
EVO-009287,OPP-003882,contactado,2026-05-16,VEN-001
EVO-009288,OPP-003883,contactado,2026-05-16,VEN-008
EVO-009289,OPP-003895,contactado,2026-05-16,VEN-012
EVO-009290,OPP-003900,contactado,2026-05-16,VEN-009
EVO-009291,OPP-003852,contactado,2026-05-17,VEN-003
EVO-009292,OPP-003855,contactado,2026-05-17,VEN-009
EVO-009293,OPP-003863,calificado,2026-05-17,VEN-003
EVO-009294,OPP-003866,contactado,2026-05-17,VEN-002
EVO-009295,OPP-003872,propuesta,2026-05-17,VEN-002
EVO-009296,OPP-003882,calificado,2026-05-17,VEN-001
EVO-009297,OPP-003887,calificado,2026-05-17,VEN-004
EVO-009298,OPP-003858,contactado,2026-05-18,VEN-011
EVO-009299,OPP-003867,calificado,2026-05-18,VEN-010
EVO-009300,OPP-003868,calificado,2026-05-18,VEN-010
EVO-009301,OPP-003880,contactado,2026-05-18,VEN-001
EVO-009302,OPP-003885,contactado,2026-05-18,VEN-009
EVO-009303,OPP-003895,calificado,2026-05-18,VEN-012
EVO-009304,OPP-003902,calificado,2026-05-18,VEN-001
EVO-009305,OPP-003905,propuesta,2026-05-18,VEN-001
EVO-009306,OPP-003914,lead,2026-05-18,VEN-004
EVO-009307,OPP-003916,lead,2026-05-18,VEN-005
EVO-009308,OPP-003924,lead,2026-05-18,VEN-008
EVO-009309,OPP-003932,lead,2026-05-18,VEN-009
EVO-009310,OPP-003934,lead,2026-05-18,VEN-002
EVO-009311,OPP-003944,lead,2026-05-18,VEN-011
EVO-009312,OPP-003948,lead,2026-05-18,VEN-007
EVO-009313,OPP-003949,lead,2026-05-18,VEN-006
EVO-009314,OPP-003960,lead,2026-05-18,VEN-009
EVO-009315,OPP-003858,calificado,2026-05-19,VEN-011
EVO-009316,OPP-003902,propuesta,2026-05-19,VEN-001
EVO-009317,OPP-003911,lead,2026-05-19,VEN-006
EVO-009318,OPP-003916,contactado,2026-05-19,VEN-005
EVO-009319,OPP-003919,lead,2026-05-19,VEN-006
EVO-009320,OPP-003919,contactado,2026-05-19,VEN-006
EVO-009321,OPP-003919,calificado,2026-05-19,VEN-006
EVO-009322,OPP-003920,lead,2026-05-19,VEN-006
EVO-009323,OPP-003924,contactado,2026-05-19,VEN-008
EVO-009324,OPP-003926,lead,2026-05-19,VEN-011
EVO-009325,OPP-003926,contactado,2026-05-19,VEN-011
EVO-009326,OPP-003928,lead,2026-05-19,VEN-012
EVO-009327,OPP-003932,contactado,2026-05-19,VEN-009
EVO-009328,OPP-003934,contactado,2026-05-19,VEN-002
EVO-009329,OPP-003934,calificado,2026-05-19,VEN-002
EVO-009330,OPP-003935,lead,2026-05-19,VEN-008
EVO-009331,OPP-003941,lead,2026-05-19,VEN-011
EVO-009332,OPP-003944,contactado,2026-05-19,VEN-011
EVO-009333,OPP-003953,lead,2026-05-19,VEN-006
EVO-009334,OPP-003953,contactado,2026-05-19,VEN-006
EVO-009335,OPP-003957,lead,2026-05-19,VEN-010
EVO-009336,OPP-003959,lead,2026-05-19,VEN-001
EVO-009337,OPP-003858,propuesta,2026-05-20,VEN-011
EVO-009338,OPP-003868,propuesta,2026-05-20,VEN-010
EVO-009339,OPP-003915,lead,2026-05-20,VEN-006
EVO-009340,OPP-003918,lead,2026-05-20,VEN-002
EVO-009341,OPP-003920,contactado,2026-05-20,VEN-006
EVO-009342,OPP-003922,lead,2026-05-20,VEN-005
EVO-009343,OPP-003927,lead,2026-05-20,VEN-002
EVO-009344,OPP-003931,lead,2026-05-20,VEN-005
EVO-009345,OPP-003932,calificado,2026-05-20,VEN-009
EVO-009346,OPP-003935,contactado,2026-05-20,VEN-008
EVO-009347,OPP-003937,lead,2026-05-20,VEN-001
EVO-009348,OPP-003938,lead,2026-05-20,VEN-006
EVO-009349,OPP-003938,contactado,2026-05-20,VEN-006
EVO-009350,OPP-003941,contactado,2026-05-20,VEN-011
EVO-009351,OPP-003949,contactado,2026-05-20,VEN-006
EVO-009352,OPP-003950,lead,2026-05-20,VEN-004
EVO-009353,OPP-003954,lead,2026-05-20,VEN-001
EVO-009354,OPP-003955,lead,2026-05-20,VEN-002
EVO-009355,OPP-003961,lead,2026-05-20,VEN-010
EVO-009356,OPP-003867,propuesta,2026-05-21,VEN-010
EVO-009357,OPP-003867,cierre,2026-05-21,VEN-010
EVO-009358,OPP-003885,calificado,2026-05-21,VEN-009
EVO-009359,OPP-003911,contactado,2026-05-21,VEN-006
EVO-009360,OPP-003912,lead,2026-05-21,VEN-007
EVO-009361,OPP-003912,contactado,2026-05-21,VEN-007
EVO-009362,OPP-003913,lead,2026-05-21,VEN-005
EVO-009363,OPP-003919,propuesta,2026-05-21,VEN-006
EVO-009364,OPP-003921,lead,2026-05-21,VEN-006
EVO-009365,OPP-003925,lead,2026-05-21,VEN-012
EVO-009366,OPP-003927,contactado,2026-05-21,VEN-002
EVO-009367,OPP-003928,contactado,2026-05-21,VEN-012
EVO-009368,OPP-003929,lead,2026-05-21,VEN-008
EVO-009369,OPP-003934,propuesta,2026-05-21,VEN-002
EVO-009370,OPP-003935,calificado,2026-05-21,VEN-008
EVO-009371,OPP-003936,lead,2026-05-21,VEN-009
EVO-009372,OPP-003938,calificado,2026-05-21,VEN-006
EVO-009373,OPP-003943,lead,2026-05-21,VEN-012
EVO-009374,OPP-003945,lead,2026-05-21,VEN-008
EVO-009375,OPP-003946,lead,2026-05-21,VEN-006
EVO-009376,OPP-003953,calificado,2026-05-21,VEN-006
EVO-009377,OPP-003958,lead,2026-05-21,VEN-009
EVO-009378,OPP-003959,contactado,2026-05-21,VEN-001
EVO-009379,OPP-003885,propuesta,2026-05-22,VEN-009
EVO-009380,OPP-003910,lead,2026-05-22,VEN-010
EVO-009381,OPP-003911,calificado,2026-05-22,VEN-006
EVO-009382,OPP-003917,lead,2026-05-22,VEN-005
EVO-009383,OPP-003917,contactado,2026-05-22,VEN-005
EVO-009384,OPP-003918,contactado,2026-05-22,VEN-002
EVO-009385,OPP-003918,calificado,2026-05-22,VEN-002
EVO-009386,OPP-003923,lead,2026-05-22,VEN-012
EVO-009387,OPP-003930,lead,2026-05-22,VEN-005
EVO-009388,OPP-003933,lead,2026-05-22,VEN-012
EVO-009389,OPP-003933,contactado,2026-05-22,VEN-012
EVO-009390,OPP-003939,lead,2026-05-22,VEN-003
EVO-009391,OPP-003940,lead,2026-05-22,VEN-009
EVO-009392,OPP-003940,contactado,2026-05-22,VEN-009
EVO-009393,OPP-003942,lead,2026-05-22,VEN-002
EVO-009394,OPP-003947,lead,2026-05-22,VEN-009
EVO-009395,OPP-003947,contactado,2026-05-22,VEN-009
EVO-009396,OPP-003949,calificado,2026-05-22,VEN-006
EVO-009397,OPP-003949,propuesta,2026-05-22,VEN-006
EVO-009398,OPP-003951,lead,2026-05-22,VEN-007
EVO-009399,OPP-003952,lead,2026-05-22,VEN-005
EVO-009400,OPP-003952,contactado,2026-05-22,VEN-005
EVO-009401,OPP-003956,lead,2026-05-22,VEN-010
EVO-009402,OPP-003959,calificado,2026-05-22,VEN-001
EVO-009403,OPP-003962,lead,2026-05-22,VEN-003
EVO-009404,OPP-003885,cierre,2026-05-23,VEN-009
EVO-009405,OPP-003913,contactado,2026-05-23,VEN-005
EVO-009406,OPP-003922,contactado,2026-05-23,VEN-005
EVO-009407,OPP-003922,calificado,2026-05-23,VEN-005
EVO-009408,OPP-003923,contactado,2026-05-23,VEN-012
EVO-009409,OPP-003927,calificado,2026-05-23,VEN-002
EVO-009410,OPP-003937,contactado,2026-05-23,VEN-001
EVO-009411,OPP-003937,calificado,2026-05-23,VEN-001
EVO-009412,OPP-003942,contactado,2026-05-23,VEN-002
EVO-009413,OPP-003950,contactado,2026-05-23,VEN-004
EVO-009414,OPP-003952,calificado,2026-05-23,VEN-005
EVO-009415,OPP-003953,propuesta,2026-05-23,VEN-006
EVO-009416,OPP-003954,contactado,2026-05-23,VEN-001
EVO-009417,OPP-003954,calificado,2026-05-23,VEN-001
EVO-009418,OPP-003955,contactado,2026-05-23,VEN-002
EVO-009419,OPP-003910,contactado,2026-05-24,VEN-010
EVO-009420,OPP-003912,calificado,2026-05-24,VEN-007
EVO-009421,OPP-003918,propuesta,2026-05-24,VEN-002
EVO-009422,OPP-003921,contactado,2026-05-24,VEN-006
EVO-009423,OPP-003928,calificado,2026-05-24,VEN-012
EVO-009424,OPP-003940,calificado,2026-05-24,VEN-009
EVO-009425,OPP-003958,contactado,2026-05-24,VEN-009
EVO-009426,OPP-003959,propuesta,2026-05-24,VEN-001
EVO-009427,OPP-003917,calificado,2026-05-25,VEN-005
EVO-009428,OPP-003939,contactado,2026-05-25,VEN-003
EVO-009429,OPP-003950,calificado,2026-05-25,VEN-004
EVO-009430,OPP-003951,contactado,2026-05-25,VEN-007
EVO-009431,OPP-003973,lead,2026-05-25,VEN-010
EVO-009432,OPP-003976,lead,2026-05-25,VEN-003
EVO-009433,OPP-003976,contactado,2026-05-25,VEN-003
EVO-009434,OPP-003982,lead,2026-05-25,VEN-007
EVO-009435,OPP-003986,lead,2026-05-25,VEN-001
EVO-009436,OPP-003986,contactado,2026-05-25,VEN-001
EVO-009437,OPP-003993,lead,2026-05-25,VEN-007
EVO-009438,OPP-003995,lead,2026-05-25,VEN-011
EVO-009439,OPP-003996,lead,2026-05-25,VEN-009
EVO-009440,OPP-004000,lead,2026-05-25,VEN-005
EVO-009441,OPP-004001,lead,2026-05-25,VEN-003
EVO-009442,OPP-004005,lead,2026-05-25,VEN-012
EVO-009443,OPP-003910,calificado,2026-05-26,VEN-010
EVO-009444,OPP-003965,lead,2026-05-26,VEN-005
EVO-009445,OPP-003972,lead,2026-05-26,VEN-003
EVO-009446,OPP-003974,lead,2026-05-26,VEN-009
EVO-009447,OPP-003982,contactado,2026-05-26,VEN-007
EVO-009448,OPP-003985,lead,2026-05-26,VEN-003
EVO-009449,OPP-003986,calificado,2026-05-26,VEN-001
EVO-009450,OPP-003987,lead,2026-05-26,VEN-004
EVO-009451,OPP-003991,lead,2026-05-26,VEN-004
EVO-009452,OPP-003999,lead,2026-05-26,VEN-003
EVO-009453,OPP-004001,contactado,2026-05-26,VEN-003
EVO-009454,OPP-004002,lead,2026-05-26,VEN-011
EVO-009455,OPP-004011,lead,2026-05-26,VEN-010
EVO-009456,OPP-004013,lead,2026-05-26,VEN-009
EVO-009457,OPP-003963,lead,2026-05-27,VEN-004
EVO-009458,OPP-003963,contactado,2026-05-27,VEN-004
EVO-009459,OPP-003968,lead,2026-05-27,VEN-006
EVO-009460,OPP-003971,lead,2026-05-27,VEN-008
EVO-009461,OPP-003976,calificado,2026-05-27,VEN-003
EVO-009462,OPP-003978,lead,2026-05-27,VEN-002
EVO-009463,OPP-003980,lead,2026-05-27,VEN-005
EVO-009464,OPP-003981,lead,2026-05-27,VEN-011
EVO-009465,OPP-003993,contactado,2026-05-27,VEN-007
EVO-009466,OPP-003996,contactado,2026-05-27,VEN-009
EVO-009467,OPP-004002,contactado,2026-05-27,VEN-011
EVO-009468,OPP-004008,lead,2026-05-27,VEN-003
EVO-009469,OPP-004010,lead,2026-05-27,VEN-009
EVO-009470,OPP-004012,lead,2026-05-27,VEN-012
EVO-009471,OPP-004012,contactado,2026-05-27,VEN-012
EVO-009472,OPP-004013,contactado,2026-05-27,VEN-009
EVO-009473,OPP-003951,calificado,2026-05-28,VEN-007
EVO-009474,OPP-003964,lead,2026-05-28,VEN-001
EVO-009475,OPP-003967,lead,2026-05-28,VEN-011
EVO-009476,OPP-003972,contactado,2026-05-28,VEN-003
EVO-009477,OPP-003973,contactado,2026-05-28,VEN-010
EVO-009478,OPP-003979,lead,2026-05-28,VEN-001
EVO-009479,OPP-003984,lead,2026-05-28,VEN-010
EVO-009480,OPP-003985,contactado,2026-05-28,VEN-003
EVO-009481,OPP-003988,lead,2026-05-28,VEN-002
EVO-009482,OPP-003989,lead,2026-05-28,VEN-005
EVO-009483,OPP-003989,contactado,2026-05-28,VEN-005
EVO-009484,OPP-003990,lead,2026-05-28,VEN-006
EVO-009485,OPP-003991,contactado,2026-05-28,VEN-004
EVO-009486,OPP-003998,lead,2026-05-28,VEN-012
EVO-009487,OPP-003999,contactado,2026-05-28,VEN-003
EVO-009488,OPP-004007,lead,2026-05-28,VEN-011
EVO-009489,OPP-004009,lead,2026-05-28,VEN-011
EVO-009490,OPP-004011,contactado,2026-05-28,VEN-010
EVO-009491,OPP-003966,lead,2026-05-29,VEN-003
EVO-009492,OPP-003969,lead,2026-05-29,VEN-012
EVO-009493,OPP-003970,lead,2026-05-29,VEN-005
EVO-009494,OPP-003972,calificado,2026-05-29,VEN-003
EVO-009495,OPP-003975,lead,2026-05-29,VEN-007
EVO-009496,OPP-003977,lead,2026-05-29,VEN-007
EVO-009497,OPP-003982,calificado,2026-05-29,VEN-007
EVO-009498,OPP-003983,lead,2026-05-29,VEN-011
EVO-009499,OPP-003983,contactado,2026-05-29,VEN-011
EVO-009500,OPP-003987,contactado,2026-05-29,VEN-004
EVO-009501,OPP-003987,calificado,2026-05-29,VEN-004
EVO-009502,OPP-003990,contactado,2026-05-29,VEN-006
EVO-009503,OPP-003992,lead,2026-05-29,VEN-002
EVO-009504,OPP-003994,lead,2026-05-29,VEN-001
EVO-009505,OPP-003997,lead,2026-05-29,VEN-009
EVO-009506,OPP-003999,calificado,2026-05-29,VEN-003
EVO-009507,OPP-003999,propuesta,2026-05-29,VEN-003
EVO-009508,OPP-004001,calificado,2026-05-29,VEN-003
EVO-009509,OPP-004003,lead,2026-05-29,VEN-009
EVO-009510,OPP-004004,lead,2026-05-29,VEN-010
EVO-009511,OPP-004004,contactado,2026-05-29,VEN-010
EVO-009512,OPP-004006,lead,2026-05-29,VEN-005
EVO-009513,OPP-004007,contactado,2026-05-29,VEN-011
EVO-009514,OPP-003968,contactado,2026-05-30,VEN-006
EVO-009515,OPP-003970,contactado,2026-05-30,VEN-005
EVO-009516,OPP-003971,contactado,2026-05-30,VEN-008
EVO-009517,OPP-003977,contactado,2026-05-30,VEN-007
EVO-009518,OPP-003980,contactado,2026-05-30,VEN-005
EVO-009519,OPP-003984,contactado,2026-05-30,VEN-010
EVO-009520,OPP-003989,calificado,2026-05-30,VEN-005
EVO-009521,OPP-003996,calificado,2026-05-30,VEN-009
EVO-009522,OPP-003998,contactado,2026-05-30,VEN-012
EVO-009523,OPP-003970,calificado,2026-05-31,VEN-005
EVO-009524,OPP-003980,calificado,2026-05-31,VEN-005
EVO-009525,OPP-004009,contactado,2026-05-31,VEN-011
EVO-009526,OPP-003966,contactado,2026-06-01,VEN-003
EVO-009527,OPP-003969,contactado,2026-06-01,VEN-012
EVO-009528,OPP-003975,contactado,2026-06-01,VEN-007
EVO-009529,OPP-003989,propuesta,2026-06-01,VEN-005
EVO-009530,OPP-004003,contactado,2026-06-01,VEN-009
EVO-009531,OPP-004018,lead,2026-06-01,VEN-001
EVO-009532,OPP-004022,lead,2026-06-01,VEN-004
EVO-009533,OPP-004022,contactado,2026-06-01,VEN-004
EVO-009534,OPP-004025,lead,2026-06-01,VEN-001
EVO-009535,OPP-004026,lead,2026-06-01,VEN-006
EVO-009536,OPP-004028,lead,2026-06-01,VEN-002
EVO-009537,OPP-004034,lead,2026-06-01,VEN-004
EVO-009538,OPP-004050,lead,2026-06-01,VEN-008
EVO-009539,OPP-004050,contactado,2026-06-01,VEN-008
EVO-009540,OPP-004050,calificado,2026-06-01,VEN-008
EVO-009541,OPP-004057,lead,2026-06-01,VEN-007
EVO-009542,OPP-004064,lead,2026-06-01,VEN-007
EVO-009543,OPP-003966,calificado,2026-06-02,VEN-003
EVO-009544,OPP-003969,calificado,2026-06-02,VEN-012
EVO-009545,OPP-003977,calificado,2026-06-02,VEN-007
EVO-009546,OPP-003984,calificado,2026-06-02,VEN-010
EVO-009547,OPP-004009,calificado,2026-06-02,VEN-011
EVO-009548,OPP-004014,lead,2026-06-02,VEN-001
EVO-009549,OPP-004017,lead,2026-06-02,VEN-011
EVO-009550,OPP-004018,contactado,2026-06-02,VEN-001
EVO-009551,OPP-004023,lead,2026-06-02,VEN-012
EVO-009552,OPP-004029,lead,2026-06-02,VEN-010
EVO-009553,OPP-004033,lead,2026-06-02,VEN-006
EVO-009554,OPP-004052,lead,2026-06-02,VEN-004
EVO-009555,OPP-004060,lead,2026-06-02,VEN-003
EVO-009556,OPP-004060,contactado,2026-06-02,VEN-003
EVO-009557,OPP-004067,lead,2026-06-02,VEN-006
EVO-009558,OPP-004067,contactado,2026-06-02,VEN-006
EVO-009559,OPP-004016,lead,2026-06-03,VEN-004
EVO-009560,OPP-004016,contactado,2026-06-03,VEN-004
EVO-009561,OPP-004017,contactado,2026-06-03,VEN-011
EVO-009562,OPP-004017,calificado,2026-06-03,VEN-011
EVO-009563,OPP-004019,lead,2026-06-03,VEN-008
EVO-009564,OPP-004020,lead,2026-06-03,VEN-004
EVO-009565,OPP-004020,contactado,2026-06-03,VEN-004
EVO-009566,OPP-004020,calificado,2026-06-03,VEN-004
EVO-009567,OPP-004022,calificado,2026-06-03,VEN-004
EVO-009568,OPP-004039,lead,2026-06-03,VEN-002
EVO-009569,OPP-004039,contactado,2026-06-03,VEN-002
EVO-009570,OPP-004039,calificado,2026-06-03,VEN-002
EVO-009571,OPP-004041,lead,2026-06-03,VEN-006
EVO-009572,OPP-004043,lead,2026-06-03,VEN-012
EVO-009573,OPP-004045,lead,2026-06-03,VEN-006
EVO-009574,OPP-004049,lead,2026-06-03,VEN-010
EVO-009575,OPP-004053,lead,2026-06-03,VEN-012
EVO-009576,OPP-004055,lead,2026-06-03,VEN-005
EVO-009577,OPP-004055,contactado,2026-06-03,VEN-005
EVO-009578,OPP-004065,lead,2026-06-03,VEN-004
EVO-009579,OPP-004065,contactado,2026-06-03,VEN-004
EVO-009580,OPP-004014,contactado,2026-06-04,VEN-001
EVO-009581,OPP-004018,calificado,2026-06-04,VEN-001
EVO-009582,OPP-004019,contactado,2026-06-04,VEN-008
EVO-009583,OPP-004024,lead,2026-06-04,VEN-005
EVO-009584,OPP-004027,lead,2026-06-04,VEN-005
EVO-009585,OPP-004027,contactado,2026-06-04,VEN-005
EVO-009586,OPP-004028,contactado,2026-06-04,VEN-002
EVO-009587,OPP-004030,lead,2026-06-04,VEN-011
EVO-009588,OPP-004033,contactado,2026-06-04,VEN-006
EVO-009589,OPP-004034,contactado,2026-06-04,VEN-004
EVO-009590,OPP-004035,lead,2026-06-04,VEN-012
EVO-009591,OPP-004035,contactado,2026-06-04,VEN-012
EVO-009592,OPP-004036,lead,2026-06-04,VEN-010
EVO-009593,OPP-004040,lead,2026-06-04,VEN-006
EVO-009594,OPP-004044,lead,2026-06-04,VEN-005
EVO-009595,OPP-004044,contactado,2026-06-04,VEN-005
EVO-009596,OPP-004046,lead,2026-06-04,VEN-006
EVO-009597,OPP-004047,lead,2026-06-04,VEN-009
EVO-009598,OPP-004048,lead,2026-06-04,VEN-006
EVO-009599,OPP-004048,contactado,2026-06-04,VEN-006
EVO-009600,OPP-004055,calificado,2026-06-04,VEN-005
EVO-009601,OPP-004056,lead,2026-06-04,VEN-012
EVO-009602,OPP-004057,contactado,2026-06-04,VEN-007
EVO-009603,OPP-004058,lead,2026-06-04,VEN-011
EVO-009604,OPP-004059,lead,2026-06-04,VEN-007
EVO-009605,OPP-004061,lead,2026-06-04,VEN-006
EVO-009606,OPP-004062,lead,2026-06-04,VEN-006
EVO-009607,OPP-004067,calificado,2026-06-04,VEN-006
EVO-009608,OPP-004067,propuesta,2026-06-04,VEN-006
EVO-009609,OPP-004068,lead,2026-06-04,VEN-002
EVO-009610,OPP-004068,contactado,2026-06-04,VEN-002
EVO-009611,OPP-004071,lead,2026-06-04,VEN-004
EVO-009612,OPP-004014,calificado,2026-06-05,VEN-001
EVO-009613,OPP-004015,lead,2026-06-05,VEN-006
EVO-009614,OPP-004021,lead,2026-06-05,VEN-010
EVO-009615,OPP-004021,contactado,2026-06-05,VEN-010
EVO-009616,OPP-004022,propuesta,2026-06-05,VEN-004
EVO-009617,OPP-004027,calificado,2026-06-05,VEN-005
EVO-009618,OPP-004031,lead,2026-06-05,VEN-006
EVO-009619,OPP-004032,lead,2026-06-05,VEN-002
EVO-009620,OPP-004036,contactado,2026-06-05,VEN-010
EVO-009621,OPP-004037,lead,2026-06-05,VEN-011
EVO-009622,OPP-004038,lead,2026-06-05,VEN-009
EVO-009623,OPP-004041,contactado,2026-06-05,VEN-006
EVO-009624,OPP-004042,lead,2026-06-05,VEN-011
EVO-009625,OPP-004044,calificado,2026-06-05,VEN-005
EVO-009626,OPP-004046,contactado,2026-06-05,VEN-006
EVO-009627,OPP-004051,lead,2026-06-05,VEN-003
EVO-009628,OPP-004054,lead,2026-06-05,VEN-011
EVO-009629,OPP-004058,contactado,2026-06-05,VEN-011
EVO-009630,OPP-004059,contactado,2026-06-05,VEN-007
EVO-009631,OPP-004061,contactado,2026-06-05,VEN-006
EVO-009632,OPP-004063,lead,2026-06-05,VEN-004
EVO-009633,OPP-004066,lead,2026-06-05,VEN-005
EVO-009634,OPP-004068,calificado,2026-06-05,VEN-002
EVO-009635,OPP-004069,lead,2026-06-05,VEN-002
EVO-009636,OPP-004070,lead,2026-06-05,VEN-003
EVO-009637,OPP-004015,contactado,2026-06-06,VEN-006
EVO-009638,OPP-004024,contactado,2026-06-06,VEN-005
EVO-009639,OPP-004035,calificado,2026-06-06,VEN-012
EVO-009640,OPP-004037,contactado,2026-06-06,VEN-011
EVO-009641,OPP-004042,contactado,2026-06-06,VEN-011
EVO-009642,OPP-004045,contactado,2026-06-06,VEN-006
EVO-009643,OPP-004045,calificado,2026-06-06,VEN-006
EVO-009644,OPP-004053,contactado,2026-06-06,VEN-012
EVO-009645,OPP-004061,calificado,2026-06-06,VEN-006
EVO-009646,OPP-004061,propuesta,2026-06-06,VEN-006
EVO-009647,OPP-004063,contactado,2026-06-06,VEN-004
EVO-009648,OPP-004071,contactado,2026-06-06,VEN-004
EVO-009649,OPP-004071,calificado,2026-06-06,VEN-004
EVO-009650,OPP-004015,calificado,2026-06-07,VEN-006
EVO-009651,OPP-004021,calificado,2026-06-07,VEN-010
EVO-009652,OPP-004028,calificado,2026-06-07,VEN-002
EVO-009653,OPP-004030,contactado,2026-06-07,VEN-011
EVO-009654,OPP-004030,calificado,2026-06-07,VEN-011
EVO-009655,OPP-004032,contactado,2026-06-07,VEN-002
EVO-009656,OPP-004033,calificado,2026-06-07,VEN-006
EVO-009657,OPP-004033,propuesta,2026-06-07,VEN-006
EVO-009658,OPP-004041,calificado,2026-06-07,VEN-006
EVO-009659,OPP-004047,contactado,2026-06-07,VEN-009
EVO-009660,OPP-004062,contactado,2026-06-07,VEN-006
EVO-009661,OPP-004062,calificado,2026-06-07,VEN-006
EVO-009662,OPP-004014,propuesta,2026-06-08,VEN-001
EVO-009663,OPP-004021,propuesta,2026-06-08,VEN-010
EVO-009664,OPP-004031,contactado,2026-06-08,VEN-006
EVO-009665,OPP-004032,calificado,2026-06-08,VEN-002
EVO-009666,OPP-004045,propuesta,2026-06-08,VEN-006
EVO-009667,OPP-004066,contactado,2026-06-08,VEN-005
EVO-009668,OPP-004066,calificado,2026-06-08,VEN-005
EVO-009669,OPP-004073,lead,2026-06-08,VEN-008
EVO-009670,OPP-004077,lead,2026-06-08,VEN-011
EVO-009671,OPP-004077,contactado,2026-06-08,VEN-011
EVO-009672,OPP-004079,lead,2026-06-08,VEN-011
EVO-009673,OPP-004083,lead,2026-06-08,VEN-007
EVO-009674,OPP-004092,lead,2026-06-08,VEN-003
EVO-009675,OPP-004096,lead,2026-06-08,VEN-006
EVO-009676,OPP-004115,lead,2026-06-08,VEN-009
EVO-009677,OPP-004115,contactado,2026-06-08,VEN-009
EVO-009678,OPP-004117,lead,2026-06-08,VEN-004
EVO-009679,OPP-004117,contactado,2026-06-08,VEN-004
EVO-009680,OPP-004123,lead,2026-06-08,VEN-007
EVO-009681,OPP-004024,calificado,2026-06-09,VEN-005
EVO-009682,OPP-004031,calificado,2026-06-09,VEN-006
EVO-009683,OPP-004037,calificado,2026-06-09,VEN-011
EVO-009684,OPP-004041,propuesta,2026-06-09,VEN-006
EVO-009685,OPP-004042,calificado,2026-06-09,VEN-011
EVO-009686,OPP-004074,lead,2026-06-09,VEN-008
EVO-009687,OPP-004074,contactado,2026-06-09,VEN-008
EVO-009688,OPP-004079,contactado,2026-06-09,VEN-011
EVO-009689,OPP-004081,lead,2026-06-09,VEN-008
EVO-009690,OPP-004083,contactado,2026-06-09,VEN-007
EVO-009691,OPP-004089,lead,2026-06-09,VEN-003
EVO-009692,OPP-004091,lead,2026-06-09,VEN-005
EVO-009693,OPP-004091,contactado,2026-06-09,VEN-005
EVO-009694,OPP-004093,lead,2026-06-09,VEN-002
EVO-009695,OPP-004096,contactado,2026-06-09,VEN-006
EVO-009696,OPP-004097,lead,2026-06-09,VEN-011
EVO-009697,OPP-004100,lead,2026-06-09,VEN-008
EVO-009698,OPP-004106,lead,2026-06-09,VEN-007
EVO-009699,OPP-004108,lead,2026-06-09,VEN-004
EVO-009700,OPP-004110,lead,2026-06-09,VEN-008
EVO-009701,OPP-004112,lead,2026-06-09,VEN-011
EVO-009702,OPP-004112,contactado,2026-06-09,VEN-011
EVO-009703,OPP-004114,lead,2026-06-09,VEN-009
EVO-009704,OPP-004114,contactado,2026-06-09,VEN-009
EVO-009705,OPP-004116,lead,2026-06-09,VEN-002
EVO-009706,OPP-004117,calificado,2026-06-09,VEN-004
EVO-009707,OPP-004120,lead,2026-06-09,VEN-002
EVO-009708,OPP-004121,lead,2026-06-09,VEN-005
EVO-009709,OPP-004123,contactado,2026-06-09,VEN-007
EVO-009710,OPP-004014,cierre,2026-06-10,VEN-001
EVO-009711,OPP-004021,cierre,2026-06-10,VEN-010
EVO-009712,OPP-004073,contactado,2026-06-10,VEN-008
EVO-009713,OPP-004073,calificado,2026-06-10,VEN-008
EVO-009714,OPP-004076,lead,2026-06-10,VEN-011
EVO-009715,OPP-004080,lead,2026-06-10,VEN-009
EVO-009716,OPP-004082,lead,2026-06-10,VEN-004
EVO-009717,OPP-004082,contactado,2026-06-10,VEN-004
EVO-009718,OPP-004082,calificado,2026-06-10,VEN-004
EVO-009719,OPP-004083,calificado,2026-06-10,VEN-007
EVO-009720,OPP-004085,lead,2026-06-10,VEN-003
EVO-009721,OPP-004092,contactado,2026-06-10,VEN-003
EVO-009722,OPP-004103,lead,2026-06-10,VEN-009
EVO-009723,OPP-004105,lead,2026-06-10,VEN-012
EVO-009724,OPP-004106,contactado,2026-06-10,VEN-007
EVO-009725,OPP-004111,lead,2026-06-10,VEN-008
EVO-009726,OPP-004111,contactado,2026-06-10,VEN-008
EVO-009727,OPP-004120,contactado,2026-06-10,VEN-002
EVO-009728,OPP-004031,propuesta,2026-06-11,VEN-006
EVO-009729,OPP-004075,lead,2026-06-11,VEN-004
EVO-009730,OPP-004087,lead,2026-06-11,VEN-011
EVO-009731,OPP-004093,contactado,2026-06-11,VEN-002
EVO-009732,OPP-004094,lead,2026-06-11,VEN-007
EVO-009733,OPP-004095,lead,2026-06-11,VEN-010
EVO-009734,OPP-004095,contactado,2026-06-11,VEN-010
EVO-009735,OPP-004095,calificado,2026-06-11,VEN-010
EVO-009736,OPP-004098,lead,2026-06-11,VEN-002
EVO-009737,OPP-004099,lead,2026-06-11,VEN-007
EVO-009738,OPP-004101,lead,2026-06-11,VEN-003
EVO-009739,OPP-004101,contactado,2026-06-11,VEN-003
EVO-009740,OPP-004108,contactado,2026-06-11,VEN-004
EVO-009741,OPP-004110,contactado,2026-06-11,VEN-008
EVO-009742,OPP-004111,calificado,2026-06-11,VEN-008
EVO-009743,OPP-004113,lead,2026-06-11,VEN-001
EVO-009744,OPP-004113,contactado,2026-06-11,VEN-001
EVO-009745,OPP-004114,calificado,2026-06-11,VEN-009
EVO-009746,OPP-004117,propuesta,2026-06-11,VEN-004
EVO-009747,OPP-004119,lead,2026-06-11,VEN-001
EVO-009748,OPP-004124,lead,2026-06-11,VEN-009
EVO-009749,OPP-004031,cierre,2026-06-12,VEN-006
EVO-009750,OPP-004042,propuesta,2026-06-12,VEN-011
EVO-009751,OPP-004072,lead,2026-06-12,VEN-001
EVO-009752,OPP-004078,lead,2026-06-12,VEN-011
EVO-009753,OPP-004084,lead,2026-06-12,VEN-010
EVO-009754,OPP-004085,contactado,2026-06-12,VEN-003
EVO-009755,OPP-004086,lead,2026-06-12,VEN-006
EVO-009756,OPP-004087,contactado,2026-06-12,VEN-011
EVO-009757,OPP-004088,lead,2026-06-12,VEN-011
EVO-009758,OPP-004090,lead,2026-06-12,VEN-002
EVO-009759,OPP-004097,contactado,2026-06-12,VEN-011
EVO-009760,OPP-004100,contactado,2026-06-12,VEN-008
EVO-009761,OPP-004101,calificado,2026-06-12,VEN-003
EVO-009762,OPP-004101,propuesta,2026-06-12,VEN-003
EVO-009763,OPP-004102,lead,2026-06-12,VEN-002
EVO-009764,OPP-004104,lead,2026-06-12,VEN-009
EVO-009765,OPP-004105,contactado,2026-06-12,VEN-012
EVO-009766,OPP-004107,lead,2026-06-12,VEN-012
EVO-009767,OPP-004108,calificado,2026-06-12,VEN-004
EVO-009768,OPP-004109,lead,2026-06-12,VEN-005
EVO-009769,OPP-004109,contactado,2026-06-12,VEN-005
EVO-009770,OPP-004110,calificado,2026-06-12,VEN-008
EVO-009771,OPP-004110,propuesta,2026-06-12,VEN-008
EVO-009772,OPP-004110,cierre,2026-06-12,VEN-008
EVO-009773,OPP-004116,contactado,2026-06-12,VEN-002
EVO-009774,OPP-004118,lead,2026-06-12,VEN-009
EVO-009775,OPP-004120,calificado,2026-06-12,VEN-002
EVO-009776,OPP-004122,lead,2026-06-12,VEN-001
EVO-009777,OPP-004122,contactado,2026-06-12,VEN-001
EVO-009778,OPP-004123,calificado,2026-06-12,VEN-007
EVO-009779,OPP-004124,contactado,2026-06-12,VEN-009
EVO-009780,OPP-004075,contactado,2026-06-13,VEN-004
EVO-009781,OPP-004076,contactado,2026-06-13,VEN-011
EVO-009782,OPP-004087,calificado,2026-06-13,VEN-011
EVO-009783,OPP-004090,contactado,2026-06-13,VEN-002
EVO-009784,OPP-004100,calificado,2026-06-13,VEN-008
EVO-009785,OPP-004101,cierre,2026-06-13,VEN-003
EVO-009786,OPP-004102,contactado,2026-06-13,VEN-002
EVO-009787,OPP-004103,contactado,2026-06-13,VEN-009
EVO-009788,OPP-004103,calificado,2026-06-13,VEN-009
EVO-009789,OPP-004108,propuesta,2026-06-13,VEN-004
EVO-009790,OPP-004117,cierre,2026-06-13,VEN-004
EVO-009791,OPP-004084,contactado,2026-06-14,VEN-010
EVO-009792,OPP-004086,contactado,2026-06-14,VEN-006
EVO-009793,OPP-004093,calificado,2026-06-14,VEN-002
EVO-009794,OPP-004123,propuesta,2026-06-14,VEN-007
EVO-009795,OPP-004075,calificado,2026-06-15,VEN-004
EVO-009796,OPP-004076,calificado,2026-06-15,VEN-011
EVO-009797,OPP-004078,contactado,2026-06-15,VEN-011
EVO-009798,OPP-004085,calificado,2026-06-15,VEN-003
EVO-009799,OPP-004102,calificado,2026-06-15,VEN-002
EVO-009800,OPP-004102,propuesta,2026-06-15,VEN-002
EVO-009801,OPP-004107,contactado,2026-06-15,VEN-012
EVO-009802,OPP-004122,calificado,2026-06-15,VEN-001
EVO-009803,OPP-004127,lead,2026-06-15,VEN-003
EVO-009804,OPP-004127,contactado,2026-06-15,VEN-003
EVO-009805,OPP-004131,lead,2026-06-15,VEN-001
EVO-009806,OPP-004136,lead,2026-06-15,VEN-006
EVO-009807,OPP-004141,lead,2026-06-15,VEN-005
EVO-009808,OPP-004142,lead,2026-06-15,VEN-007
EVO-009809,OPP-004150,lead,2026-06-15,VEN-010
EVO-009810,OPP-004152,lead,2026-06-15,VEN-008
EVO-009811,OPP-004157,lead,2026-06-15,VEN-009
EVO-009812,OPP-004158,lead,2026-06-15,VEN-006
EVO-009813,OPP-004158,contactado,2026-06-15,VEN-006
EVO-009814,OPP-004172,lead,2026-06-15,VEN-003
EVO-009815,OPP-004103,propuesta,2026-06-16,VEN-009
EVO-009816,OPP-004108,cierre,2026-06-16,VEN-004
EVO-009817,OPP-004123,cierre,2026-06-16,VEN-007
EVO-009818,OPP-004126,lead,2026-06-16,VEN-012
EVO-009819,OPP-004140,lead,2026-06-16,VEN-010
EVO-009820,OPP-004144,lead,2026-06-16,VEN-010
EVO-009821,OPP-004151,lead,2026-06-16,VEN-008
EVO-009822,OPP-004152,contactado,2026-06-16,VEN-008
EVO-009823,OPP-004155,lead,2026-06-16,VEN-012
EVO-009824,OPP-004156,lead,2026-06-16,VEN-005
EVO-009825,OPP-004158,calificado,2026-06-16,VEN-006
EVO-009826,OPP-004160,lead,2026-06-16,VEN-011
EVO-009827,OPP-004166,lead,2026-06-16,VEN-011
EVO-009828,OPP-004168,lead,2026-06-16,VEN-001
EVO-009829,OPP-004171,lead,2026-06-16,VEN-005
EVO-009830,OPP-004181,lead,2026-06-16,VEN-010
EVO-009831,OPP-004084,calificado,2026-06-17,VEN-010
EVO-009832,OPP-004086,calificado,2026-06-17,VEN-006
EVO-009833,OPP-004103,cierre,2026-06-17,VEN-009
EVO-009834,OPP-004125,lead,2026-06-17,VEN-008
EVO-009835,OPP-004127,calificado,2026-06-17,VEN-003
EVO-009836,OPP-004136,contactado,2026-06-17,VEN-006
EVO-009837,OPP-004138,lead,2026-06-17,VEN-011
EVO-009838,OPP-004142,contactado,2026-06-17,VEN-007
EVO-009839,OPP-004148,lead,2026-06-17,VEN-003
EVO-009840,OPP-004149,lead,2026-06-17,VEN-002
EVO-009841,OPP-004159,lead,2026-06-17,VEN-009
EVO-009842,OPP-004159,contactado,2026-06-17,VEN-009
EVO-009843,OPP-004163,lead,2026-06-17,VEN-004
EVO-009844,OPP-004165,lead,2026-06-17,VEN-005
EVO-009845,OPP-004165,contactado,2026-06-17,VEN-005
EVO-009846,OPP-004166,contactado,2026-06-17,VEN-011
EVO-009847,OPP-004173,lead,2026-06-17,VEN-003
EVO-009848,OPP-004174,lead,2026-06-17,VEN-005
EVO-009849,OPP-004179,lead,2026-06-17,VEN-008
EVO-009850,OPP-004179,contactado,2026-06-17,VEN-008
EVO-009851,OPP-004107,calificado,2026-06-18,VEN-012
EVO-009852,OPP-004125,contactado,2026-06-18,VEN-008
EVO-009853,OPP-004126,contactado,2026-06-18,VEN-012
EVO-009854,OPP-004128,lead,2026-06-18,VEN-004
EVO-009855,OPP-004128,contactado,2026-06-18,VEN-004
EVO-009856,OPP-004129,lead,2026-06-18,VEN-010
EVO-009857,OPP-004129,contactado,2026-06-18,VEN-010
EVO-009858,OPP-004131,contactado,2026-06-18,VEN-001
EVO-009859,OPP-004132,lead,2026-06-18,VEN-007
EVO-009860,OPP-004137,lead,2026-06-18,VEN-012
EVO-009861,OPP-004140,contactado,2026-06-18,VEN-010
EVO-009862,OPP-004141,contactado,2026-06-18,VEN-005
EVO-009863,OPP-004143,lead,2026-06-18,VEN-010
EVO-009864,OPP-004143,contactado,2026-06-18,VEN-010
EVO-009865,OPP-004145,lead,2026-06-18,VEN-009
EVO-009866,OPP-004145,contactado,2026-06-18,VEN-009
EVO-009867,OPP-004154,lead,2026-06-18,VEN-002
EVO-009868,OPP-004160,contactado,2026-06-18,VEN-011
EVO-009869,OPP-004161,lead,2026-06-18,VEN-011
EVO-009870,OPP-004162,lead,2026-06-18,VEN-009
EVO-009871,OPP-004162,contactado,2026-06-18,VEN-009
EVO-009872,OPP-004164,lead,2026-06-18,VEN-002
EVO-009873,OPP-004167,lead,2026-06-18,VEN-002
EVO-009874,OPP-004172,contactado,2026-06-18,VEN-003
EVO-009875,OPP-004175,lead,2026-06-18,VEN-004
EVO-009876,OPP-004177,lead,2026-06-18,VEN-004
EVO-009877,OPP-004177,contactado,2026-06-18,VEN-004
EVO-009878,OPP-004181,contactado,2026-06-18,VEN-010
EVO-009879,OPP-004086,propuesta,2026-06-19,VEN-006
EVO-009880,OPP-004125,calificado,2026-06-19,VEN-008
EVO-009881,OPP-004130,lead,2026-06-19,VEN-009
EVO-009882,OPP-004131,calificado,2026-06-19,VEN-001
EVO-009883,OPP-004133,lead,2026-06-19,VEN-005
EVO-009884,OPP-004133,contactado,2026-06-19,VEN-005
EVO-009885,OPP-004134,lead,2026-06-19,VEN-005
EVO-009886,OPP-004134,contactado,2026-06-19,VEN-005
EVO-009887,OPP-004135,lead,2026-06-19,VEN-009
EVO-009888,OPP-004139,lead,2026-06-19,VEN-006
EVO-009889,OPP-004144,contactado,2026-06-19,VEN-010
EVO-009890,OPP-004144,calificado,2026-06-19,VEN-010
EVO-009891,OPP-004146,lead,2026-06-19,VEN-002
EVO-009892,OPP-004147,lead,2026-06-19,VEN-005
EVO-009893,OPP-004153,lead,2026-06-19,VEN-007
EVO-009894,OPP-004159,calificado,2026-06-19,VEN-009
EVO-009895,OPP-004160,calificado,2026-06-19,VEN-011
EVO-009896,OPP-004163,contactado,2026-06-19,VEN-004
EVO-009897,OPP-004164,contactado,2026-06-19,VEN-002
EVO-009898,OPP-004168,contactado,2026-06-19,VEN-001
EVO-009899,OPP-004169,lead,2026-06-19,VEN-009
EVO-009900,OPP-004169,contactado,2026-06-19,VEN-009
EVO-009901,OPP-004169,calificado,2026-06-19,VEN-009
EVO-009902,OPP-004170,lead,2026-06-19,VEN-006
EVO-009903,OPP-004170,contactado,2026-06-19,VEN-006
EVO-009904,OPP-004171,contactado,2026-06-19,VEN-005
EVO-009905,OPP-004176,lead,2026-06-19,VEN-006
EVO-009906,OPP-004178,lead,2026-06-19,VEN-012
EVO-009907,OPP-004180,lead,2026-06-19,VEN-011
EVO-009908,OPP-004181,calificado,2026-06-19,VEN-010
EVO-009909,OPP-004182,lead,2026-06-19,VEN-006
EVO-009910,OPP-004128,calificado,2026-06-20,VEN-004
EVO-009911,OPP-004129,calificado,2026-06-20,VEN-010
EVO-009912,OPP-004130,contactado,2026-06-20,VEN-009
EVO-009913,OPP-004130,calificado,2026-06-20,VEN-009
EVO-009914,OPP-004131,propuesta,2026-06-20,VEN-001
EVO-009915,OPP-004137,contactado,2026-06-20,VEN-012
EVO-009916,OPP-004139,contactado,2026-06-20,VEN-006
EVO-009917,OPP-004146,contactado,2026-06-20,VEN-002
EVO-009918,OPP-004161,contactado,2026-06-20,VEN-011
EVO-009919,OPP-004161,calificado,2026-06-20,VEN-011
EVO-009920,OPP-004172,calificado,2026-06-20,VEN-003
EVO-009921,OPP-004180,contactado,2026-06-20,VEN-011
EVO-009922,OPP-004181,propuesta,2026-06-20,VEN-010
EVO-009923,OPP-004126,calificado,2026-06-21,VEN-012
EVO-009924,OPP-004146,calificado,2026-06-21,VEN-002
EVO-009925,OPP-004147,contactado,2026-06-21,VEN-005
EVO-009926,OPP-004128,propuesta,2026-06-22,VEN-004
EVO-009927,OPP-004160,propuesta,2026-06-22,VEN-011
EVO-009928,OPP-004163,calificado,2026-06-22,VEN-004
EVO-009929,OPP-004187,lead,2026-06-22,VEN-006
EVO-009930,OPP-004187,contactado,2026-06-22,VEN-006
EVO-009931,OPP-004194,lead,2026-06-22,VEN-005
EVO-009932,OPP-004204,lead,2026-06-22,VEN-002
EVO-009933,OPP-004204,contactado,2026-06-22,VEN-002
EVO-009934,OPP-004212,lead,2026-06-22,VEN-007
EVO-009935,OPP-004212,contactado,2026-06-22,VEN-007
EVO-009936,OPP-004217,lead,2026-06-22,VEN-010
EVO-009937,OPP-004220,lead,2026-06-22,VEN-011
EVO-009938,OPP-004222,lead,2026-06-22,VEN-011
EVO-009939,OPP-004238,lead,2026-06-22,VEN-004
EVO-009940,OPP-004240,lead,2026-06-22,VEN-007
EVO-009941,OPP-004242,lead,2026-06-22,VEN-006
EVO-009942,OPP-004137,calificado,2026-06-23,VEN-012
EVO-009943,OPP-004186,lead,2026-06-23,VEN-001
EVO-009944,OPP-004193,lead,2026-06-23,VEN-008
EVO-009945,OPP-004203,lead,2026-06-23,VEN-010
EVO-009946,OPP-004203,contactado,2026-06-23,VEN-010
EVO-009947,OPP-004205,lead,2026-06-23,VEN-001
EVO-009948,OPP-004213,lead,2026-06-23,VEN-007
EVO-009949,OPP-004216,lead,2026-06-23,VEN-004
EVO-009950,OPP-004217,contactado,2026-06-23,VEN-010
EVO-009951,OPP-004218,lead,2026-06-23,VEN-008
EVO-009952,OPP-004219,lead,2026-06-23,VEN-008
EVO-009953,OPP-004219,contactado,2026-06-23,VEN-008
EVO-009954,OPP-004220,contactado,2026-06-23,VEN-011
EVO-009955,OPP-004230,lead,2026-06-23,VEN-004
EVO-009956,OPP-004231,lead,2026-06-23,VEN-010
EVO-009957,OPP-004232,lead,2026-06-23,VEN-008
EVO-009958,OPP-004234,lead,2026-06-23,VEN-006
EVO-009959,OPP-004184,lead,2026-06-24,VEN-011
EVO-009960,OPP-004185,lead,2026-06-24,VEN-001
EVO-009961,OPP-004188,lead,2026-06-24,VEN-011
EVO-009962,OPP-004191,lead,2026-06-24,VEN-006
EVO-009963,OPP-004198,lead,2026-06-24,VEN-012
EVO-009964,OPP-004201,lead,2026-06-24,VEN-008
EVO-009965,OPP-004204,calificado,2026-06-24,VEN-002
EVO-009966,OPP-004207,lead,2026-06-24,VEN-010
EVO-009967,OPP-004208,lead,2026-06-24,VEN-006
EVO-009968,OPP-004211,lead,2026-06-24,VEN-004
EVO-009969,OPP-004221,lead,2026-06-24,VEN-007
EVO-009970,OPP-004224,lead,2026-06-24,VEN-009
EVO-009971,OPP-004226,lead,2026-06-24,VEN-006
EVO-009972,OPP-004226,contactado,2026-06-24,VEN-006
EVO-009973,OPP-004227,lead,2026-06-24,VEN-012
EVO-009974,OPP-004228,lead,2026-06-24,VEN-011
EVO-009975,OPP-004231,contactado,2026-06-24,VEN-010
EVO-009976,OPP-004232,contactado,2026-06-24,VEN-008
EVO-009977,OPP-004232,calificado,2026-06-24,VEN-008
EVO-009978,OPP-004232,propuesta,2026-06-24,VEN-008
EVO-009979,OPP-004236,lead,2026-06-24,VEN-008
EVO-009980,OPP-004236,contactado,2026-06-24,VEN-008
EVO-009981,OPP-004237,lead,2026-06-24,VEN-001
EVO-009982,OPP-004240,contactado,2026-06-24,VEN-007
EVO-009983,OPP-004240,calificado,2026-06-24,VEN-007
EVO-009984,OPP-004183,lead,2026-06-25,VEN-008
EVO-009985,OPP-004183,contactado,2026-06-25,VEN-008
EVO-009986,OPP-004190,lead,2026-06-25,VEN-001
EVO-009987,OPP-004192,lead,2026-06-25,VEN-012
EVO-009988,OPP-004196,lead,2026-06-25,VEN-011
EVO-009989,OPP-004198,contactado,2026-06-25,VEN-012
EVO-009990,OPP-004201,contactado,2026-06-25,VEN-008
EVO-009991,OPP-004202,lead,2026-06-25,VEN-009
EVO-009992,OPP-004209,lead,2026-06-25,VEN-001
EVO-009993,OPP-004210,lead,2026-06-25,VEN-006
EVO-009994,OPP-004210,contactado,2026-06-25,VEN-006
EVO-009995,OPP-004215,lead,2026-06-25,VEN-008
EVO-009996,OPP-004216,contactado,2026-06-25,VEN-004
EVO-009997,OPP-004216,calificado,2026-06-25,VEN-004
EVO-009998,OPP-004218,contactado,2026-06-25,VEN-008
EVO-009999,OPP-004221,contactado,2026-06-25,VEN-007
EVO-010000,OPP-004222,contactado,2026-06-25,VEN-011
EVO-010001,OPP-004224,contactado,2026-06-25,VEN-009
EVO-010002,OPP-004225,lead,2026-06-25,VEN-003
EVO-010003,OPP-004233,lead,2026-06-25,VEN-004
EVO-010004,OPP-004235,lead,2026-06-25,VEN-008
EVO-010005,OPP-004242,contactado,2026-06-25,VEN-006
EVO-010006,OPP-004186,contactado,2026-06-26,VEN-001
EVO-010007,OPP-004188,contactado,2026-06-26,VEN-011
EVO-010008,OPP-004189,lead,2026-06-26,VEN-009
EVO-010009,OPP-004193,contactado,2026-06-26,VEN-008
EVO-010010,OPP-004193,calificado,2026-06-26,VEN-008
EVO-010011,OPP-004195,lead,2026-06-26,VEN-007
EVO-010012,OPP-004196,contactado,2026-06-26,VEN-011
EVO-010013,OPP-004197,lead,2026-06-26,VEN-007
EVO-010014,OPP-004197,contactado,2026-06-26,VEN-007
EVO-010015,OPP-004197,calificado,2026-06-26,VEN-007
EVO-010016,OPP-004199,lead,2026-06-26,VEN-004
EVO-010017,OPP-004200,lead,2026-06-26,VEN-010
EVO-010018,OPP-004200,contactado,2026-06-26,VEN-010
EVO-010019,OPP-004205,contactado,2026-06-26,VEN-001
EVO-010020,OPP-004206,lead,2026-06-26,VEN-007
EVO-010021,OPP-004207,contactado,2026-06-26,VEN-010
EVO-010022,OPP-004213,contactado,2026-06-26,VEN-007
EVO-010023,OPP-004214,lead,2026-06-26,VEN-010
EVO-010024,OPP-004217,calificado,2026-06-26,VEN-010
EVO-010025,OPP-004220,calificado,2026-06-26,VEN-011
EVO-010026,OPP-004223,lead,2026-06-26,VEN-004
EVO-010027,OPP-004226,calificado,2026-06-26,VEN-006
EVO-010028,OPP-004228,contactado,2026-06-26,VEN-011
EVO-010029,OPP-004229,lead,2026-06-26,VEN-006
EVO-010030,OPP-004231,calificado,2026-06-26,VEN-010
EVO-010031,OPP-004233,contactado,2026-06-26,VEN-004
EVO-010032,OPP-004234,contactado,2026-06-26,VEN-006
EVO-010033,OPP-004234,calificado,2026-06-26,VEN-006
EVO-010034,OPP-004239,lead,2026-06-26,VEN-007
EVO-010035,OPP-004241,lead,2026-06-26,VEN-002
EVO-010036,OPP-004243,lead,2026-06-26,VEN-011
EVO-010037,OPP-004243,contactado,2026-06-26,VEN-011
EVO-010038,OPP-004243,calificado,2026-06-26,VEN-011
EVO-010039,OPP-004190,contactado,2026-06-27,VEN-001
EVO-010040,OPP-004191,contactado,2026-06-27,VEN-006
EVO-010041,OPP-004207,calificado,2026-06-27,VEN-010
EVO-010042,OPP-004208,contactado,2026-06-27,VEN-006
EVO-010043,OPP-004209,contactado,2026-06-27,VEN-001
EVO-010044,OPP-004211,contactado,2026-06-27,VEN-004
EVO-010045,OPP-004214,contactado,2026-06-27,VEN-010
EVO-010046,OPP-004221,calificado,2026-06-27,VEN-007
EVO-010047,OPP-004223,contactado,2026-06-27,VEN-004
EVO-010048,OPP-004228,calificado,2026-06-27,VEN-011
EVO-010049,OPP-004228,propuesta,2026-06-27,VEN-011
EVO-010050,OPP-004235,contactado,2026-06-27,VEN-008
EVO-010051,OPP-004189,contactado,2026-06-28,VEN-009
EVO-010052,OPP-004195,contactado,2026-06-28,VEN-007
EVO-010053,OPP-004202,contactado,2026-06-28,VEN-009
EVO-010054,OPP-004208,calificado,2026-06-28,VEN-006
EVO-010055,OPP-004213,calificado,2026-06-28,VEN-007
EVO-010056,OPP-004213,propuesta,2026-06-28,VEN-007
EVO-010057,OPP-004215,contactado,2026-06-28,VEN-008
EVO-010058,OPP-004215,calificado,2026-06-28,VEN-008
EVO-010059,OPP-004225,contactado,2026-06-28,VEN-003
EVO-010060,OPP-004229,contactado,2026-06-28,VEN-006
EVO-010061,OPP-004241,contactado,2026-06-28,VEN-002
EVO-010062,OPP-004188,calificado,2026-06-29,VEN-011
EVO-010063,OPP-004188,propuesta,2026-06-29,VEN-011
EVO-010064,OPP-004190,calificado,2026-06-29,VEN-001
EVO-010065,OPP-004199,contactado,2026-06-29,VEN-004
EVO-010066,OPP-004205,calificado,2026-06-29,VEN-001
EVO-010067,OPP-004206,contactado,2026-06-29,VEN-007
EVO-010068,OPP-004206,calificado,2026-06-29,VEN-007
EVO-010069,OPP-004206,propuesta,2026-06-29,VEN-007
EVO-010070,OPP-004206,cierre,2026-06-29,VEN-007
EVO-010071,OPP-004235,calificado,2026-06-29,VEN-008
EVO-010072,OPP-004245,lead,2026-06-29,VEN-004
EVO-010073,OPP-004246,lead,2026-06-29,VEN-002
EVO-010074,OPP-004250,lead,2026-06-29,VEN-004
EVO-010075,OPP-004253,lead,2026-06-29,VEN-009
EVO-010076,OPP-004253,contactado,2026-06-29,VEN-009
EVO-010077,OPP-004255,lead,2026-06-29,VEN-001
EVO-010078,OPP-004266,lead,2026-06-29,VEN-010
EVO-010079,OPP-004266,contactado,2026-06-29,VEN-010
EVO-010080,OPP-004267,lead,2026-06-29,VEN-009
EVO-010081,OPP-004281,lead,2026-06-29,VEN-003
EVO-010082,OPP-004284,lead,2026-06-29,VEN-006
EVO-010083,OPP-004293,lead,2026-06-29,VEN-001
EVO-010084,OPP-004299,lead,2026-06-29,VEN-011
EVO-010085,OPP-004299,contactado,2026-06-29,VEN-011
EVO-010086,OPP-004301,lead,2026-06-29,VEN-006
EVO-010087,OPP-004228,cierre,2026-06-30,VEN-011
EVO-010088,OPP-004244,lead,2026-06-30,VEN-006
EVO-010089,OPP-004245,contactado,2026-06-30,VEN-004
EVO-010090,OPP-004249,lead,2026-06-30,VEN-012
EVO-010091,OPP-004256,lead,2026-06-30,VEN-010
EVO-010092,OPP-004256,contactado,2026-06-30,VEN-010
EVO-010093,OPP-004259,lead,2026-06-30,VEN-010
EVO-010094,OPP-004266,calificado,2026-06-30,VEN-010
EVO-010095,OPP-004278,lead,2026-06-30,VEN-011
EVO-010096,OPP-004283,lead,2026-06-30,VEN-004
EVO-010097,OPP-004284,contactado,2026-06-30,VEN-006
EVO-010098,OPP-004285,lead,2026-06-30,VEN-002
EVO-010099,OPP-004288,lead,2026-06-30,VEN-009
EVO-010100,OPP-004295,lead,2026-06-30,VEN-008
EVO-010101,OPP-004301,contactado,2026-06-30,VEN-006
EVO-010102,OPP-004199,calificado,2026-07-01,VEN-004
EVO-010103,OPP-004251,lead,2026-07-01,VEN-009
EVO-010104,OPP-004253,calificado,2026-07-01,VEN-009
EVO-010105,OPP-004256,calificado,2026-07-01,VEN-010
EVO-010106,OPP-004257,lead,2026-07-01,VEN-010
EVO-010107,OPP-004263,lead,2026-07-01,VEN-008
EVO-010108,OPP-004271,lead,2026-07-01,VEN-007
EVO-010109,OPP-004275,lead,2026-07-01,VEN-007
EVO-010110,OPP-004275,contactado,2026-07-01,VEN-007
EVO-010111,OPP-004277,lead,2026-07-01,VEN-009
EVO-010112,OPP-004277,contactado,2026-07-01,VEN-009
EVO-010113,OPP-004286,lead,2026-07-01,VEN-009
EVO-010114,OPP-004287,lead,2026-07-01,VEN-006
EVO-010115,OPP-004287,contactado,2026-07-01,VEN-006
EVO-010116,OPP-004288,contactado,2026-07-01,VEN-009
EVO-010117,OPP-004288,calificado,2026-07-01,VEN-009
EVO-010118,OPP-004290,lead,2026-07-01,VEN-012
EVO-010119,OPP-004291,lead,2026-07-01,VEN-010
EVO-010120,OPP-004291,contactado,2026-07-01,VEN-010
EVO-010121,OPP-004292,lead,2026-07-01,VEN-002
EVO-010122,OPP-004293,contactado,2026-07-01,VEN-001
EVO-010123,OPP-004295,contactado,2026-07-01,VEN-008
EVO-010124,OPP-004298,lead,2026-07-01,VEN-010
EVO-010125,OPP-004299,calificado,2026-07-01,VEN-011
EVO-010126,OPP-004199,propuesta,2026-07-02,VEN-004
EVO-010127,OPP-004244,contactado,2026-07-02,VEN-006
EVO-010128,OPP-004246,contactado,2026-07-02,VEN-002
EVO-010129,OPP-004256,propuesta,2026-07-02,VEN-010
EVO-010130,OPP-004256,cierre,2026-07-02,VEN-010
EVO-010131,OPP-004261,lead,2026-07-02,VEN-002
EVO-010132,OPP-004263,contactado,2026-07-02,VEN-008
EVO-010133,OPP-004265,lead,2026-07-02,VEN-011
EVO-010134,OPP-004265,contactado,2026-07-02,VEN-011
EVO-010135,OPP-004268,lead,2026-07-02,VEN-007
EVO-010136,OPP-004269,lead,2026-07-02,VEN-004
EVO-010137,OPP-004273,lead,2026-07-02,VEN-009
EVO-010138,OPP-004281,contactado,2026-07-02,VEN-003
EVO-010139,OPP-004282,lead,2026-07-02,VEN-009
EVO-010140,OPP-004292,contactado,2026-07-02,VEN-002
EVO-010141,OPP-004294,lead,2026-07-02,VEN-003
EVO-010142,OPP-004296,lead,2026-07-02,VEN-003
EVO-010143,OPP-004297,lead,2026-07-02,VEN-007
EVO-010144,OPP-004302,lead,2026-07-02,VEN-012
EVO-010145,OPP-004246,calificado,2026-07-03,VEN-002
EVO-010146,OPP-004247,lead,2026-07-03,VEN-011
EVO-010147,OPP-004248,lead,2026-07-03,VEN-011
EVO-010148,OPP-004251,contactado,2026-07-03,VEN-009
EVO-010149,OPP-004252,lead,2026-07-03,VEN-007
EVO-010150,OPP-004254,lead,2026-07-03,VEN-009
EVO-010151,OPP-004258,lead,2026-07-03,VEN-006
EVO-010152,OPP-004258,contactado,2026-07-03,VEN-006
EVO-010153,OPP-004258,calificado,2026-07-03,VEN-006
EVO-010154,OPP-004260,lead,2026-07-03,VEN-003
EVO-010155,OPP-004261,contactado,2026-07-03,VEN-002
EVO-010156,OPP-004262,lead,2026-07-03,VEN-009
EVO-010157,OPP-004264,lead,2026-07-03,VEN-003
EVO-010158,OPP-004270,lead,2026-07-03,VEN-008
EVO-010159,OPP-004271,contactado,2026-07-03,VEN-007
EVO-010160,OPP-004272,lead,2026-07-03,VEN-011
EVO-010161,OPP-004274,lead,2026-07-03,VEN-002
EVO-010162,OPP-004274,contactado,2026-07-03,VEN-002
EVO-010163,OPP-004276,lead,2026-07-03,VEN-010
EVO-010164,OPP-004279,lead,2026-07-03,VEN-003
EVO-010165,OPP-004280,lead,2026-07-03,VEN-011
EVO-010166,OPP-004282,contactado,2026-07-03,VEN-009
EVO-010167,OPP-004283,contactado,2026-07-03,VEN-004
EVO-010168,OPP-004285,contactado,2026-07-03,VEN-002
EVO-010169,OPP-004287,calificado,2026-07-03,VEN-006
EVO-010170,OPP-004288,propuesta,2026-07-03,VEN-009
EVO-010171,OPP-004289,lead,2026-07-03,VEN-002
EVO-010172,OPP-004290,contactado,2026-07-03,VEN-012
EVO-010173,OPP-004300,lead,2026-07-03,VEN-003
EVO-010174,OPP-004300,contactado,2026-07-03,VEN-003
EVO-010175,OPP-004301,calificado,2026-07-03,VEN-006
EVO-010176,OPP-004303,lead,2026-07-03,VEN-002
EVO-010177,OPP-004248,contactado,2026-07-04,VEN-011
EVO-010178,OPP-004251,calificado,2026-07-04,VEN-009
EVO-010179,OPP-004258,propuesta,2026-07-04,VEN-006
EVO-010180,OPP-004262,contactado,2026-07-04,VEN-009
EVO-010181,OPP-004268,contactado,2026-07-04,VEN-007
EVO-010182,OPP-004275,calificado,2026-07-04,VEN-007
EVO-010183,OPP-004276,contactado,2026-07-04,VEN-010
EVO-010184,OPP-004280,contactado,2026-07-04,VEN-011
EVO-010185,OPP-004293,calificado,2026-07-04,VEN-001
EVO-010186,OPP-004295,calificado,2026-07-04,VEN-008
EVO-010187,OPP-004252,contactado,2026-07-05,VEN-007
EVO-010188,OPP-004269,contactado,2026-07-05,VEN-004
EVO-010189,OPP-004274,calificado,2026-07-05,VEN-002
EVO-010190,OPP-004290,calificado,2026-07-05,VEN-012
EVO-010191,OPP-004294,contactado,2026-07-05,VEN-003
EVO-010192,OPP-004296,contactado,2026-07-05,VEN-003
EVO-010193,OPP-004296,calificado,2026-07-05,VEN-003
EVO-010194,OPP-004303,contactado,2026-07-05,VEN-002
EVO-010195,OPP-004252,calificado,2026-07-06,VEN-007
EVO-010196,OPP-004254,contactado,2026-07-06,VEN-009
EVO-010197,OPP-004261,calificado,2026-07-06,VEN-002
EVO-010198,OPP-004264,contactado,2026-07-06,VEN-003
EVO-010199,OPP-004274,propuesta,2026-07-06,VEN-002
EVO-010200,OPP-004285,calificado,2026-07-06,VEN-002
EVO-010201,OPP-004290,propuesta,2026-07-06,VEN-012
EVO-010202,OPP-004294,calificado,2026-07-06,VEN-003
EVO-010203,OPP-004308,lead,2026-07-06,VEN-006
EVO-010204,OPP-004312,lead,2026-07-06,VEN-012
EVO-010205,OPP-004317,lead,2026-07-06,VEN-008
EVO-010206,OPP-004324,lead,2026-07-06,VEN-006
EVO-010207,OPP-004328,lead,2026-07-06,VEN-001
EVO-010208,OPP-004328,contactado,2026-07-06,VEN-001
EVO-010209,OPP-004336,lead,2026-07-06,VEN-001
EVO-010210,OPP-004340,lead,2026-07-06,VEN-001
EVO-010211,OPP-004349,lead,2026-07-06,VEN-006
EVO-010212,OPP-004350,lead,2026-07-06,VEN-001
EVO-010213,OPP-004285,propuesta,2026-07-07,VEN-002
EVO-010214,OPP-004303,calificado,2026-07-07,VEN-002
EVO-010215,OPP-004311,lead,2026-07-07,VEN-006
EVO-010216,OPP-004313,lead,2026-07-07,VEN-009
EVO-010217,OPP-004315,lead,2026-07-07,VEN-001
EVO-010218,OPP-004323,lead,2026-07-07,VEN-003
EVO-010219,OPP-004324,contactado,2026-07-07,VEN-006
EVO-010220,OPP-004326,lead,2026-07-07,VEN-009
EVO-010221,OPP-004331,lead,2026-07-07,VEN-009
EVO-010222,OPP-004331,contactado,2026-07-07,VEN-009
EVO-010223,OPP-004336,contactado,2026-07-07,VEN-001
EVO-010224,OPP-004336,calificado,2026-07-07,VEN-001
EVO-010225,OPP-004341,lead,2026-07-07,VEN-002
EVO-010226,OPP-004347,lead,2026-07-07,VEN-010
EVO-010227,OPP-004348,lead,2026-07-07,VEN-007
EVO-010228,OPP-004304,lead,2026-07-08,VEN-011
EVO-010229,OPP-004304,contactado,2026-07-08,VEN-011
EVO-010230,OPP-004309,lead,2026-07-08,VEN-008
EVO-010231,OPP-004310,lead,2026-07-08,VEN-011
EVO-010232,OPP-004315,contactado,2026-07-08,VEN-001
EVO-010233,OPP-004315,calificado,2026-07-08,VEN-001
EVO-010234,OPP-004316,lead,2026-07-08,VEN-002
EVO-010235,OPP-004317,contactado,2026-07-08,VEN-008
EVO-010236,OPP-004327,lead,2026-07-08,VEN-001
EVO-010237,OPP-004332,lead,2026-07-08,VEN-001
EVO-010238,OPP-004332,contactado,2026-07-08,VEN-001
EVO-010239,OPP-004334,lead,2026-07-08,VEN-009
EVO-010240,OPP-004338,lead,2026-07-08,VEN-003
EVO-010241,OPP-004338,contactado,2026-07-08,VEN-003
EVO-010242,OPP-004344,lead,2026-07-08,VEN-010
EVO-010243,OPP-004344,contactado,2026-07-08,VEN-010
EVO-010244,OPP-004346,lead,2026-07-08,VEN-007
EVO-010245,OPP-004351,lead,2026-07-08,VEN-002
EVO-010246,OPP-004305,lead,2026-07-09,VEN-010
EVO-010247,OPP-004307,lead,2026-07-09,VEN-008
EVO-010248,OPP-004313,contactado,2026-07-09,VEN-009
EVO-010249,OPP-004313,calificado,2026-07-09,VEN-009
EVO-010250,OPP-004318,lead,2026-07-09,VEN-006
EVO-010251,OPP-004319,lead,2026-07-09,VEN-005
EVO-010252,OPP-004323,contactado,2026-07-09,VEN-003
EVO-010253,OPP-004329,lead,2026-07-09,VEN-009
EVO-010254,OPP-004330,lead,2026-07-09,VEN-001
EVO-010255,OPP-004342,lead,2026-07-09,VEN-005
EVO-010256,OPP-004345,lead,2026-07-09,VEN-006
EVO-010257,OPP-004352,lead,2026-07-09,VEN-011
EVO-010258,OPP-004353,lead,2026-07-09,VEN-011
EVO-010259,OPP-004355,lead,2026-07-09,VEN-004
EVO-010260,OPP-004355,contactado,2026-07-09,VEN-004
EVO-010261,OPP-004285,cierre,2026-07-10,VEN-002
EVO-010262,OPP-004306,lead,2026-07-10,VEN-001
EVO-010263,OPP-004311,contactado,2026-07-10,VEN-006
EVO-010264,OPP-004313,propuesta,2026-07-10,VEN-009
EVO-010265,OPP-004314,lead,2026-07-10,VEN-010
EVO-010266,OPP-004319,contactado,2026-07-10,VEN-005
EVO-010267,OPP-004320,lead,2026-07-10,VEN-012
EVO-010268,OPP-004321,lead,2026-07-10,VEN-009
EVO-010269,OPP-004322,lead,2026-07-10,VEN-005
EVO-010270,OPP-004325,lead,2026-07-10,VEN-011
EVO-010271,OPP-004326,contactado,2026-07-10,VEN-009
EVO-010272,OPP-004327,contactado,2026-07-10,VEN-001
EVO-010273,OPP-004329,contactado,2026-07-10,VEN-009
EVO-010274,OPP-004333,lead,2026-07-10,VEN-002
EVO-010275,OPP-004335,lead,2026-07-10,VEN-001
EVO-010276,OPP-004335,contactado,2026-07-10,VEN-001
EVO-010277,OPP-004337,lead,2026-07-10,VEN-005
EVO-010278,OPP-004339,lead,2026-07-10,VEN-001
EVO-010279,OPP-004343,lead,2026-07-10,VEN-008
EVO-010280,OPP-004344,calificado,2026-07-10,VEN-010
EVO-010281,OPP-004345,contactado,2026-07-10,VEN-006
EVO-010282,OPP-004347,contactado,2026-07-10,VEN-010
EVO-010283,OPP-004353,contactado,2026-07-10,VEN-011
EVO-010284,OPP-004354,lead,2026-07-10,VEN-011
EVO-010285,OPP-004356,lead,2026-07-10,VEN-007
EVO-010286,OPP-004356,contactado,2026-07-10,VEN-007
EVO-010287,OPP-004307,contactado,2026-07-11,VEN-008
EVO-010288,OPP-004309,contactado,2026-07-11,VEN-008
EVO-010289,OPP-004310,contactado,2026-07-11,VEN-011
EVO-010290,OPP-004316,contactado,2026-07-11,VEN-002
EVO-010291,OPP-004322,contactado,2026-07-11,VEN-005
EVO-010292,OPP-004323,calificado,2026-07-11,VEN-003
EVO-010293,OPP-004326,calificado,2026-07-11,VEN-009
EVO-010294,OPP-004332,calificado,2026-07-11,VEN-001
EVO-010295,OPP-004332,propuesta,2026-07-11,VEN-001
EVO-010296,OPP-004334,contactado,2026-07-11,VEN-009
EVO-010297,OPP-004342,contactado,2026-07-11,VEN-005
EVO-010298,OPP-004347,calificado,2026-07-11,VEN-010
EVO-010299,OPP-004305,contactado,2026-07-12,VEN-010
EVO-010300,OPP-004307,calificado,2026-07-12,VEN-008
EVO-010301,OPP-004314,contactado,2026-07-12,VEN-010
EVO-010302,OPP-004314,calificado,2026-07-12,VEN-010
EVO-010303,OPP-004318,contactado,2026-07-12,VEN-006
EVO-010304,OPP-004319,calificado,2026-07-12,VEN-005
EVO-010305,OPP-004319,propuesta,2026-07-12,VEN-005
EVO-010306,OPP-004329,calificado,2026-07-12,VEN-009
EVO-010307,OPP-004339,contactado,2026-07-12,VEN-001
EVO-010308,OPP-004339,calificado,2026-07-12,VEN-001
EVO-010309,OPP-004344,propuesta,2026-07-12,VEN-010
EVO-010310,OPP-004306,contactado,2026-07-13,VEN-001
EVO-010311,OPP-004323,propuesta,2026-07-13,VEN-003
EVO-010312,OPP-004327,calificado,2026-07-13,VEN-001
EVO-010313,OPP-004334,calificado,2026-07-13,VEN-009
EVO-010314,OPP-004343,contactado,2026-07-13,VEN-008
EVO-010315,OPP-004360,lead,2026-07-13,VEN-011
EVO-010316,OPP-004361,lead,2026-07-13,VEN-001
EVO-010317,OPP-004362,lead,2026-07-13,VEN-002
EVO-010318,OPP-004369,lead,2026-07-13,VEN-011
EVO-010319,OPP-004373,lead,2026-07-13,VEN-009
EVO-010320,OPP-004381,lead,2026-07-13,VEN-004
EVO-010321,OPP-004383,lead,2026-07-13,VEN-011
EVO-010322,OPP-004384,lead,2026-07-13,VEN-002
EVO-010323,OPP-004387,lead,2026-07-13,VEN-012
EVO-010324,OPP-004387,contactado,2026-07-13,VEN-012
EVO-010325,OPP-004390,lead,2026-07-13,VEN-001
EVO-010326,OPP-004395,lead,2026-07-13,VEN-003
EVO-010327,OPP-004396,lead,2026-07-13,VEN-012
EVO-010328,OPP-004398,lead,2026-07-13,VEN-009
EVO-010329,OPP-004401,lead,2026-07-13,VEN-004
EVO-010330,OPP-004344,cierre,2026-07-14,VEN-010
EVO-010331,OPP-004358,lead,2026-07-14,VEN-005
EVO-010332,OPP-004362,contactado,2026-07-14,VEN-002
EVO-010333,OPP-004365,lead,2026-07-14,VEN-009
EVO-010334,OPP-004370,lead,2026-07-14,VEN-010
EVO-010335,OPP-004378,lead,2026-07-14,VEN-011
EVO-010336,OPP-004379,lead,2026-07-14,VEN-012
EVO-010337,OPP-004379,contactado,2026-07-14,VEN-012
EVO-010338,OPP-004379,calificado,2026-07-14,VEN-012
EVO-010339,OPP-004379,propuesta,2026-07-14,VEN-012
EVO-010340,OPP-004383,contactado,2026-07-14,VEN-011
EVO-010341,OPP-004384,contactado,2026-07-14,VEN-002
EVO-010342,OPP-004391,lead,2026-07-14,VEN-009
EVO-010343,OPP-004392,lead,2026-07-14,VEN-008
EVO-010344,OPP-004396,contactado,2026-07-14,VEN-012
EVO-010345,OPP-004305,calificado,2026-07-15,VEN-010
EVO-010346,OPP-004318,calificado,2026-07-15,VEN-006
EVO-010347,OPP-004343,calificado,2026-07-15,VEN-008
EVO-010348,OPP-004359,lead,2026-07-15,VEN-003
EVO-010349,OPP-004366,lead,2026-07-15,VEN-005
EVO-010350,OPP-004373,contactado,2026-07-15,VEN-009
EVO-010351,OPP-004375,lead,2026-07-15,VEN-009
EVO-010352,OPP-004384,calificado,2026-07-15,VEN-002
EVO-010353,OPP-004388,lead,2026-07-15,VEN-012
EVO-010354,OPP-004389,lead,2026-07-15,VEN-009
EVO-010355,OPP-004395,contactado,2026-07-15,VEN-003
EVO-010356,OPP-004399,lead,2026-07-15,VEN-012
EVO-010357,OPP-004399,contactado,2026-07-15,VEN-012
EVO-010358,OPP-004401,contactado,2026-07-15,VEN-004
EVO-010359,OPP-004402,lead,2026-07-15,VEN-004
EVO-010360,OPP-004402,contactado,2026-07-15,VEN-004
EVO-010361,OPP-004363,lead,2026-07-16,VEN-008
EVO-010362,OPP-004369,contactado,2026-07-16,VEN-011
EVO-010363,OPP-004370,contactado,2026-07-16,VEN-010
EVO-010364,OPP-004371,lead,2026-07-16,VEN-009
EVO-010365,OPP-004380,lead,2026-07-16,VEN-009
EVO-010366,OPP-004389,contactado,2026-07-16,VEN-009
EVO-010367,OPP-004390,contactado,2026-07-16,VEN-001
EVO-010368,OPP-004391,contactado,2026-07-16,VEN-009
EVO-010369,OPP-004392,contactado,2026-07-16,VEN-008
EVO-010370,OPP-004393,lead,2026-07-16,VEN-002
EVO-010371,OPP-004395,calificado,2026-07-16,VEN-003
EVO-010372,OPP-004397,lead,2026-07-16,VEN-004
EVO-010373,OPP-004401,calificado,2026-07-16,VEN-004
EVO-010374,OPP-004401,propuesta,2026-07-16,VEN-004
EVO-010375,OPP-004401,cierre,2026-07-16,VEN-004
EVO-010376,OPP-004403,lead,2026-07-16,VEN-012
EVO-010377,OPP-004404,lead,2026-07-16,VEN-011
EVO-010378,OPP-004404,contactado,2026-07-16,VEN-011
EVO-010379,OPP-004357,lead,2026-07-17,VEN-001
EVO-010380,OPP-004358,contactado,2026-07-17,VEN-005
EVO-010381,OPP-004364,lead,2026-07-17,VEN-005
EVO-010382,OPP-004367,lead,2026-07-17,VEN-002
EVO-010383,OPP-004368,lead,2026-07-17,VEN-010
EVO-010384,OPP-004368,contactado,2026-07-17,VEN-010
EVO-010385,OPP-004369,calificado,2026-07-17,VEN-011
EVO-010386,OPP-004370,calificado,2026-07-17,VEN-010
EVO-010387,OPP-004372,lead,2026-07-17,VEN-001
EVO-010388,OPP-004374,lead,2026-07-17,VEN-011
EVO-010389,OPP-004375,contactado,2026-07-17,VEN-009
EVO-010390,OPP-004376,lead,2026-07-17,VEN-005
EVO-010391,OPP-004377,lead,2026-07-17,VEN-010
EVO-010392,OPP-004378,contactado,2026-07-17,VEN-011
EVO-010393,OPP-004382,lead,2026-07-17,VEN-008
EVO-010394,OPP-004385,lead,2026-07-17,VEN-009
EVO-010395,OPP-004385,contactado,2026-07-17,VEN-009
EVO-010396,OPP-004386,lead,2026-07-17,VEN-003
EVO-010397,OPP-004388,contactado,2026-07-17,VEN-012
EVO-010398,OPP-004391,calificado,2026-07-17,VEN-009
EVO-010399,OPP-004394,lead,2026-07-17,VEN-011
EVO-010400,OPP-004400,lead,2026-07-17,VEN-003
EVO-010401,OPP-004318,propuesta,2026-07-18,VEN-006
EVO-010402,OPP-004373,calificado,2026-07-18,VEN-009
EVO-010403,OPP-004374,contactado,2026-07-18,VEN-011
EVO-010404,OPP-004376,contactado,2026-07-18,VEN-005
EVO-010405,OPP-004380,contactado,2026-07-18,VEN-009
EVO-010406,OPP-004386,contactado,2026-07-18,VEN-003
EVO-010407,OPP-004386,calificado,2026-07-18,VEN-003
EVO-010408,OPP-004393,contactado,2026-07-18,VEN-002
EVO-010409,OPP-004367,contactado,2026-07-19,VEN-002
EVO-010410,OPP-004367,calificado,2026-07-19,VEN-002
EVO-010411,OPP-004368,calificado,2026-07-19,VEN-010
EVO-010412,OPP-004370,propuesta,2026-07-19,VEN-010
EVO-010413,OPP-004371,contactado,2026-07-19,VEN-009
EVO-010414,OPP-004382,contactado,2026-07-19,VEN-008
EVO-010415,OPP-004385,calificado,2026-07-19,VEN-009
EVO-010416,OPP-004389,calificado,2026-07-19,VEN-009
EVO-010417,OPP-004390,calificado,2026-07-19,VEN-001
EVO-010418,OPP-004394,contactado,2026-07-19,VEN-011
EVO-010419,OPP-004403,contactado,2026-07-19,VEN-012
EVO-010420,OPP-004403,calificado,2026-07-19,VEN-012
EVO-010421,OPP-004357,contactado,2026-07-20,VEN-001
EVO-010422,OPP-004374,calificado,2026-07-20,VEN-011
EVO-010423,OPP-004376,calificado,2026-07-20,VEN-005
EVO-010424,OPP-004380,calificado,2026-07-20,VEN-009
EVO-010425,OPP-004385,propuesta,2026-07-20,VEN-009
EVO-010426,OPP-004405,lead,2026-07-20,VEN-001
EVO-010427,OPP-004409,lead,2026-07-20,VEN-004
EVO-010428,OPP-004412,lead,2026-07-20,VEN-010
EVO-010429,OPP-004413,lead,2026-07-20,VEN-006
EVO-010430,OPP-004413,contactado,2026-07-20,VEN-006
EVO-010431,OPP-004415,lead,2026-07-20,VEN-005
EVO-010432,OPP-004424,lead,2026-07-20,VEN-009
EVO-010433,OPP-004427,lead,2026-07-20,VEN-007
EVO-010434,OPP-004431,lead,2026-07-20,VEN-010
EVO-010435,OPP-004436,lead,2026-07-20,VEN-012
EVO-010436,OPP-004448,lead,2026-07-20,VEN-009
EVO-010437,OPP-004451,lead,2026-07-20,VEN-007
EVO-010438,OPP-004457,lead,2026-07-20,VEN-001
EVO-010439,OPP-004459,lead,2026-07-20,VEN-003
EVO-010440,OPP-004405,contactado,2026-07-21,VEN-001
EVO-010441,OPP-004406,lead,2026-07-21,VEN-008
EVO-010442,OPP-004407,lead,2026-07-21,VEN-003
EVO-010443,OPP-004409,contactado,2026-07-21,VEN-004
EVO-010444,OPP-004409,calificado,2026-07-21,VEN-004
EVO-010445,OPP-004412,contactado,2026-07-21,VEN-010
EVO-010446,OPP-004414,lead,2026-07-21,VEN-007
EVO-010447,OPP-004421,lead,2026-07-21,VEN-009
EVO-010448,OPP-004426,lead,2026-07-21,VEN-007
EVO-010449,OPP-004435,lead,2026-07-21,VEN-002
EVO-010450,OPP-004449,lead,2026-07-21,VEN-009
EVO-010451,OPP-004455,lead,2026-07-21,VEN-006
EVO-010452,OPP-004459,contactado,2026-07-21,VEN-003
EVO-010453,OPP-004459,calificado,2026-07-21,VEN-003
EVO-010454,OPP-004370,cierre,2026-07-22,VEN-010
EVO-010455,OPP-004371,calificado,2026-07-22,VEN-009
EVO-010456,OPP-004380,propuesta,2026-07-22,VEN-009
EVO-010457,OPP-004385,cierre,2026-07-22,VEN-009
EVO-010458,OPP-004405,calificado,2026-07-22,VEN-001
EVO-010459,OPP-004407,contactado,2026-07-22,VEN-003
EVO-010460,OPP-004410,lead,2026-07-22,VEN-009
EVO-010461,OPP-004411,lead,2026-07-22,VEN-002
EVO-010462,OPP-004412,calificado,2026-07-22,VEN-010
EVO-010463,OPP-004414,contactado,2026-07-22,VEN-007
EVO-010464,OPP-004416,lead,2026-07-22,VEN-012
EVO-010465,OPP-004424,contactado,2026-07-22,VEN-009
EVO-010466,OPP-004425,lead,2026-07-22,VEN-007
EVO-010467,OPP-004425,contactado,2026-07-22,VEN-007
EVO-010468,OPP-004425,calificado,2026-07-22,VEN-007
EVO-010469,OPP-004433,lead,2026-07-22,VEN-001
EVO-010470,OPP-004434,lead,2026-07-22,VEN-004
EVO-010471,OPP-004434,contactado,2026-07-22,VEN-004
EVO-010472,OPP-004441,lead,2026-07-22,VEN-003
EVO-010473,OPP-004443,lead,2026-07-22,VEN-006
EVO-010474,OPP-004444,lead,2026-07-22,VEN-004
EVO-010475,OPP-004445,lead,2026-07-22,VEN-012
EVO-010476,OPP-004446,lead,2026-07-22,VEN-002
EVO-010477,OPP-004447,lead,2026-07-22,VEN-001
EVO-010478,OPP-004448,contactado,2026-07-22,VEN-009
EVO-010479,OPP-004450,lead,2026-07-22,VEN-008
EVO-010480,OPP-004455,contactado,2026-07-22,VEN-006
EVO-010481,OPP-004458,lead,2026-07-22,VEN-012
EVO-010482,OPP-004406,contactado,2026-07-23,VEN-008
EVO-010483,OPP-004414,calificado,2026-07-23,VEN-007
EVO-010484,OPP-004416,contactado,2026-07-23,VEN-012
EVO-010485,OPP-004418,lead,2026-07-23,VEN-008
EVO-010486,OPP-004421,contactado,2026-07-23,VEN-009
EVO-010487,OPP-004422,lead,2026-07-23,VEN-011
EVO-010488,OPP-004423,lead,2026-07-23,VEN-001
EVO-010489,OPP-004428,lead,2026-07-23,VEN-007
EVO-010490,OPP-004428,contactado,2026-07-23,VEN-007
EVO-010491,OPP-004429,lead,2026-07-23,VEN-003
EVO-010492,OPP-004432,lead,2026-07-23,VEN-001
EVO-010493,OPP-004438,lead,2026-07-23,VEN-006
EVO-010494,OPP-004439,lead,2026-07-23,VEN-002
EVO-010495,OPP-004439,contactado,2026-07-23,VEN-002
EVO-010496,OPP-004442,lead,2026-07-23,VEN-010
EVO-010497,OPP-004448,calificado,2026-07-23,VEN-009
EVO-010498,OPP-004452,lead,2026-07-23,VEN-002
EVO-010499,OPP-004452,contactado,2026-07-23,VEN-002
EVO-010500,OPP-004452,calificado,2026-07-23,VEN-002
EVO-010501,OPP-004454,lead,2026-07-23,VEN-008
EVO-010502,OPP-004456,lead,2026-07-23,VEN-006
EVO-010503,OPP-004456,contactado,2026-07-23,VEN-006
EVO-010504,OPP-004461,lead,2026-07-23,VEN-007
EVO-010505,OPP-004408,lead,2026-07-24,VEN-006
EVO-010506,OPP-004411,contactado,2026-07-24,VEN-002
EVO-010507,OPP-004412,propuesta,2026-07-24,VEN-010
EVO-010508,OPP-004417,lead,2026-07-24,VEN-004
EVO-010509,OPP-004418,contactado,2026-07-24,VEN-008
EVO-010510,OPP-004418,calificado,2026-07-24,VEN-008
EVO-010511,OPP-004419,lead,2026-07-24,VEN-011
EVO-010512,OPP-004419,contactado,2026-07-24,VEN-011
EVO-010513,OPP-004420,lead,2026-07-24,VEN-009
EVO-010514,OPP-004426,contactado,2026-07-24,VEN-007
EVO-010515,OPP-004430,lead,2026-07-24,VEN-006
EVO-010516,OPP-004430,contactado,2026-07-24,VEN-006
EVO-010517,OPP-004435,contactado,2026-07-24,VEN-002
EVO-010518,OPP-004437,lead,2026-07-24,VEN-004
EVO-010519,OPP-004437,contactado,2026-07-24,VEN-004
EVO-010520,OPP-004440,lead,2026-07-24,VEN-008
EVO-010521,OPP-004444,contactado,2026-07-24,VEN-004
EVO-010522,OPP-004449,contactado,2026-07-24,VEN-009
EVO-010523,OPP-004453,lead,2026-07-24,VEN-006
EVO-010524,OPP-004458,contactado,2026-07-24,VEN-012
EVO-010525,OPP-004460,lead,2026-07-24,VEN-012
EVO-010526,OPP-004411,calificado,2026-07-25,VEN-002
EVO-010527,OPP-004414,propuesta,2026-07-25,VEN-007
EVO-010528,OPP-004420,contactado,2026-07-25,VEN-009
EVO-010529,OPP-004420,calificado,2026-07-25,VEN-009
EVO-010530,OPP-004422,contactado,2026-07-25,VEN-011
EVO-010531,OPP-004422,calificado,2026-07-25,VEN-011
EVO-010532,OPP-004423,contactado,2026-07-25,VEN-001
EVO-010533,OPP-004428,calificado,2026-07-25,VEN-007
EVO-010534,OPP-004434,calificado,2026-07-25,VEN-004
EVO-010535,OPP-004441,contactado,2026-07-25,VEN-003
EVO-010536,OPP-004406,calificado,2026-07-26,VEN-008
EVO-010537,OPP-004418,propuesta,2026-07-26,VEN-008
EVO-010538,OPP-004423,calificado,2026-07-26,VEN-001
EVO-010539,OPP-004426,calificado,2026-07-26,VEN-007
EVO-010540,OPP-004429,contactado,2026-07-26,VEN-003
EVO-010541,OPP-004438,contactado,2026-07-26,VEN-006
EVO-010542,OPP-004438,calificado,2026-07-26,VEN-006
EVO-010543,OPP-004442,contactado,2026-07-26,VEN-010
EVO-010544,OPP-004442,calificado,2026-07-26,VEN-010
EVO-010545,OPP-004442,propuesta,2026-07-26,VEN-010
EVO-010546,OPP-004453,contactado,2026-07-26,VEN-006
EVO-010547,OPP-004453,calificado,2026-07-26,VEN-006
EVO-010548,OPP-004453,propuesta,2026-07-26,VEN-006
EVO-010549,OPP-004460,contactado,2026-07-26,VEN-012
EVO-010550,OPP-004408,contactado,2026-07-27,VEN-006
EVO-010551,OPP-004418,cierre,2026-07-27,VEN-008
EVO-010552,OPP-004419,calificado,2026-07-27,VEN-011
EVO-010553,OPP-004422,propuesta,2026-07-27,VEN-011
EVO-010554,OPP-004429,calificado,2026-07-27,VEN-003
EVO-010555,OPP-004440,contactado,2026-07-27,VEN-008
EVO-010556,OPP-004441,calificado,2026-07-27,VEN-003
EVO-010557,OPP-004442,cierre,2026-07-27,VEN-010
EVO-010558,OPP-004464,lead,2026-07-27,VEN-005
EVO-010559,OPP-004464,contactado,2026-07-27,VEN-005
EVO-010560,OPP-004465,lead,2026-07-27,VEN-006
EVO-010561,OPP-004469,lead,2026-07-27,VEN-012
EVO-010562,OPP-004469,contactado,2026-07-27,VEN-012
EVO-010563,OPP-004469,calificado,2026-07-27,VEN-012
EVO-010564,OPP-004470,lead,2026-07-27,VEN-009
EVO-010565,OPP-004470,contactado,2026-07-27,VEN-009
EVO-010566,OPP-004471,lead,2026-07-27,VEN-005
EVO-010567,OPP-004481,lead,2026-07-27,VEN-002
EVO-010568,OPP-004482,lead,2026-07-27,VEN-003
EVO-010569,OPP-004487,lead,2026-07-27,VEN-011
EVO-010570,OPP-004494,lead,2026-07-27,VEN-006
EVO-010571,OPP-004500,lead,2026-07-27,VEN-009
EVO-010572,OPP-004501,lead,2026-07-27,VEN-012
EVO-010573,OPP-004503,lead,2026-07-27,VEN-003
EVO-010574,OPP-004505,lead,2026-07-27,VEN-004
EVO-010575,OPP-004440,calificado,2026-07-28,VEN-008
EVO-010576,OPP-004460,calificado,2026-07-28,VEN-012
EVO-010577,OPP-004470,calificado,2026-07-28,VEN-009
EVO-010578,OPP-004470,propuesta,2026-07-28,VEN-009
EVO-010579,OPP-004477,lead,2026-07-28,VEN-006
EVO-010580,OPP-004483,lead,2026-07-28,VEN-011
EVO-010581,OPP-004498,lead,2026-07-28,VEN-003
EVO-010582,OPP-004502,lead,2026-07-28,VEN-011
EVO-010583,OPP-004505,contactado,2026-07-28,VEN-004
EVO-010584,OPP-004505,calificado,2026-07-28,VEN-004
EVO-010585,OPP-004511,lead,2026-07-28,VEN-007
EVO-010586,OPP-004462,lead,2026-07-29,VEN-005
EVO-010587,OPP-004467,lead,2026-07-29,VEN-004
EVO-010588,OPP-004472,lead,2026-07-29,VEN-006
EVO-010589,OPP-004476,lead,2026-07-29,VEN-005
EVO-010590,OPP-004476,contactado,2026-07-29,VEN-005
EVO-010591,OPP-004476,calificado,2026-07-29,VEN-005
EVO-010592,OPP-004480,lead,2026-07-29,VEN-009
EVO-010593,OPP-004480,contactado,2026-07-29,VEN-009
EVO-010594,OPP-004480,calificado,2026-07-29,VEN-009
EVO-010595,OPP-004480,propuesta,2026-07-29,VEN-009
EVO-010596,OPP-004481,contactado,2026-07-29,VEN-002
EVO-010597,OPP-004490,lead,2026-07-29,VEN-004
EVO-010598,OPP-004490,contactado,2026-07-29,VEN-004
EVO-010599,OPP-004491,lead,2026-07-29,VEN-007
EVO-010600,OPP-004492,lead,2026-07-29,VEN-010
EVO-010601,OPP-004495,lead,2026-07-29,VEN-012
EVO-010602,OPP-004495,contactado,2026-07-29,VEN-012
EVO-010603,OPP-004499,lead,2026-07-29,VEN-008
EVO-010604,OPP-004502,contactado,2026-07-29,VEN-011
EVO-010605,OPP-004502,calificado,2026-07-29,VEN-011
EVO-010606,OPP-004503,contactado,2026-07-29,VEN-003
EVO-010607,OPP-004508,lead,2026-07-29,VEN-011
EVO-010608,OPP-004508,contactado,2026-07-29,VEN-011
EVO-010609,OPP-004429,propuesta,2026-07-30,VEN-003
EVO-010610,OPP-004460,propuesta,2026-07-30,VEN-012
EVO-010611,OPP-004463,lead,2026-07-30,VEN-012
EVO-010612,OPP-004467,contactado,2026-07-30,VEN-004
EVO-010613,OPP-004468,lead,2026-07-30,VEN-005
EVO-010614,OPP-004473,lead,2026-07-30,VEN-003
EVO-010615,OPP-004474,lead,2026-07-30,VEN-004
EVO-010616,OPP-004474,contactado,2026-07-30,VEN-004
EVO-010617,OPP-004479,lead,2026-07-30,VEN-005
EVO-010618,OPP-004485,lead,2026-07-30,VEN-008
EVO-010619,OPP-004485,contactado,2026-07-30,VEN-008
EVO-010620,OPP-004486,lead,2026-07-30,VEN-011
EVO-010621,OPP-004491,contactado,2026-07-30,VEN-007
EVO-010622,OPP-004493,lead,2026-07-30,VEN-011
EVO-010623,OPP-004496,lead,2026-07-30,VEN-010
EVO-010624,OPP-004496,contactado,2026-07-30,VEN-010
EVO-010625,OPP-004497,lead,2026-07-30,VEN-010
EVO-010626,OPP-004499,contactado,2026-07-30,VEN-008
EVO-010627,OPP-004500,contactado,2026-07-30,VEN-009
EVO-010628,OPP-004500,calificado,2026-07-30,VEN-009
EVO-010629,OPP-004506,lead,2026-07-30,VEN-011
EVO-010630,OPP-004509,lead,2026-07-30,VEN-012
EVO-010631,OPP-004510,lead,2026-07-30,VEN-003
EVO-010632,OPP-004510,contactado,2026-07-30,VEN-003
EVO-010633,OPP-004511,contactado,2026-07-30,VEN-007
EVO-010634,OPP-004466,lead,2026-07-31,VEN-001
EVO-010635,OPP-004472,contactado,2026-07-31,VEN-006
EVO-010636,OPP-004475,lead,2026-07-31,VEN-010
EVO-010637,OPP-004475,contactado,2026-07-31,VEN-010
EVO-010638,OPP-004475,calificado,2026-07-31,VEN-010
EVO-010639,OPP-004476,propuesta,2026-07-31,VEN-005
EVO-010640,OPP-004477,contactado,2026-07-31,VEN-006
EVO-010641,OPP-004478,lead,2026-07-31,VEN-008
EVO-010642,OPP-004484,lead,2026-07-31,VEN-001
EVO-010643,OPP-004486,contactado,2026-07-31,VEN-011
EVO-010644,OPP-004488,lead,2026-07-31,VEN-002
EVO-010645,OPP-004489,lead,2026-07-31,VEN-011
EVO-010646,OPP-004492,contactado,2026-07-31,VEN-010
EVO-010647,OPP-004493,contactado,2026-07-31,VEN-011
EVO-010648,OPP-004497,contactado,2026-07-31,VEN-010
EVO-010649,OPP-004499,calificado,2026-07-31,VEN-008
EVO-010650,OPP-004504,lead,2026-07-31,VEN-005
EVO-010651,OPP-004507,lead,2026-07-31,VEN-007
EVO-010652,OPP-004507,contactado,2026-07-31,VEN-007
EVO-010653,OPP-004508,calificado,2026-07-31,VEN-011
EVO-010654,OPP-004511,calificado,2026-07-31,VEN-007
EVO-010655,OPP-004485,calificado,2026-08-01,VEN-008
EVO-010656,OPP-004490,calificado,2026-08-01,VEN-004
EVO-010657,OPP-004491,calificado,2026-08-01,VEN-007
EVO-010658,OPP-004506,contactado,2026-08-01,VEN-011
EVO-010659,OPP-004506,calificado,2026-08-01,VEN-011
EVO-010660,OPP-004509,contactado,2026-08-01,VEN-012
EVO-010661,OPP-004510,calificado,2026-08-01,VEN-003
EVO-010662,OPP-004511,propuesta,2026-08-01,VEN-007
EVO-010663,OPP-004466,contactado,2026-08-02,VEN-001
EVO-010664,OPP-004468,contactado,2026-08-02,VEN-005
EVO-010665,OPP-004477,calificado,2026-08-02,VEN-006
EVO-010666,OPP-004478,contactado,2026-08-02,VEN-008
EVO-010667,OPP-004493,calificado,2026-08-02,VEN-011
EVO-010668,OPP-004504,contactado,2026-08-02,VEN-005
EVO-010669,OPP-004509,calificado,2026-08-02,VEN-012
EVO-010670,OPP-004466,calificado,2026-08-03,VEN-001
EVO-010671,OPP-004484,contactado,2026-08-03,VEN-001
EVO-010672,OPP-004486,calificado,2026-08-03,VEN-011
EVO-010673,OPP-004488,contactado,2026-08-03,VEN-002
EVO-010674,OPP-004504,calificado,2026-08-03,VEN-005
EVO-010675,OPP-004507,calificado,2026-08-03,VEN-007
EVO-010676,OPP-004517,lead,2026-08-03,VEN-006
EVO-010677,OPP-004518,lead,2026-08-03,VEN-006
EVO-010678,OPP-004520,lead,2026-08-03,VEN-006
EVO-010679,OPP-004520,contactado,2026-08-03,VEN-006
EVO-010680,OPP-004522,lead,2026-08-03,VEN-011
EVO-010681,OPP-004522,contactado,2026-08-03,VEN-011
EVO-010682,OPP-004540,lead,2026-08-03,VEN-006
EVO-010683,OPP-004547,lead,2026-08-03,VEN-008
EVO-010684,OPP-004547,contactado,2026-08-03,VEN-008
EVO-010685,OPP-004550,lead,2026-08-03,VEN-008
EVO-010686,OPP-004553,lead,2026-08-03,VEN-012
EVO-010687,OPP-004560,lead,2026-08-03,VEN-002
EVO-010688,OPP-004561,lead,2026-08-03,VEN-003
EVO-010689,OPP-004562,lead,2026-08-03,VEN-009
EVO-010690,OPP-004566,lead,2026-08-03,VEN-004
EVO-010691,OPP-004572,lead,2026-08-03,VEN-001
EVO-010692,OPP-004576,lead,2026-08-03,VEN-008
EVO-010693,OPP-004511,cierre,2026-08-04,VEN-007
EVO-010694,OPP-004512,lead,2026-08-04,VEN-010
EVO-010695,OPP-004514,lead,2026-08-04,VEN-003
EVO-010696,OPP-004514,contactado,2026-08-04,VEN-003
EVO-010697,OPP-004515,lead,2026-08-04,VEN-007
EVO-010698,OPP-004515,contactado,2026-08-04,VEN-007
EVO-010699,OPP-004516,lead,2026-08-04,VEN-008
EVO-010700,OPP-004533,lead,2026-08-04,VEN-008
EVO-010701,OPP-004537,lead,2026-08-04,VEN-002
EVO-010702,OPP-004538,lead,2026-08-04,VEN-009
EVO-010703,OPP-004541,lead,2026-08-04,VEN-009
EVO-010704,OPP-004543,lead,2026-08-04,VEN-005
EVO-010705,OPP-004543,contactado,2026-08-04,VEN-005
EVO-010706,OPP-004553,contactado,2026-08-04,VEN-012
EVO-010707,OPP-004555,lead,2026-08-04,VEN-004
EVO-010708,OPP-004561,contactado,2026-08-04,VEN-003
EVO-010709,OPP-004564,lead,2026-08-04,VEN-012
EVO-010710,OPP-004466,propuesta,2026-08-05,VEN-001
EVO-010711,OPP-004477,propuesta,2026-08-05,VEN-006
EVO-010712,OPP-004477,cierre,2026-08-05,VEN-006
EVO-010713,OPP-004478,calificado,2026-08-05,VEN-008
EVO-010714,OPP-004486,propuesta,2026-08-05,VEN-011
EVO-010715,OPP-004493,propuesta,2026-08-05,VEN-011
EVO-010716,OPP-004504,propuesta,2026-08-05,VEN-005
EVO-010717,OPP-004513,lead,2026-08-05,VEN-006
EVO-010718,OPP-004513,contactado,2026-08-05,VEN-006
EVO-010719,OPP-004521,lead,2026-08-05,VEN-009
EVO-010720,OPP-004523,lead,2026-08-05,VEN-008
EVO-010721,OPP-004524,lead,2026-08-05,VEN-009
EVO-010722,OPP-004529,lead,2026-08-05,VEN-002
EVO-010723,OPP-004531,lead,2026-08-05,VEN-002
EVO-010724,OPP-004532,lead,2026-08-05,VEN-007
EVO-010725,OPP-004533,contactado,2026-08-05,VEN-008
EVO-010726,OPP-004534,lead,2026-08-05,VEN-006
EVO-010727,OPP-004541,contactado,2026-08-05,VEN-009
EVO-010728,OPP-004543,calificado,2026-08-05,VEN-005
EVO-010729,OPP-004544,lead,2026-08-05,VEN-011
EVO-010730,OPP-004545,lead,2026-08-05,VEN-010
EVO-010731,OPP-004550,contactado,2026-08-05,VEN-008
EVO-010732,OPP-004551,lead,2026-08-05,VEN-012
EVO-010733,OPP-004554,lead,2026-08-05,VEN-008
EVO-010734,OPP-004557,lead,2026-08-05,VEN-008
EVO-010735,OPP-004560,contactado,2026-08-05,VEN-002
EVO-010736,OPP-004563,lead,2026-08-05,VEN-012
EVO-010737,OPP-004564,contactado,2026-08-05,VEN-012
EVO-010738,OPP-004565,lead,2026-08-05,VEN-009
EVO-010739,OPP-004566,contactado,2026-08-05,VEN-004
EVO-010740,OPP-004572,contactado,2026-08-05,VEN-001
EVO-010741,OPP-004573,lead,2026-08-05,VEN-003
EVO-010742,OPP-004575,lead,2026-08-05,VEN-004
EVO-010743,OPP-004513,calificado,2026-08-06,VEN-006
EVO-010744,OPP-004516,contactado,2026-08-06,VEN-008
EVO-010745,OPP-004518,contactado,2026-08-06,VEN-006
EVO-010746,OPP-004518,calificado,2026-08-06,VEN-006
EVO-010747,OPP-004519,lead,2026-08-06,VEN-004
EVO-010748,OPP-004527,lead,2026-08-06,VEN-009
EVO-010749,OPP-004528,lead,2026-08-06,VEN-004
EVO-010750,OPP-004528,contactado,2026-08-06,VEN-004
EVO-010751,OPP-004536,lead,2026-08-06,VEN-011
EVO-010752,OPP-004539,lead,2026-08-06,VEN-006
EVO-010753,OPP-004546,lead,2026-08-06,VEN-007
EVO-010754,OPP-004547,calificado,2026-08-06,VEN-008
EVO-010755,OPP-004549,lead,2026-08-06,VEN-006
EVO-010756,OPP-004552,lead,2026-08-06,VEN-004
EVO-010757,OPP-004562,contactado,2026-08-06,VEN-009
EVO-010758,OPP-004564,calificado,2026-08-06,VEN-012
EVO-010759,OPP-004567,lead,2026-08-06,VEN-003
EVO-010760,OPP-004567,contactado,2026-08-06,VEN-003
EVO-010761,OPP-004568,lead,2026-08-06,VEN-004
EVO-010762,OPP-004570,lead,2026-08-06,VEN-007
EVO-010763,OPP-004574,lead,2026-08-06,VEN-005
EVO-010764,OPP-004576,contactado,2026-08-06,VEN-008
EVO-010765,OPP-004518,propuesta,2026-08-07,VEN-006
EVO-010766,OPP-004521,contactado,2026-08-07,VEN-009
EVO-010767,OPP-004523,contactado,2026-08-07,VEN-008
EVO-010768,OPP-004525,lead,2026-08-07,VEN-011
EVO-010769,OPP-004526,lead,2026-08-07,VEN-001
EVO-010770,OPP-004529,contactado,2026-08-07,VEN-002
EVO-010771,OPP-004530,lead,2026-08-07,VEN-008
EVO-010772,OPP-004531,contactado,2026-08-07,VEN-002
EVO-010773,OPP-004535,lead,2026-08-07,VEN-004
EVO-010774,OPP-004538,contactado,2026-08-07,VEN-009
EVO-010775,OPP-004542,lead,2026-08-07,VEN-012
EVO-010776,OPP-004542,contactado,2026-08-07,VEN-012
EVO-010777,OPP-004544,contactado,2026-08-07,VEN-011
EVO-010778,OPP-004548,lead,2026-08-07,VEN-003
EVO-010779,OPP-004549,contactado,2026-08-07,VEN-006
EVO-010780,OPP-004556,lead,2026-08-07,VEN-006
EVO-010781,OPP-004558,lead,2026-08-07,VEN-001
EVO-010782,OPP-004559,lead,2026-08-07,VEN-006
EVO-010783,OPP-004559,contactado,2026-08-07,VEN-006
EVO-010784,OPP-004559,calificado,2026-08-07,VEN-006
EVO-010785,OPP-004560,calificado,2026-08-07,VEN-002
EVO-010786,OPP-004569,lead,2026-08-07,VEN-008
EVO-010787,OPP-004571,lead,2026-08-07,VEN-001
EVO-010788,OPP-004574,contactado,2026-08-07,VEN-005
EVO-010789,OPP-004478,propuesta,2026-08-08,VEN-008
EVO-010790,OPP-004493,cierre,2026-08-08,VEN-011
EVO-010791,OPP-004518,cierre,2026-08-08,VEN-006
EVO-010792,OPP-004532,contactado,2026-08-08,VEN-007
EVO-010793,OPP-004536,contactado,2026-08-08,VEN-011
EVO-010794,OPP-004538,calificado,2026-08-08,VEN-009
EVO-010795,OPP-004544,calificado,2026-08-08,VEN-011
EVO-010796,OPP-004546,contactado,2026-08-08,VEN-007
EVO-010797,OPP-004552,contactado,2026-08-08,VEN-004
EVO-010798,OPP-004557,contactado,2026-08-08,VEN-008
EVO-010799,OPP-004563,contactado,2026-08-08,VEN-012
EVO-010800,OPP-004564,propuesta,2026-08-08,VEN-012
EVO-010801,OPP-004565,contactado,2026-08-08,VEN-009
EVO-010802,OPP-004571,contactado,2026-08-08,VEN-001
EVO-010803,OPP-004573,contactado,2026-08-08,VEN-003
EVO-010804,OPP-004575,contactado,2026-08-08,VEN-004
EVO-010805,OPP-004525,contactado,2026-08-09,VEN-011
EVO-010806,OPP-004526,contactado,2026-08-09,VEN-001
EVO-010807,OPP-004528,calificado,2026-08-09,VEN-004
EVO-010808,OPP-004530,contactado,2026-08-09,VEN-008
EVO-010809,OPP-004538,propuesta,2026-08-09,VEN-009
EVO-010810,OPP-004539,contactado,2026-08-09,VEN-006
EVO-010811,OPP-004548,contactado,2026-08-09,VEN-003
EVO-010812,OPP-004560,propuesta,2026-08-09,VEN-002
EVO-010813,OPP-004562,calificado,2026-08-09,VEN-009
EVO-010814,OPP-004562,propuesta,2026-08-09,VEN-009
EVO-010815,OPP-004568,contactado,2026-08-09,VEN-004
EVO-010816,OPP-004521,calificado,2026-08-10,VEN-009
EVO-010817,OPP-004531,calificado,2026-08-10,VEN-002
EVO-010818,OPP-004558,contactado,2026-08-10,VEN-001
EVO-010819,OPP-004568,calificado,2026-08-10,VEN-004
EVO-010820,OPP-004580,lead,2026-08-10,VEN-004
EVO-010821,OPP-004588,lead,2026-08-10,VEN-008
EVO-010822,OPP-004602,lead,2026-08-10,VEN-010
EVO-010823,OPP-004608,lead,2026-08-10,VEN-003
EVO-010824,OPP-004609,lead,2026-08-10,VEN-005
EVO-010825,OPP-004610,lead,2026-08-10,VEN-006
EVO-010826,OPP-004610,contactado,2026-08-10,VEN-006
EVO-010827,OPP-004610,calificado,2026-08-10,VEN-006
EVO-010828,OPP-004618,lead,2026-08-10,VEN-012
EVO-010829,OPP-004626,lead,2026-08-10,VEN-009
EVO-010830,OPP-004478,cierre,2026-08-11,VEN-008
EVO-010831,OPP-004539,calificado,2026-08-11,VEN-006
EVO-010832,OPP-004546,calificado,2026-08-11,VEN-007
EVO-010833,OPP-004557,calificado,2026-08-11,VEN-008
EVO-010834,OPP-004575,calificado,2026-08-11,VEN-004
EVO-010835,OPP-004578,lead,2026-08-11,VEN-009
EVO-010836,OPP-004579,lead,2026-08-11,VEN-007
EVO-010837,OPP-004586,lead,2026-08-11,VEN-010
EVO-010838,OPP-004588,contactado,2026-08-11,VEN-008
EVO-010839,OPP-004591,lead,2026-08-11,VEN-008
EVO-010840,OPP-004595,lead,2026-08-11,VEN-011
EVO-010841,OPP-004603,lead,2026-08-11,VEN-003
EVO-010842,OPP-004603,contactado,2026-08-11,VEN-003
EVO-010843,OPP-004604,lead,2026-08-11,VEN-008
EVO-010844,OPP-004606,lead,2026-08-11,VEN-005
EVO-010845,OPP-004612,lead,2026-08-11,VEN-003
EVO-010846,OPP-004615,lead,2026-08-11,VEN-004
EVO-010847,OPP-004615,contactado,2026-08-11,VEN-004
EVO-010848,OPP-004622,lead,2026-08-11,VEN-002
EVO-010849,OPP-004626,contactado,2026-08-11,VEN-009
EVO-010850,OPP-004626,calificado,2026-08-11,VEN-009
EVO-010851,OPP-004538,cierre,2026-08-12,VEN-009
EVO-010852,OPP-004579,contactado,2026-08-12,VEN-007
EVO-010853,OPP-004580,contactado,2026-08-12,VEN-004
EVO-010854,OPP-004589,lead,2026-08-12,VEN-001
EVO-010855,OPP-004589,contactado,2026-08-12,VEN-001
EVO-010856,OPP-004589,calificado,2026-08-12,VEN-001
EVO-010857,OPP-004593,lead,2026-08-12,VEN-005
EVO-010858,OPP-004594,lead,2026-08-12,VEN-007
EVO-010859,OPP-004599,lead,2026-08-12,VEN-004
EVO-010860,OPP-004600,lead,2026-08-12,VEN-003
EVO-010861,OPP-004602,contactado,2026-08-12,VEN-010
EVO-010862,OPP-004606,contactado,2026-08-12,VEN-005
EVO-010863,OPP-004613,lead,2026-08-12,VEN-010
EVO-010864,OPP-004614,lead,2026-08-12,VEN-001
EVO-010865,OPP-004617,lead,2026-08-12,VEN-011
EVO-010866,OPP-004618,contactado,2026-08-12,VEN-012
EVO-010867,OPP-004621,lead,2026-08-12,VEN-003
EVO-010868,OPP-004624,lead,2026-08-12,VEN-008
EVO-010869,OPP-004624,contactado,2026-08-12,VEN-008
EVO-010870,OPP-004624,calificado,2026-08-12,VEN-008
EVO-010871,OPP-004627,lead,2026-08-12,VEN-007
EVO-010872,OPP-004628,lead,2026-08-12,VEN-008
EVO-010873,OPP-004558,calificado,2026-08-13,VEN-001
EVO-010874,OPP-004575,propuesta,2026-08-13,VEN-004
EVO-010875,OPP-004577,lead,2026-08-13,VEN-005
EVO-010876,OPP-004581,lead,2026-08-13,VEN-004
EVO-010877,OPP-004584,lead,2026-08-13,VEN-005
EVO-010878,OPP-004584,contactado,2026-08-13,VEN-005
EVO-010879,OPP-004585,lead,2026-08-13,VEN-005
EVO-010880,OPP-004587,lead,2026-08-13,VEN-009
EVO-010881,OPP-004591,contactado,2026-08-13,VEN-008
EVO-010882,OPP-004595,contactado,2026-08-13,VEN-011
EVO-010883,OPP-004596,lead,2026-08-13,VEN-009
EVO-010884,OPP-004596,contactado,2026-08-13,VEN-009
EVO-010885,OPP-004597,lead,2026-08-13,VEN-012
EVO-010886,OPP-004599,contactado,2026-08-13,VEN-004
EVO-010887,OPP-004605,lead,2026-08-13,VEN-011
EVO-010888,OPP-004608,contactado,2026-08-13,VEN-003
EVO-010889,OPP-004611,lead,2026-08-13,VEN-004
EVO-010890,OPP-004618,calificado,2026-08-13,VEN-012
EVO-010891,OPP-004619,lead,2026-08-13,VEN-010
EVO-010892,OPP-004620,lead,2026-08-13,VEN-007
EVO-010893,OPP-004623,lead,2026-08-13,VEN-010
EVO-010894,OPP-004625,lead,2026-08-13,VEN-012
EVO-010895,OPP-004626,propuesta,2026-08-13,VEN-009
EVO-010896,OPP-004631,lead,2026-08-13,VEN-012
EVO-010897,OPP-004632,lead,2026-08-13,VEN-012
EVO-010898,OPP-004582,lead,2026-08-14,VEN-002
EVO-010899,OPP-004583,lead,2026-08-14,VEN-004
EVO-010900,OPP-004590,lead,2026-08-14,VEN-007
EVO-010901,OPP-004592,lead,2026-08-14,VEN-001
EVO-010902,OPP-004598,lead,2026-08-14,VEN-010
EVO-010903,OPP-004601,lead,2026-08-14,VEN-010
EVO-010904,OPP-004602,calificado,2026-08-14,VEN-010
EVO-010905,OPP-004605,contactado,2026-08-14,VEN-011
EVO-010906,OPP-004607,lead,2026-08-14,VEN-012
EVO-010907,OPP-004607,contactado,2026-08-14,VEN-012
EVO-010908,OPP-004611,contactado,2026-08-14,VEN-004
EVO-010909,OPP-004616,lead,2026-08-14,VEN-004
EVO-010910,OPP-004620,contactado,2026-08-14,VEN-007
EVO-010911,OPP-004620,calificado,2026-08-14,VEN-007
EVO-010912,OPP-004622,contactado,2026-08-14,VEN-002
EVO-010913,OPP-004628,contactado,2026-08-14,VEN-008
EVO-010914,OPP-004629,lead,2026-08-14,VEN-006
EVO-010915,OPP-004630,lead,2026-08-14,VEN-003
EVO-010916,OPP-004630,contactado,2026-08-14,VEN-003
EVO-010917,OPP-004631,contactado,2026-08-14,VEN-012
EVO-010918,OPP-004631,calificado,2026-08-14,VEN-012
EVO-010919,OPP-004633,lead,2026-08-14,VEN-003
EVO-010920,OPP-004580,calificado,2026-08-15,VEN-004
EVO-010921,OPP-004581,contactado,2026-08-15,VEN-004
EVO-010922,OPP-004584,calificado,2026-08-15,VEN-005
EVO-010923,OPP-004593,contactado,2026-08-15,VEN-005
EVO-010924,OPP-004593,calificado,2026-08-15,VEN-005
EVO-010925,OPP-004593,propuesta,2026-08-15,VEN-005
EVO-010926,OPP-004594,contactado,2026-08-15,VEN-007
EVO-010927,OPP-004595,calificado,2026-08-15,VEN-011
EVO-010928,OPP-004600,contactado,2026-08-15,VEN-003
EVO-010929,OPP-004607,calificado,2026-08-15,VEN-012
EVO-010930,OPP-004607,propuesta,2026-08-15,VEN-012
EVO-010931,OPP-004614,contactado,2026-08-15,VEN-001
EVO-010932,OPP-004616,contactado,2026-08-15,VEN-004
EVO-010933,OPP-004621,contactado,2026-08-15,VEN-003
EVO-010934,OPP-004628,calificado,2026-08-15,VEN-008
EVO-010935,OPP-004582,contactado,2026-08-16,VEN-002
EVO-010936,OPP-004592,contactado,2026-08-16,VEN-001
EVO-010937,OPP-004593,cierre,2026-08-16,VEN-005
EVO-010938,OPP-004597,contactado,2026-08-16,VEN-012
EVO-010939,OPP-004599,calificado,2026-08-16,VEN-004
EVO-010940,OPP-004601,contactado,2026-08-16,VEN-010
EVO-010941,OPP-004607,cierre,2026-08-16,VEN-012
EVO-010942,OPP-004611,calificado,2026-08-16,VEN-004
EVO-010943,OPP-004622,calificado,2026-08-16,VEN-002
EVO-010944,OPP-004623,contactado,2026-08-16,VEN-010
EVO-010945,OPP-004633,contactado,2026-08-16,VEN-003
EVO-010946,OPP-004583,contactado,2026-08-17,VEN-004
EVO-010947,OPP-004598,contactado,2026-08-17,VEN-010
EVO-010948,OPP-004601,calificado,2026-08-17,VEN-010
EVO-010949,OPP-004623,calificado,2026-08-17,VEN-010
EVO-010950,OPP-004636,lead,2026-08-17,VEN-008
EVO-010951,OPP-004648,lead,2026-08-17,VEN-002
EVO-010952,OPP-004650,lead,2026-08-17,VEN-006
EVO-010953,OPP-004660,lead,2026-08-17,VEN-001
EVO-010954,OPP-004660,contactado,2026-08-17,VEN-001
EVO-010955,OPP-004661,lead,2026-08-17,VEN-009
EVO-010956,OPP-004662,lead,2026-08-17,VEN-012
EVO-010957,OPP-004663,lead,2026-08-17,VEN-012
EVO-010958,OPP-004668,lead,2026-08-17,VEN-011
EVO-010959,OPP-004676,lead,2026-08-17,VEN-003
EVO-010960,OPP-004683,lead,2026-08-17,VEN-004
EVO-010961,OPP-004687,lead,2026-08-17,VEN-001
EVO-010962,OPP-004581,calificado,2026-08-18,VEN-004
EVO-010963,OPP-004597,calificado,2026-08-18,VEN-012
EVO-010964,OPP-004634,lead,2026-08-18,VEN-006
EVO-010965,OPP-004634,contactado,2026-08-18,VEN-006
EVO-010966,OPP-004641,lead,2026-08-18,VEN-008
EVO-010967,OPP-004642,lead,2026-08-18,VEN-010
EVO-010968,OPP-004644,lead,2026-08-18,VEN-001
EVO-010969,OPP-004645,lead,2026-08-18,VEN-009
EVO-010970,OPP-004646,lead,2026-08-18,VEN-009
EVO-010971,OPP-004652,lead,2026-08-18,VEN-001
EVO-010972,OPP-004658,lead,2026-08-18,VEN-002
EVO-010973,OPP-004666,lead,2026-08-18,VEN-011
EVO-010974,OPP-004673,lead,2026-08-18,VEN-012
EVO-010975,OPP-004676,contactado,2026-08-18,VEN-003
EVO-010976,OPP-004677,lead,2026-08-18,VEN-003
EVO-010977,OPP-004681,lead,2026-08-18,VEN-009
EVO-010978,OPP-004683,contactado,2026-08-18,VEN-004
EVO-010979,OPP-004685,lead,2026-08-18,VEN-007
EVO-010980,OPP-004685,contactado,2026-08-18,VEN-007
EVO-010981,OPP-004687,contactado,2026-08-18,VEN-001
EVO-010982,OPP-004601,propuesta,2026-08-19,VEN-010
EVO-010983,OPP-004640,lead,2026-08-19,VEN-002
EVO-010984,OPP-004642,contactado,2026-08-19,VEN-010
EVO-010985,OPP-004647,lead,2026-08-19,VEN-006
EVO-010986,OPP-004651,lead,2026-08-19,VEN-007
EVO-010987,OPP-004654,lead,2026-08-19,VEN-010
EVO-010988,OPP-004673,contactado,2026-08-19,VEN-012
EVO-010989,OPP-004674,lead,2026-08-19,VEN-001
EVO-010990,OPP-004675,lead,2026-08-19,VEN-004
EVO-010991,OPP-004675,contactado,2026-08-19,VEN-004
EVO-010992,OPP-004675,calificado,2026-08-19,VEN-004
EVO-010993,OPP-004678,lead,2026-08-19,VEN-008
EVO-010994,OPP-004678,contactado,2026-08-19,VEN-008
EVO-010995,OPP-004686,lead,2026-08-19,VEN-005
EVO-010996,OPP-004687,calificado,2026-08-19,VEN-001
EVO-010997,OPP-004635,lead,2026-08-20,VEN-012
EVO-010998,OPP-004636,contactado,2026-08-20,VEN-008
EVO-010999,OPP-004645,contactado,2026-08-20,VEN-009
EVO-011000,OPP-004646,contactado,2026-08-20,VEN-009
EVO-011001,OPP-004649,lead,2026-08-20,VEN-010
EVO-011002,OPP-004656,lead,2026-08-20,VEN-012
EVO-011003,OPP-004663,contactado,2026-08-20,VEN-012
EVO-011004,OPP-004664,lead,2026-08-20,VEN-012
EVO-011005,OPP-004670,lead,2026-08-20,VEN-007
EVO-011006,OPP-004677,contactado,2026-08-20,VEN-003
EVO-011007,OPP-004682,lead,2026-08-20,VEN-001
EVO-011008,OPP-004683,calificado,2026-08-20,VEN-004
EVO-011009,OPP-004685,calificado,2026-08-20,VEN-007
EVO-011010,OPP-004685,propuesta,2026-08-20,VEN-007
EVO-011011,OPP-004686,contactado,2026-08-20,VEN-005
EVO-011012,OPP-004581,propuesta,2026-08-21,VEN-004
EVO-011013,OPP-004637,lead,2026-08-21,VEN-009
EVO-011014,OPP-004637,contactado,2026-08-21,VEN-009
EVO-011015,OPP-004638,lead,2026-08-21,VEN-005
EVO-011016,OPP-004639,lead,2026-08-21,VEN-006
EVO-011017,OPP-004640,contactado,2026-08-21,VEN-002
EVO-011018,OPP-004643,lead,2026-08-21,VEN-010
EVO-011019,OPP-004646,calificado,2026-08-21,VEN-009
EVO-011020,OPP-004646,propuesta,2026-08-21,VEN-009
EVO-011021,OPP-004647,contactado,2026-08-21,VEN-006
EVO-011022,OPP-004652,contactado,2026-08-21,VEN-001
EVO-011023,OPP-004653,lead,2026-08-21,VEN-005
EVO-011024,OPP-004655,lead,2026-08-21,VEN-012
EVO-011025,OPP-004655,contactado,2026-08-21,VEN-012
EVO-011026,OPP-004657,lead,2026-08-21,VEN-010
EVO-011027,OPP-004657,contactado,2026-08-21,VEN-010
EVO-011028,OPP-004659,lead,2026-08-21,VEN-007
EVO-011029,OPP-004665,lead,2026-08-21,VEN-004
EVO-011030,OPP-004666,contactado,2026-08-21,VEN-011
EVO-011031,OPP-004667,lead,2026-08-21,VEN-004
EVO-011032,OPP-004669,lead,2026-08-21,VEN-003
EVO-011033,OPP-004669,contactado,2026-08-21,VEN-003
EVO-011034,OPP-004671,lead,2026-08-21,VEN-007
EVO-011035,OPP-004671,contactado,2026-08-21,VEN-007
EVO-011036,OPP-004672,lead,2026-08-21,VEN-012
EVO-011037,OPP-004672,contactado,2026-08-21,VEN-012
EVO-011038,OPP-004679,lead,2026-08-21,VEN-003
EVO-011039,OPP-004679,contactado,2026-08-21,VEN-003
EVO-011040,OPP-004680,lead,2026-08-21,VEN-008
EVO-011041,OPP-004681,contactado,2026-08-21,VEN-009
EVO-011042,OPP-004682,contactado,2026-08-21,VEN-001
EVO-011043,OPP-004682,calificado,2026-08-21,VEN-001
EVO-011044,OPP-004684,lead,2026-08-21,VEN-004
EVO-011045,OPP-004688,lead,2026-08-21,VEN-003
EVO-011046,OPP-004688,contactado,2026-08-21,VEN-003
EVO-011047,OPP-004689,lead,2026-08-21,VEN-005
EVO-011048,OPP-004690,lead,2026-08-21,VEN-010
EVO-011049,OPP-004601,cierre,2026-08-22,VEN-010
EVO-011050,OPP-004635,contactado,2026-08-22,VEN-012
EVO-011051,OPP-004639,contactado,2026-08-22,VEN-006
EVO-011052,OPP-004652,calificado,2026-08-22,VEN-001
EVO-011053,OPP-004654,contactado,2026-08-22,VEN-010
EVO-011054,OPP-004655,calificado,2026-08-22,VEN-012
EVO-011055,OPP-004659,contactado,2026-08-22,VEN-007
EVO-011056,OPP-004659,calificado,2026-08-22,VEN-007
EVO-011057,OPP-004663,calificado,2026-08-22,VEN-012
EVO-011058,OPP-004664,contactado,2026-08-22,VEN-012
EVO-011059,OPP-004674,contactado,2026-08-22,VEN-001
EVO-011060,OPP-004674,calificado,2026-08-22,VEN-001
EVO-011061,OPP-004679,calificado,2026-08-22,VEN-003
EVO-011062,OPP-004685,cierre,2026-08-22,VEN-007
EVO-011063,OPP-004690,contactado,2026-08-22,VEN-010
EVO-011064,OPP-004636,calificado,2026-08-23,VEN-008
EVO-011065,OPP-004640,calificado,2026-08-23,VEN-002
EVO-011066,OPP-004645,calificado,2026-08-23,VEN-009
EVO-011067,OPP-004647,calificado,2026-08-23,VEN-006
EVO-011068,OPP-004649,contactado,2026-08-23,VEN-010
EVO-011069,OPP-004653,contactado,2026-08-23,VEN-005
EVO-011070,OPP-004664,calificado,2026-08-23,VEN-012
EVO-011071,OPP-004665,contactado,2026-08-23,VEN-004
EVO-011072,OPP-004665,calificado,2026-08-23,VEN-004
EVO-011073,OPP-004677,calificado,2026-08-23,VEN-003
EVO-011074,OPP-004680,contactado,2026-08-23,VEN-008
EVO-011075,OPP-004682,propuesta,2026-08-23,VEN-001
EVO-011076,OPP-004683,propuesta,2026-08-23,VEN-004
EVO-011077,OPP-004683,cierre,2026-08-23,VEN-004
EVO-011078,OPP-004686,calificado,2026-08-23,VEN-005
EVO-011079,OPP-004638,contactado,2026-08-24,VEN-005
EVO-011080,OPP-004652,propuesta,2026-08-24,VEN-001
EVO-011081,OPP-004653,calificado,2026-08-24,VEN-005
EVO-011082,OPP-004654,calificado,2026-08-24,VEN-010
EVO-011083,OPP-004659,propuesta,2026-08-24,VEN-007
EVO-011084,OPP-004659,cierre,2026-08-24,VEN-007
EVO-011085,OPP-004667,contactado,2026-08-24,VEN-004
EVO-011086,OPP-004694,lead,2026-08-24,VEN-006
EVO-011087,OPP-004694,contactado,2026-08-24,VEN-006
EVO-011088,OPP-004699,lead,2026-08-24,VEN-010
EVO-011089,OPP-004707,lead,2026-08-24,VEN-010
EVO-011090,OPP-004709,lead,2026-08-24,VEN-004
EVO-011091,OPP-004710,lead,2026-08-24,VEN-001
EVO-011092,OPP-004711,lead,2026-08-24,VEN-012
EVO-011093,OPP-004719,lead,2026-08-24,VEN-006
EVO-011094,OPP-004725,lead,2026-08-24,VEN-006
EVO-011095,OPP-004726,lead,2026-08-24,VEN-009
EVO-011096,OPP-004731,lead,2026-08-24,VEN-012
EVO-011097,OPP-004664,propuesta,2026-08-25,VEN-012
EVO-011098,OPP-004680,calificado,2026-08-25,VEN-008
EVO-011099,OPP-004692,lead,2026-08-25,VEN-006
EVO-011100,OPP-004692,contactado,2026-08-25,VEN-006
EVO-011101,OPP-004696,lead,2026-08-25,VEN-008
EVO-011102,OPP-004698,lead,2026-08-25,VEN-002
EVO-011103,OPP-004701,lead,2026-08-25,VEN-001
EVO-011104,OPP-004701,contactado,2026-08-25,VEN-001
EVO-011105,OPP-004702,lead,2026-08-25,VEN-010
EVO-011106,OPP-004704,lead,2026-08-25,VEN-010
EVO-011107,OPP-004710,contactado,2026-08-25,VEN-001
EVO-011108,OPP-004712,lead,2026-08-25,VEN-010
EVO-011109,OPP-004715,lead,2026-08-25,VEN-010
EVO-011110,OPP-004715,contactado,2026-08-25,VEN-010
EVO-011111,OPP-004717,lead,2026-08-25,VEN-012
EVO-011112,OPP-004718,lead,2026-08-25,VEN-006
EVO-011113,OPP-004720,lead,2026-08-25,VEN-010
EVO-011114,OPP-004735,lead,2026-08-25,VEN-009
EVO-011115,OPP-004638,calificado,2026-08-26,VEN-005
EVO-011116,OPP-004645,propuesta,2026-08-26,VEN-009
EVO-011117,OPP-004694,calificado,2026-08-26,VEN-006
EVO-011118,OPP-004697,lead,2026-08-26,VEN-002
EVO-011119,OPP-004700,lead,2026-08-26,VEN-011
EVO-011120,OPP-004706,lead,2026-08-26,VEN-009
EVO-011121,OPP-004716,lead,2026-08-26,VEN-003
EVO-011122,OPP-004725,contactado,2026-08-26,VEN-006
EVO-011123,OPP-004726,contactado,2026-08-26,VEN-009
EVO-011124,OPP-004732,lead,2026-08-26,VEN-008
EVO-011125,OPP-004734,lead,2026-08-26,VEN-012
EVO-011126,OPP-004734,contactado,2026-08-26,VEN-012
EVO-011127,OPP-004736,lead,2026-08-26,VEN-011
EVO-011128,OPP-004737,lead,2026-08-26,VEN-010
EVO-011129,OPP-004652,cierre,2026-08-27,VEN-001
EVO-011130,OPP-004653,propuesta,2026-08-27,VEN-005
EVO-011131,OPP-004653,cierre,2026-08-27,VEN-005
EVO-011132,OPP-004692,calificado,2026-08-27,VEN-006
EVO-011133,OPP-004695,lead,2026-08-27,VEN-003
EVO-011134,OPP-004697,contactado,2026-08-27,VEN-002
EVO-011135,OPP-004700,contactado,2026-08-27,VEN-011
EVO-011136,OPP-004703,lead,2026-08-27,VEN-007
EVO-011137,OPP-004707,contactado,2026-08-27,VEN-010
EVO-011138,OPP-004708,lead,2026-08-27,VEN-007
EVO-011139,OPP-004709,contactado,2026-08-27,VEN-004
EVO-011140,OPP-004711,contactado,2026-08-27,VEN-012
EVO-011141,OPP-004714,lead,2026-08-27,VEN-003
EVO-011142,OPP-004718,contactado,2026-08-27,VEN-006
EVO-011143,OPP-004723,lead,2026-08-27,VEN-005
EVO-011144,OPP-004724,lead,2026-08-27,VEN-003
EVO-011145,OPP-004727,lead,2026-08-27,VEN-012
EVO-011146,OPP-004729,lead,2026-08-27,VEN-009
EVO-011147,OPP-004733,lead,2026-08-27,VEN-012
EVO-011148,OPP-004738,lead,2026-08-27,VEN-004
EVO-011149,OPP-004691,lead,2026-08-28,VEN-002
EVO-011150,OPP-004693,lead,2026-08-28,VEN-012
EVO-011151,OPP-004705,lead,2026-08-28,VEN-008
EVO-011152,OPP-004705,contactado,2026-08-28,VEN-008
EVO-011153,OPP-004708,contactado,2026-08-28,VEN-007
EVO-011154,OPP-004713,lead,2026-08-28,VEN-012
EVO-011155,OPP-004717,contactado,2026-08-28,VEN-012
EVO-011156,OPP-004718,calificado,2026-08-28,VEN-006
EVO-011157,OPP-004720,contactado,2026-08-28,VEN-010
EVO-011158,OPP-004720,calificado,2026-08-28,VEN-010
EVO-011159,OPP-004721,lead,2026-08-28,VEN-002
EVO-011160,OPP-004722,lead,2026-08-28,VEN-002
EVO-011161,OPP-004725,calificado,2026-08-28,VEN-006
EVO-011162,OPP-004727,contactado,2026-08-28,VEN-012
EVO-011163,OPP-004728,lead,2026-08-28,VEN-012
EVO-011164,OPP-004730,lead,2026-08-28,VEN-008
EVO-011165,OPP-004736,contactado,2026-08-28,VEN-011
EVO-011166,OPP-004695,contactado,2026-08-29,VEN-003
EVO-011167,OPP-004697,calificado,2026-08-29,VEN-002
EVO-011168,OPP-004703,contactado,2026-08-29,VEN-007
EVO-011169,OPP-004703,calificado,2026-08-29,VEN-007
EVO-011170,OPP-004706,contactado,2026-08-29,VEN-009
EVO-011171,OPP-004706,calificado,2026-08-29,VEN-009
EVO-011172,OPP-004711,calificado,2026-08-29,VEN-012
EVO-011173,OPP-004723,contactado,2026-08-29,VEN-005
EVO-011174,OPP-004724,contactado,2026-08-29,VEN-003
EVO-011175,OPP-004726,calificado,2026-08-29,VEN-009
EVO-011176,OPP-004728,contactado,2026-08-29,VEN-012
EVO-011177,OPP-004730,contactado,2026-08-29,VEN-008
EVO-011178,OPP-004732,contactado,2026-08-29,VEN-008
EVO-011179,OPP-004733,contactado,2026-08-29,VEN-012
EVO-011180,OPP-004736,calificado,2026-08-29,VEN-011
EVO-011181,OPP-004737,contactado,2026-08-29,VEN-010
EVO-011182,OPP-004707,calificado,2026-08-30,VEN-010
EVO-011183,OPP-004717,calificado,2026-08-30,VEN-012
EVO-011184,OPP-004717,propuesta,2026-08-30,VEN-012
EVO-011185,OPP-004721,contactado,2026-08-30,VEN-002
EVO-011186,OPP-004722,contactado,2026-08-30,VEN-002
EVO-011187,OPP-004737,calificado,2026-08-30,VEN-010
EVO-011188,OPP-004738,contactado,2026-08-30,VEN-004
EVO-011189,OPP-004693,contactado,2026-08-31,VEN-012
EVO-011190,OPP-004708,calificado,2026-08-31,VEN-007
EVO-011191,OPP-004708,propuesta,2026-08-31,VEN-007
EVO-011192,OPP-004717,cierre,2026-08-31,VEN-012
EVO-011193,OPP-004723,calificado,2026-08-31,VEN-005
EVO-011194,OPP-004727,calificado,2026-08-31,VEN-012
EVO-011195,OPP-004737,propuesta,2026-08-31,VEN-010
EVO-011196,OPP-004740,lead,2026-08-31,VEN-012
EVO-011197,OPP-004743,lead,2026-08-31,VEN-010
EVO-011198,OPP-004750,lead,2026-08-31,VEN-009
EVO-011199,OPP-004751,lead,2026-08-31,VEN-006
EVO-011200,OPP-004751,contactado,2026-08-31,VEN-006
EVO-011201,OPP-004755,lead,2026-08-31,VEN-006
EVO-011202,OPP-004755,contactado,2026-08-31,VEN-006
EVO-011203,OPP-004759,lead,2026-08-31,VEN-005
EVO-011204,OPP-004779,lead,2026-08-31,VEN-006
EVO-011205,OPP-004787,lead,2026-08-31,VEN-011
EVO-011206,OPP-004787,contactado,2026-08-31,VEN-011
EVO-011207,OPP-004787,calificado,2026-08-31,VEN-011
EVO-011208,OPP-004728,calificado,2026-09-01,VEN-012
EVO-011209,OPP-004730,calificado,2026-09-01,VEN-008
EVO-011210,OPP-004742,lead,2026-09-01,VEN-001
EVO-011211,OPP-004749,lead,2026-09-01,VEN-002
EVO-011212,OPP-004749,contactado,2026-09-01,VEN-002
EVO-011213,OPP-004771,lead,2026-09-01,VEN-005
EVO-011214,OPP-004775,lead,2026-09-01,VEN-006
EVO-011215,OPP-004777,lead,2026-09-01,VEN-004
EVO-011216,OPP-004784,lead,2026-09-01,VEN-007
EVO-011217,OPP-004739,lead,2026-09-02,VEN-010
EVO-011218,OPP-004744,lead,2026-09-02,VEN-009
EVO-011219,OPP-004747,lead,2026-09-02,VEN-003
EVO-011220,OPP-004747,contactado,2026-09-02,VEN-003
EVO-011221,OPP-004761,lead,2026-09-02,VEN-011
EVO-011222,OPP-004765,lead,2026-09-02,VEN-007
EVO-011223,OPP-004766,lead,2026-09-02,VEN-012
EVO-011224,OPP-004769,lead,2026-09-02,VEN-012
EVO-011225,OPP-004770,lead,2026-09-02,VEN-003
EVO-011226,OPP-004772,lead,2026-09-02,VEN-003
EVO-011227,OPP-004772,contactado,2026-09-02,VEN-003
EVO-011228,OPP-004779,contactado,2026-09-02,VEN-006
EVO-011229,OPP-004780,lead,2026-09-02,VEN-001
EVO-011230,OPP-004786,lead,2026-09-02,VEN-010
EVO-011231,OPP-004739,contactado,2026-09-03,VEN-010
EVO-011232,OPP-004742,contactado,2026-09-03,VEN-001
EVO-011233,OPP-004743,contactado,2026-09-03,VEN-010
EVO-011234,OPP-004753,lead,2026-09-03,VEN-012
EVO-011235,OPP-004754,lead,2026-09-03,VEN-001
EVO-011236,OPP-004756,lead,2026-09-03,VEN-011
EVO-011237,OPP-004758,lead,2026-09-03,VEN-007
EVO-011238,OPP-004760,lead,2026-09-03,VEN-003
EVO-011239,OPP-004760,contactado,2026-09-03,VEN-003
EVO-011240,OPP-004762,lead,2026-09-03,VEN-009
EVO-011241,OPP-004763,lead,2026-09-03,VEN-005
EVO-011242,OPP-004769,contactado,2026-09-03,VEN-012
EVO-011243,OPP-004770,contactado,2026-09-03,VEN-003
EVO-011244,OPP-004775,contactado,2026-09-03,VEN-006
EVO-011245,OPP-004778,lead,2026-09-03,VEN-008
EVO-011246,OPP-004781,lead,2026-09-03,VEN-004
EVO-011247,OPP-004781,contactado,2026-09-03,VEN-004
EVO-011248,OPP-004782,lead,2026-09-03,VEN-001
EVO-011249,OPP-004741,lead,2026-09-04,VEN-010
EVO-011250,OPP-004742,calificado,2026-09-04,VEN-001
EVO-011251,OPP-004745,lead,2026-09-04,VEN-010
EVO-011252,OPP-004745,contactado,2026-09-04,VEN-010
EVO-011253,OPP-004746,lead,2026-09-04,VEN-001
EVO-011254,OPP-004748,lead,2026-09-04,VEN-010
EVO-011255,OPP-004752,lead,2026-09-04,VEN-002
EVO-011256,OPP-004757,lead,2026-09-04,VEN-008
EVO-011257,OPP-004763,contactado,2026-09-04,VEN-005
EVO-011258,OPP-004764,lead,2026-09-04,VEN-008
EVO-011259,OPP-004766,contactado,2026-09-04,VEN-012
EVO-011260,OPP-004767,lead,2026-09-04,VEN-008
EVO-011261,OPP-004768,lead,2026-09-04,VEN-012
EVO-011262,OPP-004771,contactado,2026-09-04,VEN-005
EVO-011263,OPP-004773,lead,2026-09-04,VEN-007
EVO-011264,OPP-004774,lead,2026-09-04,VEN-005
EVO-011265,OPP-004776,lead,2026-09-04,VEN-002
EVO-011266,OPP-004776,contactado,2026-09-04,VEN-002
EVO-011267,OPP-004777,contactado,2026-09-04,VEN-004
EVO-011268,OPP-004778,contactado,2026-09-04,VEN-008
EVO-011269,OPP-004783,lead,2026-09-04,VEN-006
EVO-011270,OPP-004785,lead,2026-09-04,VEN-007
EVO-011271,OPP-004744,contactado,2026-09-05,VEN-009
EVO-011272,OPP-004746,contactado,2026-09-05,VEN-001
EVO-011273,OPP-004752,contactado,2026-09-05,VEN-002
EVO-011274,OPP-004753,contactado,2026-09-05,VEN-012
EVO-011275,OPP-004765,contactado,2026-09-05,VEN-007
EVO-011276,OPP-004777,calificado,2026-09-05,VEN-004
EVO-011277,OPP-004778,calificado,2026-09-05,VEN-008
EVO-011278,OPP-004778,propuesta,2026-09-05,VEN-008
EVO-011279,OPP-004779,calificado,2026-09-05,VEN-006
EVO-011280,OPP-004783,contactado,2026-09-05,VEN-006
EVO-011281,OPP-004756,contactado,2026-09-06,VEN-011
EVO-011282,OPP-004762,contactado,2026-09-06,VEN-009
EVO-011283,OPP-004763,calificado,2026-09-06,VEN-005
EVO-011284,OPP-004770,calificado,2026-09-06,VEN-003
EVO-011285,OPP-004770,propuesta,2026-09-06,VEN-003
EVO-011286,OPP-004782,contactado,2026-09-06,VEN-001
EVO-011287,OPP-004741,contactado,2026-09-07,VEN-010
EVO-011288,OPP-004744,calificado,2026-09-07,VEN-009
EVO-011289,OPP-004745,calificado,2026-09-07,VEN-010
EVO-011290,OPP-004764,contactado,2026-09-07,VEN-008
EVO-011291,OPP-004768,contactado,2026-09-07,VEN-012
EVO-011292,OPP-004779,propuesta,2026-09-07,VEN-006
EVO-011293,OPP-004792,lead,2026-09-07,VEN-009
EVO-011294,OPP-004793,lead,2026-09-07,VEN-006
EVO-011295,OPP-004798,lead,2026-09-07,VEN-001
EVO-011296,OPP-004803,lead,2026-09-07,VEN-011
EVO-011297,OPP-004832,lead,2026-09-07,VEN-009
EVO-011298,OPP-004837,lead,2026-09-07,VEN-002
EVO-011299,OPP-004838,lead,2026-09-07,VEN-007
EVO-011300,OPP-004849,lead,2026-09-07,VEN-009
EVO-011301,OPP-004746,calificado,2026-09-08,VEN-001
EVO-011302,OPP-004753,calificado,2026-09-08,VEN-012
EVO-011303,OPP-004788,lead,2026-09-08,VEN-011
EVO-011304,OPP-004792,contactado,2026-09-08,VEN-009
EVO-011305,OPP-004796,lead,2026-09-08,VEN-004
EVO-011306,OPP-004796,contactado,2026-09-08,VEN-004
EVO-011307,OPP-004797,lead,2026-09-08,VEN-012
EVO-011308,OPP-004797,contactado,2026-09-08,VEN-012
EVO-011309,OPP-004798,contactado,2026-09-08,VEN-001
EVO-011310,OPP-004806,lead,2026-09-08,VEN-003
EVO-011311,OPP-004808,lead,2026-09-08,VEN-010
EVO-011312,OPP-004811,lead,2026-09-08,VEN-003
EVO-011313,OPP-004811,contactado,2026-09-08,VEN-003
EVO-011314,OPP-004811,calificado,2026-09-08,VEN-003
EVO-011315,OPP-004815,lead,2026-09-08,VEN-005
EVO-011316,OPP-004815,contactado,2026-09-08,VEN-005
EVO-011317,OPP-004818,lead,2026-09-08,VEN-012
EVO-011318,OPP-004822,lead,2026-09-08,VEN-007
EVO-011319,OPP-004824,lead,2026-09-08,VEN-006
EVO-011320,OPP-004824,contactado,2026-09-08,VEN-006
EVO-011321,OPP-004824,calificado,2026-09-08,VEN-006
EVO-011322,OPP-004828,lead,2026-09-08,VEN-006
EVO-011323,OPP-004833,lead,2026-09-08,VEN-003
EVO-011324,OPP-004834,lead,2026-09-08,VEN-007
EVO-011325,OPP-004837,contactado,2026-09-08,VEN-002
EVO-011326,OPP-004839,lead,2026-09-08,VEN-005
EVO-011327,OPP-004839,contactado,2026-09-08,VEN-005
EVO-011328,OPP-004839,calificado,2026-09-08,VEN-005
EVO-011329,OPP-004841,lead,2026-09-08,VEN-009
EVO-011330,OPP-004842,lead,2026-09-08,VEN-006
EVO-011331,OPP-004845,lead,2026-09-08,VEN-004
EVO-011332,OPP-004756,calificado,2026-09-09,VEN-011
EVO-011333,OPP-004768,calificado,2026-09-09,VEN-012
EVO-011334,OPP-004788,contactado,2026-09-09,VEN-011
EVO-011335,OPP-004797,calificado,2026-09-09,VEN-012
EVO-011336,OPP-004799,lead,2026-09-09,VEN-004
EVO-011337,OPP-004800,lead,2026-09-09,VEN-004
EVO-011338,OPP-004800,contactado,2026-09-09,VEN-004
EVO-011339,OPP-004800,calificado,2026-09-09,VEN-004
EVO-011340,OPP-004802,lead,2026-09-09,VEN-011
EVO-011341,OPP-004802,contactado,2026-09-09,VEN-011
EVO-011342,OPP-004805,lead,2026-09-09,VEN-008
EVO-011343,OPP-004814,lead,2026-09-09,VEN-007
EVO-011344,OPP-004816,lead,2026-09-09,VEN-006
EVO-011345,OPP-004817,lead,2026-09-09,VEN-007
EVO-011346,OPP-004818,contactado,2026-09-09,VEN-012
EVO-011347,OPP-004820,lead,2026-09-09,VEN-009
EVO-011348,OPP-004827,lead,2026-09-09,VEN-008
EVO-011349,OPP-004831,lead,2026-09-09,VEN-008
EVO-011350,OPP-004831,contactado,2026-09-09,VEN-008
EVO-011351,OPP-004840,lead,2026-09-09,VEN-004
EVO-011352,OPP-004840,contactado,2026-09-09,VEN-004
EVO-011353,OPP-004841,contactado,2026-09-09,VEN-009
EVO-011354,OPP-004847,lead,2026-09-09,VEN-010
EVO-011355,OPP-004850,lead,2026-09-09,VEN-003
EVO-011356,OPP-004850,contactado,2026-09-09,VEN-003
EVO-011357,OPP-004850,calificado,2026-09-09,VEN-003
EVO-011358,OPP-004789,lead,2026-09-10,VEN-012
EVO-011359,OPP-004791,lead,2026-09-10,VEN-002
EVO-011360,OPP-004801,lead,2026-09-10,VEN-008
EVO-011361,OPP-004803,contactado,2026-09-10,VEN-011
EVO-011362,OPP-004810,lead,2026-09-10,VEN-010
EVO-011363,OPP-004812,lead,2026-09-10,VEN-009
EVO-011364,OPP-004813,lead,2026-09-10,VEN-007
EVO-011365,OPP-004821,lead,2026-09-10,VEN-011
EVO-011366,OPP-004823,lead,2026-09-10,VEN-012
EVO-011367,OPP-004825,lead,2026-09-10,VEN-003
EVO-011368,OPP-004826,lead,2026-09-10,VEN-002
EVO-011369,OPP-004830,lead,2026-09-10,VEN-008
EVO-011370,OPP-004831,calificado,2026-09-10,VEN-008
EVO-011371,OPP-004832,contactado,2026-09-10,VEN-009
EVO-011372,OPP-004835,lead,2026-09-10,VEN-005
EVO-011373,OPP-004836,lead,2026-09-10,VEN-003
EVO-011374,OPP-004843,lead,2026-09-10,VEN-001
EVO-011375,OPP-004848,lead,2026-09-10,VEN-008
EVO-011376,OPP-004849,contactado,2026-09-10,VEN-009
EVO-011377,OPP-004790,lead,2026-09-11,VEN-003
EVO-011378,OPP-004794,lead,2026-09-11,VEN-011
EVO-011379,OPP-004795,lead,2026-09-11,VEN-004
EVO-011380,OPP-004801,contactado,2026-09-11,VEN-008
EVO-011381,OPP-004803,calificado,2026-09-11,VEN-011
EVO-011382,OPP-004804,lead,2026-09-11,VEN-010
EVO-011383,OPP-004807,lead,2026-09-11,VEN-005
EVO-011384,OPP-004809,lead,2026-09-11,VEN-012
EVO-011385,OPP-004819,lead,2026-09-11,VEN-005
EVO-011386,OPP-004820,contactado,2026-09-11,VEN-009
EVO-011387,OPP-004821,contactado,2026-09-11,VEN-011
EVO-011388,OPP-004825,contactado,2026-09-11,VEN-003
EVO-011389,OPP-004827,contactado,2026-09-11,VEN-008
EVO-011390,OPP-004828,contactado,2026-09-11,VEN-006
EVO-011391,OPP-004829,lead,2026-09-11,VEN-002
EVO-011392,OPP-004829,contactado,2026-09-11,VEN-002
EVO-011393,OPP-004833,contactado,2026-09-11,VEN-003
EVO-011394,OPP-004834,contactado,2026-09-11,VEN-007
EVO-011395,OPP-004834,calificado,2026-09-11,VEN-007
EVO-011396,OPP-004834,propuesta,2026-09-11,VEN-007
EVO-011397,OPP-004835,contactado,2026-09-11,VEN-005
EVO-011398,OPP-004835,calificado,2026-09-11,VEN-005
EVO-011399,OPP-004842,contactado,2026-09-11,VEN-006
EVO-011400,OPP-004844,lead,2026-09-11,VEN-009
EVO-011401,OPP-004844,contactado,2026-09-11,VEN-009
EVO-011402,OPP-004846,lead,2026-09-11,VEN-011
EVO-011403,OPP-004789,contactado,2026-09-12,VEN-012
EVO-011404,OPP-004794,contactado,2026-09-12,VEN-011
EVO-011405,OPP-004794,calificado,2026-09-12,VEN-011
EVO-011406,OPP-004813,contactado,2026-09-12,VEN-007
EVO-011407,OPP-004816,contactado,2026-09-12,VEN-006
EVO-011408,OPP-004818,calificado,2026-09-12,VEN-012
EVO-011409,OPP-004819,contactado,2026-09-12,VEN-005
EVO-011410,OPP-004826,contactado,2026-09-12,VEN-002
EVO-011411,OPP-004826,calificado,2026-09-12,VEN-002
EVO-011412,OPP-004829,calificado,2026-09-12,VEN-002
EVO-011413,OPP-004831,propuesta,2026-09-12,VEN-008
EVO-011414,OPP-004831,cierre,2026-09-12,VEN-008
EVO-011415,OPP-004844,calificado,2026-09-12,VEN-009
EVO-011416,OPP-004847,contactado,2026-09-12,VEN-010
EVO-011417,OPP-004790,contactado,2026-09-13,VEN-003
EVO-011418,OPP-004794,propuesta,2026-09-13,VEN-011
EVO-011419,OPP-004795,contactado,2026-09-13,VEN-004
EVO-011420,OPP-004807,contactado,2026-09-13,VEN-005
EVO-011421,OPP-004825,calificado,2026-09-13,VEN-003
EVO-011422,OPP-004833,calificado,2026-09-13,VEN-003
EVO-011423,OPP-004836,contactado,2026-09-13,VEN-003
EVO-011424,OPP-004842,calificado,2026-09-13,VEN-006
EVO-011425,OPP-004843,contactado,2026-09-13,VEN-001
EVO-011426,OPP-004804,contactado,2026-09-14,VEN-010
EVO-011427,OPP-004818,propuesta,2026-09-14,VEN-012
EVO-011428,OPP-004821,calificado,2026-09-14,VEN-011
EVO-011429,OPP-004826,propuesta,2026-09-14,VEN-002
EVO-011430,OPP-004842,propuesta,2026-09-14,VEN-006
EVO-011431,OPP-004853,lead,2026-09-14,VEN-004
EVO-011432,OPP-004857,lead,2026-09-14,VEN-009
EVO-011433,OPP-004860,lead,2026-09-14,VEN-003
EVO-011434,OPP-004860,contactado,2026-09-14,VEN-003
EVO-011435,OPP-004861,lead,2026-09-14,VEN-002
EVO-011436,OPP-004870,lead,2026-09-14,VEN-003
EVO-011437,OPP-004874,lead,2026-09-14,VEN-002
EVO-011438,OPP-004876,lead,2026-09-14,VEN-010
EVO-011439,OPP-004881,lead,2026-09-14,VEN-007
EVO-011440,OPP-004882,lead,2026-09-14,VEN-012
EVO-011441,OPP-004883,lead,2026-09-14,VEN-007
EVO-011442,OPP-004890,lead,2026-09-14,VEN-010
EVO-011443,OPP-004819,calificado,2026-09-15,VEN-005
EVO-011444,OPP-004819,propuesta,2026-09-15,VEN-005
EVO-011445,OPP-004821,propuesta,2026-09-15,VEN-011
EVO-011446,OPP-004829,propuesta,2026-09-15,VEN-002
EVO-011447,OPP-004851,lead,2026-09-15,VEN-002
EVO-011448,OPP-004852,lead,2026-09-15,VEN-001
EVO-011449,OPP-004853,contactado,2026-09-15,VEN-004
EVO-011450,OPP-004858,lead,2026-09-15,VEN-009
EVO-011451,OPP-004861,contactado,2026-09-15,VEN-002
EVO-011452,OPP-004866,lead,2026-09-15,VEN-011
EVO-011453,OPP-004872,lead,2026-09-15,VEN-005
EVO-011454,OPP-004887,lead,2026-09-15,VEN-005
EVO-011455,OPP-004887,contactado,2026-09-15,VEN-005
EVO-011456,OPP-004891,lead,2026-09-15,VEN-004
EVO-011457,OPP-004895,lead,2026-09-15,VEN-008
EVO-011458,OPP-004807,calificado,2026-09-16,VEN-005
EVO-011459,OPP-004826,cierre,2026-09-16,VEN-002
EVO-011460,OPP-004843,calificado,2026-09-16,VEN-001
EVO-011461,OPP-004854,lead,2026-09-16,VEN-002
EVO-011462,OPP-004856,lead,2026-09-16,VEN-008
EVO-011463,OPP-004856,contactado,2026-09-16,VEN-008
EVO-011464,OPP-004861,calificado,2026-09-16,VEN-002
EVO-011465,OPP-004862,lead,2026-09-16,VEN-004
EVO-011466,OPP-004878,lead,2026-09-16,VEN-007
EVO-011467,OPP-004883,contactado,2026-09-16,VEN-007
EVO-011468,OPP-004889,lead,2026-09-16,VEN-012
EVO-011469,OPP-004892,lead,2026-09-16,VEN-010
EVO-011470,OPP-004893,lead,2026-09-16,VEN-003
EVO-011471,OPP-004829,cierre,2026-09-17,VEN-002
EVO-011472,OPP-004852,contactado,2026-09-17,VEN-001
EVO-011473,OPP-004859,lead,2026-09-17,VEN-003
EVO-011474,OPP-004863,lead,2026-09-17,VEN-007
EVO-011475,OPP-004863,contactado,2026-09-17,VEN-007
EVO-011476,OPP-004864,lead,2026-09-17,VEN-008
EVO-011477,OPP-004866,contactado,2026-09-17,VEN-011
EVO-011478,OPP-004867,lead,2026-09-17,VEN-010
EVO-011479,OPP-004868,lead,2026-09-17,VEN-011
EVO-011480,OPP-004869,lead,2026-09-17,VEN-005
EVO-011481,OPP-004870,contactado,2026-09-17,VEN-003
EVO-011482,OPP-004873,lead,2026-09-17,VEN-005
EVO-011483,OPP-004876,contactado,2026-09-17,VEN-010
EVO-011484,OPP-004877,lead,2026-09-17,VEN-005
EVO-011485,OPP-004885,lead,2026-09-17,VEN-006
EVO-011486,OPP-004888,lead,2026-09-17,VEN-003
EVO-011487,OPP-004889,contactado,2026-09-17,VEN-012
EVO-011488,OPP-004894,lead,2026-09-17,VEN-008
EVO-011489,OPP-004896,lead,2026-09-17,VEN-011
EVO-011490,OPP-004896,contactado,2026-09-17,VEN-011
EVO-011491,OPP-004897,lead,2026-09-17,VEN-001
EVO-011492,OPP-004898,lead,2026-09-17,VEN-003
