evento_id,cliente_id,fecha,tipo_evento,usage_points
EVT-000001,CLI-00003,2025-01-01,login,2
EVT-000002,CLI-00004,2025-01-01,descarga_reporte,5
EVT-000003,CLI-00080,2025-01-01,descarga_reporte,6
EVT-000004,CLI-00161,2025-01-01,descarga_reporte,5
EVT-000005,CLI-00173,2025-01-01,uso_feature,3
EVT-000006,CLI-00210,2025-01-01,login,2
EVT-000007,CLI-00240,2025-01-01,login,1
EVT-000008,CLI-00333,2025-01-01,login,1
EVT-000009,CLI-00349,2025-01-01,login,1
EVT-000010,CLI-00399,2025-01-01,uso_feature,4
EVT-000011,CLI-00490,2025-01-01,login,2
EVT-000012,CLI-00492,2025-01-01,uso_feature,4
EVT-000013,CLI-00492,2025-01-01,login,1
EVT-000014,CLI-00492,2025-01-01,login,2
EVT-000015,CLI-00018,2025-01-02,login,1
EVT-000016,CLI-00034,2025-01-02,login,1
EVT-000017,CLI-00055,2025-01-02,login,1
EVT-000018,CLI-00106,2025-01-02,login,1
EVT-000019,CLI-00135,2025-01-02,uso_feature,3
EVT-000020,CLI-00136,2025-01-02,uso_feature,3
EVT-000021,CLI-00163,2025-01-02,uso_feature,4
EVT-000022,CLI-00173,2025-01-02,uso_feature,4
EVT-000023,CLI-00216,2025-01-02,login,1
EVT-000024,CLI-00216,2025-01-02,descarga_reporte,5
EVT-000025,CLI-00216,2025-01-02,uso_feature,4
EVT-000026,CLI-00272,2025-01-02,descarga_reporte,5
EVT-000027,CLI-00279,2025-01-02,login,2
EVT-000028,CLI-00315,2025-01-02,login,1
EVT-000029,CLI-00334,2025-01-02,invitacion_usuario,9
EVT-000030,CLI-00369,2025-01-02,uso_feature,4
EVT-000031,CLI-00003,2025-01-03,uso_feature,3
EVT-000032,CLI-00003,2025-01-03,login,1
EVT-000033,CLI-00054,2025-01-03,login,1
EVT-000034,CLI-00070,2025-01-03,uso_feature,4
EVT-000035,CLI-00084,2025-01-03,uso_feature,3
EVT-000036,CLI-00088,2025-01-03,login,2
EVT-000037,CLI-00090,2025-01-03,uso_feature,3
EVT-000038,CLI-00097,2025-01-03,uso_feature,4
EVT-000039,CLI-00128,2025-01-03,uso_feature,3
EVT-000040,CLI-00151,2025-01-03,login,1
EVT-000041,CLI-00173,2025-01-03,login,1
EVT-000042,CLI-00218,2025-01-03,login,1
EVT-000043,CLI-00260,2025-01-03,login,1
EVT-000044,CLI-00340,2025-01-03,login,1
EVT-000045,CLI-00341,2025-01-03,login,2
EVT-000046,CLI-00354,2025-01-03,login,2
EVT-000047,CLI-00358,2025-01-03,login,2
EVT-000048,CLI-00367,2025-01-03,login,1
EVT-000049,CLI-00367,2025-01-03,login,1
EVT-000050,CLI-00382,2025-01-03,uso_feature,4
EVT-000051,CLI-00393,2025-01-03,uso_feature,3
EVT-000052,CLI-00399,2025-01-03,login,2
EVT-000053,CLI-00403,2025-01-03,login,2
EVT-000054,CLI-00404,2025-01-03,uso_feature,3
EVT-000055,CLI-00416,2025-01-03,login,1
EVT-000056,CLI-00433,2025-01-03,login,1
EVT-000057,CLI-00440,2025-01-03,uso_feature,4
EVT-000058,CLI-00490,2025-01-03,login,1
EVT-000059,CLI-00500,2025-01-03,login,1
EVT-000060,CLI-00003,2025-01-04,uso_feature,3
EVT-000061,CLI-00006,2025-01-04,descarga_reporte,5
EVT-000062,CLI-00006,2025-01-04,descarga_reporte,5
EVT-000063,CLI-00047,2025-01-04,uso_feature,4
EVT-000064,CLI-00051,2025-01-04,uso_feature,3
EVT-000065,CLI-00090,2025-01-04,uso_feature,3
EVT-000066,CLI-00096,2025-01-04,login,2
EVT-000067,CLI-00139,2025-01-04,descarga_reporte,6
EVT-000068,CLI-00156,2025-01-04,uso_feature,3
EVT-000069,CLI-00196,2025-01-04,login,1
EVT-000070,CLI-00248,2025-01-04,login,2
EVT-000071,CLI-00306,2025-01-04,login,1
EVT-000072,CLI-00332,2025-01-04,login,2
EVT-000073,CLI-00340,2025-01-04,login,1
EVT-000074,CLI-00390,2025-01-04,uso_feature,3
EVT-000075,CLI-00424,2025-01-04,uso_feature,3
EVT-000076,CLI-00431,2025-01-04,uso_feature,4
EVT-000077,CLI-00453,2025-01-04,descarga_reporte,5
EVT-000078,CLI-00455,2025-01-04,descarga_reporte,5
EVT-000079,CLI-00455,2025-01-04,descarga_reporte,5
EVT-000080,CLI-00506,2025-01-04,descarga_reporte,5
EVT-000081,CLI-00117,2025-01-05,login,1
EVT-000082,CLI-00130,2025-01-05,login,1
EVT-000083,CLI-00142,2025-01-05,uso_feature,3
EVT-000084,CLI-00191,2025-01-05,descarga_reporte,6
EVT-000085,CLI-00271,2025-01-05,uso_feature,3
EVT-000086,CLI-00272,2025-01-05,login,1
EVT-000087,CLI-00343,2025-01-05,login,2
EVT-000088,CLI-00365,2025-01-05,uso_feature,4
EVT-000089,CLI-00399,2025-01-05,login,1
EVT-000090,CLI-00410,2025-01-05,uso_feature,4
EVT-000091,CLI-00411,2025-01-05,descarga_reporte,6
EVT-000092,CLI-00440,2025-01-05,login,2
EVT-000093,CLI-00468,2025-01-05,login,1
EVT-000094,CLI-00047,2025-01-06,login,1
EVT-000095,CLI-00136,2025-01-06,login,2
EVT-000096,CLI-00157,2025-01-06,login,1
EVT-000097,CLI-00169,2025-01-06,uso_feature,3
EVT-000098,CLI-00191,2025-01-06,descarga_reporte,5
EVT-000099,CLI-00199,2025-01-06,descarga_reporte,5
EVT-000100,CLI-00210,2025-01-06,login,1
EVT-000101,CLI-00247,2025-01-06,uso_feature,3
EVT-000102,CLI-00329,2025-01-06,uso_feature,3
EVT-000103,CLI-00333,2025-01-06,uso_feature,3
EVT-000104,CLI-00410,2025-01-06,descarga_reporte,6
EVT-000105,CLI-00446,2025-01-06,login,1
EVT-000106,CLI-00484,2025-01-06,uso_feature,4
EVT-000107,CLI-00484,2025-01-06,uso_feature,4
EVT-000108,CLI-00500,2025-01-06,login,1
EVT-000109,CLI-00009,2025-01-07,login,1
EVT-000110,CLI-00052,2025-01-07,login,1
EVT-000111,CLI-00080,2025-01-07,login,1
EVT-000112,CLI-00117,2025-01-07,descarga_reporte,5
EVT-000113,CLI-00144,2025-01-07,descarga_reporte,5
EVT-000114,CLI-00150,2025-01-07,login,1
EVT-000115,CLI-00200,2025-01-07,uso_feature,3
EVT-000116,CLI-00329,2025-01-07,login,1
EVT-000117,CLI-00345,2025-01-07,uso_feature,3
EVT-000118,CLI-00381,2025-01-07,login,1
EVT-000119,CLI-00398,2025-01-07,login,1
EVT-000120,CLI-00484,2025-01-07,descarga_reporte,5
EVT-000121,CLI-00501,2025-01-07,login,1
EVT-000122,CLI-00505,2025-01-07,login,2
EVT-000123,CLI-00505,2025-01-07,login,1
EVT-000124,CLI-00004,2025-01-08,login,1
EVT-000125,CLI-00016,2025-01-08,uso_feature,3
EVT-000126,CLI-00052,2025-01-08,descarga_reporte,5
EVT-000127,CLI-00054,2025-01-08,descarga_reporte,6
EVT-000128,CLI-00059,2025-01-08,login,1
EVT-000129,CLI-00059,2025-01-08,login,1
EVT-000130,CLI-00115,2025-01-08,uso_feature,3
EVT-000131,CLI-00153,2025-01-08,descarga_reporte,6
EVT-000132,CLI-00156,2025-01-08,uso_feature,3
EVT-000133,CLI-00161,2025-01-08,descarga_reporte,5
EVT-000134,CLI-00163,2025-01-08,descarga_reporte,6
EVT-000135,CLI-00170,2025-01-08,login,1
EVT-000136,CLI-00196,2025-01-08,login,1
EVT-000137,CLI-00342,2025-01-08,login,2
EVT-000138,CLI-00344,2025-01-08,descarga_reporte,6
EVT-000139,CLI-00353,2025-01-08,login,1
EVT-000140,CLI-00354,2025-01-08,uso_feature,4
EVT-000141,CLI-00367,2025-01-08,descarga_reporte,5
EVT-000142,CLI-00385,2025-01-08,uso_feature,3
EVT-000143,CLI-00416,2025-01-08,login,1
EVT-000144,CLI-00425,2025-01-08,login,1
EVT-000145,CLI-00469,2025-01-08,login,1
EVT-000146,CLI-00484,2025-01-08,login,2
EVT-000147,CLI-00505,2025-01-08,login,1
EVT-000148,CLI-00036,2025-01-09,invitacion_usuario,8
EVT-000149,CLI-00047,2025-01-09,login,1
EVT-000150,CLI-00136,2025-01-09,login,1
EVT-000151,CLI-00142,2025-01-09,descarga_reporte,5
EVT-000152,CLI-00149,2025-01-09,login,2
EVT-000153,CLI-00153,2025-01-09,login,1
EVT-000154,CLI-00157,2025-01-09,uso_feature,3
EVT-000155,CLI-00164,2025-01-09,uso_feature,4
EVT-000156,CLI-00173,2025-01-09,descarga_reporte,5
EVT-000157,CLI-00226,2025-01-09,login,2
EVT-000158,CLI-00247,2025-01-09,login,1
EVT-000159,CLI-00271,2025-01-09,login,1
EVT-000160,CLI-00290,2025-01-09,login,2
EVT-000161,CLI-00306,2025-01-09,login,1
EVT-000162,CLI-00333,2025-01-09,invitacion_usuario,8
EVT-000163,CLI-00337,2025-01-09,invitacion_usuario,9
EVT-000164,CLI-00339,2025-01-09,descarga_reporte,5
EVT-000165,CLI-00367,2025-01-09,descarga_reporte,5
EVT-000166,CLI-00367,2025-01-09,login,1
EVT-000167,CLI-00382,2025-01-09,login,1
EVT-000168,CLI-00385,2025-01-09,uso_feature,3
EVT-000169,CLI-00391,2025-01-09,uso_feature,4
EVT-000170,CLI-00501,2025-01-09,uso_feature,3
EVT-000171,CLI-00043,2025-01-10,login,1
EVT-000172,CLI-00058,2025-01-10,login,1
EVT-000173,CLI-00073,2025-01-10,uso_feature,3
EVT-000174,CLI-00175,2025-01-10,login,2
EVT-000175,CLI-00195,2025-01-10,login,2
EVT-000176,CLI-00242,2025-01-10,login,1
EVT-000177,CLI-00265,2025-01-10,login,1
EVT-000178,CLI-00337,2025-01-10,uso_feature,3
EVT-000179,CLI-00345,2025-01-10,login,2
EVT-000180,CLI-00354,2025-01-10,login,2
EVT-000181,CLI-00359,2025-01-10,invitacion_usuario,9
EVT-000182,CLI-00376,2025-01-10,login,2
EVT-000183,CLI-00393,2025-01-10,uso_feature,3
EVT-000184,CLI-00396,2025-01-10,descarga_reporte,6
EVT-000185,CLI-00396,2025-01-10,uso_feature,4
EVT-000186,CLI-00410,2025-01-10,login,1
EVT-000187,CLI-00411,2025-01-10,login,2
EVT-000188,CLI-00429,2025-01-10,login,1
EVT-000189,CLI-00475,2025-01-10,login,2
EVT-000190,CLI-00509,2025-01-10,invitacion_usuario,8
EVT-000191,CLI-00018,2025-01-11,login,2
EVT-000192,CLI-00047,2025-01-11,login,2
EVT-000193,CLI-00130,2025-01-11,descarga_reporte,6
EVT-000194,CLI-00203,2025-01-11,login,1
EVT-000195,CLI-00206,2025-01-11,login,1
EVT-000196,CLI-00216,2025-01-11,login,1
EVT-000197,CLI-00290,2025-01-11,uso_feature,3
EVT-000198,CLI-00333,2025-01-11,uso_feature,3
EVT-000199,CLI-00344,2025-01-11,login,1
EVT-000200,CLI-00345,2025-01-11,invitacion_usuario,9
EVT-000201,CLI-00376,2025-01-11,descarga_reporte,6
EVT-000202,CLI-00376,2025-01-11,login,2
EVT-000203,CLI-00394,2025-01-11,login,1
EVT-000204,CLI-00428,2025-01-11,uso_feature,3
EVT-000205,CLI-00429,2025-01-11,login,1
EVT-000206,CLI-00457,2025-01-11,login,2
EVT-000207,CLI-00073,2025-01-12,login,2
EVT-000208,CLI-00088,2025-01-12,login,1
EVT-000209,CLI-00164,2025-01-12,login,1
EVT-000210,CLI-00188,2025-01-12,login,1
EVT-000211,CLI-00238,2025-01-12,login,2
EVT-000212,CLI-00369,2025-01-12,login,1
EVT-000213,CLI-00379,2025-01-12,uso_feature,4
EVT-000214,CLI-00429,2025-01-12,login,1
EVT-000215,CLI-00429,2025-01-12,uso_feature,3
EVT-000216,CLI-00436,2025-01-12,login,2
EVT-000217,CLI-00468,2025-01-12,login,1
EVT-000218,CLI-00500,2025-01-12,login,2
EVT-000219,CLI-00506,2025-01-12,uso_feature,3
EVT-000220,CLI-00032,2025-01-13,descarga_reporte,6
EVT-000221,CLI-00045,2025-01-13,uso_feature,4
EVT-000222,CLI-00055,2025-01-13,uso_feature,3
EVT-000223,CLI-00084,2025-01-13,login,1
EVT-000224,CLI-00117,2025-01-13,descarga_reporte,5
EVT-000225,CLI-00130,2025-01-13,login,1
EVT-000226,CLI-00135,2025-01-13,login,1
EVT-000227,CLI-00139,2025-01-13,uso_feature,3
EVT-000228,CLI-00161,2025-01-13,login,1
EVT-000229,CLI-00164,2025-01-13,descarga_reporte,5
EVT-000230,CLI-00175,2025-01-13,uso_feature,4
EVT-000231,CLI-00175,2025-01-13,login,1
EVT-000232,CLI-00203,2025-01-13,uso_feature,3
EVT-000233,CLI-00236,2025-01-13,login,1
EVT-000234,CLI-00260,2025-01-13,login,1
EVT-000235,CLI-00275,2025-01-13,descarga_reporte,5
EVT-000236,CLI-00341,2025-01-13,login,2
EVT-000237,CLI-00344,2025-01-13,login,1
EVT-000238,CLI-00365,2025-01-13,descarga_reporte,5
EVT-000239,CLI-00385,2025-01-13,uso_feature,3
EVT-000240,CLI-00393,2025-01-13,uso_feature,3
EVT-000241,CLI-00394,2025-01-13,uso_feature,3
EVT-000242,CLI-00398,2025-01-13,login,2
EVT-000243,CLI-00428,2025-01-13,uso_feature,3
EVT-000244,CLI-00443,2025-01-13,descarga_reporte,5
EVT-000245,CLI-00475,2025-01-13,login,1
EVT-000246,CLI-00055,2025-01-14,uso_feature,3
EVT-000247,CLI-00055,2025-01-14,login,2
EVT-000248,CLI-00066,2025-01-14,login,1
EVT-000249,CLI-00070,2025-01-14,uso_feature,4
EVT-000250,CLI-00081,2025-01-14,login,1
EVT-000251,CLI-00084,2025-01-14,login,2
EVT-000252,CLI-00090,2025-01-14,login,1
EVT-000253,CLI-00117,2025-01-14,login,1
EVT-000254,CLI-00131,2025-01-14,uso_feature,3
EVT-000255,CLI-00142,2025-01-14,invitacion_usuario,8
EVT-000256,CLI-00156,2025-01-14,uso_feature,4
EVT-000257,CLI-00163,2025-01-14,login,1
EVT-000258,CLI-00164,2025-01-14,descarga_reporte,5
EVT-000259,CLI-00191,2025-01-14,login,1
EVT-000260,CLI-00196,2025-01-14,uso_feature,4
EVT-000261,CLI-00247,2025-01-14,descarga_reporte,6
EVT-000262,CLI-00249,2025-01-14,descarga_reporte,5
EVT-000263,CLI-00256,2025-01-14,uso_feature,3
EVT-000264,CLI-00260,2025-01-14,descarga_reporte,6
EVT-000265,CLI-00344,2025-01-14,uso_feature,3
EVT-000266,CLI-00358,2025-01-14,descarga_reporte,5
EVT-000267,CLI-00358,2025-01-14,login,2
EVT-000268,CLI-00379,2025-01-14,descarga_reporte,5
EVT-000269,CLI-00382,2025-01-14,uso_feature,3
EVT-000270,CLI-00437,2025-01-14,uso_feature,3
EVT-000271,CLI-00448,2025-01-14,login,1
EVT-000272,CLI-00469,2025-01-14,login,1
EVT-000273,CLI-00503,2025-01-14,descarga_reporte,6
EVT-000274,CLI-00006,2025-01-15,login,1
EVT-000275,CLI-00009,2025-01-15,uso_feature,3
EVT-000276,CLI-00016,2025-01-15,login,1
EVT-000277,CLI-00016,2025-01-15,uso_feature,3
EVT-000278,CLI-00034,2025-01-15,login,1
EVT-000279,CLI-00059,2025-01-15,login,1
EVT-000280,CLI-00073,2025-01-15,uso_feature,3
EVT-000281,CLI-00081,2025-01-15,uso_feature,4
EVT-000282,CLI-00107,2025-01-15,uso_feature,3
EVT-000283,CLI-00109,2025-01-15,login,1
EVT-000284,CLI-00128,2025-01-15,login,1
EVT-000285,CLI-00130,2025-01-15,login,1
EVT-000286,CLI-00173,2025-01-15,uso_feature,3
EVT-000287,CLI-00204,2025-01-15,uso_feature,3
EVT-000288,CLI-00206,2025-01-15,uso_feature,3
EVT-000289,CLI-00218,2025-01-15,login,1
EVT-000290,CLI-00228,2025-01-15,login,2
EVT-000291,CLI-00238,2025-01-15,uso_feature,4
EVT-000292,CLI-00315,2025-01-15,login,1
EVT-000293,CLI-00315,2025-01-15,login,1
EVT-000294,CLI-00325,2025-01-15,login,1
EVT-000295,CLI-00353,2025-01-15,login,1
EVT-000296,CLI-00365,2025-01-15,login,2
EVT-000297,CLI-00379,2025-01-15,login,1
EVT-000298,CLI-00379,2025-01-15,uso_feature,3
EVT-000299,CLI-00391,2025-01-15,descarga_reporte,5
EVT-000300,CLI-00399,2025-01-15,login,1
EVT-000301,CLI-00410,2025-01-15,descarga_reporte,5
EVT-000302,CLI-00448,2025-01-15,login,1
EVT-000303,CLI-00475,2025-01-15,descarga_reporte,5
EVT-000304,CLI-00475,2025-01-15,login,2
EVT-000305,CLI-00485,2025-01-15,uso_feature,3
EVT-000306,CLI-00506,2025-01-15,invitacion_usuario,8
EVT-000307,CLI-00036,2025-01-16,login,2
EVT-000308,CLI-00039,2025-01-16,login,1
EVT-000309,CLI-00081,2025-01-16,login,1
EVT-000310,CLI-00107,2025-01-16,descarga_reporte,6
EVT-000311,CLI-00117,2025-01-16,uso_feature,3
EVT-000312,CLI-00131,2025-01-16,login,1
EVT-000313,CLI-00136,2025-01-16,login,1
EVT-000314,CLI-00139,2025-01-16,uso_feature,3
EVT-000315,CLI-00163,2025-01-16,login,1
EVT-000316,CLI-00164,2025-01-16,login,2
EVT-000317,CLI-00200,2025-01-16,invitacion_usuario,8
EVT-000318,CLI-00272,2025-01-16,login,2
EVT-000319,CLI-00290,2025-01-16,uso_feature,3
EVT-000320,CLI-00337,2025-01-16,login,1
EVT-000321,CLI-00376,2025-01-16,login,1
EVT-000322,CLI-00382,2025-01-16,login,1
EVT-000323,CLI-00390,2025-01-16,uso_feature,4
EVT-000324,CLI-00396,2025-01-16,uso_feature,4
EVT-000325,CLI-00424,2025-01-16,uso_feature,4
EVT-000326,CLI-00452,2025-01-16,login,1
EVT-000327,CLI-00457,2025-01-16,login,1
EVT-000328,CLI-00485,2025-01-16,uso_feature,3
EVT-000329,CLI-00487,2025-01-16,login,1
EVT-000330,CLI-00490,2025-01-16,invitacion_usuario,8
EVT-000331,CLI-00492,2025-01-16,login,2
EVT-000332,CLI-00496,2025-01-16,login,1
EVT-000333,CLI-00009,2025-01-17,login,1
EVT-000334,CLI-00018,2025-01-17,descarga_reporte,5
EVT-000335,CLI-00045,2025-01-17,login,1
EVT-000336,CLI-00107,2025-01-17,login,2
EVT-000337,CLI-00123,2025-01-17,uso_feature,3
EVT-000338,CLI-00144,2025-01-17,login,1
EVT-000339,CLI-00148,2025-01-17,login,1
EVT-000340,CLI-00200,2025-01-17,uso_feature,3
EVT-000341,CLI-00216,2025-01-17,login,1
EVT-000342,CLI-00388,2025-01-17,uso_feature,3
EVT-000343,CLI-00393,2025-01-17,login,2
EVT-000344,CLI-00411,2025-01-17,login,2
EVT-000345,CLI-00424,2025-01-17,uso_feature,3
EVT-000346,CLI-00446,2025-01-17,login,1
EVT-000347,CLI-00448,2025-01-17,uso_feature,3
EVT-000348,CLI-00457,2025-01-17,uso_feature,3
EVT-000349,CLI-00458,2025-01-17,login,1
EVT-000350,CLI-00469,2025-01-17,login,1
EVT-000351,CLI-00484,2025-01-17,login,2
EVT-000352,CLI-00501,2025-01-17,uso_feature,4
EVT-000353,CLI-00027,2025-01-18,login,2
EVT-000354,CLI-00029,2025-01-18,uso_feature,3
EVT-000355,CLI-00088,2025-01-18,login,2
EVT-000356,CLI-00108,2025-01-18,uso_feature,4
EVT-000357,CLI-00115,2025-01-18,descarga_reporte,6
EVT-000358,CLI-00135,2025-01-18,uso_feature,3
EVT-000359,CLI-00149,2025-01-18,login,1
EVT-000360,CLI-00153,2025-01-18,login,2
EVT-000361,CLI-00163,2025-01-18,login,1
EVT-000362,CLI-00188,2025-01-18,login,1
EVT-000363,CLI-00195,2025-01-18,login,2
EVT-000364,CLI-00199,2025-01-18,login,2
EVT-000365,CLI-00211,2025-01-18,descarga_reporte,5
EVT-000366,CLI-00226,2025-01-18,login,2
EVT-000367,CLI-00236,2025-01-18,login,1
EVT-000368,CLI-00238,2025-01-18,login,2
EVT-000369,CLI-00341,2025-01-18,login,1
EVT-000370,CLI-00342,2025-01-18,login,2
EVT-000371,CLI-00385,2025-01-18,uso_feature,4
EVT-000372,CLI-00394,2025-01-18,login,1
EVT-000373,CLI-00399,2025-01-18,uso_feature,3
EVT-000374,CLI-00424,2025-01-18,uso_feature,3
EVT-000375,CLI-00460,2025-01-18,descarga_reporte,5
EVT-000376,CLI-00016,2025-01-19,login,1
EVT-000377,CLI-00027,2025-01-19,uso_feature,3
EVT-000378,CLI-00034,2025-01-19,login,1
EVT-000379,CLI-00034,2025-01-19,login,1
EVT-000380,CLI-00035,2025-01-19,descarga_reporte,5
EVT-000381,CLI-00045,2025-01-19,login,1
EVT-000382,CLI-00045,2025-01-19,login,2
EVT-000383,CLI-00081,2025-01-19,invitacion_usuario,9
EVT-000384,CLI-00115,2025-01-19,login,1
EVT-000385,CLI-00128,2025-01-19,descarga_reporte,5
EVT-000386,CLI-00151,2025-01-19,login,1
EVT-000387,CLI-00175,2025-01-19,uso_feature,4
EVT-000388,CLI-00189,2025-01-19,login,1
EVT-000389,CLI-00218,2025-01-19,login,2
EVT-000390,CLI-00225,2025-01-19,login,1
EVT-000391,CLI-00226,2025-01-19,descarga_reporte,5
EVT-000392,CLI-00236,2025-01-19,descarga_reporte,5
EVT-000393,CLI-00260,2025-01-19,login,1
EVT-000394,CLI-00265,2025-01-19,login,1
EVT-000395,CLI-00306,2025-01-19,uso_feature,3
EVT-000396,CLI-00333,2025-01-19,uso_feature,3
EVT-000397,CLI-00345,2025-01-19,descarga_reporte,5
EVT-000398,CLI-00382,2025-01-19,login,2
EVT-000399,CLI-00384,2025-01-19,login,2
EVT-000400,CLI-00385,2025-01-19,login,2
EVT-000401,CLI-00431,2025-01-19,uso_feature,4
EVT-000402,CLI-00452,2025-01-19,login,1
EVT-000403,CLI-00455,2025-01-19,login,1
EVT-000404,CLI-00485,2025-01-19,uso_feature,4
EVT-000405,CLI-00509,2025-01-19,login,1
EVT-000406,CLI-00009,2025-01-20,login,1
EVT-000407,CLI-00036,2025-01-20,invitacion_usuario,9
EVT-000408,CLI-00046,2025-01-20,login,1
EVT-000409,CLI-00052,2025-01-20,uso_feature,4
EVT-000410,CLI-00123,2025-01-20,descarga_reporte,6
EVT-000411,CLI-00144,2025-01-20,login,2
EVT-000412,CLI-00191,2025-01-20,login,2
EVT-000413,CLI-00210,2025-01-20,uso_feature,3
EVT-000414,CLI-00264,2025-01-20,login,1
EVT-000415,CLI-00279,2025-01-20,uso_feature,3
EVT-000416,CLI-00337,2025-01-20,login,1
EVT-000417,CLI-00379,2025-01-20,login,2
EVT-000418,CLI-00411,2025-01-20,uso_feature,3
EVT-000419,CLI-00428,2025-01-20,descarga_reporte,6
EVT-000420,CLI-00429,2025-01-20,invitacion_usuario,8
EVT-000421,CLI-00446,2025-01-20,login,2
EVT-000422,CLI-00500,2025-01-20,login,1
EVT-000423,CLI-00505,2025-01-20,login,1
EVT-000424,CLI-00123,2025-01-21,login,2
EVT-000425,CLI-00156,2025-01-21,uso_feature,4
EVT-000426,CLI-00175,2025-01-21,login,1
EVT-000427,CLI-00206,2025-01-21,login,2
EVT-000428,CLI-00240,2025-01-21,uso_feature,3
EVT-000429,CLI-00241,2025-01-21,descarga_reporte,6
EVT-000430,CLI-00265,2025-01-21,uso_feature,3
EVT-000431,CLI-00340,2025-01-21,uso_feature,3
EVT-000432,CLI-00347,2025-01-21,descarga_reporte,5
EVT-000433,CLI-00350,2025-01-21,uso_feature,3
EVT-000434,CLI-00369,2025-01-21,descarga_reporte,5
EVT-000435,CLI-00390,2025-01-21,invitacion_usuario,9
EVT-000436,CLI-00425,2025-01-21,uso_feature,3
EVT-000437,CLI-00436,2025-01-21,login,2
EVT-000438,CLI-00509,2025-01-21,login,1
EVT-000439,CLI-00073,2025-01-22,login,2
EVT-000440,CLI-00142,2025-01-22,uso_feature,3
EVT-000441,CLI-00149,2025-01-22,uso_feature,3
EVT-000442,CLI-00169,2025-01-22,descarga_reporte,5
EVT-000443,CLI-00238,2025-01-22,descarga_reporte,5
EVT-000444,CLI-00272,2025-01-22,login,1
EVT-000445,CLI-00347,2025-01-22,uso_feature,4
EVT-000446,CLI-00403,2025-01-22,uso_feature,3
EVT-000447,CLI-00404,2025-01-22,login,2
EVT-000448,CLI-00433,2025-01-22,invitacion_usuario,9
EVT-000449,CLI-00485,2025-01-22,invitacion_usuario,8
EVT-000450,CLI-00503,2025-01-22,descarga_reporte,5
EVT-000451,CLI-00027,2025-01-23,uso_feature,4
EVT-000452,CLI-00028,2025-01-23,uso_feature,3
EVT-000453,CLI-00080,2025-01-23,uso_feature,4
EVT-000454,CLI-00104,2025-01-23,uso_feature,3
EVT-000455,CLI-00157,2025-01-23,login,1
EVT-000456,CLI-00172,2025-01-23,login,1
EVT-000457,CLI-00172,2025-01-23,login,1
EVT-000458,CLI-00196,2025-01-23,uso_feature,4
EVT-000459,CLI-00241,2025-01-23,descarga_reporte,5
EVT-000460,CLI-00241,2025-01-23,login,1
EVT-000461,CLI-00279,2025-01-23,login,1
EVT-000462,CLI-00289,2025-01-23,descarga_reporte,5
EVT-000463,CLI-00315,2025-01-23,login,1
EVT-000464,CLI-00394,2025-01-23,descarga_reporte,5
EVT-000465,CLI-00403,2025-01-23,login,2
EVT-000466,CLI-00414,2025-01-23,login,1
EVT-000467,CLI-00428,2025-01-23,login,1
EVT-000468,CLI-00446,2025-01-23,uso_feature,4
EVT-000469,CLI-00455,2025-01-23,login,1
EVT-000470,CLI-00468,2025-01-23,descarga_reporte,5
EVT-000471,CLI-00004,2025-01-24,login,1
EVT-000472,CLI-00018,2025-01-24,login,2
EVT-000473,CLI-00028,2025-01-24,login,2
EVT-000474,CLI-00052,2025-01-24,login,1
EVT-000475,CLI-00058,2025-01-24,uso_feature,3
EVT-000476,CLI-00060,2025-01-24,uso_feature,3
EVT-000477,CLI-00066,2025-01-24,login,1
EVT-000478,CLI-00109,2025-01-24,uso_feature,4
EVT-000479,CLI-00157,2025-01-24,login,1
EVT-000480,CLI-00170,2025-01-24,uso_feature,3
EVT-000481,CLI-00189,2025-01-24,login,1
EVT-000482,CLI-00191,2025-01-24,login,2
EVT-000483,CLI-00195,2025-01-24,uso_feature,3
EVT-000484,CLI-00206,2025-01-24,uso_feature,3
EVT-000485,CLI-00206,2025-01-24,descarga_reporte,5
EVT-000486,CLI-00226,2025-01-24,login,2
EVT-000487,CLI-00226,2025-01-24,uso_feature,3
EVT-000488,CLI-00249,2025-01-24,login,1
EVT-000489,CLI-00272,2025-01-24,login,2
EVT-000490,CLI-00306,2025-01-24,login,1
EVT-000491,CLI-00315,2025-01-24,descarga_reporte,5
EVT-000492,CLI-00342,2025-01-24,login,1
EVT-000493,CLI-00350,2025-01-24,descarga_reporte,6
EVT-000494,CLI-00358,2025-01-24,login,1
EVT-000495,CLI-00393,2025-01-24,descarga_reporte,5
EVT-000496,CLI-00396,2025-01-24,uso_feature,4
EVT-000497,CLI-00431,2025-01-24,invitacion_usuario,9
EVT-000498,CLI-00475,2025-01-24,login,1
EVT-000499,CLI-00488,2025-01-24,login,1
EVT-000500,CLI-00004,2025-01-25,login,1
EVT-000501,CLI-00018,2025-01-25,login,1
EVT-000502,CLI-00023,2025-01-25,uso_feature,4
EVT-000503,CLI-00045,2025-01-25,login,2
EVT-000504,CLI-00046,2025-01-25,login,1
EVT-000505,CLI-00059,2025-01-25,login,1
EVT-000506,CLI-00063,2025-01-25,uso_feature,3
EVT-000507,CLI-00081,2025-01-25,descarga_reporte,6
EVT-000508,CLI-00136,2025-01-25,descarga_reporte,5
EVT-000509,CLI-00189,2025-01-25,login,1
EVT-000510,CLI-00210,2025-01-25,uso_feature,4
EVT-000511,CLI-00211,2025-01-25,uso_feature,3
EVT-000512,CLI-00306,2025-01-25,login,1
EVT-000513,CLI-00332,2025-01-25,login,2
EVT-000514,CLI-00337,2025-01-25,login,1
EVT-000515,CLI-00341,2025-01-25,login,1
EVT-000516,CLI-00359,2025-01-25,login,1
EVT-000517,CLI-00410,2025-01-25,descarga_reporte,5
EVT-000518,CLI-00425,2025-01-25,login,1
EVT-000519,CLI-00435,2025-01-25,login,2
EVT-000520,CLI-00027,2025-01-26,login,1
EVT-000521,CLI-00028,2025-01-26,login,2
EVT-000522,CLI-00028,2025-01-26,login,1
EVT-000523,CLI-00029,2025-01-26,descarga_reporte,6
EVT-000524,CLI-00055,2025-01-26,login,1
EVT-000525,CLI-00107,2025-01-26,login,2
EVT-000526,CLI-00115,2025-01-26,descarga_reporte,5
EVT-000527,CLI-00145,2025-01-26,descarga_reporte,5
EVT-000528,CLI-00145,2025-01-26,uso_feature,3
EVT-000529,CLI-00172,2025-01-26,login,1
EVT-000530,CLI-00195,2025-01-26,login,1
EVT-000531,CLI-00256,2025-01-26,login,2
EVT-000532,CLI-00275,2025-01-26,login,2
EVT-000533,CLI-00329,2025-01-26,uso_feature,4
EVT-000534,CLI-00341,2025-01-26,login,1
EVT-000535,CLI-00345,2025-01-26,uso_feature,3
EVT-000536,CLI-00358,2025-01-26,invitacion_usuario,8
EVT-000537,CLI-00359,2025-01-26,uso_feature,3
EVT-000538,CLI-00396,2025-01-26,invitacion_usuario,9
EVT-000539,CLI-00404,2025-01-26,login,2
EVT-000540,CLI-00424,2025-01-26,invitacion_usuario,9
EVT-000541,CLI-00425,2025-01-26,login,1
EVT-000542,CLI-00004,2025-01-27,invitacion_usuario,9
EVT-000543,CLI-00034,2025-01-27,uso_feature,3
EVT-000544,CLI-00039,2025-01-27,login,1
EVT-000545,CLI-00066,2025-01-27,login,2
EVT-000546,CLI-00130,2025-01-27,login,1
EVT-000547,CLI-00189,2025-01-27,login,1
EVT-000548,CLI-00203,2025-01-27,login,1
EVT-000549,CLI-00211,2025-01-27,uso_feature,3
EVT-000550,CLI-00218,2025-01-27,invitacion_usuario,9
EVT-000551,CLI-00233,2025-01-27,uso_feature,3
EVT-000552,CLI-00235,2025-01-27,login,2
EVT-000553,CLI-00249,2025-01-27,descarga_reporte,5
EVT-000554,CLI-00249,2025-01-27,uso_feature,4
EVT-000555,CLI-00257,2025-01-27,login,1
EVT-000556,CLI-00381,2025-01-27,uso_feature,3
EVT-000557,CLI-00394,2025-01-27,descarga_reporte,5
EVT-000558,CLI-00492,2025-01-27,login,1
EVT-000559,CLI-00503,2025-01-27,login,1
EVT-000560,CLI-00505,2025-01-27,descarga_reporte,5
EVT-000561,CLI-00003,2025-01-28,uso_feature,3
EVT-000562,CLI-00006,2025-01-28,login,2
EVT-000563,CLI-00027,2025-01-28,descarga_reporte,5
EVT-000564,CLI-00029,2025-01-28,login,2
EVT-000565,CLI-00041,2025-01-28,login,1
EVT-000566,CLI-00051,2025-01-28,uso_feature,3
EVT-000567,CLI-00066,2025-01-28,login,2
EVT-000568,CLI-00066,2025-01-28,uso_feature,4
EVT-000569,CLI-00073,2025-01-28,login,2
EVT-000570,CLI-00128,2025-01-28,descarga_reporte,6
EVT-000571,CLI-00149,2025-01-28,login,2
EVT-000572,CLI-00150,2025-01-28,uso_feature,3
EVT-000573,CLI-00156,2025-01-28,invitacion_usuario,9
EVT-000574,CLI-00172,2025-01-28,login,2
EVT-000575,CLI-00179,2025-01-28,uso_feature,3
EVT-000576,CLI-00196,2025-01-28,login,1
EVT-000577,CLI-00199,2025-01-28,login,2
EVT-000578,CLI-00199,2025-01-28,login,2
EVT-000579,CLI-00211,2025-01-28,uso_feature,3
EVT-000580,CLI-00233,2025-01-28,descarga_reporte,6
EVT-000581,CLI-00236,2025-01-28,uso_feature,4
EVT-000582,CLI-00359,2025-01-28,login,1
EVT-000583,CLI-00359,2025-01-28,invitacion_usuario,8
EVT-000584,CLI-00369,2025-01-28,login,1
EVT-000585,CLI-00381,2025-01-28,descarga_reporte,6
EVT-000586,CLI-00403,2025-01-28,login,1
EVT-000587,CLI-00425,2025-01-28,uso_feature,3
EVT-000588,CLI-00436,2025-01-28,uso_feature,3
EVT-000589,CLI-00437,2025-01-28,uso_feature,3
EVT-000590,CLI-00458,2025-01-28,uso_feature,4
EVT-000591,CLI-00485,2025-01-28,login,2
EVT-000592,CLI-00016,2025-02-01,uso_feature,4
EVT-000593,CLI-00016,2025-02-01,login,1
EVT-000594,CLI-00016,2025-02-01,uso_feature,3
EVT-000595,CLI-00142,2025-02-01,login,2
EVT-000596,CLI-00148,2025-02-01,login,2
EVT-000597,CLI-00151,2025-02-01,login,2
EVT-000598,CLI-00156,2025-02-01,login,1
EVT-000599,CLI-00161,2025-02-01,descarga_reporte,5
EVT-000600,CLI-00188,2025-02-01,login,1
EVT-000601,CLI-00195,2025-02-01,uso_feature,3
EVT-000602,CLI-00199,2025-02-01,login,2
EVT-000603,CLI-00228,2025-02-01,uso_feature,4
EVT-000604,CLI-00247,2025-02-01,login,2
EVT-000605,CLI-00260,2025-02-01,login,2
EVT-000606,CLI-00365,2025-02-01,login,1
EVT-000607,CLI-00379,2025-02-01,login,1
EVT-000608,CLI-00398,2025-02-01,uso_feature,4
EVT-000609,CLI-00435,2025-02-01,uso_feature,3
EVT-000610,CLI-00437,2025-02-01,uso_feature,4
EVT-000611,CLI-00446,2025-02-01,descarga_reporte,5
EVT-000612,CLI-00453,2025-02-01,login,1
EVT-000613,CLI-00490,2025-02-01,login,1
EVT-000614,CLI-00503,2025-02-01,login,1
EVT-000615,CLI-00505,2025-02-01,descarga_reporte,5
EVT-000616,CLI-00054,2025-02-02,login,1
EVT-000617,CLI-00063,2025-02-02,uso_feature,3
EVT-000618,CLI-00115,2025-02-02,uso_feature,3
EVT-000619,CLI-00135,2025-02-02,login,1
EVT-000620,CLI-00142,2025-02-02,login,2
EVT-000621,CLI-00211,2025-02-02,uso_feature,3
EVT-000622,CLI-00240,2025-02-02,login,1
EVT-000623,CLI-00290,2025-02-02,descarga_reporte,6
EVT-000624,CLI-00325,2025-02-02,login,1
EVT-000625,CLI-00345,2025-02-02,descarga_reporte,5
EVT-000626,CLI-00349,2025-02-02,uso_feature,4
EVT-000627,CLI-00404,2025-02-02,login,2
EVT-000628,CLI-00416,2025-02-02,login,2
EVT-000629,CLI-00424,2025-02-02,login,1
EVT-000630,CLI-00429,2025-02-02,login,2
EVT-000631,CLI-00457,2025-02-02,login,2
EVT-000632,CLI-00469,2025-02-02,invitacion_usuario,9
EVT-000633,CLI-00485,2025-02-02,login,1
EVT-000634,CLI-00028,2025-02-03,login,1
EVT-000635,CLI-00032,2025-02-03,descarga_reporte,6
EVT-000636,CLI-00036,2025-02-03,login,1
EVT-000637,CLI-00054,2025-02-03,login,2
EVT-000638,CLI-00081,2025-02-03,login,2
EVT-000639,CLI-00088,2025-02-03,uso_feature,3
EVT-000640,CLI-00173,2025-02-03,uso_feature,3
EVT-000641,CLI-00175,2025-02-03,login,1
EVT-000642,CLI-00200,2025-02-03,login,1
EVT-000643,CLI-00200,2025-02-03,login,2
EVT-000644,CLI-00211,2025-02-03,uso_feature,4
EVT-000645,CLI-00341,2025-02-03,login,1
EVT-000646,CLI-00369,2025-02-03,login,1
EVT-000647,CLI-00369,2025-02-03,login,2
EVT-000648,CLI-00376,2025-02-03,descarga_reporte,5
EVT-000649,CLI-00410,2025-02-03,login,1
EVT-000650,CLI-00469,2025-02-03,uso_feature,3
EVT-000651,CLI-00004,2025-02-04,login,2
EVT-000652,CLI-00041,2025-02-04,login,1
EVT-000653,CLI-00055,2025-02-04,login,2
EVT-000654,CLI-00066,2025-02-04,login,2
EVT-000655,CLI-00081,2025-02-04,login,1
EVT-000656,CLI-00131,2025-02-04,uso_feature,4
EVT-000657,CLI-00153,2025-02-04,uso_feature,3
EVT-000658,CLI-00175,2025-02-04,uso_feature,3
EVT-000659,CLI-00195,2025-02-04,login,1
EVT-000660,CLI-00228,2025-02-04,login,2
EVT-000661,CLI-00256,2025-02-04,uso_feature,3
EVT-000662,CLI-00279,2025-02-04,login,2
EVT-000663,CLI-00289,2025-02-04,uso_feature,3
EVT-000664,CLI-00334,2025-02-04,login,2
EVT-000665,CLI-00343,2025-02-04,descarga_reporte,5
EVT-000666,CLI-00354,2025-02-04,uso_feature,3
EVT-000667,CLI-00358,2025-02-04,login,2
EVT-000668,CLI-00398,2025-02-04,login,2
EVT-000669,CLI-00433,2025-02-04,login,1
EVT-000670,CLI-00443,2025-02-04,descarga_reporte,5
EVT-000671,CLI-00455,2025-02-04,uso_feature,4
EVT-000672,CLI-00039,2025-02-05,descarga_reporte,6
EVT-000673,CLI-00045,2025-02-05,descarga_reporte,6
EVT-000674,CLI-00052,2025-02-05,uso_feature,4
EVT-000675,CLI-00052,2025-02-05,uso_feature,3
EVT-000676,CLI-00106,2025-02-05,login,1
EVT-000677,CLI-00135,2025-02-05,login,1
EVT-000678,CLI-00164,2025-02-05,login,1
EVT-000679,CLI-00170,2025-02-05,login,2
EVT-000680,CLI-00195,2025-02-05,login,1
EVT-000681,CLI-00203,2025-02-05,login,1
EVT-000682,CLI-00256,2025-02-05,login,2
EVT-000683,CLI-00271,2025-02-05,login,1
EVT-000684,CLI-00337,2025-02-05,login,2
EVT-000685,CLI-00437,2025-02-05,invitacion_usuario,8
EVT-000686,CLI-00485,2025-02-05,descarga_reporte,5
EVT-000687,CLI-00488,2025-02-05,descarga_reporte,5
EVT-000688,CLI-00004,2025-02-06,login,1
EVT-000689,CLI-00006,2025-02-06,invitacion_usuario,8
EVT-000690,CLI-00045,2025-02-06,invitacion_usuario,8
EVT-000691,CLI-00046,2025-02-06,descarga_reporte,5
EVT-000692,CLI-00052,2025-02-06,uso_feature,3
EVT-000693,CLI-00058,2025-02-06,login,1
EVT-000694,CLI-00066,2025-02-06,uso_feature,3
EVT-000695,CLI-00070,2025-02-06,login,1
EVT-000696,CLI-00104,2025-02-06,login,2
EVT-000697,CLI-00117,2025-02-06,login,2
EVT-000698,CLI-00117,2025-02-06,uso_feature,4
EVT-000699,CLI-00136,2025-02-06,descarga_reporte,5
EVT-000700,CLI-00164,2025-02-06,uso_feature,3
EVT-000701,CLI-00235,2025-02-06,uso_feature,4
EVT-000702,CLI-00247,2025-02-06,login,1
EVT-000703,CLI-00257,2025-02-06,login,2
EVT-000704,CLI-00315,2025-02-06,login,1
EVT-000705,CLI-00329,2025-02-06,invitacion_usuario,9
EVT-000706,CLI-00337,2025-02-06,invitacion_usuario,8
EVT-000707,CLI-00394,2025-02-06,descarga_reporte,5
EVT-000708,CLI-00429,2025-02-06,uso_feature,3
EVT-000709,CLI-00443,2025-02-06,login,1
EVT-000710,CLI-00460,2025-02-06,uso_feature,4
EVT-000711,CLI-00496,2025-02-06,uso_feature,3
EVT-000712,CLI-00503,2025-02-06,login,1
EVT-000713,CLI-00509,2025-02-06,uso_feature,3
EVT-000714,CLI-00051,2025-02-07,login,2
EVT-000715,CLI-00123,2025-02-07,login,2
EVT-000716,CLI-00150,2025-02-07,login,1
EVT-000717,CLI-00169,2025-02-07,login,1
EVT-000718,CLI-00191,2025-02-07,login,1
EVT-000719,CLI-00228,2025-02-07,login,1
EVT-000720,CLI-00241,2025-02-07,login,1
EVT-000721,CLI-00264,2025-02-07,uso_feature,4
EVT-000722,CLI-00339,2025-02-07,login,1
EVT-000723,CLI-00350,2025-02-07,login,1
EVT-000724,CLI-00385,2025-02-07,login,2
EVT-000725,CLI-00428,2025-02-07,uso_feature,3
EVT-000726,CLI-00433,2025-02-07,login,1
EVT-000727,CLI-00448,2025-02-07,descarga_reporte,6
EVT-000728,CLI-00500,2025-02-07,login,1
EVT-000729,CLI-00003,2025-02-08,login,1
EVT-000730,CLI-00004,2025-02-08,descarga_reporte,5
EVT-000731,CLI-00032,2025-02-08,uso_feature,3
EVT-000732,CLI-00054,2025-02-08,login,1
EVT-000733,CLI-00107,2025-02-08,descarga_reporte,5
EVT-000734,CLI-00200,2025-02-08,uso_feature,4
EVT-000735,CLI-00428,2025-02-08,uso_feature,3
EVT-000736,CLI-00443,2025-02-08,uso_feature,4
EVT-000737,CLI-00004,2025-02-09,descarga_reporte,6
EVT-000738,CLI-00043,2025-02-09,descarga_reporte,5
EVT-000739,CLI-00055,2025-02-09,descarga_reporte,6
EVT-000740,CLI-00081,2025-02-09,login,1
EVT-000741,CLI-00081,2025-02-09,descarga_reporte,5
EVT-000742,CLI-00090,2025-02-09,login,1
EVT-000743,CLI-00115,2025-02-09,uso_feature,3
EVT-000744,CLI-00135,2025-02-09,login,2
EVT-000745,CLI-00200,2025-02-09,uso_feature,3
EVT-000746,CLI-00203,2025-02-09,login,1
EVT-000747,CLI-00240,2025-02-09,uso_feature,4
EVT-000748,CLI-00256,2025-02-09,descarga_reporte,6
EVT-000749,CLI-00272,2025-02-09,login,1
EVT-000750,CLI-00275,2025-02-09,uso_feature,4
EVT-000751,CLI-00367,2025-02-09,login,2
EVT-000752,CLI-00376,2025-02-09,uso_feature,3
EVT-000753,CLI-00379,2025-02-09,login,1
EVT-000754,CLI-00399,2025-02-09,login,1
EVT-000755,CLI-00412,2025-02-09,login,1
EVT-000756,CLI-00428,2025-02-09,uso_feature,3
EVT-000757,CLI-00503,2025-02-09,uso_feature,4
EVT-000758,CLI-00505,2025-02-09,uso_feature,3
EVT-000759,CLI-00505,2025-02-09,login,1
EVT-000760,CLI-00035,2025-02-10,login,1
EVT-000761,CLI-00058,2025-02-10,login,1
EVT-000762,CLI-00115,2025-02-10,descarga_reporte,5
EVT-000763,CLI-00131,2025-02-10,login,1
EVT-000764,CLI-00144,2025-02-10,descarga_reporte,5
EVT-000765,CLI-00170,2025-02-10,login,1
EVT-000766,CLI-00236,2025-02-10,descarga_reporte,5
EVT-000767,CLI-00238,2025-02-10,descarga_reporte,5
EVT-000768,CLI-00247,2025-02-10,login,1
EVT-000769,CLI-00257,2025-02-10,uso_feature,3
EVT-000770,CLI-00289,2025-02-10,invitacion_usuario,8
EVT-000771,CLI-00289,2025-02-10,uso_feature,3
EVT-000772,CLI-00334,2025-02-10,login,2
EVT-000773,CLI-00337,2025-02-10,uso_feature,3
EVT-000774,CLI-00345,2025-02-10,login,1
EVT-000775,CLI-00350,2025-02-10,descarga_reporte,5
EVT-000776,CLI-00399,2025-02-10,login,1
EVT-000777,CLI-00443,2025-02-10,invitacion_usuario,8
EVT-000778,CLI-00453,2025-02-10,login,1
EVT-000779,CLI-00505,2025-02-10,login,1
EVT-000780,CLI-00506,2025-02-10,descarga_reporte,5
EVT-000781,CLI-00006,2025-02-11,uso_feature,3
EVT-000782,CLI-00088,2025-02-11,descarga_reporte,5
EVT-000783,CLI-00128,2025-02-11,uso_feature,3
EVT-000784,CLI-00148,2025-02-11,descarga_reporte,5
EVT-000785,CLI-00163,2025-02-11,uso_feature,4
EVT-000786,CLI-00173,2025-02-11,login,2
EVT-000787,CLI-00210,2025-02-11,login,2
EVT-000788,CLI-00228,2025-02-11,uso_feature,3
EVT-000789,CLI-00233,2025-02-11,login,1
EVT-000790,CLI-00264,2025-02-11,login,1
EVT-000791,CLI-00341,2025-02-11,login,2
EVT-000792,CLI-00365,2025-02-11,login,1
EVT-000793,CLI-00369,2025-02-11,login,1
EVT-000794,CLI-00381,2025-02-11,uso_feature,3
EVT-000795,CLI-00382,2025-02-11,uso_feature,3
EVT-000796,CLI-00425,2025-02-11,login,1
EVT-000797,CLI-00440,2025-02-11,uso_feature,3
EVT-000798,CLI-00509,2025-02-11,descarga_reporte,5
EVT-000799,CLI-00016,2025-02-12,login,1
EVT-000800,CLI-00023,2025-02-12,login,1
EVT-000801,CLI-00029,2025-02-12,login,1
EVT-000802,CLI-00034,2025-02-12,descarga_reporte,5
EVT-000803,CLI-00043,2025-02-12,uso_feature,3
EVT-000804,CLI-00088,2025-02-12,descarga_reporte,5
EVT-000805,CLI-00096,2025-02-12,login,2
EVT-000806,CLI-00144,2025-02-12,login,1
EVT-000807,CLI-00144,2025-02-12,descarga_reporte,6
EVT-000808,CLI-00148,2025-02-12,login,1
EVT-000809,CLI-00153,2025-02-12,login,2
EVT-000810,CLI-00206,2025-02-12,login,2
EVT-000811,CLI-00225,2025-02-12,login,2
EVT-000812,CLI-00236,2025-02-12,login,2
EVT-000813,CLI-00342,2025-02-12,login,2
EVT-000814,CLI-00343,2025-02-12,login,1
EVT-000815,CLI-00350,2025-02-12,descarga_reporte,6
EVT-000816,CLI-00365,2025-02-12,login,1
EVT-000817,CLI-00367,2025-02-12,descarga_reporte,5
EVT-000818,CLI-00396,2025-02-12,uso_feature,4
EVT-000819,CLI-00403,2025-02-12,invitacion_usuario,9
EVT-000820,CLI-00414,2025-02-12,uso_feature,3
EVT-000821,CLI-00429,2025-02-12,uso_feature,3
EVT-000822,CLI-00457,2025-02-12,uso_feature,4
EVT-000823,CLI-00469,2025-02-12,login,1
EVT-000824,CLI-00475,2025-02-12,uso_feature,3
EVT-000825,CLI-00485,2025-02-12,descarga_reporte,5
EVT-000826,CLI-00058,2025-02-13,descarga_reporte,5
EVT-000827,CLI-00109,2025-02-13,login,1
EVT-000828,CLI-00139,2025-02-13,descarga_reporte,6
EVT-000829,CLI-00161,2025-02-13,login,2
EVT-000830,CLI-00242,2025-02-13,uso_feature,3
EVT-000831,CLI-00249,2025-02-13,login,1
EVT-000832,CLI-00264,2025-02-13,invitacion_usuario,9
EVT-000833,CLI-00332,2025-02-13,uso_feature,3
EVT-000834,CLI-00345,2025-02-13,login,2
EVT-000835,CLI-00388,2025-02-13,login,1
EVT-000836,CLI-00390,2025-02-13,login,1
EVT-000837,CLI-00431,2025-02-13,descarga_reporte,5
EVT-000838,CLI-00440,2025-02-13,login,2
EVT-000839,CLI-00446,2025-02-13,login,1
EVT-000840,CLI-00448,2025-02-13,descarga_reporte,5
EVT-000841,CLI-00460,2025-02-13,login,2
EVT-000842,CLI-00492,2025-02-13,invitacion_usuario,9
EVT-000843,CLI-00036,2025-02-14,login,1
EVT-000844,CLI-00041,2025-02-14,login,2
EVT-000845,CLI-00073,2025-02-14,invitacion_usuario,8
EVT-000846,CLI-00109,2025-02-14,invitacion_usuario,8
EVT-000847,CLI-00123,2025-02-14,login,1
EVT-000848,CLI-00142,2025-02-14,descarga_reporte,6
EVT-000849,CLI-00142,2025-02-14,login,2
EVT-000850,CLI-00179,2025-02-14,login,1
EVT-000851,CLI-00218,2025-02-14,uso_feature,4
EVT-000852,CLI-00226,2025-02-14,descarga_reporte,5
EVT-000853,CLI-00271,2025-02-14,descarga_reporte,5
EVT-000854,CLI-00333,2025-02-14,uso_feature,3
EVT-000855,CLI-00340,2025-02-14,invitacion_usuario,9
EVT-000856,CLI-00345,2025-02-14,login,2
EVT-000857,CLI-00347,2025-02-14,uso_feature,3
EVT-000858,CLI-00399,2025-02-14,descarga_reporte,6
EVT-000859,CLI-00411,2025-02-14,uso_feature,3
EVT-000860,CLI-00446,2025-02-14,login,1
EVT-000861,CLI-00452,2025-02-14,login,1
EVT-000862,CLI-00490,2025-02-14,uso_feature,3
EVT-000863,CLI-00500,2025-02-14,login,1
EVT-000864,CLI-00503,2025-02-14,uso_feature,4
EVT-000865,CLI-00139,2025-02-15,login,1
EVT-000866,CLI-00153,2025-02-15,login,1
EVT-000867,CLI-00157,2025-02-15,login,1
EVT-000868,CLI-00191,2025-02-15,invitacion_usuario,8
EVT-000869,CLI-00210,2025-02-15,uso_feature,4
EVT-000870,CLI-00225,2025-02-15,login,1
EVT-000871,CLI-00236,2025-02-15,login,1
EVT-000872,CLI-00238,2025-02-15,login,2
EVT-000873,CLI-00332,2025-02-15,descarga_reporte,5
EVT-000874,CLI-00333,2025-02-15,login,1
EVT-000875,CLI-00334,2025-02-15,login,1
EVT-000876,CLI-00347,2025-02-15,uso_feature,4
EVT-000877,CLI-00353,2025-02-15,uso_feature,3
EVT-000878,CLI-00404,2025-02-15,login,1
EVT-000879,CLI-00443,2025-02-15,uso_feature,4
EVT-000880,CLI-00455,2025-02-15,login,2
EVT-000881,CLI-00457,2025-02-15,login,1
EVT-000882,CLI-00468,2025-02-15,login,1
EVT-000883,CLI-00492,2025-02-15,login,2
EVT-000884,CLI-00009,2025-02-16,descarga_reporte,6
EVT-000885,CLI-00036,2025-02-16,login,1
EVT-000886,CLI-00041,2025-02-16,login,1
EVT-000887,CLI-00084,2025-02-16,descarga_reporte,5
EVT-000888,CLI-00084,2025-02-16,login,1
EVT-000889,CLI-00088,2025-02-16,descarga_reporte,6
EVT-000890,CLI-00130,2025-02-16,login,1
EVT-000891,CLI-00156,2025-02-16,uso_feature,4
EVT-000892,CLI-00191,2025-02-16,login,2
EVT-000893,CLI-00196,2025-02-16,login,1
EVT-000894,CLI-00203,2025-02-16,login,2
EVT-000895,CLI-00210,2025-02-16,login,1
EVT-000896,CLI-00241,2025-02-16,uso_feature,4
EVT-000897,CLI-00248,2025-02-16,invitacion_usuario,8
EVT-000898,CLI-00290,2025-02-16,login,1
EVT-000899,CLI-00332,2025-02-16,invitacion_usuario,9
EVT-000900,CLI-00340,2025-02-16,login,1
EVT-000901,CLI-00342,2025-02-16,login,1
EVT-000902,CLI-00381,2025-02-16,login,1
EVT-000903,CLI-00382,2025-02-16,login,1
EVT-000904,CLI-00384,2025-02-16,descarga_reporte,6
EVT-000905,CLI-00398,2025-02-16,login,1
EVT-000906,CLI-00424,2025-02-16,login,2
EVT-000907,CLI-00435,2025-02-16,login,2
EVT-000908,CLI-00027,2025-02-17,login,2
EVT-000909,CLI-00034,2025-02-17,descarga_reporte,5
EVT-000910,CLI-00043,2025-02-17,uso_feature,3
EVT-000911,CLI-00045,2025-02-17,uso_feature,3
EVT-000912,CLI-00046,2025-02-17,login,1
EVT-000913,CLI-00073,2025-02-17,login,1
EVT-000914,CLI-00107,2025-02-17,descarga_reporte,5
EVT-000915,CLI-00163,2025-02-17,descarga_reporte,6
EVT-000916,CLI-00164,2025-02-17,uso_feature,3
EVT-000917,CLI-00203,2025-02-17,descarga_reporte,5
EVT-000918,CLI-00238,2025-02-17,login,1
EVT-000919,CLI-00257,2025-02-17,invitacion_usuario,8
EVT-000920,CLI-00289,2025-02-17,descarga_reporte,5
EVT-000921,CLI-00290,2025-02-17,descarga_reporte,5
EVT-000922,CLI-00334,2025-02-17,uso_feature,4
EVT-000923,CLI-00341,2025-02-17,login,1
EVT-000924,CLI-00344,2025-02-17,login,2
EVT-000925,CLI-00353,2025-02-17,uso_feature,3
EVT-000926,CLI-00359,2025-02-17,login,1
EVT-000927,CLI-00359,2025-02-17,uso_feature,3
EVT-000928,CLI-00365,2025-02-17,login,2
EVT-000929,CLI-00411,2025-02-17,login,1
EVT-000930,CLI-00428,2025-02-17,login,1
EVT-000931,CLI-00435,2025-02-17,login,1
EVT-000932,CLI-00436,2025-02-17,login,1
EVT-000933,CLI-00448,2025-02-17,login,1
EVT-000934,CLI-00453,2025-02-17,login,1
EVT-000935,CLI-00501,2025-02-17,login,2
EVT-000936,CLI-00045,2025-02-18,uso_feature,3
EVT-000937,CLI-00073,2025-02-18,uso_feature,3
EVT-000938,CLI-00161,2025-02-18,login,1
EVT-000939,CLI-00172,2025-02-18,descarga_reporte,6
EVT-000940,CLI-00189,2025-02-18,uso_feature,3
EVT-000941,CLI-00337,2025-02-18,descarga_reporte,5
EVT-000942,CLI-00353,2025-02-18,uso_feature,3
EVT-000943,CLI-00354,2025-02-18,login,1
EVT-000944,CLI-00414,2025-02-18,login,1
EVT-000945,CLI-00425,2025-02-18,login,1
EVT-000946,CLI-00448,2025-02-18,descarga_reporte,6
EVT-000947,CLI-00460,2025-02-18,login,1
EVT-000948,CLI-00492,2025-02-18,login,1
EVT-000949,CLI-00509,2025-02-18,login,1
EVT-000950,CLI-00018,2025-02-19,uso_feature,4
EVT-000951,CLI-00023,2025-02-19,uso_feature,4
EVT-000952,CLI-00073,2025-02-19,uso_feature,3
EVT-000953,CLI-00108,2025-02-19,login,1
EVT-000954,CLI-00199,2025-02-19,uso_feature,3
EVT-000955,CLI-00257,2025-02-19,descarga_reporte,5
EVT-000956,CLI-00367,2025-02-19,descarga_reporte,5
EVT-000957,CLI-00384,2025-02-19,login,1
EVT-000958,CLI-00412,2025-02-19,login,1
EVT-000959,CLI-00414,2025-02-19,invitacion_usuario,9
EVT-000960,CLI-00503,2025-02-19,invitacion_usuario,8
EVT-000961,CLI-00509,2025-02-19,uso_feature,4
EVT-000962,CLI-00009,2025-02-20,login,1
EVT-000963,CLI-00032,2025-02-20,login,1
EVT-000964,CLI-00035,2025-02-20,uso_feature,3
EVT-000965,CLI-00145,2025-02-20,login,1
EVT-000966,CLI-00163,2025-02-20,login,2
EVT-000967,CLI-00189,2025-02-20,login,2
EVT-000968,CLI-00195,2025-02-20,uso_feature,3
EVT-000969,CLI-00218,2025-02-20,login,1
EVT-000970,CLI-00236,2025-02-20,uso_feature,3
EVT-000971,CLI-00238,2025-02-20,login,1
EVT-000972,CLI-00249,2025-02-20,login,1
EVT-000973,CLI-00265,2025-02-20,uso_feature,3
EVT-000974,CLI-00306,2025-02-20,uso_feature,4
EVT-000975,CLI-00329,2025-02-20,login,1
EVT-000976,CLI-00359,2025-02-20,login,1
EVT-000977,CLI-00391,2025-02-20,login,2
EVT-000978,CLI-00412,2025-02-20,uso_feature,3
EVT-000979,CLI-00435,2025-02-20,uso_feature,3
EVT-000980,CLI-00437,2025-02-20,uso_feature,3
EVT-000981,CLI-00440,2025-02-20,descarga_reporte,5
EVT-000982,CLI-00501,2025-02-20,descarga_reporte,5
EVT-000983,CLI-00505,2025-02-20,descarga_reporte,5
EVT-000984,CLI-00018,2025-02-21,descarga_reporte,6
EVT-000985,CLI-00035,2025-02-21,uso_feature,4
EVT-000986,CLI-00041,2025-02-21,login,1
EVT-000987,CLI-00047,2025-02-21,descarga_reporte,5
EVT-000988,CLI-00060,2025-02-21,login,1
EVT-000989,CLI-00063,2025-02-21,login,2
EVT-000990,CLI-00073,2025-02-21,login,2
EVT-000991,CLI-00226,2025-02-21,login,1
EVT-000992,CLI-00256,2025-02-21,login,1
EVT-000993,CLI-00290,2025-02-21,uso_feature,4
EVT-000994,CLI-00317,2025-02-21,uso_feature,3
EVT-000995,CLI-00349,2025-02-21,login,2
EVT-000996,CLI-00350,2025-02-21,login,1
EVT-000997,CLI-00353,2025-02-21,descarga_reporte,5
EVT-000998,CLI-00354,2025-02-21,login,2
EVT-000999,CLI-00391,2025-02-21,uso_feature,4
EVT-001000,CLI-00394,2025-02-21,login,2
EVT-001001,CLI-00403,2025-02-21,login,1
EVT-001002,CLI-00425,2025-02-21,uso_feature,3
EVT-001003,CLI-00440,2025-02-21,login,2
EVT-001004,CLI-00452,2025-02-21,invitacion_usuario,8
EVT-001005,CLI-00487,2025-02-21,login,2
EVT-001006,CLI-00032,2025-02-22,login,1
EVT-001007,CLI-00047,2025-02-22,login,2
EVT-001008,CLI-00070,2025-02-22,login,1
EVT-001009,CLI-00097,2025-02-22,login,2
EVT-001010,CLI-00130,2025-02-22,login,1
EVT-001011,CLI-00139,2025-02-22,login,1
EVT-001012,CLI-00149,2025-02-22,uso_feature,3
EVT-001013,CLI-00157,2025-02-22,invitacion_usuario,9
EVT-001014,CLI-00200,2025-02-22,login,1
EVT-001015,CLI-00206,2025-02-22,uso_feature,3
EVT-001016,CLI-00211,2025-02-22,login,1
EVT-001017,CLI-00211,2025-02-22,login,1
EVT-001018,CLI-00218,2025-02-22,login,1
EVT-001019,CLI-00228,2025-02-22,login,2
EVT-001020,CLI-00353,2025-02-22,login,1
EVT-001021,CLI-00359,2025-02-22,login,1
EVT-001022,CLI-00382,2025-02-22,uso_feature,3
EVT-001023,CLI-00393,2025-02-22,login,2
EVT-001024,CLI-00399,2025-02-22,login,2
EVT-001025,CLI-00411,2025-02-22,uso_feature,3
EVT-001026,CLI-00452,2025-02-22,login,1
EVT-001027,CLI-00484,2025-02-22,uso_feature,3
EVT-001028,CLI-00004,2025-02-23,login,2
EVT-001029,CLI-00018,2025-02-23,login,1
EVT-001030,CLI-00047,2025-02-23,login,2
EVT-001031,CLI-00117,2025-02-23,uso_feature,4
EVT-001032,CLI-00123,2025-02-23,login,1
EVT-001033,CLI-00131,2025-02-23,uso_feature,4
EVT-001034,CLI-00145,2025-02-23,login,2
EVT-001035,CLI-00179,2025-02-23,uso_feature,3
EVT-001036,CLI-00188,2025-02-23,login,1
EVT-001037,CLI-00203,2025-02-23,login,1
EVT-001038,CLI-00204,2025-02-23,uso_feature,4
EVT-001039,CLI-00218,2025-02-23,descarga_reporte,6
EVT-001040,CLI-00225,2025-02-23,login,2
EVT-001041,CLI-00226,2025-02-23,login,1
EVT-001042,CLI-00233,2025-02-23,uso_feature,4
EVT-001043,CLI-00391,2025-02-23,login,1
EVT-001044,CLI-00394,2025-02-23,uso_feature,3
EVT-001045,CLI-00492,2025-02-23,login,1
EVT-001046,CLI-00506,2025-02-23,login,2
EVT-001047,CLI-00023,2025-02-24,login,1
EVT-001048,CLI-00032,2025-02-24,uso_feature,3
EVT-001049,CLI-00054,2025-02-24,login,1
EVT-001050,CLI-00080,2025-02-24,uso_feature,4
EVT-001051,CLI-00090,2025-02-24,login,1
EVT-001052,CLI-00090,2025-02-24,login,1
EVT-001053,CLI-00097,2025-02-24,uso_feature,3
EVT-001054,CLI-00109,2025-02-24,login,2
EVT-001055,CLI-00115,2025-02-24,descarga_reporte,6
EVT-001056,CLI-00123,2025-02-24,uso_feature,3
EVT-001057,CLI-00148,2025-02-24,descarga_reporte,6
EVT-001058,CLI-00157,2025-02-24,uso_feature,4
EVT-001059,CLI-00199,2025-02-24,uso_feature,3
EVT-001060,CLI-00206,2025-02-24,descarga_reporte,5
EVT-001061,CLI-00260,2025-02-24,login,1
EVT-001062,CLI-00272,2025-02-24,uso_feature,4
EVT-001063,CLI-00289,2025-02-24,login,1
EVT-001064,CLI-00342,2025-02-24,login,1
EVT-001065,CLI-00358,2025-02-24,uso_feature,4
EVT-001066,CLI-00365,2025-02-24,descarga_reporte,5
EVT-001067,CLI-00458,2025-02-24,invitacion_usuario,8
EVT-001068,CLI-00496,2025-02-24,login,2
EVT-001069,CLI-00016,2025-02-25,login,1
EVT-001070,CLI-00046,2025-02-25,uso_feature,4
EVT-001071,CLI-00148,2025-02-25,login,2
EVT-001072,CLI-00157,2025-02-25,uso_feature,3
EVT-001073,CLI-00175,2025-02-25,login,2
EVT-001074,CLI-00179,2025-02-25,descarga_reporte,5
EVT-001075,CLI-00218,2025-02-25,uso_feature,3
EVT-001076,CLI-00247,2025-02-25,uso_feature,3
EVT-001077,CLI-00354,2025-02-25,login,1
EVT-001078,CLI-00359,2025-02-25,uso_feature,3
EVT-001079,CLI-00404,2025-02-25,login,1
EVT-001080,CLI-00429,2025-02-25,uso_feature,3
EVT-001081,CLI-00437,2025-02-25,login,1
EVT-001082,CLI-00460,2025-02-25,login,1
EVT-001083,CLI-00496,2025-02-25,login,1
EVT-001084,CLI-00506,2025-02-25,login,1
EVT-001085,CLI-00058,2025-02-26,login,1
EVT-001086,CLI-00070,2025-02-26,login,1
EVT-001087,CLI-00070,2025-02-26,login,2
EVT-001088,CLI-00070,2025-02-26,uso_feature,3
EVT-001089,CLI-00104,2025-02-26,descarga_reporte,6
EVT-001090,CLI-00115,2025-02-26,uso_feature,4
EVT-001091,CLI-00149,2025-02-26,login,2
EVT-001092,CLI-00153,2025-02-26,login,2
EVT-001093,CLI-00164,2025-02-26,uso_feature,4
EVT-001094,CLI-00173,2025-02-26,login,1
EVT-001095,CLI-00195,2025-02-26,uso_feature,3
EVT-001096,CLI-00210,2025-02-26,login,1
EVT-001097,CLI-00216,2025-02-26,login,2
EVT-001098,CLI-00241,2025-02-26,uso_feature,3
EVT-001099,CLI-00247,2025-02-26,login,1
EVT-001100,CLI-00256,2025-02-26,descarga_reporte,5
EVT-001101,CLI-00334,2025-02-26,login,1
EVT-001102,CLI-00367,2025-02-26,login,1
EVT-001103,CLI-00379,2025-02-26,uso_feature,4
EVT-001104,CLI-00404,2025-02-26,uso_feature,4
EVT-001105,CLI-00440,2025-02-26,uso_feature,3
EVT-001106,CLI-00448,2025-02-26,uso_feature,3
EVT-001107,CLI-00452,2025-02-26,login,1
EVT-001108,CLI-00452,2025-02-26,uso_feature,3
EVT-001109,CLI-00455,2025-02-26,uso_feature,4
EVT-001110,CLI-00455,2025-02-26,login,1
EVT-001111,CLI-00469,2025-02-26,login,2
EVT-001112,CLI-00500,2025-02-26,login,1
EVT-001113,CLI-00059,2025-02-27,login,1
EVT-001114,CLI-00090,2025-02-27,login,2
EVT-001115,CLI-00104,2025-02-27,login,2
EVT-001116,CLI-00142,2025-02-27,invitacion_usuario,9
EVT-001117,CLI-00149,2025-02-27,login,1
EVT-001118,CLI-00175,2025-02-27,login,1
EVT-001119,CLI-00188,2025-02-27,login,1
EVT-001120,CLI-00225,2025-02-27,descarga_reporte,5
EVT-001121,CLI-00257,2025-02-27,login,1
EVT-001122,CLI-00339,2025-02-27,login,2
EVT-001123,CLI-00343,2025-02-27,login,2
EVT-001124,CLI-00350,2025-02-27,descarga_reporte,6
EVT-001125,CLI-00354,2025-02-27,uso_feature,4
EVT-001126,CLI-00379,2025-02-27,invitacion_usuario,9
EVT-001127,CLI-00385,2025-02-27,uso_feature,3
EVT-001128,CLI-00416,2025-02-27,login,2
EVT-001129,CLI-00424,2025-02-27,login,2
EVT-001130,CLI-00428,2025-02-27,login,1
EVT-001131,CLI-00475,2025-02-27,invitacion_usuario,8
EVT-001132,CLI-00492,2025-02-27,login,1
EVT-001133,CLI-00003,2025-02-28,uso_feature,3
EVT-001134,CLI-00096,2025-02-28,uso_feature,4
EVT-001135,CLI-00145,2025-02-28,login,2
EVT-001136,CLI-00145,2025-02-28,uso_feature,4
EVT-001137,CLI-00150,2025-02-28,login,1
EVT-001138,CLI-00170,2025-02-28,uso_feature,3
EVT-001139,CLI-00179,2025-02-28,login,2
EVT-001140,CLI-00189,2025-02-28,uso_feature,3
EVT-001141,CLI-00189,2025-02-28,uso_feature,4
EVT-001142,CLI-00325,2025-02-28,descarga_reporte,6
EVT-001143,CLI-00345,2025-02-28,uso_feature,3
EVT-001144,CLI-00393,2025-02-28,login,1
EVT-001145,CLI-00458,2025-02-28,descarga_reporte,5
EVT-001146,CLI-00004,2025-03-01,invitacion_usuario,9
EVT-001147,CLI-00035,2025-03-01,login,2
EVT-001148,CLI-00054,2025-03-01,login,2
EVT-001149,CLI-00070,2025-03-01,login,1
EVT-001150,CLI-00090,2025-03-01,login,2
EVT-001151,CLI-00144,2025-03-01,uso_feature,3
EVT-001152,CLI-00235,2025-03-01,uso_feature,4
EVT-001153,CLI-00235,2025-03-01,login,1
EVT-001154,CLI-00281,2025-03-01,descarga_reporte,5
EVT-001155,CLI-00317,2025-03-01,descarga_reporte,5
EVT-001156,CLI-00339,2025-03-01,uso_feature,4
EVT-001157,CLI-00398,2025-03-01,login,2
EVT-001158,CLI-00448,2025-03-01,login,1
EVT-001159,CLI-00452,2025-03-01,uso_feature,4
EVT-001160,CLI-00458,2025-03-01,uso_feature,3
EVT-001161,CLI-00460,2025-03-01,uso_feature,3
EVT-001162,CLI-00475,2025-03-01,descarga_reporte,5
EVT-001163,CLI-00496,2025-03-01,descarga_reporte,6
EVT-001164,CLI-00029,2025-03-02,uso_feature,4
EVT-001165,CLI-00032,2025-03-02,login,1
EVT-001166,CLI-00045,2025-03-02,uso_feature,3
EVT-001167,CLI-00046,2025-03-02,uso_feature,3
EVT-001168,CLI-00052,2025-03-02,descarga_reporte,5
EVT-001169,CLI-00081,2025-03-02,login,1
EVT-001170,CLI-00151,2025-03-02,descarga_reporte,5
EVT-001171,CLI-00151,2025-03-02,login,1
EVT-001172,CLI-00161,2025-03-02,login,1
EVT-001173,CLI-00228,2025-03-02,uso_feature,3
EVT-001174,CLI-00260,2025-03-02,invitacion_usuario,8
EVT-001175,CLI-00279,2025-03-02,login,1
EVT-001176,CLI-00290,2025-03-02,login,2
EVT-001177,CLI-00379,2025-03-02,uso_feature,3
EVT-001178,CLI-00391,2025-03-02,uso_feature,3
EVT-001179,CLI-00404,2025-03-02,uso_feature,4
EVT-001180,CLI-00428,2025-03-02,login,1
EVT-001181,CLI-00437,2025-03-02,login,1
EVT-001182,CLI-00440,2025-03-02,invitacion_usuario,8
EVT-001183,CLI-00455,2025-03-02,descarga_reporte,5
EVT-001184,CLI-00028,2025-03-03,login,2
EVT-001185,CLI-00043,2025-03-03,uso_feature,3
EVT-001186,CLI-00090,2025-03-03,uso_feature,3
EVT-001187,CLI-00107,2025-03-03,login,2
EVT-001188,CLI-00117,2025-03-03,login,1
EVT-001189,CLI-00131,2025-03-03,login,2
EVT-001190,CLI-00169,2025-03-03,uso_feature,3
EVT-001191,CLI-00172,2025-03-03,login,2
EVT-001192,CLI-00175,2025-03-03,invitacion_usuario,8
EVT-001193,CLI-00216,2025-03-03,descarga_reporte,6
EVT-001194,CLI-00250,2025-03-03,login,1
EVT-001195,CLI-00260,2025-03-03,descarga_reporte,5
EVT-001196,CLI-00329,2025-03-03,invitacion_usuario,9
EVT-001197,CLI-00365,2025-03-03,uso_feature,3
EVT-001198,CLI-00484,2025-03-03,invitacion_usuario,9
EVT-001199,CLI-00003,2025-03-04,login,2
EVT-001200,CLI-00006,2025-03-04,uso_feature,3
EVT-001201,CLI-00150,2025-03-04,uso_feature,3
EVT-001202,CLI-00169,2025-03-04,login,2
EVT-001203,CLI-00170,2025-03-04,descarga_reporte,6
EVT-001204,CLI-00226,2025-03-04,login,1
EVT-001205,CLI-00279,2025-03-04,login,1
EVT-001206,CLI-00289,2025-03-04,uso_feature,4
EVT-001207,CLI-00290,2025-03-04,login,2
EVT-001208,CLI-00340,2025-03-04,invitacion_usuario,8
EVT-001209,CLI-00343,2025-03-04,uso_feature,3
EVT-001210,CLI-00353,2025-03-04,uso_feature,3
EVT-001211,CLI-00381,2025-03-04,descarga_reporte,6
EVT-001212,CLI-00385,2025-03-04,uso_feature,3
EVT-001213,CLI-00394,2025-03-04,login,1
EVT-001214,CLI-00399,2025-03-04,uso_feature,4
EVT-001215,CLI-00414,2025-03-04,login,1
EVT-001216,CLI-00431,2025-03-04,descarga_reporte,5
EVT-001217,CLI-00435,2025-03-04,uso_feature,3
EVT-001218,CLI-00436,2025-03-04,uso_feature,3
EVT-001219,CLI-00446,2025-03-04,uso_feature,4
EVT-001220,CLI-00484,2025-03-04,descarga_reporte,5
EVT-001221,CLI-00492,2025-03-04,uso_feature,3
EVT-001222,CLI-00047,2025-03-05,uso_feature,4
EVT-001223,CLI-00070,2025-03-05,login,2
EVT-001224,CLI-00073,2025-03-05,descarga_reporte,6
EVT-001225,CLI-00090,2025-03-05,uso_feature,3
EVT-001226,CLI-00104,2025-03-05,login,1
EVT-001227,CLI-00117,2025-03-05,login,1
EVT-001228,CLI-00139,2025-03-05,login,1
EVT-001229,CLI-00148,2025-03-05,login,1
EVT-001230,CLI-00150,2025-03-05,descarga_reporte,5
EVT-001231,CLI-00163,2025-03-05,descarga_reporte,6
EVT-001232,CLI-00163,2025-03-05,login,1
EVT-001233,CLI-00172,2025-03-05,login,2
EVT-001234,CLI-00334,2025-03-05,login,1
EVT-001235,CLI-00342,2025-03-05,invitacion_usuario,8
EVT-001236,CLI-00367,2025-03-05,login,2
EVT-001237,CLI-00384,2025-03-05,descarga_reporte,5
EVT-001238,CLI-00391,2025-03-05,uso_feature,4
EVT-001239,CLI-00410,2025-03-05,descarga_reporte,5
EVT-001240,CLI-00435,2025-03-05,descarga_reporte,6
EVT-001241,CLI-00490,2025-03-05,login,1
EVT-001242,CLI-00018,2025-03-06,uso_feature,4
EVT-001243,CLI-00070,2025-03-06,login,2
EVT-001244,CLI-00080,2025-03-06,login,1
EVT-001245,CLI-00080,2025-03-06,login,2
EVT-001246,CLI-00096,2025-03-06,login,1
EVT-001247,CLI-00108,2025-03-06,login,2
EVT-001248,CLI-00142,2025-03-06,uso_feature,3
EVT-001249,CLI-00191,2025-03-06,login,2
EVT-001250,CLI-00199,2025-03-06,descarga_reporte,5
EVT-001251,CLI-00353,2025-03-06,uso_feature,3
EVT-001252,CLI-00376,2025-03-06,login,1
EVT-001253,CLI-00396,2025-03-06,uso_feature,3
EVT-001254,CLI-00398,2025-03-06,login,1
EVT-001255,CLI-00410,2025-03-06,uso_feature,3
EVT-001256,CLI-00425,2025-03-06,login,1
EVT-001257,CLI-00428,2025-03-06,login,1
EVT-001258,CLI-00032,2025-03-07,uso_feature,4
EVT-001259,CLI-00046,2025-03-07,login,1
EVT-001260,CLI-00090,2025-03-07,login,1
EVT-001261,CLI-00115,2025-03-07,login,2
EVT-001262,CLI-00123,2025-03-07,uso_feature,3
EVT-001263,CLI-00148,2025-03-07,login,1
EVT-001264,CLI-00188,2025-03-07,login,1
EVT-001265,CLI-00203,2025-03-07,uso_feature,3
EVT-001266,CLI-00206,2025-03-07,login,1
EVT-001267,CLI-00206,2025-03-07,uso_feature,3
EVT-001268,CLI-00306,2025-03-07,uso_feature,4
EVT-001269,CLI-00341,2025-03-07,uso_feature,3
EVT-001270,CLI-00367,2025-03-07,uso_feature,4
EVT-001271,CLI-00390,2025-03-07,uso_feature,3
EVT-001272,CLI-00436,2025-03-07,login,1
EVT-001273,CLI-00443,2025-03-07,descarga_reporte,6
EVT-001274,CLI-00468,2025-03-07,login,1
EVT-001275,CLI-00004,2025-03-08,login,2
EVT-001276,CLI-00080,2025-03-08,login,2
EVT-001277,CLI-00081,2025-03-08,login,1
EVT-001278,CLI-00096,2025-03-08,uso_feature,3
EVT-001279,CLI-00106,2025-03-08,login,1
EVT-001280,CLI-00109,2025-03-08,descarga_reporte,6
EVT-001281,CLI-00145,2025-03-08,uso_feature,3
EVT-001282,CLI-00179,2025-03-08,invitacion_usuario,8
EVT-001283,CLI-00233,2025-03-08,uso_feature,3
EVT-001284,CLI-00238,2025-03-08,login,1
EVT-001285,CLI-00265,2025-03-08,login,1
EVT-001286,CLI-00306,2025-03-08,uso_feature,4
EVT-001287,CLI-00339,2025-03-08,login,1
EVT-001288,CLI-00341,2025-03-08,uso_feature,4
EVT-001289,CLI-00343,2025-03-08,login,1
EVT-001290,CLI-00347,2025-03-08,login,1
EVT-001291,CLI-00396,2025-03-08,descarga_reporte,5
EVT-001292,CLI-00416,2025-03-08,uso_feature,3
EVT-001293,CLI-00424,2025-03-08,login,1
EVT-001294,CLI-00429,2025-03-08,login,2
EVT-001295,CLI-00440,2025-03-08,uso_feature,4
EVT-001296,CLI-00446,2025-03-08,login,2
EVT-001297,CLI-00453,2025-03-08,login,1
EVT-001298,CLI-00453,2025-03-08,descarga_reporte,5
EVT-001299,CLI-00035,2025-03-09,login,2
EVT-001300,CLI-00081,2025-03-09,login,2
EVT-001301,CLI-00084,2025-03-09,login,1
EVT-001302,CLI-00108,2025-03-09,descarga_reporte,6
EVT-001303,CLI-00157,2025-03-09,uso_feature,3
EVT-001304,CLI-00161,2025-03-09,uso_feature,3
EVT-001305,CLI-00236,2025-03-09,uso_feature,3
EVT-001306,CLI-00241,2025-03-09,descarga_reporte,6
EVT-001307,CLI-00260,2025-03-09,descarga_reporte,5
EVT-001308,CLI-00332,2025-03-09,uso_feature,4
EVT-001309,CLI-00347,2025-03-09,uso_feature,3
EVT-001310,CLI-00347,2025-03-09,uso_feature,3
EVT-001311,CLI-00347,2025-03-09,uso_feature,4
EVT-001312,CLI-00353,2025-03-09,login,1
EVT-001313,CLI-00388,2025-03-09,uso_feature,3
EVT-001314,CLI-00003,2025-03-10,descarga_reporte,6
EVT-001315,CLI-00009,2025-03-10,login,2
EVT-001316,CLI-00018,2025-03-10,login,1
EVT-001317,CLI-00023,2025-03-10,invitacion_usuario,9
EVT-001318,CLI-00041,2025-03-10,descarga_reporte,5
EVT-001319,CLI-00070,2025-03-10,uso_feature,3
EVT-001320,CLI-00136,2025-03-10,login,2
EVT-001321,CLI-00139,2025-03-10,uso_feature,3
EVT-001322,CLI-00156,2025-03-10,uso_feature,3
EVT-001323,CLI-00157,2025-03-10,login,2
EVT-001324,CLI-00173,2025-03-10,descarga_reporte,5
EVT-001325,CLI-00218,2025-03-10,login,1
EVT-001326,CLI-00225,2025-03-10,uso_feature,3
EVT-001327,CLI-00265,2025-03-10,login,1
EVT-001328,CLI-00290,2025-03-10,login,1
EVT-001329,CLI-00315,2025-03-10,descarga_reporte,5
EVT-001330,CLI-00343,2025-03-10,descarga_reporte,5
EVT-001331,CLI-00344,2025-03-10,uso_feature,3
EVT-001332,CLI-00345,2025-03-10,login,1
EVT-001333,CLI-00358,2025-03-10,uso_feature,3
EVT-001334,CLI-00359,2025-03-10,uso_feature,3
EVT-001335,CLI-00381,2025-03-10,login,1
EVT-001336,CLI-00382,2025-03-10,uso_feature,3
EVT-001337,CLI-00390,2025-03-10,login,1
EVT-001338,CLI-00429,2025-03-10,descarga_reporte,5
EVT-001339,CLI-00433,2025-03-10,descarga_reporte,5
EVT-001340,CLI-00488,2025-03-10,uso_feature,3
EVT-001341,CLI-00488,2025-03-10,login,2
EVT-001342,CLI-00492,2025-03-10,login,1
EVT-001343,CLI-00500,2025-03-10,uso_feature,3
EVT-001344,CLI-00046,2025-03-11,login,1
EVT-001345,CLI-00115,2025-03-11,login,1
EVT-001346,CLI-00123,2025-03-11,uso_feature,3
EVT-001347,CLI-00153,2025-03-11,uso_feature,3
EVT-001348,CLI-00226,2025-03-11,uso_feature,3
EVT-001349,CLI-00247,2025-03-11,uso_feature,3
EVT-001350,CLI-00272,2025-03-11,uso_feature,3
EVT-001351,CLI-00332,2025-03-11,descarga_reporte,5
EVT-001352,CLI-00339,2025-03-11,uso_feature,3
EVT-001353,CLI-00376,2025-03-11,login,1
EVT-001354,CLI-00376,2025-03-11,descarga_reporte,5
EVT-001355,CLI-00396,2025-03-11,uso_feature,3
EVT-001356,CLI-00398,2025-03-11,uso_feature,3
EVT-001357,CLI-00414,2025-03-11,descarga_reporte,5
EVT-001358,CLI-00469,2025-03-11,uso_feature,3
EVT-001359,CLI-00475,2025-03-11,descarga_reporte,5
EVT-001360,CLI-00006,2025-03-12,login,1
EVT-001361,CLI-00029,2025-03-12,login,1
EVT-001362,CLI-00035,2025-03-12,uso_feature,3
EVT-001363,CLI-00063,2025-03-12,uso_feature,3
EVT-001364,CLI-00151,2025-03-12,login,2
EVT-001365,CLI-00191,2025-03-12,login,1
EVT-001366,CLI-00200,2025-03-12,invitacion_usuario,9
EVT-001367,CLI-00211,2025-03-12,uso_feature,3
EVT-001368,CLI-00306,2025-03-12,uso_feature,4
EVT-001369,CLI-00369,2025-03-12,login,2
EVT-001370,CLI-00382,2025-03-12,login,1
EVT-001371,CLI-00390,2025-03-12,login,2
EVT-001372,CLI-00394,2025-03-12,uso_feature,3
EVT-001373,CLI-00398,2025-03-12,login,1
EVT-001374,CLI-00424,2025-03-12,login,2
EVT-001375,CLI-00437,2025-03-12,login,1
EVT-001376,CLI-00448,2025-03-12,login,2
EVT-001377,CLI-00484,2025-03-12,login,2
EVT-001378,CLI-00485,2025-03-12,login,2
EVT-001379,CLI-00080,2025-03-13,login,2
EVT-001380,CLI-00130,2025-03-13,login,1
EVT-001381,CLI-00191,2025-03-13,uso_feature,4
EVT-001382,CLI-00199,2025-03-13,descarga_reporte,5
EVT-001383,CLI-00339,2025-03-13,uso_feature,3
EVT-001384,CLI-00340,2025-03-13,uso_feature,3
EVT-001385,CLI-00344,2025-03-13,uso_feature,3
EVT-001386,CLI-00350,2025-03-13,login,1
EVT-001387,CLI-00358,2025-03-13,descarga_reporte,6
EVT-001388,CLI-00379,2025-03-13,invitacion_usuario,8
EVT-001389,CLI-00425,2025-03-13,login,2
EVT-001390,CLI-00453,2025-03-13,uso_feature,3
EVT-001391,CLI-00484,2025-03-13,invitacion_usuario,8
EVT-001392,CLI-00488,2025-03-13,login,2
EVT-001393,CLI-00027,2025-03-14,login,2
EVT-001394,CLI-00027,2025-03-14,login,1
EVT-001395,CLI-00043,2025-03-14,login,1
EVT-001396,CLI-00117,2025-03-14,login,1
EVT-001397,CLI-00144,2025-03-14,login,1
EVT-001398,CLI-00153,2025-03-14,login,2
EVT-001399,CLI-00173,2025-03-14,login,1
EVT-001400,CLI-00189,2025-03-14,login,2
EVT-001401,CLI-00191,2025-03-14,uso_feature,4
EVT-001402,CLI-00196,2025-03-14,login,1
EVT-001403,CLI-00211,2025-03-14,login,1
EVT-001404,CLI-00315,2025-03-14,login,1
EVT-001405,CLI-00333,2025-03-14,uso_feature,4
EVT-001406,CLI-00350,2025-03-14,login,1
EVT-001407,CLI-00365,2025-03-14,uso_feature,4
EVT-001408,CLI-00369,2025-03-14,invitacion_usuario,8
EVT-001409,CLI-00403,2025-03-14,uso_feature,3
EVT-001410,CLI-00424,2025-03-14,descarga_reporte,5
EVT-001411,CLI-00485,2025-03-14,login,2
EVT-001412,CLI-00490,2025-03-14,uso_feature,3
EVT-001413,CLI-00490,2025-03-14,login,1
EVT-001414,CLI-00027,2025-03-15,uso_feature,3
EVT-001415,CLI-00055,2025-03-15,descarga_reporte,5
EVT-001416,CLI-00104,2025-03-15,uso_feature,4
EVT-001417,CLI-00117,2025-03-15,uso_feature,4
EVT-001418,CLI-00150,2025-03-15,login,2
EVT-001419,CLI-00150,2025-03-15,invitacion_usuario,8
EVT-001420,CLI-00238,2025-03-15,login,1
EVT-001421,CLI-00249,2025-03-15,login,1
EVT-001422,CLI-00279,2025-03-15,login,2
EVT-001423,CLI-00367,2025-03-15,login,2
EVT-001424,CLI-00425,2025-03-15,uso_feature,4
EVT-001425,CLI-00475,2025-03-15,login,1
EVT-001426,CLI-00506,2025-03-15,uso_feature,3
EVT-001427,CLI-00003,2025-03-16,invitacion_usuario,9
EVT-001428,CLI-00028,2025-03-16,login,2
EVT-001429,CLI-00034,2025-03-16,login,1
EVT-001430,CLI-00043,2025-03-16,descarga_reporte,5
EVT-001431,CLI-00063,2025-03-16,invitacion_usuario,8
EVT-001432,CLI-00066,2025-03-16,login,1
EVT-001433,CLI-00081,2025-03-16,descarga_reporte,5
EVT-001434,CLI-00108,2025-03-16,uso_feature,3
EVT-001435,CLI-00149,2025-03-16,descarga_reporte,6
EVT-001436,CLI-00153,2025-03-16,login,2
EVT-001437,CLI-00195,2025-03-16,uso_feature,4
EVT-001438,CLI-00196,2025-03-16,descarga_reporte,5
EVT-001439,CLI-00199,2025-03-16,login,1
EVT-001440,CLI-00247,2025-03-16,login,1
EVT-001441,CLI-00257,2025-03-16,login,1
EVT-001442,CLI-00257,2025-03-16,login,1
EVT-001443,CLI-00264,2025-03-16,uso_feature,4
EVT-001444,CLI-00271,2025-03-16,uso_feature,3
EVT-001445,CLI-00325,2025-03-16,descarga_reporte,6
EVT-001446,CLI-00345,2025-03-16,login,1
EVT-001447,CLI-00376,2025-03-16,uso_feature,4
EVT-001448,CLI-00382,2025-03-16,uso_feature,3
EVT-001449,CLI-00412,2025-03-16,login,1
EVT-001450,CLI-00484,2025-03-16,login,1
EVT-001451,CLI-00505,2025-03-16,uso_feature,3
EVT-001452,CLI-00023,2025-03-17,login,2
EVT-001453,CLI-00034,2025-03-17,uso_feature,3
EVT-001454,CLI-00096,2025-03-17,login,2
EVT-001455,CLI-00157,2025-03-17,uso_feature,3
EVT-001456,CLI-00169,2025-03-17,login,1
EVT-001457,CLI-00173,2025-03-17,login,1
EVT-001458,CLI-00175,2025-03-17,uso_feature,4
EVT-001459,CLI-00228,2025-03-17,uso_feature,3
EVT-001460,CLI-00242,2025-03-17,descarga_reporte,5
EVT-001461,CLI-00290,2025-03-17,login,1
EVT-001462,CLI-00290,2025-03-17,descarga_reporte,5
EVT-001463,CLI-00333,2025-03-17,uso_feature,3
EVT-001464,CLI-00337,2025-03-17,login,2
EVT-001465,CLI-00381,2025-03-17,login,2
EVT-001466,CLI-00436,2025-03-17,login,2
EVT-001467,CLI-00460,2025-03-17,uso_feature,4
EVT-001468,CLI-00468,2025-03-17,uso_feature,3
EVT-001469,CLI-00492,2025-03-17,login,2
EVT-001470,CLI-00503,2025-03-17,invitacion_usuario,9
EVT-001471,CLI-00023,2025-03-18,uso_feature,3
EVT-001472,CLI-00032,2025-03-18,login,1
EVT-001473,CLI-00032,2025-03-18,login,1
EVT-001474,CLI-00046,2025-03-18,login,1
EVT-001475,CLI-00059,2025-03-18,login,2
EVT-001476,CLI-00131,2025-03-18,login,1
EVT-001477,CLI-00149,2025-03-18,uso_feature,3
EVT-001478,CLI-00196,2025-03-18,uso_feature,3
EVT-001479,CLI-00210,2025-03-18,login,2
EVT-001480,CLI-00240,2025-03-18,uso_feature,3
EVT-001481,CLI-00272,2025-03-18,descarga_reporte,6
EVT-001482,CLI-00350,2025-03-18,login,2
EVT-001483,CLI-00359,2025-03-18,uso_feature,3
EVT-001484,CLI-00369,2025-03-18,login,2
EVT-001485,CLI-00381,2025-03-18,descarga_reporte,5
EVT-001486,CLI-00403,2025-03-18,login,2
EVT-001487,CLI-00416,2025-03-18,login,1
EVT-001488,CLI-00424,2025-03-18,login,2
EVT-001489,CLI-00431,2025-03-18,uso_feature,3
EVT-001490,CLI-00433,2025-03-18,uso_feature,4
EVT-001491,CLI-00460,2025-03-18,descarga_reporte,5
EVT-001492,CLI-00492,2025-03-18,login,2
EVT-001493,CLI-00496,2025-03-18,login,1
EVT-001494,CLI-00505,2025-03-18,descarga_reporte,5
EVT-001495,CLI-00034,2025-03-19,login,1
EVT-001496,CLI-00054,2025-03-19,login,1
EVT-001497,CLI-00080,2025-03-19,descarga_reporte,5
EVT-001498,CLI-00123,2025-03-19,descarga_reporte,5
EVT-001499,CLI-00135,2025-03-19,login,1
EVT-001500,CLI-00238,2025-03-19,login,1
EVT-001501,CLI-00249,2025-03-19,uso_feature,4
EVT-001502,CLI-00354,2025-03-19,login,1
EVT-001503,CLI-00379,2025-03-19,uso_feature,4
EVT-001504,CLI-00416,2025-03-19,uso_feature,3
EVT-001505,CLI-00425,2025-03-19,login,1
EVT-001506,CLI-00452,2025-03-19,descarga_reporte,5
EVT-001507,CLI-00457,2025-03-19,login,1
EVT-001508,CLI-00503,2025-03-19,descarga_reporte,6
EVT-001509,CLI-00505,2025-03-19,descarga_reporte,6
EVT-001510,CLI-00509,2025-03-19,login,2
EVT-001511,CLI-00045,2025-03-20,login,2
EVT-001512,CLI-00051,2025-03-20,login,1
EVT-001513,CLI-00059,2025-03-20,login,2
EVT-001514,CLI-00084,2025-03-20,descarga_reporte,5
EVT-001515,CLI-00088,2025-03-20,descarga_reporte,6
EVT-001516,CLI-00090,2025-03-20,uso_feature,3
EVT-001517,CLI-00130,2025-03-20,uso_feature,3
EVT-001518,CLI-00149,2025-03-20,uso_feature,3
EVT-001519,CLI-00149,2025-03-20,login,2
EVT-001520,CLI-00172,2025-03-20,login,1
EVT-001521,CLI-00175,2025-03-20,login,1
EVT-001522,CLI-00188,2025-03-20,login,1
EVT-001523,CLI-00211,2025-03-20,login,2
EVT-001524,CLI-00235,2025-03-20,login,1
EVT-001525,CLI-00238,2025-03-20,uso_feature,3
EVT-001526,CLI-00272,2025-03-20,login,1
EVT-001527,CLI-00289,2025-03-20,login,1
EVT-001528,CLI-00349,2025-03-20,login,2
EVT-001529,CLI-00353,2025-03-20,login,1
EVT-001530,CLI-00411,2025-03-20,login,1
EVT-001531,CLI-00455,2025-03-20,descarga_reporte,6
EVT-001532,CLI-00457,2025-03-20,uso_feature,3
EVT-001533,CLI-00051,2025-03-21,login,1
EVT-001534,CLI-00051,2025-03-21,login,1
EVT-001535,CLI-00063,2025-03-21,login,2
EVT-001536,CLI-00070,2025-03-21,uso_feature,3
EVT-001537,CLI-00097,2025-03-21,login,2
EVT-001538,CLI-00097,2025-03-21,login,1
EVT-001539,CLI-00149,2025-03-21,login,1
EVT-001540,CLI-00163,2025-03-21,uso_feature,3
EVT-001541,CLI-00179,2025-03-21,uso_feature,4
EVT-001542,CLI-00188,2025-03-21,descarga_reporte,5
EVT-001543,CLI-00210,2025-03-21,login,2
EVT-001544,CLI-00225,2025-03-21,login,2
EVT-001545,CLI-00250,2025-03-21,uso_feature,3
EVT-001546,CLI-00289,2025-03-21,uso_feature,3
EVT-001547,CLI-00390,2025-03-21,uso_feature,3
EVT-001548,CLI-00390,2025-03-21,login,2
EVT-001549,CLI-00411,2025-03-21,login,1
EVT-001550,CLI-00429,2025-03-21,descarga_reporte,5
EVT-001551,CLI-00436,2025-03-21,login,1
EVT-001552,CLI-00452,2025-03-21,uso_feature,3
EVT-001553,CLI-00455,2025-03-21,invitacion_usuario,8
EVT-001554,CLI-00469,2025-03-21,login,2
EVT-001555,CLI-00487,2025-03-21,login,1
EVT-001556,CLI-00490,2025-03-21,invitacion_usuario,9
EVT-001557,CLI-00003,2025-03-22,login,1
EVT-001558,CLI-00045,2025-03-22,login,1
EVT-001559,CLI-00045,2025-03-22,descarga_reporte,5
EVT-001560,CLI-00052,2025-03-22,descarga_reporte,6
EVT-001561,CLI-00058,2025-03-22,login,1
EVT-001562,CLI-00088,2025-03-22,descarga_reporte,6
EVT-001563,CLI-00144,2025-03-22,descarga_reporte,5
EVT-001564,CLI-00148,2025-03-22,login,1
EVT-001565,CLI-00156,2025-03-22,invitacion_usuario,8
EVT-001566,CLI-00164,2025-03-22,login,2
EVT-001567,CLI-00172,2025-03-22,login,1
EVT-001568,CLI-00179,2025-03-22,uso_feature,3
EVT-001569,CLI-00188,2025-03-22,login,2
EVT-001570,CLI-00195,2025-03-22,uso_feature,3
EVT-001571,CLI-00256,2025-03-22,uso_feature,3
EVT-001572,CLI-00341,2025-03-22,uso_feature,3
EVT-001573,CLI-00344,2025-03-22,login,1
EVT-001574,CLI-00354,2025-03-22,login,1
EVT-001575,CLI-00399,2025-03-22,uso_feature,4
EVT-001576,CLI-00410,2025-03-22,login,1
EVT-001577,CLI-00414,2025-03-22,descarga_reporte,5
EVT-001578,CLI-00485,2025-03-22,uso_feature,3
EVT-001579,CLI-00509,2025-03-22,descarga_reporte,5
EVT-001580,CLI-00035,2025-03-23,invitacion_usuario,9
EVT-001581,CLI-00039,2025-03-23,uso_feature,4
EVT-001582,CLI-00043,2025-03-23,login,2
EVT-001583,CLI-00047,2025-03-23,login,1
EVT-001584,CLI-00052,2025-03-23,uso_feature,3
EVT-001585,CLI-00131,2025-03-23,invitacion_usuario,8
EVT-001586,CLI-00161,2025-03-23,uso_feature,4
EVT-001587,CLI-00249,2025-03-23,uso_feature,3
EVT-001588,CLI-00344,2025-03-23,login,1
EVT-001589,CLI-00359,2025-03-23,descarga_reporte,5
EVT-001590,CLI-00381,2025-03-23,uso_feature,3
EVT-001591,CLI-00384,2025-03-23,login,2
EVT-001592,CLI-00385,2025-03-23,uso_feature,3
EVT-001593,CLI-00391,2025-03-23,login,2
EVT-001594,CLI-00399,2025-03-23,uso_feature,4
EVT-001595,CLI-00440,2025-03-23,invitacion_usuario,8
EVT-001596,CLI-00475,2025-03-23,uso_feature,4
EVT-001597,CLI-00490,2025-03-23,uso_feature,4
EVT-001598,CLI-00503,2025-03-23,login,1
EVT-001599,CLI-00509,2025-03-23,uso_feature,4
EVT-001600,CLI-00003,2025-03-24,invitacion_usuario,9
EVT-001601,CLI-00006,2025-03-24,login,2
EVT-001602,CLI-00016,2025-03-24,descarga_reporte,5
EVT-001603,CLI-00036,2025-03-24,login,1
EVT-001604,CLI-00043,2025-03-24,uso_feature,3
EVT-001605,CLI-00052,2025-03-24,uso_feature,4
EVT-001606,CLI-00060,2025-03-24,login,1
EVT-001607,CLI-00088,2025-03-24,login,2
EVT-001608,CLI-00191,2025-03-24,login,1
EVT-001609,CLI-00200,2025-03-24,descarga_reporte,5
EVT-001610,CLI-00249,2025-03-24,invitacion_usuario,8
EVT-001611,CLI-00275,2025-03-24,login,1
EVT-001612,CLI-00343,2025-03-24,login,2
EVT-001613,CLI-00349,2025-03-24,login,1
EVT-001614,CLI-00369,2025-03-24,uso_feature,3
EVT-001615,CLI-00369,2025-03-24,login,1
EVT-001616,CLI-00391,2025-03-24,login,2
EVT-001617,CLI-00410,2025-03-24,login,2
EVT-001618,CLI-00411,2025-03-24,invitacion_usuario,8
EVT-001619,CLI-00425,2025-03-24,login,1
EVT-001620,CLI-00437,2025-03-24,descarga_reporte,5
EVT-001621,CLI-00004,2025-03-25,login,2
EVT-001622,CLI-00016,2025-03-25,login,2
EVT-001623,CLI-00027,2025-03-25,uso_feature,3
EVT-001624,CLI-00045,2025-03-25,login,1
EVT-001625,CLI-00108,2025-03-25,login,1
EVT-001626,CLI-00123,2025-03-25,login,1
EVT-001627,CLI-00144,2025-03-25,login,1
EVT-001628,CLI-00196,2025-03-25,descarga_reporte,6
EVT-001629,CLI-00204,2025-03-25,login,2
EVT-001630,CLI-00248,2025-03-25,uso_feature,3
EVT-001631,CLI-00260,2025-03-25,login,2
EVT-001632,CLI-00272,2025-03-25,descarga_reporte,5
EVT-001633,CLI-00349,2025-03-25,descarga_reporte,5
EVT-001634,CLI-00359,2025-03-25,login,1
EVT-001635,CLI-00367,2025-03-25,descarga_reporte,5
EVT-001636,CLI-00393,2025-03-25,login,1
EVT-001637,CLI-00396,2025-03-25,login,1
EVT-001638,CLI-00412,2025-03-25,login,2
EVT-001639,CLI-00424,2025-03-25,uso_feature,3
EVT-001640,CLI-00500,2025-03-25,uso_feature,3
EVT-001641,CLI-00509,2025-03-25,uso_feature,4
EVT-001642,CLI-00018,2025-03-26,login,1
EVT-001643,CLI-00023,2025-03-26,login,1
EVT-001644,CLI-00027,2025-03-26,uso_feature,3
EVT-001645,CLI-00028,2025-03-26,uso_feature,3
EVT-001646,CLI-00063,2025-03-26,uso_feature,3
EVT-001647,CLI-00063,2025-03-26,uso_feature,4
EVT-001648,CLI-00066,2025-03-26,uso_feature,3
EVT-001649,CLI-00145,2025-03-26,uso_feature,3
EVT-001650,CLI-00210,2025-03-26,descarga_reporte,6
EVT-001651,CLI-00216,2025-03-26,uso_feature,3
EVT-001652,CLI-00238,2025-03-26,login,2
EVT-001653,CLI-00248,2025-03-26,descarga_reporte,6
EVT-001654,CLI-00249,2025-03-26,uso_feature,4
EVT-001655,CLI-00265,2025-03-26,uso_feature,3
EVT-001656,CLI-00354,2025-03-26,login,2
EVT-001657,CLI-00365,2025-03-26,uso_feature,3
EVT-001658,CLI-00396,2025-03-26,login,1
EVT-001659,CLI-00428,2025-03-26,uso_feature,3
EVT-001660,CLI-00431,2025-03-26,descarga_reporte,6
EVT-001661,CLI-00433,2025-03-26,login,2
EVT-001662,CLI-00435,2025-03-26,descarga_reporte,6
EVT-001663,CLI-00468,2025-03-26,login,2
EVT-001664,CLI-00469,2025-03-26,login,2
EVT-001665,CLI-00023,2025-03-27,uso_feature,3
EVT-001666,CLI-00032,2025-03-27,uso_feature,4
EVT-001667,CLI-00035,2025-03-27,login,1
EVT-001668,CLI-00054,2025-03-27,uso_feature,4
EVT-001669,CLI-00054,2025-03-27,login,1
EVT-001670,CLI-00107,2025-03-27,login,1
EVT-001671,CLI-00145,2025-03-27,descarga_reporte,6
EVT-001672,CLI-00150,2025-03-27,uso_feature,3
EVT-001673,CLI-00153,2025-03-27,descarga_reporte,5
EVT-001674,CLI-00161,2025-03-27,uso_feature,3
EVT-001675,CLI-00169,2025-03-27,descarga_reporte,5
EVT-001676,CLI-00188,2025-03-27,descarga_reporte,6
EVT-001677,CLI-00235,2025-03-27,login,1
EVT-001678,CLI-00332,2025-03-27,login,1
EVT-001679,CLI-00332,2025-03-27,login,1
EVT-001680,CLI-00339,2025-03-27,uso_feature,4
EVT-001681,CLI-00350,2025-03-27,login,1
EVT-001682,CLI-00353,2025-03-27,login,1
EVT-001683,CLI-00367,2025-03-27,login,1
EVT-001684,CLI-00391,2025-03-27,uso_feature,3
EVT-001685,CLI-00398,2025-03-27,login,1
EVT-001686,CLI-00431,2025-03-27,uso_feature,4
EVT-001687,CLI-00433,2025-03-27,login,2
EVT-001688,CLI-00448,2025-03-27,login,1
EVT-001689,CLI-00453,2025-03-27,login,2
EVT-001690,CLI-00453,2025-03-27,uso_feature,4
EVT-001691,CLI-00455,2025-03-27,uso_feature,3
EVT-001692,CLI-00455,2025-03-27,uso_feature,4
EVT-001693,CLI-00503,2025-03-27,login,2
EVT-001694,CLI-00004,2025-03-28,uso_feature,3
EVT-001695,CLI-00004,2025-03-28,login,1
EVT-001696,CLI-00018,2025-03-28,login,2
EVT-001697,CLI-00046,2025-03-28,login,1
EVT-001698,CLI-00088,2025-03-28,descarga_reporte,5
EVT-001699,CLI-00128,2025-03-28,uso_feature,3
EVT-001700,CLI-00145,2025-03-28,login,2
EVT-001701,CLI-00196,2025-03-28,login,2
EVT-001702,CLI-00233,2025-03-28,descarga_reporte,6
EVT-001703,CLI-00341,2025-03-28,uso_feature,4
EVT-001704,CLI-00358,2025-03-28,login,1
EVT-001705,CLI-00365,2025-03-28,login,2
EVT-001706,CLI-00388,2025-03-28,uso_feature,4
EVT-001707,CLI-00412,2025-03-28,descarga_reporte,5
EVT-001708,CLI-00428,2025-03-28,descarga_reporte,5
EVT-001709,CLI-00431,2025-03-28,login,1
EVT-001710,CLI-00452,2025-03-28,login,2
EVT-001711,CLI-00460,2025-03-28,uso_feature,3
EVT-001712,CLI-00469,2025-03-28,login,1
EVT-001713,CLI-00501,2025-03-28,descarga_reporte,5
EVT-001714,CLI-00503,2025-03-28,uso_feature,3
EVT-001715,CLI-00018,2025-04-01,uso_feature,4
EVT-001716,CLI-00055,2025-04-01,login,2
EVT-001717,CLI-00084,2025-04-01,login,1
EVT-001718,CLI-00107,2025-04-01,login,2
EVT-001719,CLI-00144,2025-04-01,login,2
EVT-001720,CLI-00179,2025-04-01,descarga_reporte,6
EVT-001721,CLI-00179,2025-04-01,uso_feature,4
EVT-001722,CLI-00210,2025-04-01,login,1
EVT-001723,CLI-00216,2025-04-01,login,1
EVT-001724,CLI-00281,2025-04-01,descarga_reporte,5
EVT-001725,CLI-00325,2025-04-01,login,1
EVT-001726,CLI-00342,2025-04-01,login,1
EVT-001727,CLI-00349,2025-04-01,login,2
EVT-001728,CLI-00358,2025-04-01,login,1
EVT-001729,CLI-00412,2025-04-01,uso_feature,3
EVT-001730,CLI-00425,2025-04-01,login,1
EVT-001731,CLI-00446,2025-04-01,login,1
EVT-001732,CLI-00446,2025-04-01,invitacion_usuario,9
EVT-001733,CLI-00452,2025-04-01,uso_feature,3
EVT-001734,CLI-00457,2025-04-01,login,1
EVT-001735,CLI-00496,2025-04-01,invitacion_usuario,9
EVT-001736,CLI-00090,2025-04-02,login,1
EVT-001737,CLI-00107,2025-04-02,uso_feature,4
EVT-001738,CLI-00108,2025-04-02,invitacion_usuario,8
EVT-001739,CLI-00109,2025-04-02,descarga_reporte,6
EVT-001740,CLI-00139,2025-04-02,descarga_reporte,5
EVT-001741,CLI-00150,2025-04-02,uso_feature,3
EVT-001742,CLI-00169,2025-04-02,login,1
EVT-001743,CLI-00188,2025-04-02,descarga_reporte,6
EVT-001744,CLI-00216,2025-04-02,login,1
EVT-001745,CLI-00225,2025-04-02,login,1
EVT-001746,CLI-00233,2025-04-02,login,2
EVT-001747,CLI-00247,2025-04-02,login,2
EVT-001748,CLI-00264,2025-04-02,login,1
EVT-001749,CLI-00275,2025-04-02,login,2
EVT-001750,CLI-00381,2025-04-02,uso_feature,3
EVT-001751,CLI-00404,2025-04-02,login,2
EVT-001752,CLI-00411,2025-04-02,login,1
EVT-001753,CLI-00435,2025-04-02,login,2
EVT-001754,CLI-00435,2025-04-02,login,1
EVT-001755,CLI-00509,2025-04-02,descarga_reporte,5
EVT-001756,CLI-00006,2025-04-03,login,1
EVT-001757,CLI-00058,2025-04-03,login,1
EVT-001758,CLI-00060,2025-04-03,login,1
EVT-001759,CLI-00063,2025-04-03,login,1
EVT-001760,CLI-00108,2025-04-03,descarga_reporte,5
EVT-001761,CLI-00117,2025-04-03,login,1
EVT-001762,CLI-00128,2025-04-03,login,1
EVT-001763,CLI-00135,2025-04-03,login,1
EVT-001764,CLI-00145,2025-04-03,login,1
EVT-001765,CLI-00151,2025-04-03,descarga_reporte,6
EVT-001766,CLI-00153,2025-04-03,uso_feature,4
EVT-001767,CLI-00161,2025-04-03,uso_feature,3
EVT-001768,CLI-00194,2025-04-03,login,2
EVT-001769,CLI-00236,2025-04-03,login,1
EVT-001770,CLI-00236,2025-04-03,login,1
EVT-001771,CLI-00240,2025-04-03,uso_feature,3
EVT-001772,CLI-00279,2025-04-03,descarga_reporte,6
EVT-001773,CLI-00315,2025-04-03,login,2
EVT-001774,CLI-00329,2025-04-03,login,2
EVT-001775,CLI-00379,2025-04-03,login,1
EVT-001776,CLI-00396,2025-04-03,descarga_reporte,5
EVT-001777,CLI-00492,2025-04-03,login,1
EVT-001778,CLI-00018,2025-04-04,uso_feature,3
EVT-001779,CLI-00029,2025-04-04,uso_feature,3
EVT-001780,CLI-00029,2025-04-04,login,2
EVT-001781,CLI-00052,2025-04-04,login,1
EVT-001782,CLI-00104,2025-04-04,login,1
EVT-001783,CLI-00128,2025-04-04,login,2
EVT-001784,CLI-00161,2025-04-04,login,2
EVT-001785,CLI-00164,2025-04-04,uso_feature,4
EVT-001786,CLI-00194,2025-04-04,descarga_reporte,5
EVT-001787,CLI-00210,2025-04-04,login,2
EVT-001788,CLI-00218,2025-04-04,login,1
EVT-001789,CLI-00241,2025-04-04,login,1
EVT-001790,CLI-00242,2025-04-04,descarga_reporte,6
EVT-001791,CLI-00279,2025-04-04,login,1
EVT-001792,CLI-00398,2025-04-04,descarga_reporte,5
EVT-001793,CLI-00398,2025-04-04,uso_feature,3
EVT-001794,CLI-00452,2025-04-04,uso_feature,3
EVT-001795,CLI-00455,2025-04-04,uso_feature,3
EVT-001796,CLI-00505,2025-04-04,uso_feature,3
EVT-001797,CLI-00060,2025-04-05,uso_feature,3
EVT-001798,CLI-00066,2025-04-05,login,1
EVT-001799,CLI-00070,2025-04-05,login,1
EVT-001800,CLI-00081,2025-04-05,invitacion_usuario,9
EVT-001801,CLI-00107,2025-04-05,descarga_reporte,6
EVT-001802,CLI-00135,2025-04-05,login,1
EVT-001803,CLI-00206,2025-04-05,login,2
EVT-001804,CLI-00211,2025-04-05,login,2
EVT-001805,CLI-00226,2025-04-05,descarga_reporte,5
EVT-001806,CLI-00226,2025-04-05,uso_feature,3
EVT-001807,CLI-00236,2025-04-05,login,2
EVT-001808,CLI-00240,2025-04-05,login,1
EVT-001809,CLI-00247,2025-04-05,login,1
EVT-001810,CLI-00256,2025-04-05,descarga_reporte,5
EVT-001811,CLI-00354,2025-04-05,descarga_reporte,6
EVT-001812,CLI-00365,2025-04-05,descarga_reporte,6
EVT-001813,CLI-00376,2025-04-05,login,1
EVT-001814,CLI-00385,2025-04-05,login,1
EVT-001815,CLI-00410,2025-04-05,descarga_reporte,6
EVT-001816,CLI-00411,2025-04-05,login,1
EVT-001817,CLI-00424,2025-04-05,login,2
EVT-001818,CLI-00443,2025-04-05,login,2
EVT-001819,CLI-00446,2025-04-05,invitacion_usuario,8
EVT-001820,CLI-00468,2025-04-05,uso_feature,3
EVT-001821,CLI-00490,2025-04-05,uso_feature,4
EVT-001822,CLI-00506,2025-04-05,login,1
EVT-001823,CLI-00016,2025-04-06,login,1
EVT-001824,CLI-00023,2025-04-06,uso_feature,3
EVT-001825,CLI-00039,2025-04-06,login,1
EVT-001826,CLI-00045,2025-04-06,uso_feature,3
EVT-001827,CLI-00070,2025-04-06,descarga_reporte,6
EVT-001828,CLI-00080,2025-04-06,uso_feature,4
EVT-001829,CLI-00123,2025-04-06,descarga_reporte,5
EVT-001830,CLI-00145,2025-04-06,login,1
EVT-001831,CLI-00149,2025-04-06,login,1
EVT-001832,CLI-00211,2025-04-06,invitacion_usuario,9
EVT-001833,CLI-00257,2025-04-06,uso_feature,3
EVT-001834,CLI-00317,2025-04-06,login,1
EVT-001835,CLI-00333,2025-04-06,descarga_reporte,5
EVT-001836,CLI-00345,2025-04-06,login,1
EVT-001837,CLI-00379,2025-04-06,descarga_reporte,5
EVT-001838,CLI-00393,2025-04-06,uso_feature,3
EVT-001839,CLI-00394,2025-04-06,login,1
EVT-001840,CLI-00424,2025-04-06,login,2
EVT-001841,CLI-00435,2025-04-06,login,2
EVT-001842,CLI-00440,2025-04-06,descarga_reporte,6
EVT-001843,CLI-00016,2025-04-07,uso_feature,3
EVT-001844,CLI-00070,2025-04-07,login,1
EVT-001845,CLI-00084,2025-04-07,uso_feature,4
EVT-001846,CLI-00175,2025-04-07,descarga_reporte,5
EVT-001847,CLI-00203,2025-04-07,login,2
EVT-001848,CLI-00271,2025-04-07,invitacion_usuario,8
EVT-001849,CLI-00341,2025-04-07,login,1
EVT-001850,CLI-00359,2025-04-07,uso_feature,3
EVT-001851,CLI-00369,2025-04-07,login,2
EVT-001852,CLI-00384,2025-04-07,uso_feature,3
EVT-001853,CLI-00410,2025-04-07,login,1
EVT-001854,CLI-00429,2025-04-07,login,1
EVT-001855,CLI-00435,2025-04-07,uso_feature,3
EVT-001856,CLI-00484,2025-04-07,descarga_reporte,5
EVT-001857,CLI-00484,2025-04-07,uso_feature,4
EVT-001858,CLI-00009,2025-04-08,login,1
EVT-001859,CLI-00052,2025-04-08,login,2
EVT-001860,CLI-00077,2025-04-08,login,1
EVT-001861,CLI-00090,2025-04-08,uso_feature,3
EVT-001862,CLI-00148,2025-04-08,login,1
EVT-001863,CLI-00157,2025-04-08,invitacion_usuario,9
EVT-001864,CLI-00225,2025-04-08,login,1
EVT-001865,CLI-00235,2025-04-08,uso_feature,4
EVT-001866,CLI-00260,2025-04-08,login,2
EVT-001867,CLI-00281,2025-04-08,login,1
EVT-001868,CLI-00289,2025-04-08,login,1
EVT-001869,CLI-00289,2025-04-08,invitacion_usuario,8
EVT-001870,CLI-00289,2025-04-08,login,1
EVT-001871,CLI-00341,2025-04-08,uso_feature,3
EVT-001872,CLI-00358,2025-04-08,login,2
EVT-001873,CLI-00385,2025-04-08,login,2
EVT-001874,CLI-00431,2025-04-08,invitacion_usuario,8
EVT-001875,CLI-00469,2025-04-08,uso_feature,3
EVT-001876,CLI-00006,2025-04-09,invitacion_usuario,8
EVT-001877,CLI-00009,2025-04-09,uso_feature,3
EVT-001878,CLI-00028,2025-04-09,login,2
EVT-001879,CLI-00047,2025-04-09,login,1
EVT-001880,CLI-00051,2025-04-09,descarga_reporte,5
EVT-001881,CLI-00081,2025-04-09,uso_feature,4
EVT-001882,CLI-00090,2025-04-09,uso_feature,3
EVT-001883,CLI-00123,2025-04-09,login,2
EVT-001884,CLI-00131,2025-04-09,invitacion_usuario,8
EVT-001885,CLI-00145,2025-04-09,login,2
EVT-001886,CLI-00172,2025-04-09,uso_feature,3
EVT-001887,CLI-00199,2025-04-09,uso_feature,3
EVT-001888,CLI-00275,2025-04-09,uso_feature,4
EVT-001889,CLI-00281,2025-04-09,invitacion_usuario,9
EVT-001890,CLI-00344,2025-04-09,login,2
EVT-001891,CLI-00347,2025-04-09,uso_feature,3
EVT-001892,CLI-00382,2025-04-09,login,1
EVT-001893,CLI-00415,2025-04-09,login,1
EVT-001894,CLI-00425,2025-04-09,uso_feature,3
EVT-001895,CLI-00431,2025-04-09,login,2
EVT-001896,CLI-00488,2025-04-09,login,1
EVT-001897,CLI-00500,2025-04-09,uso_feature,3
EVT-001898,CLI-00016,2025-04-10,descarga_reporte,5
EVT-001899,CLI-00029,2025-04-10,uso_feature,3
EVT-001900,CLI-00059,2025-04-10,uso_feature,3
EVT-001901,CLI-00130,2025-04-10,login,1
EVT-001902,CLI-00195,2025-04-10,login,2
EVT-001903,CLI-00238,2025-04-10,uso_feature,3
EVT-001904,CLI-00257,2025-04-10,uso_feature,4
EVT-001905,CLI-00325,2025-04-10,login,2
EVT-001906,CLI-00347,2025-04-10,uso_feature,4
EVT-001907,CLI-00393,2025-04-10,login,1
EVT-001908,CLI-00404,2025-04-10,login,2
EVT-001909,CLI-00412,2025-04-10,login,1
EVT-001910,CLI-00437,2025-04-10,login,2
EVT-001911,CLI-00488,2025-04-10,descarga_reporte,5
EVT-001912,CLI-00492,2025-04-10,login,1
EVT-001913,CLI-00058,2025-04-11,uso_feature,3
EVT-001914,CLI-00077,2025-04-11,login,2
EVT-001915,CLI-00107,2025-04-11,uso_feature,3
EVT-001916,CLI-00109,2025-04-11,login,2
EVT-001917,CLI-00115,2025-04-11,login,1
EVT-001918,CLI-00117,2025-04-11,login,1
EVT-001919,CLI-00135,2025-04-11,login,1
EVT-001920,CLI-00151,2025-04-11,uso_feature,3
EVT-001921,CLI-00164,2025-04-11,uso_feature,3
EVT-001922,CLI-00238,2025-04-11,login,1
EVT-001923,CLI-00271,2025-04-11,login,1
EVT-001924,CLI-00344,2025-04-11,uso_feature,3
EVT-001925,CLI-00384,2025-04-11,uso_feature,3
EVT-001926,CLI-00469,2025-04-11,uso_feature,3
EVT-001927,CLI-00500,2025-04-11,login,1
EVT-001928,CLI-00003,2025-04-12,uso_feature,4
EVT-001929,CLI-00052,2025-04-12,login,1
EVT-001930,CLI-00080,2025-04-12,uso_feature,3
EVT-001931,CLI-00135,2025-04-12,descarga_reporte,6
EVT-001932,CLI-00139,2025-04-12,uso_feature,4
EVT-001933,CLI-00153,2025-04-12,uso_feature,3
EVT-001934,CLI-00200,2025-04-12,login,2
EVT-001935,CLI-00210,2025-04-12,login,1
EVT-001936,CLI-00216,2025-04-12,login,2
EVT-001937,CLI-00242,2025-04-12,login,1
EVT-001938,CLI-00248,2025-04-12,uso_feature,3
EVT-001939,CLI-00249,2025-04-12,login,2
EVT-001940,CLI-00350,2025-04-12,uso_feature,3
EVT-001941,CLI-00353,2025-04-12,uso_feature,3
EVT-001942,CLI-00367,2025-04-12,uso_feature,4
EVT-001943,CLI-00388,2025-04-12,login,1
EVT-001944,CLI-00390,2025-04-12,uso_feature,3
EVT-001945,CLI-00425,2025-04-12,invitacion_usuario,9
EVT-001946,CLI-00475,2025-04-12,descarga_reporte,6
EVT-001947,CLI-00004,2025-04-13,login,1
EVT-001948,CLI-00016,2025-04-13,uso_feature,3
EVT-001949,CLI-00023,2025-04-13,login,1
EVT-001950,CLI-00039,2025-04-13,uso_feature,3
EVT-001951,CLI-00066,2025-04-13,descarga_reporte,6
EVT-001952,CLI-00117,2025-04-13,uso_feature,4
EVT-001953,CLI-00123,2025-04-13,login,1
EVT-001954,CLI-00123,2025-04-13,uso_feature,3
EVT-001955,CLI-00130,2025-04-13,uso_feature,3
EVT-001956,CLI-00130,2025-04-13,login,2
EVT-001957,CLI-00157,2025-04-13,login,2
EVT-001958,CLI-00199,2025-04-13,descarga_reporte,5
EVT-001959,CLI-00204,2025-04-13,login,2
EVT-001960,CLI-00204,2025-04-13,login,1
EVT-001961,CLI-00238,2025-04-13,uso_feature,4
EVT-001962,CLI-00240,2025-04-13,login,1
EVT-001963,CLI-00341,2025-04-13,invitacion_usuario,9
EVT-001964,CLI-00347,2025-04-13,login,2
EVT-001965,CLI-00369,2025-04-13,descarga_reporte,5
EVT-001966,CLI-00382,2025-04-13,login,1
EVT-001967,CLI-00396,2025-04-13,uso_feature,3
EVT-001968,CLI-00429,2025-04-13,login,1
EVT-001969,CLI-00036,2025-04-14,uso_feature,3
EVT-001970,CLI-00052,2025-04-14,descarga_reporte,5
EVT-001971,CLI-00070,2025-04-14,descarga_reporte,5
EVT-001972,CLI-00106,2025-04-14,uso_feature,3
EVT-001973,CLI-00109,2025-04-14,uso_feature,3
EVT-001974,CLI-00149,2025-04-14,uso_feature,3
EVT-001975,CLI-00189,2025-04-14,uso_feature,3
EVT-001976,CLI-00228,2025-04-14,login,1
EVT-001977,CLI-00256,2025-04-14,login,2
EVT-001978,CLI-00271,2025-04-14,login,1
EVT-001979,CLI-00339,2025-04-14,uso_feature,3
EVT-001980,CLI-00343,2025-04-14,login,2
EVT-001981,CLI-00393,2025-04-14,descarga_reporte,5
EVT-001982,CLI-00394,2025-04-14,descarga_reporte,5
EVT-001983,CLI-00399,2025-04-14,uso_feature,3
EVT-001984,CLI-00404,2025-04-14,descarga_reporte,5
EVT-001985,CLI-00414,2025-04-14,uso_feature,4
EVT-001986,CLI-00436,2025-04-14,uso_feature,4
EVT-001987,CLI-00436,2025-04-14,uso_feature,3
EVT-001988,CLI-00458,2025-04-14,login,1
EVT-001989,CLI-00475,2025-04-14,login,2
EVT-001990,CLI-00484,2025-04-14,descarga_reporte,5
EVT-001991,CLI-00488,2025-04-14,login,2
EVT-001992,CLI-00032,2025-04-15,uso_feature,3
EVT-001993,CLI-00081,2025-04-15,login,1
EVT-001994,CLI-00130,2025-04-15,login,1
EVT-001995,CLI-00136,2025-04-15,descarga_reporte,5
EVT-001996,CLI-00142,2025-04-15,login,1
EVT-001997,CLI-00144,2025-04-15,login,2
EVT-001998,CLI-00161,2025-04-15,login,1
EVT-001999,CLI-00163,2025-04-15,login,1
EVT-002000,CLI-00173,2025-04-15,login,2
EVT-002001,CLI-00203,2025-04-15,login,1
EVT-002002,CLI-00265,2025-04-15,login,1
EVT-002003,CLI-00279,2025-04-15,uso_feature,3
EVT-002004,CLI-00306,2025-04-15,login,1
EVT-002005,CLI-00333,2025-04-15,login,1
EVT-002006,CLI-00342,2025-04-15,uso_feature,4
EVT-002007,CLI-00394,2025-04-15,login,1
EVT-002008,CLI-00429,2025-04-15,uso_feature,3
EVT-002009,CLI-00490,2025-04-15,uso_feature,3
EVT-002010,CLI-00496,2025-04-15,uso_feature,3
EVT-002011,CLI-00506,2025-04-15,invitacion_usuario,8
EVT-002012,CLI-00034,2025-04-16,login,1
EVT-002013,CLI-00043,2025-04-16,login,1
EVT-002014,CLI-00084,2025-04-16,login,1
EVT-002015,CLI-00088,2025-04-16,uso_feature,4
EVT-002016,CLI-00096,2025-04-16,login,1
EVT-002017,CLI-00139,2025-04-16,login,1
EVT-002018,CLI-00194,2025-04-16,login,1
EVT-002019,CLI-00204,2025-04-16,uso_feature,4
EVT-002020,CLI-00225,2025-04-16,login,2
EVT-002021,CLI-00249,2025-04-16,uso_feature,3
EVT-002022,CLI-00281,2025-04-16,uso_feature,3
EVT-002023,CLI-00289,2025-04-16,uso_feature,4
EVT-002024,CLI-00290,2025-04-16,uso_feature,3
EVT-002025,CLI-00333,2025-04-16,login,1
EVT-002026,CLI-00365,2025-04-16,uso_feature,3
EVT-002027,CLI-00384,2025-04-16,login,2
EVT-002028,CLI-00394,2025-04-16,uso_feature,3
EVT-002029,CLI-00425,2025-04-16,login,2
EVT-002030,CLI-00429,2025-04-16,login,1
EVT-002031,CLI-00436,2025-04-16,uso_feature,3
EVT-002032,CLI-00443,2025-04-16,uso_feature,3
EVT-002033,CLI-00443,2025-04-16,uso_feature,3
EVT-002034,CLI-00458,2025-04-16,descarga_reporte,6
EVT-002035,CLI-00475,2025-04-16,uso_feature,3
EVT-002036,CLI-00028,2025-04-17,uso_feature,4
EVT-002037,CLI-00054,2025-04-17,uso_feature,3
EVT-002038,CLI-00054,2025-04-17,descarga_reporte,5
EVT-002039,CLI-00060,2025-04-17,login,1
EVT-002040,CLI-00063,2025-04-17,login,2
EVT-002041,CLI-00077,2025-04-17,invitacion_usuario,8
EVT-002042,CLI-00080,2025-04-17,login,1
EVT-002043,CLI-00145,2025-04-17,descarga_reporte,5
EVT-002044,CLI-00161,2025-04-17,invitacion_usuario,9
EVT-002045,CLI-00188,2025-04-17,login,1
EVT-002046,CLI-00195,2025-04-17,login,2
EVT-002047,CLI-00196,2025-04-17,descarga_reporte,5
EVT-002048,CLI-00257,2025-04-17,invitacion_usuario,9
EVT-002049,CLI-00271,2025-04-17,invitacion_usuario,8
EVT-002050,CLI-00340,2025-04-17,uso_feature,4
EVT-002051,CLI-00347,2025-04-17,login,1
EVT-002052,CLI-00396,2025-04-17,uso_feature,4
EVT-002053,CLI-00411,2025-04-17,login,1
EVT-002054,CLI-00431,2025-04-17,login,1
EVT-002055,CLI-00437,2025-04-17,login,1
EVT-002056,CLI-00503,2025-04-17,login,2
EVT-002057,CLI-00073,2025-04-18,login,1
EVT-002058,CLI-00088,2025-04-18,descarga_reporte,5
EVT-002059,CLI-00128,2025-04-18,uso_feature,4
EVT-002060,CLI-00169,2025-04-18,descarga_reporte,5
EVT-002061,CLI-00249,2025-04-18,invitacion_usuario,8
EVT-002062,CLI-00260,2025-04-18,login,1
EVT-002063,CLI-00391,2025-04-18,descarga_reporte,6
EVT-002064,CLI-00468,2025-04-18,login,1
EVT-002065,CLI-00506,2025-04-18,uso_feature,3
EVT-002066,CLI-00006,2025-04-19,login,1
EVT-002067,CLI-00018,2025-04-19,descarga_reporte,5
EVT-002068,CLI-00043,2025-04-19,uso_feature,4
EVT-002069,CLI-00045,2025-04-19,login,1
EVT-002070,CLI-00054,2025-04-19,login,1
EVT-002071,CLI-00073,2025-04-19,uso_feature,3
EVT-002072,CLI-00150,2025-04-19,invitacion_usuario,8
EVT-002073,CLI-00153,2025-04-19,descarga_reporte,6
EVT-002074,CLI-00163,2025-04-19,login,1
EVT-002075,CLI-00169,2025-04-19,login,2
EVT-002076,CLI-00203,2025-04-19,uso_feature,4
EVT-002077,CLI-00240,2025-04-19,descarga_reporte,6
EVT-002078,CLI-00240,2025-04-19,login,1
EVT-002079,CLI-00265,2025-04-19,login,1
EVT-002080,CLI-00329,2025-04-19,uso_feature,3
EVT-002081,CLI-00332,2025-04-19,login,1
EVT-002082,CLI-00333,2025-04-19,uso_feature,4
EVT-002083,CLI-00353,2025-04-19,login,2
EVT-002084,CLI-00376,2025-04-19,invitacion_usuario,8
EVT-002085,CLI-00384,2025-04-19,login,2
EVT-002086,CLI-00385,2025-04-19,login,1
EVT-002087,CLI-00424,2025-04-19,uso_feature,4
EVT-002088,CLI-00455,2025-04-19,login,1
EVT-002089,CLI-00009,2025-04-20,login,1
EVT-002090,CLI-00028,2025-04-20,login,1
EVT-002091,CLI-00034,2025-04-20,login,1
EVT-002092,CLI-00046,2025-04-20,uso_feature,3
EVT-002093,CLI-00047,2025-04-20,login,1
EVT-002094,CLI-00060,2025-04-20,login,2
EVT-002095,CLI-00115,2025-04-20,descarga_reporte,6
EVT-002096,CLI-00115,2025-04-20,uso_feature,3
EVT-002097,CLI-00163,2025-04-20,uso_feature,3
EVT-002098,CLI-00169,2025-04-20,login,1
EVT-002099,CLI-00189,2025-04-20,login,1
EVT-002100,CLI-00233,2025-04-20,uso_feature,3
EVT-002101,CLI-00256,2025-04-20,login,2
EVT-002102,CLI-00337,2025-04-20,invitacion_usuario,8
EVT-002103,CLI-00353,2025-04-20,login,1
EVT-002104,CLI-00359,2025-04-20,login,2
EVT-002105,CLI-00382,2025-04-20,uso_feature,3
EVT-002106,CLI-00396,2025-04-20,login,1
EVT-002107,CLI-00404,2025-04-20,login,1
EVT-002108,CLI-00428,2025-04-20,uso_feature,3
EVT-002109,CLI-00436,2025-04-20,uso_feature,3
EVT-002110,CLI-00440,2025-04-20,uso_feature,3
EVT-002111,CLI-00440,2025-04-20,login,2
EVT-002112,CLI-00460,2025-04-20,login,1
EVT-002113,CLI-00468,2025-04-20,login,2
EVT-002114,CLI-00501,2025-04-20,uso_feature,3
EVT-002115,CLI-00039,2025-04-21,uso_feature,4
EVT-002116,CLI-00046,2025-04-21,uso_feature,3
EVT-002117,CLI-00066,2025-04-21,uso_feature,3
EVT-002118,CLI-00081,2025-04-21,login,1
EVT-002119,CLI-00150,2025-04-21,uso_feature,3
EVT-002120,CLI-00164,2025-04-21,login,1
EVT-002121,CLI-00257,2025-04-21,invitacion_usuario,9
EVT-002122,CLI-00289,2025-04-21,uso_feature,3
EVT-002123,CLI-00353,2025-04-21,descarga_reporte,5
EVT-002124,CLI-00412,2025-04-21,login,1
EVT-002125,CLI-00415,2025-04-21,login,1
EVT-002126,CLI-00468,2025-04-21,login,1
EVT-002127,CLI-00484,2025-04-21,login,1
EVT-002128,CLI-00496,2025-04-21,descarga_reporte,5
EVT-002129,CLI-00006,2025-04-22,login,2
EVT-002130,CLI-00027,2025-04-22,uso_feature,3
EVT-002131,CLI-00036,2025-04-22,login,2
EVT-002132,CLI-00036,2025-04-22,login,2
EVT-002133,CLI-00054,2025-04-22,uso_feature,3
EVT-002134,CLI-00066,2025-04-22,uso_feature,3
EVT-002135,CLI-00073,2025-04-22,invitacion_usuario,8
EVT-002136,CLI-00123,2025-04-22,login,2
EVT-002137,CLI-00128,2025-04-22,uso_feature,4
EVT-002138,CLI-00148,2025-04-22,descarga_reporte,5
EVT-002139,CLI-00188,2025-04-22,descarga_reporte,5
EVT-002140,CLI-00194,2025-04-22,login,2
EVT-002141,CLI-00200,2025-04-22,login,1
EVT-002142,CLI-00200,2025-04-22,login,1
EVT-002143,CLI-00210,2025-04-22,login,1
EVT-002144,CLI-00225,2025-04-22,login,1
EVT-002145,CLI-00279,2025-04-22,login,1
EVT-002146,CLI-00333,2025-04-22,login,1
EVT-002147,CLI-00365,2025-04-22,uso_feature,3
EVT-002148,CLI-00388,2025-04-22,login,1
EVT-002149,CLI-00411,2025-04-22,uso_feature,3
EVT-002150,CLI-00073,2025-04-23,uso_feature,4
EVT-002151,CLI-00077,2025-04-23,invitacion_usuario,9
EVT-002152,CLI-00088,2025-04-23,uso_feature,3
EVT-002153,CLI-00090,2025-04-23,login,1
EVT-002154,CLI-00097,2025-04-23,login,1
EVT-002155,CLI-00128,2025-04-23,uso_feature,3
EVT-002156,CLI-00130,2025-04-23,login,1
EVT-002157,CLI-00200,2025-04-23,login,1
EVT-002158,CLI-00238,2025-04-23,login,2
EVT-002159,CLI-00248,2025-04-23,login,2
EVT-002160,CLI-00271,2025-04-23,login,1
EVT-002161,CLI-00290,2025-04-23,login,2
EVT-002162,CLI-00315,2025-04-23,descarga_reporte,5
EVT-002163,CLI-00317,2025-04-23,uso_feature,3
EVT-002164,CLI-00390,2025-04-23,uso_feature,3
EVT-002165,CLI-00391,2025-04-23,uso_feature,3
EVT-002166,CLI-00416,2025-04-23,login,2
EVT-002167,CLI-00428,2025-04-23,login,1
EVT-002168,CLI-00443,2025-04-23,login,1
EVT-002169,CLI-00468,2025-04-23,login,1
EVT-002170,CLI-00036,2025-04-24,login,1
EVT-002171,CLI-00046,2025-04-24,login,2
EVT-002172,CLI-00047,2025-04-24,login,1
EVT-002173,CLI-00060,2025-04-24,login,2
EVT-002174,CLI-00148,2025-04-24,uso_feature,3
EVT-002175,CLI-00195,2025-04-24,login,1
EVT-002176,CLI-00200,2025-04-24,login,1
EVT-002177,CLI-00257,2025-04-24,uso_feature,3
EVT-002178,CLI-00415,2025-04-24,uso_feature,3
EVT-002179,CLI-00431,2025-04-24,login,1
EVT-002180,CLI-00437,2025-04-24,uso_feature,3
EVT-002181,CLI-00437,2025-04-24,uso_feature,3
EVT-002182,CLI-00475,2025-04-24,login,1
EVT-002183,CLI-00496,2025-04-24,login,2
EVT-002184,CLI-00004,2025-04-25,descarga_reporte,5
EVT-002185,CLI-00080,2025-04-25,login,1
EVT-002186,CLI-00108,2025-04-25,uso_feature,4
EVT-002187,CLI-00109,2025-04-25,invitacion_usuario,8
EVT-002188,CLI-00109,2025-04-25,login,1
EVT-002189,CLI-00144,2025-04-25,login,1
EVT-002190,CLI-00161,2025-04-25,login,1
EVT-002191,CLI-00170,2025-04-25,login,1
EVT-002192,CLI-00191,2025-04-25,login,1
EVT-002193,CLI-00194,2025-04-25,uso_feature,3
EVT-002194,CLI-00203,2025-04-25,uso_feature,3
EVT-002195,CLI-00216,2025-04-25,login,2
EVT-002196,CLI-00242,2025-04-25,login,1
EVT-002197,CLI-00260,2025-04-25,uso_feature,3
EVT-002198,CLI-00260,2025-04-25,login,1
EVT-002199,CLI-00344,2025-04-25,login,1
EVT-002200,CLI-00344,2025-04-25,login,1
EVT-002201,CLI-00345,2025-04-25,login,1
EVT-002202,CLI-00365,2025-04-25,login,1
EVT-002203,CLI-00385,2025-04-25,login,1
EVT-002204,CLI-00455,2025-04-25,login,2
EVT-002205,CLI-00485,2025-04-25,login,1
EVT-002206,CLI-00004,2025-04-26,login,2
EVT-002207,CLI-00006,2025-04-26,login,1
EVT-002208,CLI-00009,2025-04-26,uso_feature,3
EVT-002209,CLI-00016,2025-04-26,uso_feature,3
EVT-002210,CLI-00035,2025-04-26,login,1
EVT-002211,CLI-00070,2025-04-26,uso_feature,4
EVT-002212,CLI-00084,2025-04-26,login,1
EVT-002213,CLI-00150,2025-04-26,descarga_reporte,5
EVT-002214,CLI-00249,2025-04-26,uso_feature,3
EVT-002215,CLI-00249,2025-04-26,login,1
EVT-002216,CLI-00250,2025-04-26,descarga_reporte,5
EVT-002217,CLI-00265,2025-04-26,invitacion_usuario,8
EVT-002218,CLI-00275,2025-04-26,invitacion_usuario,8
EVT-002219,CLI-00290,2025-04-26,login,1
EVT-002220,CLI-00344,2025-04-26,uso_feature,4
EVT-002221,CLI-00369,2025-04-26,login,1
EVT-002222,CLI-00393,2025-04-26,login,1
EVT-002223,CLI-00431,2025-04-26,uso_feature,3
EVT-002224,CLI-00453,2025-04-26,login,1
EVT-002225,CLI-00455,2025-04-26,descarga_reporte,5
EVT-002226,CLI-00484,2025-04-26,login,1
EVT-002227,CLI-00052,2025-04-27,login,1
EVT-002228,CLI-00063,2025-04-27,uso_feature,3
EVT-002229,CLI-00173,2025-04-27,uso_feature,3
EVT-002230,CLI-00203,2025-04-27,login,1
EVT-002231,CLI-00204,2025-04-27,uso_feature,3
EVT-002232,CLI-00248,2025-04-27,login,2
EVT-002233,CLI-00250,2025-04-27,invitacion_usuario,8
EVT-002234,CLI-00265,2025-04-27,uso_feature,3
EVT-002235,CLI-00272,2025-04-27,login,1
EVT-002236,CLI-00341,2025-04-27,login,1
EVT-002237,CLI-00359,2025-04-27,login,1
EVT-002238,CLI-00379,2025-04-27,uso_feature,3
EVT-002239,CLI-00385,2025-04-27,login,1
EVT-002240,CLI-00388,2025-04-27,login,2
EVT-002241,CLI-00398,2025-04-27,uso_feature,3
EVT-002242,CLI-00412,2025-04-27,uso_feature,4
EVT-002243,CLI-00433,2025-04-27,descarga_reporte,5
EVT-002244,CLI-00452,2025-04-27,login,1
EVT-002245,CLI-00041,2025-04-28,uso_feature,3
EVT-002246,CLI-00106,2025-04-28,login,1
EVT-002247,CLI-00108,2025-04-28,login,1
EVT-002248,CLI-00144,2025-04-28,descarga_reporte,5
EVT-002249,CLI-00169,2025-04-28,uso_feature,4
EVT-002250,CLI-00173,2025-04-28,login,1
EVT-002251,CLI-00199,2025-04-28,login,1
EVT-002252,CLI-00211,2025-04-28,login,1
EVT-002253,CLI-00275,2025-04-28,login,1
EVT-002254,CLI-00337,2025-04-28,uso_feature,3
EVT-002255,CLI-00429,2025-04-28,invitacion_usuario,8
EVT-002256,CLI-00435,2025-04-28,uso_feature,3
EVT-002257,CLI-00440,2025-04-28,descarga_reporte,6
EVT-002258,CLI-00448,2025-04-28,login,2
EVT-002259,CLI-00475,2025-04-28,login,1
EVT-002260,CLI-00506,2025-04-28,login,1
EVT-002261,CLI-00027,2025-05-01,login,2
EVT-002262,CLI-00097,2025-05-01,descarga_reporte,6
EVT-002263,CLI-00136,2025-05-01,uso_feature,3
EVT-002264,CLI-00145,2025-05-01,invitacion_usuario,8
EVT-002265,CLI-00149,2025-05-01,login,2
EVT-002266,CLI-00169,2025-05-01,login,1
EVT-002267,CLI-00173,2025-05-01,descarga_reporte,5
EVT-002268,CLI-00189,2025-05-01,uso_feature,3
EVT-002269,CLI-00191,2025-05-01,login,1
EVT-002270,CLI-00195,2025-05-01,login,1
EVT-002271,CLI-00200,2025-05-01,uso_feature,3
EVT-002272,CLI-00249,2025-05-01,login,2
EVT-002273,CLI-00350,2025-05-01,uso_feature,3
EVT-002274,CLI-00354,2025-05-01,descarga_reporte,5
EVT-002275,CLI-00354,2025-05-01,login,1
EVT-002276,CLI-00393,2025-05-01,invitacion_usuario,9
EVT-002277,CLI-00429,2025-05-01,login,2
EVT-002278,CLI-00436,2025-05-01,uso_feature,4
EVT-002279,CLI-00446,2025-05-01,uso_feature,3
EVT-002280,CLI-00455,2025-05-01,uso_feature,4
EVT-002281,CLI-00488,2025-05-01,login,1
EVT-002282,CLI-00506,2025-05-01,login,1
EVT-002283,CLI-00016,2025-05-02,uso_feature,4
EVT-002284,CLI-00035,2025-05-02,uso_feature,4
EVT-002285,CLI-00041,2025-05-02,login,1
EVT-002286,CLI-00045,2025-05-02,login,1
EVT-002287,CLI-00059,2025-05-02,uso_feature,3
EVT-002288,CLI-00060,2025-05-02,uso_feature,3
EVT-002289,CLI-00196,2025-05-02,login,1
EVT-002290,CLI-00199,2025-05-02,descarga_reporte,5
EVT-002291,CLI-00200,2025-05-02,login,2
EVT-002292,CLI-00248,2025-05-02,invitacion_usuario,8
EVT-002293,CLI-00265,2025-05-02,uso_feature,3
EVT-002294,CLI-00290,2025-05-02,login,1
EVT-002295,CLI-00357,2025-05-02,uso_feature,3
EVT-002296,CLI-00388,2025-05-02,login,2
EVT-002297,CLI-00393,2025-05-02,login,1
EVT-002298,CLI-00414,2025-05-02,login,1
EVT-002299,CLI-00503,2025-05-02,login,2
EVT-002300,CLI-00047,2025-05-03,uso_feature,4
EVT-002301,CLI-00052,2025-05-03,login,1
EVT-002302,CLI-00070,2025-05-03,login,1
EVT-002303,CLI-00090,2025-05-03,login,1
EVT-002304,CLI-00148,2025-05-03,login,1
EVT-002305,CLI-00161,2025-05-03,uso_feature,3
EVT-002306,CLI-00175,2025-05-03,descarga_reporte,6
EVT-002307,CLI-00206,2025-05-03,login,2
EVT-002308,CLI-00218,2025-05-03,invitacion_usuario,8
EVT-002309,CLI-00257,2025-05-03,invitacion_usuario,8
EVT-002310,CLI-00317,2025-05-03,uso_feature,4
EVT-002311,CLI-00376,2025-05-03,descarga_reporte,6
EVT-002312,CLI-00390,2025-05-03,login,1
EVT-002313,CLI-00393,2025-05-03,uso_feature,3
EVT-002314,CLI-00429,2025-05-03,login,1
EVT-002315,CLI-00433,2025-05-03,login,1
EVT-002316,CLI-00443,2025-05-03,invitacion_usuario,8
EVT-002317,CLI-00458,2025-05-03,login,1
EVT-002318,CLI-00475,2025-05-03,descarga_reporte,6
EVT-002319,CLI-00029,2025-05-04,uso_feature,4
EVT-002320,CLI-00032,2025-05-04,uso_feature,3
EVT-002321,CLI-00036,2025-05-04,login,2
EVT-002322,CLI-00149,2025-05-04,login,2
EVT-002323,CLI-00151,2025-05-04,descarga_reporte,5
EVT-002324,CLI-00195,2025-05-04,login,1
EVT-002325,CLI-00225,2025-05-04,login,1
EVT-002326,CLI-00228,2025-05-04,login,1
EVT-002327,CLI-00242,2025-05-04,descarga_reporte,5
EVT-002328,CLI-00344,2025-05-04,login,2
EVT-002329,CLI-00358,2025-05-04,descarga_reporte,5
EVT-002330,CLI-00367,2025-05-04,uso_feature,3
EVT-002331,CLI-00404,2025-05-04,login,2
EVT-002332,CLI-00410,2025-05-04,login,2
EVT-002333,CLI-00415,2025-05-04,descarga_reporte,6
EVT-002334,CLI-00424,2025-05-04,login,1
EVT-002335,CLI-00023,2025-05-05,login,2
EVT-002336,CLI-00027,2025-05-05,login,2
EVT-002337,CLI-00039,2025-05-05,login,2
EVT-002338,CLI-00055,2025-05-05,descarga_reporte,5
EVT-002339,CLI-00063,2025-05-05,login,1
EVT-002340,CLI-00066,2025-05-05,login,2
EVT-002341,CLI-00115,2025-05-05,descarga_reporte,5
EVT-002342,CLI-00123,2025-05-05,invitacion_usuario,9
EVT-002343,CLI-00135,2025-05-05,login,1
EVT-002344,CLI-00142,2025-05-05,login,1
EVT-002345,CLI-00153,2025-05-05,uso_feature,4
EVT-002346,CLI-00153,2025-05-05,descarga_reporte,5
EVT-002347,CLI-00153,2025-05-05,login,1
EVT-002348,CLI-00169,2025-05-05,descarga_reporte,5
EVT-002349,CLI-00175,2025-05-05,login,1
EVT-002350,CLI-00191,2025-05-05,login,1
EVT-002351,CLI-00225,2025-05-05,login,1
EVT-002352,CLI-00228,2025-05-05,descarga_reporte,5
EVT-002353,CLI-00365,2025-05-05,login,1
EVT-002354,CLI-00367,2025-05-05,descarga_reporte,5
EVT-002355,CLI-00376,2025-05-05,login,2
EVT-002356,CLI-00381,2025-05-05,login,2
EVT-002357,CLI-00382,2025-05-05,descarga_reporte,6
EVT-002358,CLI-00396,2025-05-05,uso_feature,3
EVT-002359,CLI-00399,2025-05-05,descarga_reporte,5
EVT-002360,CLI-00428,2025-05-05,login,2
EVT-002361,CLI-00436,2025-05-05,uso_feature,3
EVT-002362,CLI-00484,2025-05-05,login,1
EVT-002363,CLI-00488,2025-05-05,login,1
EVT-002364,CLI-00490,2025-05-05,login,2
EVT-002365,CLI-00503,2025-05-05,uso_feature,3
EVT-002366,CLI-00045,2025-05-06,uso_feature,3
EVT-002367,CLI-00107,2025-05-06,login,1
EVT-002368,CLI-00109,2025-05-06,login,1
EVT-002369,CLI-00173,2025-05-06,uso_feature,3
EVT-002370,CLI-00173,2025-05-06,login,2
EVT-002371,CLI-00191,2025-05-06,uso_feature,4
EVT-002372,CLI-00194,2025-05-06,uso_feature,4
EVT-002373,CLI-00228,2025-05-06,uso_feature,3
EVT-002374,CLI-00271,2025-05-06,uso_feature,4
EVT-002375,CLI-00281,2025-05-06,invitacion_usuario,8
EVT-002376,CLI-00289,2025-05-06,login,2
EVT-002377,CLI-00290,2025-05-06,uso_feature,3
EVT-002378,CLI-00325,2025-05-06,login,1
EVT-002379,CLI-00333,2025-05-06,uso_feature,4
EVT-002380,CLI-00371,2025-05-06,login,1
EVT-002381,CLI-00388,2025-05-06,login,1
EVT-002382,CLI-00428,2025-05-06,uso_feature,3
EVT-002383,CLI-00455,2025-05-06,uso_feature,3
EVT-002384,CLI-00506,2025-05-06,login,1
EVT-002385,CLI-00039,2025-05-07,login,1
EVT-002386,CLI-00070,2025-05-07,login,1
EVT-002387,CLI-00088,2025-05-07,login,1
EVT-002388,CLI-00104,2025-05-07,login,2
EVT-002389,CLI-00108,2025-05-07,login,2
EVT-002390,CLI-00164,2025-05-07,uso_feature,3
EVT-002391,CLI-00173,2025-05-07,login,2
EVT-002392,CLI-00179,2025-05-07,descarga_reporte,5
EVT-002393,CLI-00200,2025-05-07,descarga_reporte,5
EVT-002394,CLI-00216,2025-05-07,login,1
EVT-002395,CLI-00333,2025-05-07,login,2
EVT-002396,CLI-00342,2025-05-07,descarga_reporte,5
EVT-002397,CLI-00376,2025-05-07,uso_feature,4
EVT-002398,CLI-00379,2025-05-07,login,1
EVT-002399,CLI-00457,2025-05-07,login,2
EVT-002400,CLI-00488,2025-05-07,login,1
EVT-002401,CLI-00018,2025-05-08,descarga_reporte,5
EVT-002402,CLI-00028,2025-05-08,descarga_reporte,5
EVT-002403,CLI-00032,2025-05-08,uso_feature,3
EVT-002404,CLI-00034,2025-05-08,descarga_reporte,6
EVT-002405,CLI-00073,2025-05-08,uso_feature,4
EVT-002406,CLI-00073,2025-05-08,uso_feature,3
EVT-002407,CLI-00080,2025-05-08,login,2
EVT-002408,CLI-00084,2025-05-08,login,2
EVT-002409,CLI-00084,2025-05-08,login,1
EVT-002410,CLI-00145,2025-05-08,invitacion_usuario,8
EVT-002411,CLI-00203,2025-05-08,login,2
EVT-002412,CLI-00216,2025-05-08,login,1
EVT-002413,CLI-00228,2025-05-08,login,1
EVT-002414,CLI-00249,2025-05-08,descarga_reporte,6
EVT-002415,CLI-00250,2025-05-08,login,1
EVT-002416,CLI-00279,2025-05-08,uso_feature,3
EVT-002417,CLI-00337,2025-05-08,uso_feature,4
EVT-002418,CLI-00339,2025-05-08,login,2
EVT-002419,CLI-00341,2025-05-08,invitacion_usuario,8
EVT-002420,CLI-00342,2025-05-08,login,1
EVT-002421,CLI-00344,2025-05-08,uso_feature,4
EVT-002422,CLI-00345,2025-05-08,uso_feature,3
EVT-002423,CLI-00347,2025-05-08,uso_feature,3
EVT-002424,CLI-00379,2025-05-08,login,1
EVT-002425,CLI-00501,2025-05-08,descarga_reporte,5
EVT-002426,CLI-00506,2025-05-08,uso_feature,3
EVT-002427,CLI-00016,2025-05-09,login,2
EVT-002428,CLI-00073,2025-05-09,descarga_reporte,5
EVT-002429,CLI-00107,2025-05-09,descarga_reporte,5
EVT-002430,CLI-00115,2025-05-09,login,2
EVT-002431,CLI-00130,2025-05-09,login,1
EVT-002432,CLI-00148,2025-05-09,login,1
EVT-002433,CLI-00157,2025-05-09,login,1
EVT-002434,CLI-00179,2025-05-09,login,1
EVT-002435,CLI-00218,2025-05-09,login,1
EVT-002436,CLI-00225,2025-05-09,descarga_reporte,5
EVT-002437,CLI-00235,2025-05-09,descarga_reporte,6
EVT-002438,CLI-00240,2025-05-09,login,1
EVT-002439,CLI-00249,2025-05-09,login,1
EVT-002440,CLI-00289,2025-05-09,descarga_reporte,5
EVT-002441,CLI-00306,2025-05-09,uso_feature,4
EVT-002442,CLI-00353,2025-05-09,descarga_reporte,5
EVT-002443,CLI-00357,2025-05-09,uso_feature,4
EVT-002444,CLI-00365,2025-05-09,login,2
EVT-002445,CLI-00394,2025-05-09,login,2
EVT-002446,CLI-00428,2025-05-09,login,2
EVT-002447,CLI-00435,2025-05-09,invitacion_usuario,8
EVT-002448,CLI-00492,2025-05-09,descarga_reporte,6
EVT-002449,CLI-00018,2025-05-10,invitacion_usuario,8
EVT-002450,CLI-00097,2025-05-10,login,1
EVT-002451,CLI-00104,2025-05-10,uso_feature,3
EVT-002452,CLI-00104,2025-05-10,login,1
EVT-002453,CLI-00107,2025-05-10,login,1
EVT-002454,CLI-00109,2025-05-10,uso_feature,3
EVT-002455,CLI-00145,2025-05-10,descarga_reporte,5
EVT-002456,CLI-00172,2025-05-10,uso_feature,3
EVT-002457,CLI-00196,2025-05-10,login,1
EVT-002458,CLI-00206,2025-05-10,uso_feature,3
EVT-002459,CLI-00306,2025-05-10,login,2
EVT-002460,CLI-00354,2025-05-10,login,1
EVT-002461,CLI-00396,2025-05-10,uso_feature,4
EVT-002462,CLI-00043,2025-05-11,uso_feature,3
EVT-002463,CLI-00046,2025-05-11,descarga_reporte,6
EVT-002464,CLI-00080,2025-05-11,login,1
EVT-002465,CLI-00117,2025-05-11,login,1
EVT-002466,CLI-00130,2025-05-11,login,1
EVT-002467,CLI-00153,2025-05-11,descarga_reporte,6
EVT-002468,CLI-00172,2025-05-11,descarga_reporte,5
EVT-002469,CLI-00236,2025-05-11,uso_feature,4
EVT-002470,CLI-00250,2025-05-11,invitacion_usuario,9
EVT-002471,CLI-00325,2025-05-11,uso_feature,3
EVT-002472,CLI-00337,2025-05-11,descarga_reporte,5
EVT-002473,CLI-00343,2025-05-11,uso_feature,4
EVT-002474,CLI-00357,2025-05-11,invitacion_usuario,8
EVT-002475,CLI-00384,2025-05-11,invitacion_usuario,8
EVT-002476,CLI-00385,2025-05-11,login,1
EVT-002477,CLI-00390,2025-05-11,login,1
EVT-002478,CLI-00393,2025-05-11,uso_feature,3
EVT-002479,CLI-00416,2025-05-11,login,2
EVT-002480,CLI-00488,2025-05-11,uso_feature,4
EVT-002481,CLI-00054,2025-05-12,login,2
EVT-002482,CLI-00060,2025-05-12,descarga_reporte,5
EVT-002483,CLI-00084,2025-05-12,login,2
EVT-002484,CLI-00108,2025-05-12,login,1
EVT-002485,CLI-00139,2025-05-12,uso_feature,4
EVT-002486,CLI-00151,2025-05-12,login,1
EVT-002487,CLI-00175,2025-05-12,descarga_reporte,5
EVT-002488,CLI-00189,2025-05-12,login,2
EVT-002489,CLI-00210,2025-05-12,uso_feature,3
EVT-002490,CLI-00236,2025-05-12,uso_feature,3
EVT-002491,CLI-00367,2025-05-12,login,2
EVT-002492,CLI-00382,2025-05-12,descarga_reporte,5
EVT-002493,CLI-00385,2025-05-12,login,1
EVT-002494,CLI-00388,2025-05-12,login,1
EVT-002495,CLI-00399,2025-05-12,descarga_reporte,6
EVT-002496,CLI-00425,2025-05-12,descarga_reporte,5
EVT-002497,CLI-00457,2025-05-12,login,2
EVT-002498,CLI-00496,2025-05-12,descarga_reporte,5
EVT-002499,CLI-00501,2025-05-12,descarga_reporte,6
EVT-002500,CLI-00503,2025-05-12,login,1
EVT-002501,CLI-00506,2025-05-12,uso_feature,3
EVT-002502,CLI-00003,2025-05-13,login,1
EVT-002503,CLI-00041,2025-05-13,login,1
EVT-002504,CLI-00047,2025-05-13,uso_feature,3
EVT-002505,CLI-00047,2025-05-13,uso_feature,3
EVT-002506,CLI-00058,2025-05-13,login,2
EVT-002507,CLI-00117,2025-05-13,login,2
EVT-002508,CLI-00144,2025-05-13,login,2
EVT-002509,CLI-00241,2025-05-13,login,2
EVT-002510,CLI-00281,2025-05-13,login,1
EVT-002511,CLI-00317,2025-05-13,login,1
EVT-002512,CLI-00340,2025-05-13,login,1
EVT-002513,CLI-00371,2025-05-13,login,1
EVT-002514,CLI-00396,2025-05-13,login,2
EVT-002515,CLI-00433,2025-05-13,uso_feature,4
EVT-002516,CLI-00436,2025-05-13,login,1
EVT-002517,CLI-00446,2025-05-13,descarga_reporte,5
EVT-002518,CLI-00453,2025-05-13,login,2
EVT-002519,CLI-00455,2025-05-13,uso_feature,3
EVT-002520,CLI-00475,2025-05-13,uso_feature,4
EVT-002521,CLI-00505,2025-05-13,login,2
EVT-002522,CLI-00004,2025-05-14,login,1
EVT-002523,CLI-00052,2025-05-14,uso_feature,3
EVT-002524,CLI-00106,2025-05-14,login,1
EVT-002525,CLI-00128,2025-05-14,uso_feature,4
EVT-002526,CLI-00128,2025-05-14,login,1
EVT-002527,CLI-00139,2025-05-14,uso_feature,3
EVT-002528,CLI-00144,2025-05-14,login,1
EVT-002529,CLI-00145,2025-05-14,login,1
EVT-002530,CLI-00163,2025-05-14,login,2
EVT-002531,CLI-00206,2025-05-14,uso_feature,3
EVT-002532,CLI-00206,2025-05-14,login,1
EVT-002533,CLI-00218,2025-05-14,login,1
EVT-002534,CLI-00240,2025-05-14,login,2
EVT-002535,CLI-00317,2025-05-14,uso_feature,3
EVT-002536,CLI-00332,2025-05-14,uso_feature,4
EVT-002537,CLI-00339,2025-05-14,login,2
EVT-002538,CLI-00342,2025-05-14,invitacion_usuario,9
EVT-002539,CLI-00344,2025-05-14,descarga_reporte,6
EVT-002540,CLI-00345,2025-05-14,login,2
EVT-002541,CLI-00359,2025-05-14,login,1
EVT-002542,CLI-00393,2025-05-14,login,1
EVT-002543,CLI-00412,2025-05-14,login,1
EVT-002544,CLI-00431,2025-05-14,login,2
EVT-002545,CLI-00440,2025-05-14,uso_feature,3
EVT-002546,CLI-00448,2025-05-14,uso_feature,3
EVT-002547,CLI-00453,2025-05-14,login,1
EVT-002548,CLI-00488,2025-05-14,login,2
EVT-002549,CLI-00503,2025-05-14,login,1
EVT-002550,CLI-00503,2025-05-14,login,1
EVT-002551,CLI-00046,2025-05-15,uso_feature,4
EVT-002552,CLI-00054,2025-05-15,login,1
EVT-002553,CLI-00063,2025-05-15,login,2
EVT-002554,CLI-00097,2025-05-15,login,1
EVT-002555,CLI-00151,2025-05-15,login,1
EVT-002556,CLI-00164,2025-05-15,descarga_reporte,5
EVT-002557,CLI-00216,2025-05-15,uso_feature,4
EVT-002558,CLI-00218,2025-05-15,uso_feature,3
EVT-002559,CLI-00235,2025-05-15,login,1
EVT-002560,CLI-00260,2025-05-15,login,1
EVT-002561,CLI-00272,2025-05-15,login,1
EVT-002562,CLI-00315,2025-05-15,uso_feature,3
EVT-002563,CLI-00429,2025-05-15,uso_feature,3
EVT-002564,CLI-00009,2025-05-16,uso_feature,3
EVT-002565,CLI-00016,2025-05-16,uso_feature,3
EVT-002566,CLI-00027,2025-05-16,invitacion_usuario,8
EVT-002567,CLI-00027,2025-05-16,descarga_reporte,5
EVT-002568,CLI-00036,2025-05-16,uso_feature,4
EVT-002569,CLI-00051,2025-05-16,descarga_reporte,6
EVT-002570,CLI-00139,2025-05-16,login,2
EVT-002571,CLI-00195,2025-05-16,login,2
EVT-002572,CLI-00206,2025-05-16,uso_feature,3
EVT-002573,CLI-00247,2025-05-16,login,2
EVT-002574,CLI-00264,2025-05-16,uso_feature,4
EVT-002575,CLI-00281,2025-05-16,login,1
EVT-002576,CLI-00290,2025-05-16,login,1
EVT-002577,CLI-00425,2025-05-16,login,1
EVT-002578,CLI-00429,2025-05-16,login,1
EVT-002579,CLI-00440,2025-05-16,login,1
EVT-002580,CLI-00440,2025-05-16,login,2
EVT-002581,CLI-00484,2025-05-16,login,1
EVT-002582,CLI-00496,2025-05-16,login,1
EVT-002583,CLI-00006,2025-05-17,descarga_reporte,5
EVT-002584,CLI-00041,2025-05-17,login,1
EVT-002585,CLI-00055,2025-05-17,uso_feature,4
EVT-002586,CLI-00066,2025-05-17,invitacion_usuario,8
EVT-002587,CLI-00104,2025-05-17,descarga_reporte,5
EVT-002588,CLI-00131,2025-05-17,uso_feature,4
EVT-002589,CLI-00161,2025-05-17,login,1
EVT-002590,CLI-00179,2025-05-17,login,1
EVT-002591,CLI-00195,2025-05-17,login,2
EVT-002592,CLI-00233,2025-05-17,login,1
EVT-002593,CLI-00233,2025-05-17,login,1
EVT-002594,CLI-00233,2025-05-17,login,1
EVT-002595,CLI-00256,2025-05-17,login,2
EVT-002596,CLI-00257,2025-05-17,descarga_reporte,6
EVT-002597,CLI-00279,2025-05-17,login,2
EVT-002598,CLI-00358,2025-05-17,login,2
EVT-002599,CLI-00412,2025-05-17,uso_feature,3
EVT-002600,CLI-00436,2025-05-17,login,1
EVT-002601,CLI-00452,2025-05-17,invitacion_usuario,8
EVT-002602,CLI-00485,2025-05-17,uso_feature,3
EVT-002603,CLI-00492,2025-05-17,login,1
EVT-002604,CLI-00509,2025-05-17,login,1
EVT-002605,CLI-00023,2025-05-18,login,2
EVT-002606,CLI-00039,2025-05-18,invitacion_usuario,8
EVT-002607,CLI-00055,2025-05-18,uso_feature,3
EVT-002608,CLI-00073,2025-05-18,login,1
EVT-002609,CLI-00106,2025-05-18,uso_feature,3
EVT-002610,CLI-00131,2025-05-18,login,1
EVT-002611,CLI-00135,2025-05-18,uso_feature,3
EVT-002612,CLI-00151,2025-05-18,login,1
EVT-002613,CLI-00161,2025-05-18,uso_feature,4
EVT-002614,CLI-00170,2025-05-18,login,2
EVT-002615,CLI-00203,2025-05-18,uso_feature,3
EVT-002616,CLI-00265,2025-05-18,login,2
EVT-002617,CLI-00272,2025-05-18,uso_feature,4
EVT-002618,CLI-00281,2025-05-18,login,2
EVT-002619,CLI-00339,2025-05-18,descarga_reporte,5
EVT-002620,CLI-00342,2025-05-18,login,1
EVT-002621,CLI-00343,2025-05-18,login,2
EVT-002622,CLI-00371,2025-05-18,login,1
EVT-002623,CLI-00381,2025-05-18,login,1
EVT-002624,CLI-00399,2025-05-18,uso_feature,3
EVT-002625,CLI-00437,2025-05-18,login,1
EVT-002626,CLI-00453,2025-05-18,login,2
EVT-002627,CLI-00485,2025-05-18,descarga_reporte,6
EVT-002628,CLI-00501,2025-05-18,login,1
EVT-002629,CLI-00018,2025-05-19,descarga_reporte,5
EVT-002630,CLI-00130,2025-05-19,login,2
EVT-002631,CLI-00148,2025-05-19,descarga_reporte,6
EVT-002632,CLI-00150,2025-05-19,descarga_reporte,6
EVT-002633,CLI-00164,2025-05-19,uso_feature,4
EVT-002634,CLI-00238,2025-05-19,login,1
EVT-002635,CLI-00240,2025-05-19,login,2
EVT-002636,CLI-00264,2025-05-19,login,1
EVT-002637,CLI-00271,2025-05-19,uso_feature,3
EVT-002638,CLI-00333,2025-05-19,login,1
EVT-002639,CLI-00333,2025-05-19,invitacion_usuario,8
EVT-002640,CLI-00367,2025-05-19,descarga_reporte,6
EVT-002641,CLI-00385,2025-05-19,uso_feature,4
EVT-002642,CLI-00391,2025-05-19,login,2
EVT-002643,CLI-00431,2025-05-19,login,2
EVT-002644,CLI-00453,2025-05-19,login,1
EVT-002645,CLI-00468,2025-05-19,uso_feature,4
EVT-002646,CLI-00468,2025-05-19,login,2
EVT-002647,CLI-00018,2025-05-20,uso_feature,3
EVT-002648,CLI-00023,2025-05-20,login,1
EVT-002649,CLI-00035,2025-05-20,login,1
EVT-002650,CLI-00063,2025-05-20,uso_feature,4
EVT-002651,CLI-00066,2025-05-20,login,2
EVT-002652,CLI-00081,2025-05-20,login,1
EVT-002653,CLI-00097,2025-05-20,descarga_reporte,6
EVT-002654,CLI-00109,2025-05-20,login,1
EVT-002655,CLI-00115,2025-05-20,login,2
EVT-002656,CLI-00131,2025-05-20,uso_feature,3
EVT-002657,CLI-00139,2025-05-20,login,2
EVT-002658,CLI-00199,2025-05-20,login,1
EVT-002659,CLI-00233,2025-05-20,login,1
EVT-002660,CLI-00236,2025-05-20,login,1
EVT-002661,CLI-00279,2025-05-20,uso_feature,4
EVT-002662,CLI-00279,2025-05-20,invitacion_usuario,9
EVT-002663,CLI-00332,2025-05-20,login,2
EVT-002664,CLI-00337,2025-05-20,uso_feature,3
EVT-002665,CLI-00349,2025-05-20,login,1
EVT-002666,CLI-00365,2025-05-20,login,2
EVT-002667,CLI-00365,2025-05-20,uso_feature,3
EVT-002668,CLI-00382,2025-05-20,descarga_reporte,5
EVT-002669,CLI-00388,2025-05-20,login,2
EVT-002670,CLI-00391,2025-05-20,uso_feature,3
EVT-002671,CLI-00414,2025-05-20,login,1
EVT-002672,CLI-00425,2025-05-20,descarga_reporte,5
EVT-002673,CLI-00431,2025-05-20,login,2
EVT-002674,CLI-00433,2025-05-20,invitacion_usuario,8
EVT-002675,CLI-00475,2025-05-20,descarga_reporte,5
EVT-002676,CLI-00496,2025-05-20,login,1
EVT-002677,CLI-00046,2025-05-21,login,2
EVT-002678,CLI-00077,2025-05-21,login,1
EVT-002679,CLI-00090,2025-05-21,login,1
EVT-002680,CLI-00144,2025-05-21,uso_feature,3
EVT-002681,CLI-00188,2025-05-21,descarga_reporte,5
EVT-002682,CLI-00204,2025-05-21,uso_feature,3
EVT-002683,CLI-00210,2025-05-21,uso_feature,3
EVT-002684,CLI-00241,2025-05-21,uso_feature,4
EVT-002685,CLI-00249,2025-05-21,uso_feature,3
EVT-002686,CLI-00250,2025-05-21,login,2
EVT-002687,CLI-00271,2025-05-21,login,1
EVT-002688,CLI-00275,2025-05-21,login,2
EVT-002689,CLI-00341,2025-05-21,login,1
EVT-002690,CLI-00342,2025-05-21,uso_feature,3
EVT-002691,CLI-00390,2025-05-21,descarga_reporte,5
EVT-002692,CLI-00394,2025-05-21,uso_feature,4
EVT-002693,CLI-00398,2025-05-21,login,2
EVT-002694,CLI-00431,2025-05-21,login,2
EVT-002695,CLI-00435,2025-05-21,login,1
EVT-002696,CLI-00436,2025-05-21,descarga_reporte,5
EVT-002697,CLI-00452,2025-05-21,login,1
EVT-002698,CLI-00452,2025-05-21,login,1
EVT-002699,CLI-00460,2025-05-21,login,1
EVT-002700,CLI-00469,2025-05-21,invitacion_usuario,9
EVT-002701,CLI-00054,2025-05-22,invitacion_usuario,8
EVT-002702,CLI-00059,2025-05-22,login,1
EVT-002703,CLI-00063,2025-05-22,login,2
EVT-002704,CLI-00096,2025-05-22,uso_feature,4
EVT-002705,CLI-00104,2025-05-22,descarga_reporte,6
EVT-002706,CLI-00109,2025-05-22,login,1
EVT-002707,CLI-00175,2025-05-22,login,2
EVT-002708,CLI-00315,2025-05-22,login,1
EVT-002709,CLI-00332,2025-05-22,login,2
EVT-002710,CLI-00359,2025-05-22,descarga_reporte,5
EVT-002711,CLI-00369,2025-05-22,uso_feature,3
EVT-002712,CLI-00376,2025-05-22,uso_feature,3
EVT-002713,CLI-00404,2025-05-22,uso_feature,3
EVT-002714,CLI-00490,2025-05-22,login,1
EVT-002715,CLI-00505,2025-05-22,login,2
EVT-002716,CLI-00006,2025-05-23,login,1
EVT-002717,CLI-00016,2025-05-23,login,1
EVT-002718,CLI-00035,2025-05-23,uso_feature,3
EVT-002719,CLI-00039,2025-05-23,login,2
EVT-002720,CLI-00045,2025-05-23,uso_feature,4
EVT-002721,CLI-00051,2025-05-23,descarga_reporte,6
EVT-002722,CLI-00059,2025-05-23,login,2
EVT-002723,CLI-00090,2025-05-23,uso_feature,3
EVT-002724,CLI-00090,2025-05-23,uso_feature,4
EVT-002725,CLI-00106,2025-05-23,descarga_reporte,6
EVT-002726,CLI-00107,2025-05-23,uso_feature,3
EVT-002727,CLI-00131,2025-05-23,login,2
EVT-002728,CLI-00164,2025-05-23,login,2
EVT-002729,CLI-00200,2025-05-23,uso_feature,3
EVT-002730,CLI-00210,2025-05-23,login,1
EVT-002731,CLI-00211,2025-05-23,uso_feature,3
EVT-002732,CLI-00233,2025-05-23,login,2
EVT-002733,CLI-00240,2025-05-23,uso_feature,3
EVT-002734,CLI-00250,2025-05-23,login,2
EVT-002735,CLI-00264,2025-05-23,descarga_reporte,6
EVT-002736,CLI-00289,2025-05-23,invitacion_usuario,9
EVT-002737,CLI-00337,2025-05-23,login,2
EVT-002738,CLI-00344,2025-05-23,descarga_reporte,6
EVT-002739,CLI-00376,2025-05-23,login,2
EVT-002740,CLI-00390,2025-05-23,login,2
EVT-002741,CLI-00390,2025-05-23,descarga_reporte,5
EVT-002742,CLI-00398,2025-05-23,login,2
EVT-002743,CLI-00399,2025-05-23,uso_feature,3
EVT-002744,CLI-00415,2025-05-23,descarga_reporte,5
EVT-002745,CLI-00484,2025-05-23,descarga_reporte,5
EVT-002746,CLI-00509,2025-05-23,login,1
EVT-002747,CLI-00035,2025-05-24,uso_feature,3
EVT-002748,CLI-00060,2025-05-24,descarga_reporte,6
EVT-002749,CLI-00106,2025-05-24,uso_feature,3
EVT-002750,CLI-00175,2025-05-24,login,1
EVT-002751,CLI-00189,2025-05-24,descarga_reporte,6
EVT-002752,CLI-00194,2025-05-24,uso_feature,3
EVT-002753,CLI-00226,2025-05-24,login,2
EVT-002754,CLI-00235,2025-05-24,uso_feature,3
EVT-002755,CLI-00249,2025-05-24,descarga_reporte,5
EVT-002756,CLI-00256,2025-05-24,login,1
EVT-002757,CLI-00264,2025-05-24,login,1
EVT-002758,CLI-00271,2025-05-24,uso_feature,3
EVT-002759,CLI-00289,2025-05-24,login,2
EVT-002760,CLI-00358,2025-05-24,uso_feature,4
EVT-002761,CLI-00358,2025-05-24,login,1
EVT-002762,CLI-00384,2025-05-24,login,1
EVT-002763,CLI-00457,2025-05-24,login,1
EVT-002764,CLI-00460,2025-05-24,uso_feature,4
EVT-002765,CLI-00468,2025-05-24,uso_feature,3
EVT-002766,CLI-00484,2025-05-24,uso_feature,4
EVT-002767,CLI-00501,2025-05-24,uso_feature,4
EVT-002768,CLI-00003,2025-05-25,login,2
EVT-002769,CLI-00006,2025-05-25,login,1
EVT-002770,CLI-00009,2025-05-25,login,1
EVT-002771,CLI-00023,2025-05-25,login,2
EVT-002772,CLI-00035,2025-05-25,uso_feature,3
EVT-002773,CLI-00043,2025-05-25,login,2
EVT-002774,CLI-00055,2025-05-25,uso_feature,3
EVT-002775,CLI-00059,2025-05-25,descarga_reporte,5
EVT-002776,CLI-00090,2025-05-25,login,1
EVT-002777,CLI-00106,2025-05-25,login,1
EVT-002778,CLI-00173,2025-05-25,login,1
EVT-002779,CLI-00191,2025-05-25,descarga_reporte,5
EVT-002780,CLI-00194,2025-05-25,login,1
EVT-002781,CLI-00211,2025-05-25,descarga_reporte,6
EVT-002782,CLI-00250,2025-05-25,login,2
EVT-002783,CLI-00289,2025-05-25,login,1
EVT-002784,CLI-00306,2025-05-25,login,2
EVT-002785,CLI-00341,2025-05-25,invitacion_usuario,9
EVT-002786,CLI-00353,2025-05-25,login,1
EVT-002787,CLI-00358,2025-05-25,uso_feature,4
EVT-002788,CLI-00385,2025-05-25,uso_feature,3
EVT-002789,CLI-00443,2025-05-25,uso_feature,3
EVT-002790,CLI-00468,2025-05-25,login,1
EVT-002791,CLI-00505,2025-05-25,uso_feature,4
EVT-002792,CLI-00003,2025-05-26,login,1
EVT-002793,CLI-00034,2025-05-26,uso_feature,4
EVT-002794,CLI-00039,2025-05-26,login,1
EVT-002795,CLI-00045,2025-05-26,descarga_reporte,5
EVT-002796,CLI-00045,2025-05-26,descarga_reporte,5
EVT-002797,CLI-00058,2025-05-26,login,1
EVT-002798,CLI-00096,2025-05-26,descarga_reporte,5
EVT-002799,CLI-00108,2025-05-26,descarga_reporte,6
EVT-002800,CLI-00157,2025-05-26,uso_feature,3
EVT-002801,CLI-00194,2025-05-26,uso_feature,3
EVT-002802,CLI-00241,2025-05-26,login,2
EVT-002803,CLI-00248,2025-05-26,uso_feature,4
EVT-002804,CLI-00272,2025-05-26,descarga_reporte,5
EVT-002805,CLI-00272,2025-05-26,login,1
EVT-002806,CLI-00425,2025-05-26,uso_feature,4
EVT-002807,CLI-00425,2025-05-26,login,1
EVT-002808,CLI-00429,2025-05-26,login,2
EVT-002809,CLI-00490,2025-05-26,login,1
EVT-002810,CLI-00032,2025-05-27,login,2
EVT-002811,CLI-00058,2025-05-27,descarga_reporte,6
EVT-002812,CLI-00070,2025-05-27,login,1
EVT-002813,CLI-00073,2025-05-27,descarga_reporte,5
EVT-002814,CLI-00081,2025-05-27,invitacion_usuario,8
EVT-002815,CLI-00096,2025-05-27,uso_feature,4
EVT-002816,CLI-00115,2025-05-27,login,1
EVT-002817,CLI-00123,2025-05-27,invitacion_usuario,8
EVT-002818,CLI-00131,2025-05-27,uso_feature,3
EVT-002819,CLI-00161,2025-05-27,login,1
EVT-002820,CLI-00161,2025-05-27,login,2
EVT-002821,CLI-00163,2025-05-27,login,1
EVT-002822,CLI-00199,2025-05-27,descarga_reporte,6
EVT-002823,CLI-00216,2025-05-27,descarga_reporte,6
EVT-002824,CLI-00225,2025-05-27,uso_feature,3
EVT-002825,CLI-00265,2025-05-27,login,1
EVT-002826,CLI-00281,2025-05-27,login,2
EVT-002827,CLI-00333,2025-05-27,descarga_reporte,5
EVT-002828,CLI-00394,2025-05-27,uso_feature,4
EVT-002829,CLI-00410,2025-05-27,invitacion_usuario,8
EVT-002830,CLI-00460,2025-05-27,descarga_reporte,5
EVT-002831,CLI-00500,2025-05-27,uso_feature,3
EVT-002832,CLI-00006,2025-05-28,uso_feature,4
EVT-002833,CLI-00028,2025-05-28,uso_feature,3
EVT-002834,CLI-00052,2025-05-28,descarga_reporte,5
EVT-002835,CLI-00055,2025-05-28,login,2
EVT-002836,CLI-00060,2025-05-28,uso_feature,3
EVT-002837,CLI-00060,2025-05-28,login,2
EVT-002838,CLI-00142,2025-05-28,uso_feature,3
EVT-002839,CLI-00148,2025-05-28,login,1
EVT-002840,CLI-00191,2025-05-28,login,1
EVT-002841,CLI-00194,2025-05-28,uso_feature,4
EVT-002842,CLI-00195,2025-05-28,descarga_reporte,5
EVT-002843,CLI-00200,2025-05-28,uso_feature,3
EVT-002844,CLI-00228,2025-05-28,uso_feature,3
EVT-002845,CLI-00236,2025-05-28,descarga_reporte,5
EVT-002846,CLI-00248,2025-05-28,uso_feature,3
EVT-002847,CLI-00256,2025-05-28,descarga_reporte,5
EVT-002848,CLI-00264,2025-05-28,uso_feature,4
EVT-002849,CLI-00290,2025-05-28,uso_feature,3
EVT-002850,CLI-00367,2025-05-28,descarga_reporte,5
EVT-002851,CLI-00411,2025-05-28,descarga_reporte,5
EVT-002852,CLI-00435,2025-05-28,login,2
EVT-002853,CLI-00505,2025-05-28,invitacion_usuario,8
EVT-002854,CLI-00506,2025-05-28,login,1
EVT-002855,CLI-00045,2025-06-01,login,1
EVT-002856,CLI-00046,2025-06-01,login,2
EVT-002857,CLI-00073,2025-06-01,uso_feature,4
EVT-002858,CLI-00097,2025-06-01,uso_feature,3
EVT-002859,CLI-00108,2025-06-01,login,2
EVT-002860,CLI-00128,2025-06-01,login,2
EVT-002861,CLI-00130,2025-06-01,invitacion_usuario,9
EVT-002862,CLI-00131,2025-06-01,invitacion_usuario,9
EVT-002863,CLI-00150,2025-06-01,login,2
EVT-002864,CLI-00161,2025-06-01,uso_feature,4
EVT-002865,CLI-00172,2025-06-01,descarga_reporte,5
EVT-002866,CLI-00188,2025-06-01,invitacion_usuario,8
EVT-002867,CLI-00195,2025-06-01,uso_feature,3
EVT-002868,CLI-00203,2025-06-01,login,2
EVT-002869,CLI-00216,2025-06-01,login,2
EVT-002870,CLI-00240,2025-06-01,descarga_reporte,5
EVT-002871,CLI-00250,2025-06-01,login,1
EVT-002872,CLI-00343,2025-06-01,login,2
EVT-002873,CLI-00347,2025-06-01,descarga_reporte,5
EVT-002874,CLI-00384,2025-06-01,login,1
EVT-002875,CLI-00388,2025-06-01,login,1
EVT-002876,CLI-00393,2025-06-01,login,1
EVT-002877,CLI-00396,2025-06-01,uso_feature,3
EVT-002878,CLI-00398,2025-06-01,uso_feature,3
EVT-002879,CLI-00425,2025-06-01,uso_feature,4
EVT-002880,CLI-00437,2025-06-01,uso_feature,4
EVT-002881,CLI-00484,2025-06-01,login,1
EVT-002882,CLI-00029,2025-06-02,login,1
EVT-002883,CLI-00073,2025-06-02,login,1
EVT-002884,CLI-00117,2025-06-02,uso_feature,3
EVT-002885,CLI-00136,2025-06-02,login,1
EVT-002886,CLI-00189,2025-06-02,login,1
EVT-002887,CLI-00200,2025-06-02,login,1
EVT-002888,CLI-00216,2025-06-02,login,1
EVT-002889,CLI-00228,2025-06-02,login,1
EVT-002890,CLI-00249,2025-06-02,uso_feature,4
EVT-002891,CLI-00260,2025-06-02,uso_feature,3
EVT-002892,CLI-00271,2025-06-02,descarga_reporte,5
EVT-002893,CLI-00290,2025-06-02,uso_feature,3
EVT-002894,CLI-00340,2025-06-02,login,2
EVT-002895,CLI-00341,2025-06-02,login,1
EVT-002896,CLI-00381,2025-06-02,uso_feature,3
EVT-002897,CLI-00393,2025-06-02,login,1
EVT-002898,CLI-00415,2025-06-02,login,2
EVT-002899,CLI-00448,2025-06-02,login,2
EVT-002900,CLI-00468,2025-06-02,uso_feature,3
EVT-002901,CLI-00485,2025-06-02,login,1
EVT-002902,CLI-00503,2025-06-02,login,1
EVT-002903,CLI-00004,2025-06-03,invitacion_usuario,8
EVT-002904,CLI-00066,2025-06-03,uso_feature,4
EVT-002905,CLI-00088,2025-06-03,login,1
EVT-002906,CLI-00135,2025-06-03,descarga_reporte,5
EVT-002907,CLI-00169,2025-06-03,login,1
EVT-002908,CLI-00170,2025-06-03,uso_feature,3
EVT-002909,CLI-00199,2025-06-03,uso_feature,3
EVT-002910,CLI-00206,2025-06-03,invitacion_usuario,9
EVT-002911,CLI-00340,2025-06-03,descarga_reporte,5
EVT-002912,CLI-00340,2025-06-03,uso_feature,3
EVT-002913,CLI-00354,2025-06-03,login,1
EVT-002914,CLI-00358,2025-06-03,uso_feature,4
EVT-002915,CLI-00369,2025-06-03,login,1
EVT-002916,CLI-00371,2025-06-03,login,2
EVT-002917,CLI-00414,2025-06-03,login,1
EVT-002918,CLI-00425,2025-06-03,descarga_reporte,6
EVT-002919,CLI-00457,2025-06-03,uso_feature,4
EVT-002920,CLI-00488,2025-06-03,login,2
EVT-002921,CLI-00496,2025-06-03,uso_feature,3
EVT-002922,CLI-00509,2025-06-03,uso_feature,3
EVT-002923,CLI-00029,2025-06-04,login,1
EVT-002924,CLI-00117,2025-06-04,uso_feature,4
EVT-002925,CLI-00136,2025-06-04,descarga_reporte,5
EVT-002926,CLI-00136,2025-06-04,login,1
EVT-002927,CLI-00145,2025-06-04,uso_feature,3
EVT-002928,CLI-00157,2025-06-04,login,1
EVT-002929,CLI-00175,2025-06-04,login,2
EVT-002930,CLI-00241,2025-06-04,uso_feature,4
EVT-002931,CLI-00241,2025-06-04,descarga_reporte,5
EVT-002932,CLI-00256,2025-06-04,login,1
EVT-002933,CLI-00281,2025-06-04,invitacion_usuario,8
EVT-002934,CLI-00317,2025-06-04,invitacion_usuario,8
EVT-002935,CLI-00337,2025-06-04,login,1
EVT-002936,CLI-00384,2025-06-04,uso_feature,4
EVT-002937,CLI-00396,2025-06-04,login,1
EVT-002938,CLI-00398,2025-06-04,login,1
EVT-002939,CLI-00398,2025-06-04,descarga_reporte,6
EVT-002940,CLI-00399,2025-06-04,login,2
EVT-002941,CLI-00424,2025-06-04,descarga_reporte,5
EVT-002942,CLI-00443,2025-06-04,login,2
EVT-002943,CLI-00452,2025-06-04,uso_feature,3
EVT-002944,CLI-00490,2025-06-04,descarga_reporte,6
EVT-002945,CLI-00500,2025-06-04,uso_feature,4
EVT-002946,CLI-00003,2025-06-05,login,2
EVT-002947,CLI-00039,2025-06-05,login,1
EVT-002948,CLI-00081,2025-06-05,login,2
EVT-002949,CLI-00084,2025-06-05,uso_feature,3
EVT-002950,CLI-00088,2025-06-05,uso_feature,3
EVT-002951,CLI-00117,2025-06-05,login,1
EVT-002952,CLI-00161,2025-06-05,uso_feature,4
EVT-002953,CLI-00161,2025-06-05,login,1
EVT-002954,CLI-00173,2025-06-05,login,1
EVT-002955,CLI-00218,2025-06-05,login,1
EVT-002956,CLI-00249,2025-06-05,uso_feature,4
EVT-002957,CLI-00250,2025-06-05,login,2
EVT-002958,CLI-00306,2025-06-05,login,1
EVT-002959,CLI-00357,2025-06-05,descarga_reporte,5
EVT-002960,CLI-00390,2025-06-05,login,1
EVT-002961,CLI-00428,2025-06-05,login,1
EVT-002962,CLI-00458,2025-06-05,login,1
EVT-002963,CLI-00492,2025-06-05,uso_feature,3
EVT-002964,CLI-00004,2025-06-06,login,2
EVT-002965,CLI-00006,2025-06-06,uso_feature,3
EVT-002966,CLI-00073,2025-06-06,login,1
EVT-002967,CLI-00107,2025-06-06,login,2
EVT-002968,CLI-00128,2025-06-06,login,1
EVT-002969,CLI-00130,2025-06-06,login,1
EVT-002970,CLI-00153,2025-06-06,descarga_reporte,6
EVT-002971,CLI-00189,2025-06-06,login,1
EVT-002972,CLI-00235,2025-06-06,descarga_reporte,6
EVT-002973,CLI-00238,2025-06-06,uso_feature,3
EVT-002974,CLI-00247,2025-06-06,login,2
EVT-002975,CLI-00317,2025-06-06,login,1
EVT-002976,CLI-00341,2025-06-06,uso_feature,3
EVT-002977,CLI-00350,2025-06-06,login,2
EVT-002978,CLI-00359,2025-06-06,login,1
EVT-002979,CLI-00384,2025-06-06,login,2
EVT-002980,CLI-00412,2025-06-06,uso_feature,4
EVT-002981,CLI-00437,2025-06-06,descarga_reporte,5
EVT-002982,CLI-00468,2025-06-06,login,2
EVT-002983,CLI-00496,2025-06-06,invitacion_usuario,8
EVT-002984,CLI-00505,2025-06-06,login,1
EVT-002985,CLI-00506,2025-06-06,uso_feature,3
EVT-002986,CLI-00509,2025-06-06,invitacion_usuario,8
EVT-002987,CLI-00035,2025-06-07,uso_feature,4
EVT-002988,CLI-00054,2025-06-07,descarga_reporte,6
EVT-002989,CLI-00106,2025-06-07,login,1
EVT-002990,CLI-00131,2025-06-07,login,2
EVT-002991,CLI-00238,2025-06-07,login,2
EVT-002992,CLI-00242,2025-06-07,login,2
EVT-002993,CLI-00279,2025-06-07,descarga_reporte,5
EVT-002994,CLI-00341,2025-06-07,login,2
EVT-002995,CLI-00343,2025-06-07,login,1
EVT-002996,CLI-00359,2025-06-07,descarga_reporte,5
EVT-002997,CLI-00379,2025-06-07,login,1
EVT-002998,CLI-00384,2025-06-07,uso_feature,4
EVT-002999,CLI-00390,2025-06-07,uso_feature,3
EVT-003000,CLI-00394,2025-06-07,login,1
EVT-003001,CLI-00412,2025-06-07,login,1
EVT-003002,CLI-00416,2025-06-07,login,1
EVT-003003,CLI-00435,2025-06-07,uso_feature,3
EVT-003004,CLI-00453,2025-06-07,login,2
EVT-003005,CLI-00506,2025-06-07,uso_feature,4
EVT-003006,CLI-00009,2025-06-08,uso_feature,4
EVT-003007,CLI-00016,2025-06-08,uso_feature,4
EVT-003008,CLI-00066,2025-06-08,login,1
EVT-003009,CLI-00088,2025-06-08,login,1
EVT-003010,CLI-00151,2025-06-08,uso_feature,4
EVT-003011,CLI-00169,2025-06-08,invitacion_usuario,9
EVT-003012,CLI-00233,2025-06-08,descarga_reporte,5
EVT-003013,CLI-00275,2025-06-08,login,1
EVT-003014,CLI-00289,2025-06-08,uso_feature,3
EVT-003015,CLI-00353,2025-06-08,descarga_reporte,5
EVT-003016,CLI-00365,2025-06-08,descarga_reporte,5
EVT-003017,CLI-00376,2025-06-08,descarga_reporte,6
EVT-003018,CLI-00399,2025-06-08,uso_feature,4
EVT-003019,CLI-00428,2025-06-08,login,1
EVT-003020,CLI-00436,2025-06-08,uso_feature,3
EVT-003021,CLI-00046,2025-06-09,login,2
EVT-003022,CLI-00108,2025-06-09,login,1
EVT-003023,CLI-00142,2025-06-09,login,1
EVT-003024,CLI-00206,2025-06-09,uso_feature,3
EVT-003025,CLI-00271,2025-06-09,login,1
EVT-003026,CLI-00343,2025-06-09,descarga_reporte,6
EVT-003027,CLI-00343,2025-06-09,login,2
EVT-003028,CLI-00347,2025-06-09,descarga_reporte,5
EVT-003029,CLI-00353,2025-06-09,login,1
EVT-003030,CLI-00369,2025-06-09,uso_feature,3
EVT-003031,CLI-00379,2025-06-09,login,1
EVT-003032,CLI-00390,2025-06-09,descarga_reporte,6
EVT-003033,CLI-00391,2025-06-09,descarga_reporte,6
EVT-003034,CLI-00393,2025-06-09,login,2
EVT-003035,CLI-00415,2025-06-09,invitacion_usuario,8
EVT-003036,CLI-00416,2025-06-09,login,1
EVT-003037,CLI-00431,2025-06-09,uso_feature,4
EVT-003038,CLI-00433,2025-06-09,login,1
EVT-003039,CLI-00455,2025-06-09,login,1
EVT-003040,CLI-00488,2025-06-09,login,1
EVT-003041,CLI-00027,2025-06-10,descarga_reporte,5
EVT-003042,CLI-00028,2025-06-10,login,2
EVT-003043,CLI-00052,2025-06-10,login,2
EVT-003044,CLI-00055,2025-06-10,login,1
EVT-003045,CLI-00077,2025-06-10,login,2
EVT-003046,CLI-00097,2025-06-10,uso_feature,4
EVT-003047,CLI-00107,2025-06-10,login,1
EVT-003048,CLI-00123,2025-06-10,uso_feature,4
EVT-003049,CLI-00131,2025-06-10,uso_feature,3
EVT-003050,CLI-00136,2025-06-10,uso_feature,4
EVT-003051,CLI-00145,2025-06-10,login,2
EVT-003052,CLI-00175,2025-06-10,uso_feature,3
EVT-003053,CLI-00179,2025-06-10,uso_feature,4
EVT-003054,CLI-00218,2025-06-10,login,1
EVT-003055,CLI-00275,2025-06-10,descarga_reporte,6
EVT-003056,CLI-00350,2025-06-10,login,1
EVT-003057,CLI-00369,2025-06-10,login,1
EVT-003058,CLI-00379,2025-06-10,uso_feature,4
EVT-003059,CLI-00388,2025-06-10,login,2
EVT-003060,CLI-00396,2025-06-10,descarga_reporte,6
EVT-003061,CLI-00488,2025-06-10,uso_feature,4
EVT-003062,CLI-00018,2025-06-11,uso_feature,3
EVT-003063,CLI-00032,2025-06-11,uso_feature,3
EVT-003064,CLI-00036,2025-06-11,login,2
EVT-003065,CLI-00041,2025-06-11,descarga_reporte,6
EVT-003066,CLI-00096,2025-06-11,login,1
EVT-003067,CLI-00135,2025-06-11,login,1
EVT-003068,CLI-00164,2025-06-11,uso_feature,4
EVT-003069,CLI-00272,2025-06-11,login,1
EVT-003070,CLI-00325,2025-06-11,login,1
EVT-003071,CLI-00399,2025-06-11,invitacion_usuario,9
EVT-003072,CLI-00412,2025-06-11,login,1
EVT-003073,CLI-00469,2025-06-11,login,2
EVT-003074,CLI-00496,2025-06-11,uso_feature,4
EVT-003075,CLI-00009,2025-06-12,login,1
EVT-003076,CLI-00023,2025-06-12,login,2
EVT-003077,CLI-00080,2025-06-12,login,1
EVT-003078,CLI-00084,2025-06-12,login,1
EVT-003079,CLI-00104,2025-06-12,uso_feature,4
EVT-003080,CLI-00108,2025-06-12,login,2
EVT-003081,CLI-00115,2025-06-12,invitacion_usuario,8
EVT-003082,CLI-00173,2025-06-12,descarga_reporte,6
EVT-003083,CLI-00203,2025-06-12,invitacion_usuario,8
EVT-003084,CLI-00233,2025-06-12,login,2
EVT-003085,CLI-00315,2025-06-12,uso_feature,3
EVT-003086,CLI-00354,2025-06-12,uso_feature,3
EVT-003087,CLI-00359,2025-06-12,login,1
EVT-003088,CLI-00390,2025-06-12,login,2
EVT-003089,CLI-00428,2025-06-12,login,1
EVT-003090,CLI-00452,2025-06-12,login,1
EVT-003091,CLI-00501,2025-06-12,login,2
EVT-003092,CLI-00034,2025-06-13,login,1
EVT-003093,CLI-00046,2025-06-13,login,1
EVT-003094,CLI-00051,2025-06-13,descarga_reporte,5
EVT-003095,CLI-00161,2025-06-13,uso_feature,3
EVT-003096,CLI-00175,2025-06-13,uso_feature,3
EVT-003097,CLI-00200,2025-06-13,login,1
EVT-003098,CLI-00275,2025-06-13,uso_feature,3
EVT-003099,CLI-00325,2025-06-13,descarga_reporte,5
EVT-003100,CLI-00337,2025-06-13,login,1
EVT-003101,CLI-00410,2025-06-13,login,1
EVT-003102,CLI-00455,2025-06-13,descarga_reporte,5
EVT-003103,CLI-00468,2025-06-13,login,2
EVT-003104,CLI-00500,2025-06-13,login,1
EVT-003105,CLI-00035,2025-06-14,login,1
EVT-003106,CLI-00039,2025-06-14,descarga_reporte,6
EVT-003107,CLI-00051,2025-06-14,descarga_reporte,5
EVT-003108,CLI-00115,2025-06-14,login,1
EVT-003109,CLI-00123,2025-06-14,uso_feature,3
EVT-003110,CLI-00151,2025-06-14,login,2
EVT-003111,CLI-00151,2025-06-14,descarga_reporte,5
EVT-003112,CLI-00191,2025-06-14,descarga_reporte,5
EVT-003113,CLI-00210,2025-06-14,login,2
EVT-003114,CLI-00241,2025-06-14,uso_feature,3
EVT-003115,CLI-00249,2025-06-14,uso_feature,3
EVT-003116,CLI-00257,2025-06-14,uso_feature,3
EVT-003117,CLI-00290,2025-06-14,login,1
EVT-003118,CLI-00337,2025-06-14,login,1
EVT-003119,CLI-00359,2025-06-14,descarga_reporte,5
EVT-003120,CLI-00415,2025-06-14,login,2
EVT-003121,CLI-00425,2025-06-14,uso_feature,3
EVT-003122,CLI-00446,2025-06-14,uso_feature,3
EVT-003123,CLI-00468,2025-06-14,uso_feature,3
EVT-003124,CLI-00475,2025-06-14,uso_feature,3
EVT-003125,CLI-00509,2025-06-14,uso_feature,3
EVT-003126,CLI-00009,2025-06-15,login,1
EVT-003127,CLI-00023,2025-06-15,uso_feature,4
EVT-003128,CLI-00036,2025-06-15,uso_feature,4
EVT-003129,CLI-00051,2025-06-15,uso_feature,3
EVT-003130,CLI-00135,2025-06-15,login,1
EVT-003131,CLI-00142,2025-06-15,login,1
EVT-003132,CLI-00144,2025-06-15,login,2
EVT-003133,CLI-00148,2025-06-15,uso_feature,4
EVT-003134,CLI-00149,2025-06-15,login,1
EVT-003135,CLI-00179,2025-06-15,descarga_reporte,5
EVT-003136,CLI-00194,2025-06-15,login,1
EVT-003137,CLI-00216,2025-06-15,login,2
EVT-003138,CLI-00279,2025-06-15,login,1
EVT-003139,CLI-00289,2025-06-15,descarga_reporte,6
EVT-003140,CLI-00344,2025-06-15,login,1
EVT-003141,CLI-00353,2025-06-15,login,2
EVT-003142,CLI-00354,2025-06-15,uso_feature,4
EVT-003143,CLI-00359,2025-06-15,uso_feature,3
EVT-003144,CLI-00371,2025-06-15,descarga_reporte,5
EVT-003145,CLI-00457,2025-06-15,login,2
EVT-003146,CLI-00485,2025-06-15,login,2
EVT-003147,CLI-00036,2025-06-16,login,1
EVT-003148,CLI-00045,2025-06-16,login,1
EVT-003149,CLI-00046,2025-06-16,invitacion_usuario,8
EVT-003150,CLI-00104,2025-06-16,login,1
EVT-003151,CLI-00106,2025-06-16,uso_feature,3
EVT-003152,CLI-00142,2025-06-16,uso_feature,3
EVT-003153,CLI-00151,2025-06-16,descarga_reporte,6
EVT-003154,CLI-00172,2025-06-16,login,1
EVT-003155,CLI-00191,2025-06-16,descarga_reporte,5
EVT-003156,CLI-00196,2025-06-16,uso_feature,3
EVT-003157,CLI-00228,2025-06-16,uso_feature,4
EVT-003158,CLI-00240,2025-06-16,uso_feature,3
EVT-003159,CLI-00242,2025-06-16,login,1
EVT-003160,CLI-00242,2025-06-16,uso_feature,3
EVT-003161,CLI-00247,2025-06-16,login,1
EVT-003162,CLI-00317,2025-06-16,uso_feature,4
EVT-003163,CLI-00340,2025-06-16,login,2
EVT-003164,CLI-00367,2025-06-16,descarga_reporte,5
EVT-003165,CLI-00381,2025-06-16,uso_feature,3
EVT-003166,CLI-00381,2025-06-16,login,2
EVT-003167,CLI-00382,2025-06-16,uso_feature,3
EVT-003168,CLI-00390,2025-06-16,uso_feature,3
EVT-003169,CLI-00396,2025-06-16,login,1
EVT-003170,CLI-00412,2025-06-16,login,1
EVT-003171,CLI-00414,2025-06-16,login,2
EVT-003172,CLI-00425,2025-06-16,login,1
EVT-003173,CLI-00437,2025-06-16,descarga_reporte,6
EVT-003174,CLI-00443,2025-06-16,login,1
EVT-003175,CLI-00469,2025-06-16,uso_feature,3
EVT-003176,CLI-00054,2025-06-17,login,1
EVT-003177,CLI-00108,2025-06-17,login,1
EVT-003178,CLI-00128,2025-06-17,login,1
EVT-003179,CLI-00157,2025-06-17,uso_feature,3
EVT-003180,CLI-00172,2025-06-17,uso_feature,3
EVT-003181,CLI-00179,2025-06-17,login,2
EVT-003182,CLI-00188,2025-06-17,uso_feature,3
EVT-003183,CLI-00218,2025-06-17,login,2
EVT-003184,CLI-00228,2025-06-17,uso_feature,4
EVT-003185,CLI-00342,2025-06-17,descarga_reporte,5
EVT-003186,CLI-00345,2025-06-17,invitacion_usuario,8
EVT-003187,CLI-00354,2025-06-17,login,1
EVT-003188,CLI-00399,2025-06-17,login,1
EVT-003189,CLI-00415,2025-06-17,uso_feature,4
EVT-003190,CLI-00453,2025-06-17,login,1
EVT-003191,CLI-00485,2025-06-17,uso_feature,4
EVT-003192,CLI-00506,2025-06-17,invitacion_usuario,8
EVT-003193,CLI-00009,2025-06-18,login,2
EVT-003194,CLI-00035,2025-06-18,descarga_reporte,5
EVT-003195,CLI-00054,2025-06-18,uso_feature,3
EVT-003196,CLI-00080,2025-06-18,uso_feature,3
EVT-003197,CLI-00084,2025-06-18,descarga_reporte,6
EVT-003198,CLI-00106,2025-06-18,login,1
EVT-003199,CLI-00109,2025-06-18,login,2
EVT-003200,CLI-00161,2025-06-18,descarga_reporte,6
EVT-003201,CLI-00172,2025-06-18,login,1
EVT-003202,CLI-00195,2025-06-18,login,1
EVT-003203,CLI-00195,2025-06-18,uso_feature,3
EVT-003204,CLI-00210,2025-06-18,login,1
EVT-003205,CLI-00216,2025-06-18,login,2
EVT-003206,CLI-00240,2025-06-18,invitacion_usuario,9
EVT-003207,CLI-00265,2025-06-18,uso_feature,4
EVT-003208,CLI-00337,2025-06-18,login,1
EVT-003209,CLI-00342,2025-06-18,descarga_reporte,5
EVT-003210,CLI-00353,2025-06-18,login,2
EVT-003211,CLI-00358,2025-06-18,login,1
EVT-003212,CLI-00367,2025-06-18,invitacion_usuario,8
EVT-003213,CLI-00404,2025-06-18,uso_feature,4
EVT-003214,CLI-00431,2025-06-18,uso_feature,3
EVT-003215,CLI-00443,2025-06-18,login,1
EVT-003216,CLI-00455,2025-06-18,uso_feature,4
EVT-003217,CLI-00457,2025-06-18,uso_feature,3
EVT-003218,CLI-00458,2025-06-18,login,1
EVT-003219,CLI-00043,2025-06-19,uso_feature,4
EVT-003220,CLI-00115,2025-06-19,login,2
EVT-003221,CLI-00142,2025-06-19,login,1
EVT-003222,CLI-00148,2025-06-19,login,1
EVT-003223,CLI-00149,2025-06-19,login,1
EVT-003224,CLI-00153,2025-06-19,login,1
EVT-003225,CLI-00163,2025-06-19,uso_feature,3
EVT-003226,CLI-00163,2025-06-19,login,2
EVT-003227,CLI-00189,2025-06-19,login,1
EVT-003228,CLI-00206,2025-06-19,login,2
EVT-003229,CLI-00242,2025-06-19,login,1
EVT-003230,CLI-00260,2025-06-19,descarga_reporte,6
EVT-003231,CLI-00271,2025-06-19,uso_feature,4
EVT-003232,CLI-00275,2025-06-19,login,1
EVT-003233,CLI-00279,2025-06-19,uso_feature,3
EVT-003234,CLI-00290,2025-06-19,descarga_reporte,5
EVT-003235,CLI-00341,2025-06-19,uso_feature,3
EVT-003236,CLI-00367,2025-06-19,login,1
EVT-003237,CLI-00411,2025-06-19,invitacion_usuario,8
EVT-003238,CLI-00424,2025-06-19,uso_feature,3
EVT-003239,CLI-00453,2025-06-19,descarga_reporte,5
EVT-003240,CLI-00468,2025-06-19,descarga_reporte,5
EVT-003241,CLI-00034,2025-06-20,uso_feature,3
EVT-003242,CLI-00036,2025-06-20,login,2
EVT-003243,CLI-00047,2025-06-20,login,2
EVT-003244,CLI-00059,2025-06-20,uso_feature,3
EVT-003245,CLI-00109,2025-06-20,uso_feature,3
EVT-003246,CLI-00157,2025-06-20,descarga_reporte,6
EVT-003247,CLI-00170,2025-06-20,login,1
EVT-003248,CLI-00179,2025-06-20,descarga_reporte,5
EVT-003249,CLI-00238,2025-06-20,descarga_reporte,5
EVT-003250,CLI-00250,2025-06-20,invitacion_usuario,8
EVT-003251,CLI-00339,2025-06-20,login,1
EVT-003252,CLI-00343,2025-06-20,uso_feature,3
EVT-003253,CLI-00353,2025-06-20,login,2
EVT-003254,CLI-00357,2025-06-20,login,2
EVT-003255,CLI-00391,2025-06-20,descarga_reporte,6
EVT-003256,CLI-00429,2025-06-20,uso_feature,3
EVT-003257,CLI-00457,2025-06-20,login,2
EVT-003258,CLI-00460,2025-06-20,login,1
EVT-003259,CLI-00475,2025-06-20,descarga_reporte,5
EVT-003260,CLI-00500,2025-06-20,descarga_reporte,6
EVT-003261,CLI-00505,2025-06-20,descarga_reporte,6
EVT-003262,CLI-00034,2025-06-21,login,1
EVT-003263,CLI-00063,2025-06-21,login,2
EVT-003264,CLI-00073,2025-06-21,uso_feature,3
EVT-003265,CLI-00195,2025-06-21,login,1
EVT-003266,CLI-00238,2025-06-21,login,2
EVT-003267,CLI-00241,2025-06-21,uso_feature,4
EVT-003268,CLI-00248,2025-06-21,login,1
EVT-003269,CLI-00315,2025-06-21,login,2
EVT-003270,CLI-00344,2025-06-21,login,1
EVT-003271,CLI-00367,2025-06-21,login,1
EVT-003272,CLI-00388,2025-06-21,uso_feature,3
EVT-003273,CLI-00404,2025-06-21,uso_feature,3
EVT-003274,CLI-00415,2025-06-21,login,2
EVT-003275,CLI-00492,2025-06-21,uso_feature,3
EVT-003276,CLI-00045,2025-06-22,descarga_reporte,5
EVT-003277,CLI-00047,2025-06-22,uso_feature,4
EVT-003278,CLI-00109,2025-06-22,login,1
EVT-003279,CLI-00163,2025-06-22,descarga_reporte,6
EVT-003280,CLI-00233,2025-06-22,login,1
EVT-003281,CLI-00264,2025-06-22,login,1
EVT-003282,CLI-00337,2025-06-22,uso_feature,3
EVT-003283,CLI-00347,2025-06-22,uso_feature,3
EVT-003284,CLI-00347,2025-06-22,uso_feature,4
EVT-003285,CLI-00379,2025-06-22,login,2
EVT-003286,CLI-00391,2025-06-22,login,1
EVT-003287,CLI-00394,2025-06-22,invitacion_usuario,8
EVT-003288,CLI-00416,2025-06-22,login,1
EVT-003289,CLI-00452,2025-06-22,uso_feature,3
EVT-003290,CLI-00500,2025-06-22,uso_feature,3
EVT-003291,CLI-00505,2025-06-22,uso_feature,3
EVT-003292,CLI-00018,2025-06-23,uso_feature,3
EVT-003293,CLI-00035,2025-06-23,login,1
EVT-003294,CLI-00054,2025-06-23,login,1
EVT-003295,CLI-00060,2025-06-23,uso_feature,3
EVT-003296,CLI-00128,2025-06-23,login,1
EVT-003297,CLI-00164,2025-06-23,descarga_reporte,5
EVT-003298,CLI-00169,2025-06-23,login,1
EVT-003299,CLI-00175,2025-06-23,descarga_reporte,5
EVT-003300,CLI-00216,2025-06-23,descarga_reporte,5
EVT-003301,CLI-00218,2025-06-23,login,1
EVT-003302,CLI-00228,2025-06-23,uso_feature,4
EVT-003303,CLI-00240,2025-06-23,login,2
EVT-003304,CLI-00242,2025-06-23,invitacion_usuario,9
EVT-003305,CLI-00257,2025-06-23,login,1
EVT-003306,CLI-00260,2025-06-23,login,2
EVT-003307,CLI-00260,2025-06-23,uso_feature,4
EVT-003308,CLI-00265,2025-06-23,login,1
EVT-003309,CLI-00275,2025-06-23,descarga_reporte,5
EVT-003310,CLI-00279,2025-06-23,login,1
EVT-003311,CLI-00289,2025-06-23,login,1
EVT-003312,CLI-00341,2025-06-23,descarga_reporte,5
EVT-003313,CLI-00369,2025-06-23,login,1
EVT-003314,CLI-00393,2025-06-23,descarga_reporte,6
EVT-003315,CLI-00414,2025-06-23,login,2
EVT-003316,CLI-00492,2025-06-23,login,1
EVT-003317,CLI-00501,2025-06-23,login,2
EVT-003318,CLI-00506,2025-06-23,login,1
EVT-003319,CLI-00035,2025-06-24,login,1
EVT-003320,CLI-00036,2025-06-24,uso_feature,4
EVT-003321,CLI-00047,2025-06-24,login,1
EVT-003322,CLI-00055,2025-06-24,descarga_reporte,5
EVT-003323,CLI-00066,2025-06-24,login,1
EVT-003324,CLI-00080,2025-06-24,login,2
EVT-003325,CLI-00107,2025-06-24,descarga_reporte,5
EVT-003326,CLI-00115,2025-06-24,login,1
EVT-003327,CLI-00139,2025-06-24,uso_feature,3
EVT-003328,CLI-00169,2025-06-24,login,2
EVT-003329,CLI-00170,2025-06-24,login,2
EVT-003330,CLI-00172,2025-06-24,login,2
EVT-003331,CLI-00194,2025-06-24,descarga_reporte,5
EVT-003332,CLI-00260,2025-06-24,login,1
EVT-003333,CLI-00271,2025-06-24,uso_feature,4
EVT-003334,CLI-00290,2025-06-24,login,1
EVT-003335,CLI-00315,2025-06-24,descarga_reporte,5
EVT-003336,CLI-00391,2025-06-24,invitacion_usuario,8
EVT-003337,CLI-00410,2025-06-24,login,1
EVT-003338,CLI-00424,2025-06-24,descarga_reporte,5
EVT-003339,CLI-00452,2025-06-24,login,1
EVT-003340,CLI-00484,2025-06-24,uso_feature,3
EVT-003341,CLI-00028,2025-06-25,login,2
EVT-003342,CLI-00052,2025-06-25,login,2
EVT-003343,CLI-00055,2025-06-25,invitacion_usuario,8
EVT-003344,CLI-00090,2025-06-25,uso_feature,3
EVT-003345,CLI-00128,2025-06-25,login,2
EVT-003346,CLI-00131,2025-06-25,login,2
EVT-003347,CLI-00149,2025-06-25,login,1
EVT-003348,CLI-00170,2025-06-25,login,1
EVT-003349,CLI-00199,2025-06-25,uso_feature,3
EVT-003350,CLI-00211,2025-06-25,invitacion_usuario,9
EVT-003351,CLI-00256,2025-06-25,login,1
EVT-003352,CLI-00289,2025-06-25,uso_feature,4
EVT-003353,CLI-00315,2025-06-25,uso_feature,3
EVT-003354,CLI-00325,2025-06-25,login,2
EVT-003355,CLI-00333,2025-06-25,uso_feature,4
EVT-003356,CLI-00340,2025-06-25,login,1
EVT-003357,CLI-00385,2025-06-25,descarga_reporte,5
EVT-003358,CLI-00394,2025-06-25,descarga_reporte,5
EVT-003359,CLI-00425,2025-06-25,login,1
EVT-003360,CLI-00437,2025-06-25,uso_feature,4
EVT-003361,CLI-00458,2025-06-25,login,1
EVT-003362,CLI-00041,2025-06-26,uso_feature,3
EVT-003363,CLI-00045,2025-06-26,login,1
EVT-003364,CLI-00088,2025-06-26,descarga_reporte,6
EVT-003365,CLI-00108,2025-06-26,login,2
EVT-003366,CLI-00149,2025-06-26,uso_feature,3
EVT-003367,CLI-00164,2025-06-26,invitacion_usuario,8
EVT-003368,CLI-00169,2025-06-26,uso_feature,4
EVT-003369,CLI-00199,2025-06-26,descarga_reporte,6
EVT-003370,CLI-00200,2025-06-26,login,1
EVT-003371,CLI-00236,2025-06-26,login,1
EVT-003372,CLI-00240,2025-06-26,uso_feature,3
EVT-003373,CLI-00241,2025-06-26,uso_feature,4
EVT-003374,CLI-00315,2025-06-26,descarga_reporte,6
EVT-003375,CLI-00325,2025-06-26,uso_feature,3
EVT-003376,CLI-00388,2025-06-26,uso_feature,4
EVT-003377,CLI-00391,2025-06-26,login,1
EVT-003378,CLI-00396,2025-06-26,login,2
EVT-003379,CLI-00399,2025-06-26,login,2
EVT-003380,CLI-00416,2025-06-26,invitacion_usuario,8
EVT-003381,CLI-00428,2025-06-26,uso_feature,3
EVT-003382,CLI-00051,2025-06-27,login,1
EVT-003383,CLI-00088,2025-06-27,uso_feature,4
EVT-003384,CLI-00107,2025-06-27,login,1
EVT-003385,CLI-00109,2025-06-27,login,1
EVT-003386,CLI-00149,2025-06-27,descarga_reporte,5
EVT-003387,CLI-00191,2025-06-27,login,1
EVT-003388,CLI-00196,2025-06-27,login,2
EVT-003389,CLI-00204,2025-06-27,login,2
EVT-003390,CLI-00228,2025-06-27,login,1
EVT-003391,CLI-00236,2025-06-27,invitacion_usuario,9
EVT-003392,CLI-00248,2025-06-27,uso_feature,3
EVT-003393,CLI-00256,2025-06-27,login,2
EVT-003394,CLI-00256,2025-06-27,login,1
EVT-003395,CLI-00332,2025-06-27,invitacion_usuario,8
EVT-003396,CLI-00342,2025-06-27,login,1
EVT-003397,CLI-00347,2025-06-27,login,1
EVT-003398,CLI-00376,2025-06-27,login,2
EVT-003399,CLI-00388,2025-06-27,login,1
EVT-003400,CLI-00433,2025-06-27,login,2
EVT-003401,CLI-00455,2025-06-27,uso_feature,4
EVT-003402,CLI-00039,2025-06-28,login,2
EVT-003403,CLI-00045,2025-06-28,uso_feature,3
EVT-003404,CLI-00046,2025-06-28,login,1
EVT-003405,CLI-00051,2025-06-28,uso_feature,4
EVT-003406,CLI-00058,2025-06-28,login,2
EVT-003407,CLI-00059,2025-06-28,login,1
EVT-003408,CLI-00070,2025-06-28,uso_feature,3
EVT-003409,CLI-00084,2025-06-28,login,2
EVT-003410,CLI-00175,2025-06-28,login,1
EVT-003411,CLI-00195,2025-06-28,login,2
EVT-003412,CLI-00218,2025-06-28,login,1
EVT-003413,CLI-00225,2025-06-28,uso_feature,3
EVT-003414,CLI-00226,2025-06-28,login,1
EVT-003415,CLI-00342,2025-06-28,invitacion_usuario,9
EVT-003416,CLI-00344,2025-06-28,login,1
EVT-003417,CLI-00354,2025-06-28,login,2
EVT-003418,CLI-00398,2025-06-28,login,1
EVT-003419,CLI-00440,2025-06-28,uso_feature,3
EVT-003420,CLI-00455,2025-06-28,login,1
EVT-003421,CLI-00009,2025-07-01,uso_feature,3
EVT-003422,CLI-00046,2025-07-01,login,1
EVT-003423,CLI-00054,2025-07-01,uso_feature,3
EVT-003424,CLI-00080,2025-07-01,uso_feature,3
EVT-003425,CLI-00096,2025-07-01,uso_feature,3
EVT-003426,CLI-00107,2025-07-01,login,1
EVT-003427,CLI-00123,2025-07-01,login,1
EVT-003428,CLI-00139,2025-07-01,uso_feature,3
EVT-003429,CLI-00142,2025-07-01,descarga_reporte,6
EVT-003430,CLI-00169,2025-07-01,uso_feature,3
EVT-003431,CLI-00173,2025-07-01,uso_feature,4
EVT-003432,CLI-00175,2025-07-01,login,1
EVT-003433,CLI-00220,2025-07-01,descarga_reporte,6
EVT-003434,CLI-00225,2025-07-01,login,1
EVT-003435,CLI-00233,2025-07-01,login,1
EVT-003436,CLI-00240,2025-07-01,login,2
EVT-003437,CLI-00256,2025-07-01,login,1
EVT-003438,CLI-00306,2025-07-01,uso_feature,3
EVT-003439,CLI-00353,2025-07-01,login,1
EVT-003440,CLI-00369,2025-07-01,login,2
EVT-003441,CLI-00381,2025-07-01,login,1
EVT-003442,CLI-00382,2025-07-01,login,2
EVT-003443,CLI-00410,2025-07-01,login,2
EVT-003444,CLI-00415,2025-07-01,uso_feature,3
EVT-003445,CLI-00437,2025-07-01,login,1
EVT-003446,CLI-00446,2025-07-01,login,1
EVT-003447,CLI-00023,2025-07-02,login,1
EVT-003448,CLI-00043,2025-07-02,descarga_reporte,5
EVT-003449,CLI-00063,2025-07-02,login,1
EVT-003450,CLI-00066,2025-07-02,uso_feature,3
EVT-003451,CLI-00084,2025-07-02,uso_feature,4
EVT-003452,CLI-00097,2025-07-02,uso_feature,3
EVT-003453,CLI-00163,2025-07-02,invitacion_usuario,9
EVT-003454,CLI-00191,2025-07-02,uso_feature,3
EVT-003455,CLI-00195,2025-07-02,login,1
EVT-003456,CLI-00203,2025-07-02,uso_feature,3
EVT-003457,CLI-00260,2025-07-02,login,2
EVT-003458,CLI-00264,2025-07-02,descarga_reporte,6
EVT-003459,CLI-00333,2025-07-02,login,1
EVT-003460,CLI-00339,2025-07-02,login,2
EVT-003461,CLI-00345,2025-07-02,descarga_reporte,5
EVT-003462,CLI-00367,2025-07-02,login,1
EVT-003463,CLI-00371,2025-07-02,login,1
EVT-003464,CLI-00376,2025-07-02,descarga_reporte,5
EVT-003465,CLI-00381,2025-07-02,login,2
EVT-003466,CLI-00394,2025-07-02,login,1
EVT-003467,CLI-00428,2025-07-02,descarga_reporte,6
EVT-003468,CLI-00435,2025-07-02,uso_feature,3
EVT-003469,CLI-00448,2025-07-02,uso_feature,3
EVT-003470,CLI-00452,2025-07-02,uso_feature,3
EVT-003471,CLI-00455,2025-07-02,uso_feature,3
EVT-003472,CLI-00457,2025-07-02,login,2
EVT-003473,CLI-00006,2025-07-03,login,2
EVT-003474,CLI-00006,2025-07-03,descarga_reporte,6
EVT-003475,CLI-00018,2025-07-03,descarga_reporte,5
EVT-003476,CLI-00018,2025-07-03,login,2
EVT-003477,CLI-00036,2025-07-03,uso_feature,3
EVT-003478,CLI-00039,2025-07-03,login,1
EVT-003479,CLI-00073,2025-07-03,descarga_reporte,6
EVT-003480,CLI-00131,2025-07-03,login,1
EVT-003481,CLI-00136,2025-07-03,login,2
EVT-003482,CLI-00157,2025-07-03,login,2
EVT-003483,CLI-00170,2025-07-03,descarga_reporte,5
EVT-003484,CLI-00206,2025-07-03,invitacion_usuario,8
EVT-003485,CLI-00247,2025-07-03,login,1
EVT-003486,CLI-00260,2025-07-03,login,1
EVT-003487,CLI-00340,2025-07-03,descarga_reporte,6
EVT-003488,CLI-00354,2025-07-03,uso_feature,3
EVT-003489,CLI-00391,2025-07-03,login,1
EVT-003490,CLI-00404,2025-07-03,descarga_reporte,5
EVT-003491,CLI-00436,2025-07-03,login,1
EVT-003492,CLI-00437,2025-07-03,descarga_reporte,6
EVT-003493,CLI-00457,2025-07-03,uso_feature,3
EVT-003494,CLI-00485,2025-07-03,uso_feature,3
EVT-003495,CLI-00496,2025-07-03,login,2
EVT-003496,CLI-00508,2025-07-03,uso_feature,4
EVT-003497,CLI-00509,2025-07-03,uso_feature,3
EVT-003498,CLI-00018,2025-07-04,uso_feature,3
EVT-003499,CLI-00096,2025-07-04,login,2
EVT-003500,CLI-00145,2025-07-04,login,1
EVT-003501,CLI-00188,2025-07-04,uso_feature,4
EVT-003502,CLI-00189,2025-07-04,invitacion_usuario,9
EVT-003503,CLI-00191,2025-07-04,invitacion_usuario,8
EVT-003504,CLI-00199,2025-07-04,uso_feature,3
EVT-003505,CLI-00204,2025-07-04,login,2
EVT-003506,CLI-00228,2025-07-04,uso_feature,3
EVT-003507,CLI-00238,2025-07-04,login,1
EVT-003508,CLI-00272,2025-07-04,login,1
EVT-003509,CLI-00279,2025-07-04,invitacion_usuario,9
EVT-003510,CLI-00317,2025-07-04,uso_feature,3
EVT-003511,CLI-00337,2025-07-04,login,2
EVT-003512,CLI-00339,2025-07-04,login,2
EVT-003513,CLI-00340,2025-07-04,invitacion_usuario,8
EVT-003514,CLI-00350,2025-07-04,login,1
EVT-003515,CLI-00376,2025-07-04,login,1
EVT-003516,CLI-00376,2025-07-04,login,1
EVT-003517,CLI-00393,2025-07-04,descarga_reporte,6
EVT-003518,CLI-00394,2025-07-04,login,1
EVT-003519,CLI-00415,2025-07-04,login,1
EVT-003520,CLI-00443,2025-07-04,uso_feature,4
EVT-003521,CLI-00484,2025-07-04,uso_feature,4
EVT-003522,CLI-00496,2025-07-04,uso_feature,3
EVT-003523,CLI-00501,2025-07-04,login,2
EVT-003524,CLI-00508,2025-07-04,uso_feature,3
EVT-003525,CLI-00006,2025-07-05,descarga_reporte,6
EVT-003526,CLI-00029,2025-07-05,login,2
EVT-003527,CLI-00060,2025-07-05,login,2
EVT-003528,CLI-00161,2025-07-05,login,1
EVT-003529,CLI-00169,2025-07-05,uso_feature,3
EVT-003530,CLI-00199,2025-07-05,login,1
EVT-003531,CLI-00210,2025-07-05,login,1
EVT-003532,CLI-00210,2025-07-05,login,1
EVT-003533,CLI-00220,2025-07-05,login,2
EVT-003534,CLI-00264,2025-07-05,login,2
EVT-003535,CLI-00342,2025-07-05,uso_feature,3
EVT-003536,CLI-00412,2025-07-05,login,1
EVT-003537,CLI-00412,2025-07-05,login,1
EVT-003538,CLI-00453,2025-07-05,login,1
EVT-003539,CLI-00458,2025-07-05,login,2
EVT-003540,CLI-00492,2025-07-05,login,1
EVT-003541,CLI-00501,2025-07-05,login,1
EVT-003542,CLI-00503,2025-07-05,login,1
EVT-003543,CLI-00003,2025-07-06,login,1
EVT-003544,CLI-00009,2025-07-06,login,1
EVT-003545,CLI-00041,2025-07-06,login,2
EVT-003546,CLI-00173,2025-07-06,login,1
EVT-003547,CLI-00189,2025-07-06,login,2
EVT-003548,CLI-00203,2025-07-06,descarga_reporte,5
EVT-003549,CLI-00216,2025-07-06,login,1
EVT-003550,CLI-00236,2025-07-06,uso_feature,3
EVT-003551,CLI-00339,2025-07-06,login,1
EVT-003552,CLI-00341,2025-07-06,login,1
EVT-003553,CLI-00342,2025-07-06,uso_feature,3
EVT-003554,CLI-00347,2025-07-06,login,1
EVT-003555,CLI-00381,2025-07-06,uso_feature,3
EVT-003556,CLI-00391,2025-07-06,uso_feature,4
EVT-003557,CLI-00393,2025-07-06,uso_feature,3
EVT-003558,CLI-00396,2025-07-06,uso_feature,3
EVT-003559,CLI-00414,2025-07-06,invitacion_usuario,8
EVT-003560,CLI-00428,2025-07-06,invitacion_usuario,8
EVT-003561,CLI-00428,2025-07-06,descarga_reporte,5
EVT-003562,CLI-00452,2025-07-06,login,2
EVT-003563,CLI-00506,2025-07-06,invitacion_usuario,8
EVT-003564,CLI-00508,2025-07-06,descarga_reporte,5
EVT-003565,CLI-00004,2025-07-07,login,1
EVT-003566,CLI-00023,2025-07-07,login,2
EVT-003567,CLI-00028,2025-07-07,descarga_reporte,6
EVT-003568,CLI-00043,2025-07-07,descarga_reporte,5
EVT-003569,CLI-00052,2025-07-07,descarga_reporte,5
EVT-003570,CLI-00088,2025-07-07,uso_feature,3
EVT-003571,CLI-00088,2025-07-07,uso_feature,3
EVT-003572,CLI-00117,2025-07-07,login,1
EVT-003573,CLI-00144,2025-07-07,uso_feature,3
EVT-003574,CLI-00145,2025-07-07,descarga_reporte,5
EVT-003575,CLI-00189,2025-07-07,uso_feature,3
EVT-003576,CLI-00195,2025-07-07,uso_feature,3
EVT-003577,CLI-00228,2025-07-07,login,1
EVT-003578,CLI-00240,2025-07-07,uso_feature,4
EVT-003579,CLI-00344,2025-07-07,uso_feature,3
EVT-003580,CLI-00344,2025-07-07,uso_feature,3
EVT-003581,CLI-00345,2025-07-07,descarga_reporte,5
EVT-003582,CLI-00350,2025-07-07,login,2
EVT-003583,CLI-00358,2025-07-07,descarga_reporte,6
EVT-003584,CLI-00367,2025-07-07,descarga_reporte,5
EVT-003585,CLI-00398,2025-07-07,login,2
EVT-003586,CLI-00428,2025-07-07,login,1
EVT-003587,CLI-00453,2025-07-07,invitacion_usuario,9
EVT-003588,CLI-00484,2025-07-07,login,1
EVT-003589,CLI-00046,2025-07-08,uso_feature,3
EVT-003590,CLI-00151,2025-07-08,login,1
EVT-003591,CLI-00218,2025-07-08,uso_feature,3
EVT-003592,CLI-00233,2025-07-08,descarga_reporte,5
EVT-003593,CLI-00272,2025-07-08,uso_feature,4
EVT-003594,CLI-00279,2025-07-08,descarga_reporte,5
EVT-003595,CLI-00357,2025-07-08,uso_feature,3
EVT-003596,CLI-00384,2025-07-08,uso_feature,3
EVT-003597,CLI-00435,2025-07-08,login,1
EVT-003598,CLI-00448,2025-07-08,login,2
EVT-003599,CLI-00453,2025-07-08,login,1
EVT-003600,CLI-00496,2025-07-08,descarga_reporte,6
EVT-003601,CLI-00506,2025-07-08,login,1
EVT-003602,CLI-00016,2025-07-09,uso_feature,3
EVT-003603,CLI-00018,2025-07-09,login,1
EVT-003604,CLI-00043,2025-07-09,descarga_reporte,6
EVT-003605,CLI-00047,2025-07-09,uso_feature,4
EVT-003606,CLI-00055,2025-07-09,login,2
EVT-003607,CLI-00058,2025-07-09,uso_feature,4
EVT-003608,CLI-00066,2025-07-09,uso_feature,3
EVT-003609,CLI-00096,2025-07-09,uso_feature,4
EVT-003610,CLI-00153,2025-07-09,login,1
EVT-003611,CLI-00196,2025-07-09,login,2
EVT-003612,CLI-00218,2025-07-09,uso_feature,3
EVT-003613,CLI-00220,2025-07-09,uso_feature,4
EVT-003614,CLI-00265,2025-07-09,uso_feature,4
EVT-003615,CLI-00265,2025-07-09,login,1
EVT-003616,CLI-00340,2025-07-09,uso_feature,3
EVT-003617,CLI-00376,2025-07-09,descarga_reporte,6
EVT-003618,CLI-00379,2025-07-09,login,1
EVT-003619,CLI-00385,2025-07-09,descarga_reporte,6
EVT-003620,CLI-00411,2025-07-09,uso_feature,4
EVT-003621,CLI-00424,2025-07-09,descarga_reporte,5
EVT-003622,CLI-00429,2025-07-09,uso_feature,3
EVT-003623,CLI-00440,2025-07-09,descarga_reporte,6
EVT-003624,CLI-00460,2025-07-09,invitacion_usuario,9
EVT-003625,CLI-00468,2025-07-09,login,1
EVT-003626,CLI-00500,2025-07-09,login,2
EVT-003627,CLI-00501,2025-07-09,descarga_reporte,5
EVT-003628,CLI-00018,2025-07-10,uso_feature,3
EVT-003629,CLI-00034,2025-07-10,uso_feature,3
EVT-003630,CLI-00052,2025-07-10,uso_feature,3
EVT-003631,CLI-00059,2025-07-10,descarga_reporte,5
EVT-003632,CLI-00063,2025-07-10,login,2
EVT-003633,CLI-00070,2025-07-10,login,2
EVT-003634,CLI-00077,2025-07-10,uso_feature,3
EVT-003635,CLI-00142,2025-07-10,descarga_reporte,5
EVT-003636,CLI-00145,2025-07-10,uso_feature,3
EVT-003637,CLI-00163,2025-07-10,login,1
EVT-003638,CLI-00191,2025-07-10,descarga_reporte,5
EVT-003639,CLI-00218,2025-07-10,login,1
EVT-003640,CLI-00225,2025-07-10,uso_feature,3
EVT-003641,CLI-00228,2025-07-10,login,1
EVT-003642,CLI-00279,2025-07-10,uso_feature,3
EVT-003643,CLI-00279,2025-07-10,login,1
EVT-003644,CLI-00337,2025-07-10,login,1
EVT-003645,CLI-00340,2025-07-10,descarga_reporte,5
EVT-003646,CLI-00345,2025-07-10,login,1
EVT-003647,CLI-00369,2025-07-10,uso_feature,3
EVT-003648,CLI-00388,2025-07-10,uso_feature,3
EVT-003649,CLI-00396,2025-07-10,uso_feature,3
EVT-003650,CLI-00404,2025-07-10,invitacion_usuario,9
EVT-003651,CLI-00435,2025-07-10,descarga_reporte,5
EVT-003652,CLI-00484,2025-07-10,invitacion_usuario,8
EVT-003653,CLI-00500,2025-07-10,login,1
EVT-003654,CLI-00003,2025-07-11,descarga_reporte,5
EVT-003655,CLI-00041,2025-07-11,login,1
EVT-003656,CLI-00052,2025-07-11,descarga_reporte,5
EVT-003657,CLI-00060,2025-07-11,uso_feature,3
EVT-003658,CLI-00088,2025-07-11,uso_feature,4
EVT-003659,CLI-00104,2025-07-11,login,1
EVT-003660,CLI-00145,2025-07-11,login,1
EVT-003661,CLI-00151,2025-07-11,uso_feature,3
EVT-003662,CLI-00163,2025-07-11,login,1
EVT-003663,CLI-00189,2025-07-11,login,1
EVT-003664,CLI-00216,2025-07-11,login,1
EVT-003665,CLI-00256,2025-07-11,login,1
EVT-003666,CLI-00350,2025-07-11,descarga_reporte,5
EVT-003667,CLI-00393,2025-07-11,login,2
EVT-003668,CLI-00399,2025-07-11,login,1
EVT-003669,CLI-00490,2025-07-11,login,2
EVT-003670,CLI-00501,2025-07-11,login,1
EVT-003671,CLI-00509,2025-07-11,uso_feature,4
EVT-003672,CLI-00054,2025-07-12,login,2
EVT-003673,CLI-00104,2025-07-12,descarga_reporte,5
EVT-003674,CLI-00144,2025-07-12,login,1
EVT-003675,CLI-00144,2025-07-12,descarga_reporte,5
EVT-003676,CLI-00149,2025-07-12,descarga_reporte,5
EVT-003677,CLI-00169,2025-07-12,uso_feature,4
EVT-003678,CLI-00195,2025-07-12,uso_feature,3
EVT-003679,CLI-00200,2025-07-12,invitacion_usuario,8
EVT-003680,CLI-00290,2025-07-12,uso_feature,4
EVT-003681,CLI-00290,2025-07-12,login,1
EVT-003682,CLI-00337,2025-07-12,uso_feature,4
EVT-003683,CLI-00359,2025-07-12,uso_feature,3
EVT-003684,CLI-00365,2025-07-12,uso_feature,4
EVT-003685,CLI-00369,2025-07-12,uso_feature,4
EVT-003686,CLI-00381,2025-07-12,login,2
EVT-003687,CLI-00425,2025-07-12,login,1
EVT-003688,CLI-00425,2025-07-12,login,2
EVT-003689,CLI-00428,2025-07-12,uso_feature,4
EVT-003690,CLI-00436,2025-07-12,descarga_reporte,6
EVT-003691,CLI-00436,2025-07-12,uso_feature,4
EVT-003692,CLI-00443,2025-07-12,login,1
EVT-003693,CLI-00448,2025-07-12,descarga_reporte,5
EVT-003694,CLI-00448,2025-07-12,uso_feature,3
EVT-003695,CLI-00457,2025-07-12,uso_feature,3
EVT-003696,CLI-00505,2025-07-12,uso_feature,3
EVT-003697,CLI-00506,2025-07-12,login,2
EVT-003698,CLI-00003,2025-07-13,login,2
EVT-003699,CLI-00046,2025-07-13,login,2
EVT-003700,CLI-00047,2025-07-13,login,2
EVT-003701,CLI-00077,2025-07-13,login,1
EVT-003702,CLI-00194,2025-07-13,login,2
EVT-003703,CLI-00216,2025-07-13,uso_feature,4
EVT-003704,CLI-00275,2025-07-13,descarga_reporte,6
EVT-003705,CLI-00341,2025-07-13,login,1
EVT-003706,CLI-00354,2025-07-13,login,2
EVT-003707,CLI-00358,2025-07-13,descarga_reporte,6
EVT-003708,CLI-00359,2025-07-13,login,1
EVT-003709,CLI-00369,2025-07-13,login,2
EVT-003710,CLI-00393,2025-07-13,uso_feature,3
EVT-003711,CLI-00393,2025-07-13,uso_feature,3
EVT-003712,CLI-00396,2025-07-13,login,1
EVT-003713,CLI-00458,2025-07-13,login,2
EVT-003714,CLI-00469,2025-07-13,descarga_reporte,5
EVT-003715,CLI-00505,2025-07-13,login,1
EVT-003716,CLI-00039,2025-07-14,invitacion_usuario,9
EVT-003717,CLI-00063,2025-07-14,login,1
EVT-003718,CLI-00081,2025-07-14,login,2
EVT-003719,CLI-00108,2025-07-14,descarga_reporte,6
EVT-003720,CLI-00109,2025-07-14,login,1
EVT-003721,CLI-00109,2025-07-14,login,1
EVT-003722,CLI-00117,2025-07-14,uso_feature,4
EVT-003723,CLI-00136,2025-07-14,uso_feature,3
EVT-003724,CLI-00144,2025-07-14,login,1
EVT-003725,CLI-00148,2025-07-14,login,1
EVT-003726,CLI-00173,2025-07-14,uso_feature,3
EVT-003727,CLI-00199,2025-07-14,login,1
EVT-003728,CLI-00210,2025-07-14,descarga_reporte,5
EVT-003729,CLI-00240,2025-07-14,login,1
EVT-003730,CLI-00242,2025-07-14,login,2
EVT-003731,CLI-00256,2025-07-14,login,1
EVT-003732,CLI-00256,2025-07-14,login,2
EVT-003733,CLI-00289,2025-07-14,login,2
EVT-003734,CLI-00290,2025-07-14,login,1
EVT-003735,CLI-00290,2025-07-14,descarga_reporte,5
EVT-003736,CLI-00315,2025-07-14,login,1
EVT-003737,CLI-00325,2025-07-14,descarga_reporte,5
EVT-003738,CLI-00333,2025-07-14,login,1
EVT-003739,CLI-00353,2025-07-14,login,1
EVT-003740,CLI-00411,2025-07-14,uso_feature,3
EVT-003741,CLI-00414,2025-07-14,login,1
EVT-003742,CLI-00425,2025-07-14,login,1
EVT-003743,CLI-00468,2025-07-14,uso_feature,3
EVT-003744,CLI-00469,2025-07-14,uso_feature,3
EVT-003745,CLI-00490,2025-07-14,uso_feature,3
EVT-003746,CLI-00500,2025-07-14,login,1
EVT-003747,CLI-00503,2025-07-14,descarga_reporte,5
EVT-003748,CLI-00009,2025-07-15,login,2
EVT-003749,CLI-00028,2025-07-15,login,2
EVT-003750,CLI-00045,2025-07-15,uso_feature,4
EVT-003751,CLI-00045,2025-07-15,login,1
EVT-003752,CLI-00059,2025-07-15,login,1
EVT-003753,CLI-00066,2025-07-15,uso_feature,3
EVT-003754,CLI-00084,2025-07-15,login,2
EVT-003755,CLI-00090,2025-07-15,descarga_reporte,5
EVT-003756,CLI-00107,2025-07-15,login,1
EVT-003757,CLI-00157,2025-07-15,login,1
EVT-003758,CLI-00169,2025-07-15,descarga_reporte,5
EVT-003759,CLI-00170,2025-07-15,login,1
EVT-003760,CLI-00173,2025-07-15,login,2
EVT-003761,CLI-00240,2025-07-15,login,1
EVT-003762,CLI-00271,2025-07-15,descarga_reporte,6
EVT-003763,CLI-00332,2025-07-15,uso_feature,3
EVT-003764,CLI-00354,2025-07-15,login,1
EVT-003765,CLI-00369,2025-07-15,login,2
EVT-003766,CLI-00379,2025-07-15,descarga_reporte,6
EVT-003767,CLI-00396,2025-07-15,descarga_reporte,6
EVT-003768,CLI-00411,2025-07-15,uso_feature,4
EVT-003769,CLI-00435,2025-07-15,descarga_reporte,6
EVT-003770,CLI-00452,2025-07-15,login,2
EVT-003771,CLI-00490,2025-07-15,login,1
EVT-003772,CLI-00505,2025-07-15,login,1
EVT-003773,CLI-00029,2025-07-16,invitacion_usuario,9
EVT-003774,CLI-00036,2025-07-16,descarga_reporte,5
EVT-003775,CLI-00041,2025-07-16,login,1
EVT-003776,CLI-00073,2025-07-16,descarga_reporte,6
EVT-003777,CLI-00106,2025-07-16,descarga_reporte,5
EVT-003778,CLI-00108,2025-07-16,login,1
EVT-003779,CLI-00117,2025-07-16,login,1
EVT-003780,CLI-00123,2025-07-16,login,1
EVT-003781,CLI-00149,2025-07-16,login,1
EVT-003782,CLI-00172,2025-07-16,login,1
EVT-003783,CLI-00175,2025-07-16,uso_feature,4
EVT-003784,CLI-00194,2025-07-16,login,1
EVT-003785,CLI-00196,2025-07-16,invitacion_usuario,8
EVT-003786,CLI-00210,2025-07-16,login,1
EVT-003787,CLI-00228,2025-07-16,descarga_reporte,5
EVT-003788,CLI-00233,2025-07-16,uso_feature,3
EVT-003789,CLI-00233,2025-07-16,uso_feature,4
EVT-003790,CLI-00247,2025-07-16,uso_feature,3
EVT-003791,CLI-00342,2025-07-16,descarga_reporte,5
EVT-003792,CLI-00379,2025-07-16,login,1
EVT-003793,CLI-00381,2025-07-16,descarga_reporte,5
EVT-003794,CLI-00396,2025-07-16,login,2
EVT-003795,CLI-00452,2025-07-16,descarga_reporte,5
EVT-003796,CLI-00468,2025-07-16,descarga_reporte,5
EVT-003797,CLI-00475,2025-07-16,uso_feature,3
EVT-003798,CLI-00503,2025-07-16,login,2
EVT-003799,CLI-00506,2025-07-16,uso_feature,3
EVT-003800,CLI-00108,2025-07-17,uso_feature,4
EVT-003801,CLI-00115,2025-07-17,uso_feature,3
EVT-003802,CLI-00149,2025-07-17,login,1
EVT-003803,CLI-00195,2025-07-17,login,1
EVT-003804,CLI-00218,2025-07-17,login,1
EVT-003805,CLI-00240,2025-07-17,uso_feature,3
EVT-003806,CLI-00256,2025-07-17,login,2
EVT-003807,CLI-00271,2025-07-17,descarga_reporte,6
EVT-003808,CLI-00275,2025-07-17,uso_feature,4
EVT-003809,CLI-00333,2025-07-17,login,2
EVT-003810,CLI-00342,2025-07-17,descarga_reporte,5
EVT-003811,CLI-00367,2025-07-17,login,2
EVT-003812,CLI-00376,2025-07-17,uso_feature,4
EVT-003813,CLI-00379,2025-07-17,login,1
EVT-003814,CLI-00431,2025-07-17,uso_feature,3
EVT-003815,CLI-00436,2025-07-17,uso_feature,3
EVT-003816,CLI-00460,2025-07-17,login,1
EVT-003817,CLI-00475,2025-07-17,uso_feature,4
EVT-003818,CLI-00505,2025-07-17,login,2
EVT-003819,CLI-00016,2025-07-18,uso_feature,3
EVT-003820,CLI-00035,2025-07-18,uso_feature,3
EVT-003821,CLI-00059,2025-07-18,uso_feature,4
EVT-003822,CLI-00104,2025-07-18,login,1
EVT-003823,CLI-00179,2025-07-18,uso_feature,3
EVT-003824,CLI-00191,2025-07-18,uso_feature,3
EVT-003825,CLI-00194,2025-07-18,login,1
EVT-003826,CLI-00218,2025-07-18,login,1
EVT-003827,CLI-00241,2025-07-18,login,1
EVT-003828,CLI-00325,2025-07-18,login,1
EVT-003829,CLI-00332,2025-07-18,descarga_reporte,5
EVT-003830,CLI-00359,2025-07-18,login,1
EVT-003831,CLI-00410,2025-07-18,uso_feature,3
EVT-003832,CLI-00429,2025-07-18,descarga_reporte,5
EVT-003833,CLI-00448,2025-07-18,login,2
EVT-003834,CLI-00457,2025-07-18,invitacion_usuario,8
EVT-003835,CLI-00460,2025-07-18,login,2
EVT-003836,CLI-00488,2025-07-18,uso_feature,4
EVT-003837,CLI-00500,2025-07-18,descarga_reporte,5
EVT-003838,CLI-00500,2025-07-18,login,1
EVT-003839,CLI-00508,2025-07-18,login,1
EVT-003840,CLI-00004,2025-07-19,descarga_reporte,5
EVT-003841,CLI-00023,2025-07-19,invitacion_usuario,8
EVT-003842,CLI-00046,2025-07-19,login,1
EVT-003843,CLI-00058,2025-07-19,uso_feature,3
EVT-003844,CLI-00081,2025-07-19,uso_feature,3
EVT-003845,CLI-00104,2025-07-19,uso_feature,3
EVT-003846,CLI-00115,2025-07-19,login,1
EVT-003847,CLI-00130,2025-07-19,descarga_reporte,5
EVT-003848,CLI-00151,2025-07-19,login,2
EVT-003849,CLI-00169,2025-07-19,login,1
EVT-003850,CLI-00194,2025-07-19,login,2
EVT-003851,CLI-00235,2025-07-19,uso_feature,3
EVT-003852,CLI-00248,2025-07-19,login,1
EVT-003853,CLI-00264,2025-07-19,login,1
EVT-003854,CLI-00306,2025-07-19,login,1
EVT-003855,CLI-00353,2025-07-19,login,1
EVT-003856,CLI-00416,2025-07-19,login,1
EVT-003857,CLI-00425,2025-07-19,uso_feature,3
EVT-003858,CLI-00440,2025-07-19,login,2
EVT-003859,CLI-00455,2025-07-19,uso_feature,4
EVT-003860,CLI-00457,2025-07-19,uso_feature,3
EVT-003861,CLI-00490,2025-07-19,login,2
EVT-003862,CLI-00041,2025-07-20,login,2
EVT-003863,CLI-00060,2025-07-20,uso_feature,4
EVT-003864,CLI-00097,2025-07-20,login,1
EVT-003865,CLI-00144,2025-07-20,descarga_reporte,6
EVT-003866,CLI-00150,2025-07-20,login,2
EVT-003867,CLI-00210,2025-07-20,login,1
EVT-003868,CLI-00233,2025-07-20,login,1
EVT-003869,CLI-00257,2025-07-20,uso_feature,4
EVT-003870,CLI-00315,2025-07-20,invitacion_usuario,8
EVT-003871,CLI-00344,2025-07-20,descarga_reporte,6
EVT-003872,CLI-00358,2025-07-20,uso_feature,3
EVT-003873,CLI-00367,2025-07-20,login,1
EVT-003874,CLI-00404,2025-07-20,login,2
EVT-003875,CLI-00416,2025-07-20,login,1
EVT-003876,CLI-00460,2025-07-20,login,1
EVT-003877,CLI-00503,2025-07-20,descarga_reporte,6
EVT-003878,CLI-00027,2025-07-21,login,2
EVT-003879,CLI-00060,2025-07-21,uso_feature,3
EVT-003880,CLI-00081,2025-07-21,login,1
EVT-003881,CLI-00084,2025-07-21,uso_feature,3
EVT-003882,CLI-00106,2025-07-21,login,1
EVT-003883,CLI-00108,2025-07-21,login,2
EVT-003884,CLI-00117,2025-07-21,login,2
EVT-003885,CLI-00145,2025-07-21,login,2
EVT-003886,CLI-00153,2025-07-21,invitacion_usuario,8
EVT-003887,CLI-00194,2025-07-21,uso_feature,4
EVT-003888,CLI-00199,2025-07-21,login,1
EVT-003889,CLI-00242,2025-07-21,uso_feature,3
EVT-003890,CLI-00272,2025-07-21,login,1
EVT-003891,CLI-00315,2025-07-21,login,1
EVT-003892,CLI-00325,2025-07-21,uso_feature,3
EVT-003893,CLI-00325,2025-07-21,descarga_reporte,6
EVT-003894,CLI-00337,2025-07-21,login,2
EVT-003895,CLI-00358,2025-07-21,login,1
EVT-003896,CLI-00382,2025-07-21,login,1
EVT-003897,CLI-00385,2025-07-21,uso_feature,3
EVT-003898,CLI-00433,2025-07-21,descarga_reporte,6
EVT-003899,CLI-00455,2025-07-21,uso_feature,4
EVT-003900,CLI-00460,2025-07-21,uso_feature,3
EVT-003901,CLI-00009,2025-07-22,login,2
EVT-003902,CLI-00039,2025-07-22,login,1
EVT-003903,CLI-00045,2025-07-22,uso_feature,3
EVT-003904,CLI-00066,2025-07-22,login,1
EVT-003905,CLI-00073,2025-07-22,uso_feature,3
EVT-003906,CLI-00084,2025-07-22,uso_feature,4
EVT-003907,CLI-00104,2025-07-22,login,2
EVT-003908,CLI-00115,2025-07-22,uso_feature,4
EVT-003909,CLI-00135,2025-07-22,login,1
EVT-003910,CLI-00175,2025-07-22,login,1
EVT-003911,CLI-00235,2025-07-22,descarga_reporte,5
EVT-003912,CLI-00260,2025-07-22,uso_feature,3
EVT-003913,CLI-00265,2025-07-22,descarga_reporte,5
EVT-003914,CLI-00306,2025-07-22,invitacion_usuario,8
EVT-003915,CLI-00333,2025-07-22,login,1
EVT-003916,CLI-00367,2025-07-22,login,2
EVT-003917,CLI-00385,2025-07-22,descarga_reporte,5
EVT-003918,CLI-00437,2025-07-22,login,1
EVT-003919,CLI-00458,2025-07-22,uso_feature,3
EVT-003920,CLI-00468,2025-07-22,invitacion_usuario,8
EVT-003921,CLI-00488,2025-07-22,login,1
EVT-003922,CLI-00509,2025-07-22,login,1
EVT-003923,CLI-00003,2025-07-23,login,1
EVT-003924,CLI-00070,2025-07-23,descarga_reporte,5
EVT-003925,CLI-00136,2025-07-23,login,1
EVT-003926,CLI-00142,2025-07-23,login,2
EVT-003927,CLI-00153,2025-07-23,descarga_reporte,5
EVT-003928,CLI-00164,2025-07-23,uso_feature,3
EVT-003929,CLI-00191,2025-07-23,login,2
EVT-003930,CLI-00211,2025-07-23,descarga_reporte,5
EVT-003931,CLI-00264,2025-07-23,descarga_reporte,5
EVT-003932,CLI-00289,2025-07-23,login,2
EVT-003933,CLI-00332,2025-07-23,login,1
EVT-003934,CLI-00344,2025-07-23,login,1
EVT-003935,CLI-00347,2025-07-23,descarga_reporte,5
EVT-003936,CLI-00388,2025-07-23,login,1
EVT-003937,CLI-00390,2025-07-23,login,1
EVT-003938,CLI-00399,2025-07-23,login,1
EVT-003939,CLI-00412,2025-07-23,uso_feature,3
EVT-003940,CLI-00437,2025-07-23,login,2
EVT-003941,CLI-00490,2025-07-23,login,1
EVT-003942,CLI-00043,2025-07-24,login,1
EVT-003943,CLI-00073,2025-07-24,login,2
EVT-003944,CLI-00149,2025-07-24,login,1
EVT-003945,CLI-00235,2025-07-24,login,2
EVT-003946,CLI-00248,2025-07-24,login,1
EVT-003947,CLI-00250,2025-07-24,uso_feature,4
EVT-003948,CLI-00257,2025-07-24,login,1
EVT-003949,CLI-00264,2025-07-24,uso_feature,3
EVT-003950,CLI-00290,2025-07-24,login,2
EVT-003951,CLI-00347,2025-07-24,login,1
EVT-003952,CLI-00385,2025-07-24,uso_feature,3
EVT-003953,CLI-00453,2025-07-24,login,1
EVT-003954,CLI-00501,2025-07-24,login,1
EVT-003955,CLI-00027,2025-07-25,login,1
EVT-003956,CLI-00047,2025-07-25,uso_feature,3
EVT-003957,CLI-00058,2025-07-25,descarga_reporte,5
EVT-003958,CLI-00063,2025-07-25,login,2
EVT-003959,CLI-00073,2025-07-25,uso_feature,3
EVT-003960,CLI-00106,2025-07-25,uso_feature,3
EVT-003961,CLI-00173,2025-07-25,login,1
EVT-003962,CLI-00216,2025-07-25,invitacion_usuario,8
EVT-003963,CLI-00225,2025-07-25,uso_feature,3
EVT-003964,CLI-00228,2025-07-25,uso_feature,3
EVT-003965,CLI-00249,2025-07-25,descarga_reporte,5
EVT-003966,CLI-00384,2025-07-25,uso_feature,3
EVT-003967,CLI-00384,2025-07-25,uso_feature,3
EVT-003968,CLI-00394,2025-07-25,login,1
EVT-003969,CLI-00416,2025-07-25,login,1
EVT-003970,CLI-00440,2025-07-25,login,2
EVT-003971,CLI-00508,2025-07-25,login,2
EVT-003972,CLI-00028,2025-07-26,descarga_reporte,6
EVT-003973,CLI-00041,2025-07-26,login,1
EVT-003974,CLI-00043,2025-07-26,uso_feature,3
EVT-003975,CLI-00077,2025-07-26,uso_feature,3
EVT-003976,CLI-00096,2025-07-26,descarga_reporte,6
EVT-003977,CLI-00117,2025-07-26,uso_feature,4
EVT-003978,CLI-00128,2025-07-26,uso_feature,3
EVT-003979,CLI-00142,2025-07-26,descarga_reporte,6
EVT-003980,CLI-00149,2025-07-26,login,1
EVT-003981,CLI-00151,2025-07-26,login,2
EVT-003982,CLI-00188,2025-07-26,uso_feature,3
EVT-003983,CLI-00189,2025-07-26,login,1
EVT-003984,CLI-00225,2025-07-26,uso_feature,4
EVT-003985,CLI-00226,2025-07-26,invitacion_usuario,8
EVT-003986,CLI-00241,2025-07-26,login,1
EVT-003987,CLI-00257,2025-07-26,login,1
EVT-003988,CLI-00271,2025-07-26,login,1
EVT-003989,CLI-00337,2025-07-26,uso_feature,3
EVT-003990,CLI-00342,2025-07-26,login,1
EVT-003991,CLI-00343,2025-07-26,login,1
EVT-003992,CLI-00398,2025-07-26,login,1
EVT-003993,CLI-00398,2025-07-26,uso_feature,4
EVT-003994,CLI-00435,2025-07-26,uso_feature,3
EVT-003995,CLI-00446,2025-07-26,login,1
EVT-003996,CLI-00488,2025-07-26,uso_feature,3
EVT-003997,CLI-00059,2025-07-27,login,2
EVT-003998,CLI-00163,2025-07-27,descarga_reporte,6
EVT-003999,CLI-00199,2025-07-27,login,1
EVT-004000,CLI-00200,2025-07-27,descarga_reporte,5
EVT-004001,CLI-00204,2025-07-27,uso_feature,3
EVT-004002,CLI-00265,2025-07-27,login,2
EVT-004003,CLI-00275,2025-07-27,login,1
EVT-004004,CLI-00289,2025-07-27,login,1
EVT-004005,CLI-00345,2025-07-27,descarga_reporte,5
EVT-004006,CLI-00354,2025-07-27,login,1
EVT-004007,CLI-00391,2025-07-27,uso_feature,3
EVT-004008,CLI-00398,2025-07-27,descarga_reporte,5
EVT-004009,CLI-00415,2025-07-27,login,1
EVT-004010,CLI-00469,2025-07-27,uso_feature,3
EVT-004011,CLI-00496,2025-07-27,login,1
EVT-004012,CLI-00505,2025-07-27,login,1
EVT-004013,CLI-00028,2025-07-28,uso_feature,3
EVT-004014,CLI-00047,2025-07-28,descarga_reporte,6
EVT-004015,CLI-00051,2025-07-28,descarga_reporte,5
EVT-004016,CLI-00096,2025-07-28,uso_feature,3
EVT-004017,CLI-00108,2025-07-28,uso_feature,3
EVT-004018,CLI-00164,2025-07-28,descarga_reporte,5
EVT-004019,CLI-00175,2025-07-28,login,1
EVT-004020,CLI-00216,2025-07-28,login,1
EVT-004021,CLI-00248,2025-07-28,invitacion_usuario,8
EVT-004022,CLI-00250,2025-07-28,uso_feature,3
EVT-004023,CLI-00265,2025-07-28,descarga_reporte,5
EVT-004024,CLI-00281,2025-07-28,uso_feature,3
EVT-004025,CLI-00306,2025-07-28,uso_feature,3
EVT-004026,CLI-00315,2025-07-28,uso_feature,3
EVT-004027,CLI-00317,2025-07-28,login,1
EVT-004028,CLI-00433,2025-07-28,login,1
EVT-004029,CLI-00440,2025-07-28,descarga_reporte,5
EVT-004030,CLI-00455,2025-07-28,uso_feature,3
EVT-004031,CLI-00496,2025-07-28,invitacion_usuario,8
EVT-004032,CLI-00004,2025-08-01,descarga_reporte,6
EVT-004033,CLI-00028,2025-08-01,descarga_reporte,5
EVT-004034,CLI-00028,2025-08-01,login,1
EVT-004035,CLI-00029,2025-08-01,login,1
EVT-004036,CLI-00051,2025-08-01,invitacion_usuario,8
EVT-004037,CLI-00058,2025-08-01,login,1
EVT-004038,CLI-00066,2025-08-01,descarga_reporte,5
EVT-004039,CLI-00077,2025-08-01,login,1
EVT-004040,CLI-00080,2025-08-01,invitacion_usuario,8
EVT-004041,CLI-00084,2025-08-01,login,2
EVT-004042,CLI-00104,2025-08-01,login,1
EVT-004043,CLI-00123,2025-08-01,uso_feature,4
EVT-004044,CLI-00135,2025-08-01,login,1
EVT-004045,CLI-00151,2025-08-01,login,1
EVT-004046,CLI-00175,2025-08-01,login,1
EVT-004047,CLI-00175,2025-08-01,login,2
EVT-004048,CLI-00206,2025-08-01,login,2
EVT-004049,CLI-00242,2025-08-01,invitacion_usuario,9
EVT-004050,CLI-00249,2025-08-01,login,2
EVT-004051,CLI-00272,2025-08-01,login,1
EVT-004052,CLI-00281,2025-08-01,login,1
EVT-004053,CLI-00317,2025-08-01,login,1
EVT-004054,CLI-00317,2025-08-01,login,1
EVT-004055,CLI-00340,2025-08-01,login,1
EVT-004056,CLI-00347,2025-08-01,login,2
EVT-004057,CLI-00428,2025-08-01,login,1
EVT-004058,CLI-00435,2025-08-01,login,1
EVT-004059,CLI-00452,2025-08-01,login,2
EVT-004060,CLI-00508,2025-08-01,login,2
EVT-004061,CLI-00018,2025-08-02,uso_feature,4
EVT-004062,CLI-00018,2025-08-02,login,1
EVT-004063,CLI-00023,2025-08-02,login,1
EVT-004064,CLI-00028,2025-08-02,login,1
EVT-004065,CLI-00036,2025-08-02,uso_feature,3
EVT-004066,CLI-00039,2025-08-02,login,1
EVT-004067,CLI-00047,2025-08-02,uso_feature,3
EVT-004068,CLI-00066,2025-08-02,uso_feature,3
EVT-004069,CLI-00145,2025-08-02,descarga_reporte,5
EVT-004070,CLI-00161,2025-08-02,login,1
EVT-004071,CLI-00220,2025-08-02,login,1
EVT-004072,CLI-00325,2025-08-02,login,2
EVT-004073,CLI-00332,2025-08-02,uso_feature,4
EVT-004074,CLI-00345,2025-08-02,uso_feature,4
EVT-004075,CLI-00354,2025-08-02,uso_feature,3
EVT-004076,CLI-00358,2025-08-02,login,1
EVT-004077,CLI-00379,2025-08-02,login,2
EVT-004078,CLI-00381,2025-08-02,login,1
EVT-004079,CLI-00429,2025-08-02,login,1
EVT-004080,CLI-00440,2025-08-02,uso_feature,3
EVT-004081,CLI-00460,2025-08-02,login,2
EVT-004082,CLI-00468,2025-08-02,login,1
EVT-004083,CLI-00475,2025-08-02,login,1
EVT-004084,CLI-00490,2025-08-02,login,1
EVT-004085,CLI-00016,2025-08-03,login,1
EVT-004086,CLI-00018,2025-08-03,uso_feature,4
EVT-004087,CLI-00027,2025-08-03,login,1
EVT-004088,CLI-00029,2025-08-03,login,1
EVT-004089,CLI-00039,2025-08-03,invitacion_usuario,8
EVT-004090,CLI-00058,2025-08-03,login,1
EVT-004091,CLI-00080,2025-08-03,uso_feature,3
EVT-004092,CLI-00117,2025-08-03,login,2
EVT-004093,CLI-00135,2025-08-03,login,2
EVT-004094,CLI-00139,2025-08-03,login,1
EVT-004095,CLI-00145,2025-08-03,login,2
EVT-004096,CLI-00161,2025-08-03,login,1
EVT-004097,CLI-00179,2025-08-03,descarga_reporte,6
EVT-004098,CLI-00195,2025-08-03,login,1
EVT-004099,CLI-00206,2025-08-03,login,2
EVT-004100,CLI-00306,2025-08-03,uso_feature,3
EVT-004101,CLI-00337,2025-08-03,login,1
EVT-004102,CLI-00353,2025-08-03,login,2
EVT-004103,CLI-00369,2025-08-03,uso_feature,3
EVT-004104,CLI-00369,2025-08-03,login,1
EVT-004105,CLI-00384,2025-08-03,uso_feature,4
EVT-004106,CLI-00440,2025-08-03,login,1
EVT-004107,CLI-00446,2025-08-03,login,2
EVT-004108,CLI-00452,2025-08-03,uso_feature,3
EVT-004109,CLI-00509,2025-08-03,descarga_reporte,5
EVT-004110,CLI-00029,2025-08-04,login,1
EVT-004111,CLI-00036,2025-08-04,uso_feature,3
EVT-004112,CLI-00055,2025-08-04,uso_feature,3
EVT-004113,CLI-00090,2025-08-04,login,1
EVT-004114,CLI-00096,2025-08-04,descarga_reporte,5
EVT-004115,CLI-00107,2025-08-04,uso_feature,3
EVT-004116,CLI-00139,2025-08-04,descarga_reporte,5
EVT-004117,CLI-00153,2025-08-04,uso_feature,4
EVT-004118,CLI-00170,2025-08-04,login,2
EVT-004119,CLI-00189,2025-08-04,login,2
EVT-004120,CLI-00200,2025-08-04,descarga_reporte,5
EVT-004121,CLI-00206,2025-08-04,descarga_reporte,5
EVT-004122,CLI-00256,2025-08-04,login,1
EVT-004123,CLI-00306,2025-08-04,login,1
EVT-004124,CLI-00345,2025-08-04,descarga_reporte,5
EVT-004125,CLI-00385,2025-08-04,login,1
EVT-004126,CLI-00393,2025-08-04,login,1
EVT-004127,CLI-00468,2025-08-04,uso_feature,4
EVT-004128,CLI-00496,2025-08-04,login,1
EVT-004129,CLI-00509,2025-08-04,uso_feature,4
EVT-004130,CLI-00004,2025-08-05,uso_feature,3
EVT-004131,CLI-00004,2025-08-05,uso_feature,3
EVT-004132,CLI-00070,2025-08-05,uso_feature,4
EVT-004133,CLI-00142,2025-08-05,login,1
EVT-004134,CLI-00149,2025-08-05,descarga_reporte,6
EVT-004135,CLI-00170,2025-08-05,login,1
EVT-004136,CLI-00194,2025-08-05,login,1
EVT-004137,CLI-00218,2025-08-05,login,1
EVT-004138,CLI-00247,2025-08-05,uso_feature,4
EVT-004139,CLI-00306,2025-08-05,descarga_reporte,5
EVT-004140,CLI-00333,2025-08-05,descarga_reporte,6
EVT-004141,CLI-00340,2025-08-05,uso_feature,4
EVT-004142,CLI-00350,2025-08-05,login,2
EVT-004143,CLI-00353,2025-08-05,login,2
EVT-004144,CLI-00359,2025-08-05,uso_feature,4
EVT-004145,CLI-00398,2025-08-05,invitacion_usuario,8
EVT-004146,CLI-00404,2025-08-05,login,1
EVT-004147,CLI-00414,2025-08-05,login,1
EVT-004148,CLI-00433,2025-08-05,login,2
EVT-004149,CLI-00437,2025-08-05,uso_feature,3
EVT-004150,CLI-00475,2025-08-05,login,1
EVT-004151,CLI-00501,2025-08-05,login,1
EVT-004152,CLI-00018,2025-08-06,login,1
EVT-004153,CLI-00047,2025-08-06,uso_feature,3
EVT-004154,CLI-00070,2025-08-06,login,1
EVT-004155,CLI-00080,2025-08-06,uso_feature,4
EVT-004156,CLI-00088,2025-08-06,login,1
EVT-004157,CLI-00097,2025-08-06,uso_feature,3
EVT-004158,CLI-00108,2025-08-06,login,1
EVT-004159,CLI-00157,2025-08-06,login,2
EVT-004160,CLI-00161,2025-08-06,descarga_reporte,5
EVT-004161,CLI-00189,2025-08-06,login,1
EVT-004162,CLI-00191,2025-08-06,login,1
EVT-004163,CLI-00195,2025-08-06,login,2
EVT-004164,CLI-00196,2025-08-06,uso_feature,3
EVT-004165,CLI-00199,2025-08-06,uso_feature,3
EVT-004166,CLI-00204,2025-08-06,login,1
EVT-004167,CLI-00210,2025-08-06,uso_feature,3
EVT-004168,CLI-00281,2025-08-06,uso_feature,3
EVT-004169,CLI-00333,2025-08-06,descarga_reporte,5
EVT-004170,CLI-00344,2025-08-06,login,1
EVT-004171,CLI-00345,2025-08-06,uso_feature,3
EVT-004172,CLI-00353,2025-08-06,descarga_reporte,5
EVT-004173,CLI-00357,2025-08-06,login,1
EVT-004174,CLI-00367,2025-08-06,login,1
EVT-004175,CLI-00404,2025-08-06,login,2
EVT-004176,CLI-00436,2025-08-06,login,2
EVT-004177,CLI-00455,2025-08-06,uso_feature,3
EVT-004178,CLI-00006,2025-08-07,uso_feature,3
EVT-004179,CLI-00123,2025-08-07,login,2
EVT-004180,CLI-00128,2025-08-07,uso_feature,3
EVT-004181,CLI-00135,2025-08-07,login,2
EVT-004182,CLI-00148,2025-08-07,login,2
EVT-004183,CLI-00189,2025-08-07,login,1
EVT-004184,CLI-00199,2025-08-07,login,1
EVT-004185,CLI-00200,2025-08-07,login,1
EVT-004186,CLI-00242,2025-08-07,uso_feature,3
EVT-004187,CLI-00242,2025-08-07,descarga_reporte,5
EVT-004188,CLI-00247,2025-08-07,login,1
EVT-004189,CLI-00249,2025-08-07,invitacion_usuario,8
EVT-004190,CLI-00250,2025-08-07,uso_feature,3
EVT-004191,CLI-00271,2025-08-07,uso_feature,3
EVT-004192,CLI-00325,2025-08-07,login,1
EVT-004193,CLI-00359,2025-08-07,descarga_reporte,6
EVT-004194,CLI-00412,2025-08-07,login,2
EVT-004195,CLI-00437,2025-08-07,login,1
EVT-004196,CLI-00485,2025-08-07,uso_feature,3
EVT-004197,CLI-00490,2025-08-07,uso_feature,3
EVT-004198,CLI-00052,2025-08-08,uso_feature,3
EVT-004199,CLI-00088,2025-08-08,uso_feature,4
EVT-004200,CLI-00142,2025-08-08,descarga_reporte,5
EVT-004201,CLI-00149,2025-08-08,login,1
EVT-004202,CLI-00151,2025-08-08,login,1
EVT-004203,CLI-00153,2025-08-08,login,2
EVT-004204,CLI-00161,2025-08-08,invitacion_usuario,9
EVT-004205,CLI-00199,2025-08-08,uso_feature,4
EVT-004206,CLI-00204,2025-08-08,uso_feature,3
EVT-004207,CLI-00235,2025-08-08,descarga_reporte,6
EVT-004208,CLI-00265,2025-08-08,invitacion_usuario,9
EVT-004209,CLI-00272,2025-08-08,login,1
EVT-004210,CLI-00341,2025-08-08,uso_feature,3
EVT-004211,CLI-00388,2025-08-08,login,2
EVT-004212,CLI-00457,2025-08-08,descarga_reporte,5
EVT-004213,CLI-00003,2025-08-09,login,1
EVT-004214,CLI-00023,2025-08-09,login,1
EVT-004215,CLI-00043,2025-08-09,login,1
EVT-004216,CLI-00055,2025-08-09,login,2
EVT-004217,CLI-00055,2025-08-09,descarga_reporte,5
EVT-004218,CLI-00058,2025-08-09,login,1
EVT-004219,CLI-00070,2025-08-09,login,1
EVT-004220,CLI-00077,2025-08-09,descarga_reporte,5
EVT-004221,CLI-00135,2025-08-09,login,2
EVT-004222,CLI-00139,2025-08-09,login,1
EVT-004223,CLI-00144,2025-08-09,descarga_reporte,5
EVT-004224,CLI-00150,2025-08-09,uso_feature,3
EVT-004225,CLI-00153,2025-08-09,descarga_reporte,6
EVT-004226,CLI-00163,2025-08-09,uso_feature,4
EVT-004227,CLI-00188,2025-08-09,login,2
EVT-004228,CLI-00188,2025-08-09,descarga_reporte,6
EVT-004229,CLI-00236,2025-08-09,descarga_reporte,6
EVT-004230,CLI-00265,2025-08-09,login,1
EVT-004231,CLI-00281,2025-08-09,uso_feature,3
EVT-004232,CLI-00317,2025-08-09,uso_feature,3
EVT-004233,CLI-00332,2025-08-09,descarga_reporte,5
EVT-004234,CLI-00350,2025-08-09,descarga_reporte,5
EVT-004235,CLI-00391,2025-08-09,login,1
EVT-004236,CLI-00399,2025-08-09,uso_feature,3
EVT-004237,CLI-00460,2025-08-09,login,1
EVT-004238,CLI-00484,2025-08-09,login,2
EVT-004239,CLI-00490,2025-08-09,login,2
EVT-004240,CLI-00501,2025-08-09,uso_feature,4
EVT-004241,CLI-00043,2025-08-10,invitacion_usuario,8
EVT-004242,CLI-00059,2025-08-10,descarga_reporte,6
EVT-004243,CLI-00081,2025-08-10,uso_feature,3
EVT-004244,CLI-00090,2025-08-10,login,1
EVT-004245,CLI-00144,2025-08-10,login,2
EVT-004246,CLI-00148,2025-08-10,login,2
EVT-004247,CLI-00170,2025-08-10,uso_feature,3
EVT-004248,CLI-00204,2025-08-10,uso_feature,4
EVT-004249,CLI-00235,2025-08-10,uso_feature,4
EVT-004250,CLI-00248,2025-08-10,descarga_reporte,6
EVT-004251,CLI-00257,2025-08-10,uso_feature,3
EVT-004252,CLI-00281,2025-08-10,login,1
EVT-004253,CLI-00290,2025-08-10,login,1
EVT-004254,CLI-00350,2025-08-10,login,1
EVT-004255,CLI-00393,2025-08-10,uso_feature,4
EVT-004256,CLI-00396,2025-08-10,uso_feature,3
EVT-004257,CLI-00412,2025-08-10,uso_feature,3
EVT-004258,CLI-00412,2025-08-10,login,1
EVT-004259,CLI-00428,2025-08-10,login,1
EVT-004260,CLI-00437,2025-08-10,login,2
EVT-004261,CLI-00468,2025-08-10,uso_feature,4
EVT-004262,CLI-00475,2025-08-10,login,2
EVT-004263,CLI-00485,2025-08-10,descarga_reporte,5
EVT-004264,CLI-00496,2025-08-10,login,1
EVT-004265,CLI-00027,2025-08-11,uso_feature,4
EVT-004266,CLI-00046,2025-08-11,uso_feature,4
EVT-004267,CLI-00047,2025-08-11,login,1
EVT-004268,CLI-00047,2025-08-11,descarga_reporte,6
EVT-004269,CLI-00055,2025-08-11,login,2
EVT-004270,CLI-00066,2025-08-11,login,1
EVT-004271,CLI-00077,2025-08-11,uso_feature,3
EVT-004272,CLI-00104,2025-08-11,descarga_reporte,5
EVT-004273,CLI-00106,2025-08-11,uso_feature,3
EVT-004274,CLI-00107,2025-08-11,descarga_reporte,5
EVT-004275,CLI-00153,2025-08-11,login,1
EVT-004276,CLI-00169,2025-08-11,login,1
EVT-004277,CLI-00225,2025-08-11,login,2
EVT-004278,CLI-00264,2025-08-11,login,1
EVT-004279,CLI-00265,2025-08-11,login,1
EVT-004280,CLI-00272,2025-08-11,invitacion_usuario,8
EVT-004281,CLI-00344,2025-08-11,login,1
EVT-004282,CLI-00353,2025-08-11,login,1
EVT-004283,CLI-00354,2025-08-11,uso_feature,3
EVT-004284,CLI-00371,2025-08-11,login,1
EVT-004285,CLI-00382,2025-08-11,login,2
EVT-004286,CLI-00410,2025-08-11,uso_feature,4
EVT-004287,CLI-00411,2025-08-11,uso_feature,3
EVT-004288,CLI-00428,2025-08-11,login,1
EVT-004289,CLI-00428,2025-08-11,uso_feature,3
EVT-004290,CLI-00429,2025-08-11,login,1
EVT-004291,CLI-00460,2025-08-11,descarga_reporte,5
EVT-004292,CLI-00004,2025-08-12,login,1
EVT-004293,CLI-00006,2025-08-12,login,1
EVT-004294,CLI-00023,2025-08-12,login,1
EVT-004295,CLI-00084,2025-08-12,login,1
EVT-004296,CLI-00090,2025-08-12,login,1
EVT-004297,CLI-00169,2025-08-12,descarga_reporte,5
EVT-004298,CLI-00188,2025-08-12,login,1
EVT-004299,CLI-00196,2025-08-12,login,1
EVT-004300,CLI-00240,2025-08-12,login,1
EVT-004301,CLI-00248,2025-08-12,login,1
EVT-004302,CLI-00249,2025-08-12,login,1
EVT-004303,CLI-00250,2025-08-12,uso_feature,3
EVT-004304,CLI-00256,2025-08-12,login,2
EVT-004305,CLI-00260,2025-08-12,login,1
EVT-004306,CLI-00325,2025-08-12,login,2
EVT-004307,CLI-00332,2025-08-12,uso_feature,3
EVT-004308,CLI-00343,2025-08-12,uso_feature,4
EVT-004309,CLI-00350,2025-08-12,login,2
EVT-004310,CLI-00385,2025-08-12,descarga_reporte,5
EVT-004311,CLI-00436,2025-08-12,uso_feature,3
EVT-004312,CLI-00475,2025-08-12,uso_feature,3
EVT-004313,CLI-00500,2025-08-12,login,1
EVT-004314,CLI-00034,2025-08-13,login,1
EVT-004315,CLI-00034,2025-08-13,login,2
EVT-004316,CLI-00041,2025-08-13,uso_feature,4
EVT-004317,CLI-00045,2025-08-13,uso_feature,4
EVT-004318,CLI-00051,2025-08-13,uso_feature,3
EVT-004319,CLI-00051,2025-08-13,login,1
EVT-004320,CLI-00106,2025-08-13,login,1
EVT-004321,CLI-00108,2025-08-13,descarga_reporte,6
EVT-004322,CLI-00163,2025-08-13,login,1
EVT-004323,CLI-00189,2025-08-13,login,1
EVT-004324,CLI-00218,2025-08-13,login,2
EVT-004325,CLI-00233,2025-08-13,uso_feature,4
EVT-004326,CLI-00242,2025-08-13,login,1
EVT-004327,CLI-00275,2025-08-13,login,1
EVT-004328,CLI-00281,2025-08-13,login,1
EVT-004329,CLI-00315,2025-08-13,login,1
EVT-004330,CLI-00333,2025-08-13,descarga_reporte,5
EVT-004331,CLI-00339,2025-08-13,uso_feature,3
EVT-004332,CLI-00341,2025-08-13,login,2
EVT-004333,CLI-00341,2025-08-13,uso_feature,3
EVT-004334,CLI-00347,2025-08-13,login,2
EVT-004335,CLI-00390,2025-08-13,uso_feature,3
EVT-004336,CLI-00390,2025-08-13,invitacion_usuario,9
EVT-004337,CLI-00416,2025-08-13,uso_feature,4
EVT-004338,CLI-00437,2025-08-13,uso_feature,3
EVT-004339,CLI-00448,2025-08-13,login,1
EVT-004340,CLI-00500,2025-08-13,login,1
EVT-004341,CLI-00506,2025-08-13,login,1
EVT-004342,CLI-00035,2025-08-14,descarga_reporte,6
EVT-004343,CLI-00036,2025-08-14,uso_feature,3
EVT-004344,CLI-00060,2025-08-14,login,1
EVT-004345,CLI-00090,2025-08-14,uso_feature,3
EVT-004346,CLI-00104,2025-08-14,uso_feature,3
EVT-004347,CLI-00108,2025-08-14,login,2
EVT-004348,CLI-00123,2025-08-14,uso_feature,3
EVT-004349,CLI-00148,2025-08-14,login,1
EVT-004350,CLI-00235,2025-08-14,uso_feature,3
EVT-004351,CLI-00240,2025-08-14,login,1
EVT-004352,CLI-00315,2025-08-14,login,1
EVT-004353,CLI-00315,2025-08-14,uso_feature,3
EVT-004354,CLI-00371,2025-08-14,login,2
EVT-004355,CLI-00381,2025-08-14,uso_feature,4
EVT-004356,CLI-00425,2025-08-14,descarga_reporte,5
EVT-004357,CLI-00433,2025-08-14,login,2
EVT-004358,CLI-00433,2025-08-14,uso_feature,3
EVT-004359,CLI-00446,2025-08-14,uso_feature,3
EVT-004360,CLI-00506,2025-08-14,descarga_reporte,6
EVT-004361,CLI-00508,2025-08-14,uso_feature,3
EVT-004362,CLI-00058,2025-08-15,login,2
EVT-004363,CLI-00063,2025-08-15,login,1
EVT-004364,CLI-00084,2025-08-15,login,1
EVT-004365,CLI-00128,2025-08-15,login,2
EVT-004366,CLI-00144,2025-08-15,login,2
EVT-004367,CLI-00172,2025-08-15,login,1
EVT-004368,CLI-00172,2025-08-15,login,2
EVT-004369,CLI-00203,2025-08-15,uso_feature,3
EVT-004370,CLI-00235,2025-08-15,login,1
EVT-004371,CLI-00240,2025-08-15,uso_feature,3
EVT-004372,CLI-00260,2025-08-15,login,2
EVT-004373,CLI-00271,2025-08-15,login,2
EVT-004374,CLI-00306,2025-08-15,login,2
EVT-004375,CLI-00340,2025-08-15,descarga_reporte,6
EVT-004376,CLI-00359,2025-08-15,invitacion_usuario,8
EVT-004377,CLI-00369,2025-08-15,uso_feature,4
EVT-004378,CLI-00391,2025-08-15,uso_feature,4
EVT-004379,CLI-00396,2025-08-15,uso_feature,3
EVT-004380,CLI-00416,2025-08-15,uso_feature,3
EVT-004381,CLI-00431,2025-08-15,descarga_reporte,5
EVT-004382,CLI-00484,2025-08-15,descarga_reporte,5
EVT-004383,CLI-00503,2025-08-15,login,1
EVT-004384,CLI-00508,2025-08-15,uso_feature,3
EVT-004385,CLI-00006,2025-08-16,descarga_reporte,5
EVT-004386,CLI-00066,2025-08-16,login,2
EVT-004387,CLI-00130,2025-08-16,uso_feature,4
EVT-004388,CLI-00131,2025-08-16,login,2
EVT-004389,CLI-00135,2025-08-16,login,1
EVT-004390,CLI-00191,2025-08-16,uso_feature,3
EVT-004391,CLI-00194,2025-08-16,descarga_reporte,5
EVT-004392,CLI-00203,2025-08-16,login,1
EVT-004393,CLI-00210,2025-08-16,login,1
EVT-004394,CLI-00225,2025-08-16,login,1
EVT-004395,CLI-00260,2025-08-16,uso_feature,3
EVT-004396,CLI-00279,2025-08-16,login,1
EVT-004397,CLI-00317,2025-08-16,uso_feature,4
EVT-004398,CLI-00340,2025-08-16,login,1
EVT-004399,CLI-00367,2025-08-16,descarga_reporte,5
EVT-004400,CLI-00391,2025-08-16,invitacion_usuario,8
EVT-004401,CLI-00391,2025-08-16,descarga_reporte,6
EVT-004402,CLI-00399,2025-08-16,login,1
EVT-004403,CLI-00431,2025-08-16,login,1
EVT-004404,CLI-00435,2025-08-16,login,1
EVT-004405,CLI-00453,2025-08-16,uso_feature,3
EVT-004406,CLI-00468,2025-08-16,login,1
EVT-004407,CLI-00468,2025-08-16,login,2
EVT-004408,CLI-00509,2025-08-16,login,2
EVT-004409,CLI-00035,2025-08-17,login,2
EVT-004410,CLI-00036,2025-08-17,login,1
EVT-004411,CLI-00043,2025-08-17,uso_feature,3
EVT-004412,CLI-00046,2025-08-17,descarga_reporte,5
EVT-004413,CLI-00052,2025-08-17,login,1
EVT-004414,CLI-00131,2025-08-17,descarga_reporte,6
EVT-004415,CLI-00148,2025-08-17,uso_feature,4
EVT-004416,CLI-00210,2025-08-17,uso_feature,4
EVT-004417,CLI-00211,2025-08-17,login,2
EVT-004418,CLI-00220,2025-08-17,descarga_reporte,5
EVT-004419,CLI-00394,2025-08-17,login,2
EVT-004420,CLI-00404,2025-08-17,login,2
EVT-004421,CLI-00410,2025-08-17,login,1
EVT-004422,CLI-00440,2025-08-17,uso_feature,3
EVT-004423,CLI-00469,2025-08-17,uso_feature,4
EVT-004424,CLI-00485,2025-08-17,login,2
EVT-004425,CLI-00018,2025-08-18,login,1
EVT-004426,CLI-00035,2025-08-18,login,1
EVT-004427,CLI-00077,2025-08-18,uso_feature,3
EVT-004428,CLI-00115,2025-08-18,uso_feature,3
EVT-004429,CLI-00117,2025-08-18,login,1
EVT-004430,CLI-00128,2025-08-18,login,1
EVT-004431,CLI-00144,2025-08-18,login,2
EVT-004432,CLI-00211,2025-08-18,login,1
EVT-004433,CLI-00235,2025-08-18,uso_feature,4
EVT-004434,CLI-00238,2025-08-18,login,1
EVT-004435,CLI-00260,2025-08-18,login,1
EVT-004436,CLI-00272,2025-08-18,descarga_reporte,5
EVT-004437,CLI-00337,2025-08-18,uso_feature,4
EVT-004438,CLI-00344,2025-08-18,uso_feature,4
EVT-004439,CLI-00393,2025-08-18,login,1
EVT-004440,CLI-00394,2025-08-18,login,1
EVT-004441,CLI-00016,2025-08-19,uso_feature,3
EVT-004442,CLI-00043,2025-08-19,login,2
EVT-004443,CLI-00096,2025-08-19,login,1
EVT-004444,CLI-00106,2025-08-19,login,1
EVT-004445,CLI-00107,2025-08-19,descarga_reporte,5
EVT-004446,CLI-00161,2025-08-19,uso_feature,3
EVT-004447,CLI-00175,2025-08-19,uso_feature,4
EVT-004448,CLI-00249,2025-08-19,uso_feature,4
EVT-004449,CLI-00325,2025-08-19,uso_feature,3
EVT-004450,CLI-00337,2025-08-19,login,1
EVT-004451,CLI-00340,2025-08-19,login,2
EVT-004452,CLI-00342,2025-08-19,uso_feature,3
EVT-004453,CLI-00345,2025-08-19,login,1
EVT-004454,CLI-00365,2025-08-19,uso_feature,3
EVT-004455,CLI-00394,2025-08-19,login,1
EVT-004456,CLI-00453,2025-08-19,login,1
EVT-004457,CLI-00455,2025-08-19,login,2
EVT-004458,CLI-00460,2025-08-19,uso_feature,3
EVT-004459,CLI-00500,2025-08-19,login,1
EVT-004460,CLI-00503,2025-08-19,descarga_reporte,6
EVT-004461,CLI-00009,2025-08-20,invitacion_usuario,9
EVT-004462,CLI-00029,2025-08-20,descarga_reporte,5
EVT-004463,CLI-00096,2025-08-20,login,1
EVT-004464,CLI-00104,2025-08-20,login,1
EVT-004465,CLI-00136,2025-08-20,login,1
EVT-004466,CLI-00150,2025-08-20,uso_feature,3
EVT-004467,CLI-00173,2025-08-20,uso_feature,4
EVT-004468,CLI-00189,2025-08-20,login,1
EVT-004469,CLI-00194,2025-08-20,descarga_reporte,5
EVT-004470,CLI-00200,2025-08-20,login,1
EVT-004471,CLI-00200,2025-08-20,invitacion_usuario,8
EVT-004472,CLI-00225,2025-08-20,login,2
EVT-004473,CLI-00279,2025-08-20,descarga_reporte,5
EVT-004474,CLI-00343,2025-08-20,login,2
EVT-004475,CLI-00393,2025-08-20,invitacion_usuario,8
EVT-004476,CLI-00394,2025-08-20,uso_feature,3
EVT-004477,CLI-00415,2025-08-20,uso_feature,4
EVT-004478,CLI-00448,2025-08-20,login,1
EVT-004479,CLI-00484,2025-08-20,login,1
EVT-004480,CLI-00488,2025-08-20,login,2
EVT-004481,CLI-00051,2025-08-21,descarga_reporte,6
EVT-004482,CLI-00052,2025-08-21,login,2
EVT-004483,CLI-00063,2025-08-21,uso_feature,3
EVT-004484,CLI-00066,2025-08-21,login,1
EVT-004485,CLI-00090,2025-08-21,login,1
EVT-004486,CLI-00104,2025-08-21,login,1
EVT-004487,CLI-00123,2025-08-21,descarga_reporte,5
EVT-004488,CLI-00170,2025-08-21,login,2
EVT-004489,CLI-00194,2025-08-21,uso_feature,3
EVT-004490,CLI-00315,2025-08-21,uso_feature,4
EVT-004491,CLI-00337,2025-08-21,uso_feature,4
EVT-004492,CLI-00341,2025-08-21,login,2
EVT-004493,CLI-00371,2025-08-21,login,1
EVT-004494,CLI-00410,2025-08-21,login,2
EVT-004495,CLI-00452,2025-08-21,login,1
EVT-004496,CLI-00452,2025-08-21,descarga_reporte,5
EVT-004497,CLI-00453,2025-08-21,descarga_reporte,6
EVT-004498,CLI-00501,2025-08-21,descarga_reporte,5
EVT-004499,CLI-00016,2025-08-22,login,2
EVT-004500,CLI-00055,2025-08-22,descarga_reporte,5
EVT-004501,CLI-00106,2025-08-22,descarga_reporte,5
EVT-004502,CLI-00144,2025-08-22,descarga_reporte,5
EVT-004503,CLI-00151,2025-08-22,uso_feature,3
EVT-004504,CLI-00195,2025-08-22,descarga_reporte,5
EVT-004505,CLI-00225,2025-08-22,uso_feature,3
EVT-004506,CLI-00354,2025-08-22,descarga_reporte,5
EVT-004507,CLI-00424,2025-08-22,descarga_reporte,6
EVT-004508,CLI-00485,2025-08-22,login,2
EVT-004509,CLI-00490,2025-08-22,login,2
EVT-004510,CLI-00492,2025-08-22,login,1
EVT-004511,CLI-00503,2025-08-22,login,2
EVT-004512,CLI-00016,2025-08-23,invitacion_usuario,9
EVT-004513,CLI-00058,2025-08-23,invitacion_usuario,8
EVT-004514,CLI-00123,2025-08-23,login,2
EVT-004515,CLI-00145,2025-08-23,uso_feature,3
EVT-004516,CLI-00163,2025-08-23,login,1
EVT-004517,CLI-00164,2025-08-23,login,2
EVT-004518,CLI-00173,2025-08-23,descarga_reporte,5
EVT-004519,CLI-00195,2025-08-23,login,1
EVT-004520,CLI-00218,2025-08-23,login,1
EVT-004521,CLI-00220,2025-08-23,uso_feature,3
EVT-004522,CLI-00228,2025-08-23,login,1
EVT-004523,CLI-00228,2025-08-23,login,2
EVT-004524,CLI-00248,2025-08-23,descarga_reporte,5
EVT-004525,CLI-00264,2025-08-23,descarga_reporte,5
EVT-004526,CLI-00325,2025-08-23,uso_feature,3
EVT-004527,CLI-00343,2025-08-23,login,1
EVT-004528,CLI-00358,2025-08-23,uso_feature,4
EVT-004529,CLI-00369,2025-08-23,login,1
EVT-004530,CLI-00410,2025-08-23,descarga_reporte,5
EVT-004531,CLI-00411,2025-08-23,invitacion_usuario,8
EVT-004532,CLI-00425,2025-08-23,uso_feature,4
EVT-004533,CLI-00437,2025-08-23,uso_feature,4
EVT-004534,CLI-00446,2025-08-23,login,1
EVT-004535,CLI-00475,2025-08-23,uso_feature,3
EVT-004536,CLI-00490,2025-08-23,uso_feature,3
EVT-004537,CLI-00509,2025-08-23,login,2
EVT-004538,CLI-00073,2025-08-24,uso_feature,3
EVT-004539,CLI-00088,2025-08-24,login,1
EVT-004540,CLI-00145,2025-08-24,login,1
EVT-004541,CLI-00150,2025-08-24,uso_feature,3
EVT-004542,CLI-00170,2025-08-24,login,2
EVT-004543,CLI-00188,2025-08-24,login,2
EVT-004544,CLI-00195,2025-08-24,uso_feature,3
EVT-004545,CLI-00200,2025-08-24,login,2
EVT-004546,CLI-00203,2025-08-24,uso_feature,3
EVT-004547,CLI-00242,2025-08-24,descarga_reporte,5
EVT-004548,CLI-00260,2025-08-24,uso_feature,4
EVT-004549,CLI-00271,2025-08-24,login,1
EVT-004550,CLI-00289,2025-08-24,uso_feature,3
EVT-004551,CLI-00342,2025-08-24,uso_feature,3
EVT-004552,CLI-00359,2025-08-24,uso_feature,4
EVT-004553,CLI-00376,2025-08-24,login,1
EVT-004554,CLI-00433,2025-08-24,uso_feature,3
EVT-004555,CLI-00433,2025-08-24,uso_feature,4
EVT-004556,CLI-00440,2025-08-24,login,1
EVT-004557,CLI-00051,2025-08-25,descarga_reporte,6
EVT-004558,CLI-00097,2025-08-25,descarga_reporte,5
EVT-004559,CLI-00108,2025-08-25,login,2
EVT-004560,CLI-00131,2025-08-25,login,1
EVT-004561,CLI-00188,2025-08-25,invitacion_usuario,8
EVT-004562,CLI-00194,2025-08-25,login,1
EVT-004563,CLI-00226,2025-08-25,uso_feature,3
EVT-004564,CLI-00241,2025-08-25,invitacion_usuario,8
EVT-004565,CLI-00247,2025-08-25,login,1
EVT-004566,CLI-00265,2025-08-25,invitacion_usuario,9
EVT-004567,CLI-00279,2025-08-25,login,1
EVT-004568,CLI-00315,2025-08-25,login,1
EVT-004569,CLI-00333,2025-08-25,login,1
EVT-004570,CLI-00353,2025-08-25,login,1
EVT-004571,CLI-00379,2025-08-25,login,1
EVT-004572,CLI-00382,2025-08-25,login,1
EVT-004573,CLI-00393,2025-08-25,descarga_reporte,5
EVT-004574,CLI-00396,2025-08-25,descarga_reporte,6
EVT-004575,CLI-00440,2025-08-25,uso_feature,3
EVT-004576,CLI-00443,2025-08-25,invitacion_usuario,8
EVT-004577,CLI-00460,2025-08-25,login,1
EVT-004578,CLI-00501,2025-08-25,uso_feature,3
EVT-004579,CLI-00506,2025-08-25,uso_feature,3
EVT-004580,CLI-00009,2025-08-26,uso_feature,3
EVT-004581,CLI-00028,2025-08-26,descarga_reporte,5
EVT-004582,CLI-00035,2025-08-26,login,1
EVT-004583,CLI-00039,2025-08-26,login,2
EVT-004584,CLI-00070,2025-08-26,login,1
EVT-004585,CLI-00077,2025-08-26,uso_feature,3
EVT-004586,CLI-00080,2025-08-26,descarga_reporte,5
EVT-004587,CLI-00149,2025-08-26,login,1
EVT-004588,CLI-00150,2025-08-26,login,1
EVT-004589,CLI-00157,2025-08-26,login,2
EVT-004590,CLI-00163,2025-08-26,invitacion_usuario,8
EVT-004591,CLI-00169,2025-08-26,login,1
EVT-004592,CLI-00175,2025-08-26,login,1
EVT-004593,CLI-00196,2025-08-26,uso_feature,4
EVT-004594,CLI-00206,2025-08-26,uso_feature,3
EVT-004595,CLI-00210,2025-08-26,login,1
EVT-004596,CLI-00289,2025-08-26,login,2
EVT-004597,CLI-00306,2025-08-26,login,1
EVT-004598,CLI-00333,2025-08-26,login,2
EVT-004599,CLI-00371,2025-08-26,uso_feature,3
EVT-004600,CLI-00399,2025-08-26,uso_feature,3
EVT-004601,CLI-00411,2025-08-26,login,2
EVT-004602,CLI-00411,2025-08-26,login,1
EVT-004603,CLI-00492,2025-08-26,login,1
EVT-004604,CLI-00496,2025-08-26,uso_feature,3
EVT-004605,CLI-00506,2025-08-26,uso_feature,3
EVT-004606,CLI-00006,2025-08-27,login,2
EVT-004607,CLI-00045,2025-08-27,uso_feature,3
EVT-004608,CLI-00054,2025-08-27,uso_feature,3
EVT-004609,CLI-00107,2025-08-27,login,2
EVT-004610,CLI-00145,2025-08-27,login,2
EVT-004611,CLI-00149,2025-08-27,uso_feature,4
EVT-004612,CLI-00216,2025-08-27,uso_feature,3
EVT-004613,CLI-00228,2025-08-27,descarga_reporte,5
EVT-004614,CLI-00228,2025-08-27,login,1
EVT-004615,CLI-00247,2025-08-27,login,2
EVT-004616,CLI-00290,2025-08-27,uso_feature,4
EVT-004617,CLI-00341,2025-08-27,login,1
EVT-004618,CLI-00350,2025-08-27,login,1
EVT-004619,CLI-00381,2025-08-27,login,2
EVT-004620,CLI-00399,2025-08-27,login,1
EVT-004621,CLI-00453,2025-08-27,descarga_reporte,5
EVT-004622,CLI-00458,2025-08-27,login,1
EVT-004623,CLI-00488,2025-08-27,descarga_reporte,6
EVT-004624,CLI-00501,2025-08-27,login,1
EVT-004625,CLI-00016,2025-08-28,login,1
EVT-004626,CLI-00027,2025-08-28,uso_feature,4
EVT-004627,CLI-00029,2025-08-28,descarga_reporte,5
EVT-004628,CLI-00046,2025-08-28,login,2
EVT-004629,CLI-00063,2025-08-28,uso_feature,3
EVT-004630,CLI-00108,2025-08-28,uso_feature,4
EVT-004631,CLI-00109,2025-08-28,invitacion_usuario,8
EVT-004632,CLI-00157,2025-08-28,descarga_reporte,5
EVT-004633,CLI-00175,2025-08-28,login,1
EVT-004634,CLI-00210,2025-08-28,uso_feature,3
EVT-004635,CLI-00250,2025-08-28,uso_feature,4
EVT-004636,CLI-00271,2025-08-28,uso_feature,3
EVT-004637,CLI-00290,2025-08-28,login,1
EVT-004638,CLI-00332,2025-08-28,uso_feature,3
EVT-004639,CLI-00365,2025-08-28,login,1
EVT-004640,CLI-00371,2025-08-28,uso_feature,3
EVT-004641,CLI-00385,2025-08-28,login,2
EVT-004642,CLI-00399,2025-08-28,uso_feature,4
EVT-004643,CLI-00458,2025-08-28,uso_feature,4
EVT-004644,CLI-00505,2025-08-28,login,1
EVT-004645,CLI-00003,2025-09-01,login,1
EVT-004646,CLI-00004,2025-09-01,login,1
EVT-004647,CLI-00041,2025-09-01,uso_feature,3
EVT-004648,CLI-00043,2025-09-01,login,1
EVT-004649,CLI-00059,2025-09-01,descarga_reporte,5
EVT-004650,CLI-00084,2025-09-01,descarga_reporte,6
EVT-004651,CLI-00090,2025-09-01,descarga_reporte,6
EVT-004652,CLI-00090,2025-09-01,invitacion_usuario,8
EVT-004653,CLI-00115,2025-09-01,uso_feature,3
EVT-004654,CLI-00131,2025-09-01,uso_feature,3
EVT-004655,CLI-00200,2025-09-01,login,1
EVT-004656,CLI-00206,2025-09-01,uso_feature,3
EVT-004657,CLI-00226,2025-09-01,login,1
EVT-004658,CLI-00226,2025-09-01,login,1
EVT-004659,CLI-00281,2025-09-01,descarga_reporte,5
EVT-004660,CLI-00306,2025-09-01,uso_feature,4
EVT-004661,CLI-00345,2025-09-01,uso_feature,3
EVT-004662,CLI-00359,2025-09-01,uso_feature,4
EVT-004663,CLI-00365,2025-09-01,login,1
EVT-004664,CLI-00371,2025-09-01,login,2
EVT-004665,CLI-00414,2025-09-01,uso_feature,4
EVT-004666,CLI-00428,2025-09-01,uso_feature,3
EVT-004667,CLI-00039,2025-09-02,login,1
EVT-004668,CLI-00058,2025-09-02,login,1
EVT-004669,CLI-00080,2025-09-02,descarga_reporte,5
EVT-004670,CLI-00104,2025-09-02,login,1
EVT-004671,CLI-00172,2025-09-02,uso_feature,4
EVT-004672,CLI-00173,2025-09-02,login,1
EVT-004673,CLI-00228,2025-09-02,login,2
EVT-004674,CLI-00233,2025-09-02,login,1
EVT-004675,CLI-00281,2025-09-02,login,2
EVT-004676,CLI-00337,2025-09-02,login,2
EVT-004677,CLI-00371,2025-09-02,login,2
EVT-004678,CLI-00415,2025-09-02,login,2
EVT-004679,CLI-00448,2025-09-02,login,2
EVT-004680,CLI-00501,2025-09-02,login,1
EVT-004681,CLI-00027,2025-09-03,login,1
EVT-004682,CLI-00029,2025-09-03,invitacion_usuario,9
EVT-004683,CLI-00070,2025-09-03,login,2
EVT-004684,CLI-00088,2025-09-03,login,1
EVT-004685,CLI-00191,2025-09-03,login,1
EVT-004686,CLI-00194,2025-09-03,invitacion_usuario,9
EVT-004687,CLI-00196,2025-09-03,uso_feature,3
EVT-004688,CLI-00199,2025-09-03,uso_feature,4
EVT-004689,CLI-00218,2025-09-03,login,2
EVT-004690,CLI-00290,2025-09-03,login,2
EVT-004691,CLI-00354,2025-09-03,login,1
EVT-004692,CLI-00359,2025-09-03,login,2
EVT-004693,CLI-00371,2025-09-03,login,2
EVT-004694,CLI-00382,2025-09-03,descarga_reporte,5
EVT-004695,CLI-00393,2025-09-03,descarga_reporte,5
EVT-004696,CLI-00414,2025-09-03,descarga_reporte,6
EVT-004697,CLI-00443,2025-09-03,uso_feature,4
EVT-004698,CLI-00452,2025-09-03,descarga_reporte,5
EVT-004699,CLI-00455,2025-09-03,uso_feature,3
EVT-004700,CLI-00457,2025-09-03,login,1
EVT-004701,CLI-00475,2025-09-03,login,2
EVT-004702,CLI-00500,2025-09-03,login,1
EVT-004703,CLI-00006,2025-09-04,uso_feature,3
EVT-004704,CLI-00035,2025-09-04,login,1
EVT-004705,CLI-00060,2025-09-04,login,2
EVT-004706,CLI-00066,2025-09-04,descarga_reporte,5
EVT-004707,CLI-00070,2025-09-04,login,1
EVT-004708,CLI-00081,2025-09-04,login,1
EVT-004709,CLI-00135,2025-09-04,descarga_reporte,5
EVT-004710,CLI-00139,2025-09-04,login,1
EVT-004711,CLI-00142,2025-09-04,login,1
EVT-004712,CLI-00204,2025-09-04,descarga_reporte,5
EVT-004713,CLI-00210,2025-09-04,uso_feature,3
EVT-004714,CLI-00238,2025-09-04,login,1
EVT-004715,CLI-00271,2025-09-04,descarga_reporte,6
EVT-004716,CLI-00315,2025-09-04,descarga_reporte,5
EVT-004717,CLI-00354,2025-09-04,login,1
EVT-004718,CLI-00469,2025-09-04,invitacion_usuario,9
EVT-004719,CLI-00503,2025-09-04,login,1
EVT-004720,CLI-00016,2025-09-05,login,2
EVT-004721,CLI-00045,2025-09-05,invitacion_usuario,9
EVT-004722,CLI-00081,2025-09-05,descarga_reporte,5
EVT-004723,CLI-00161,2025-09-05,login,1
EVT-004724,CLI-00169,2025-09-05,login,1
EVT-004725,CLI-00173,2025-09-05,descarga_reporte,5
EVT-004726,CLI-00179,2025-09-05,uso_feature,4
EVT-004727,CLI-00191,2025-09-05,uso_feature,3
EVT-004728,CLI-00257,2025-09-05,login,2
EVT-004729,CLI-00281,2025-09-05,login,1
EVT-004730,CLI-00317,2025-09-05,uso_feature,3
EVT-004731,CLI-00317,2025-09-05,descarga_reporte,5
EVT-004732,CLI-00337,2025-09-05,login,1
EVT-004733,CLI-00353,2025-09-05,login,1
EVT-004734,CLI-00357,2025-09-05,login,1
EVT-004735,CLI-00357,2025-09-05,descarga_reporte,5
EVT-004736,CLI-00367,2025-09-05,uso_feature,3
EVT-004737,CLI-00369,2025-09-05,uso_feature,4
EVT-004738,CLI-00398,2025-09-05,login,1
EVT-004739,CLI-00428,2025-09-05,uso_feature,4
EVT-004740,CLI-00501,2025-09-05,login,1
EVT-004741,CLI-00506,2025-09-05,uso_feature,3
EVT-004742,CLI-00041,2025-09-06,login,1
EVT-004743,CLI-00046,2025-09-06,uso_feature,3
EVT-004744,CLI-00047,2025-09-06,login,1
EVT-004745,CLI-00073,2025-09-06,login,1
EVT-004746,CLI-00108,2025-09-06,uso_feature,4
EVT-004747,CLI-00189,2025-09-06,login,2
EVT-004748,CLI-00275,2025-09-06,uso_feature,4
EVT-004749,CLI-00342,2025-09-06,login,1
EVT-004750,CLI-00381,2025-09-06,login,1
EVT-004751,CLI-00385,2025-09-06,login,2
EVT-004752,CLI-00416,2025-09-06,invitacion_usuario,8
EVT-004753,CLI-00457,2025-09-06,login,1
EVT-004754,CLI-00475,2025-09-06,uso_feature,3
EVT-004755,CLI-00492,2025-09-06,uso_feature,3
EVT-004756,CLI-00496,2025-09-06,login,2
EVT-004757,CLI-00028,2025-09-07,uso_feature,3
EVT-004758,CLI-00039,2025-09-07,login,2
EVT-004759,CLI-00052,2025-09-07,uso_feature,3
EVT-004760,CLI-00123,2025-09-07,login,2
EVT-004761,CLI-00131,2025-09-07,descarga_reporte,5
EVT-004762,CLI-00228,2025-09-07,login,1
EVT-004763,CLI-00265,2025-09-07,login,1
EVT-004764,CLI-00333,2025-09-07,uso_feature,3
EVT-004765,CLI-00381,2025-09-07,login,1
EVT-004766,CLI-00382,2025-09-07,login,1
EVT-004767,CLI-00398,2025-09-07,login,2
EVT-004768,CLI-00414,2025-09-07,login,1
EVT-004769,CLI-00437,2025-09-07,login,2
EVT-004770,CLI-00440,2025-09-07,login,1
EVT-004771,CLI-00453,2025-09-07,uso_feature,3
EVT-004772,CLI-00457,2025-09-07,uso_feature,3
EVT-004773,CLI-00468,2025-09-07,descarga_reporte,6
EVT-004774,CLI-00496,2025-09-07,login,2
EVT-004775,CLI-00006,2025-09-08,login,1
EVT-004776,CLI-00027,2025-09-08,descarga_reporte,5
EVT-004777,CLI-00041,2025-09-08,invitacion_usuario,8
EVT-004778,CLI-00059,2025-09-08,descarga_reporte,5
EVT-004779,CLI-00090,2025-09-08,login,1
EVT-004780,CLI-00109,2025-09-08,uso_feature,3
EVT-004781,CLI-00130,2025-09-08,login,1
EVT-004782,CLI-00136,2025-09-08,login,2
EVT-004783,CLI-00139,2025-09-08,login,2
EVT-004784,CLI-00145,2025-09-08,descarga_reporte,5
EVT-004785,CLI-00191,2025-09-08,invitacion_usuario,9
EVT-004786,CLI-00211,2025-09-08,login,2
EVT-004787,CLI-00290,2025-09-08,uso_feature,4
EVT-004788,CLI-00342,2025-09-08,descarga_reporte,5
EVT-004789,CLI-00343,2025-09-08,descarga_reporte,5
EVT-004790,CLI-00344,2025-09-08,descarga_reporte,6
EVT-004791,CLI-00345,2025-09-08,descarga_reporte,5
EVT-004792,CLI-00359,2025-09-08,login,2
EVT-004793,CLI-00385,2025-09-08,login,1
EVT-004794,CLI-00388,2025-09-08,descarga_reporte,5
EVT-004795,CLI-00393,2025-09-08,login,1
EVT-004796,CLI-00399,2025-09-08,invitacion_usuario,9
EVT-004797,CLI-00440,2025-09-08,uso_feature,3
EVT-004798,CLI-00452,2025-09-08,descarga_reporte,5
EVT-004799,CLI-00468,2025-09-08,login,1
EVT-004800,CLI-00484,2025-09-08,uso_feature,3
EVT-004801,CLI-00500,2025-09-08,login,1
EVT-004802,CLI-00509,2025-09-08,descarga_reporte,5
EVT-004803,CLI-00051,2025-09-09,login,2
EVT-004804,CLI-00128,2025-09-09,uso_feature,4
EVT-004805,CLI-00148,2025-09-09,login,2
EVT-004806,CLI-00173,2025-09-09,login,1
EVT-004807,CLI-00195,2025-09-09,login,2
EVT-004808,CLI-00203,2025-09-09,uso_feature,3
EVT-004809,CLI-00203,2025-09-09,descarga_reporte,5
EVT-004810,CLI-00206,2025-09-09,uso_feature,3
EVT-004811,CLI-00264,2025-09-09,login,1
EVT-004812,CLI-00332,2025-09-09,login,1
EVT-004813,CLI-00353,2025-09-09,descarga_reporte,5
EVT-004814,CLI-00359,2025-09-09,login,2
EVT-004815,CLI-00359,2025-09-09,uso_feature,3
EVT-004816,CLI-00365,2025-09-09,descarga_reporte,5
EVT-004817,CLI-00410,2025-09-09,descarga_reporte,6
EVT-004818,CLI-00415,2025-09-09,login,1
EVT-004819,CLI-00468,2025-09-09,login,1
EVT-004820,CLI-00004,2025-09-10,login,1
EVT-004821,CLI-00028,2025-09-10,login,2
EVT-004822,CLI-00043,2025-09-10,uso_feature,4
EVT-004823,CLI-00047,2025-09-10,login,1
EVT-004824,CLI-00070,2025-09-10,uso_feature,3
EVT-004825,CLI-00096,2025-09-10,login,2
EVT-004826,CLI-00096,2025-09-10,login,1
EVT-004827,CLI-00115,2025-09-10,login,1
EVT-004828,CLI-00130,2025-09-10,descarga_reporte,6
EVT-004829,CLI-00142,2025-09-10,login,2
EVT-004830,CLI-00188,2025-09-10,login,1
EVT-004831,CLI-00211,2025-09-10,invitacion_usuario,8
EVT-004832,CLI-00220,2025-09-10,login,1
EVT-004833,CLI-00242,2025-09-10,login,1
EVT-004834,CLI-00342,2025-09-10,descarga_reporte,6
EVT-004835,CLI-00393,2025-09-10,uso_feature,3
EVT-004836,CLI-00412,2025-09-10,uso_feature,3
EVT-004837,CLI-00455,2025-09-10,login,1
EVT-004838,CLI-00500,2025-09-10,login,1
EVT-004839,CLI-00501,2025-09-10,uso_feature,3
EVT-004840,CLI-00016,2025-09-11,descarga_reporte,6
EVT-004841,CLI-00096,2025-09-11,uso_feature,4
EVT-004842,CLI-00128,2025-09-11,uso_feature,3
EVT-004843,CLI-00148,2025-09-11,login,1
EVT-004844,CLI-00196,2025-09-11,login,1
EVT-004845,CLI-00289,2025-09-11,login,1
EVT-004846,CLI-00339,2025-09-11,uso_feature,3
EVT-004847,CLI-00343,2025-09-11,descarga_reporte,5
EVT-004848,CLI-00357,2025-09-11,login,2
EVT-004849,CLI-00376,2025-09-11,uso_feature,3
EVT-004850,CLI-00398,2025-09-11,login,1
EVT-004851,CLI-00415,2025-09-11,invitacion_usuario,8
EVT-004852,CLI-00436,2025-09-11,login,1
EVT-004853,CLI-00043,2025-09-12,login,2
EVT-004854,CLI-00043,2025-09-12,login,2
EVT-004855,CLI-00097,2025-09-12,descarga_reporte,5
EVT-004856,CLI-00106,2025-09-12,login,2
EVT-004857,CLI-00128,2025-09-12,login,1
EVT-004858,CLI-00148,2025-09-12,login,1
EVT-004859,CLI-00188,2025-09-12,login,1
EVT-004860,CLI-00188,2025-09-12,login,1
EVT-004861,CLI-00220,2025-09-12,login,2
EVT-004862,CLI-00226,2025-09-12,uso_feature,3
EVT-004863,CLI-00332,2025-09-12,login,1
EVT-004864,CLI-00341,2025-09-12,descarga_reporte,5
EVT-004865,CLI-00440,2025-09-12,login,1
EVT-004866,CLI-00485,2025-09-12,uso_feature,4
EVT-004867,CLI-00492,2025-09-12,uso_feature,3
EVT-004868,CLI-00505,2025-09-12,uso_feature,3
EVT-004869,CLI-00509,2025-09-12,login,1
EVT-004870,CLI-00009,2025-09-13,login,1
EVT-004871,CLI-00023,2025-09-13,descarga_reporte,6
EVT-004872,CLI-00054,2025-09-13,uso_feature,4
EVT-004873,CLI-00104,2025-09-13,uso_feature,3
EVT-004874,CLI-00104,2025-09-13,uso_feature,3
EVT-004875,CLI-00123,2025-09-13,uso_feature,4
EVT-004876,CLI-00139,2025-09-13,login,1
EVT-004877,CLI-00144,2025-09-13,descarga_reporte,5
EVT-004878,CLI-00149,2025-09-13,descarga_reporte,5
EVT-004879,CLI-00175,2025-09-13,uso_feature,4
EVT-004880,CLI-00264,2025-09-13,login,1
EVT-004881,CLI-00340,2025-09-13,login,1
EVT-004882,CLI-00343,2025-09-13,login,1
EVT-004883,CLI-00347,2025-09-13,uso_feature,3
EVT-004884,CLI-00353,2025-09-13,invitacion_usuario,8
EVT-004885,CLI-00376,2025-09-13,login,1
EVT-004886,CLI-00381,2025-09-13,login,1
EVT-004887,CLI-00388,2025-09-13,uso_feature,3
EVT-004888,CLI-00460,2025-09-13,login,1
EVT-004889,CLI-00073,2025-09-14,uso_feature,4
EVT-004890,CLI-00084,2025-09-14,login,2
EVT-004891,CLI-00142,2025-09-14,login,2
EVT-004892,CLI-00151,2025-09-14,descarga_reporte,5
EVT-004893,CLI-00161,2025-09-14,login,1
EVT-004894,CLI-00175,2025-09-14,descarga_reporte,5
EVT-004895,CLI-00179,2025-09-14,uso_feature,3
EVT-004896,CLI-00179,2025-09-14,descarga_reporte,5
EVT-004897,CLI-00204,2025-09-14,uso_feature,3
EVT-004898,CLI-00211,2025-09-14,login,2
EVT-004899,CLI-00241,2025-09-14,uso_feature,3
EVT-004900,CLI-00256,2025-09-14,login,2
EVT-004901,CLI-00271,2025-09-14,login,2
EVT-004902,CLI-00339,2025-09-14,login,1
EVT-004903,CLI-00342,2025-09-14,login,1
EVT-004904,CLI-00365,2025-09-14,descarga_reporte,5
EVT-004905,CLI-00388,2025-09-14,uso_feature,4
EVT-004906,CLI-00435,2025-09-14,uso_feature,3
EVT-004907,CLI-00503,2025-09-14,invitacion_usuario,9
EVT-004908,CLI-00016,2025-09-15,login,1
EVT-004909,CLI-00018,2025-09-15,login,1
EVT-004910,CLI-00028,2025-09-15,descarga_reporte,5
EVT-004911,CLI-00043,2025-09-15,login,1
EVT-004912,CLI-00107,2025-09-15,login,2
EVT-004913,CLI-00161,2025-09-15,descarga_reporte,6
EVT-004914,CLI-00164,2025-09-15,login,1
EVT-004915,CLI-00169,2025-09-15,login,1
EVT-004916,CLI-00191,2025-09-15,uso_feature,3
EVT-004917,CLI-00238,2025-09-15,login,1
EVT-004918,CLI-00332,2025-09-15,login,2
EVT-004919,CLI-00339,2025-09-15,uso_feature,3
EVT-004920,CLI-00353,2025-09-15,login,2
EVT-004921,CLI-00354,2025-09-15,uso_feature,3
EVT-004922,CLI-00379,2025-09-15,login,2
EVT-004923,CLI-00390,2025-09-15,login,1
EVT-004924,CLI-00412,2025-09-15,login,1
EVT-004925,CLI-00446,2025-09-15,login,2
EVT-004926,CLI-00460,2025-09-15,login,2
EVT-004927,CLI-00505,2025-09-15,login,2
EVT-004928,CLI-00508,2025-09-15,descarga_reporte,5
EVT-004929,CLI-00509,2025-09-15,login,2
EVT-004930,CLI-00028,2025-09-16,uso_feature,3
EVT-004931,CLI-00097,2025-09-16,login,2
EVT-004932,CLI-00135,2025-09-16,descarga_reporte,6
EVT-004933,CLI-00142,2025-09-16,uso_feature,4
EVT-004934,CLI-00169,2025-09-16,uso_feature,3
EVT-004935,CLI-00170,2025-09-16,login,1
EVT-004936,CLI-00189,2025-09-16,login,1
EVT-004937,CLI-00195,2025-09-16,uso_feature,3
EVT-004938,CLI-00204,2025-09-16,login,2
EVT-004939,CLI-00216,2025-09-16,uso_feature,4
EVT-004940,CLI-00233,2025-09-16,uso_feature,3
EVT-004941,CLI-00235,2025-09-16,login,2
EVT-004942,CLI-00238,2025-09-16,login,1
EVT-004943,CLI-00265,2025-09-16,login,2
EVT-004944,CLI-00272,2025-09-16,invitacion_usuario,8
EVT-004945,CLI-00365,2025-09-16,uso_feature,4
EVT-004946,CLI-00367,2025-09-16,login,1
EVT-004947,CLI-00381,2025-09-16,login,1
EVT-004948,CLI-00416,2025-09-16,uso_feature,4
EVT-004949,CLI-00435,2025-09-16,uso_feature,3
EVT-004950,CLI-00484,2025-09-16,login,2
EVT-004951,CLI-00506,2025-09-16,uso_feature,3
EVT-004952,CLI-00028,2025-09-17,login,1
EVT-004953,CLI-00058,2025-09-17,login,1
EVT-004954,CLI-00066,2025-09-17,login,2
EVT-004955,CLI-00073,2025-09-17,uso_feature,4
EVT-004956,CLI-00084,2025-09-17,login,1
EVT-004957,CLI-00109,2025-09-17,login,1
EVT-004958,CLI-00117,2025-09-17,invitacion_usuario,8
EVT-004959,CLI-00123,2025-09-17,login,2
EVT-004960,CLI-00150,2025-09-17,uso_feature,3
EVT-004961,CLI-00179,2025-09-17,uso_feature,4
EVT-004962,CLI-00196,2025-09-17,uso_feature,3
EVT-004963,CLI-00199,2025-09-17,uso_feature,3
EVT-004964,CLI-00203,2025-09-17,login,2
EVT-004965,CLI-00228,2025-09-17,uso_feature,3
EVT-004966,CLI-00257,2025-09-17,login,1
EVT-004967,CLI-00260,2025-09-17,descarga_reporte,6
EVT-004968,CLI-00358,2025-09-17,uso_feature,3
EVT-004969,CLI-00390,2025-09-17,descarga_reporte,5
EVT-004970,CLI-00416,2025-09-17,descarga_reporte,5
EVT-004971,CLI-00425,2025-09-17,login,2
EVT-004972,CLI-00492,2025-09-17,descarga_reporte,5
EVT-004973,CLI-00508,2025-09-17,descarga_reporte,5
EVT-004974,CLI-00004,2025-09-18,uso_feature,3
EVT-004975,CLI-00059,2025-09-18,login,2
EVT-004976,CLI-00059,2025-09-18,login,1
EVT-004977,CLI-00104,2025-09-18,login,2
EVT-004978,CLI-00107,2025-09-18,login,1
EVT-004979,CLI-00117,2025-09-18,login,2
EVT-004980,CLI-00169,2025-09-18,login,2
EVT-004981,CLI-00203,2025-09-18,invitacion_usuario,9
EVT-004982,CLI-00204,2025-09-18,login,2
EVT-004983,CLI-00220,2025-09-18,invitacion_usuario,9
EVT-004984,CLI-00248,2025-09-18,login,2
EVT-004985,CLI-00272,2025-09-18,uso_feature,3
EVT-004986,CLI-00317,2025-09-18,uso_feature,3
EVT-004987,CLI-00337,2025-09-18,descarga_reporte,5
EVT-004988,CLI-00365,2025-09-18,login,1
EVT-004989,CLI-00416,2025-09-18,descarga_reporte,5
EVT-004990,CLI-00446,2025-09-18,invitacion_usuario,8
EVT-004991,CLI-00458,2025-09-18,login,1
EVT-004992,CLI-00469,2025-09-18,descarga_reporte,5
EVT-004993,CLI-00485,2025-09-18,login,2
EVT-004994,CLI-00046,2025-09-19,login,2
EVT-004995,CLI-00054,2025-09-19,uso_feature,3
EVT-004996,CLI-00097,2025-09-19,login,2
EVT-004997,CLI-00109,2025-09-19,uso_feature,4
EVT-004998,CLI-00164,2025-09-19,descarga_reporte,5
EVT-004999,CLI-00189,2025-09-19,login,1
EVT-005000,CLI-00195,2025-09-19,login,1
EVT-005001,CLI-00240,2025-09-19,uso_feature,3
EVT-005002,CLI-00242,2025-09-19,login,2
EVT-005003,CLI-00250,2025-09-19,login,2
EVT-005004,CLI-00257,2025-09-19,login,1
EVT-005005,CLI-00272,2025-09-19,uso_feature,4
EVT-005006,CLI-00306,2025-09-19,login,2
EVT-005007,CLI-00317,2025-09-19,login,2
EVT-005008,CLI-00339,2025-09-19,login,2
EVT-005009,CLI-00343,2025-09-19,uso_feature,4
EVT-005010,CLI-00376,2025-09-19,login,1
EVT-005011,CLI-00428,2025-09-19,uso_feature,3
EVT-005012,CLI-00433,2025-09-19,login,2
EVT-005013,CLI-00435,2025-09-19,login,2
EVT-005014,CLI-00503,2025-09-19,login,2
EVT-005015,CLI-00016,2025-09-20,login,1
EVT-005016,CLI-00027,2025-09-20,descarga_reporte,5
EVT-005017,CLI-00131,2025-09-20,login,1
EVT-005018,CLI-00148,2025-09-20,descarga_reporte,6
EVT-005019,CLI-00149,2025-09-20,uso_feature,3
EVT-005020,CLI-00157,2025-09-20,login,1
EVT-005021,CLI-00204,2025-09-20,descarga_reporte,5
EVT-005022,CLI-00264,2025-09-20,descarga_reporte,5
EVT-005023,CLI-00315,2025-09-20,uso_feature,3
EVT-005024,CLI-00350,2025-09-20,login,1
EVT-005025,CLI-00357,2025-09-20,login,1
EVT-005026,CLI-00391,2025-09-20,uso_feature,4
EVT-005027,CLI-00396,2025-09-20,login,2
EVT-005028,CLI-00410,2025-09-20,login,2
EVT-005029,CLI-00410,2025-09-20,uso_feature,4
EVT-005030,CLI-00429,2025-09-20,descarga_reporte,5
EVT-005031,CLI-00453,2025-09-20,login,2
EVT-005032,CLI-00458,2025-09-20,descarga_reporte,6
EVT-005033,CLI-00023,2025-09-21,descarga_reporte,5
EVT-005034,CLI-00073,2025-09-21,login,1
EVT-005035,CLI-00073,2025-09-21,login,1
EVT-005036,CLI-00077,2025-09-21,login,1
EVT-005037,CLI-00084,2025-09-21,descarga_reporte,5
EVT-005038,CLI-00084,2025-09-21,login,2
EVT-005039,CLI-00109,2025-09-21,login,1
EVT-005040,CLI-00170,2025-09-21,uso_feature,3
EVT-005041,CLI-00172,2025-09-21,descarga_reporte,5
EVT-005042,CLI-00206,2025-09-21,uso_feature,3
EVT-005043,CLI-00226,2025-09-21,uso_feature,3
EVT-005044,CLI-00238,2025-09-21,descarga_reporte,5
EVT-005045,CLI-00242,2025-09-21,login,1
EVT-005046,CLI-00337,2025-09-21,uso_feature,4
EVT-005047,CLI-00381,2025-09-21,uso_feature,3
EVT-005048,CLI-00385,2025-09-21,uso_feature,4
EVT-005049,CLI-00416,2025-09-21,login,1
EVT-005050,CLI-00425,2025-09-21,login,2
EVT-005051,CLI-00460,2025-09-21,login,2
EVT-005052,CLI-00490,2025-09-21,login,1
EVT-005053,CLI-00506,2025-09-21,login,1
EVT-005054,CLI-00016,2025-09-22,login,1
EVT-005055,CLI-00023,2025-09-22,descarga_reporte,6
EVT-005056,CLI-00034,2025-09-22,invitacion_usuario,8
EVT-005057,CLI-00060,2025-09-22,uso_feature,4
EVT-005058,CLI-00090,2025-09-22,invitacion_usuario,8
EVT-005059,CLI-00107,2025-09-22,descarga_reporte,5
EVT-005060,CLI-00117,2025-09-22,login,2
EVT-005061,CLI-00131,2025-09-22,uso_feature,3
EVT-005062,CLI-00136,2025-09-22,login,1
EVT-005063,CLI-00148,2025-09-22,login,1
EVT-005064,CLI-00164,2025-09-22,uso_feature,4
EVT-005065,CLI-00226,2025-09-22,descarga_reporte,6
EVT-005066,CLI-00238,2025-09-22,login,1
EVT-005067,CLI-00242,2025-09-22,login,1
EVT-005068,CLI-00249,2025-09-22,login,2
EVT-005069,CLI-00250,2025-09-22,login,1
EVT-005070,CLI-00264,2025-09-22,login,2
EVT-005071,CLI-00281,2025-09-22,login,1
EVT-005072,CLI-00354,2025-09-22,descarga_reporte,5
EVT-005073,CLI-00379,2025-09-22,login,2
EVT-005074,CLI-00382,2025-09-22,uso_feature,3
EVT-005075,CLI-00448,2025-09-22,login,1
EVT-005076,CLI-00475,2025-09-22,descarga_reporte,5
EVT-005077,CLI-00046,2025-09-23,login,1
EVT-005078,CLI-00055,2025-09-23,login,1
EVT-005079,CLI-00063,2025-09-23,login,1
EVT-005080,CLI-00063,2025-09-23,descarga_reporte,6
EVT-005081,CLI-00080,2025-09-23,invitacion_usuario,9
EVT-005082,CLI-00080,2025-09-23,login,1
EVT-005083,CLI-00090,2025-09-23,login,1
EVT-005084,CLI-00117,2025-09-23,login,1
EVT-005085,CLI-00139,2025-09-23,login,1
EVT-005086,CLI-00144,2025-09-23,uso_feature,3
EVT-005087,CLI-00157,2025-09-23,login,1
EVT-005088,CLI-00161,2025-09-23,descarga_reporte,5
EVT-005089,CLI-00211,2025-09-23,uso_feature,3
EVT-005090,CLI-00233,2025-09-23,uso_feature,4
EVT-005091,CLI-00241,2025-09-23,descarga_reporte,6
EVT-005092,CLI-00256,2025-09-23,descarga_reporte,5
EVT-005093,CLI-00379,2025-09-23,login,2
EVT-005094,CLI-00453,2025-09-23,login,2
EVT-005095,CLI-00455,2025-09-23,login,1
EVT-005096,CLI-00458,2025-09-23,invitacion_usuario,8
EVT-005097,CLI-00130,2025-09-24,uso_feature,3
EVT-005098,CLI-00135,2025-09-24,login,1
EVT-005099,CLI-00151,2025-09-24,login,1
EVT-005100,CLI-00153,2025-09-24,login,1
EVT-005101,CLI-00163,2025-09-24,login,1
EVT-005102,CLI-00169,2025-09-24,login,1
EVT-005103,CLI-00206,2025-09-24,descarga_reporte,6
EVT-005104,CLI-00247,2025-09-24,login,1
EVT-005105,CLI-00249,2025-09-24,uso_feature,3
EVT-005106,CLI-00398,2025-09-24,login,2
EVT-005107,CLI-00415,2025-09-24,descarga_reporte,6
EVT-005108,CLI-00424,2025-09-24,login,2
EVT-005109,CLI-00431,2025-09-24,uso_feature,4
EVT-005110,CLI-00431,2025-09-24,login,1
EVT-005111,CLI-00458,2025-09-24,descarga_reporte,5
EVT-005112,CLI-00036,2025-09-25,uso_feature,3
EVT-005113,CLI-00039,2025-09-25,login,1
EVT-005114,CLI-00041,2025-09-25,uso_feature,4
EVT-005115,CLI-00051,2025-09-25,uso_feature,3
EVT-005116,CLI-00117,2025-09-25,login,2
EVT-005117,CLI-00131,2025-09-25,login,1
EVT-005118,CLI-00144,2025-09-25,descarga_reporte,5
EVT-005119,CLI-00194,2025-09-25,login,1
EVT-005120,CLI-00195,2025-09-25,login,2
EVT-005121,CLI-00196,2025-09-25,uso_feature,3
EVT-005122,CLI-00279,2025-09-25,login,1
EVT-005123,CLI-00290,2025-09-25,login,1
EVT-005124,CLI-00315,2025-09-25,uso_feature,3
EVT-005125,CLI-00337,2025-09-25,uso_feature,3
EVT-005126,CLI-00340,2025-09-25,descarga_reporte,6
EVT-005127,CLI-00345,2025-09-25,descarga_reporte,5
EVT-005128,CLI-00347,2025-09-25,login,2
EVT-005129,CLI-00350,2025-09-25,login,1
EVT-005130,CLI-00382,2025-09-25,uso_feature,3
EVT-005131,CLI-00385,2025-09-25,login,2
EVT-005132,CLI-00385,2025-09-25,uso_feature,3
EVT-005133,CLI-00404,2025-09-25,descarga_reporte,5
EVT-005134,CLI-00428,2025-09-25,uso_feature,3
EVT-005135,CLI-00440,2025-09-25,descarga_reporte,5
EVT-005136,CLI-00488,2025-09-25,login,1
EVT-005137,CLI-00009,2025-09-26,invitacion_usuario,9
EVT-005138,CLI-00027,2025-09-26,descarga_reporte,5
EVT-005139,CLI-00107,2025-09-26,uso_feature,4
EVT-005140,CLI-00144,2025-09-26,descarga_reporte,5
EVT-005141,CLI-00172,2025-09-26,uso_feature,3
EVT-005142,CLI-00191,2025-09-26,descarga_reporte,5
EVT-005143,CLI-00203,2025-09-26,descarga_reporte,6
EVT-005144,CLI-00211,2025-09-26,login,1
EVT-005145,CLI-00225,2025-09-26,uso_feature,3
EVT-005146,CLI-00228,2025-09-26,uso_feature,3
EVT-005147,CLI-00325,2025-09-26,uso_feature,4
EVT-005148,CLI-00354,2025-09-26,login,1
EVT-005149,CLI-00415,2025-09-26,uso_feature,4
EVT-005150,CLI-00468,2025-09-26,login,1
EVT-005151,CLI-00492,2025-09-26,login,1
EVT-005152,CLI-00501,2025-09-26,descarga_reporte,6
EVT-005153,CLI-00136,2025-09-27,uso_feature,3
EVT-005154,CLI-00163,2025-09-27,login,2
EVT-005155,CLI-00163,2025-09-27,uso_feature,3
EVT-005156,CLI-00170,2025-09-27,descarga_reporte,5
EVT-005157,CLI-00173,2025-09-27,login,1
EVT-005158,CLI-00241,2025-09-27,login,1
EVT-005159,CLI-00247,2025-09-27,login,1
EVT-005160,CLI-00248,2025-09-27,descarga_reporte,5
EVT-005161,CLI-00281,2025-09-27,uso_feature,3
EVT-005162,CLI-00317,2025-09-27,descarga_reporte,5
EVT-005163,CLI-00340,2025-09-27,login,1
EVT-005164,CLI-00344,2025-09-27,uso_feature,4
EVT-005165,CLI-00379,2025-09-27,login,2
EVT-005166,CLI-00384,2025-09-27,uso_feature,3
EVT-005167,CLI-00393,2025-09-27,login,1
EVT-005168,CLI-00394,2025-09-27,uso_feature,3
EVT-005169,CLI-00428,2025-09-27,uso_feature,4
EVT-005170,CLI-00446,2025-09-27,uso_feature,4
EVT-005171,CLI-00468,2025-09-27,login,2
EVT-005172,CLI-00501,2025-09-27,login,1
EVT-005173,CLI-00027,2025-09-28,login,1
EVT-005174,CLI-00066,2025-09-28,login,1
EVT-005175,CLI-00144,2025-09-28,login,1
EVT-005176,CLI-00157,2025-09-28,login,1
EVT-005177,CLI-00179,2025-09-28,login,1
EVT-005178,CLI-00189,2025-09-28,uso_feature,3
EVT-005179,CLI-00242,2025-09-28,login,1
EVT-005180,CLI-00247,2025-09-28,login,2
EVT-005181,CLI-00275,2025-09-28,login,1
EVT-005182,CLI-00306,2025-09-28,login,1
EVT-005183,CLI-00340,2025-09-28,descarga_reporte,5
EVT-005184,CLI-00411,2025-09-28,invitacion_usuario,8
EVT-005185,CLI-00437,2025-09-28,descarga_reporte,5
EVT-005186,CLI-00488,2025-09-28,login,2
EVT-005187,CLI-00027,2025-10-01,login,1
EVT-005188,CLI-00058,2025-10-01,login,2
EVT-005189,CLI-00077,2025-10-01,login,1
EVT-005190,CLI-00088,2025-10-01,uso_feature,3
EVT-005191,CLI-00090,2025-10-01,login,2
EVT-005192,CLI-00096,2025-10-01,invitacion_usuario,9
EVT-005193,CLI-00096,2025-10-01,login,2
EVT-005194,CLI-00117,2025-10-01,descarga_reporte,5
EVT-005195,CLI-00123,2025-10-01,descarga_reporte,5
EVT-005196,CLI-00128,2025-10-01,uso_feature,3
EVT-005197,CLI-00173,2025-10-01,invitacion_usuario,9
EVT-005198,CLI-00175,2025-10-01,login,2
EVT-005199,CLI-00203,2025-10-01,login,1
EVT-005200,CLI-00220,2025-10-01,login,1
EVT-005201,CLI-00275,2025-10-01,login,1
EVT-005202,CLI-00343,2025-10-01,uso_feature,4
EVT-005203,CLI-00353,2025-10-01,login,1
EVT-005204,CLI-00357,2025-10-01,login,2
EVT-005205,CLI-00358,2025-10-01,login,2
EVT-005206,CLI-00376,2025-10-01,login,1
EVT-005207,CLI-00393,2025-10-01,login,1
EVT-005208,CLI-00485,2025-10-01,descarga_reporte,5
EVT-005209,CLI-00488,2025-10-01,login,2
EVT-005210,CLI-00490,2025-10-01,login,2
EVT-005211,CLI-00492,2025-10-01,uso_feature,3
EVT-005212,CLI-00501,2025-10-01,invitacion_usuario,9
EVT-005213,CLI-00508,2025-10-01,invitacion_usuario,9
EVT-005214,CLI-00046,2025-10-02,login,1
EVT-005215,CLI-00151,2025-10-02,uso_feature,3
EVT-005216,CLI-00170,2025-10-02,login,2
EVT-005217,CLI-00247,2025-10-02,descarga_reporte,6
EVT-005218,CLI-00290,2025-10-02,login,2
EVT-005219,CLI-00345,2025-10-02,login,1
EVT-005220,CLI-00376,2025-10-02,uso_feature,4
EVT-005221,CLI-00385,2025-10-02,login,1
EVT-005222,CLI-00415,2025-10-02,invitacion_usuario,8
EVT-005223,CLI-00425,2025-10-02,uso_feature,4
EVT-005224,CLI-00452,2025-10-02,uso_feature,4
EVT-005225,CLI-00457,2025-10-02,login,2
EVT-005226,CLI-00488,2025-10-02,login,2
EVT-005227,CLI-00503,2025-10-02,descarga_reporte,5
EVT-005228,CLI-00036,2025-10-03,invitacion_usuario,8
EVT-005229,CLI-00054,2025-10-03,uso_feature,3
EVT-005230,CLI-00106,2025-10-03,descarga_reporte,5
EVT-005231,CLI-00108,2025-10-03,uso_feature,4
EVT-005232,CLI-00117,2025-10-03,login,1
EVT-005233,CLI-00136,2025-10-03,login,2
EVT-005234,CLI-00161,2025-10-03,invitacion_usuario,8
EVT-005235,CLI-00172,2025-10-03,descarga_reporte,5
EVT-005236,CLI-00189,2025-10-03,login,1
EVT-005237,CLI-00194,2025-10-03,login,1
EVT-005238,CLI-00196,2025-10-03,login,2
EVT-005239,CLI-00206,2025-10-03,login,1
EVT-005240,CLI-00247,2025-10-03,uso_feature,3
EVT-005241,CLI-00247,2025-10-03,descarga_reporte,6
EVT-005242,CLI-00289,2025-10-03,invitacion_usuario,8
EVT-005243,CLI-00317,2025-10-03,uso_feature,3
EVT-005244,CLI-00339,2025-10-03,descarga_reporte,5
EVT-005245,CLI-00341,2025-10-03,login,2
EVT-005246,CLI-00388,2025-10-03,uso_feature,3
EVT-005247,CLI-00388,2025-10-03,login,1
EVT-005248,CLI-00394,2025-10-03,login,1
EVT-005249,CLI-00424,2025-10-03,uso_feature,3
EVT-005250,CLI-00437,2025-10-03,descarga_reporte,6
EVT-005251,CLI-00440,2025-10-03,descarga_reporte,5
EVT-005252,CLI-00505,2025-10-03,login,1
EVT-005253,CLI-00016,2025-10-04,descarga_reporte,5
EVT-005254,CLI-00035,2025-10-04,uso_feature,4
EVT-005255,CLI-00035,2025-10-04,uso_feature,3
EVT-005256,CLI-00041,2025-10-04,login,1
EVT-005257,CLI-00088,2025-10-04,login,1
EVT-005258,CLI-00109,2025-10-04,uso_feature,3
EVT-005259,CLI-00170,2025-10-04,login,1
EVT-005260,CLI-00188,2025-10-04,login,1
EVT-005261,CLI-00226,2025-10-04,uso_feature,4
EVT-005262,CLI-00265,2025-10-04,login,2
EVT-005263,CLI-00289,2025-10-04,uso_feature,4
EVT-005264,CLI-00357,2025-10-04,uso_feature,3
EVT-005265,CLI-00358,2025-10-04,login,2
EVT-005266,CLI-00391,2025-10-04,invitacion_usuario,8
EVT-005267,CLI-00414,2025-10-04,login,2
EVT-005268,CLI-00446,2025-10-04,descarga_reporte,6
EVT-005269,CLI-00016,2025-10-05,login,1
EVT-005270,CLI-00073,2025-10-05,uso_feature,4
EVT-005271,CLI-00161,2025-10-05,login,1
EVT-005272,CLI-00163,2025-10-05,login,1
EVT-005273,CLI-00173,2025-10-05,invitacion_usuario,9
EVT-005274,CLI-00189,2025-10-05,login,1
EVT-005275,CLI-00194,2025-10-05,login,2
EVT-005276,CLI-00260,2025-10-05,login,1
EVT-005277,CLI-00271,2025-10-05,uso_feature,3
EVT-005278,CLI-00279,2025-10-05,login,1
EVT-005279,CLI-00345,2025-10-05,login,1
EVT-005280,CLI-00358,2025-10-05,login,1
EVT-005281,CLI-00404,2025-10-05,uso_feature,3
EVT-005282,CLI-00437,2025-10-05,login,1
EVT-005283,CLI-00453,2025-10-05,invitacion_usuario,8
EVT-005284,CLI-00029,2025-10-06,login,2
EVT-005285,CLI-00077,2025-10-06,uso_feature,3
EVT-005286,CLI-00206,2025-10-06,uso_feature,4
EVT-005287,CLI-00343,2025-10-06,login,1
EVT-005288,CLI-00345,2025-10-06,uso_feature,4
EVT-005289,CLI-00347,2025-10-06,login,2
EVT-005290,CLI-00357,2025-10-06,login,1
EVT-005291,CLI-00367,2025-10-06,login,1
EVT-005292,CLI-00382,2025-10-06,login,2
EVT-005293,CLI-00410,2025-10-06,uso_feature,3
EVT-005294,CLI-00411,2025-10-06,login,1
EVT-005295,CLI-00411,2025-10-06,login,1
EVT-005296,CLI-00431,2025-10-06,login,1
EVT-005297,CLI-00431,2025-10-06,login,1
EVT-005298,CLI-00433,2025-10-06,uso_feature,3
EVT-005299,CLI-00460,2025-10-06,login,1
EVT-005300,CLI-00490,2025-10-06,uso_feature,3
EVT-005301,CLI-00503,2025-10-06,login,2
EVT-005302,CLI-00045,2025-10-07,login,1
EVT-005303,CLI-00052,2025-10-07,login,2
EVT-005304,CLI-00052,2025-10-07,login,1
EVT-005305,CLI-00081,2025-10-07,login,1
EVT-005306,CLI-00196,2025-10-07,descarga_reporte,6
EVT-005307,CLI-00196,2025-10-07,login,1
EVT-005308,CLI-00325,2025-10-07,login,1
EVT-005309,CLI-00353,2025-10-07,uso_feature,3
EVT-005310,CLI-00376,2025-10-07,login,2
EVT-005311,CLI-00425,2025-10-07,login,2
EVT-005312,CLI-00428,2025-10-07,uso_feature,3
EVT-005313,CLI-00505,2025-10-07,login,2
EVT-005314,CLI-00509,2025-10-07,login,2
EVT-005315,CLI-00039,2025-10-08,login,1
EVT-005316,CLI-00043,2025-10-08,uso_feature,4
EVT-005317,CLI-00066,2025-10-08,descarga_reporte,6
EVT-005318,CLI-00115,2025-10-08,login,2
EVT-005319,CLI-00145,2025-10-08,uso_feature,4
EVT-005320,CLI-00149,2025-10-08,uso_feature,4
EVT-005321,CLI-00163,2025-10-08,uso_feature,4
EVT-005322,CLI-00169,2025-10-08,descarga_reporte,5
EVT-005323,CLI-00170,2025-10-08,login,1
EVT-005324,CLI-00194,2025-10-08,login,1
EVT-005325,CLI-00206,2025-10-08,invitacion_usuario,8
EVT-005326,CLI-00275,2025-10-08,login,2
EVT-005327,CLI-00337,2025-10-08,invitacion_usuario,8
EVT-005328,CLI-00365,2025-10-08,uso_feature,4
EVT-005329,CLI-00371,2025-10-08,descarga_reporte,6
EVT-005330,CLI-00384,2025-10-08,login,2
EVT-005331,CLI-00411,2025-10-08,uso_feature,4
EVT-005332,CLI-00414,2025-10-08,login,1
EVT-005333,CLI-00414,2025-10-08,descarga_reporte,6
EVT-005334,CLI-00429,2025-10-08,login,1
EVT-005335,CLI-00443,2025-10-08,uso_feature,3
EVT-005336,CLI-00446,2025-10-08,login,2
EVT-005337,CLI-00458,2025-10-08,login,1
EVT-005338,CLI-00468,2025-10-08,invitacion_usuario,8
EVT-005339,CLI-00500,2025-10-08,invitacion_usuario,8
EVT-005340,CLI-00501,2025-10-08,login,2
EVT-005341,CLI-00041,2025-10-09,uso_feature,3
EVT-005342,CLI-00135,2025-10-09,descarga_reporte,5
EVT-005343,CLI-00144,2025-10-09,uso_feature,4
EVT-005344,CLI-00172,2025-10-09,login,1
EVT-005345,CLI-00203,2025-10-09,login,2
EVT-005346,CLI-00228,2025-10-09,login,2
EVT-005347,CLI-00240,2025-10-09,login,1
EVT-005348,CLI-00250,2025-10-09,login,1
EVT-005349,CLI-00275,2025-10-09,uso_feature,3
EVT-005350,CLI-00344,2025-10-09,login,1
EVT-005351,CLI-00371,2025-10-09,uso_feature,3
EVT-005352,CLI-00425,2025-10-09,uso_feature,4
EVT-005353,CLI-00435,2025-10-09,uso_feature,4
EVT-005354,CLI-00469,2025-10-09,uso_feature,3
EVT-005355,CLI-00469,2025-10-09,login,2
EVT-005356,CLI-00490,2025-10-09,login,2
EVT-005357,CLI-00045,2025-10-10,login,1
EVT-005358,CLI-00055,2025-10-10,login,1
EVT-005359,CLI-00148,2025-10-10,uso_feature,3
EVT-005360,CLI-00191,2025-10-10,invitacion_usuario,8
EVT-005361,CLI-00211,2025-10-10,uso_feature,4
EVT-005362,CLI-00216,2025-10-10,uso_feature,4
EVT-005363,CLI-00247,2025-10-10,login,1
EVT-005364,CLI-00339,2025-10-10,uso_feature,3
EVT-005365,CLI-00342,2025-10-10,login,1
EVT-005366,CLI-00345,2025-10-10,uso_feature,3
EVT-005367,CLI-00411,2025-10-10,uso_feature,3
EVT-005368,CLI-00435,2025-10-10,login,1
EVT-005369,CLI-00440,2025-10-10,uso_feature,3
EVT-005370,CLI-00443,2025-10-10,uso_feature,3
EVT-005371,CLI-00496,2025-10-10,uso_feature,3
EVT-005372,CLI-00051,2025-10-11,uso_feature,4
EVT-005373,CLI-00066,2025-10-11,login,2
EVT-005374,CLI-00073,2025-10-11,uso_feature,3
EVT-005375,CLI-00096,2025-10-11,login,1
EVT-005376,CLI-00096,2025-10-11,descarga_reporte,6
EVT-005377,CLI-00097,2025-10-11,login,1
EVT-005378,CLI-00108,2025-10-11,uso_feature,4
EVT-005379,CLI-00142,2025-10-11,descarga_reporte,5
EVT-005380,CLI-00149,2025-10-11,uso_feature,3
EVT-005381,CLI-00161,2025-10-11,uso_feature,3
EVT-005382,CLI-00172,2025-10-11,descarga_reporte,6
EVT-005383,CLI-00225,2025-10-11,login,1
EVT-005384,CLI-00233,2025-10-11,uso_feature,3
EVT-005385,CLI-00240,2025-10-11,descarga_reporte,6
EVT-005386,CLI-00250,2025-10-11,login,1
EVT-005387,CLI-00264,2025-10-11,login,2
EVT-005388,CLI-00350,2025-10-11,login,2
EVT-005389,CLI-00357,2025-10-11,login,1
EVT-005390,CLI-00391,2025-10-11,uso_feature,3
EVT-005391,CLI-00411,2025-10-11,login,1
EVT-005392,CLI-00412,2025-10-11,login,1
EVT-005393,CLI-00453,2025-10-11,login,1
EVT-005394,CLI-00460,2025-10-11,invitacion_usuario,9
EVT-005395,CLI-00490,2025-10-11,descarga_reporte,6
EVT-005396,CLI-00508,2025-10-11,login,1
EVT-005397,CLI-00054,2025-10-12,uso_feature,4
EVT-005398,CLI-00066,2025-10-12,login,2
EVT-005399,CLI-00117,2025-10-12,login,1
EVT-005400,CLI-00195,2025-10-12,login,1
EVT-005401,CLI-00199,2025-10-12,login,1
EVT-005402,CLI-00235,2025-10-12,uso_feature,3
EVT-005403,CLI-00264,2025-10-12,uso_feature,4
EVT-005404,CLI-00365,2025-10-12,login,1
EVT-005405,CLI-00390,2025-10-12,uso_feature,3
EVT-005406,CLI-00391,2025-10-12,login,1
EVT-005407,CLI-00404,2025-10-12,login,2
EVT-005408,CLI-00431,2025-10-12,invitacion_usuario,8
EVT-005409,CLI-00443,2025-10-12,login,1
EVT-005410,CLI-00453,2025-10-12,uso_feature,3
EVT-005411,CLI-00475,2025-10-12,login,2
EVT-005412,CLI-00503,2025-10-12,login,1
EVT-005413,CLI-00023,2025-10-13,uso_feature,3
EVT-005414,CLI-00035,2025-10-13,login,1
EVT-005415,CLI-00055,2025-10-13,login,2
EVT-005416,CLI-00135,2025-10-13,login,1
EVT-005417,CLI-00136,2025-10-13,descarga_reporte,5
EVT-005418,CLI-00150,2025-10-13,login,2
EVT-005419,CLI-00173,2025-10-13,uso_feature,3
EVT-005420,CLI-00191,2025-10-13,login,1
EVT-005421,CLI-00194,2025-10-13,login,1
EVT-005422,CLI-00247,2025-10-13,uso_feature,3
EVT-005423,CLI-00248,2025-10-13,descarga_reporte,6
EVT-005424,CLI-00272,2025-10-13,descarga_reporte,6
EVT-005425,CLI-00290,2025-10-13,login,2
EVT-005426,CLI-00350,2025-10-13,login,1
EVT-005427,CLI-00350,2025-10-13,descarga_reporte,5
EVT-005428,CLI-00359,2025-10-13,descarga_reporte,5
EVT-005429,CLI-00416,2025-10-13,login,1
EVT-005430,CLI-00446,2025-10-13,login,2
EVT-005431,CLI-00018,2025-10-14,uso_feature,4
EVT-005432,CLI-00028,2025-10-14,login,1
EVT-005433,CLI-00059,2025-10-14,descarga_reporte,5
EVT-005434,CLI-00073,2025-10-14,login,2
EVT-005435,CLI-00106,2025-10-14,descarga_reporte,5
EVT-005436,CLI-00145,2025-10-14,uso_feature,4
EVT-005437,CLI-00150,2025-10-14,uso_feature,3
EVT-005438,CLI-00150,2025-10-14,login,1
EVT-005439,CLI-00188,2025-10-14,login,1
EVT-005440,CLI-00191,2025-10-14,login,2
EVT-005441,CLI-00206,2025-10-14,uso_feature,4
EVT-005442,CLI-00225,2025-10-14,descarga_reporte,5
EVT-005443,CLI-00250,2025-10-14,uso_feature,4
EVT-005444,CLI-00264,2025-10-14,uso_feature,3
EVT-005445,CLI-00281,2025-10-14,descarga_reporte,5
EVT-005446,CLI-00333,2025-10-14,uso_feature,4
EVT-005447,CLI-00342,2025-10-14,login,2
EVT-005448,CLI-00345,2025-10-14,login,2
EVT-005449,CLI-00390,2025-10-14,invitacion_usuario,8
EVT-005450,CLI-00394,2025-10-14,login,1
EVT-005451,CLI-00398,2025-10-14,login,2
EVT-005452,CLI-00414,2025-10-14,uso_feature,4
EVT-005453,CLI-00431,2025-10-14,uso_feature,3
EVT-005454,CLI-00443,2025-10-14,login,1
EVT-005455,CLI-00490,2025-10-14,uso_feature,4
EVT-005456,CLI-00039,2025-10-15,descarga_reporte,5
EVT-005457,CLI-00058,2025-10-15,login,1
EVT-005458,CLI-00058,2025-10-15,login,2
EVT-005459,CLI-00070,2025-10-15,login,2
EVT-005460,CLI-00096,2025-10-15,login,2
EVT-005461,CLI-00109,2025-10-15,login,1
EVT-005462,CLI-00218,2025-10-15,login,2
EVT-005463,CLI-00225,2025-10-15,uso_feature,4
EVT-005464,CLI-00241,2025-10-15,login,2
EVT-005465,CLI-00264,2025-10-15,login,1
EVT-005466,CLI-00315,2025-10-15,descarga_reporte,6
EVT-005467,CLI-00341,2025-10-15,descarga_reporte,5
EVT-005468,CLI-00353,2025-10-15,descarga_reporte,5
EVT-005469,CLI-00381,2025-10-15,login,1
EVT-005470,CLI-00396,2025-10-15,uso_feature,3
EVT-005471,CLI-00488,2025-10-15,login,1
EVT-005472,CLI-00505,2025-10-15,login,1
EVT-005473,CLI-00023,2025-10-16,uso_feature,3
EVT-005474,CLI-00047,2025-10-16,uso_feature,3
EVT-005475,CLI-00104,2025-10-16,login,2
EVT-005476,CLI-00189,2025-10-16,login,1
EVT-005477,CLI-00260,2025-10-16,invitacion_usuario,8
EVT-005478,CLI-00260,2025-10-16,descarga_reporte,6
EVT-005479,CLI-00265,2025-10-16,login,1
EVT-005480,CLI-00281,2025-10-16,descarga_reporte,5
EVT-005481,CLI-00281,2025-10-16,login,1
EVT-005482,CLI-00325,2025-10-16,login,2
EVT-005483,CLI-00365,2025-10-16,descarga_reporte,5
EVT-005484,CLI-00365,2025-10-16,uso_feature,4
EVT-005485,CLI-00371,2025-10-16,descarga_reporte,5
EVT-005486,CLI-00425,2025-10-16,login,2
EVT-005487,CLI-00448,2025-10-16,login,1
EVT-005488,CLI-00488,2025-10-16,uso_feature,3
EVT-005489,CLI-00500,2025-10-16,login,1
EVT-005490,CLI-00508,2025-10-16,descarga_reporte,5
EVT-005491,CLI-00004,2025-10-17,uso_feature,3
EVT-005492,CLI-00035,2025-10-17,uso_feature,3
EVT-005493,CLI-00060,2025-10-17,login,1
EVT-005494,CLI-00070,2025-10-17,uso_feature,3
EVT-005495,CLI-00088,2025-10-17,uso_feature,3
EVT-005496,CLI-00107,2025-10-17,login,1
EVT-005497,CLI-00108,2025-10-17,login,2
EVT-005498,CLI-00144,2025-10-17,login,1
EVT-005499,CLI-00173,2025-10-17,login,2
EVT-005500,CLI-00242,2025-10-17,login,2
EVT-005501,CLI-00248,2025-10-17,uso_feature,3
EVT-005502,CLI-00256,2025-10-17,uso_feature,4
EVT-005503,CLI-00272,2025-10-17,login,1
EVT-005504,CLI-00290,2025-10-17,login,2
EVT-005505,CLI-00306,2025-10-17,login,1
EVT-005506,CLI-00306,2025-10-17,descarga_reporte,5
EVT-005507,CLI-00343,2025-10-17,login,1
EVT-005508,CLI-00369,2025-10-17,login,1
EVT-005509,CLI-00393,2025-10-17,invitacion_usuario,9
EVT-005510,CLI-00415,2025-10-17,login,2
EVT-005511,CLI-00469,2025-10-17,login,2
EVT-005512,CLI-00496,2025-10-17,invitacion_usuario,9
EVT-005513,CLI-00043,2025-10-18,uso_feature,4
EVT-005514,CLI-00080,2025-10-18,uso_feature,4
EVT-005515,CLI-00150,2025-10-18,uso_feature,3
EVT-005516,CLI-00161,2025-10-18,login,2
EVT-005517,CLI-00170,2025-10-18,login,1
EVT-005518,CLI-00189,2025-10-18,uso_feature,4
EVT-005519,CLI-00200,2025-10-18,login,1
EVT-005520,CLI-00220,2025-10-18,login,2
EVT-005521,CLI-00220,2025-10-18,login,2
EVT-005522,CLI-00250,2025-10-18,login,2
EVT-005523,CLI-00275,2025-10-18,login,1
EVT-005524,CLI-00315,2025-10-18,uso_feature,4
EVT-005525,CLI-00343,2025-10-18,login,1
EVT-005526,CLI-00404,2025-10-18,uso_feature,3
EVT-005527,CLI-00410,2025-10-18,invitacion_usuario,8
EVT-005528,CLI-00437,2025-10-18,login,2
EVT-005529,CLI-00501,2025-10-18,login,1
EVT-005530,CLI-00506,2025-10-18,descarga_reporte,6
EVT-005531,CLI-00006,2025-10-19,invitacion_usuario,8
EVT-005532,CLI-00023,2025-10-19,descarga_reporte,5
EVT-005533,CLI-00080,2025-10-19,uso_feature,3
EVT-005534,CLI-00117,2025-10-19,descarga_reporte,5
EVT-005535,CLI-00148,2025-10-19,uso_feature,3
EVT-005536,CLI-00179,2025-10-19,login,1
EVT-005537,CLI-00317,2025-10-19,uso_feature,3
EVT-005538,CLI-00350,2025-10-19,invitacion_usuario,8
EVT-005539,CLI-00388,2025-10-19,uso_feature,4
EVT-005540,CLI-00388,2025-10-19,descarga_reporte,5
EVT-005541,CLI-00394,2025-10-19,login,1
EVT-005542,CLI-00415,2025-10-19,login,1
EVT-005543,CLI-00028,2025-10-20,uso_feature,3
EVT-005544,CLI-00045,2025-10-20,login,1
EVT-005545,CLI-00081,2025-10-20,uso_feature,3
EVT-005546,CLI-00104,2025-10-20,login,1
EVT-005547,CLI-00163,2025-10-20,uso_feature,4
EVT-005548,CLI-00173,2025-10-20,uso_feature,3
EVT-005549,CLI-00188,2025-10-20,login,1
EVT-005550,CLI-00191,2025-10-20,uso_feature,3
EVT-005551,CLI-00210,2025-10-20,login,1
EVT-005552,CLI-00226,2025-10-20,login,2
EVT-005553,CLI-00249,2025-10-20,login,2
EVT-005554,CLI-00250,2025-10-20,login,2
EVT-005555,CLI-00257,2025-10-20,descarga_reporte,5
EVT-005556,CLI-00315,2025-10-20,descarga_reporte,5
EVT-005557,CLI-00341,2025-10-20,login,1
EVT-005558,CLI-00342,2025-10-20,login,2
EVT-005559,CLI-00371,2025-10-20,login,1
EVT-005560,CLI-00381,2025-10-20,login,2
EVT-005561,CLI-00410,2025-10-20,login,1
EVT-005562,CLI-00415,2025-10-20,descarga_reporte,5
EVT-005563,CLI-00428,2025-10-20,login,1
EVT-005564,CLI-00440,2025-10-20,login,1
EVT-005565,CLI-00475,2025-10-20,login,2
EVT-005566,CLI-00475,2025-10-20,login,1
EVT-005567,CLI-00508,2025-10-20,uso_feature,3
EVT-005568,CLI-00018,2025-10-21,uso_feature,3
EVT-005569,CLI-00109,2025-10-21,uso_feature,3
EVT-005570,CLI-00142,2025-10-21,uso_feature,4
EVT-005571,CLI-00153,2025-10-21,login,1
EVT-005572,CLI-00164,2025-10-21,uso_feature,3
EVT-005573,CLI-00179,2025-10-21,login,1
EVT-005574,CLI-00188,2025-10-21,descarga_reporte,5
EVT-005575,CLI-00196,2025-10-21,login,1
EVT-005576,CLI-00265,2025-10-21,login,1
EVT-005577,CLI-00279,2025-10-21,uso_feature,3
EVT-005578,CLI-00343,2025-10-21,descarga_reporte,5
EVT-005579,CLI-00379,2025-10-21,uso_feature,4
EVT-005580,CLI-00384,2025-10-21,uso_feature,3
EVT-005581,CLI-00384,2025-10-21,uso_feature,3
EVT-005582,CLI-00446,2025-10-21,login,2
EVT-005583,CLI-00455,2025-10-21,login,1
EVT-005584,CLI-00003,2025-10-22,login,1
EVT-005585,CLI-00006,2025-10-22,login,2
EVT-005586,CLI-00041,2025-10-22,login,1
EVT-005587,CLI-00045,2025-10-22,login,1
EVT-005588,CLI-00060,2025-10-22,login,1
EVT-005589,CLI-00081,2025-10-22,uso_feature,3
EVT-005590,CLI-00144,2025-10-22,uso_feature,4
EVT-005591,CLI-00145,2025-10-22,login,1
EVT-005592,CLI-00150,2025-10-22,login,1
EVT-005593,CLI-00211,2025-10-22,login,2
EVT-005594,CLI-00240,2025-10-22,login,2
EVT-005595,CLI-00290,2025-10-22,uso_feature,4
EVT-005596,CLI-00342,2025-10-22,uso_feature,4
EVT-005597,CLI-00347,2025-10-22,uso_feature,3
EVT-005598,CLI-00353,2025-10-22,login,1
EVT-005599,CLI-00365,2025-10-22,uso_feature,4
EVT-005600,CLI-00379,2025-10-22,invitacion_usuario,8
EVT-005601,CLI-00381,2025-10-22,invitacion_usuario,9
EVT-005602,CLI-00388,2025-10-22,uso_feature,3
EVT-005603,CLI-00393,2025-10-22,uso_feature,3
EVT-005604,CLI-00399,2025-10-22,login,1
EVT-005605,CLI-00416,2025-10-22,login,1
EVT-005606,CLI-00424,2025-10-22,login,1
EVT-005607,CLI-00428,2025-10-22,uso_feature,3
EVT-005608,CLI-00453,2025-10-22,uso_feature,3
EVT-005609,CLI-00003,2025-10-23,uso_feature,3
EVT-005610,CLI-00016,2025-10-23,descarga_reporte,6
EVT-005611,CLI-00035,2025-10-23,login,1
EVT-005612,CLI-00084,2025-10-23,login,1
EVT-005613,CLI-00139,2025-10-23,login,2
EVT-005614,CLI-00145,2025-10-23,uso_feature,3
EVT-005615,CLI-00195,2025-10-23,login,1
EVT-005616,CLI-00238,2025-10-23,uso_feature,3
EVT-005617,CLI-00306,2025-10-23,uso_feature,4
EVT-005618,CLI-00347,2025-10-23,uso_feature,4
EVT-005619,CLI-00350,2025-10-23,login,1
EVT-005620,CLI-00381,2025-10-23,uso_feature,3
EVT-005621,CLI-00385,2025-10-23,login,1
EVT-005622,CLI-00428,2025-10-23,login,1
EVT-005623,CLI-00443,2025-10-23,uso_feature,3
EVT-005624,CLI-00501,2025-10-23,descarga_reporte,5
EVT-005625,CLI-00006,2025-10-24,uso_feature,3
EVT-005626,CLI-00041,2025-10-24,login,1
EVT-005627,CLI-00131,2025-10-24,login,2
EVT-005628,CLI-00136,2025-10-24,uso_feature,4
EVT-005629,CLI-00172,2025-10-24,uso_feature,3
EVT-005630,CLI-00199,2025-10-24,login,1
EVT-005631,CLI-00206,2025-10-24,uso_feature,3
EVT-005632,CLI-00332,2025-10-24,login,1
EVT-005633,CLI-00379,2025-10-24,uso_feature,3
EVT-005634,CLI-00384,2025-10-24,login,1
EVT-005635,CLI-00455,2025-10-24,descarga_reporte,5
EVT-005636,CLI-00027,2025-10-25,uso_feature,3
EVT-005637,CLI-00039,2025-10-25,login,2
EVT-005638,CLI-00080,2025-10-25,login,1
EVT-005639,CLI-00128,2025-10-25,uso_feature,3
EVT-005640,CLI-00145,2025-10-25,login,2
EVT-005641,CLI-00157,2025-10-25,login,2
EVT-005642,CLI-00179,2025-10-25,descarga_reporte,5
EVT-005643,CLI-00195,2025-10-25,login,1
EVT-005644,CLI-00199,2025-10-25,descarga_reporte,5
EVT-005645,CLI-00204,2025-10-25,descarga_reporte,6
EVT-005646,CLI-00226,2025-10-25,login,1
EVT-005647,CLI-00238,2025-10-25,descarga_reporte,5
EVT-005648,CLI-00241,2025-10-25,login,1
EVT-005649,CLI-00260,2025-10-25,login,1
EVT-005650,CLI-00306,2025-10-25,login,2
EVT-005651,CLI-00440,2025-10-25,descarga_reporte,5
EVT-005652,CLI-00446,2025-10-25,login,1
EVT-005653,CLI-00469,2025-10-25,login,1
EVT-005654,CLI-00063,2025-10-26,login,2
EVT-005655,CLI-00077,2025-10-26,invitacion_usuario,8
EVT-005656,CLI-00106,2025-10-26,invitacion_usuario,8
EVT-005657,CLI-00196,2025-10-26,invitacion_usuario,9
EVT-005658,CLI-00260,2025-10-26,uso_feature,3
EVT-005659,CLI-00306,2025-10-26,login,2
EVT-005660,CLI-00337,2025-10-26,login,1
EVT-005661,CLI-00337,2025-10-26,login,2
EVT-005662,CLI-00339,2025-10-26,descarga_reporte,5
EVT-005663,CLI-00354,2025-10-26,uso_feature,3
EVT-005664,CLI-00357,2025-10-26,login,1
EVT-005665,CLI-00358,2025-10-26,login,2
EVT-005666,CLI-00369,2025-10-26,login,1
EVT-005667,CLI-00371,2025-10-26,login,1
EVT-005668,CLI-00379,2025-10-26,uso_feature,3
EVT-005669,CLI-00381,2025-10-26,uso_feature,3
EVT-005670,CLI-00393,2025-10-26,uso_feature,3
EVT-005671,CLI-00398,2025-10-26,login,1
EVT-005672,CLI-00428,2025-10-26,login,2
EVT-005673,CLI-00018,2025-10-27,login,1
EVT-005674,CLI-00052,2025-10-27,login,2
EVT-005675,CLI-00058,2025-10-27,uso_feature,3
EVT-005676,CLI-00077,2025-10-27,invitacion_usuario,9
EVT-005677,CLI-00077,2025-10-27,login,1
EVT-005678,CLI-00097,2025-10-27,login,2
EVT-005679,CLI-00104,2025-10-27,login,2
EVT-005680,CLI-00136,2025-10-27,login,1
EVT-005681,CLI-00179,2025-10-27,login,1
EVT-005682,CLI-00188,2025-10-27,uso_feature,3
EVT-005683,CLI-00194,2025-10-27,uso_feature,3
EVT-005684,CLI-00340,2025-10-27,uso_feature,4
EVT-005685,CLI-00344,2025-10-27,login,1
EVT-005686,CLI-00391,2025-10-27,login,1
EVT-005687,CLI-00416,2025-10-27,uso_feature,3
EVT-005688,CLI-00431,2025-10-27,login,2
EVT-005689,CLI-00484,2025-10-27,uso_feature,4
EVT-005690,CLI-00485,2025-10-27,uso_feature,4
EVT-005691,CLI-00509,2025-10-27,login,1
EVT-005692,CLI-00004,2025-10-28,login,2
EVT-005693,CLI-00023,2025-10-28,invitacion_usuario,8
EVT-005694,CLI-00034,2025-10-28,descarga_reporte,6
EVT-005695,CLI-00036,2025-10-28,login,1
EVT-005696,CLI-00060,2025-10-28,login,2
EVT-005697,CLI-00084,2025-10-28,login,1
EVT-005698,CLI-00104,2025-10-28,login,2
EVT-005699,CLI-00109,2025-10-28,descarga_reporte,5
EVT-005700,CLI-00117,2025-10-28,uso_feature,3
EVT-005701,CLI-00130,2025-10-28,uso_feature,3
EVT-005702,CLI-00148,2025-10-28,uso_feature,3
EVT-005703,CLI-00163,2025-10-28,login,1
EVT-005704,CLI-00226,2025-10-28,invitacion_usuario,9
EVT-005705,CLI-00228,2025-10-28,descarga_reporte,5
EVT-005706,CLI-00233,2025-10-28,uso_feature,3
EVT-005707,CLI-00233,2025-10-28,invitacion_usuario,9
EVT-005708,CLI-00275,2025-10-28,uso_feature,3
EVT-005709,CLI-00337,2025-10-28,login,2
EVT-005710,CLI-00337,2025-10-28,login,1
EVT-005711,CLI-00412,2025-10-28,descarga_reporte,5
EVT-005712,CLI-00425,2025-10-28,login,2
EVT-005713,CLI-00485,2025-10-28,login,2
EVT-005714,CLI-00509,2025-10-28,login,1
EVT-005715,CLI-00027,2025-11-01,uso_feature,4
EVT-005716,CLI-00036,2025-11-01,login,1
EVT-005717,CLI-00106,2025-11-01,descarga_reporte,5
EVT-005718,CLI-00148,2025-11-01,login,2
EVT-005719,CLI-00170,2025-11-01,uso_feature,3
EVT-005720,CLI-00189,2025-11-01,login,2
EVT-005721,CLI-00337,2025-11-01,login,1
EVT-005722,CLI-00357,2025-11-01,descarga_reporte,5
EVT-005723,CLI-00385,2025-11-01,login,1
EVT-005724,CLI-00393,2025-11-01,uso_feature,4
EVT-005725,CLI-00396,2025-11-01,login,1
EVT-005726,CLI-00404,2025-11-01,login,2
EVT-005727,CLI-00415,2025-11-01,invitacion_usuario,8
EVT-005728,CLI-00128,2025-11-02,login,1
EVT-005729,CLI-00130,2025-11-02,login,1
EVT-005730,CLI-00142,2025-11-02,login,1
EVT-005731,CLI-00169,2025-11-02,descarga_reporte,5
EVT-005732,CLI-00175,2025-11-02,login,2
EVT-005733,CLI-00199,2025-11-02,login,2
EVT-005734,CLI-00200,2025-11-02,uso_feature,3
EVT-005735,CLI-00240,2025-11-02,uso_feature,3
EVT-005736,CLI-00242,2025-11-02,login,2
EVT-005737,CLI-00256,2025-11-02,login,1
EVT-005738,CLI-00257,2025-11-02,invitacion_usuario,8
EVT-005739,CLI-00306,2025-11-02,uso_feature,4
EVT-005740,CLI-00340,2025-11-02,login,1
EVT-005741,CLI-00379,2025-11-02,invitacion_usuario,8
EVT-005742,CLI-00384,2025-11-02,invitacion_usuario,9
EVT-005743,CLI-00503,2025-11-02,login,2
EVT-005744,CLI-00509,2025-11-02,login,1
EVT-005745,CLI-00006,2025-11-03,login,1
EVT-005746,CLI-00006,2025-11-03,uso_feature,3
EVT-005747,CLI-00018,2025-11-03,login,1
EVT-005748,CLI-00052,2025-11-03,login,1
EVT-005749,CLI-00055,2025-11-03,login,1
EVT-005750,CLI-00060,2025-11-03,login,2
EVT-005751,CLI-00073,2025-11-03,uso_feature,3
EVT-005752,CLI-00115,2025-11-03,login,1
EVT-005753,CLI-00135,2025-11-03,login,2
EVT-005754,CLI-00216,2025-11-03,login,1
EVT-005755,CLI-00225,2025-11-03,login,1
EVT-005756,CLI-00235,2025-11-03,descarga_reporte,5
EVT-005757,CLI-00333,2025-11-03,login,1
EVT-005758,CLI-00340,2025-11-03,invitacion_usuario,8
EVT-005759,CLI-00344,2025-11-03,uso_feature,3
EVT-005760,CLI-00381,2025-11-03,login,1
EVT-005761,CLI-00398,2025-11-03,uso_feature,3
EVT-005762,CLI-00429,2025-11-03,login,1
EVT-005763,CLI-00443,2025-11-03,descarga_reporte,5
EVT-005764,CLI-00458,2025-11-03,descarga_reporte,6
EVT-005765,CLI-00500,2025-11-03,descarga_reporte,5
EVT-005766,CLI-00508,2025-11-03,login,2
EVT-005767,CLI-00066,2025-11-04,descarga_reporte,5
EVT-005768,CLI-00136,2025-11-04,invitacion_usuario,8
EVT-005769,CLI-00150,2025-11-04,login,1
EVT-005770,CLI-00157,2025-11-04,uso_feature,3
EVT-005771,CLI-00172,2025-11-04,login,1
EVT-005772,CLI-00233,2025-11-04,uso_feature,3
EVT-005773,CLI-00247,2025-11-04,login,1
EVT-005774,CLI-00247,2025-11-04,login,1
EVT-005775,CLI-00260,2025-11-04,descarga_reporte,6
EVT-005776,CLI-00290,2025-11-04,uso_feature,4
EVT-005777,CLI-00333,2025-11-04,uso_feature,3
EVT-005778,CLI-00339,2025-11-04,login,1
EVT-005779,CLI-00342,2025-11-04,uso_feature,3
EVT-005780,CLI-00369,2025-11-04,uso_feature,3
EVT-005781,CLI-00469,2025-11-04,uso_feature,3
EVT-005782,CLI-00490,2025-11-04,invitacion_usuario,8
EVT-005783,CLI-00066,2025-11-05,uso_feature,4
EVT-005784,CLI-00088,2025-11-05,descarga_reporte,5
EVT-005785,CLI-00172,2025-11-05,descarga_reporte,5
EVT-005786,CLI-00225,2025-11-05,login,1
EVT-005787,CLI-00225,2025-11-05,descarga_reporte,5
EVT-005788,CLI-00238,2025-11-05,login,1
EVT-005789,CLI-00265,2025-11-05,login,1
EVT-005790,CLI-00365,2025-11-05,uso_feature,3
EVT-005791,CLI-00394,2025-11-05,login,1
EVT-005792,CLI-00424,2025-11-05,login,2
EVT-005793,CLI-00428,2025-11-05,descarga_reporte,5
EVT-005794,CLI-00448,2025-11-05,uso_feature,4
EVT-005795,CLI-00458,2025-11-05,login,1
EVT-005796,CLI-00505,2025-11-05,descarga_reporte,5
EVT-005797,CLI-00028,2025-11-06,login,1
EVT-005798,CLI-00041,2025-11-06,login,1
EVT-005799,CLI-00054,2025-11-06,login,1
EVT-005800,CLI-00084,2025-11-06,login,1
EVT-005801,CLI-00108,2025-11-06,descarga_reporte,5
EVT-005802,CLI-00139,2025-11-06,login,1
EVT-005803,CLI-00142,2025-11-06,login,2
EVT-005804,CLI-00173,2025-11-06,login,2
EVT-005805,CLI-00238,2025-11-06,descarga_reporte,5
EVT-005806,CLI-00343,2025-11-06,invitacion_usuario,8
EVT-005807,CLI-00350,2025-11-06,descarga_reporte,5
EVT-005808,CLI-00371,2025-11-06,login,1
EVT-005809,CLI-00384,2025-11-06,login,1
EVT-005810,CLI-00385,2025-11-06,uso_feature,3
EVT-005811,CLI-00390,2025-11-06,login,2
EVT-005812,CLI-00391,2025-11-06,uso_feature,4
EVT-005813,CLI-00414,2025-11-06,login,1
EVT-005814,CLI-00475,2025-11-06,login,1
EVT-005815,CLI-00490,2025-11-06,descarga_reporte,5
EVT-005816,CLI-00506,2025-11-06,login,1
EVT-005817,CLI-00023,2025-11-07,login,1
EVT-005818,CLI-00039,2025-11-07,login,1
EVT-005819,CLI-00123,2025-11-07,login,2
EVT-005820,CLI-00145,2025-11-07,descarga_reporte,6
EVT-005821,CLI-00249,2025-11-07,login,1
EVT-005822,CLI-00290,2025-11-07,uso_feature,3
EVT-005823,CLI-00340,2025-11-07,login,2
EVT-005824,CLI-00350,2025-11-07,login,1
EVT-005825,CLI-00357,2025-11-07,descarga_reporte,5
EVT-005826,CLI-00359,2025-11-07,login,1
EVT-005827,CLI-00429,2025-11-07,login,1
EVT-005828,CLI-00440,2025-11-07,login,1
EVT-005829,CLI-00469,2025-11-07,uso_feature,4
EVT-005830,CLI-00496,2025-11-07,login,1
EVT-005831,CLI-00016,2025-11-08,uso_feature,3
EVT-005832,CLI-00047,2025-11-08,uso_feature,3
EVT-005833,CLI-00090,2025-11-08,descarga_reporte,6
EVT-005834,CLI-00109,2025-11-08,uso_feature,4
EVT-005835,CLI-00144,2025-11-08,descarga_reporte,5
EVT-005836,CLI-00153,2025-11-08,invitacion_usuario,8
EVT-005837,CLI-00173,2025-11-08,login,1
EVT-005838,CLI-00260,2025-11-08,uso_feature,3
EVT-005839,CLI-00265,2025-11-08,descarga_reporte,5
EVT-005840,CLI-00271,2025-11-08,login,2
EVT-005841,CLI-00279,2025-11-08,login,2
EVT-005842,CLI-00306,2025-11-08,login,1
EVT-005843,CLI-00357,2025-11-08,login,1
EVT-005844,CLI-00379,2025-11-08,login,1
EVT-005845,CLI-00411,2025-11-08,descarga_reporte,5
EVT-005846,CLI-00415,2025-11-08,uso_feature,3
EVT-005847,CLI-00431,2025-11-08,uso_feature,3
EVT-005848,CLI-00431,2025-11-08,login,2
EVT-005849,CLI-00433,2025-11-08,descarga_reporte,5
EVT-005850,CLI-00440,2025-11-08,invitacion_usuario,8
EVT-005851,CLI-00448,2025-11-08,descarga_reporte,5
EVT-005852,CLI-00475,2025-11-08,login,1
EVT-005853,CLI-00506,2025-11-08,uso_feature,3
EVT-005854,CLI-00004,2025-11-09,login,2
EVT-005855,CLI-00016,2025-11-09,login,2
EVT-005856,CLI-00034,2025-11-09,uso_feature,4
EVT-005857,CLI-00047,2025-11-09,login,1
EVT-005858,CLI-00070,2025-11-09,login,2
EVT-005859,CLI-00088,2025-11-09,login,1
EVT-005860,CLI-00090,2025-11-09,login,2
EVT-005861,CLI-00106,2025-11-09,uso_feature,3
EVT-005862,CLI-00145,2025-11-09,login,1
EVT-005863,CLI-00145,2025-11-09,login,1
EVT-005864,CLI-00151,2025-11-09,invitacion_usuario,9
EVT-005865,CLI-00153,2025-11-09,uso_feature,3
EVT-005866,CLI-00161,2025-11-09,login,1
EVT-005867,CLI-00161,2025-11-09,login,1
EVT-005868,CLI-00163,2025-11-09,uso_feature,3
EVT-005869,CLI-00169,2025-11-09,login,1
EVT-005870,CLI-00191,2025-11-09,descarga_reporte,5
EVT-005871,CLI-00235,2025-11-09,login,2
EVT-005872,CLI-00317,2025-11-09,invitacion_usuario,8
EVT-005873,CLI-00337,2025-11-09,login,1
EVT-005874,CLI-00382,2025-11-09,login,1
EVT-005875,CLI-00396,2025-11-09,uso_feature,3
EVT-005876,CLI-00404,2025-11-09,descarga_reporte,5
EVT-005877,CLI-00410,2025-11-09,login,1
EVT-005878,CLI-00425,2025-11-09,descarga_reporte,6
EVT-005879,CLI-00437,2025-11-09,login,1
EVT-005880,CLI-00443,2025-11-09,login,2
EVT-005881,CLI-00485,2025-11-09,login,1
EVT-005882,CLI-00029,2025-11-10,descarga_reporte,5
EVT-005883,CLI-00047,2025-11-10,uso_feature,3
EVT-005884,CLI-00107,2025-11-10,uso_feature,3
EVT-005885,CLI-00340,2025-11-10,login,1
EVT-005886,CLI-00343,2025-11-10,descarga_reporte,5
EVT-005887,CLI-00344,2025-11-10,uso_feature,3
EVT-005888,CLI-00382,2025-11-10,uso_feature,4
EVT-005889,CLI-00398,2025-11-10,invitacion_usuario,8
EVT-005890,CLI-00398,2025-11-10,uso_feature,3
EVT-005891,CLI-00416,2025-11-10,uso_feature,4
EVT-005892,CLI-00425,2025-11-10,login,2
EVT-005893,CLI-00443,2025-11-10,uso_feature,3
EVT-005894,CLI-00457,2025-11-10,descarga_reporte,5
EVT-005895,CLI-00503,2025-11-10,uso_feature,3
EVT-005896,CLI-00073,2025-11-11,uso_feature,3
EVT-005897,CLI-00080,2025-11-11,login,2
EVT-005898,CLI-00096,2025-11-11,login,1
EVT-005899,CLI-00117,2025-11-11,invitacion_usuario,9
EVT-005900,CLI-00135,2025-11-11,login,1
EVT-005901,CLI-00157,2025-11-11,login,1
EVT-005902,CLI-00170,2025-11-11,login,2
EVT-005903,CLI-00172,2025-11-11,uso_feature,3
EVT-005904,CLI-00204,2025-11-11,login,2
EVT-005905,CLI-00220,2025-11-11,login,1
EVT-005906,CLI-00238,2025-11-11,uso_feature,4
EVT-005907,CLI-00279,2025-11-11,uso_feature,3
EVT-005908,CLI-00306,2025-11-11,login,2
EVT-005909,CLI-00344,2025-11-11,login,1
EVT-005910,CLI-00350,2025-11-11,login,2
EVT-005911,CLI-00357,2025-11-11,invitacion_usuario,8
EVT-005912,CLI-00369,2025-11-11,uso_feature,3
EVT-005913,CLI-00410,2025-11-11,login,1
EVT-005914,CLI-00505,2025-11-11,login,2
EVT-005915,CLI-00508,2025-11-11,uso_feature,3
EVT-005916,CLI-00051,2025-11-12,login,2
EVT-005917,CLI-00073,2025-11-12,login,2
EVT-005918,CLI-00084,2025-11-12,login,2
EVT-005919,CLI-00123,2025-11-12,descarga_reporte,5
EVT-005920,CLI-00169,2025-11-12,login,2
EVT-005921,CLI-00196,2025-11-12,uso_feature,3
EVT-005922,CLI-00210,2025-11-12,invitacion_usuario,8
EVT-005923,CLI-00225,2025-11-12,uso_feature,4
EVT-005924,CLI-00242,2025-11-12,login,2
EVT-005925,CLI-00247,2025-11-12,login,1
EVT-005926,CLI-00256,2025-11-12,login,1
EVT-005927,CLI-00260,2025-11-12,uso_feature,4
EVT-005928,CLI-00325,2025-11-12,descarga_reporte,5
EVT-005929,CLI-00333,2025-11-12,descarga_reporte,5
EVT-005930,CLI-00365,2025-11-12,login,1
EVT-005931,CLI-00367,2025-11-12,descarga_reporte,6
EVT-005932,CLI-00369,2025-11-12,login,1
EVT-005933,CLI-00388,2025-11-12,login,2
EVT-005934,CLI-00391,2025-11-12,login,1
EVT-005935,CLI-00452,2025-11-12,login,1
EVT-005936,CLI-00453,2025-11-12,invitacion_usuario,8
EVT-005937,CLI-00029,2025-11-13,login,2
EVT-005938,CLI-00109,2025-11-13,login,2
EVT-005939,CLI-00130,2025-11-13,descarga_reporte,6
EVT-005940,CLI-00173,2025-11-13,descarga_reporte,6
EVT-005941,CLI-00233,2025-11-13,uso_feature,3
EVT-005942,CLI-00271,2025-11-13,login,2
EVT-005943,CLI-00343,2025-11-13,login,2
EVT-005944,CLI-00347,2025-11-13,login,1
EVT-005945,CLI-00353,2025-11-13,login,1
EVT-005946,CLI-00376,2025-11-13,login,1
EVT-005947,CLI-00379,2025-11-13,uso_feature,3
EVT-005948,CLI-00388,2025-11-13,descarga_reporte,6
EVT-005949,CLI-00399,2025-11-13,login,1
EVT-005950,CLI-00424,2025-11-13,uso_feature,3
EVT-005951,CLI-00500,2025-11-13,login,1
EVT-005952,CLI-00505,2025-11-13,login,2
EVT-005953,CLI-00041,2025-11-14,login,1
EVT-005954,CLI-00052,2025-11-14,uso_feature,3
EVT-005955,CLI-00059,2025-11-14,login,2
EVT-005956,CLI-00060,2025-11-14,descarga_reporte,6
EVT-005957,CLI-00090,2025-11-14,login,1
EVT-005958,CLI-00104,2025-11-14,login,2
EVT-005959,CLI-00123,2025-11-14,uso_feature,4
EVT-005960,CLI-00144,2025-11-14,invitacion_usuario,9
EVT-005961,CLI-00145,2025-11-14,uso_feature,3
EVT-005962,CLI-00148,2025-11-14,descarga_reporte,5
EVT-005963,CLI-00157,2025-11-14,login,1
EVT-005964,CLI-00241,2025-11-14,login,2
EVT-005965,CLI-00271,2025-11-14,login,1
EVT-005966,CLI-00289,2025-11-14,descarga_reporte,5
EVT-005967,CLI-00317,2025-11-14,login,2
EVT-005968,CLI-00347,2025-11-14,uso_feature,3
EVT-005969,CLI-00353,2025-11-14,login,1
EVT-005970,CLI-00371,2025-11-14,login,1
EVT-005971,CLI-00371,2025-11-14,login,1
EVT-005972,CLI-00385,2025-11-14,descarga_reporte,6
EVT-005973,CLI-00388,2025-11-14,descarga_reporte,5
EVT-005974,CLI-00446,2025-11-14,login,2
EVT-005975,CLI-00455,2025-11-14,descarga_reporte,5
EVT-005976,CLI-00457,2025-11-14,uso_feature,3
EVT-005977,CLI-00496,2025-11-14,descarga_reporte,5
EVT-005978,CLI-00034,2025-11-15,login,1
EVT-005979,CLI-00043,2025-11-15,login,1
EVT-005980,CLI-00063,2025-11-15,login,1
EVT-005981,CLI-00066,2025-11-15,login,1
EVT-005982,CLI-00136,2025-11-15,uso_feature,3
EVT-005983,CLI-00206,2025-11-15,invitacion_usuario,8
EVT-005984,CLI-00247,2025-11-15,uso_feature,4
EVT-005985,CLI-00333,2025-11-15,login,2
EVT-005986,CLI-00369,2025-11-15,descarga_reporte,6
EVT-005987,CLI-00424,2025-11-15,uso_feature,4
EVT-005988,CLI-00446,2025-11-15,login,1
EVT-005989,CLI-00492,2025-11-15,uso_feature,3
EVT-005990,CLI-00503,2025-11-15,login,1
EVT-005991,CLI-00073,2025-11-16,uso_feature,3
EVT-005992,CLI-00088,2025-11-16,login,1
EVT-005993,CLI-00117,2025-11-16,login,2
EVT-005994,CLI-00153,2025-11-16,descarga_reporte,5
EVT-005995,CLI-00170,2025-11-16,uso_feature,4
EVT-005996,CLI-00179,2025-11-16,uso_feature,4
EVT-005997,CLI-00195,2025-11-16,uso_feature,3
EVT-005998,CLI-00196,2025-11-16,descarga_reporte,5
EVT-005999,CLI-00199,2025-11-16,uso_feature,3
EVT-006000,CLI-00204,2025-11-16,descarga_reporte,5
EVT-006001,CLI-00220,2025-11-16,invitacion_usuario,9
EVT-006002,CLI-00249,2025-11-16,login,1
EVT-006003,CLI-00271,2025-11-16,uso_feature,3
EVT-006004,CLI-00325,2025-11-16,login,1
EVT-006005,CLI-00341,2025-11-16,uso_feature,3
EVT-006006,CLI-00344,2025-11-16,login,1
EVT-006007,CLI-00376,2025-11-16,uso_feature,3
EVT-006008,CLI-00379,2025-11-16,login,2
EVT-006009,CLI-00394,2025-11-16,uso_feature,3
EVT-006010,CLI-00398,2025-11-16,login,2
EVT-006011,CLI-00425,2025-11-16,uso_feature,4
EVT-006012,CLI-00440,2025-11-16,login,1
EVT-006013,CLI-00500,2025-11-16,uso_feature,4
EVT-006014,CLI-00027,2025-11-17,descarga_reporte,5
EVT-006015,CLI-00043,2025-11-17,login,1
EVT-006016,CLI-00058,2025-11-17,login,2
EVT-006017,CLI-00123,2025-11-17,invitacion_usuario,9
EVT-006018,CLI-00144,2025-11-17,login,2
EVT-006019,CLI-00173,2025-11-17,uso_feature,3
EVT-006020,CLI-00175,2025-11-17,login,1
EVT-006021,CLI-00206,2025-11-17,descarga_reporte,6
EVT-006022,CLI-00218,2025-11-17,uso_feature,3
EVT-006023,CLI-00226,2025-11-17,uso_feature,4
EVT-006024,CLI-00257,2025-11-17,login,1
EVT-006025,CLI-00275,2025-11-17,login,2
EVT-006026,CLI-00317,2025-11-17,uso_feature,3
EVT-006027,CLI-00388,2025-11-17,descarga_reporte,6
EVT-006028,CLI-00404,2025-11-17,login,1
EVT-006029,CLI-00443,2025-11-17,login,1
EVT-006030,CLI-00446,2025-11-17,descarga_reporte,6
EVT-006031,CLI-00458,2025-11-17,descarga_reporte,6
EVT-006032,CLI-00485,2025-11-17,uso_feature,3
EVT-006033,CLI-00508,2025-11-17,login,1
EVT-006034,CLI-00018,2025-11-18,uso_feature,4
EVT-006035,CLI-00018,2025-11-18,uso_feature,3
EVT-006036,CLI-00027,2025-11-18,descarga_reporte,5
EVT-006037,CLI-00045,2025-11-18,login,1
EVT-006038,CLI-00047,2025-11-18,uso_feature,3
EVT-006039,CLI-00051,2025-11-18,login,2
EVT-006040,CLI-00059,2025-11-18,login,1
EVT-006041,CLI-00077,2025-11-18,uso_feature,3
EVT-006042,CLI-00081,2025-11-18,login,2
EVT-006043,CLI-00090,2025-11-18,uso_feature,3
EVT-006044,CLI-00108,2025-11-18,login,1
EVT-006045,CLI-00128,2025-11-18,uso_feature,3
EVT-006046,CLI-00203,2025-11-18,uso_feature,3
EVT-006047,CLI-00210,2025-11-18,uso_feature,3
EVT-006048,CLI-00211,2025-11-18,uso_feature,3
EVT-006049,CLI-00233,2025-11-18,login,1
EVT-006050,CLI-00238,2025-11-18,login,1
EVT-006051,CLI-00242,2025-11-18,uso_feature,4
EVT-006052,CLI-00325,2025-11-18,descarga_reporte,5
EVT-006053,CLI-00345,2025-11-18,login,1
EVT-006054,CLI-00394,2025-11-18,descarga_reporte,5
EVT-006055,CLI-00415,2025-11-18,uso_feature,4
EVT-006056,CLI-00428,2025-11-18,descarga_reporte,5
EVT-006057,CLI-00435,2025-11-18,descarga_reporte,6
EVT-006058,CLI-00446,2025-11-18,login,2
EVT-006059,CLI-00500,2025-11-18,login,2
EVT-006060,CLI-00029,2025-11-19,uso_feature,3
EVT-006061,CLI-00043,2025-11-19,login,1
EVT-006062,CLI-00107,2025-11-19,login,2
EVT-006063,CLI-00161,2025-11-19,login,1
EVT-006064,CLI-00228,2025-11-19,login,2
EVT-006065,CLI-00248,2025-11-19,login,1
EVT-006066,CLI-00256,2025-11-19,uso_feature,3
EVT-006067,CLI-00337,2025-11-19,uso_feature,3
EVT-006068,CLI-00341,2025-11-19,descarga_reporte,5
EVT-006069,CLI-00385,2025-11-19,descarga_reporte,5
EVT-006070,CLI-00393,2025-11-19,uso_feature,3
EVT-006071,CLI-00393,2025-11-19,descarga_reporte,5
EVT-006072,CLI-00433,2025-11-19,uso_feature,4
EVT-006073,CLI-00469,2025-11-19,uso_feature,4
EVT-006074,CLI-00501,2025-11-19,login,1
EVT-006075,CLI-00027,2025-11-20,invitacion_usuario,8
EVT-006076,CLI-00034,2025-11-20,uso_feature,3
EVT-006077,CLI-00045,2025-11-20,login,2
EVT-006078,CLI-00077,2025-11-20,invitacion_usuario,8
EVT-006079,CLI-00108,2025-11-20,login,1
EVT-006080,CLI-00164,2025-11-20,login,1
EVT-006081,CLI-00170,2025-11-20,uso_feature,4
EVT-006082,CLI-00175,2025-11-20,uso_feature,3
EVT-006083,CLI-00188,2025-11-20,login,2
EVT-006084,CLI-00194,2025-11-20,uso_feature,4
EVT-006085,CLI-00194,2025-11-20,uso_feature,3
EVT-006086,CLI-00220,2025-11-20,login,1
EVT-006087,CLI-00240,2025-11-20,login,1
EVT-006088,CLI-00242,2025-11-20,login,1
EVT-006089,CLI-00249,2025-11-20,login,1
EVT-006090,CLI-00249,2025-11-20,login,1
EVT-006091,CLI-00260,2025-11-20,uso_feature,4
EVT-006092,CLI-00272,2025-11-20,uso_feature,3
EVT-006093,CLI-00306,2025-11-20,descarga_reporte,5
EVT-006094,CLI-00315,2025-11-20,invitacion_usuario,9
EVT-006095,CLI-00359,2025-11-20,login,1
EVT-006096,CLI-00381,2025-11-20,login,1
EVT-006097,CLI-00393,2025-11-20,login,1
EVT-006098,CLI-00415,2025-11-20,login,1
EVT-006099,CLI-00437,2025-11-20,login,1
EVT-006100,CLI-00455,2025-11-20,login,1
EVT-006101,CLI-00469,2025-11-20,descarga_reporte,5
EVT-006102,CLI-00496,2025-11-20,descarga_reporte,5
EVT-006103,CLI-00006,2025-11-21,descarga_reporte,5
EVT-006104,CLI-00035,2025-11-21,login,1
EVT-006105,CLI-00077,2025-11-21,login,1
EVT-006106,CLI-00109,2025-11-21,uso_feature,3
EVT-006107,CLI-00148,2025-11-21,uso_feature,3
EVT-006108,CLI-00157,2025-11-21,uso_feature,4
EVT-006109,CLI-00169,2025-11-21,uso_feature,4
EVT-006110,CLI-00225,2025-11-21,login,1
EVT-006111,CLI-00235,2025-11-21,descarga_reporte,5
EVT-006112,CLI-00275,2025-11-21,login,1
EVT-006113,CLI-00275,2025-11-21,login,1
EVT-006114,CLI-00325,2025-11-21,uso_feature,3
EVT-006115,CLI-00332,2025-11-21,uso_feature,4
EVT-006116,CLI-00396,2025-11-21,descarga_reporte,5
EVT-006117,CLI-00404,2025-11-21,uso_feature,4
EVT-006118,CLI-00424,2025-11-21,login,1
EVT-006119,CLI-00468,2025-11-21,login,1
EVT-006120,CLI-00484,2025-11-21,uso_feature,4
EVT-006121,CLI-00492,2025-11-21,login,2
EVT-006122,CLI-00052,2025-11-22,login,1
EVT-006123,CLI-00055,2025-11-22,uso_feature,3
EVT-006124,CLI-00097,2025-11-22,login,1
EVT-006125,CLI-00109,2025-11-22,login,1
EVT-006126,CLI-00136,2025-11-22,login,1
EVT-006127,CLI-00144,2025-11-22,login,1
EVT-006128,CLI-00188,2025-11-22,uso_feature,3
EVT-006129,CLI-00195,2025-11-22,uso_feature,3
EVT-006130,CLI-00238,2025-11-22,login,1
EVT-006131,CLI-00332,2025-11-22,descarga_reporte,5
EVT-006132,CLI-00354,2025-11-22,uso_feature,3
EVT-006133,CLI-00358,2025-11-22,login,1
EVT-006134,CLI-00424,2025-11-22,uso_feature,3
EVT-006135,CLI-00455,2025-11-22,uso_feature,4
EVT-006136,CLI-00492,2025-11-22,descarga_reporte,6
EVT-006137,CLI-00503,2025-11-22,descarga_reporte,5
EVT-006138,CLI-00003,2025-11-23,login,2
EVT-006139,CLI-00045,2025-11-23,descarga_reporte,5
EVT-006140,CLI-00059,2025-11-23,uso_feature,4
EVT-006141,CLI-00090,2025-11-23,login,1
EVT-006142,CLI-00106,2025-11-23,uso_feature,3
EVT-006143,CLI-00108,2025-11-23,uso_feature,3
EVT-006144,CLI-00145,2025-11-23,invitacion_usuario,9
EVT-006145,CLI-00175,2025-11-23,login,2
EVT-006146,CLI-00188,2025-11-23,login,1
EVT-006147,CLI-00188,2025-11-23,login,1
EVT-006148,CLI-00220,2025-11-23,uso_feature,3
EVT-006149,CLI-00248,2025-11-23,login,1
EVT-006150,CLI-00281,2025-11-23,descarga_reporte,5
EVT-006151,CLI-00317,2025-11-23,login,1
EVT-006152,CLI-00343,2025-11-23,uso_feature,3
EVT-006153,CLI-00354,2025-11-23,uso_feature,3
EVT-006154,CLI-00485,2025-11-23,descarga_reporte,6
EVT-006155,CLI-00492,2025-11-23,login,1
EVT-006156,CLI-00500,2025-11-23,login,1
EVT-006157,CLI-00035,2025-11-24,descarga_reporte,5
EVT-006158,CLI-00041,2025-11-24,uso_feature,3
EVT-006159,CLI-00045,2025-11-24,uso_feature,3
EVT-006160,CLI-00077,2025-11-24,descarga_reporte,5
EVT-006161,CLI-00109,2025-11-24,login,1
EVT-006162,CLI-00115,2025-11-24,login,1
EVT-006163,CLI-00139,2025-11-24,uso_feature,4
EVT-006164,CLI-00163,2025-11-24,descarga_reporte,6
EVT-006165,CLI-00170,2025-11-24,uso_feature,3
EVT-006166,CLI-00241,2025-11-24,invitacion_usuario,8
EVT-006167,CLI-00275,2025-11-24,uso_feature,4
EVT-006168,CLI-00384,2025-11-24,login,1
EVT-006169,CLI-00398,2025-11-24,uso_feature,3
EVT-006170,CLI-00410,2025-11-24,descarga_reporte,6
EVT-006171,CLI-00429,2025-11-24,invitacion_usuario,8
EVT-006172,CLI-00431,2025-11-24,login,1
EVT-006173,CLI-00431,2025-11-24,descarga_reporte,5
EVT-006174,CLI-00018,2025-11-25,uso_feature,3
EVT-006175,CLI-00029,2025-11-25,descarga_reporte,5
EVT-006176,CLI-00034,2025-11-25,uso_feature,3
EVT-006177,CLI-00046,2025-11-25,uso_feature,3
EVT-006178,CLI-00051,2025-11-25,login,2
EVT-006179,CLI-00052,2025-11-25,uso_feature,4
EVT-006180,CLI-00077,2025-11-25,uso_feature,4
EVT-006181,CLI-00096,2025-11-25,login,2
EVT-006182,CLI-00104,2025-11-25,uso_feature,3
EVT-006183,CLI-00104,2025-11-25,uso_feature,3
EVT-006184,CLI-00104,2025-11-25,login,1
EVT-006185,CLI-00149,2025-11-25,login,1
EVT-006186,CLI-00149,2025-11-25,login,2
EVT-006187,CLI-00153,2025-11-25,login,1
EVT-006188,CLI-00195,2025-11-25,login,2
EVT-006189,CLI-00220,2025-11-25,login,1
EVT-006190,CLI-00233,2025-11-25,uso_feature,3
EVT-006191,CLI-00235,2025-11-25,invitacion_usuario,9
EVT-006192,CLI-00240,2025-11-25,uso_feature,3
EVT-006193,CLI-00250,2025-11-25,login,1
EVT-006194,CLI-00315,2025-11-25,descarga_reporte,6
EVT-006195,CLI-00384,2025-11-25,uso_feature,4
EVT-006196,CLI-00416,2025-11-25,uso_feature,3
EVT-006197,CLI-00416,2025-11-25,login,2
EVT-006198,CLI-00435,2025-11-25,uso_feature,3
EVT-006199,CLI-00448,2025-11-25,descarga_reporte,6
EVT-006200,CLI-00457,2025-11-25,login,1
EVT-006201,CLI-00492,2025-11-25,uso_feature,3
EVT-006202,CLI-00501,2025-11-25,login,2
EVT-006203,CLI-00505,2025-11-25,login,1
EVT-006204,CLI-00508,2025-11-25,login,1
EVT-006205,CLI-00051,2025-11-26,login,2
EVT-006206,CLI-00084,2025-11-26,uso_feature,4
EVT-006207,CLI-00139,2025-11-26,uso_feature,3
EVT-006208,CLI-00149,2025-11-26,descarga_reporte,6
EVT-006209,CLI-00163,2025-11-26,uso_feature,3
EVT-006210,CLI-00172,2025-11-26,descarga_reporte,6
EVT-006211,CLI-00188,2025-11-26,invitacion_usuario,9
EVT-006212,CLI-00233,2025-11-26,invitacion_usuario,9
EVT-006213,CLI-00260,2025-11-26,uso_feature,4
EVT-006214,CLI-00264,2025-11-26,login,2
EVT-006215,CLI-00343,2025-11-26,descarga_reporte,5
EVT-006216,CLI-00367,2025-11-26,uso_feature,4
EVT-006217,CLI-00369,2025-11-26,uso_feature,3
EVT-006218,CLI-00382,2025-11-26,uso_feature,3
EVT-006219,CLI-00388,2025-11-26,uso_feature,4
EVT-006220,CLI-00410,2025-11-26,uso_feature,4
EVT-006221,CLI-00425,2025-11-26,login,1
EVT-006222,CLI-00431,2025-11-26,uso_feature,4
EVT-006223,CLI-00440,2025-11-26,descarga_reporte,5
EVT-006224,CLI-00443,2025-11-26,uso_feature,3
EVT-006225,CLI-00460,2025-11-26,descarga_reporte,5
EVT-006226,CLI-00488,2025-11-26,uso_feature,4
EVT-006227,CLI-00508,2025-11-26,descarga_reporte,6
EVT-006228,CLI-00016,2025-11-27,login,1
EVT-006229,CLI-00073,2025-11-27,login,1
EVT-006230,CLI-00107,2025-11-27,login,2
EVT-006231,CLI-00115,2025-11-27,uso_feature,3
EVT-006232,CLI-00149,2025-11-27,uso_feature,4
EVT-006233,CLI-00169,2025-11-27,login,2
EVT-006234,CLI-00211,2025-11-27,login,1
EVT-006235,CLI-00226,2025-11-27,uso_feature,3
EVT-006236,CLI-00242,2025-11-27,uso_feature,3
EVT-006237,CLI-00306,2025-11-27,login,1
EVT-006238,CLI-00315,2025-11-27,login,1
EVT-006239,CLI-00337,2025-11-27,login,1
EVT-006240,CLI-00342,2025-11-27,uso_feature,3
EVT-006241,CLI-00381,2025-11-27,invitacion_usuario,8
EVT-006242,CLI-00385,2025-11-27,uso_feature,4
EVT-006243,CLI-00429,2025-11-27,login,1
EVT-006244,CLI-00440,2025-11-27,invitacion_usuario,8
EVT-006245,CLI-00446,2025-11-27,uso_feature,3
EVT-006246,CLI-00455,2025-11-27,login,1
EVT-006247,CLI-00029,2025-11-28,login,1
EVT-006248,CLI-00034,2025-11-28,login,1
EVT-006249,CLI-00088,2025-11-28,login,1
EVT-006250,CLI-00131,2025-11-28,descarga_reporte,5
EVT-006251,CLI-00153,2025-11-28,login,1
EVT-006252,CLI-00157,2025-11-28,login,1
EVT-006253,CLI-00189,2025-11-28,descarga_reporte,5
EVT-006254,CLI-00194,2025-11-28,login,2
EVT-006255,CLI-00216,2025-11-28,login,2
EVT-006256,CLI-00247,2025-11-28,uso_feature,3
EVT-006257,CLI-00290,2025-11-28,login,1
EVT-006258,CLI-00325,2025-11-28,descarga_reporte,5
EVT-006259,CLI-00350,2025-11-28,login,1
EVT-006260,CLI-00357,2025-11-28,descarga_reporte,5
EVT-006261,CLI-00371,2025-11-28,login,2
EVT-006262,CLI-00384,2025-11-28,login,2
EVT-006263,CLI-00415,2025-11-28,login,2
EVT-006264,CLI-00485,2025-11-28,login,1
EVT-006265,CLI-00501,2025-11-28,login,1
EVT-006266,CLI-00503,2025-11-28,login,1
EVT-006267,CLI-00027,2025-12-01,login,1
EVT-006268,CLI-00035,2025-12-01,login,1
EVT-006269,CLI-00036,2025-12-01,login,1
EVT-006270,CLI-00055,2025-12-01,login,1
EVT-006271,CLI-00117,2025-12-01,login,1
EVT-006272,CLI-00136,2025-12-01,login,2
EVT-006273,CLI-00145,2025-12-01,uso_feature,4
EVT-006274,CLI-00164,2025-12-01,login,2
EVT-006275,CLI-00173,2025-12-01,login,1
EVT-006276,CLI-00188,2025-12-01,uso_feature,4
EVT-006277,CLI-00233,2025-12-01,uso_feature,4
EVT-006278,CLI-00240,2025-12-01,login,1
EVT-006279,CLI-00247,2025-12-01,login,1
EVT-006280,CLI-00248,2025-12-01,uso_feature,3
EVT-006281,CLI-00250,2025-12-01,descarga_reporte,6
EVT-006282,CLI-00265,2025-12-01,login,1
EVT-006283,CLI-00306,2025-12-01,descarga_reporte,5
EVT-006284,CLI-00347,2025-12-01,uso_feature,3
EVT-006285,CLI-00376,2025-12-01,uso_feature,4
EVT-006286,CLI-00399,2025-12-01,login,2
EVT-006287,CLI-00440,2025-12-01,uso_feature,3
EVT-006288,CLI-00505,2025-12-01,login,2
EVT-006289,CLI-00041,2025-12-02,uso_feature,3
EVT-006290,CLI-00045,2025-12-02,login,1
EVT-006291,CLI-00081,2025-12-02,uso_feature,3
EVT-006292,CLI-00104,2025-12-02,login,1
EVT-006293,CLI-00139,2025-12-02,uso_feature,3
EVT-006294,CLI-00139,2025-12-02,uso_feature,3
EVT-006295,CLI-00196,2025-12-02,uso_feature,4
EVT-006296,CLI-00247,2025-12-02,login,2
EVT-006297,CLI-00281,2025-12-02,uso_feature,3
EVT-006298,CLI-00290,2025-12-02,uso_feature,3
EVT-006299,CLI-00333,2025-12-02,descarga_reporte,5
EVT-006300,CLI-00337,2025-12-02,login,2
EVT-006301,CLI-00341,2025-12-02,login,1
EVT-006302,CLI-00350,2025-12-02,uso_feature,3
EVT-006303,CLI-00359,2025-12-02,login,1
EVT-006304,CLI-00376,2025-12-02,login,1
EVT-006305,CLI-00391,2025-12-02,invitacion_usuario,9
EVT-006306,CLI-00446,2025-12-02,login,1
EVT-006307,CLI-00457,2025-12-02,uso_feature,3
EVT-006308,CLI-00475,2025-12-02,login,2
EVT-006309,CLI-00080,2025-12-03,login,2
EVT-006310,CLI-00106,2025-12-03,login,2
EVT-006311,CLI-00117,2025-12-03,uso_feature,3
EVT-006312,CLI-00150,2025-12-03,uso_feature,4
EVT-006313,CLI-00173,2025-12-03,login,1
EVT-006314,CLI-00199,2025-12-03,uso_feature,4
EVT-006315,CLI-00381,2025-12-03,uso_feature,3
EVT-006316,CLI-00398,2025-12-03,descarga_reporte,5
EVT-006317,CLI-00399,2025-12-03,login,2
EVT-006318,CLI-00425,2025-12-03,invitacion_usuario,8
EVT-006319,CLI-00437,2025-12-03,login,2
EVT-006320,CLI-00446,2025-12-03,login,2
EVT-006321,CLI-00455,2025-12-03,descarga_reporte,5
EVT-006322,CLI-00501,2025-12-03,uso_feature,3
EVT-006323,CLI-00027,2025-12-04,uso_feature,3
EVT-006324,CLI-00045,2025-12-04,login,1
EVT-006325,CLI-00109,2025-12-04,login,1
EVT-006326,CLI-00115,2025-12-04,login,1
EVT-006327,CLI-00150,2025-12-04,login,1
EVT-006328,CLI-00169,2025-12-04,descarga_reporte,5
EVT-006329,CLI-00172,2025-12-04,login,1
EVT-006330,CLI-00175,2025-12-04,login,2
EVT-006331,CLI-00189,2025-12-04,uso_feature,3
EVT-006332,CLI-00199,2025-12-04,login,1
EVT-006333,CLI-00206,2025-12-04,login,1
EVT-006334,CLI-00228,2025-12-04,login,1
EVT-006335,CLI-00233,2025-12-04,login,1
EVT-006336,CLI-00315,2025-12-04,descarga_reporte,5
EVT-006337,CLI-00350,2025-12-04,descarga_reporte,5
EVT-006338,CLI-00358,2025-12-04,login,1
EVT-006339,CLI-00384,2025-12-04,login,2
EVT-006340,CLI-00437,2025-12-04,uso_feature,4
EVT-006341,CLI-00453,2025-12-04,login,1
EVT-006342,CLI-00500,2025-12-04,login,1
EVT-006343,CLI-00023,2025-12-05,login,2
EVT-006344,CLI-00063,2025-12-05,uso_feature,3
EVT-006345,CLI-00157,2025-12-05,invitacion_usuario,8
EVT-006346,CLI-00194,2025-12-05,descarga_reporte,6
EVT-006347,CLI-00206,2025-12-05,login,2
EVT-006348,CLI-00272,2025-12-05,uso_feature,3
EVT-006349,CLI-00317,2025-12-05,uso_feature,3
EVT-006350,CLI-00317,2025-12-05,login,2
EVT-006351,CLI-00365,2025-12-05,uso_feature,3
EVT-006352,CLI-00367,2025-12-05,descarga_reporte,5
EVT-006353,CLI-00388,2025-12-05,invitacion_usuario,8
EVT-006354,CLI-00435,2025-12-05,login,1
EVT-006355,CLI-00460,2025-12-05,login,1
EVT-006356,CLI-00054,2025-12-06,login,2
EVT-006357,CLI-00107,2025-12-06,login,2
EVT-006358,CLI-00148,2025-12-06,uso_feature,4
EVT-006359,CLI-00195,2025-12-06,descarga_reporte,6
EVT-006360,CLI-00235,2025-12-06,descarga_reporte,5
EVT-006361,CLI-00275,2025-12-06,login,1
EVT-006362,CLI-00290,2025-12-06,login,1
EVT-006363,CLI-00315,2025-12-06,login,2
EVT-006364,CLI-00317,2025-12-06,login,1
EVT-006365,CLI-00367,2025-12-06,login,1
EVT-006366,CLI-00385,2025-12-06,uso_feature,3
EVT-006367,CLI-00460,2025-12-06,descarga_reporte,6
EVT-006368,CLI-00503,2025-12-06,login,1
EVT-006369,CLI-00023,2025-12-07,uso_feature,4
EVT-006370,CLI-00045,2025-12-07,uso_feature,3
EVT-006371,CLI-00045,2025-12-07,uso_feature,3
EVT-006372,CLI-00108,2025-12-07,login,1
EVT-006373,CLI-00123,2025-12-07,uso_feature,3
EVT-006374,CLI-00153,2025-12-07,login,1
EVT-006375,CLI-00172,2025-12-07,login,1
EVT-006376,CLI-00249,2025-12-07,login,1
EVT-006377,CLI-00281,2025-12-07,uso_feature,3
EVT-006378,CLI-00337,2025-12-07,login,1
EVT-006379,CLI-00342,2025-12-07,uso_feature,3
EVT-006380,CLI-00388,2025-12-07,login,1
EVT-006381,CLI-00431,2025-12-07,uso_feature,3
EVT-006382,CLI-00453,2025-12-07,uso_feature,4
EVT-006383,CLI-00018,2025-12-08,uso_feature,3
EVT-006384,CLI-00029,2025-12-08,login,2
EVT-006385,CLI-00128,2025-12-08,login,1
EVT-006386,CLI-00130,2025-12-08,login,1
EVT-006387,CLI-00228,2025-12-08,uso_feature,3
EVT-006388,CLI-00235,2025-12-08,login,2
EVT-006389,CLI-00235,2025-12-08,invitacion_usuario,8
EVT-006390,CLI-00264,2025-12-08,uso_feature,3
EVT-006391,CLI-00315,2025-12-08,login,1
EVT-006392,CLI-00390,2025-12-08,uso_feature,4
EVT-006393,CLI-00391,2025-12-08,descarga_reporte,5
EVT-006394,CLI-00391,2025-12-08,uso_feature,3
EVT-006395,CLI-00396,2025-12-08,login,1
EVT-006396,CLI-00458,2025-12-08,login,2
EVT-006397,CLI-00485,2025-12-08,uso_feature,3
EVT-006398,CLI-00485,2025-12-08,login,1
EVT-006399,CLI-00488,2025-12-08,uso_feature,3
EVT-006400,CLI-00506,2025-12-08,uso_feature,3
EVT-006401,CLI-00066,2025-12-09,login,1
EVT-006402,CLI-00066,2025-12-09,uso_feature,3
EVT-006403,CLI-00115,2025-12-09,uso_feature,3
EVT-006404,CLI-00131,2025-12-09,invitacion_usuario,8
EVT-006405,CLI-00144,2025-12-09,uso_feature,4
EVT-006406,CLI-00153,2025-12-09,login,1
EVT-006407,CLI-00169,2025-12-09,login,2
EVT-006408,CLI-00173,2025-12-09,uso_feature,3
EVT-006409,CLI-00189,2025-12-09,login,1
EVT-006410,CLI-00199,2025-12-09,login,2
EVT-006411,CLI-00206,2025-12-09,descarga_reporte,5
EVT-006412,CLI-00218,2025-12-09,uso_feature,4
EVT-006413,CLI-00250,2025-12-09,login,2
EVT-006414,CLI-00275,2025-12-09,descarga_reporte,5
EVT-006415,CLI-00317,2025-12-09,descarga_reporte,5
EVT-006416,CLI-00317,2025-12-09,uso_feature,3
EVT-006417,CLI-00358,2025-12-09,descarga_reporte,6
EVT-006418,CLI-00376,2025-12-09,descarga_reporte,5
EVT-006419,CLI-00379,2025-12-09,uso_feature,4
EVT-006420,CLI-00385,2025-12-09,login,2
EVT-006421,CLI-00488,2025-12-09,descarga_reporte,5
EVT-006422,CLI-00016,2025-12-10,descarga_reporte,5
EVT-006423,CLI-00027,2025-12-10,login,1
EVT-006424,CLI-00028,2025-12-10,uso_feature,4
EVT-006425,CLI-00034,2025-12-10,uso_feature,3
EVT-006426,CLI-00041,2025-12-10,login,1
EVT-006427,CLI-00084,2025-12-10,login,2
EVT-006428,CLI-00088,2025-12-10,uso_feature,3
EVT-006429,CLI-00104,2025-12-10,login,1
EVT-006430,CLI-00136,2025-12-10,uso_feature,3
EVT-006431,CLI-00136,2025-12-10,uso_feature,4
EVT-006432,CLI-00170,2025-12-10,login,2
EVT-006433,CLI-00195,2025-12-10,login,1
EVT-006434,CLI-00216,2025-12-10,invitacion_usuario,8
EVT-006435,CLI-00225,2025-12-10,login,1
EVT-006436,CLI-00250,2025-12-10,uso_feature,3
EVT-006437,CLI-00264,2025-12-10,uso_feature,3
EVT-006438,CLI-00279,2025-12-10,uso_feature,3
EVT-006439,CLI-00333,2025-12-10,uso_feature,3
EVT-006440,CLI-00350,2025-12-10,descarga_reporte,6
EVT-006441,CLI-00371,2025-12-10,login,2
EVT-006442,CLI-00455,2025-12-10,descarga_reporte,5
EVT-006443,CLI-00484,2025-12-10,uso_feature,4
EVT-006444,CLI-00490,2025-12-10,login,1
EVT-006445,CLI-00043,2025-12-11,uso_feature,4
EVT-006446,CLI-00149,2025-12-11,descarga_reporte,5
EVT-006447,CLI-00175,2025-12-11,login,1
EVT-006448,CLI-00191,2025-12-11,login,2
EVT-006449,CLI-00211,2025-12-11,uso_feature,3
EVT-006450,CLI-00220,2025-12-11,login,2
EVT-006451,CLI-00226,2025-12-11,login,1
EVT-006452,CLI-00228,2025-12-11,login,1
EVT-006453,CLI-00233,2025-12-11,descarga_reporte,6
EVT-006454,CLI-00250,2025-12-11,uso_feature,4
EVT-006455,CLI-00250,2025-12-11,login,1
EVT-006456,CLI-00279,2025-12-11,descarga_reporte,5
EVT-006457,CLI-00382,2025-12-11,descarga_reporte,5
EVT-006458,CLI-00384,2025-12-11,login,1
EVT-006459,CLI-00428,2025-12-11,uso_feature,3
EVT-006460,CLI-00429,2025-12-11,descarga_reporte,5
EVT-006461,CLI-00433,2025-12-11,login,1
EVT-006462,CLI-00475,2025-12-11,descarga_reporte,5
EVT-006463,CLI-00501,2025-12-11,login,1
EVT-006464,CLI-00506,2025-12-11,login,2
EVT-006465,CLI-00509,2025-12-11,uso_feature,3
EVT-006466,CLI-00006,2025-12-12,uso_feature,4
EVT-006467,CLI-00034,2025-12-12,login,1
EVT-006468,CLI-00051,2025-12-12,login,1
EVT-006469,CLI-00058,2025-12-12,uso_feature,3
EVT-006470,CLI-00060,2025-12-12,login,1
EVT-006471,CLI-00084,2025-12-12,uso_feature,3
EVT-006472,CLI-00107,2025-12-12,login,1
EVT-006473,CLI-00107,2025-12-12,descarga_reporte,6
EVT-006474,CLI-00148,2025-12-12,uso_feature,3
EVT-006475,CLI-00150,2025-12-12,uso_feature,4
EVT-006476,CLI-00175,2025-12-12,login,1
EVT-006477,CLI-00256,2025-12-12,descarga_reporte,6
EVT-006478,CLI-00279,2025-12-12,login,1
EVT-006479,CLI-00342,2025-12-12,uso_feature,3
EVT-006480,CLI-00354,2025-12-12,uso_feature,3
EVT-006481,CLI-00382,2025-12-12,uso_feature,4
EVT-006482,CLI-00388,2025-12-12,uso_feature,3
EVT-006483,CLI-00391,2025-12-12,login,1
EVT-006484,CLI-00398,2025-12-12,descarga_reporte,5
EVT-006485,CLI-00404,2025-12-12,uso_feature,4
EVT-006486,CLI-00404,2025-12-12,login,1
EVT-006487,CLI-00416,2025-12-12,uso_feature,4
EVT-006488,CLI-00428,2025-12-12,descarga_reporte,5
EVT-006489,CLI-00448,2025-12-12,login,1
EVT-006490,CLI-00485,2025-12-12,login,1
EVT-006491,CLI-00018,2025-12-13,uso_feature,3
EVT-006492,CLI-00023,2025-12-13,login,2
EVT-006493,CLI-00027,2025-12-13,login,1
EVT-006494,CLI-00029,2025-12-13,login,1
EVT-006495,CLI-00035,2025-12-13,uso_feature,3
EVT-006496,CLI-00039,2025-12-13,uso_feature,3
EVT-006497,CLI-00046,2025-12-13,login,1
EVT-006498,CLI-00047,2025-12-13,login,1
EVT-006499,CLI-00088,2025-12-13,login,2
EVT-006500,CLI-00131,2025-12-13,login,1
EVT-006501,CLI-00142,2025-12-13,login,2
EVT-006502,CLI-00148,2025-12-13,uso_feature,4
EVT-006503,CLI-00161,2025-12-13,login,1
EVT-006504,CLI-00169,2025-12-13,login,1
EVT-006505,CLI-00206,2025-12-13,uso_feature,3
EVT-006506,CLI-00211,2025-12-13,login,1
EVT-006507,CLI-00228,2025-12-13,login,1
EVT-006508,CLI-00241,2025-12-13,login,1
EVT-006509,CLI-00260,2025-12-13,login,1
EVT-006510,CLI-00265,2025-12-13,uso_feature,4
EVT-006511,CLI-00272,2025-12-13,uso_feature,4
EVT-006512,CLI-00272,2025-12-13,uso_feature,3
EVT-006513,CLI-00343,2025-12-13,login,2
EVT-006514,CLI-00359,2025-12-13,login,2
EVT-006515,CLI-00369,2025-12-13,login,1
EVT-006516,CLI-00390,2025-12-13,descarga_reporte,5
EVT-006517,CLI-00425,2025-12-13,descarga_reporte,5
EVT-006518,CLI-00443,2025-12-13,login,1
EVT-006519,CLI-00453,2025-12-13,uso_feature,3
EVT-006520,CLI-00457,2025-12-13,descarga_reporte,5
EVT-006521,CLI-00016,2025-12-14,login,1
EVT-006522,CLI-00016,2025-12-14,login,1
EVT-006523,CLI-00018,2025-12-14,login,1
EVT-006524,CLI-00034,2025-12-14,uso_feature,3
EVT-006525,CLI-00052,2025-12-14,uso_feature,4
EVT-006526,CLI-00059,2025-12-14,login,1
EVT-006527,CLI-00073,2025-12-14,login,1
EVT-006528,CLI-00104,2025-12-14,descarga_reporte,5
EVT-006529,CLI-00128,2025-12-14,login,2
EVT-006530,CLI-00131,2025-12-14,login,2
EVT-006531,CLI-00151,2025-12-14,uso_feature,3
EVT-006532,CLI-00242,2025-12-14,descarga_reporte,5
EVT-006533,CLI-00281,2025-12-14,uso_feature,4
EVT-006534,CLI-00341,2025-12-14,login,1
EVT-006535,CLI-00347,2025-12-14,descarga_reporte,5
EVT-006536,CLI-00358,2025-12-14,login,1
EVT-006537,CLI-00384,2025-12-14,descarga_reporte,6
EVT-006538,CLI-00393,2025-12-14,uso_feature,4
EVT-006539,CLI-00394,2025-12-14,login,1
EVT-006540,CLI-00396,2025-12-14,descarga_reporte,5
EVT-006541,CLI-00410,2025-12-14,login,2
EVT-006542,CLI-00433,2025-12-14,descarga_reporte,5
EVT-006543,CLI-00443,2025-12-14,login,2
EVT-006544,CLI-00468,2025-12-14,login,1
EVT-006545,CLI-00485,2025-12-14,login,1
EVT-006546,CLI-00508,2025-12-14,login,1
EVT-006547,CLI-00006,2025-12-15,uso_feature,3
EVT-006548,CLI-00055,2025-12-15,descarga_reporte,5
EVT-006549,CLI-00060,2025-12-15,uso_feature,3
EVT-006550,CLI-00063,2025-12-15,login,1
EVT-006551,CLI-00084,2025-12-15,login,1
EVT-006552,CLI-00130,2025-12-15,descarga_reporte,5
EVT-006553,CLI-00150,2025-12-15,uso_feature,4
EVT-006554,CLI-00191,2025-12-15,login,2
EVT-006555,CLI-00240,2025-12-15,descarga_reporte,5
EVT-006556,CLI-00257,2025-12-15,login,2
EVT-006557,CLI-00264,2025-12-15,login,1
EVT-006558,CLI-00265,2025-12-15,login,1
EVT-006559,CLI-00354,2025-12-15,uso_feature,3
EVT-006560,CLI-00376,2025-12-15,uso_feature,3
EVT-006561,CLI-00414,2025-12-15,uso_feature,4
EVT-006562,CLI-00433,2025-12-15,descarga_reporte,5
EVT-006563,CLI-00460,2025-12-15,login,2
EVT-006564,CLI-00004,2025-12-16,uso_feature,3
EVT-006565,CLI-00035,2025-12-16,login,1
EVT-006566,CLI-00123,2025-12-16,uso_feature,4
EVT-006567,CLI-00139,2025-12-16,login,2
EVT-006568,CLI-00144,2025-12-16,invitacion_usuario,8
EVT-006569,CLI-00211,2025-12-16,uso_feature,3
EVT-006570,CLI-00228,2025-12-16,descarga_reporte,6
EVT-006571,CLI-00365,2025-12-16,login,1
EVT-006572,CLI-00367,2025-12-16,uso_feature,3
EVT-006573,CLI-00369,2025-12-16,invitacion_usuario,8
EVT-006574,CLI-00376,2025-12-16,uso_feature,3
EVT-006575,CLI-00379,2025-12-16,login,2
EVT-006576,CLI-00396,2025-12-16,login,2
EVT-006577,CLI-00411,2025-12-16,login,1
EVT-006578,CLI-00429,2025-12-16,uso_feature,3
EVT-006579,CLI-00431,2025-12-16,login,1
EVT-006580,CLI-00455,2025-12-16,login,1
EVT-006581,CLI-00458,2025-12-16,login,1
EVT-006582,CLI-00490,2025-12-16,uso_feature,4
EVT-006583,CLI-00492,2025-12-16,login,1
EVT-006584,CLI-00496,2025-12-16,login,1
EVT-006585,CLI-00501,2025-12-16,login,1
EVT-006586,CLI-00004,2025-12-17,uso_feature,4
EVT-006587,CLI-00041,2025-12-17,login,2
EVT-006588,CLI-00054,2025-12-17,login,1
EVT-006589,CLI-00058,2025-12-17,login,1
EVT-006590,CLI-00106,2025-12-17,login,1
EVT-006591,CLI-00106,2025-12-17,login,2
EVT-006592,CLI-00128,2025-12-17,login,1
EVT-006593,CLI-00142,2025-12-17,login,1
EVT-006594,CLI-00153,2025-12-17,uso_feature,4
EVT-006595,CLI-00164,2025-12-17,descarga_reporte,5
EVT-006596,CLI-00191,2025-12-17,invitacion_usuario,8
EVT-006597,CLI-00211,2025-12-17,descarga_reporte,6
EVT-006598,CLI-00233,2025-12-17,descarga_reporte,5
EVT-006599,CLI-00241,2025-12-17,login,1
EVT-006600,CLI-00242,2025-12-17,uso_feature,3
EVT-006601,CLI-00396,2025-12-17,login,1
EVT-006602,CLI-00500,2025-12-17,uso_feature,4
EVT-006603,CLI-00058,2025-12-18,login,2
EVT-006604,CLI-00070,2025-12-18,login,1
EVT-006605,CLI-00096,2025-12-18,invitacion_usuario,9
EVT-006606,CLI-00104,2025-12-18,login,1
EVT-006607,CLI-00106,2025-12-18,login,1
EVT-006608,CLI-00109,2025-12-18,login,2
EVT-006609,CLI-00135,2025-12-18,uso_feature,3
EVT-006610,CLI-00238,2025-12-18,uso_feature,4
EVT-006611,CLI-00337,2025-12-18,login,1
EVT-006612,CLI-00347,2025-12-18,uso_feature,3
EVT-006613,CLI-00385,2025-12-18,descarga_reporte,6
EVT-006614,CLI-00385,2025-12-18,uso_feature,4
EVT-006615,CLI-00428,2025-12-18,login,2
EVT-006616,CLI-00475,2025-12-18,descarga_reporte,5
EVT-006617,CLI-00505,2025-12-18,login,1
EVT-006618,CLI-00023,2025-12-19,uso_feature,3
EVT-006619,CLI-00023,2025-12-19,login,2
EVT-006620,CLI-00070,2025-12-19,uso_feature,3
EVT-006621,CLI-00088,2025-12-19,login,1
EVT-006622,CLI-00169,2025-12-19,uso_feature,3
EVT-006623,CLI-00179,2025-12-19,uso_feature,3
EVT-006624,CLI-00203,2025-12-19,login,1
EVT-006625,CLI-00225,2025-12-19,uso_feature,4
EVT-006626,CLI-00306,2025-12-19,login,2
EVT-006627,CLI-00306,2025-12-19,login,2
EVT-006628,CLI-00337,2025-12-19,login,2
EVT-006629,CLI-00340,2025-12-19,login,1
EVT-006630,CLI-00345,2025-12-19,login,1
EVT-006631,CLI-00404,2025-12-19,invitacion_usuario,8
EVT-006632,CLI-00414,2025-12-19,uso_feature,3
EVT-006633,CLI-00424,2025-12-19,login,2
EVT-006634,CLI-00433,2025-12-19,uso_feature,3
EVT-006635,CLI-00448,2025-12-19,login,2
EVT-006636,CLI-00468,2025-12-19,login,2
EVT-006637,CLI-00484,2025-12-19,login,1
EVT-006638,CLI-00029,2025-12-20,descarga_reporte,6
EVT-006639,CLI-00034,2025-12-20,login,2
EVT-006640,CLI-00066,2025-12-20,uso_feature,3
EVT-006641,CLI-00088,2025-12-20,invitacion_usuario,8
EVT-006642,CLI-00096,2025-12-20,login,1
EVT-006643,CLI-00189,2025-12-20,login,2
EVT-006644,CLI-00195,2025-12-20,login,2
EVT-006645,CLI-00241,2025-12-20,uso_feature,3
EVT-006646,CLI-00242,2025-12-20,login,2
EVT-006647,CLI-00242,2025-12-20,uso_feature,3
EVT-006648,CLI-00256,2025-12-20,uso_feature,3
EVT-006649,CLI-00260,2025-12-20,uso_feature,3
EVT-006650,CLI-00264,2025-12-20,uso_feature,3
EVT-006651,CLI-00306,2025-12-20,uso_feature,4
EVT-006652,CLI-00345,2025-12-20,descarga_reporte,5
EVT-006653,CLI-00369,2025-12-20,uso_feature,4
EVT-006654,CLI-00393,2025-12-20,login,1
EVT-006655,CLI-00394,2025-12-20,login,1
EVT-006656,CLI-00399,2025-12-20,uso_feature,3
EVT-006657,CLI-00410,2025-12-20,descarga_reporte,6
EVT-006658,CLI-00469,2025-12-20,login,1
EVT-006659,CLI-00080,2025-12-21,descarga_reporte,5
EVT-006660,CLI-00088,2025-12-21,uso_feature,3
EVT-006661,CLI-00117,2025-12-21,login,1
EVT-006662,CLI-00130,2025-12-21,login,2
EVT-006663,CLI-00151,2025-12-21,login,1
EVT-006664,CLI-00173,2025-12-21,uso_feature,3
EVT-006665,CLI-00173,2025-12-21,uso_feature,4
EVT-006666,CLI-00189,2025-12-21,invitacion_usuario,8
EVT-006667,CLI-00220,2025-12-21,uso_feature,3
EVT-006668,CLI-00225,2025-12-21,uso_feature,4
EVT-006669,CLI-00271,2025-12-21,login,2
EVT-006670,CLI-00339,2025-12-21,login,2
EVT-006671,CLI-00357,2025-12-21,login,2
EVT-006672,CLI-00358,2025-12-21,uso_feature,4
EVT-006673,CLI-00365,2025-12-21,uso_feature,4
EVT-006674,CLI-00379,2025-12-21,uso_feature,4
EVT-006675,CLI-00382,2025-12-21,invitacion_usuario,9
EVT-006676,CLI-00391,2025-12-21,login,2
EVT-006677,CLI-00393,2025-12-21,login,1
EVT-006678,CLI-00399,2025-12-21,descarga_reporte,6
EVT-006679,CLI-00404,2025-12-21,login,2
EVT-006680,CLI-00488,2025-12-21,uso_feature,3
EVT-006681,CLI-00003,2025-12-22,uso_feature,3
EVT-006682,CLI-00055,2025-12-22,login,2
EVT-006683,CLI-00080,2025-12-22,login,2
EVT-006684,CLI-00097,2025-12-22,login,2
EVT-006685,CLI-00109,2025-12-22,uso_feature,4
EVT-006686,CLI-00149,2025-12-22,descarga_reporte,6
EVT-006687,CLI-00150,2025-12-22,descarga_reporte,5
EVT-006688,CLI-00157,2025-12-22,descarga_reporte,5
EVT-006689,CLI-00163,2025-12-22,descarga_reporte,5
EVT-006690,CLI-00175,2025-12-22,uso_feature,3
EVT-006691,CLI-00196,2025-12-22,descarga_reporte,5
EVT-006692,CLI-00200,2025-12-22,descarga_reporte,6
EVT-006693,CLI-00226,2025-12-22,login,1
EVT-006694,CLI-00289,2025-12-22,login,1
EVT-006695,CLI-00306,2025-12-22,login,1
EVT-006696,CLI-00325,2025-12-22,login,1
EVT-006697,CLI-00341,2025-12-22,login,1
EVT-006698,CLI-00344,2025-12-22,login,1
EVT-006699,CLI-00357,2025-12-22,descarga_reporte,5
EVT-006700,CLI-00367,2025-12-22,login,2
EVT-006701,CLI-00399,2025-12-22,uso_feature,4
EVT-006702,CLI-00460,2025-12-22,uso_feature,4
EVT-006703,CLI-00490,2025-12-22,login,1
EVT-006704,CLI-00503,2025-12-22,descarga_reporte,5
EVT-006705,CLI-00506,2025-12-22,uso_feature,3
EVT-006706,CLI-00018,2025-12-23,login,1
EVT-006707,CLI-00041,2025-12-23,login,2
EVT-006708,CLI-00077,2025-12-23,login,1
EVT-006709,CLI-00090,2025-12-23,uso_feature,4
EVT-006710,CLI-00107,2025-12-23,login,2
EVT-006711,CLI-00161,2025-12-23,login,1
EVT-006712,CLI-00170,2025-12-23,login,1
EVT-006713,CLI-00199,2025-12-23,descarga_reporte,5
EVT-006714,CLI-00200,2025-12-23,descarga_reporte,6
EVT-006715,CLI-00233,2025-12-23,descarga_reporte,5
EVT-006716,CLI-00354,2025-12-23,descarga_reporte,5
EVT-006717,CLI-00359,2025-12-23,uso_feature,3
EVT-006718,CLI-00365,2025-12-23,descarga_reporte,6
EVT-006719,CLI-00410,2025-12-23,invitacion_usuario,8
EVT-006720,CLI-00424,2025-12-23,login,1
EVT-006721,CLI-00429,2025-12-23,uso_feature,3
EVT-006722,CLI-00431,2025-12-23,login,2
EVT-006723,CLI-00443,2025-12-23,login,2
EVT-006724,CLI-00457,2025-12-23,uso_feature,3
EVT-006725,CLI-00485,2025-12-23,uso_feature,4
EVT-006726,CLI-00505,2025-12-23,login,2
EVT-006727,CLI-00035,2025-12-24,login,1
EVT-006728,CLI-00046,2025-12-24,login,2
EVT-006729,CLI-00059,2025-12-24,invitacion_usuario,9
EVT-006730,CLI-00090,2025-12-24,uso_feature,3
EVT-006731,CLI-00096,2025-12-24,uso_feature,3
EVT-006732,CLI-00157,2025-12-24,login,1
EVT-006733,CLI-00169,2025-12-24,uso_feature,4
EVT-006734,CLI-00170,2025-12-24,login,2
EVT-006735,CLI-00189,2025-12-24,login,1
EVT-006736,CLI-00339,2025-12-24,uso_feature,3
EVT-006737,CLI-00341,2025-12-24,login,1
EVT-006738,CLI-00345,2025-12-24,invitacion_usuario,8
EVT-006739,CLI-00369,2025-12-24,login,2
EVT-006740,CLI-00379,2025-12-24,login,1
EVT-006741,CLI-00381,2025-12-24,login,1
EVT-006742,CLI-00384,2025-12-24,uso_feature,4
EVT-006743,CLI-00503,2025-12-24,login,2
EVT-006744,CLI-00039,2025-12-25,uso_feature,3
EVT-006745,CLI-00041,2025-12-25,descarga_reporte,5
EVT-006746,CLI-00096,2025-12-25,login,2
EVT-006747,CLI-00109,2025-12-25,login,1
EVT-006748,CLI-00136,2025-12-25,descarga_reporte,5
EVT-006749,CLI-00149,2025-12-25,descarga_reporte,5
EVT-006750,CLI-00153,2025-12-25,descarga_reporte,5
EVT-006751,CLI-00175,2025-12-25,uso_feature,3
EVT-006752,CLI-00195,2025-12-25,descarga_reporte,5
EVT-006753,CLI-00204,2025-12-25,descarga_reporte,5
EVT-006754,CLI-00204,2025-12-25,descarga_reporte,6
EVT-006755,CLI-00225,2025-12-25,login,2
EVT-006756,CLI-00257,2025-12-25,descarga_reporte,5
EVT-006757,CLI-00271,2025-12-25,login,1
EVT-006758,CLI-00315,2025-12-25,login,2
EVT-006759,CLI-00332,2025-12-25,login,1
EVT-006760,CLI-00344,2025-12-25,login,1
EVT-006761,CLI-00354,2025-12-25,login,1
EVT-006762,CLI-00367,2025-12-25,uso_feature,3
EVT-006763,CLI-00396,2025-12-25,descarga_reporte,6
EVT-006764,CLI-00398,2025-12-25,uso_feature,3
EVT-006765,CLI-00416,2025-12-25,uso_feature,3
EVT-006766,CLI-00428,2025-12-25,login,1
EVT-006767,CLI-00458,2025-12-25,login,1
EVT-006768,CLI-00004,2025-12-26,descarga_reporte,5
EVT-006769,CLI-00004,2025-12-26,login,1
EVT-006770,CLI-00104,2025-12-26,login,1
EVT-006771,CLI-00106,2025-12-26,uso_feature,4
EVT-006772,CLI-00108,2025-12-26,login,1
EVT-006773,CLI-00108,2025-12-26,login,1
EVT-006774,CLI-00128,2025-12-26,login,1
EVT-006775,CLI-00128,2025-12-26,descarga_reporte,6
EVT-006776,CLI-00164,2025-12-26,invitacion_usuario,8
EVT-006777,CLI-00196,2025-12-26,uso_feature,4
EVT-006778,CLI-00200,2025-12-26,login,1
EVT-006779,CLI-00220,2025-12-26,uso_feature,4
EVT-006780,CLI-00242,2025-12-26,login,1
EVT-006781,CLI-00249,2025-12-26,uso_feature,4
EVT-006782,CLI-00290,2025-12-26,uso_feature,4
EVT-006783,CLI-00339,2025-12-26,login,1
EVT-006784,CLI-00410,2025-12-26,login,2
EVT-006785,CLI-00416,2025-12-26,descarga_reporte,5
EVT-006786,CLI-00433,2025-12-26,uso_feature,3
EVT-006787,CLI-00460,2025-12-26,descarga_reporte,5
EVT-006788,CLI-00468,2025-12-26,descarga_reporte,6
EVT-006789,CLI-00501,2025-12-26,login,1
EVT-006790,CLI-00016,2025-12-27,descarga_reporte,6
EVT-006791,CLI-00123,2025-12-27,uso_feature,3
EVT-006792,CLI-00130,2025-12-27,login,1
EVT-006793,CLI-00144,2025-12-27,descarga_reporte,6
EVT-006794,CLI-00149,2025-12-27,uso_feature,3
EVT-006795,CLI-00195,2025-12-27,uso_feature,3
EVT-006796,CLI-00271,2025-12-27,uso_feature,3
EVT-006797,CLI-00289,2025-12-27,login,1
EVT-006798,CLI-00357,2025-12-27,uso_feature,4
EVT-006799,CLI-00358,2025-12-27,uso_feature,4
EVT-006800,CLI-00385,2025-12-27,uso_feature,4
EVT-006801,CLI-00394,2025-12-27,descarga_reporte,5
EVT-006802,CLI-00404,2025-12-27,login,2
EVT-006803,CLI-00415,2025-12-27,login,2
EVT-006804,CLI-00004,2025-12-28,login,1
EVT-006805,CLI-00018,2025-12-28,uso_feature,4
EVT-006806,CLI-00029,2025-12-28,login,1
EVT-006807,CLI-00034,2025-12-28,uso_feature,3
EVT-006808,CLI-00035,2025-12-28,login,1
EVT-006809,CLI-00084,2025-12-28,uso_feature,4
EVT-006810,CLI-00107,2025-12-28,uso_feature,4
EVT-006811,CLI-00115,2025-12-28,uso_feature,3
EVT-006812,CLI-00148,2025-12-28,uso_feature,3
EVT-006813,CLI-00161,2025-12-28,login,2
EVT-006814,CLI-00203,2025-12-28,login,1
EVT-006815,CLI-00220,2025-12-28,uso_feature,3
EVT-006816,CLI-00248,2025-12-28,uso_feature,4
EVT-006817,CLI-00332,2025-12-28,uso_feature,3
EVT-006818,CLI-00342,2025-12-28,login,1
EVT-006819,CLI-00344,2025-12-28,login,1
EVT-006820,CLI-00359,2025-12-28,descarga_reporte,6
EVT-006821,CLI-00390,2025-12-28,descarga_reporte,5
EVT-006822,CLI-00398,2025-12-28,login,2
EVT-006823,CLI-00446,2025-12-28,descarga_reporte,5
EVT-006824,CLI-00452,2025-12-28,login,1
EVT-006825,CLI-00490,2025-12-28,login,1
EVT-006826,CLI-00506,2025-12-28,uso_feature,3
EVT-006827,CLI-00077,2026-01-01,descarga_reporte,5
EVT-006828,CLI-00107,2026-01-01,uso_feature,3
EVT-006829,CLI-00117,2026-01-01,uso_feature,4
EVT-006830,CLI-00163,2026-01-01,uso_feature,3
EVT-006831,CLI-00175,2026-01-01,descarga_reporte,6
EVT-006832,CLI-00194,2026-01-01,login,1
EVT-006833,CLI-00199,2026-01-01,login,1
EVT-006834,CLI-00204,2026-01-01,login,1
EVT-006835,CLI-00220,2026-01-01,login,1
EVT-006836,CLI-00238,2026-01-01,login,1
EVT-006837,CLI-00240,2026-01-01,login,1
EVT-006838,CLI-00257,2026-01-01,descarga_reporte,5
EVT-006839,CLI-00264,2026-01-01,login,1
EVT-006840,CLI-00275,2026-01-01,uso_feature,4
EVT-006841,CLI-00279,2026-01-01,login,1
EVT-006842,CLI-00289,2026-01-01,invitacion_usuario,8
EVT-006843,CLI-00290,2026-01-01,login,2
EVT-006844,CLI-00317,2026-01-01,login,1
EVT-006845,CLI-00342,2026-01-01,descarga_reporte,6
EVT-006846,CLI-00381,2026-01-01,uso_feature,4
EVT-006847,CLI-00410,2026-01-01,uso_feature,4
EVT-006848,CLI-00433,2026-01-01,login,2
EVT-006849,CLI-00440,2026-01-01,login,1
EVT-006850,CLI-00488,2026-01-01,uso_feature,3
EVT-006851,CLI-00500,2026-01-01,login,2
EVT-006852,CLI-00506,2026-01-01,descarga_reporte,5
EVT-006853,CLI-00047,2026-01-02,descarga_reporte,5
EVT-006854,CLI-00052,2026-01-02,uso_feature,3
EVT-006855,CLI-00070,2026-01-02,uso_feature,4
EVT-006856,CLI-00070,2026-01-02,descarga_reporte,5
EVT-006857,CLI-00084,2026-01-02,uso_feature,3
EVT-006858,CLI-00115,2026-01-02,descarga_reporte,5
EVT-006859,CLI-00117,2026-01-02,login,1
EVT-006860,CLI-00130,2026-01-02,login,1
EVT-006861,CLI-00161,2026-01-02,uso_feature,3
EVT-006862,CLI-00195,2026-01-02,login,1
EVT-006863,CLI-00200,2026-01-02,uso_feature,4
EVT-006864,CLI-00218,2026-01-02,uso_feature,3
EVT-006865,CLI-00241,2026-01-02,login,1
EVT-006866,CLI-00247,2026-01-02,uso_feature,3
EVT-006867,CLI-00265,2026-01-02,invitacion_usuario,9
EVT-006868,CLI-00289,2026-01-02,login,1
EVT-006869,CLI-00290,2026-01-02,descarga_reporte,5
EVT-006870,CLI-00306,2026-01-02,login,1
EVT-006871,CLI-00369,2026-01-02,descarga_reporte,5
EVT-006872,CLI-00371,2026-01-02,uso_feature,3
EVT-006873,CLI-00381,2026-01-02,uso_feature,4
EVT-006874,CLI-00396,2026-01-02,uso_feature,3
EVT-006875,CLI-00398,2026-01-02,uso_feature,4
EVT-006876,CLI-00424,2026-01-02,uso_feature,3
EVT-006877,CLI-00425,2026-01-02,login,2
EVT-006878,CLI-00428,2026-01-02,uso_feature,4
EVT-006879,CLI-00431,2026-01-02,login,1
EVT-006880,CLI-00433,2026-01-02,login,1
EVT-006881,CLI-00433,2026-01-02,uso_feature,3
EVT-006882,CLI-00448,2026-01-02,login,1
EVT-006883,CLI-00448,2026-01-02,login,2
EVT-006884,CLI-00453,2026-01-02,login,1
EVT-006885,CLI-00455,2026-01-02,uso_feature,3
EVT-006886,CLI-00003,2026-01-03,uso_feature,3
EVT-006887,CLI-00006,2026-01-03,login,1
EVT-006888,CLI-00060,2026-01-03,uso_feature,3
EVT-006889,CLI-00106,2026-01-03,login,1
EVT-006890,CLI-00106,2026-01-03,uso_feature,4
EVT-006891,CLI-00106,2026-01-03,login,1
EVT-006892,CLI-00109,2026-01-03,login,2
EVT-006893,CLI-00149,2026-01-03,login,2
EVT-006894,CLI-00175,2026-01-03,uso_feature,4
EVT-006895,CLI-00189,2026-01-03,login,1
EVT-006896,CLI-00203,2026-01-03,uso_feature,4
EVT-006897,CLI-00204,2026-01-03,descarga_reporte,5
EVT-006898,CLI-00242,2026-01-03,login,2
EVT-006899,CLI-00315,2026-01-03,uso_feature,4
EVT-006900,CLI-00337,2026-01-03,descarga_reporte,5
EVT-006901,CLI-00341,2026-01-03,login,1
EVT-006902,CLI-00342,2026-01-03,login,1
EVT-006903,CLI-00342,2026-01-03,login,1
EVT-006904,CLI-00359,2026-01-03,login,1
EVT-006905,CLI-00437,2026-01-03,login,1
EVT-006906,CLI-00452,2026-01-03,descarga_reporte,5
EVT-006907,CLI-00501,2026-01-03,descarga_reporte,5
EVT-006908,CLI-00047,2026-01-04,login,1
EVT-006909,CLI-00063,2026-01-04,login,1
EVT-006910,CLI-00084,2026-01-04,login,2
EVT-006911,CLI-00097,2026-01-04,uso_feature,4
EVT-006912,CLI-00106,2026-01-04,uso_feature,3
EVT-006913,CLI-00123,2026-01-04,login,2
EVT-006914,CLI-00153,2026-01-04,uso_feature,3
EVT-006915,CLI-00163,2026-01-04,descarga_reporte,6
EVT-006916,CLI-00164,2026-01-04,login,1
EVT-006917,CLI-00172,2026-01-04,login,1
EVT-006918,CLI-00172,2026-01-04,uso_feature,3
EVT-006919,CLI-00240,2026-01-04,login,1
EVT-006920,CLI-00289,2026-01-04,descarga_reporte,6
EVT-006921,CLI-00340,2026-01-04,uso_feature,4
EVT-006922,CLI-00390,2026-01-04,descarga_reporte,6
EVT-006923,CLI-00399,2026-01-04,login,1
EVT-006924,CLI-00475,2026-01-04,uso_feature,3
EVT-006925,CLI-00484,2026-01-04,descarga_reporte,5
EVT-006926,CLI-00488,2026-01-04,login,2
EVT-006927,CLI-00505,2026-01-04,login,2
EVT-006928,CLI-00088,2026-01-05,login,1
EVT-006929,CLI-00179,2026-01-05,login,1
EVT-006930,CLI-00206,2026-01-05,descarga_reporte,6
EVT-006931,CLI-00218,2026-01-05,login,1
EVT-006932,CLI-00228,2026-01-05,login,1
EVT-006933,CLI-00242,2026-01-05,login,2
EVT-006934,CLI-00317,2026-01-05,login,1
EVT-006935,CLI-00325,2026-01-05,uso_feature,3
EVT-006936,CLI-00345,2026-01-05,login,2
EVT-006937,CLI-00358,2026-01-05,login,2
EVT-006938,CLI-00385,2026-01-05,invitacion_usuario,8
EVT-006939,CLI-00404,2026-01-05,login,1
EVT-006940,CLI-00416,2026-01-05,descarga_reporte,5
EVT-006941,CLI-00453,2026-01-05,login,1
EVT-006942,CLI-00508,2026-01-05,uso_feature,3
EVT-006943,CLI-00508,2026-01-05,invitacion_usuario,8
EVT-006944,CLI-00004,2026-01-06,login,2
EVT-006945,CLI-00006,2026-01-06,descarga_reporte,5
EVT-006946,CLI-00018,2026-01-06,login,1
EVT-006947,CLI-00018,2026-01-06,login,1
EVT-006948,CLI-00088,2026-01-06,uso_feature,3
EVT-006949,CLI-00090,2026-01-06,login,1
EVT-006950,CLI-00097,2026-01-06,uso_feature,3
EVT-006951,CLI-00117,2026-01-06,login,1
EVT-006952,CLI-00131,2026-01-06,login,1
EVT-006953,CLI-00136,2026-01-06,uso_feature,3
EVT-006954,CLI-00170,2026-01-06,login,1
EVT-006955,CLI-00173,2026-01-06,invitacion_usuario,8
EVT-006956,CLI-00173,2026-01-06,login,2
EVT-006957,CLI-00233,2026-01-06,login,1
EVT-006958,CLI-00272,2026-01-06,uso_feature,3
EVT-006959,CLI-00279,2026-01-06,descarga_reporte,5
EVT-006960,CLI-00343,2026-01-06,descarga_reporte,5
EVT-006961,CLI-00391,2026-01-06,uso_feature,3
EVT-006962,CLI-00394,2026-01-06,login,1
EVT-006963,CLI-00411,2026-01-06,login,1
EVT-006964,CLI-00429,2026-01-06,uso_feature,3
EVT-006965,CLI-00431,2026-01-06,login,1
EVT-006966,CLI-00043,2026-01-07,descarga_reporte,5
EVT-006967,CLI-00046,2026-01-07,uso_feature,3
EVT-006968,CLI-00054,2026-01-07,descarga_reporte,5
EVT-006969,CLI-00070,2026-01-07,descarga_reporte,5
EVT-006970,CLI-00088,2026-01-07,login,1
EVT-006971,CLI-00151,2026-01-07,login,1
EVT-006972,CLI-00153,2026-01-07,uso_feature,3
EVT-006973,CLI-00179,2026-01-07,login,1
EVT-006974,CLI-00200,2026-01-07,uso_feature,4
EVT-006975,CLI-00216,2026-01-07,uso_feature,4
EVT-006976,CLI-00249,2026-01-07,login,2
EVT-006977,CLI-00275,2026-01-07,login,1
EVT-006978,CLI-00341,2026-01-07,login,2
EVT-006979,CLI-00367,2026-01-07,invitacion_usuario,9
EVT-006980,CLI-00384,2026-01-07,login,1
EVT-006981,CLI-00391,2026-01-07,login,1
EVT-006982,CLI-00399,2026-01-07,uso_feature,3
EVT-006983,CLI-00424,2026-01-07,login,1
EVT-006984,CLI-00437,2026-01-07,login,1
EVT-006985,CLI-00437,2026-01-07,login,1
EVT-006986,CLI-00443,2026-01-07,login,1
EVT-006987,CLI-00457,2026-01-07,descarga_reporte,6
EVT-006988,CLI-00084,2026-01-08,uso_feature,4
EVT-006989,CLI-00142,2026-01-08,login,2
EVT-006990,CLI-00153,2026-01-08,uso_feature,3
EVT-006991,CLI-00163,2026-01-08,uso_feature,3
EVT-006992,CLI-00216,2026-01-08,uso_feature,3
EVT-006993,CLI-00225,2026-01-08,login,1
EVT-006994,CLI-00265,2026-01-08,uso_feature,3
EVT-006995,CLI-00289,2026-01-08,descarga_reporte,5
EVT-006996,CLI-00365,2026-01-08,login,1
EVT-006997,CLI-00394,2026-01-08,login,1
EVT-006998,CLI-00396,2026-01-08,uso_feature,4
EVT-006999,CLI-00415,2026-01-08,login,1
EVT-007000,CLI-00424,2026-01-08,descarga_reporte,5
EVT-007001,CLI-00458,2026-01-08,login,2
EVT-007002,CLI-00490,2026-01-08,login,1
EVT-007003,CLI-00506,2026-01-08,uso_feature,3
EVT-007004,CLI-00509,2026-01-08,uso_feature,3
EVT-007005,CLI-00051,2026-01-09,uso_feature,3
EVT-007006,CLI-00108,2026-01-09,login,2
EVT-007007,CLI-00123,2026-01-09,descarga_reporte,6
EVT-007008,CLI-00130,2026-01-09,uso_feature,4
EVT-007009,CLI-00148,2026-01-09,login,1
EVT-007010,CLI-00189,2026-01-09,uso_feature,4
EVT-007011,CLI-00203,2026-01-09,login,2
EVT-007012,CLI-00206,2026-01-09,uso_feature,3
EVT-007013,CLI-00226,2026-01-09,uso_feature,3
EVT-007014,CLI-00233,2026-01-09,login,1
EVT-007015,CLI-00242,2026-01-09,descarga_reporte,5
EVT-007016,CLI-00257,2026-01-09,login,1
EVT-007017,CLI-00289,2026-01-09,login,1
EVT-007018,CLI-00333,2026-01-09,login,2
EVT-007019,CLI-00411,2026-01-09,login,1
EVT-007020,CLI-00415,2026-01-09,login,2
EVT-007021,CLI-00424,2026-01-09,invitacion_usuario,8
EVT-007022,CLI-00457,2026-01-09,login,1
EVT-007023,CLI-00496,2026-01-09,descarga_reporte,5
EVT-007024,CLI-00027,2026-01-10,descarga_reporte,5
EVT-007025,CLI-00034,2026-01-10,uso_feature,3
EVT-007026,CLI-00045,2026-01-10,login,2
EVT-007027,CLI-00059,2026-01-10,login,1
EVT-007028,CLI-00123,2026-01-10,login,1
EVT-007029,CLI-00142,2026-01-10,uso_feature,3
EVT-007030,CLI-00173,2026-01-10,invitacion_usuario,8
EVT-007031,CLI-00189,2026-01-10,descarga_reporte,5
EVT-007032,CLI-00196,2026-01-10,login,2
EVT-007033,CLI-00211,2026-01-10,login,1
EVT-007034,CLI-00220,2026-01-10,uso_feature,3
EVT-007035,CLI-00242,2026-01-10,uso_feature,4
EVT-007036,CLI-00250,2026-01-10,login,2
EVT-007037,CLI-00343,2026-01-10,uso_feature,3
EVT-007038,CLI-00344,2026-01-10,descarga_reporte,5
EVT-007039,CLI-00344,2026-01-10,descarga_reporte,5
EVT-007040,CLI-00357,2026-01-10,uso_feature,3
EVT-007041,CLI-00379,2026-01-10,login,1
EVT-007042,CLI-00384,2026-01-10,login,1
EVT-007043,CLI-00435,2026-01-10,descarga_reporte,5
EVT-007044,CLI-00446,2026-01-10,login,2
EVT-007045,CLI-00452,2026-01-10,login,2
EVT-007046,CLI-00484,2026-01-10,login,2
EVT-007047,CLI-00492,2026-01-10,login,1
EVT-007048,CLI-00018,2026-01-11,login,2
EVT-007049,CLI-00036,2026-01-11,login,2
EVT-007050,CLI-00041,2026-01-11,login,1
EVT-007051,CLI-00070,2026-01-11,login,1
EVT-007052,CLI-00073,2026-01-11,login,1
EVT-007053,CLI-00077,2026-01-11,uso_feature,3
EVT-007054,CLI-00145,2026-01-11,uso_feature,3
EVT-007055,CLI-00149,2026-01-11,descarga_reporte,6
EVT-007056,CLI-00161,2026-01-11,login,1
EVT-007057,CLI-00225,2026-01-11,descarga_reporte,5
EVT-007058,CLI-00260,2026-01-11,invitacion_usuario,8
EVT-007059,CLI-00275,2026-01-11,login,2
EVT-007060,CLI-00365,2026-01-11,descarga_reporte,5
EVT-007061,CLI-00411,2026-01-11,login,1
EVT-007062,CLI-00505,2026-01-11,login,2
EVT-007063,CLI-00023,2026-01-12,uso_feature,4
EVT-007064,CLI-00029,2026-01-12,uso_feature,3
EVT-007065,CLI-00043,2026-01-12,login,2
EVT-007066,CLI-00045,2026-01-12,login,1
EVT-007067,CLI-00090,2026-01-12,uso_feature,4
EVT-007068,CLI-00104,2026-01-12,login,2
EVT-007069,CLI-00123,2026-01-12,uso_feature,4
EVT-007070,CLI-00136,2026-01-12,login,2
EVT-007071,CLI-00151,2026-01-12,login,1
EVT-007072,CLI-00188,2026-01-12,descarga_reporte,5
EVT-007073,CLI-00199,2026-01-12,uso_feature,3
EVT-007074,CLI-00247,2026-01-12,login,1
EVT-007075,CLI-00340,2026-01-12,uso_feature,3
EVT-007076,CLI-00341,2026-01-12,uso_feature,3
EVT-007077,CLI-00379,2026-01-12,uso_feature,3
EVT-007078,CLI-00411,2026-01-12,login,1
EVT-007079,CLI-00414,2026-01-12,descarga_reporte,5
EVT-007080,CLI-00455,2026-01-12,login,1
EVT-007081,CLI-00457,2026-01-12,uso_feature,3
EVT-007082,CLI-00485,2026-01-12,login,2
EVT-007083,CLI-00503,2026-01-12,login,2
EVT-007084,CLI-00506,2026-01-12,login,1
EVT-007085,CLI-00018,2026-01-13,uso_feature,3
EVT-007086,CLI-00080,2026-01-13,descarga_reporte,5
EVT-007087,CLI-00096,2026-01-13,descarga_reporte,5
EVT-007088,CLI-00108,2026-01-13,login,1
EVT-007089,CLI-00109,2026-01-13,uso_feature,3
EVT-007090,CLI-00142,2026-01-13,login,1
EVT-007091,CLI-00150,2026-01-13,login,1
EVT-007092,CLI-00179,2026-01-13,login,1
EVT-007093,CLI-00206,2026-01-13,login,1
EVT-007094,CLI-00233,2026-01-13,login,1
EVT-007095,CLI-00248,2026-01-13,descarga_reporte,5
EVT-007096,CLI-00354,2026-01-13,descarga_reporte,6
EVT-007097,CLI-00357,2026-01-13,login,1
EVT-007098,CLI-00384,2026-01-13,uso_feature,3
EVT-007099,CLI-00429,2026-01-13,login,1
EVT-007100,CLI-00468,2026-01-13,uso_feature,3
EVT-007101,CLI-00468,2026-01-13,login,1
EVT-007102,CLI-00485,2026-01-13,uso_feature,3
EVT-007103,CLI-00081,2026-01-14,descarga_reporte,6
EVT-007104,CLI-00139,2026-01-14,login,2
EVT-007105,CLI-00151,2026-01-14,uso_feature,3
EVT-007106,CLI-00157,2026-01-14,login,2
EVT-007107,CLI-00195,2026-01-14,uso_feature,3
EVT-007108,CLI-00195,2026-01-14,uso_feature,3
EVT-007109,CLI-00195,2026-01-14,login,1
EVT-007110,CLI-00199,2026-01-14,login,1
EVT-007111,CLI-00200,2026-01-14,descarga_reporte,5
EVT-007112,CLI-00242,2026-01-14,login,1
EVT-007113,CLI-00247,2026-01-14,uso_feature,4
EVT-007114,CLI-00256,2026-01-14,uso_feature,4
EVT-007115,CLI-00257,2026-01-14,uso_feature,3
EVT-007116,CLI-00260,2026-01-14,login,2
EVT-007117,CLI-00260,2026-01-14,uso_feature,3
EVT-007118,CLI-00317,2026-01-14,login,1
EVT-007119,CLI-00337,2026-01-14,uso_feature,3
EVT-007120,CLI-00337,2026-01-14,login,1
EVT-007121,CLI-00341,2026-01-14,login,1
EVT-007122,CLI-00359,2026-01-14,login,1
EVT-007123,CLI-00371,2026-01-14,login,1
EVT-007124,CLI-00376,2026-01-14,invitacion_usuario,9
EVT-007125,CLI-00393,2026-01-14,login,1
EVT-007126,CLI-00475,2026-01-14,uso_feature,3
EVT-007127,CLI-00485,2026-01-14,uso_feature,3
EVT-007128,CLI-00505,2026-01-14,login,1
EVT-007129,CLI-00506,2026-01-14,login,2
EVT-007130,CLI-00004,2026-01-15,uso_feature,3
EVT-007131,CLI-00023,2026-01-15,login,1
EVT-007132,CLI-00045,2026-01-15,uso_feature,3
EVT-007133,CLI-00081,2026-01-15,uso_feature,4
EVT-007134,CLI-00117,2026-01-15,login,1
EVT-007135,CLI-00211,2026-01-15,login,1
EVT-007136,CLI-00225,2026-01-15,login,1
EVT-007137,CLI-00233,2026-01-15,uso_feature,4
EVT-007138,CLI-00250,2026-01-15,login,2
EVT-007139,CLI-00394,2026-01-15,login,2
EVT-007140,CLI-00396,2026-01-15,descarga_reporte,5
EVT-007141,CLI-00431,2026-01-15,login,1
EVT-007142,CLI-00457,2026-01-15,login,1
EVT-007143,CLI-00475,2026-01-15,login,2
EVT-007144,CLI-00501,2026-01-15,login,1
EVT-007145,CLI-00501,2026-01-15,login,1
EVT-007146,CLI-00035,2026-01-16,uso_feature,3
EVT-007147,CLI-00043,2026-01-16,login,1
EVT-007148,CLI-00052,2026-01-16,uso_feature,4
EVT-007149,CLI-00052,2026-01-16,uso_feature,3
EVT-007150,CLI-00060,2026-01-16,login,2
EVT-007151,CLI-00080,2026-01-16,descarga_reporte,5
EVT-007152,CLI-00097,2026-01-16,descarga_reporte,5
EVT-007153,CLI-00149,2026-01-16,uso_feature,3
EVT-007154,CLI-00175,2026-01-16,login,2
EVT-007155,CLI-00211,2026-01-16,descarga_reporte,5
EVT-007156,CLI-00249,2026-01-16,descarga_reporte,6
EVT-007157,CLI-00256,2026-01-16,descarga_reporte,6
EVT-007158,CLI-00256,2026-01-16,login,1
EVT-007159,CLI-00272,2026-01-16,descarga_reporte,5
EVT-007160,CLI-00272,2026-01-16,login,2
EVT-007161,CLI-00357,2026-01-16,login,1
EVT-007162,CLI-00358,2026-01-16,login,1
EVT-007163,CLI-00379,2026-01-16,uso_feature,3
EVT-007164,CLI-00390,2026-01-16,uso_feature,3
EVT-007165,CLI-00391,2026-01-16,uso_feature,3
EVT-007166,CLI-00414,2026-01-16,login,2
EVT-007167,CLI-00416,2026-01-16,login,2
EVT-007168,CLI-00433,2026-01-16,login,1
EVT-007169,CLI-00446,2026-01-16,login,1
EVT-007170,CLI-00453,2026-01-16,login,2
EVT-007171,CLI-00508,2026-01-16,uso_feature,3
EVT-007172,CLI-00018,2026-01-17,login,1
EVT-007173,CLI-00047,2026-01-17,login,1
EVT-007174,CLI-00047,2026-01-17,uso_feature,3
EVT-007175,CLI-00070,2026-01-17,login,1
EVT-007176,CLI-00080,2026-01-17,login,1
EVT-007177,CLI-00090,2026-01-17,uso_feature,3
EVT-007178,CLI-00106,2026-01-17,login,1
EVT-007179,CLI-00191,2026-01-17,login,2
EVT-007180,CLI-00200,2026-01-17,uso_feature,4
EVT-007181,CLI-00233,2026-01-17,login,2
EVT-007182,CLI-00250,2026-01-17,uso_feature,4
EVT-007183,CLI-00332,2026-01-17,uso_feature,3
EVT-007184,CLI-00354,2026-01-17,login,1
EVT-007185,CLI-00367,2026-01-17,login,2
EVT-007186,CLI-00455,2026-01-17,descarga_reporte,5
EVT-007187,CLI-00455,2026-01-17,descarga_reporte,5
EVT-007188,CLI-00505,2026-01-17,login,1
EVT-007189,CLI-00509,2026-01-17,login,1
EVT-007190,CLI-00006,2026-01-18,descarga_reporte,6
EVT-007191,CLI-00016,2026-01-18,uso_feature,3
EVT-007192,CLI-00073,2026-01-18,login,1
EVT-007193,CLI-00130,2026-01-18,descarga_reporte,5
EVT-007194,CLI-00136,2026-01-18,uso_feature,3
EVT-007195,CLI-00148,2026-01-18,login,2
EVT-007196,CLI-00149,2026-01-18,login,1
EVT-007197,CLI-00157,2026-01-18,login,1
EVT-007198,CLI-00164,2026-01-18,uso_feature,4
EVT-007199,CLI-00247,2026-01-18,login,2
EVT-007200,CLI-00264,2026-01-18,uso_feature,3
EVT-007201,CLI-00358,2026-01-18,login,1
EVT-007202,CLI-00359,2026-01-18,login,1
EVT-007203,CLI-00369,2026-01-18,login,1
EVT-007204,CLI-00369,2026-01-18,login,1
EVT-007205,CLI-00381,2026-01-18,login,2
EVT-007206,CLI-00384,2026-01-18,uso_feature,3
EVT-007207,CLI-00415,2026-01-18,login,1
EVT-007208,CLI-00429,2026-01-18,uso_feature,3
EVT-007209,CLI-00435,2026-01-18,login,2
EVT-007210,CLI-00453,2026-01-18,invitacion_usuario,9
EVT-007211,CLI-00492,2026-01-18,descarga_reporte,5
EVT-007212,CLI-00496,2026-01-18,uso_feature,3
EVT-007213,CLI-00503,2026-01-18,login,1
EVT-007214,CLI-00028,2026-01-19,descarga_reporte,5
EVT-007215,CLI-00060,2026-01-19,login,1
EVT-007216,CLI-00109,2026-01-19,login,1
EVT-007217,CLI-00139,2026-01-19,login,1
EVT-007218,CLI-00153,2026-01-19,uso_feature,4
EVT-007219,CLI-00161,2026-01-19,descarga_reporte,5
EVT-007220,CLI-00195,2026-01-19,descarga_reporte,5
EVT-007221,CLI-00200,2026-01-19,login,1
EVT-007222,CLI-00203,2026-01-19,login,2
EVT-007223,CLI-00257,2026-01-19,login,2
EVT-007224,CLI-00271,2026-01-19,login,2
EVT-007225,CLI-00340,2026-01-19,descarga_reporte,5
EVT-007226,CLI-00394,2026-01-19,login,1
EVT-007227,CLI-00396,2026-01-19,descarga_reporte,5
EVT-007228,CLI-00415,2026-01-19,login,2
EVT-007229,CLI-00429,2026-01-19,login,1
EVT-007230,CLI-00453,2026-01-19,uso_feature,4
EVT-007231,CLI-00006,2026-01-20,login,2
EVT-007232,CLI-00055,2026-01-20,login,1
EVT-007233,CLI-00073,2026-01-20,login,1
EVT-007234,CLI-00073,2026-01-20,login,1
EVT-007235,CLI-00104,2026-01-20,uso_feature,3
EVT-007236,CLI-00115,2026-01-20,uso_feature,3
EVT-007237,CLI-00115,2026-01-20,descarga_reporte,5
EVT-007238,CLI-00128,2026-01-20,descarga_reporte,6
EVT-007239,CLI-00139,2026-01-20,uso_feature,3
EVT-007240,CLI-00161,2026-01-20,uso_feature,3
EVT-007241,CLI-00175,2026-01-20,login,2
EVT-007242,CLI-00191,2026-01-20,login,2
EVT-007243,CLI-00211,2026-01-20,login,1
EVT-007244,CLI-00225,2026-01-20,login,2
EVT-007245,CLI-00226,2026-01-20,uso_feature,4
EVT-007246,CLI-00250,2026-01-20,uso_feature,3
EVT-007247,CLI-00256,2026-01-20,login,1
EVT-007248,CLI-00340,2026-01-20,uso_feature,3
EVT-007249,CLI-00343,2026-01-20,uso_feature,4
EVT-007250,CLI-00376,2026-01-20,login,2
EVT-007251,CLI-00437,2026-01-20,login,1
EVT-007252,CLI-00509,2026-01-20,uso_feature,4
EVT-007253,CLI-00016,2026-01-21,uso_feature,4
EVT-007254,CLI-00023,2026-01-21,login,1
EVT-007255,CLI-00028,2026-01-21,login,2
EVT-007256,CLI-00041,2026-01-21,login,1
EVT-007257,CLI-00041,2026-01-21,descarga_reporte,5
EVT-007258,CLI-00045,2026-01-21,descarga_reporte,5
EVT-007259,CLI-00051,2026-01-21,invitacion_usuario,9
EVT-007260,CLI-00142,2026-01-21,uso_feature,4
EVT-007261,CLI-00163,2026-01-21,login,1
EVT-007262,CLI-00169,2026-01-21,login,1
EVT-007263,CLI-00189,2026-01-21,uso_feature,3
EVT-007264,CLI-00203,2026-01-21,invitacion_usuario,9
EVT-007265,CLI-00206,2026-01-21,login,1
EVT-007266,CLI-00211,2026-01-21,uso_feature,3
EVT-007267,CLI-00275,2026-01-21,uso_feature,3
EVT-007268,CLI-00279,2026-01-21,uso_feature,4
EVT-007269,CLI-00317,2026-01-21,login,2
EVT-007270,CLI-00339,2026-01-21,descarga_reporte,5
EVT-007271,CLI-00345,2026-01-21,login,1
EVT-007272,CLI-00358,2026-01-21,login,1
EVT-007273,CLI-00371,2026-01-21,login,1
EVT-007274,CLI-00376,2026-01-21,uso_feature,4
EVT-007275,CLI-00381,2026-01-21,login,1
EVT-007276,CLI-00398,2026-01-21,invitacion_usuario,8
EVT-007277,CLI-00399,2026-01-21,login,1
EVT-007278,CLI-00437,2026-01-21,uso_feature,3
EVT-007279,CLI-00452,2026-01-21,uso_feature,4
EVT-007280,CLI-00004,2026-01-22,invitacion_usuario,8
EVT-007281,CLI-00006,2026-01-22,login,1
EVT-007282,CLI-00043,2026-01-22,descarga_reporte,6
EVT-007283,CLI-00135,2026-01-22,login,1
EVT-007284,CLI-00157,2026-01-22,uso_feature,3
EVT-007285,CLI-00169,2026-01-22,login,2
EVT-007286,CLI-00173,2026-01-22,uso_feature,3
EVT-007287,CLI-00191,2026-01-22,login,1
EVT-007288,CLI-00290,2026-01-22,login,2
EVT-007289,CLI-00306,2026-01-22,uso_feature,3
EVT-007290,CLI-00315,2026-01-22,login,1
EVT-007291,CLI-00317,2026-01-22,login,2
EVT-007292,CLI-00339,2026-01-22,login,1
EVT-007293,CLI-00342,2026-01-22,login,1
EVT-007294,CLI-00367,2026-01-22,invitacion_usuario,8
EVT-007295,CLI-00396,2026-01-22,descarga_reporte,5
EVT-007296,CLI-00411,2026-01-22,uso_feature,4
EVT-007297,CLI-00431,2026-01-22,uso_feature,3
EVT-007298,CLI-00496,2026-01-22,login,1
EVT-007299,CLI-00023,2026-01-23,login,2
EVT-007300,CLI-00028,2026-01-23,invitacion_usuario,8
EVT-007301,CLI-00043,2026-01-23,uso_feature,3
EVT-007302,CLI-00051,2026-01-23,uso_feature,3
EVT-007303,CLI-00115,2026-01-23,login,2
EVT-007304,CLI-00136,2026-01-23,login,2
EVT-007305,CLI-00164,2026-01-23,login,2
EVT-007306,CLI-00206,2026-01-23,uso_feature,3
EVT-007307,CLI-00216,2026-01-23,login,1
EVT-007308,CLI-00247,2026-01-23,descarga_reporte,6
EVT-007309,CLI-00376,2026-01-23,uso_feature,3
EVT-007310,CLI-00388,2026-01-23,login,1
EVT-007311,CLI-00391,2026-01-23,login,1
EVT-007312,CLI-00428,2026-01-23,login,1
EVT-007313,CLI-00457,2026-01-23,login,2
EVT-007314,CLI-00484,2026-01-23,uso_feature,3
EVT-007315,CLI-00058,2026-01-24,descarga_reporte,5
EVT-007316,CLI-00073,2026-01-24,login,1
EVT-007317,CLI-00115,2026-01-24,login,2
EVT-007318,CLI-00150,2026-01-24,login,1
EVT-007319,CLI-00172,2026-01-24,uso_feature,3
EVT-007320,CLI-00218,2026-01-24,login,2
EVT-007321,CLI-00264,2026-01-24,uso_feature,3
EVT-007322,CLI-00281,2026-01-24,login,1
EVT-007323,CLI-00315,2026-01-24,login,1
EVT-007324,CLI-00354,2026-01-24,descarga_reporte,6
EVT-007325,CLI-00382,2026-01-24,login,1
EVT-007326,CLI-00398,2026-01-24,descarga_reporte,6
EVT-007327,CLI-00435,2026-01-24,login,2
EVT-007328,CLI-00485,2026-01-24,login,1
EVT-007329,CLI-00490,2026-01-24,login,1
EVT-007330,CLI-00490,2026-01-24,uso_feature,4
EVT-007331,CLI-00509,2026-01-24,uso_feature,3
EVT-007332,CLI-00004,2026-01-25,uso_feature,4
EVT-007333,CLI-00016,2026-01-25,login,2
EVT-007334,CLI-00039,2026-01-25,login,2
EVT-007335,CLI-00077,2026-01-25,login,1
EVT-007336,CLI-00117,2026-01-25,uso_feature,3
EVT-007337,CLI-00131,2026-01-25,descarga_reporte,5
EVT-007338,CLI-00139,2026-01-25,uso_feature,4
EVT-007339,CLI-00144,2026-01-25,login,1
EVT-007340,CLI-00148,2026-01-25,login,2
EVT-007341,CLI-00189,2026-01-25,login,1
EVT-007342,CLI-00220,2026-01-25,uso_feature,3
EVT-007343,CLI-00271,2026-01-25,login,1
EVT-007344,CLI-00339,2026-01-25,login,2
EVT-007345,CLI-00341,2026-01-25,login,1
EVT-007346,CLI-00354,2026-01-25,login,1
EVT-007347,CLI-00367,2026-01-25,login,1
EVT-007348,CLI-00384,2026-01-25,uso_feature,4
EVT-007349,CLI-00393,2026-01-25,login,1
EVT-007350,CLI-00443,2026-01-25,login,2
EVT-007351,CLI-00448,2026-01-25,descarga_reporte,5
EVT-007352,CLI-00458,2026-01-25,uso_feature,4
EVT-007353,CLI-00460,2026-01-25,login,1
EVT-007354,CLI-00029,2026-01-26,login,2
EVT-007355,CLI-00036,2026-01-26,invitacion_usuario,8
EVT-007356,CLI-00066,2026-01-26,login,2
EVT-007357,CLI-00090,2026-01-26,uso_feature,3
EVT-007358,CLI-00108,2026-01-26,uso_feature,3
EVT-007359,CLI-00108,2026-01-26,descarga_reporte,5
EVT-007360,CLI-00128,2026-01-26,login,1
EVT-007361,CLI-00148,2026-01-26,descarga_reporte,6
EVT-007362,CLI-00163,2026-01-26,uso_feature,4
EVT-007363,CLI-00220,2026-01-26,login,2
EVT-007364,CLI-00240,2026-01-26,login,1
EVT-007365,CLI-00256,2026-01-26,login,1
EVT-007366,CLI-00315,2026-01-26,login,1
EVT-007367,CLI-00347,2026-01-26,uso_feature,3
EVT-007368,CLI-00350,2026-01-26,uso_feature,3
EVT-007369,CLI-00365,2026-01-26,login,1
EVT-007370,CLI-00385,2026-01-26,descarga_reporte,6
EVT-007371,CLI-00390,2026-01-26,invitacion_usuario,8
EVT-007372,CLI-00448,2026-01-26,login,2
EVT-007373,CLI-00509,2026-01-26,login,1
EVT-007374,CLI-00004,2026-01-27,login,1
EVT-007375,CLI-00054,2026-01-27,login,2
EVT-007376,CLI-00080,2026-01-27,descarga_reporte,5
EVT-007377,CLI-00080,2026-01-27,uso_feature,3
EVT-007378,CLI-00157,2026-01-27,uso_feature,3
EVT-007379,CLI-00164,2026-01-27,login,1
EVT-007380,CLI-00169,2026-01-27,uso_feature,4
EVT-007381,CLI-00179,2026-01-27,login,1
EVT-007382,CLI-00235,2026-01-27,login,1
EVT-007383,CLI-00235,2026-01-27,login,1
EVT-007384,CLI-00315,2026-01-27,uso_feature,3
EVT-007385,CLI-00394,2026-01-27,uso_feature,3
EVT-007386,CLI-00448,2026-01-27,uso_feature,4
EVT-007387,CLI-00490,2026-01-27,descarga_reporte,6
EVT-007388,CLI-00501,2026-01-27,descarga_reporte,5
EVT-007389,CLI-00508,2026-01-27,descarga_reporte,5
EVT-007390,CLI-00003,2026-01-28,uso_feature,3
EVT-007391,CLI-00016,2026-01-28,login,2
EVT-007392,CLI-00051,2026-01-28,login,1
EVT-007393,CLI-00051,2026-01-28,login,2
EVT-007394,CLI-00059,2026-01-28,login,2
EVT-007395,CLI-00090,2026-01-28,uso_feature,3
EVT-007396,CLI-00097,2026-01-28,descarga_reporte,6
EVT-007397,CLI-00142,2026-01-28,uso_feature,3
EVT-007398,CLI-00175,2026-01-28,uso_feature,4
EVT-007399,CLI-00248,2026-01-28,login,1
EVT-007400,CLI-00257,2026-01-28,uso_feature,3
EVT-007401,CLI-00260,2026-01-28,login,1
EVT-007402,CLI-00260,2026-01-28,login,2
EVT-007403,CLI-00325,2026-01-28,uso_feature,3
EVT-007404,CLI-00337,2026-01-28,login,1
EVT-007405,CLI-00343,2026-01-28,uso_feature,3
EVT-007406,CLI-00376,2026-01-28,descarga_reporte,5
EVT-007407,CLI-00381,2026-01-28,login,1
EVT-007408,CLI-00414,2026-01-28,uso_feature,4
EVT-007409,CLI-00496,2026-01-28,login,2
EVT-007410,CLI-00027,2026-02-01,login,1
EVT-007411,CLI-00035,2026-02-01,uso_feature,4
EVT-007412,CLI-00051,2026-02-01,login,1
EVT-007413,CLI-00107,2026-02-01,login,1
EVT-007414,CLI-00153,2026-02-01,login,2
EVT-007415,CLI-00157,2026-02-01,uso_feature,3
EVT-007416,CLI-00161,2026-02-01,login,2
EVT-007417,CLI-00163,2026-02-01,descarga_reporte,5
EVT-007418,CLI-00191,2026-02-01,invitacion_usuario,8
EVT-007419,CLI-00204,2026-02-01,login,1
EVT-007420,CLI-00325,2026-02-01,descarga_reporte,6
EVT-007421,CLI-00396,2026-02-01,login,2
EVT-007422,CLI-00411,2026-02-01,uso_feature,3
EVT-007423,CLI-00428,2026-02-01,login,1
EVT-007424,CLI-00453,2026-02-01,login,2
EVT-007425,CLI-00468,2026-02-01,login,1
EVT-007426,CLI-00505,2026-02-01,descarga_reporte,5
EVT-007427,CLI-00506,2026-02-01,login,1
EVT-007428,CLI-00043,2026-02-02,uso_feature,3
EVT-007429,CLI-00081,2026-02-02,login,1
EVT-007430,CLI-00108,2026-02-02,login,1
EVT-007431,CLI-00117,2026-02-02,uso_feature,3
EVT-007432,CLI-00123,2026-02-02,descarga_reporte,5
EVT-007433,CLI-00139,2026-02-02,uso_feature,4
EVT-007434,CLI-00161,2026-02-02,descarga_reporte,5
EVT-007435,CLI-00173,2026-02-02,login,1
EVT-007436,CLI-00206,2026-02-02,login,1
EVT-007437,CLI-00216,2026-02-02,uso_feature,3
EVT-007438,CLI-00256,2026-02-02,descarga_reporte,5
EVT-007439,CLI-00260,2026-02-02,login,2
EVT-007440,CLI-00271,2026-02-02,uso_feature,3
EVT-007441,CLI-00306,2026-02-02,login,1
EVT-007442,CLI-00357,2026-02-02,uso_feature,3
EVT-007443,CLI-00359,2026-02-02,login,1
EVT-007444,CLI-00359,2026-02-02,uso_feature,3
EVT-007445,CLI-00388,2026-02-02,login,1
EVT-007446,CLI-00416,2026-02-02,uso_feature,4
EVT-007447,CLI-00416,2026-02-02,uso_feature,4
EVT-007448,CLI-00440,2026-02-02,login,1
EVT-007449,CLI-00453,2026-02-02,descarga_reporte,5
EVT-007450,CLI-00458,2026-02-02,login,1
EVT-007451,CLI-00505,2026-02-02,login,2
EVT-007452,CLI-00023,2026-02-03,uso_feature,3
EVT-007453,CLI-00039,2026-02-03,uso_feature,3
EVT-007454,CLI-00047,2026-02-03,descarga_reporte,6
EVT-007455,CLI-00055,2026-02-03,login,1
EVT-007456,CLI-00070,2026-02-03,login,1
EVT-007457,CLI-00090,2026-02-03,login,1
EVT-007458,CLI-00106,2026-02-03,login,2
EVT-007459,CLI-00108,2026-02-03,invitacion_usuario,9
EVT-007460,CLI-00139,2026-02-03,uso_feature,3
EVT-007461,CLI-00144,2026-02-03,uso_feature,3
EVT-007462,CLI-00149,2026-02-03,login,1
EVT-007463,CLI-00194,2026-02-03,login,1
EVT-007464,CLI-00218,2026-02-03,login,1
EVT-007465,CLI-00242,2026-02-03,login,2
EVT-007466,CLI-00337,2026-02-03,login,1
EVT-007467,CLI-00350,2026-02-03,login,2
EVT-007468,CLI-00382,2026-02-03,descarga_reporte,6
EVT-007469,CLI-00404,2026-02-03,uso_feature,4
EVT-007470,CLI-00429,2026-02-03,login,1
EVT-007471,CLI-00443,2026-02-03,descarga_reporte,6
EVT-007472,CLI-00457,2026-02-03,login,1
EVT-007473,CLI-00485,2026-02-03,uso_feature,4
EVT-007474,CLI-00509,2026-02-03,uso_feature,3
EVT-007475,CLI-00018,2026-02-04,uso_feature,3
EVT-007476,CLI-00028,2026-02-04,uso_feature,4
EVT-007477,CLI-00034,2026-02-04,uso_feature,3
EVT-007478,CLI-00035,2026-02-04,login,1
EVT-007479,CLI-00060,2026-02-04,login,2
EVT-007480,CLI-00066,2026-02-04,login,1
EVT-007481,CLI-00077,2026-02-04,login,1
EVT-007482,CLI-00123,2026-02-04,login,1
EVT-007483,CLI-00135,2026-02-04,login,2
EVT-007484,CLI-00226,2026-02-04,login,1
EVT-007485,CLI-00347,2026-02-04,login,2
EVT-007486,CLI-00358,2026-02-04,uso_feature,4
EVT-007487,CLI-00381,2026-02-04,uso_feature,4
EVT-007488,CLI-00393,2026-02-04,login,2
EVT-007489,CLI-00424,2026-02-04,login,1
EVT-007490,CLI-00045,2026-02-05,login,2
EVT-007491,CLI-00070,2026-02-05,login,2
EVT-007492,CLI-00081,2026-02-05,login,1
EVT-007493,CLI-00090,2026-02-05,login,1
EVT-007494,CLI-00123,2026-02-05,login,1
EVT-007495,CLI-00128,2026-02-05,uso_feature,3
EVT-007496,CLI-00172,2026-02-05,uso_feature,3
EVT-007497,CLI-00200,2026-02-05,uso_feature,3
EVT-007498,CLI-00233,2026-02-05,uso_feature,3
EVT-007499,CLI-00238,2026-02-05,uso_feature,3
EVT-007500,CLI-00242,2026-02-05,login,1
EVT-007501,CLI-00247,2026-02-05,login,1
EVT-007502,CLI-00289,2026-02-05,descarga_reporte,5
EVT-007503,CLI-00357,2026-02-05,login,1
EVT-007504,CLI-00393,2026-02-05,login,1
EVT-007505,CLI-00398,2026-02-05,login,1
EVT-007506,CLI-00446,2026-02-05,invitacion_usuario,8
EVT-007507,CLI-00016,2026-02-06,login,1
EVT-007508,CLI-00054,2026-02-06,login,1
EVT-007509,CLI-00084,2026-02-06,invitacion_usuario,8
EVT-007510,CLI-00088,2026-02-06,invitacion_usuario,8
EVT-007511,CLI-00106,2026-02-06,uso_feature,4
EVT-007512,CLI-00115,2026-02-06,login,1
EVT-007513,CLI-00196,2026-02-06,login,1
EVT-007514,CLI-00211,2026-02-06,invitacion_usuario,8
EVT-007515,CLI-00228,2026-02-06,descarga_reporte,5
EVT-007516,CLI-00238,2026-02-06,descarga_reporte,6
EVT-007517,CLI-00272,2026-02-06,login,1
EVT-007518,CLI-00317,2026-02-06,login,1
EVT-007519,CLI-00337,2026-02-06,login,2
EVT-007520,CLI-00339,2026-02-06,uso_feature,3
EVT-007521,CLI-00341,2026-02-06,login,1
EVT-007522,CLI-00381,2026-02-06,descarga_reporte,5
EVT-007523,CLI-00424,2026-02-06,uso_feature,3
EVT-007524,CLI-00452,2026-02-06,login,2
EVT-007525,CLI-00018,2026-02-07,uso_feature,3
EVT-007526,CLI-00035,2026-02-07,login,1
EVT-007527,CLI-00058,2026-02-07,login,1
EVT-007528,CLI-00066,2026-02-07,login,2
EVT-007529,CLI-00090,2026-02-07,uso_feature,4
EVT-007530,CLI-00096,2026-02-07,login,1
EVT-007531,CLI-00096,2026-02-07,login,1
EVT-007532,CLI-00097,2026-02-07,uso_feature,4
EVT-007533,CLI-00144,2026-02-07,login,2
EVT-007534,CLI-00150,2026-02-07,login,1
EVT-007535,CLI-00275,2026-02-07,uso_feature,3
EVT-007536,CLI-00290,2026-02-07,uso_feature,3
EVT-007537,CLI-00306,2026-02-07,invitacion_usuario,9
EVT-007538,CLI-00354,2026-02-07,login,1
EVT-007539,CLI-00359,2026-02-07,login,2
EVT-007540,CLI-00379,2026-02-07,invitacion_usuario,8
EVT-007541,CLI-00388,2026-02-07,login,1
EVT-007542,CLI-00396,2026-02-07,login,2
EVT-007543,CLI-00410,2026-02-07,invitacion_usuario,9
EVT-007544,CLI-00415,2026-02-07,descarga_reporte,5
EVT-007545,CLI-00431,2026-02-07,login,1
EVT-007546,CLI-00433,2026-02-07,login,1
EVT-007547,CLI-00433,2026-02-07,login,1
EVT-007548,CLI-00508,2026-02-07,login,1
EVT-007549,CLI-00508,2026-02-07,login,1
EVT-007550,CLI-00081,2026-02-08,login,1
EVT-007551,CLI-00115,2026-02-08,uso_feature,3
EVT-007552,CLI-00136,2026-02-08,login,1
EVT-007553,CLI-00179,2026-02-08,login,2
EVT-007554,CLI-00225,2026-02-08,login,1
EVT-007555,CLI-00226,2026-02-08,invitacion_usuario,8
EVT-007556,CLI-00240,2026-02-08,uso_feature,3
EVT-007557,CLI-00257,2026-02-08,login,2
EVT-007558,CLI-00290,2026-02-08,login,1
EVT-007559,CLI-00341,2026-02-08,login,1
EVT-007560,CLI-00344,2026-02-08,descarga_reporte,5
EVT-007561,CLI-00367,2026-02-08,login,1
EVT-007562,CLI-00371,2026-02-08,uso_feature,3
EVT-007563,CLI-00394,2026-02-08,login,2
EVT-007564,CLI-00425,2026-02-08,uso_feature,4
EVT-007565,CLI-00443,2026-02-08,login,1
EVT-007566,CLI-00453,2026-02-08,login,1
EVT-007567,CLI-00455,2026-02-08,login,1
EVT-007568,CLI-00004,2026-02-09,login,2
EVT-007569,CLI-00039,2026-02-09,login,1
EVT-007570,CLI-00041,2026-02-09,invitacion_usuario,8
EVT-007571,CLI-00077,2026-02-09,descarga_reporte,5
EVT-007572,CLI-00104,2026-02-09,descarga_reporte,6
EVT-007573,CLI-00109,2026-02-09,descarga_reporte,5
EVT-007574,CLI-00142,2026-02-09,login,2
EVT-007575,CLI-00145,2026-02-09,descarga_reporte,6
EVT-007576,CLI-00189,2026-02-09,invitacion_usuario,8
EVT-007577,CLI-00191,2026-02-09,descarga_reporte,5
EVT-007578,CLI-00203,2026-02-09,uso_feature,3
EVT-007579,CLI-00242,2026-02-09,login,2
EVT-007580,CLI-00272,2026-02-09,descarga_reporte,6
EVT-007581,CLI-00333,2026-02-09,uso_feature,3
EVT-007582,CLI-00337,2026-02-09,login,1
EVT-007583,CLI-00342,2026-02-09,descarga_reporte,5
EVT-007584,CLI-00390,2026-02-09,descarga_reporte,5
EVT-007585,CLI-00396,2026-02-09,descarga_reporte,5
EVT-007586,CLI-00424,2026-02-09,uso_feature,3
EVT-007587,CLI-00435,2026-02-09,uso_feature,4
EVT-007588,CLI-00435,2026-02-09,descarga_reporte,5
EVT-007589,CLI-00046,2026-02-10,login,2
EVT-007590,CLI-00149,2026-02-10,uso_feature,3
EVT-007591,CLI-00257,2026-02-10,login,1
EVT-007592,CLI-00257,2026-02-10,invitacion_usuario,9
EVT-007593,CLI-00260,2026-02-10,uso_feature,4
EVT-007594,CLI-00271,2026-02-10,uso_feature,3
EVT-007595,CLI-00290,2026-02-10,uso_feature,4
EVT-007596,CLI-00342,2026-02-10,login,1
EVT-007597,CLI-00347,2026-02-10,uso_feature,4
EVT-007598,CLI-00369,2026-02-10,descarga_reporte,5
EVT-007599,CLI-00388,2026-02-10,login,1
EVT-007600,CLI-00433,2026-02-10,login,1
EVT-007601,CLI-00501,2026-02-10,invitacion_usuario,9
EVT-007602,CLI-00509,2026-02-10,uso_feature,4
EVT-007603,CLI-00045,2026-02-11,descarga_reporte,6
EVT-007604,CLI-00047,2026-02-11,uso_feature,4
EVT-007605,CLI-00090,2026-02-11,login,2
EVT-007606,CLI-00096,2026-02-11,uso_feature,4
EVT-007607,CLI-00123,2026-02-11,uso_feature,3
EVT-007608,CLI-00131,2026-02-11,login,2
EVT-007609,CLI-00142,2026-02-11,descarga_reporte,5
EVT-007610,CLI-00149,2026-02-11,login,1
EVT-007611,CLI-00151,2026-02-11,uso_feature,4
EVT-007612,CLI-00175,2026-02-11,uso_feature,4
EVT-007613,CLI-00191,2026-02-11,uso_feature,3
EVT-007614,CLI-00191,2026-02-11,login,1
EVT-007615,CLI-00228,2026-02-11,login,1
EVT-007616,CLI-00233,2026-02-11,uso_feature,3
EVT-007617,CLI-00257,2026-02-11,login,2
EVT-007618,CLI-00337,2026-02-11,descarga_reporte,6
EVT-007619,CLI-00437,2026-02-11,login,1
EVT-007620,CLI-00440,2026-02-11,uso_feature,3
EVT-007621,CLI-00458,2026-02-11,uso_feature,3
EVT-007622,CLI-00500,2026-02-11,descarga_reporte,5
EVT-007623,CLI-00018,2026-02-12,uso_feature,4
EVT-007624,CLI-00070,2026-02-12,uso_feature,4
EVT-007625,CLI-00081,2026-02-12,uso_feature,3
EVT-007626,CLI-00123,2026-02-12,login,1
EVT-007627,CLI-00139,2026-02-12,login,1
EVT-007628,CLI-00216,2026-02-12,login,1
EVT-007629,CLI-00220,2026-02-12,login,1
EVT-007630,CLI-00235,2026-02-12,descarga_reporte,6
EVT-007631,CLI-00250,2026-02-12,uso_feature,4
EVT-007632,CLI-00275,2026-02-12,descarga_reporte,6
EVT-007633,CLI-00337,2026-02-12,descarga_reporte,5
EVT-007634,CLI-00343,2026-02-12,login,1
EVT-007635,CLI-00347,2026-02-12,login,1
EVT-007636,CLI-00367,2026-02-12,invitacion_usuario,8
EVT-007637,CLI-00376,2026-02-12,login,1
EVT-007638,CLI-00390,2026-02-12,descarga_reporte,5
EVT-007639,CLI-00398,2026-02-12,descarga_reporte,5
EVT-007640,CLI-00410,2026-02-12,uso_feature,3
EVT-007641,CLI-00501,2026-02-12,login,1
EVT-007642,CLI-00508,2026-02-12,login,1
EVT-007643,CLI-00509,2026-02-12,descarga_reporte,5
EVT-007644,CLI-00509,2026-02-12,uso_feature,3
EVT-007645,CLI-00003,2026-02-13,uso_feature,3
EVT-007646,CLI-00039,2026-02-13,descarga_reporte,5
EVT-007647,CLI-00059,2026-02-13,uso_feature,3
EVT-007648,CLI-00077,2026-02-13,login,1
EVT-007649,CLI-00080,2026-02-13,login,1
EVT-007650,CLI-00106,2026-02-13,login,2
EVT-007651,CLI-00107,2026-02-13,uso_feature,4
EVT-007652,CLI-00115,2026-02-13,login,1
EVT-007653,CLI-00128,2026-02-13,uso_feature,3
EVT-007654,CLI-00142,2026-02-13,uso_feature,4
EVT-007655,CLI-00149,2026-02-13,uso_feature,3
EVT-007656,CLI-00150,2026-02-13,uso_feature,4
EVT-007657,CLI-00195,2026-02-13,uso_feature,4
EVT-007658,CLI-00200,2026-02-13,login,2
EVT-007659,CLI-00240,2026-02-13,login,2
EVT-007660,CLI-00247,2026-02-13,uso_feature,3
EVT-007661,CLI-00289,2026-02-13,login,1
EVT-007662,CLI-00290,2026-02-13,login,2
EVT-007663,CLI-00306,2026-02-13,uso_feature,4
EVT-007664,CLI-00333,2026-02-13,uso_feature,4
EVT-007665,CLI-00341,2026-02-13,uso_feature,3
EVT-007666,CLI-00367,2026-02-13,login,1
EVT-007667,CLI-00391,2026-02-13,login,1
EVT-007668,CLI-00431,2026-02-13,login,2
EVT-007669,CLI-00440,2026-02-13,login,1
EVT-007670,CLI-00468,2026-02-13,descarga_reporte,5
EVT-007671,CLI-00034,2026-02-14,uso_feature,3
EVT-007672,CLI-00036,2026-02-14,login,2
EVT-007673,CLI-00047,2026-02-14,login,1
EVT-007674,CLI-00077,2026-02-14,uso_feature,3
EVT-007675,CLI-00115,2026-02-14,login,1
EVT-007676,CLI-00135,2026-02-14,uso_feature,3
EVT-007677,CLI-00161,2026-02-14,login,1
EVT-007678,CLI-00196,2026-02-14,login,1
EVT-007679,CLI-00242,2026-02-14,uso_feature,3
EVT-007680,CLI-00271,2026-02-14,descarga_reporte,5
EVT-007681,CLI-00339,2026-02-14,login,2
EVT-007682,CLI-00339,2026-02-14,login,2
EVT-007683,CLI-00340,2026-02-14,uso_feature,3
EVT-007684,CLI-00399,2026-02-14,uso_feature,3
EVT-007685,CLI-00425,2026-02-14,login,1
EVT-007686,CLI-00501,2026-02-14,login,2
EVT-007687,CLI-00501,2026-02-14,login,2
EVT-007688,CLI-00003,2026-02-15,uso_feature,3
EVT-007689,CLI-00029,2026-02-15,uso_feature,3
EVT-007690,CLI-00145,2026-02-15,uso_feature,3
EVT-007691,CLI-00151,2026-02-15,login,1
EVT-007692,CLI-00163,2026-02-15,uso_feature,3
EVT-007693,CLI-00204,2026-02-15,uso_feature,3
EVT-007694,CLI-00228,2026-02-15,login,1
EVT-007695,CLI-00325,2026-02-15,uso_feature,4
EVT-007696,CLI-00332,2026-02-15,uso_feature,3
EVT-007697,CLI-00345,2026-02-15,uso_feature,3
EVT-007698,CLI-00354,2026-02-15,login,2
EVT-007699,CLI-00394,2026-02-15,login,1
EVT-007700,CLI-00396,2026-02-15,uso_feature,3
EVT-007701,CLI-00398,2026-02-15,uso_feature,3
EVT-007702,CLI-00433,2026-02-15,login,1
EVT-007703,CLI-00448,2026-02-15,login,2
EVT-007704,CLI-00458,2026-02-15,uso_feature,3
EVT-007705,CLI-00485,2026-02-15,login,1
EVT-007706,CLI-00485,2026-02-15,login,2
EVT-007707,CLI-00023,2026-02-16,login,2
EVT-007708,CLI-00039,2026-02-16,login,2
EVT-007709,CLI-00060,2026-02-16,login,2
EVT-007710,CLI-00080,2026-02-16,login,2
EVT-007711,CLI-00145,2026-02-16,descarga_reporte,6
EVT-007712,CLI-00148,2026-02-16,descarga_reporte,5
EVT-007713,CLI-00203,2026-02-16,uso_feature,4
EVT-007714,CLI-00228,2026-02-16,login,1
EVT-007715,CLI-00257,2026-02-16,login,2
EVT-007716,CLI-00265,2026-02-16,login,1
EVT-007717,CLI-00341,2026-02-16,login,2
EVT-007718,CLI-00345,2026-02-16,descarga_reporte,6
EVT-007719,CLI-00428,2026-02-16,login,1
EVT-007720,CLI-00453,2026-02-16,descarga_reporte,6
EVT-007721,CLI-00003,2026-02-17,login,1
EVT-007722,CLI-00018,2026-02-17,login,1
EVT-007723,CLI-00023,2026-02-17,uso_feature,4
EVT-007724,CLI-00034,2026-02-17,login,1
EVT-007725,CLI-00045,2026-02-17,login,1
EVT-007726,CLI-00054,2026-02-17,uso_feature,3
EVT-007727,CLI-00066,2026-02-17,login,1
EVT-007728,CLI-00080,2026-02-17,invitacion_usuario,9
EVT-007729,CLI-00149,2026-02-17,descarga_reporte,6
EVT-007730,CLI-00179,2026-02-17,uso_feature,4
EVT-007731,CLI-00199,2026-02-17,login,1
EVT-007732,CLI-00216,2026-02-17,login,2
EVT-007733,CLI-00220,2026-02-17,login,1
EVT-007734,CLI-00256,2026-02-17,uso_feature,4
EVT-007735,CLI-00325,2026-02-17,login,1
EVT-007736,CLI-00379,2026-02-17,uso_feature,3
EVT-007737,CLI-00388,2026-02-17,invitacion_usuario,9
EVT-007738,CLI-00433,2026-02-17,login,1
EVT-007739,CLI-00446,2026-02-17,login,2
EVT-007740,CLI-00457,2026-02-17,descarga_reporte,5
EVT-007741,CLI-00468,2026-02-17,uso_feature,4
EVT-007742,CLI-00484,2026-02-17,invitacion_usuario,8
EVT-007743,CLI-00485,2026-02-17,login,1
EVT-007744,CLI-00023,2026-02-18,login,1
EVT-007745,CLI-00043,2026-02-18,login,1
EVT-007746,CLI-00046,2026-02-18,descarga_reporte,5
EVT-007747,CLI-00106,2026-02-18,uso_feature,3
EVT-007748,CLI-00150,2026-02-18,login,1
EVT-007749,CLI-00170,2026-02-18,uso_feature,4
EVT-007750,CLI-00233,2026-02-18,uso_feature,3
EVT-007751,CLI-00264,2026-02-18,login,2
EVT-007752,CLI-00342,2026-02-18,descarga_reporte,5
EVT-007753,CLI-00345,2026-02-18,invitacion_usuario,9
EVT-007754,CLI-00384,2026-02-18,login,1
EVT-007755,CLI-00475,2026-02-18,uso_feature,3
EVT-007756,CLI-00490,2026-02-18,login,1
EVT-007757,CLI-00492,2026-02-18,uso_feature,4
EVT-007758,CLI-00028,2026-02-19,login,2
EVT-007759,CLI-00047,2026-02-19,descarga_reporte,5
EVT-007760,CLI-00058,2026-02-19,login,2
EVT-007761,CLI-00066,2026-02-19,login,1
EVT-007762,CLI-00108,2026-02-19,login,2
EVT-007763,CLI-00142,2026-02-19,login,1
EVT-007764,CLI-00144,2026-02-19,uso_feature,3
EVT-007765,CLI-00194,2026-02-19,login,2
EVT-007766,CLI-00200,2026-02-19,descarga_reporte,5
EVT-007767,CLI-00203,2026-02-19,uso_feature,3
EVT-007768,CLI-00235,2026-02-19,login,1
EVT-007769,CLI-00235,2026-02-19,login,1
EVT-007770,CLI-00240,2026-02-19,uso_feature,3
EVT-007771,CLI-00260,2026-02-19,login,1
EVT-007772,CLI-00394,2026-02-19,login,1
EVT-007773,CLI-00396,2026-02-19,descarga_reporte,6
EVT-007774,CLI-00446,2026-02-19,uso_feature,3
EVT-007775,CLI-00446,2026-02-19,login,2
EVT-007776,CLI-00448,2026-02-19,descarga_reporte,6
EVT-007777,CLI-00453,2026-02-19,login,1
EVT-007778,CLI-00018,2026-02-20,login,1
EVT-007779,CLI-00028,2026-02-20,uso_feature,3
EVT-007780,CLI-00130,2026-02-20,login,2
EVT-007781,CLI-00145,2026-02-20,uso_feature,3
EVT-007782,CLI-00150,2026-02-20,uso_feature,3
EVT-007783,CLI-00163,2026-02-20,login,1
EVT-007784,CLI-00203,2026-02-20,login,1
EVT-007785,CLI-00216,2026-02-20,login,2
EVT-007786,CLI-00248,2026-02-20,uso_feature,3
EVT-007787,CLI-00256,2026-02-20,uso_feature,4
EVT-007788,CLI-00279,2026-02-20,login,1
EVT-007789,CLI-00289,2026-02-20,descarga_reporte,5
EVT-007790,CLI-00317,2026-02-20,login,1
EVT-007791,CLI-00365,2026-02-20,uso_feature,3
EVT-007792,CLI-00381,2026-02-20,uso_feature,3
EVT-007793,CLI-00382,2026-02-20,descarga_reporte,5
EVT-007794,CLI-00415,2026-02-20,login,1
EVT-007795,CLI-00415,2026-02-20,descarga_reporte,5
EVT-007796,CLI-00452,2026-02-20,login,2
EVT-007797,CLI-00457,2026-02-20,uso_feature,3
EVT-007798,CLI-00503,2026-02-20,login,1
EVT-007799,CLI-00503,2026-02-20,login,1
EVT-007800,CLI-00029,2026-02-21,login,1
EVT-007801,CLI-00036,2026-02-21,uso_feature,4
EVT-007802,CLI-00045,2026-02-21,login,1
EVT-007803,CLI-00058,2026-02-21,uso_feature,3
EVT-007804,CLI-00080,2026-02-21,uso_feature,3
EVT-007805,CLI-00144,2026-02-21,descarga_reporte,6
EVT-007806,CLI-00196,2026-02-21,login,1
EVT-007807,CLI-00199,2026-02-21,login,1
EVT-007808,CLI-00238,2026-02-21,descarga_reporte,5
EVT-007809,CLI-00240,2026-02-21,descarga_reporte,5
EVT-007810,CLI-00264,2026-02-21,login,1
EVT-007811,CLI-00341,2026-02-21,login,1
EVT-007812,CLI-00342,2026-02-21,descarga_reporte,6
EVT-007813,CLI-00343,2026-02-21,uso_feature,3
EVT-007814,CLI-00343,2026-02-21,uso_feature,3
EVT-007815,CLI-00367,2026-02-21,uso_feature,4
EVT-007816,CLI-00490,2026-02-21,uso_feature,4
EVT-007817,CLI-00029,2026-02-22,invitacion_usuario,9
EVT-007818,CLI-00041,2026-02-22,uso_feature,3
EVT-007819,CLI-00046,2026-02-22,uso_feature,4
EVT-007820,CLI-00077,2026-02-22,login,2
EVT-007821,CLI-00080,2026-02-22,descarga_reporte,5
EVT-007822,CLI-00128,2026-02-22,login,1
EVT-007823,CLI-00235,2026-02-22,login,1
EVT-007824,CLI-00264,2026-02-22,uso_feature,3
EVT-007825,CLI-00264,2026-02-22,uso_feature,4
EVT-007826,CLI-00272,2026-02-22,login,1
EVT-007827,CLI-00357,2026-02-22,login,2
EVT-007828,CLI-00416,2026-02-22,uso_feature,3
EVT-007829,CLI-00440,2026-02-22,login,1
EVT-007830,CLI-00460,2026-02-22,login,1
EVT-007831,CLI-00484,2026-02-22,descarga_reporte,5
EVT-007832,CLI-00496,2026-02-22,login,1
EVT-007833,CLI-00503,2026-02-22,login,1
EVT-007834,CLI-00039,2026-02-23,login,1
EVT-007835,CLI-00128,2026-02-23,uso_feature,4
EVT-007836,CLI-00151,2026-02-23,login,1
EVT-007837,CLI-00164,2026-02-23,descarga_reporte,5
EVT-007838,CLI-00275,2026-02-23,login,1
EVT-007839,CLI-00279,2026-02-23,login,1
EVT-007840,CLI-00347,2026-02-23,login,1
EVT-007841,CLI-00384,2026-02-23,uso_feature,4
EVT-007842,CLI-00385,2026-02-23,uso_feature,3
EVT-007843,CLI-00410,2026-02-23,descarga_reporte,6
EVT-007844,CLI-00410,2026-02-23,uso_feature,4
EVT-007845,CLI-00428,2026-02-23,login,2
EVT-007846,CLI-00440,2026-02-23,descarga_reporte,6
EVT-007847,CLI-00484,2026-02-23,login,2
EVT-007848,CLI-00003,2026-02-24,uso_feature,3
EVT-007849,CLI-00006,2026-02-24,login,1
EVT-007850,CLI-00023,2026-02-24,login,1
EVT-007851,CLI-00045,2026-02-24,login,2
EVT-007852,CLI-00047,2026-02-24,login,1
EVT-007853,CLI-00052,2026-02-24,invitacion_usuario,8
EVT-007854,CLI-00073,2026-02-24,uso_feature,3
EVT-007855,CLI-00139,2026-02-24,login,2
EVT-007856,CLI-00142,2026-02-24,uso_feature,3
EVT-007857,CLI-00144,2026-02-24,descarga_reporte,5
EVT-007858,CLI-00157,2026-02-24,login,1
EVT-007859,CLI-00194,2026-02-24,login,1
EVT-007860,CLI-00220,2026-02-24,login,1
EVT-007861,CLI-00241,2026-02-24,descarga_reporte,5
EVT-007862,CLI-00272,2026-02-24,login,2
EVT-007863,CLI-00415,2026-02-24,login,1
EVT-007864,CLI-00429,2026-02-24,invitacion_usuario,9
EVT-007865,CLI-00448,2026-02-24,login,2
EVT-007866,CLI-00475,2026-02-24,login,1
EVT-007867,CLI-00027,2026-02-25,uso_feature,3
EVT-007868,CLI-00028,2026-02-25,invitacion_usuario,8
EVT-007869,CLI-00028,2026-02-25,uso_feature,4
EVT-007870,CLI-00046,2026-02-25,uso_feature,3
EVT-007871,CLI-00054,2026-02-25,uso_feature,3
EVT-007872,CLI-00081,2026-02-25,uso_feature,3
EVT-007873,CLI-00151,2026-02-25,uso_feature,4
EVT-007874,CLI-00169,2026-02-25,descarga_reporte,5
EVT-007875,CLI-00238,2026-02-25,login,1
EVT-007876,CLI-00271,2026-02-25,login,1
EVT-007877,CLI-00315,2026-02-25,login,1
EVT-007878,CLI-00317,2026-02-25,login,1
EVT-007879,CLI-00343,2026-02-25,login,1
EVT-007880,CLI-00410,2026-02-25,uso_feature,4
EVT-007881,CLI-00411,2026-02-25,uso_feature,4
EVT-007882,CLI-00468,2026-02-25,uso_feature,3
EVT-007883,CLI-00501,2026-02-25,descarga_reporte,5
EVT-007884,CLI-00041,2026-02-26,login,1
EVT-007885,CLI-00135,2026-02-26,login,1
EVT-007886,CLI-00150,2026-02-26,login,1
EVT-007887,CLI-00161,2026-02-26,descarga_reporte,5
EVT-007888,CLI-00191,2026-02-26,uso_feature,3
EVT-007889,CLI-00200,2026-02-26,descarga_reporte,5
EVT-007890,CLI-00225,2026-02-26,login,2
EVT-007891,CLI-00228,2026-02-26,descarga_reporte,5
EVT-007892,CLI-00247,2026-02-26,descarga_reporte,6
EVT-007893,CLI-00306,2026-02-26,login,1
EVT-007894,CLI-00414,2026-02-26,uso_feature,4
EVT-007895,CLI-00415,2026-02-26,uso_feature,4
EVT-007896,CLI-00431,2026-02-26,uso_feature,3
EVT-007897,CLI-00446,2026-02-26,login,1
EVT-007898,CLI-00488,2026-02-26,login,1
EVT-007899,CLI-00508,2026-02-26,login,2
EVT-007900,CLI-00509,2026-02-26,login,1
EVT-007901,CLI-00034,2026-02-27,descarga_reporte,6
EVT-007902,CLI-00043,2026-02-27,uso_feature,4
EVT-007903,CLI-00145,2026-02-27,login,2
EVT-007904,CLI-00169,2026-02-27,uso_feature,4
EVT-007905,CLI-00226,2026-02-27,login,1
EVT-007906,CLI-00241,2026-02-27,uso_feature,3
EVT-007907,CLI-00264,2026-02-27,invitacion_usuario,8
EVT-007908,CLI-00272,2026-02-27,login,1
EVT-007909,CLI-00333,2026-02-27,descarga_reporte,5
EVT-007910,CLI-00347,2026-02-27,login,2
EVT-007911,CLI-00394,2026-02-27,descarga_reporte,5
EVT-007912,CLI-00398,2026-02-27,login,1
EVT-007913,CLI-00411,2026-02-27,login,1
EVT-007914,CLI-00414,2026-02-27,login,2
EVT-007915,CLI-00508,2026-02-27,descarga_reporte,6
EVT-007916,CLI-00035,2026-02-28,descarga_reporte,6
EVT-007917,CLI-00051,2026-02-28,descarga_reporte,5
EVT-007918,CLI-00051,2026-02-28,uso_feature,3
EVT-007919,CLI-00175,2026-02-28,login,2
EVT-007920,CLI-00179,2026-02-28,descarga_reporte,5
EVT-007921,CLI-00196,2026-02-28,uso_feature,4
EVT-007922,CLI-00216,2026-02-28,uso_feature,3
EVT-007923,CLI-00238,2026-02-28,invitacion_usuario,8
EVT-007924,CLI-00242,2026-02-28,login,1
EVT-007925,CLI-00271,2026-02-28,invitacion_usuario,8
EVT-007926,CLI-00281,2026-02-28,login,2
EVT-007927,CLI-00325,2026-02-28,login,1
EVT-007928,CLI-00325,2026-02-28,uso_feature,3
EVT-007929,CLI-00333,2026-02-28,uso_feature,4
EVT-007930,CLI-00357,2026-02-28,login,1
EVT-007931,CLI-00365,2026-02-28,uso_feature,3
EVT-007932,CLI-00379,2026-02-28,uso_feature,3
EVT-007933,CLI-00381,2026-02-28,uso_feature,4
EVT-007934,CLI-00399,2026-02-28,login,2
EVT-007935,CLI-00428,2026-02-28,login,1
EVT-007936,CLI-00458,2026-02-28,login,2
EVT-007937,CLI-00485,2026-02-28,login,1
EVT-007938,CLI-00505,2026-02-28,login,1
EVT-007939,CLI-00054,2026-03-01,login,1
EVT-007940,CLI-00070,2026-03-01,login,1
EVT-007941,CLI-00169,2026-03-01,descarga_reporte,5
EVT-007942,CLI-00199,2026-03-01,uso_feature,3
EVT-007943,CLI-00216,2026-03-01,login,2
EVT-007944,CLI-00228,2026-03-01,uso_feature,3
EVT-007945,CLI-00240,2026-03-01,descarga_reporte,5
EVT-007946,CLI-00247,2026-03-01,uso_feature,3
EVT-007947,CLI-00275,2026-03-01,uso_feature,4
EVT-007948,CLI-00333,2026-03-01,uso_feature,3
EVT-007949,CLI-00341,2026-03-01,uso_feature,3
EVT-007950,CLI-00350,2026-03-01,invitacion_usuario,9
EVT-007951,CLI-00411,2026-03-01,login,1
EVT-007952,CLI-00443,2026-03-01,login,2
EVT-007953,CLI-00446,2026-03-01,descarga_reporte,6
EVT-007954,CLI-00455,2026-03-01,uso_feature,3
EVT-007955,CLI-00039,2026-03-02,login,1
EVT-007956,CLI-00045,2026-03-02,login,1
EVT-007957,CLI-00051,2026-03-02,uso_feature,3
EVT-007958,CLI-00059,2026-03-02,login,1
EVT-007959,CLI-00096,2026-03-02,uso_feature,4
EVT-007960,CLI-00106,2026-03-02,login,1
EVT-007961,CLI-00123,2026-03-02,descarga_reporte,6
EVT-007962,CLI-00135,2026-03-02,uso_feature,3
EVT-007963,CLI-00135,2026-03-02,login,1
EVT-007964,CLI-00172,2026-03-02,descarga_reporte,5
EVT-007965,CLI-00173,2026-03-02,uso_feature,3
EVT-007966,CLI-00191,2026-03-02,login,2
EVT-007967,CLI-00195,2026-03-02,descarga_reporte,6
EVT-007968,CLI-00200,2026-03-02,login,1
EVT-007969,CLI-00233,2026-03-02,login,2
EVT-007970,CLI-00238,2026-03-02,login,2
EVT-007971,CLI-00248,2026-03-02,login,1
EVT-007972,CLI-00359,2026-03-02,login,1
EVT-007973,CLI-00437,2026-03-02,login,1
EVT-007974,CLI-00506,2026-03-02,login,2
EVT-007975,CLI-00043,2026-03-03,login,1
EVT-007976,CLI-00090,2026-03-03,login,1
EVT-007977,CLI-00128,2026-03-03,uso_feature,4
EVT-007978,CLI-00135,2026-03-03,uso_feature,4
EVT-007979,CLI-00153,2026-03-03,uso_feature,4
EVT-007980,CLI-00172,2026-03-03,uso_feature,3
EVT-007981,CLI-00172,2026-03-03,invitacion_usuario,8
EVT-007982,CLI-00173,2026-03-03,login,1
EVT-007983,CLI-00388,2026-03-03,login,1
EVT-007984,CLI-00390,2026-03-03,uso_feature,3
EVT-007985,CLI-00411,2026-03-03,descarga_reporte,5
EVT-007986,CLI-00424,2026-03-03,login,2
EVT-007987,CLI-00448,2026-03-03,login,1
EVT-007988,CLI-00448,2026-03-03,uso_feature,4
EVT-007989,CLI-00488,2026-03-03,invitacion_usuario,8
EVT-007990,CLI-00046,2026-03-04,uso_feature,3
EVT-007991,CLI-00080,2026-03-04,uso_feature,3
EVT-007992,CLI-00145,2026-03-04,login,2
EVT-007993,CLI-00247,2026-03-04,uso_feature,3
EVT-007994,CLI-00257,2026-03-04,uso_feature,3
EVT-007995,CLI-00271,2026-03-04,invitacion_usuario,8
EVT-007996,CLI-00343,2026-03-04,login,2
EVT-007997,CLI-00350,2026-03-04,login,1
EVT-007998,CLI-00358,2026-03-04,login,1
EVT-007999,CLI-00399,2026-03-04,uso_feature,3
EVT-008000,CLI-00429,2026-03-04,login,1
EVT-008001,CLI-00458,2026-03-04,uso_feature,3
EVT-008002,CLI-00027,2026-03-05,login,1
EVT-008003,CLI-00107,2026-03-05,login,1
EVT-008004,CLI-00108,2026-03-05,uso_feature,3
EVT-008005,CLI-00131,2026-03-05,uso_feature,3
EVT-008006,CLI-00136,2026-03-05,login,2
EVT-008007,CLI-00150,2026-03-05,login,1
EVT-008008,CLI-00164,2026-03-05,login,2
EVT-008009,CLI-00265,2026-03-05,login,1
EVT-008010,CLI-00265,2026-03-05,descarga_reporte,6
EVT-008011,CLI-00275,2026-03-05,login,1
EVT-008012,CLI-00369,2026-03-05,login,2
EVT-008013,CLI-00381,2026-03-05,login,1
EVT-008014,CLI-00416,2026-03-05,login,2
EVT-008015,CLI-00416,2026-03-05,invitacion_usuario,8
EVT-008016,CLI-00428,2026-03-05,login,2
EVT-008017,CLI-00455,2026-03-05,uso_feature,4
EVT-008018,CLI-00457,2026-03-05,login,1
EVT-008019,CLI-00468,2026-03-05,login,1
EVT-008020,CLI-00492,2026-03-05,login,2
EVT-008021,CLI-00027,2026-03-06,login,1
EVT-008022,CLI-00051,2026-03-06,login,1
EVT-008023,CLI-00054,2026-03-06,login,1
EVT-008024,CLI-00058,2026-03-06,login,1
EVT-008025,CLI-00097,2026-03-06,uso_feature,3
EVT-008026,CLI-00131,2026-03-06,invitacion_usuario,9
EVT-008027,CLI-00135,2026-03-06,uso_feature,4
EVT-008028,CLI-00142,2026-03-06,uso_feature,4
EVT-008029,CLI-00144,2026-03-06,uso_feature,4
EVT-008030,CLI-00204,2026-03-06,uso_feature,3
EVT-008031,CLI-00240,2026-03-06,login,1
EVT-008032,CLI-00271,2026-03-06,descarga_reporte,5
EVT-008033,CLI-00279,2026-03-06,uso_feature,3
EVT-008034,CLI-00325,2026-03-06,uso_feature,4
EVT-008035,CLI-00339,2026-03-06,descarga_reporte,5
EVT-008036,CLI-00344,2026-03-06,login,1
EVT-008037,CLI-00410,2026-03-06,login,1
EVT-008038,CLI-00414,2026-03-06,login,1
EVT-008039,CLI-00425,2026-03-06,login,1
EVT-008040,CLI-00431,2026-03-06,descarga_reporte,5
EVT-008041,CLI-00468,2026-03-06,uso_feature,3
EVT-008042,CLI-00492,2026-03-06,uso_feature,3
EVT-008043,CLI-00506,2026-03-06,login,1
EVT-008044,CLI-00006,2026-03-07,login,1
EVT-008045,CLI-00039,2026-03-07,uso_feature,3
EVT-008046,CLI-00041,2026-03-07,descarga_reporte,5
EVT-008047,CLI-00055,2026-03-07,uso_feature,3
EVT-008048,CLI-00060,2026-03-07,login,1
EVT-008049,CLI-00128,2026-03-07,descarga_reporte,5
EVT-008050,CLI-00151,2026-03-07,login,1
EVT-008051,CLI-00179,2026-03-07,uso_feature,4
EVT-008052,CLI-00189,2026-03-07,login,2
EVT-008053,CLI-00204,2026-03-07,login,2
EVT-008054,CLI-00216,2026-03-07,login,2
EVT-008055,CLI-00317,2026-03-07,login,1
EVT-008056,CLI-00341,2026-03-07,login,2
EVT-008057,CLI-00376,2026-03-07,descarga_reporte,5
EVT-008058,CLI-00410,2026-03-07,login,2
EVT-008059,CLI-00429,2026-03-07,login,2
EVT-008060,CLI-00431,2026-03-07,login,1
EVT-008061,CLI-00446,2026-03-07,uso_feature,3
EVT-008062,CLI-00488,2026-03-07,login,2
EVT-008063,CLI-00023,2026-03-08,descarga_reporte,5
EVT-008064,CLI-00035,2026-03-08,login,1
EVT-008065,CLI-00043,2026-03-08,login,1
EVT-008066,CLI-00060,2026-03-08,login,1
EVT-008067,CLI-00073,2026-03-08,login,2
EVT-008068,CLI-00080,2026-03-08,invitacion_usuario,8
EVT-008069,CLI-00135,2026-03-08,login,1
EVT-008070,CLI-00136,2026-03-08,invitacion_usuario,8
EVT-008071,CLI-00142,2026-03-08,login,1
EVT-008072,CLI-00144,2026-03-08,login,2
EVT-008073,CLI-00161,2026-03-08,login,1
EVT-008074,CLI-00175,2026-03-08,login,1
EVT-008075,CLI-00194,2026-03-08,descarga_reporte,6
EVT-008076,CLI-00226,2026-03-08,descarga_reporte,5
EVT-008077,CLI-00240,2026-03-08,login,1
EVT-008078,CLI-00265,2026-03-08,descarga_reporte,6
EVT-008079,CLI-00279,2026-03-08,descarga_reporte,6
EVT-008080,CLI-00315,2026-03-08,login,2
EVT-008081,CLI-00358,2026-03-08,descarga_reporte,6
EVT-008082,CLI-00365,2026-03-08,invitacion_usuario,8
EVT-008083,CLI-00390,2026-03-08,login,2
EVT-008084,CLI-00393,2026-03-08,uso_feature,3
EVT-008085,CLI-00425,2026-03-08,uso_feature,3
EVT-008086,CLI-00431,2026-03-08,uso_feature,3
EVT-008087,CLI-00433,2026-03-08,login,1
EVT-008088,CLI-00437,2026-03-08,login,2
EVT-008089,CLI-00496,2026-03-08,login,2
EVT-008090,CLI-00501,2026-03-08,login,1
EVT-008091,CLI-00018,2026-03-09,login,1
EVT-008092,CLI-00028,2026-03-09,login,2
EVT-008093,CLI-00043,2026-03-09,descarga_reporte,5
EVT-008094,CLI-00046,2026-03-09,login,1
EVT-008095,CLI-00046,2026-03-09,uso_feature,3
EVT-008096,CLI-00080,2026-03-09,login,1
EVT-008097,CLI-00088,2026-03-09,invitacion_usuario,8
EVT-008098,CLI-00104,2026-03-09,descarga_reporte,5
EVT-008099,CLI-00107,2026-03-09,descarga_reporte,5
EVT-008100,CLI-00115,2026-03-09,invitacion_usuario,8
EVT-008101,CLI-00128,2026-03-09,login,2
EVT-008102,CLI-00136,2026-03-09,uso_feature,4
EVT-008103,CLI-00164,2026-03-09,descarga_reporte,5
EVT-008104,CLI-00191,2026-03-09,login,2
EVT-008105,CLI-00196,2026-03-09,login,2
EVT-008106,CLI-00218,2026-03-09,uso_feature,3
EVT-008107,CLI-00218,2026-03-09,login,1
EVT-008108,CLI-00250,2026-03-09,uso_feature,3
EVT-008109,CLI-00250,2026-03-09,descarga_reporte,6
EVT-008110,CLI-00256,2026-03-09,invitacion_usuario,9
EVT-008111,CLI-00337,2026-03-09,uso_feature,3
EVT-008112,CLI-00345,2026-03-09,descarga_reporte,5
EVT-008113,CLI-00345,2026-03-09,invitacion_usuario,9
EVT-008114,CLI-00359,2026-03-09,invitacion_usuario,8
EVT-008115,CLI-00027,2026-03-10,login,1
EVT-008116,CLI-00059,2026-03-10,login,1
EVT-008117,CLI-00107,2026-03-10,descarga_reporte,5
EVT-008118,CLI-00107,2026-03-10,login,1
EVT-008119,CLI-00139,2026-03-10,login,1
EVT-008120,CLI-00191,2026-03-10,login,1
EVT-008121,CLI-00203,2026-03-10,descarga_reporte,5
EVT-008122,CLI-00225,2026-03-10,descarga_reporte,5
EVT-008123,CLI-00228,2026-03-10,uso_feature,3
EVT-008124,CLI-00376,2026-03-10,uso_feature,3
EVT-008125,CLI-00399,2026-03-10,login,1
EVT-008126,CLI-00416,2026-03-10,invitacion_usuario,8
EVT-008127,CLI-00484,2026-03-10,login,1
EVT-008128,CLI-00492,2026-03-10,login,1
EVT-008129,CLI-00500,2026-03-10,login,1
EVT-008130,CLI-00509,2026-03-10,uso_feature,3
EVT-008131,CLI-00018,2026-03-11,login,2
EVT-008132,CLI-00023,2026-03-11,uso_feature,3
EVT-008133,CLI-00046,2026-03-11,uso_feature,3
EVT-008134,CLI-00059,2026-03-11,uso_feature,3
EVT-008135,CLI-00088,2026-03-11,login,1
EVT-008136,CLI-00123,2026-03-11,login,2
EVT-008137,CLI-00170,2026-03-11,uso_feature,3
EVT-008138,CLI-00179,2026-03-11,uso_feature,3
EVT-008139,CLI-00226,2026-03-11,uso_feature,3
EVT-008140,CLI-00248,2026-03-11,login,2
EVT-008141,CLI-00289,2026-03-11,uso_feature,3
EVT-008142,CLI-00290,2026-03-11,login,1
EVT-008143,CLI-00381,2026-03-11,descarga_reporte,6
EVT-008144,CLI-00411,2026-03-11,login,1
EVT-008145,CLI-00424,2026-03-11,descarga_reporte,5
EVT-008146,CLI-00431,2026-03-11,login,1
EVT-008147,CLI-00435,2026-03-11,descarga_reporte,6
EVT-008148,CLI-00440,2026-03-11,login,1
EVT-008149,CLI-00468,2026-03-11,descarga_reporte,5
EVT-008150,CLI-00468,2026-03-11,login,1
EVT-008151,CLI-00043,2026-03-12,descarga_reporte,6
EVT-008152,CLI-00052,2026-03-12,login,2
EVT-008153,CLI-00055,2026-03-12,descarga_reporte,5
EVT-008154,CLI-00097,2026-03-12,login,1
EVT-008155,CLI-00117,2026-03-12,descarga_reporte,5
EVT-008156,CLI-00151,2026-03-12,uso_feature,3
EVT-008157,CLI-00153,2026-03-12,login,2
EVT-008158,CLI-00163,2026-03-12,login,1
EVT-008159,CLI-00179,2026-03-12,login,1
EVT-008160,CLI-00189,2026-03-12,login,2
EVT-008161,CLI-00206,2026-03-12,invitacion_usuario,8
EVT-008162,CLI-00228,2026-03-12,descarga_reporte,6
EVT-008163,CLI-00238,2026-03-12,uso_feature,3
EVT-008164,CLI-00250,2026-03-12,descarga_reporte,5
EVT-008165,CLI-00256,2026-03-12,uso_feature,3
EVT-008166,CLI-00345,2026-03-12,uso_feature,3
EVT-008167,CLI-00371,2026-03-12,descarga_reporte,5
EVT-008168,CLI-00390,2026-03-12,descarga_reporte,5
EVT-008169,CLI-00391,2026-03-12,invitacion_usuario,9
EVT-008170,CLI-00396,2026-03-12,uso_feature,3
EVT-008171,CLI-00398,2026-03-12,login,1
EVT-008172,CLI-00455,2026-03-12,login,1
EVT-008173,CLI-00475,2026-03-12,uso_feature,4
EVT-008174,CLI-00046,2026-03-13,uso_feature,3
EVT-008175,CLI-00115,2026-03-13,uso_feature,3
EVT-008176,CLI-00115,2026-03-13,uso_feature,4
EVT-008177,CLI-00161,2026-03-13,login,2
EVT-008178,CLI-00216,2026-03-13,uso_feature,3
EVT-008179,CLI-00289,2026-03-13,login,2
EVT-008180,CLI-00342,2026-03-13,login,1
EVT-008181,CLI-00371,2026-03-13,invitacion_usuario,8
EVT-008182,CLI-00379,2026-03-13,login,1
EVT-008183,CLI-00416,2026-03-13,uso_feature,4
EVT-008184,CLI-00440,2026-03-13,uso_feature,3
EVT-008185,CLI-00446,2026-03-13,login,1
EVT-008186,CLI-00003,2026-03-14,login,1
EVT-008187,CLI-00029,2026-03-14,uso_feature,3
EVT-008188,CLI-00051,2026-03-14,login,2
EVT-008189,CLI-00080,2026-03-14,login,2
EVT-008190,CLI-00081,2026-03-14,uso_feature,4
EVT-008191,CLI-00084,2026-03-14,descarga_reporte,5
EVT-008192,CLI-00107,2026-03-14,login,1
EVT-008193,CLI-00130,2026-03-14,descarga_reporte,6
EVT-008194,CLI-00211,2026-03-14,descarga_reporte,5
EVT-008195,CLI-00220,2026-03-14,login,2
EVT-008196,CLI-00235,2026-03-14,descarga_reporte,5
EVT-008197,CLI-00238,2026-03-14,invitacion_usuario,9
EVT-008198,CLI-00240,2026-03-14,login,1
EVT-008199,CLI-00264,2026-03-14,login,1
EVT-008200,CLI-00279,2026-03-14,login,2
EVT-008201,CLI-00281,2026-03-14,uso_feature,4
EVT-008202,CLI-00333,2026-03-14,descarga_reporte,5
EVT-008203,CLI-00367,2026-03-14,uso_feature,3
EVT-008204,CLI-00379,2026-03-14,uso_feature,3
EVT-008205,CLI-00415,2026-03-14,uso_feature,3
EVT-008206,CLI-00424,2026-03-14,uso_feature,4
EVT-008207,CLI-00433,2026-03-14,login,2
EVT-008208,CLI-00440,2026-03-14,descarga_reporte,5
EVT-008209,CLI-00460,2026-03-14,login,1
EVT-008210,CLI-00488,2026-03-14,descarga_reporte,5
EVT-008211,CLI-00045,2026-03-15,uso_feature,4
EVT-008212,CLI-00045,2026-03-15,login,1
EVT-008213,CLI-00080,2026-03-15,login,1
EVT-008214,CLI-00106,2026-03-15,invitacion_usuario,9
EVT-008215,CLI-00115,2026-03-15,uso_feature,3
EVT-008216,CLI-00117,2026-03-15,invitacion_usuario,9
EVT-008217,CLI-00163,2026-03-15,login,1
EVT-008218,CLI-00170,2026-03-15,descarga_reporte,6
EVT-008219,CLI-00175,2026-03-15,descarga_reporte,6
EVT-008220,CLI-00199,2026-03-15,descarga_reporte,6
EVT-008221,CLI-00211,2026-03-15,descarga_reporte,6
EVT-008222,CLI-00257,2026-03-15,login,1
EVT-008223,CLI-00315,2026-03-15,descarga_reporte,6
EVT-008224,CLI-00339,2026-03-15,login,1
EVT-008225,CLI-00339,2026-03-15,descarga_reporte,5
EVT-008226,CLI-00340,2026-03-15,login,1
EVT-008227,CLI-00357,2026-03-15,login,1
EVT-008228,CLI-00381,2026-03-15,descarga_reporte,5
EVT-008229,CLI-00381,2026-03-15,uso_feature,3
EVT-008230,CLI-00382,2026-03-15,uso_feature,3
EVT-008231,CLI-00388,2026-03-15,uso_feature,4
EVT-008232,CLI-00393,2026-03-15,login,1
EVT-008233,CLI-00393,2026-03-15,login,2
EVT-008234,CLI-00424,2026-03-15,descarga_reporte,5
EVT-008235,CLI-00452,2026-03-15,uso_feature,3
EVT-008236,CLI-00460,2026-03-15,login,1
EVT-008237,CLI-00496,2026-03-15,uso_feature,3
EVT-008238,CLI-00501,2026-03-15,invitacion_usuario,9
EVT-008239,CLI-00041,2026-03-16,uso_feature,4
EVT-008240,CLI-00084,2026-03-16,descarga_reporte,5
EVT-008241,CLI-00106,2026-03-16,descarga_reporte,6
EVT-008242,CLI-00175,2026-03-16,login,1
EVT-008243,CLI-00203,2026-03-16,login,1
EVT-008244,CLI-00211,2026-03-16,invitacion_usuario,8
EVT-008245,CLI-00235,2026-03-16,descarga_reporte,6
EVT-008246,CLI-00260,2026-03-16,uso_feature,3
EVT-008247,CLI-00376,2026-03-16,login,1
EVT-008248,CLI-00394,2026-03-16,uso_feature,4
EVT-008249,CLI-00410,2026-03-16,invitacion_usuario,9
EVT-008250,CLI-00484,2026-03-16,login,1
EVT-008251,CLI-00485,2026-03-16,login,1
EVT-008252,CLI-00503,2026-03-16,uso_feature,3
EVT-008253,CLI-00003,2026-03-17,uso_feature,3
EVT-008254,CLI-00016,2026-03-17,login,1
EVT-008255,CLI-00034,2026-03-17,uso_feature,3
EVT-008256,CLI-00059,2026-03-17,uso_feature,3
EVT-008257,CLI-00073,2026-03-17,login,1
EVT-008258,CLI-00077,2026-03-17,login,1
EVT-008259,CLI-00096,2026-03-17,login,1
EVT-008260,CLI-00117,2026-03-17,login,1
EVT-008261,CLI-00144,2026-03-17,invitacion_usuario,8
EVT-008262,CLI-00172,2026-03-17,login,2
EVT-008263,CLI-00279,2026-03-17,uso_feature,3
EVT-008264,CLI-00333,2026-03-17,login,1
EVT-008265,CLI-00354,2026-03-17,invitacion_usuario,9
EVT-008266,CLI-00376,2026-03-17,login,2
EVT-008267,CLI-00376,2026-03-17,uso_feature,4
EVT-008268,CLI-00379,2026-03-17,login,1
EVT-008269,CLI-00385,2026-03-17,descarga_reporte,6
EVT-008270,CLI-00393,2026-03-17,uso_feature,4
EVT-008271,CLI-00424,2026-03-17,descarga_reporte,5
EVT-008272,CLI-00428,2026-03-17,uso_feature,4
EVT-008273,CLI-00460,2026-03-17,descarga_reporte,5
EVT-008274,CLI-00492,2026-03-17,uso_feature,3
EVT-008275,CLI-00506,2026-03-17,login,1
EVT-008276,CLI-00004,2026-03-18,uso_feature,3
EVT-008277,CLI-00066,2026-03-18,login,2
EVT-008278,CLI-00084,2026-03-18,login,1
EVT-008279,CLI-00136,2026-03-18,uso_feature,4
EVT-008280,CLI-00153,2026-03-18,login,1
EVT-008281,CLI-00240,2026-03-18,login,1
EVT-008282,CLI-00250,2026-03-18,descarga_reporte,5
EVT-008283,CLI-00359,2026-03-18,uso_feature,3
EVT-008284,CLI-00359,2026-03-18,uso_feature,3
EVT-008285,CLI-00382,2026-03-18,login,2
EVT-008286,CLI-00443,2026-03-18,uso_feature,3
EVT-008287,CLI-00505,2026-03-18,descarga_reporte,6
EVT-008288,CLI-00003,2026-03-19,login,1
EVT-008289,CLI-00023,2026-03-19,login,1
EVT-008290,CLI-00066,2026-03-19,login,1
EVT-008291,CLI-00077,2026-03-19,login,2
EVT-008292,CLI-00084,2026-03-19,login,1
EVT-008293,CLI-00096,2026-03-19,uso_feature,3
EVT-008294,CLI-00151,2026-03-19,login,1
EVT-008295,CLI-00153,2026-03-19,descarga_reporte,5
EVT-008296,CLI-00199,2026-03-19,uso_feature,3
EVT-008297,CLI-00242,2026-03-19,login,2
EVT-008298,CLI-00275,2026-03-19,login,2
EVT-008299,CLI-00315,2026-03-19,invitacion_usuario,8
EVT-008300,CLI-00337,2026-03-19,login,1
EVT-008301,CLI-00388,2026-03-19,login,1
EVT-008302,CLI-00388,2026-03-19,descarga_reporte,5
EVT-008303,CLI-00404,2026-03-19,login,2
EVT-008304,CLI-00437,2026-03-19,descarga_reporte,6
EVT-008305,CLI-00496,2026-03-19,descarga_reporte,5
EVT-008306,CLI-00023,2026-03-20,uso_feature,4
EVT-008307,CLI-00028,2026-03-20,invitacion_usuario,9
EVT-008308,CLI-00051,2026-03-20,uso_feature,3
EVT-008309,CLI-00055,2026-03-20,login,1
EVT-008310,CLI-00060,2026-03-20,invitacion_usuario,8
EVT-008311,CLI-00097,2026-03-20,login,2
EVT-008312,CLI-00104,2026-03-20,login,1
EVT-008313,CLI-00115,2026-03-20,login,2
EVT-008314,CLI-00173,2026-03-20,login,1
EVT-008315,CLI-00204,2026-03-20,login,1
EVT-008316,CLI-00226,2026-03-20,login,2
EVT-008317,CLI-00238,2026-03-20,descarga_reporte,6
EVT-008318,CLI-00248,2026-03-20,uso_feature,3
EVT-008319,CLI-00256,2026-03-20,login,1
EVT-008320,CLI-00272,2026-03-20,descarga_reporte,5
EVT-008321,CLI-00317,2026-03-20,invitacion_usuario,8
EVT-008322,CLI-00325,2026-03-20,uso_feature,4
EVT-008323,CLI-00345,2026-03-20,login,1
EVT-008324,CLI-00393,2026-03-20,descarga_reporte,5
EVT-008325,CLI-00396,2026-03-20,login,2
EVT-008326,CLI-00415,2026-03-20,login,1
EVT-008327,CLI-00429,2026-03-20,invitacion_usuario,9
EVT-008328,CLI-00435,2026-03-20,login,1
EVT-008329,CLI-00468,2026-03-20,login,1
EVT-008330,CLI-00475,2026-03-20,login,1
EVT-008331,CLI-00475,2026-03-20,invitacion_usuario,9
EVT-008332,CLI-00501,2026-03-20,invitacion_usuario,9
EVT-008333,CLI-00034,2026-03-21,descarga_reporte,6
EVT-008334,CLI-00047,2026-03-21,invitacion_usuario,9
EVT-008335,CLI-00106,2026-03-21,uso_feature,3
EVT-008336,CLI-00109,2026-03-21,login,1
EVT-008337,CLI-00150,2026-03-21,login,1
EVT-008338,CLI-00170,2026-03-21,login,1
EVT-008339,CLI-00199,2026-03-21,login,1
EVT-008340,CLI-00272,2026-03-21,login,1
EVT-008341,CLI-00281,2026-03-21,uso_feature,3
EVT-008342,CLI-00339,2026-03-21,login,1
EVT-008343,CLI-00379,2026-03-21,uso_feature,3
EVT-008344,CLI-00398,2026-03-21,login,1
EVT-008345,CLI-00404,2026-03-21,uso_feature,3
EVT-008346,CLI-00448,2026-03-21,invitacion_usuario,8
EVT-008347,CLI-00475,2026-03-21,login,2
EVT-008348,CLI-00496,2026-03-21,login,1
EVT-008349,CLI-00039,2026-03-22,login,1
EVT-008350,CLI-00039,2026-03-22,login,2
EVT-008351,CLI-00055,2026-03-22,uso_feature,3
EVT-008352,CLI-00084,2026-03-22,uso_feature,4
EVT-008353,CLI-00142,2026-03-22,login,1
EVT-008354,CLI-00145,2026-03-22,uso_feature,4
EVT-008355,CLI-00151,2026-03-22,login,2
EVT-008356,CLI-00161,2026-03-22,uso_feature,3
EVT-008357,CLI-00172,2026-03-22,login,1
EVT-008358,CLI-00179,2026-03-22,uso_feature,3
EVT-008359,CLI-00216,2026-03-22,login,1
EVT-008360,CLI-00226,2026-03-22,descarga_reporte,5
EVT-008361,CLI-00238,2026-03-22,uso_feature,3
EVT-008362,CLI-00242,2026-03-22,uso_feature,3
EVT-008363,CLI-00242,2026-03-22,descarga_reporte,6
EVT-008364,CLI-00260,2026-03-22,login,1
EVT-008365,CLI-00281,2026-03-22,uso_feature,4
EVT-008366,CLI-00290,2026-03-22,login,1
EVT-008367,CLI-00325,2026-03-22,descarga_reporte,6
EVT-008368,CLI-00340,2026-03-22,uso_feature,3
EVT-008369,CLI-00345,2026-03-22,login,1
EVT-008370,CLI-00399,2026-03-22,uso_feature,3
EVT-008371,CLI-00411,2026-03-22,login,1
EVT-008372,CLI-00411,2026-03-22,login,1
EVT-008373,CLI-00429,2026-03-22,login,2
EVT-008374,CLI-00433,2026-03-22,uso_feature,4
EVT-008375,CLI-00440,2026-03-22,login,2
EVT-008376,CLI-00448,2026-03-22,descarga_reporte,5
EVT-008377,CLI-00455,2026-03-22,login,1
EVT-008378,CLI-00475,2026-03-22,login,1
EVT-008379,CLI-00485,2026-03-22,login,1
EVT-008380,CLI-00506,2026-03-22,login,1
EVT-008381,CLI-00027,2026-03-23,invitacion_usuario,8
EVT-008382,CLI-00036,2026-03-23,login,1
EVT-008383,CLI-00054,2026-03-23,uso_feature,3
EVT-008384,CLI-00058,2026-03-23,uso_feature,3
EVT-008385,CLI-00060,2026-03-23,uso_feature,4
EVT-008386,CLI-00090,2026-03-23,uso_feature,4
EVT-008387,CLI-00128,2026-03-23,descarga_reporte,6
EVT-008388,CLI-00139,2026-03-23,login,1
EVT-008389,CLI-00161,2026-03-23,descarga_reporte,5
EVT-008390,CLI-00163,2026-03-23,descarga_reporte,5
EVT-008391,CLI-00175,2026-03-23,invitacion_usuario,8
EVT-008392,CLI-00226,2026-03-23,login,1
EVT-008393,CLI-00260,2026-03-23,login,2
EVT-008394,CLI-00272,2026-03-23,invitacion_usuario,8
EVT-008395,CLI-00279,2026-03-23,uso_feature,4
EVT-008396,CLI-00325,2026-03-23,login,1
EVT-008397,CLI-00343,2026-03-23,uso_feature,4
EVT-008398,CLI-00344,2026-03-23,uso_feature,3
EVT-008399,CLI-00388,2026-03-23,descarga_reporte,5
EVT-008400,CLI-00396,2026-03-23,descarga_reporte,5
EVT-008401,CLI-00398,2026-03-23,login,2
EVT-008402,CLI-00448,2026-03-23,descarga_reporte,5
EVT-008403,CLI-00485,2026-03-23,login,2
EVT-008404,CLI-00485,2026-03-23,uso_feature,3
EVT-008405,CLI-00496,2026-03-23,login,1
EVT-008406,CLI-00506,2026-03-23,uso_feature,4
EVT-008407,CLI-00509,2026-03-23,login,1
EVT-008408,CLI-00016,2026-03-24,login,1
EVT-008409,CLI-00036,2026-03-24,uso_feature,3
EVT-008410,CLI-00117,2026-03-24,login,2
EVT-008411,CLI-00148,2026-03-24,login,1
EVT-008412,CLI-00151,2026-03-24,descarga_reporte,6
EVT-008413,CLI-00170,2026-03-24,invitacion_usuario,8
EVT-008414,CLI-00191,2026-03-24,login,1
EVT-008415,CLI-00228,2026-03-24,login,1
EVT-008416,CLI-00347,2026-03-24,login,2
EVT-008417,CLI-00410,2026-03-24,descarga_reporte,6
EVT-008418,CLI-00458,2026-03-24,login,1
EVT-008419,CLI-00490,2026-03-24,login,1
EVT-008420,CLI-00500,2026-03-24,login,1
EVT-008421,CLI-00508,2026-03-24,login,1
EVT-008422,CLI-00051,2026-03-25,login,1
EVT-008423,CLI-00088,2026-03-25,descarga_reporte,5
EVT-008424,CLI-00149,2026-03-25,descarga_reporte,6
EVT-008425,CLI-00179,2026-03-25,uso_feature,3
EVT-008426,CLI-00211,2026-03-25,login,1
EVT-008427,CLI-00216,2026-03-25,uso_feature,3
EVT-008428,CLI-00228,2026-03-25,uso_feature,3
EVT-008429,CLI-00233,2026-03-25,uso_feature,4
EVT-008430,CLI-00242,2026-03-25,login,1
EVT-008431,CLI-00242,2026-03-25,login,2
EVT-008432,CLI-00306,2026-03-25,login,1
EVT-008433,CLI-00384,2026-03-25,login,1
EVT-008434,CLI-00384,2026-03-25,login,2
EVT-008435,CLI-00394,2026-03-25,login,2
EVT-008436,CLI-00443,2026-03-25,uso_feature,4
EVT-008437,CLI-00446,2026-03-25,login,1
EVT-008438,CLI-00458,2026-03-25,login,2
EVT-008439,CLI-00485,2026-03-25,uso_feature,3
EVT-008440,CLI-00039,2026-03-26,uso_feature,4
EVT-008441,CLI-00043,2026-03-26,login,2
EVT-008442,CLI-00045,2026-03-26,login,1
EVT-008443,CLI-00060,2026-03-26,uso_feature,3
EVT-008444,CLI-00096,2026-03-26,invitacion_usuario,9
EVT-008445,CLI-00097,2026-03-26,login,2
EVT-008446,CLI-00097,2026-03-26,uso_feature,3
EVT-008447,CLI-00175,2026-03-26,login,1
EVT-008448,CLI-00191,2026-03-26,login,1
EVT-008449,CLI-00203,2026-03-26,invitacion_usuario,8
EVT-008450,CLI-00241,2026-03-26,login,2
EVT-008451,CLI-00315,2026-03-26,login,1
EVT-008452,CLI-00325,2026-03-26,uso_feature,3
EVT-008453,CLI-00339,2026-03-26,login,1
EVT-008454,CLI-00341,2026-03-26,uso_feature,4
EVT-008455,CLI-00347,2026-03-26,login,1
EVT-008456,CLI-00350,2026-03-26,uso_feature,4
EVT-008457,CLI-00443,2026-03-26,descarga_reporte,5
EVT-008458,CLI-00446,2026-03-26,login,1
EVT-008459,CLI-00452,2026-03-26,uso_feature,3
EVT-008460,CLI-00453,2026-03-26,uso_feature,4
EVT-008461,CLI-00455,2026-03-26,login,2
EVT-008462,CLI-00500,2026-03-26,login,1
EVT-008463,CLI-00027,2026-03-27,descarga_reporte,5
EVT-008464,CLI-00058,2026-03-27,uso_feature,4
EVT-008465,CLI-00070,2026-03-27,login,2
EVT-008466,CLI-00136,2026-03-27,uso_feature,3
EVT-008467,CLI-00164,2026-03-27,uso_feature,4
EVT-008468,CLI-00164,2026-03-27,descarga_reporte,5
EVT-008469,CLI-00211,2026-03-27,uso_feature,3
EVT-008470,CLI-00220,2026-03-27,uso_feature,4
EVT-008471,CLI-00235,2026-03-27,login,2
EVT-008472,CLI-00248,2026-03-27,invitacion_usuario,8
EVT-008473,CLI-00290,2026-03-27,uso_feature,4
EVT-008474,CLI-00358,2026-03-27,login,2
EVT-008475,CLI-00382,2026-03-27,login,2
EVT-008476,CLI-00398,2026-03-27,login,1
EVT-008477,CLI-00410,2026-03-27,login,2
EVT-008478,CLI-00429,2026-03-27,login,1
EVT-008479,CLI-00458,2026-03-27,login,1
EVT-008480,CLI-00503,2026-03-27,login,2
EVT-008481,CLI-00505,2026-03-27,login,1
EVT-008482,CLI-00006,2026-03-28,login,1
EVT-008483,CLI-00023,2026-03-28,login,1
EVT-008484,CLI-00035,2026-03-28,uso_feature,3
EVT-008485,CLI-00036,2026-03-28,login,1
EVT-008486,CLI-00045,2026-03-28,uso_feature,4
EVT-008487,CLI-00077,2026-03-28,uso_feature,3
EVT-008488,CLI-00106,2026-03-28,login,1
EVT-008489,CLI-00142,2026-03-28,uso_feature,3
EVT-008490,CLI-00203,2026-03-28,descarga_reporte,5
EVT-008491,CLI-00204,2026-03-28,uso_feature,3
EVT-008492,CLI-00233,2026-03-28,uso_feature,4
EVT-008493,CLI-00271,2026-03-28,login,1
EVT-008494,CLI-00272,2026-03-28,descarga_reporte,5
EVT-008495,CLI-00289,2026-03-28,login,1
EVT-008496,CLI-00357,2026-03-28,descarga_reporte,5
EVT-008497,CLI-00431,2026-03-28,login,2
EVT-008498,CLI-00501,2026-03-28,uso_feature,4
EVT-008499,CLI-00004,2026-04-01,login,1
EVT-008500,CLI-00028,2026-04-01,invitacion_usuario,8
EVT-008501,CLI-00052,2026-04-01,login,2
EVT-008502,CLI-00060,2026-04-01,login,1
EVT-008503,CLI-00109,2026-04-01,descarga_reporte,5
EVT-008504,CLI-00130,2026-04-01,login,1
EVT-008505,CLI-00161,2026-04-01,descarga_reporte,6
EVT-008506,CLI-00191,2026-04-01,login,2
EVT-008507,CLI-00199,2026-04-01,login,1
EVT-008508,CLI-00247,2026-04-01,uso_feature,3
EVT-008509,CLI-00393,2026-04-01,uso_feature,3
EVT-008510,CLI-00396,2026-04-01,uso_feature,3
EVT-008511,CLI-00410,2026-04-01,login,2
EVT-008512,CLI-00414,2026-04-01,invitacion_usuario,8
EVT-008513,CLI-00435,2026-04-01,descarga_reporte,5
EVT-008514,CLI-00004,2026-04-02,uso_feature,3
EVT-008515,CLI-00036,2026-04-02,descarga_reporte,5
EVT-008516,CLI-00039,2026-04-02,descarga_reporte,5
EVT-008517,CLI-00054,2026-04-02,descarga_reporte,6
EVT-008518,CLI-00060,2026-04-02,login,1
EVT-008519,CLI-00096,2026-04-02,login,1
EVT-008520,CLI-00109,2026-04-02,invitacion_usuario,8
EVT-008521,CLI-00130,2026-04-02,login,2
EVT-008522,CLI-00173,2026-04-02,login,1
EVT-008523,CLI-00179,2026-04-02,login,1
EVT-008524,CLI-00191,2026-04-02,login,1
EVT-008525,CLI-00194,2026-04-02,login,2
EVT-008526,CLI-00211,2026-04-02,login,2
EVT-008527,CLI-00226,2026-04-02,uso_feature,3
EVT-008528,CLI-00257,2026-04-02,invitacion_usuario,9
EVT-008529,CLI-00265,2026-04-02,uso_feature,4
EVT-008530,CLI-00271,2026-04-02,uso_feature,3
EVT-008531,CLI-00279,2026-04-02,uso_feature,4
EVT-008532,CLI-00347,2026-04-02,uso_feature,3
EVT-008533,CLI-00359,2026-04-02,login,1
EVT-008534,CLI-00382,2026-04-02,login,1
EVT-008535,CLI-00385,2026-04-02,invitacion_usuario,8
EVT-008536,CLI-00388,2026-04-02,uso_feature,4
EVT-008537,CLI-00388,2026-04-02,descarga_reporte,5
EVT-008538,CLI-00410,2026-04-02,login,1
EVT-008539,CLI-00490,2026-04-02,descarga_reporte,5
EVT-008540,CLI-00496,2026-04-02,descarga_reporte,5
EVT-008541,CLI-00505,2026-04-02,invitacion_usuario,9
EVT-008542,CLI-00034,2026-04-03,login,2
EVT-008543,CLI-00051,2026-04-03,login,1
EVT-008544,CLI-00066,2026-04-03,uso_feature,3
EVT-008545,CLI-00073,2026-04-03,login,1
EVT-008546,CLI-00073,2026-04-03,descarga_reporte,5
EVT-008547,CLI-00080,2026-04-03,login,1
EVT-008548,CLI-00081,2026-04-03,login,1
EVT-008549,CLI-00106,2026-04-03,descarga_reporte,5
EVT-008550,CLI-00130,2026-04-03,uso_feature,4
EVT-008551,CLI-00136,2026-04-03,descarga_reporte,5
EVT-008552,CLI-00150,2026-04-03,uso_feature,3
EVT-008553,CLI-00169,2026-04-03,login,1
EVT-008554,CLI-00169,2026-04-03,login,1
EVT-008555,CLI-00189,2026-04-03,uso_feature,3
EVT-008556,CLI-00196,2026-04-03,descarga_reporte,5
EVT-008557,CLI-00235,2026-04-03,login,2
EVT-008558,CLI-00242,2026-04-03,uso_feature,4
EVT-008559,CLI-00265,2026-04-03,login,1
EVT-008560,CLI-00317,2026-04-03,login,1
EVT-008561,CLI-00325,2026-04-03,login,1
EVT-008562,CLI-00341,2026-04-03,uso_feature,4
EVT-008563,CLI-00359,2026-04-03,login,2
EVT-008564,CLI-00365,2026-04-03,descarga_reporte,6
EVT-008565,CLI-00428,2026-04-03,descarga_reporte,5
EVT-008566,CLI-00468,2026-04-03,login,1
EVT-008567,CLI-00485,2026-04-03,invitacion_usuario,8
EVT-008568,CLI-00490,2026-04-03,uso_feature,3
EVT-008569,CLI-00505,2026-04-03,uso_feature,4
EVT-008570,CLI-00023,2026-04-04,descarga_reporte,5
EVT-008571,CLI-00039,2026-04-04,login,1
EVT-008572,CLI-00052,2026-04-04,uso_feature,3
EVT-008573,CLI-00058,2026-04-04,uso_feature,3
EVT-008574,CLI-00077,2026-04-04,login,2
EVT-008575,CLI-00139,2026-04-04,login,1
EVT-008576,CLI-00142,2026-04-04,login,2
EVT-008577,CLI-00195,2026-04-04,descarga_reporte,5
EVT-008578,CLI-00226,2026-04-04,login,2
EVT-008579,CLI-00347,2026-04-04,login,1
EVT-008580,CLI-00357,2026-04-04,uso_feature,3
EVT-008581,CLI-00367,2026-04-04,login,2
EVT-008582,CLI-00399,2026-04-04,descarga_reporte,5
EVT-008583,CLI-00415,2026-04-04,descarga_reporte,5
EVT-008584,CLI-00416,2026-04-04,invitacion_usuario,8
EVT-008585,CLI-00460,2026-04-04,invitacion_usuario,8
EVT-008586,CLI-00016,2026-04-05,login,2
EVT-008587,CLI-00029,2026-04-05,login,2
EVT-008588,CLI-00047,2026-04-05,login,1
EVT-008589,CLI-00054,2026-04-05,uso_feature,3
EVT-008590,CLI-00097,2026-04-05,descarga_reporte,5
EVT-008591,CLI-00108,2026-04-05,login,1
EVT-008592,CLI-00109,2026-04-05,login,2
EVT-008593,CLI-00115,2026-04-05,login,1
EVT-008594,CLI-00117,2026-04-05,login,1
EVT-008595,CLI-00194,2026-04-05,uso_feature,3
EVT-008596,CLI-00220,2026-04-05,uso_feature,4
EVT-008597,CLI-00281,2026-04-05,uso_feature,3
EVT-008598,CLI-00339,2026-04-05,uso_feature,3
EVT-008599,CLI-00371,2026-04-05,login,1
EVT-008600,CLI-00381,2026-04-05,login,2
EVT-008601,CLI-00414,2026-04-05,login,1
EVT-008602,CLI-00415,2026-04-05,login,1
EVT-008603,CLI-00425,2026-04-05,login,1
EVT-008604,CLI-00431,2026-04-05,login,1
EVT-008605,CLI-00437,2026-04-05,uso_feature,3
EVT-008606,CLI-00443,2026-04-05,login,1
EVT-008607,CLI-00484,2026-04-05,login,1
EVT-008608,CLI-00492,2026-04-05,uso_feature,3
EVT-008609,CLI-00003,2026-04-06,descarga_reporte,5
EVT-008610,CLI-00046,2026-04-06,login,1
EVT-008611,CLI-00077,2026-04-06,login,2
EVT-008612,CLI-00084,2026-04-06,login,1
EVT-008613,CLI-00090,2026-04-06,login,1
EVT-008614,CLI-00144,2026-04-06,login,1
EVT-008615,CLI-00191,2026-04-06,login,1
EVT-008616,CLI-00200,2026-04-06,descarga_reporte,6
EVT-008617,CLI-00260,2026-04-06,uso_feature,3
EVT-008618,CLI-00317,2026-04-06,login,1
EVT-008619,CLI-00358,2026-04-06,login,1
EVT-008620,CLI-00371,2026-04-06,uso_feature,4
EVT-008621,CLI-00385,2026-04-06,descarga_reporte,6
EVT-008622,CLI-00390,2026-04-06,uso_feature,3
EVT-008623,CLI-00394,2026-04-06,descarga_reporte,5
EVT-008624,CLI-00399,2026-04-06,login,1
EVT-008625,CLI-00428,2026-04-06,descarga_reporte,5
EVT-008626,CLI-00440,2026-04-06,login,1
EVT-008627,CLI-00458,2026-04-06,login,1
EVT-008628,CLI-00501,2026-04-06,login,2
EVT-008629,CLI-00018,2026-04-07,descarga_reporte,5
EVT-008630,CLI-00043,2026-04-07,descarga_reporte,5
EVT-008631,CLI-00045,2026-04-07,login,2
EVT-008632,CLI-00058,2026-04-07,uso_feature,4
EVT-008633,CLI-00088,2026-04-07,uso_feature,3
EVT-008634,CLI-00131,2026-04-07,login,1
EVT-008635,CLI-00139,2026-04-07,descarga_reporte,6
EVT-008636,CLI-00144,2026-04-07,login,1
EVT-008637,CLI-00225,2026-04-07,login,1
EVT-008638,CLI-00250,2026-04-07,login,1
EVT-008639,CLI-00272,2026-04-07,uso_feature,3
EVT-008640,CLI-00339,2026-04-07,uso_feature,3
EVT-008641,CLI-00343,2026-04-07,login,2
EVT-008642,CLI-00357,2026-04-07,login,1
EVT-008643,CLI-00396,2026-04-07,uso_feature,3
EVT-008644,CLI-00399,2026-04-07,login,1
EVT-008645,CLI-00404,2026-04-07,login,1
EVT-008646,CLI-00437,2026-04-07,login,1
EVT-008647,CLI-00468,2026-04-07,descarga_reporte,5
EVT-008648,CLI-00503,2026-04-07,login,1
EVT-008649,CLI-00018,2026-04-08,invitacion_usuario,8
EVT-008650,CLI-00041,2026-04-08,uso_feature,3
EVT-008651,CLI-00073,2026-04-08,login,1
EVT-008652,CLI-00084,2026-04-08,descarga_reporte,5
EVT-008653,CLI-00145,2026-04-08,login,1
EVT-008654,CLI-00150,2026-04-08,login,2
EVT-008655,CLI-00281,2026-04-08,uso_feature,3
EVT-008656,CLI-00281,2026-04-08,uso_feature,4
EVT-008657,CLI-00365,2026-04-08,uso_feature,4
EVT-008658,CLI-00365,2026-04-08,login,1
EVT-008659,CLI-00415,2026-04-08,uso_feature,3
EVT-008660,CLI-00433,2026-04-08,login,1
EVT-008661,CLI-00448,2026-04-08,login,1
EVT-008662,CLI-00453,2026-04-08,login,2
EVT-008663,CLI-00485,2026-04-08,uso_feature,3
EVT-008664,CLI-00501,2026-04-08,login,2
EVT-008665,CLI-00006,2026-04-09,login,1
EVT-008666,CLI-00145,2026-04-09,uso_feature,3
EVT-008667,CLI-00194,2026-04-09,uso_feature,3
EVT-008668,CLI-00200,2026-04-09,uso_feature,4
EVT-008669,CLI-00225,2026-04-09,uso_feature,3
EVT-008670,CLI-00240,2026-04-09,login,2
EVT-008671,CLI-00242,2026-04-09,uso_feature,3
EVT-008672,CLI-00275,2026-04-09,uso_feature,4
EVT-008673,CLI-00333,2026-04-09,login,1
EVT-008674,CLI-00371,2026-04-09,invitacion_usuario,8
EVT-008675,CLI-00376,2026-04-09,login,2
EVT-008676,CLI-00390,2026-04-09,uso_feature,3
EVT-008677,CLI-00416,2026-04-09,login,1
EVT-008678,CLI-00446,2026-04-09,uso_feature,3
EVT-008679,CLI-00453,2026-04-09,login,2
EVT-008680,CLI-00500,2026-04-09,login,1
EVT-008681,CLI-00027,2026-04-10,descarga_reporte,5
EVT-008682,CLI-00034,2026-04-10,uso_feature,4
EVT-008683,CLI-00059,2026-04-10,login,1
EVT-008684,CLI-00073,2026-04-10,login,1
EVT-008685,CLI-00097,2026-04-10,invitacion_usuario,8
EVT-008686,CLI-00117,2026-04-10,login,1
EVT-008687,CLI-00135,2026-04-10,login,2
EVT-008688,CLI-00164,2026-04-10,login,1
EVT-008689,CLI-00172,2026-04-10,login,1
EVT-008690,CLI-00196,2026-04-10,descarga_reporte,5
EVT-008691,CLI-00233,2026-04-10,login,1
EVT-008692,CLI-00275,2026-04-10,login,1
EVT-008693,CLI-00359,2026-04-10,login,1
EVT-008694,CLI-00376,2026-04-10,login,2
EVT-008695,CLI-00391,2026-04-10,uso_feature,4
EVT-008696,CLI-00391,2026-04-10,login,1
EVT-008697,CLI-00404,2026-04-10,login,2
EVT-008698,CLI-00411,2026-04-10,uso_feature,4
EVT-008699,CLI-00431,2026-04-10,uso_feature,4
EVT-008700,CLI-00485,2026-04-10,uso_feature,3
EVT-008701,CLI-00016,2026-04-11,login,1
EVT-008702,CLI-00016,2026-04-11,login,1
EVT-008703,CLI-00106,2026-04-11,login,2
EVT-008704,CLI-00130,2026-04-11,login,2
EVT-008705,CLI-00151,2026-04-11,login,1
EVT-008706,CLI-00164,2026-04-11,uso_feature,4
EVT-008707,CLI-00170,2026-04-11,descarga_reporte,5
EVT-008708,CLI-00204,2026-04-11,descarga_reporte,5
EVT-008709,CLI-00204,2026-04-11,uso_feature,3
EVT-008710,CLI-00216,2026-04-11,login,2
EVT-008711,CLI-00279,2026-04-11,descarga_reporte,5
EVT-008712,CLI-00317,2026-04-11,uso_feature,3
EVT-008713,CLI-00345,2026-04-11,login,1
EVT-008714,CLI-00354,2026-04-11,login,1
EVT-008715,CLI-00384,2026-04-11,invitacion_usuario,8
EVT-008716,CLI-00393,2026-04-11,login,2
EVT-008717,CLI-00396,2026-04-11,login,2
EVT-008718,CLI-00410,2026-04-11,uso_feature,3
EVT-008719,CLI-00414,2026-04-11,login,1
EVT-008720,CLI-00425,2026-04-11,descarga_reporte,5
EVT-008721,CLI-00431,2026-04-11,uso_feature,4
EVT-008722,CLI-00446,2026-04-11,uso_feature,3
EVT-008723,CLI-00460,2026-04-11,login,2
EVT-008724,CLI-00484,2026-04-11,uso_feature,3
EVT-008725,CLI-00505,2026-04-11,login,2
EVT-008726,CLI-00023,2026-04-12,login,2
EVT-008727,CLI-00027,2026-04-12,uso_feature,3
EVT-008728,CLI-00028,2026-04-12,login,1
EVT-008729,CLI-00081,2026-04-12,login,1
EVT-008730,CLI-00139,2026-04-12,descarga_reporte,5
EVT-008731,CLI-00170,2026-04-12,login,1
EVT-008732,CLI-00179,2026-04-12,login,1
EVT-008733,CLI-00271,2026-04-12,descarga_reporte,5
EVT-008734,CLI-00271,2026-04-12,login,1
EVT-008735,CLI-00339,2026-04-12,login,1
EVT-008736,CLI-00345,2026-04-12,login,1
EVT-008737,CLI-00382,2026-04-12,invitacion_usuario,8
EVT-008738,CLI-00501,2026-04-12,login,1
EVT-008739,CLI-00505,2026-04-12,login,1
EVT-008740,CLI-00036,2026-04-13,login,2
EVT-008741,CLI-00041,2026-04-13,uso_feature,3
EVT-008742,CLI-00051,2026-04-13,login,1
EVT-008743,CLI-00080,2026-04-13,descarga_reporte,6
EVT-008744,CLI-00090,2026-04-13,login,1
EVT-008745,CLI-00090,2026-04-13,uso_feature,3
EVT-008746,CLI-00107,2026-04-13,descarga_reporte,5
EVT-008747,CLI-00226,2026-04-13,login,1
EVT-008748,CLI-00233,2026-04-13,uso_feature,4
EVT-008749,CLI-00257,2026-04-13,uso_feature,3
EVT-008750,CLI-00290,2026-04-13,uso_feature,4
EVT-008751,CLI-00325,2026-04-13,uso_feature,3
EVT-008752,CLI-00337,2026-04-13,login,2
EVT-008753,CLI-00350,2026-04-13,login,1
EVT-008754,CLI-00358,2026-04-13,descarga_reporte,5
EVT-008755,CLI-00379,2026-04-13,login,2
EVT-008756,CLI-00424,2026-04-13,login,1
EVT-008757,CLI-00443,2026-04-13,login,2
EVT-008758,CLI-00468,2026-04-13,uso_feature,3
EVT-008759,CLI-00501,2026-04-13,login,1
EVT-008760,CLI-00016,2026-04-14,login,1
EVT-008761,CLI-00028,2026-04-14,descarga_reporte,6
EVT-008762,CLI-00035,2026-04-14,login,1
EVT-008763,CLI-00045,2026-04-14,login,1
EVT-008764,CLI-00066,2026-04-14,descarga_reporte,6
EVT-008765,CLI-00080,2026-04-14,login,1
EVT-008766,CLI-00142,2026-04-14,login,1
EVT-008767,CLI-00148,2026-04-14,login,1
EVT-008768,CLI-00179,2026-04-14,uso_feature,4
EVT-008769,CLI-00191,2026-04-14,uso_feature,3
EVT-008770,CLI-00200,2026-04-14,login,2
EVT-008771,CLI-00256,2026-04-14,uso_feature,4
EVT-008772,CLI-00260,2026-04-14,login,1
EVT-008773,CLI-00342,2026-04-14,login,1
EVT-008774,CLI-00358,2026-04-14,login,1
EVT-008775,CLI-00367,2026-04-14,login,1
EVT-008776,CLI-00381,2026-04-14,login,1
EVT-008777,CLI-00388,2026-04-14,descarga_reporte,5
EVT-008778,CLI-00393,2026-04-14,login,2
EVT-008779,CLI-00399,2026-04-14,login,2
EVT-008780,CLI-00460,2026-04-14,uso_feature,3
EVT-008781,CLI-00027,2026-04-15,login,2
EVT-008782,CLI-00028,2026-04-15,login,2
EVT-008783,CLI-00034,2026-04-15,descarga_reporte,5
EVT-008784,CLI-00055,2026-04-15,login,1
EVT-008785,CLI-00088,2026-04-15,login,2
EVT-008786,CLI-00097,2026-04-15,uso_feature,3
EVT-008787,CLI-00104,2026-04-15,login,1
EVT-008788,CLI-00172,2026-04-15,login,1
EVT-008789,CLI-00220,2026-04-15,descarga_reporte,6
EVT-008790,CLI-00248,2026-04-15,login,2
EVT-008791,CLI-00257,2026-04-15,login,2
EVT-008792,CLI-00306,2026-04-15,login,2
EVT-008793,CLI-00379,2026-04-15,login,2
EVT-008794,CLI-00390,2026-04-15,login,1
EVT-008795,CLI-00396,2026-04-15,invitacion_usuario,8
EVT-008796,CLI-00396,2026-04-15,descarga_reporte,5
EVT-008797,CLI-00399,2026-04-15,login,1
EVT-008798,CLI-00435,2026-04-15,invitacion_usuario,8
EVT-008799,CLI-00452,2026-04-15,descarga_reporte,5
EVT-008800,CLI-00455,2026-04-15,login,1
EVT-008801,CLI-00488,2026-04-15,login,2
EVT-008802,CLI-00051,2026-04-16,login,1
EVT-008803,CLI-00128,2026-04-16,login,2
EVT-008804,CLI-00142,2026-04-16,login,1
EVT-008805,CLI-00235,2026-04-16,uso_feature,4
EVT-008806,CLI-00264,2026-04-16,login,1
EVT-008807,CLI-00281,2026-04-16,uso_feature,3
EVT-008808,CLI-00376,2026-04-16,login,1
EVT-008809,CLI-00411,2026-04-16,invitacion_usuario,8
EVT-008810,CLI-00437,2026-04-16,uso_feature,4
EVT-008811,CLI-00496,2026-04-16,login,2
EVT-008812,CLI-00500,2026-04-16,login,1
EVT-008813,CLI-00509,2026-04-16,uso_feature,3
EVT-008814,CLI-00003,2026-04-17,descarga_reporte,5
EVT-008815,CLI-00131,2026-04-17,uso_feature,3
EVT-008816,CLI-00149,2026-04-17,descarga_reporte,5
EVT-008817,CLI-00169,2026-04-17,uso_feature,3
EVT-008818,CLI-00173,2026-04-17,login,2
EVT-008819,CLI-00195,2026-04-17,descarga_reporte,5
EVT-008820,CLI-00195,2026-04-17,login,1
EVT-008821,CLI-00196,2026-04-17,uso_feature,3
EVT-008822,CLI-00220,2026-04-17,uso_feature,4
EVT-008823,CLI-00241,2026-04-17,uso_feature,4
EVT-008824,CLI-00260,2026-04-17,login,1
EVT-008825,CLI-00342,2026-04-17,login,2
EVT-008826,CLI-00381,2026-04-17,descarga_reporte,5
EVT-008827,CLI-00416,2026-04-17,login,2
EVT-008828,CLI-00448,2026-04-17,login,1
EVT-008829,CLI-00460,2026-04-17,uso_feature,3
EVT-008830,CLI-00488,2026-04-17,login,1
EVT-008831,CLI-00035,2026-04-18,uso_feature,3
EVT-008832,CLI-00043,2026-04-18,uso_feature,3
EVT-008833,CLI-00046,2026-04-18,uso_feature,3
EVT-008834,CLI-00058,2026-04-18,login,1
EVT-008835,CLI-00088,2026-04-18,uso_feature,4
EVT-008836,CLI-00107,2026-04-18,uso_feature,4
EVT-008837,CLI-00115,2026-04-18,login,2
EVT-008838,CLI-00153,2026-04-18,descarga_reporte,6
EVT-008839,CLI-00179,2026-04-18,login,2
EVT-008840,CLI-00189,2026-04-18,login,1
EVT-008841,CLI-00240,2026-04-18,descarga_reporte,6
EVT-008842,CLI-00257,2026-04-18,uso_feature,3
EVT-008843,CLI-00265,2026-04-18,uso_feature,3
EVT-008844,CLI-00290,2026-04-18,login,1
EVT-008845,CLI-00290,2026-04-18,uso_feature,3
EVT-008846,CLI-00333,2026-04-18,login,2
EVT-008847,CLI-00359,2026-04-18,login,1
EVT-008848,CLI-00367,2026-04-18,invitacion_usuario,9
EVT-008849,CLI-00369,2026-04-18,login,2
EVT-008850,CLI-00384,2026-04-18,login,1
EVT-008851,CLI-00425,2026-04-18,descarga_reporte,6
EVT-008852,CLI-00440,2026-04-18,login,1
EVT-008853,CLI-00443,2026-04-18,login,1
EVT-008854,CLI-00455,2026-04-18,uso_feature,4
EVT-008855,CLI-00458,2026-04-18,invitacion_usuario,9
EVT-008856,CLI-00500,2026-04-18,uso_feature,3
EVT-008857,CLI-00503,2026-04-18,descarga_reporte,5
EVT-008858,CLI-00023,2026-04-19,login,1
EVT-008859,CLI-00058,2026-04-19,uso_feature,3
EVT-008860,CLI-00060,2026-04-19,uso_feature,3
EVT-008861,CLI-00080,2026-04-19,uso_feature,3
EVT-008862,CLI-00108,2026-04-19,uso_feature,3
EVT-008863,CLI-00161,2026-04-19,uso_feature,4
EVT-008864,CLI-00163,2026-04-19,uso_feature,3
EVT-008865,CLI-00247,2026-04-19,uso_feature,3
EVT-008866,CLI-00275,2026-04-19,invitacion_usuario,8
EVT-008867,CLI-00279,2026-04-19,descarga_reporte,5
EVT-008868,CLI-00337,2026-04-19,uso_feature,3
EVT-008869,CLI-00347,2026-04-19,descarga_reporte,5
EVT-008870,CLI-00365,2026-04-19,uso_feature,3
EVT-008871,CLI-00379,2026-04-19,login,1
EVT-008872,CLI-00390,2026-04-19,uso_feature,3
EVT-008873,CLI-00428,2026-04-19,login,1
EVT-008874,CLI-00435,2026-04-19,uso_feature,3
EVT-008875,CLI-00452,2026-04-19,login,2
EVT-008876,CLI-00453,2026-04-19,uso_feature,3
EVT-008877,CLI-00004,2026-04-20,login,1
EVT-008878,CLI-00034,2026-04-20,login,1
EVT-008879,CLI-00041,2026-04-20,login,2
EVT-008880,CLI-00051,2026-04-20,login,1
EVT-008881,CLI-00054,2026-04-20,uso_feature,4
EVT-008882,CLI-00055,2026-04-20,uso_feature,3
EVT-008883,CLI-00081,2026-04-20,login,2
EVT-008884,CLI-00084,2026-04-20,login,2
EVT-008885,CLI-00107,2026-04-20,uso_feature,3
EVT-008886,CLI-00145,2026-04-20,descarga_reporte,5
EVT-008887,CLI-00145,2026-04-20,login,1
EVT-008888,CLI-00164,2026-04-20,uso_feature,3
EVT-008889,CLI-00194,2026-04-20,descarga_reporte,5
EVT-008890,CLI-00204,2026-04-20,uso_feature,4
EVT-008891,CLI-00226,2026-04-20,login,1
EVT-008892,CLI-00256,2026-04-20,uso_feature,4
EVT-008893,CLI-00271,2026-04-20,login,1
EVT-008894,CLI-00275,2026-04-20,login,2
EVT-008895,CLI-00275,2026-04-20,uso_feature,4
EVT-008896,CLI-00347,2026-04-20,login,1
EVT-008897,CLI-00357,2026-04-20,descarga_reporte,5
EVT-008898,CLI-00376,2026-04-20,login,1
EVT-008899,CLI-00382,2026-04-20,login,1
EVT-008900,CLI-00390,2026-04-20,invitacion_usuario,9
EVT-008901,CLI-00393,2026-04-20,uso_feature,3
EVT-008902,CLI-00453,2026-04-20,login,1
EVT-008903,CLI-00468,2026-04-20,uso_feature,4
EVT-008904,CLI-00503,2026-04-20,descarga_reporte,5
EVT-008905,CLI-00043,2026-04-21,login,1
EVT-008906,CLI-00081,2026-04-21,uso_feature,3
EVT-008907,CLI-00106,2026-04-21,invitacion_usuario,9
EVT-008908,CLI-00145,2026-04-21,uso_feature,3
EVT-008909,CLI-00153,2026-04-21,uso_feature,4
EVT-008910,CLI-00189,2026-04-21,descarga_reporte,6
EVT-008911,CLI-00196,2026-04-21,login,1
EVT-008912,CLI-00333,2026-04-21,login,1
EVT-008913,CLI-00359,2026-04-21,descarga_reporte,5
EVT-008914,CLI-00384,2026-04-21,login,1
EVT-008915,CLI-00404,2026-04-21,login,1
EVT-008916,CLI-00410,2026-04-21,invitacion_usuario,9
EVT-008917,CLI-00446,2026-04-21,uso_feature,4
EVT-008918,CLI-00458,2026-04-21,descarga_reporte,5
EVT-008919,CLI-00475,2026-04-21,uso_feature,4
EVT-008920,CLI-00506,2026-04-21,descarga_reporte,5
EVT-008921,CLI-00039,2026-04-22,login,1
EVT-008922,CLI-00039,2026-04-22,descarga_reporte,5
EVT-008923,CLI-00090,2026-04-22,uso_feature,3
EVT-008924,CLI-00109,2026-04-22,login,2
EVT-008925,CLI-00123,2026-04-22,descarga_reporte,6
EVT-008926,CLI-00128,2026-04-22,uso_feature,3
EVT-008927,CLI-00169,2026-04-22,login,2
EVT-008928,CLI-00218,2026-04-22,uso_feature,3
EVT-008929,CLI-00257,2026-04-22,login,2
EVT-008930,CLI-00260,2026-04-22,login,1
EVT-008931,CLI-00271,2026-04-22,uso_feature,3
EVT-008932,CLI-00429,2026-04-22,login,2
EVT-008933,CLI-00492,2026-04-22,uso_feature,4
EVT-008934,CLI-00505,2026-04-22,login,1
EVT-008935,CLI-00043,2026-04-23,descarga_reporte,6
EVT-008936,CLI-00058,2026-04-23,login,1
EVT-008937,CLI-00073,2026-04-23,uso_feature,3
EVT-008938,CLI-00115,2026-04-23,uso_feature,4
EVT-008939,CLI-00150,2026-04-23,login,2
EVT-008940,CLI-00150,2026-04-23,login,1
EVT-008941,CLI-00151,2026-04-23,login,1
EVT-008942,CLI-00169,2026-04-23,descarga_reporte,6
EVT-008943,CLI-00175,2026-04-23,login,1
EVT-008944,CLI-00179,2026-04-23,login,1
EVT-008945,CLI-00191,2026-04-23,login,1
EVT-008946,CLI-00206,2026-04-23,descarga_reporte,5
EVT-008947,CLI-00272,2026-04-23,login,1
EVT-008948,CLI-00381,2026-04-23,login,1
EVT-008949,CLI-00381,2026-04-23,login,1
EVT-008950,CLI-00388,2026-04-23,descarga_reporte,5
EVT-008951,CLI-00415,2026-04-23,login,1
EVT-008952,CLI-00448,2026-04-23,invitacion_usuario,8
EVT-008953,CLI-00457,2026-04-23,login,1
EVT-008954,CLI-00500,2026-04-23,login,1
EVT-008955,CLI-00503,2026-04-23,uso_feature,3
EVT-008956,CLI-00035,2026-04-24,login,1
EVT-008957,CLI-00060,2026-04-24,login,1
EVT-008958,CLI-00090,2026-04-24,uso_feature,3
EVT-008959,CLI-00106,2026-04-24,login,2
EVT-008960,CLI-00142,2026-04-24,login,1
EVT-008961,CLI-00170,2026-04-24,login,1
EVT-008962,CLI-00175,2026-04-24,login,1
EVT-008963,CLI-00199,2026-04-24,login,2
EVT-008964,CLI-00211,2026-04-24,login,1
EVT-008965,CLI-00211,2026-04-24,uso_feature,3
EVT-008966,CLI-00228,2026-04-24,login,2
EVT-008967,CLI-00235,2026-04-24,uso_feature,3
EVT-008968,CLI-00388,2026-04-24,uso_feature,3
EVT-008969,CLI-00398,2026-04-24,login,1
EVT-008970,CLI-00508,2026-04-24,login,2
EVT-008971,CLI-00006,2026-04-25,login,1
EVT-008972,CLI-00029,2026-04-25,login,2
EVT-008973,CLI-00080,2026-04-25,uso_feature,3
EVT-008974,CLI-00106,2026-04-25,descarga_reporte,5
EVT-008975,CLI-00135,2026-04-25,invitacion_usuario,8
EVT-008976,CLI-00161,2026-04-25,uso_feature,3
EVT-008977,CLI-00161,2026-04-25,login,1
EVT-008978,CLI-00194,2026-04-25,login,2
EVT-008979,CLI-00196,2026-04-25,login,1
EVT-008980,CLI-00200,2026-04-25,uso_feature,4
EVT-008981,CLI-00206,2026-04-25,uso_feature,4
EVT-008982,CLI-00235,2026-04-25,login,2
EVT-008983,CLI-00240,2026-04-25,login,1
EVT-008984,CLI-00260,2026-04-25,descarga_reporte,5
EVT-008985,CLI-00281,2026-04-25,login,1
EVT-008986,CLI-00306,2026-04-25,uso_feature,4
EVT-008987,CLI-00339,2026-04-25,login,2
EVT-008988,CLI-00376,2026-04-25,login,1
EVT-008989,CLI-00379,2026-04-25,login,2
EVT-008990,CLI-00460,2026-04-25,uso_feature,3
EVT-008991,CLI-00485,2026-04-25,login,1
EVT-008992,CLI-00004,2026-04-26,login,2
EVT-008993,CLI-00006,2026-04-26,login,1
EVT-008994,CLI-00028,2026-04-26,login,2
EVT-008995,CLI-00045,2026-04-26,descarga_reporte,6
EVT-008996,CLI-00052,2026-04-26,uso_feature,4
EVT-008997,CLI-00060,2026-04-26,descarga_reporte,5
EVT-008998,CLI-00084,2026-04-26,login,1
EVT-008999,CLI-00170,2026-04-26,descarga_reporte,5
EVT-009000,CLI-00173,2026-04-26,login,1
EVT-009001,CLI-00175,2026-04-26,login,1
EVT-009002,CLI-00289,2026-04-26,descarga_reporte,5
EVT-009003,CLI-00325,2026-04-26,invitacion_usuario,8
EVT-009004,CLI-00333,2026-04-26,login,1
EVT-009005,CLI-00340,2026-04-26,uso_feature,3
EVT-009006,CLI-00342,2026-04-26,login,1
EVT-009007,CLI-00358,2026-04-26,uso_feature,3
EVT-009008,CLI-00429,2026-04-26,login,1
EVT-009009,CLI-00431,2026-04-26,uso_feature,3
EVT-009010,CLI-00468,2026-04-26,login,1
EVT-009011,CLI-00003,2026-04-27,descarga_reporte,6
EVT-009012,CLI-00003,2026-04-27,uso_feature,3
EVT-009013,CLI-00016,2026-04-27,descarga_reporte,6
EVT-009014,CLI-00027,2026-04-27,login,1
EVT-009015,CLI-00041,2026-04-27,uso_feature,3
EVT-009016,CLI-00045,2026-04-27,login,1
EVT-009017,CLI-00046,2026-04-27,uso_feature,3
EVT-009018,CLI-00088,2026-04-27,login,1
EVT-009019,CLI-00108,2026-04-27,login,2
EVT-009020,CLI-00117,2026-04-27,login,1
EVT-009021,CLI-00139,2026-04-27,descarga_reporte,5
EVT-009022,CLI-00142,2026-04-27,uso_feature,3
EVT-009023,CLI-00172,2026-04-27,login,1
EVT-009024,CLI-00175,2026-04-27,login,2
EVT-009025,CLI-00220,2026-04-27,uso_feature,3
EVT-009026,CLI-00235,2026-04-27,login,1
EVT-009027,CLI-00339,2026-04-27,login,1
EVT-009028,CLI-00344,2026-04-27,descarga_reporte,5
EVT-009029,CLI-00437,2026-04-27,uso_feature,3
EVT-009030,CLI-00458,2026-04-27,descarga_reporte,5
EVT-009031,CLI-00503,2026-04-27,uso_feature,3
EVT-009032,CLI-00041,2026-04-28,descarga_reporte,5
EVT-009033,CLI-00046,2026-04-28,login,2
EVT-009034,CLI-00047,2026-04-28,login,1
EVT-009035,CLI-00054,2026-04-28,login,2
EVT-009036,CLI-00081,2026-04-28,uso_feature,3
EVT-009037,CLI-00088,2026-04-28,uso_feature,4
EVT-009038,CLI-00115,2026-04-28,invitacion_usuario,9
EVT-009039,CLI-00203,2026-04-28,login,2
EVT-009040,CLI-00204,2026-04-28,uso_feature,3
EVT-009041,CLI-00238,2026-04-28,login,2
EVT-009042,CLI-00290,2026-04-28,login,1
EVT-009043,CLI-00341,2026-04-28,uso_feature,3
EVT-009044,CLI-00393,2026-04-28,uso_feature,4
EVT-009045,CLI-00410,2026-04-28,uso_feature,3
EVT-009046,CLI-00437,2026-04-28,uso_feature,3
EVT-009047,CLI-00453,2026-04-28,login,1
EVT-009048,CLI-00457,2026-04-28,descarga_reporte,6
EVT-009049,CLI-00485,2026-04-28,login,1
EVT-009050,CLI-00035,2026-05-01,uso_feature,3
EVT-009051,CLI-00043,2026-05-01,uso_feature,3
EVT-009052,CLI-00052,2026-05-01,login,2
EVT-009053,CLI-00054,2026-05-01,uso_feature,3
EVT-009054,CLI-00059,2026-05-01,uso_feature,4
EVT-009055,CLI-00073,2026-05-01,login,2
EVT-009056,CLI-00106,2026-05-01,login,1
EVT-009057,CLI-00107,2026-05-01,login,1
EVT-009058,CLI-00109,2026-05-01,login,2
EVT-009059,CLI-00128,2026-05-01,login,1
EVT-009060,CLI-00145,2026-05-01,login,1
EVT-009061,CLI-00149,2026-05-01,uso_feature,3
EVT-009062,CLI-00150,2026-05-01,login,1
EVT-009063,CLI-00163,2026-05-01,login,1
EVT-009064,CLI-00173,2026-05-01,login,1
EVT-009065,CLI-00248,2026-05-01,uso_feature,3
EVT-009066,CLI-00365,2026-05-01,login,2
EVT-009067,CLI-00411,2026-05-01,uso_feature,3
EVT-009068,CLI-00414,2026-05-01,uso_feature,3
EVT-009069,CLI-00424,2026-05-01,descarga_reporte,5
EVT-009070,CLI-00452,2026-05-01,uso_feature,3
EVT-009071,CLI-00452,2026-05-01,uso_feature,4
EVT-009072,CLI-00503,2026-05-01,descarga_reporte,6
EVT-009073,CLI-00034,2026-05-02,descarga_reporte,6
EVT-009074,CLI-00043,2026-05-02,uso_feature,3
EVT-009075,CLI-00047,2026-05-02,login,1
EVT-009076,CLI-00104,2026-05-02,login,2
EVT-009077,CLI-00106,2026-05-02,uso_feature,3
EVT-009078,CLI-00108,2026-05-02,login,1
EVT-009079,CLI-00115,2026-05-02,login,2
EVT-009080,CLI-00123,2026-05-02,uso_feature,3
EVT-009081,CLI-00194,2026-05-02,descarga_reporte,5
EVT-009082,CLI-00218,2026-05-02,login,2
EVT-009083,CLI-00235,2026-05-02,login,1
EVT-009084,CLI-00238,2026-05-02,uso_feature,3
EVT-009085,CLI-00238,2026-05-02,uso_feature,4
EVT-009086,CLI-00272,2026-05-02,login,2
EVT-009087,CLI-00290,2026-05-02,uso_feature,4
EVT-009088,CLI-00290,2026-05-02,login,2
EVT-009089,CLI-00344,2026-05-02,invitacion_usuario,8
EVT-009090,CLI-00367,2026-05-02,login,2
EVT-009091,CLI-00381,2026-05-02,login,1
EVT-009092,CLI-00018,2026-05-03,login,1
EVT-009093,CLI-00115,2026-05-03,login,1
EVT-009094,CLI-00144,2026-05-03,login,2
EVT-009095,CLI-00169,2026-05-03,login,1
EVT-009096,CLI-00169,2026-05-03,descarga_reporte,5
EVT-009097,CLI-00191,2026-05-03,login,2
EVT-009098,CLI-00242,2026-05-03,login,1
EVT-009099,CLI-00257,2026-05-03,login,1
EVT-009100,CLI-00290,2026-05-03,login,2
EVT-009101,CLI-00365,2026-05-03,uso_feature,3
EVT-009102,CLI-00379,2026-05-03,uso_feature,3
EVT-009103,CLI-00394,2026-05-03,login,1
EVT-009104,CLI-00411,2026-05-03,login,1
EVT-009105,CLI-00425,2026-05-03,login,1
EVT-009106,CLI-00435,2026-05-03,login,2
EVT-009107,CLI-00506,2026-05-03,uso_feature,3
EVT-009108,CLI-00506,2026-05-03,uso_feature,3
EVT-009109,CLI-00016,2026-05-04,login,1
EVT-009110,CLI-00029,2026-05-04,uso_feature,3
EVT-009111,CLI-00045,2026-05-04,uso_feature,4
EVT-009112,CLI-00077,2026-05-04,login,1
EVT-009113,CLI-00144,2026-05-04,uso_feature,4
EVT-009114,CLI-00153,2026-05-04,login,1
EVT-009115,CLI-00189,2026-05-04,login,1
EVT-009116,CLI-00199,2026-05-04,descarga_reporte,5
EVT-009117,CLI-00240,2026-05-04,login,1
EVT-009118,CLI-00242,2026-05-04,uso_feature,4
EVT-009119,CLI-00290,2026-05-04,login,1
EVT-009120,CLI-00376,2026-05-04,login,2
EVT-009121,CLI-00384,2026-05-04,login,1
EVT-009122,CLI-00404,2026-05-04,uso_feature,3
EVT-009123,CLI-00437,2026-05-04,login,2
EVT-009124,CLI-00455,2026-05-04,invitacion_usuario,8
EVT-009125,CLI-00475,2026-05-04,login,2
EVT-009126,CLI-00016,2026-05-05,invitacion_usuario,9
EVT-009127,CLI-00023,2026-05-05,login,1
EVT-009128,CLI-00029,2026-05-05,login,2
EVT-009129,CLI-00035,2026-05-05,login,1
EVT-009130,CLI-00041,2026-05-05,descarga_reporte,5
EVT-009131,CLI-00088,2026-05-05,login,1
EVT-009132,CLI-00097,2026-05-05,descarga_reporte,6
EVT-009133,CLI-00135,2026-05-05,descarga_reporte,5
EVT-009134,CLI-00153,2026-05-05,login,1
EVT-009135,CLI-00195,2026-05-05,uso_feature,3
EVT-009136,CLI-00220,2026-05-05,login,1
EVT-009137,CLI-00228,2026-05-05,invitacion_usuario,8
EVT-009138,CLI-00357,2026-05-05,login,2
EVT-009139,CLI-00410,2026-05-05,login,1
EVT-009140,CLI-00415,2026-05-05,login,1
EVT-009141,CLI-00424,2026-05-05,login,1
EVT-009142,CLI-00429,2026-05-05,descarga_reporte,5
EVT-009143,CLI-00431,2026-05-05,descarga_reporte,6
EVT-009144,CLI-00453,2026-05-05,login,1
EVT-009145,CLI-00027,2026-05-06,descarga_reporte,5
EVT-009146,CLI-00046,2026-05-06,login,1
EVT-009147,CLI-00081,2026-05-06,login,2
EVT-009148,CLI-00131,2026-05-06,uso_feature,3
EVT-009149,CLI-00139,2026-05-06,uso_feature,4
EVT-009150,CLI-00175,2026-05-06,invitacion_usuario,8
EVT-009151,CLI-00191,2026-05-06,login,1
EVT-009152,CLI-00203,2026-05-06,login,1
EVT-009153,CLI-00317,2026-05-06,login,1
EVT-009154,CLI-00347,2026-05-06,descarga_reporte,5
EVT-009155,CLI-00431,2026-05-06,uso_feature,3
EVT-009156,CLI-00435,2026-05-06,uso_feature,3
EVT-009157,CLI-00458,2026-05-06,login,1
EVT-009158,CLI-00484,2026-05-06,uso_feature,3
EVT-009159,CLI-00485,2026-05-06,uso_feature,3
EVT-009160,CLI-00003,2026-05-07,invitacion_usuario,8
EVT-009161,CLI-00004,2026-05-07,login,1
EVT-009162,CLI-00051,2026-05-07,uso_feature,3
EVT-009163,CLI-00054,2026-05-07,login,1
EVT-009164,CLI-00149,2026-05-07,login,1
EVT-009165,CLI-00228,2026-05-07,descarga_reporte,5
EVT-009166,CLI-00260,2026-05-07,login,1
EVT-009167,CLI-00337,2026-05-07,login,1
EVT-009168,CLI-00396,2026-05-07,uso_feature,4
EVT-009169,CLI-00399,2026-05-07,descarga_reporte,5
EVT-009170,CLI-00416,2026-05-07,login,2
EVT-009171,CLI-00428,2026-05-07,descarga_reporte,6
EVT-009172,CLI-00023,2026-05-08,descarga_reporte,6
EVT-009173,CLI-00045,2026-05-08,login,2
EVT-009174,CLI-00073,2026-05-08,descarga_reporte,5
EVT-009175,CLI-00084,2026-05-08,descarga_reporte,5
EVT-009176,CLI-00090,2026-05-08,login,1
EVT-009177,CLI-00128,2026-05-08,descarga_reporte,5
EVT-009178,CLI-00131,2026-05-08,login,1
EVT-009179,CLI-00150,2026-05-08,login,1
EVT-009180,CLI-00200,2026-05-08,login,1
EVT-009181,CLI-00218,2026-05-08,uso_feature,3
EVT-009182,CLI-00272,2026-05-08,descarga_reporte,5
EVT-009183,CLI-00333,2026-05-08,uso_feature,3
EVT-009184,CLI-00341,2026-05-08,uso_feature,3
EVT-009185,CLI-00358,2026-05-08,login,1
EVT-009186,CLI-00358,2026-05-08,uso_feature,3
EVT-009187,CLI-00367,2026-05-08,descarga_reporte,6
EVT-009188,CLI-00376,2026-05-08,login,2
EVT-009189,CLI-00381,2026-05-08,login,1
EVT-009190,CLI-00391,2026-05-08,descarga_reporte,6
EVT-009191,CLI-00410,2026-05-08,login,2
EVT-009192,CLI-00448,2026-05-08,login,1
EVT-009193,CLI-00484,2026-05-08,login,1
EVT-009194,CLI-00503,2026-05-08,login,1
EVT-009195,CLI-00039,2026-05-09,uso_feature,3
EVT-009196,CLI-00107,2026-05-09,login,1
EVT-009197,CLI-00128,2026-05-09,login,1
EVT-009198,CLI-00149,2026-05-09,uso_feature,3
EVT-009199,CLI-00151,2026-05-09,login,1
EVT-009200,CLI-00170,2026-05-09,login,1
EVT-009201,CLI-00172,2026-05-09,uso_feature,3
EVT-009202,CLI-00175,2026-05-09,login,1
EVT-009203,CLI-00196,2026-05-09,login,1
EVT-009204,CLI-00206,2026-05-09,login,1
EVT-009205,CLI-00250,2026-05-09,login,1
EVT-009206,CLI-00264,2026-05-09,login,2
EVT-009207,CLI-00325,2026-05-09,descarga_reporte,6
EVT-009208,CLI-00354,2026-05-09,uso_feature,3
EVT-009209,CLI-00371,2026-05-09,descarga_reporte,5
EVT-009210,CLI-00388,2026-05-09,uso_feature,3
EVT-009211,CLI-00501,2026-05-09,descarga_reporte,5
EVT-009212,CLI-00503,2026-05-09,login,1
EVT-009213,CLI-00505,2026-05-09,login,2
EVT-009214,CLI-00509,2026-05-09,login,2
EVT-009215,CLI-00016,2026-05-10,login,1
EVT-009216,CLI-00097,2026-05-10,descarga_reporte,5
EVT-009217,CLI-00104,2026-05-10,uso_feature,3
EVT-009218,CLI-00104,2026-05-10,login,1
EVT-009219,CLI-00123,2026-05-10,uso_feature,3
EVT-009220,CLI-00203,2026-05-10,login,2
EVT-009221,CLI-00242,2026-05-10,login,1
EVT-009222,CLI-00264,2026-05-10,login,1
EVT-009223,CLI-00289,2026-05-10,invitacion_usuario,8
EVT-009224,CLI-00345,2026-05-10,descarga_reporte,5
EVT-009225,CLI-00354,2026-05-10,login,1
EVT-009226,CLI-00359,2026-05-10,login,2
EVT-009227,CLI-00393,2026-05-10,login,1
EVT-009228,CLI-00393,2026-05-10,login,1
EVT-009229,CLI-00394,2026-05-10,uso_feature,3
EVT-009230,CLI-00404,2026-05-10,login,2
EVT-009231,CLI-00415,2026-05-10,login,2
EVT-009232,CLI-00508,2026-05-10,login,2
EVT-009233,CLI-00027,2026-05-11,login,1
EVT-009234,CLI-00058,2026-05-11,login,1
EVT-009235,CLI-00077,2026-05-11,login,2
EVT-009236,CLI-00107,2026-05-11,uso_feature,3
EVT-009237,CLI-00108,2026-05-11,uso_feature,3
EVT-009238,CLI-00123,2026-05-11,login,1
EVT-009239,CLI-00151,2026-05-11,uso_feature,4
EVT-009240,CLI-00199,2026-05-11,login,1
EVT-009241,CLI-00203,2026-05-11,login,1
EVT-009242,CLI-00216,2026-05-11,uso_feature,3
EVT-009243,CLI-00241,2026-05-11,descarga_reporte,5
EVT-009244,CLI-00339,2026-05-11,uso_feature,3
EVT-009245,CLI-00367,2026-05-11,uso_feature,4
EVT-009246,CLI-00385,2026-05-11,descarga_reporte,6
EVT-009247,CLI-00394,2026-05-11,uso_feature,3
EVT-009248,CLI-00399,2026-05-11,login,1
EVT-009249,CLI-00399,2026-05-11,login,1
EVT-009250,CLI-00428,2026-05-11,login,1
EVT-009251,CLI-00433,2026-05-11,login,1
EVT-009252,CLI-00468,2026-05-11,uso_feature,3
EVT-009253,CLI-00496,2026-05-11,uso_feature,3
EVT-009254,CLI-00505,2026-05-11,uso_feature,3
EVT-009255,CLI-00036,2026-05-12,uso_feature,3
EVT-009256,CLI-00046,2026-05-12,login,1
EVT-009257,CLI-00096,2026-05-12,uso_feature,3
EVT-009258,CLI-00109,2026-05-12,login,2
EVT-009259,CLI-00150,2026-05-12,login,2
EVT-009260,CLI-00151,2026-05-12,uso_feature,3
EVT-009261,CLI-00169,2026-05-12,login,1
EVT-009262,CLI-00199,2026-05-12,login,1
EVT-009263,CLI-00225,2026-05-12,uso_feature,3
EVT-009264,CLI-00238,2026-05-12,uso_feature,3
EVT-009265,CLI-00242,2026-05-12,login,1
EVT-009266,CLI-00250,2026-05-12,login,2
EVT-009267,CLI-00264,2026-05-12,uso_feature,3
EVT-009268,CLI-00289,2026-05-12,login,1
EVT-009269,CLI-00340,2026-05-12,login,1
EVT-009270,CLI-00396,2026-05-12,login,1
EVT-009271,CLI-00404,2026-05-12,login,1
EVT-009272,CLI-00428,2026-05-12,login,1
EVT-009273,CLI-00431,2026-05-12,descarga_reporte,6
EVT-009274,CLI-00435,2026-05-12,descarga_reporte,5
EVT-009275,CLI-00460,2026-05-12,login,1
EVT-009276,CLI-00485,2026-05-12,login,1
EVT-009277,CLI-00496,2026-05-12,login,2
EVT-009278,CLI-00041,2026-05-13,uso_feature,4
EVT-009279,CLI-00096,2026-05-13,uso_feature,4
EVT-009280,CLI-00142,2026-05-13,login,1
EVT-009281,CLI-00161,2026-05-13,login,1
EVT-009282,CLI-00179,2026-05-13,invitacion_usuario,8
EVT-009283,CLI-00225,2026-05-13,descarga_reporte,6
EVT-009284,CLI-00228,2026-05-13,login,2
EVT-009285,CLI-00256,2026-05-13,descarga_reporte,5
EVT-009286,CLI-00264,2026-05-13,uso_feature,3
EVT-009287,CLI-00317,2026-05-13,login,1
EVT-009288,CLI-00341,2026-05-13,login,1
EVT-009289,CLI-00350,2026-05-13,uso_feature,3
EVT-009290,CLI-00390,2026-05-13,uso_feature,3
EVT-009291,CLI-00414,2026-05-13,login,1
EVT-009292,CLI-00431,2026-05-13,uso_feature,4
EVT-009293,CLI-00460,2026-05-13,descarga_reporte,5
EVT-009294,CLI-00509,2026-05-13,login,1
EVT-009295,CLI-00004,2026-05-14,login,1
EVT-009296,CLI-00018,2026-05-14,uso_feature,3
EVT-009297,CLI-00028,2026-05-14,uso_feature,3
EVT-009298,CLI-00029,2026-05-14,uso_feature,4
EVT-009299,CLI-00036,2026-05-14,uso_feature,3
EVT-009300,CLI-00059,2026-05-14,login,1
EVT-009301,CLI-00139,2026-05-14,login,1
EVT-009302,CLI-00145,2026-05-14,uso_feature,3
EVT-009303,CLI-00170,2026-05-14,login,1
EVT-009304,CLI-00196,2026-05-14,uso_feature,3
EVT-009305,CLI-00200,2026-05-14,uso_feature,3
EVT-009306,CLI-00218,2026-05-14,login,1
EVT-009307,CLI-00248,2026-05-14,login,1
EVT-009308,CLI-00257,2026-05-14,login,1
EVT-009309,CLI-00281,2026-05-14,descarga_reporte,5
EVT-009310,CLI-00347,2026-05-14,uso_feature,3
EVT-009311,CLI-00365,2026-05-14,login,1
EVT-009312,CLI-00369,2026-05-14,login,1
EVT-009313,CLI-00371,2026-05-14,login,1
EVT-009314,CLI-00391,2026-05-14,uso_feature,3
EVT-009315,CLI-00393,2026-05-14,login,2
EVT-009316,CLI-00431,2026-05-14,login,2
EVT-009317,CLI-00437,2026-05-14,login,1
EVT-009318,CLI-00458,2026-05-14,login,1
EVT-009319,CLI-00500,2026-05-14,login,1
EVT-009320,CLI-00506,2026-05-14,login,1
EVT-009321,CLI-00041,2026-05-15,login,2
EVT-009322,CLI-00096,2026-05-15,login,2
EVT-009323,CLI-00109,2026-05-15,invitacion_usuario,8
EVT-009324,CLI-00150,2026-05-15,uso_feature,3
EVT-009325,CLI-00153,2026-05-15,login,1
EVT-009326,CLI-00163,2026-05-15,uso_feature,4
EVT-009327,CLI-00170,2026-05-15,login,1
EVT-009328,CLI-00175,2026-05-15,uso_feature,3
EVT-009329,CLI-00289,2026-05-15,login,1
EVT-009330,CLI-00333,2026-05-15,login,2
EVT-009331,CLI-00367,2026-05-15,login,1
EVT-009332,CLI-00391,2026-05-15,uso_feature,3
EVT-009333,CLI-00437,2026-05-15,uso_feature,3
EVT-009334,CLI-00484,2026-05-15,uso_feature,4
EVT-009335,CLI-00496,2026-05-15,descarga_reporte,5
EVT-009336,CLI-00501,2026-05-15,login,1
EVT-009337,CLI-00023,2026-05-16,uso_feature,3
EVT-009338,CLI-00054,2026-05-16,login,1
EVT-009339,CLI-00055,2026-05-16,login,1
EVT-009340,CLI-00081,2026-05-16,uso_feature,3
EVT-009341,CLI-00104,2026-05-16,uso_feature,4
EVT-009342,CLI-00107,2026-05-16,uso_feature,4
EVT-009343,CLI-00115,2026-05-16,uso_feature,3
EVT-009344,CLI-00130,2026-05-16,login,2
EVT-009345,CLI-00136,2026-05-16,uso_feature,3
EVT-009346,CLI-00149,2026-05-16,login,2
EVT-009347,CLI-00289,2026-05-16,login,1
EVT-009348,CLI-00333,2026-05-16,uso_feature,3
EVT-009349,CLI-00381,2026-05-16,login,1
EVT-009350,CLI-00385,2026-05-16,uso_feature,3
EVT-009351,CLI-00414,2026-05-16,login,1
EVT-009352,CLI-00440,2026-05-16,login,1
EVT-009353,CLI-00455,2026-05-16,login,1
EVT-009354,CLI-00485,2026-05-16,descarga_reporte,5
EVT-009355,CLI-00006,2026-05-17,login,2
EVT-009356,CLI-00035,2026-05-17,descarga_reporte,5
EVT-009357,CLI-00036,2026-05-17,uso_feature,4
EVT-009358,CLI-00150,2026-05-17,login,2
EVT-009359,CLI-00175,2026-05-17,login,2
EVT-009360,CLI-00179,2026-05-17,uso_feature,4
EVT-009361,CLI-00206,2026-05-17,invitacion_usuario,9
EVT-009362,CLI-00225,2026-05-17,descarga_reporte,6
EVT-009363,CLI-00265,2026-05-17,uso_feature,3
EVT-009364,CLI-00317,2026-05-17,descarga_reporte,5
EVT-009365,CLI-00344,2026-05-17,invitacion_usuario,9
EVT-009366,CLI-00440,2026-05-17,uso_feature,3
EVT-009367,CLI-00448,2026-05-17,login,1
EVT-009368,CLI-00455,2026-05-17,login,2
EVT-009369,CLI-00485,2026-05-17,descarga_reporte,6
EVT-009370,CLI-00023,2026-05-18,uso_feature,4
EVT-009371,CLI-00029,2026-05-18,uso_feature,3
EVT-009372,CLI-00055,2026-05-18,login,2
EVT-009373,CLI-00172,2026-05-18,login,1
EVT-009374,CLI-00194,2026-05-18,uso_feature,4
EVT-009375,CLI-00203,2026-05-18,login,1
EVT-009376,CLI-00204,2026-05-18,uso_feature,4
EVT-009377,CLI-00225,2026-05-18,uso_feature,4
EVT-009378,CLI-00226,2026-05-18,descarga_reporte,5
EVT-009379,CLI-00290,2026-05-18,uso_feature,4
EVT-009380,CLI-00358,2026-05-18,uso_feature,3
EVT-009381,CLI-00390,2026-05-18,uso_feature,4
EVT-009382,CLI-00425,2026-05-18,descarga_reporte,5
EVT-009383,CLI-00429,2026-05-18,login,1
EVT-009384,CLI-00492,2026-05-18,login,1
EVT-009385,CLI-00006,2026-05-19,login,1
EVT-009386,CLI-00027,2026-05-19,login,2
EVT-009387,CLI-00051,2026-05-19,descarga_reporte,5
EVT-009388,CLI-00080,2026-05-19,uso_feature,4
EVT-009389,CLI-00151,2026-05-19,login,1
EVT-009390,CLI-00189,2026-05-19,uso_feature,3
EVT-009391,CLI-00220,2026-05-19,descarga_reporte,5
EVT-009392,CLI-00250,2026-05-19,uso_feature,3
EVT-009393,CLI-00271,2026-05-19,uso_feature,4
EVT-009394,CLI-00272,2026-05-19,descarga_reporte,6
EVT-009395,CLI-00333,2026-05-19,login,1
EVT-009396,CLI-00369,2026-05-19,login,2
EVT-009397,CLI-00376,2026-05-19,uso_feature,4
EVT-009398,CLI-00416,2026-05-19,uso_feature,3
EVT-009399,CLI-00435,2026-05-19,login,1
EVT-009400,CLI-00446,2026-05-19,login,1
EVT-009401,CLI-00448,2026-05-19,uso_feature,3
EVT-009402,CLI-00460,2026-05-19,uso_feature,3
EVT-009403,CLI-00484,2026-05-19,login,1
EVT-009404,CLI-00041,2026-05-20,login,1
EVT-009405,CLI-00077,2026-05-20,login,2
EVT-009406,CLI-00081,2026-05-20,uso_feature,3
EVT-009407,CLI-00084,2026-05-20,uso_feature,3
EVT-009408,CLI-00090,2026-05-20,invitacion_usuario,8
EVT-009409,CLI-00130,2026-05-20,login,1
EVT-009410,CLI-00135,2026-05-20,uso_feature,3
EVT-009411,CLI-00191,2026-05-20,uso_feature,4
EVT-009412,CLI-00194,2026-05-20,login,2
EVT-009413,CLI-00194,2026-05-20,login,1
EVT-009414,CLI-00242,2026-05-20,login,1
EVT-009415,CLI-00264,2026-05-20,login,1
EVT-009416,CLI-00271,2026-05-20,uso_feature,3
EVT-009417,CLI-00279,2026-05-20,login,2
EVT-009418,CLI-00410,2026-05-20,uso_feature,3
EVT-009419,CLI-00428,2026-05-20,login,1
EVT-009420,CLI-00003,2026-05-21,login,1
EVT-009421,CLI-00039,2026-05-21,uso_feature,3
EVT-009422,CLI-00090,2026-05-21,uso_feature,3
EVT-009423,CLI-00108,2026-05-21,login,1
EVT-009424,CLI-00175,2026-05-21,uso_feature,3
EVT-009425,CLI-00200,2026-05-21,invitacion_usuario,8
EVT-009426,CLI-00216,2026-05-21,invitacion_usuario,8
EVT-009427,CLI-00220,2026-05-21,uso_feature,4
EVT-009428,CLI-00257,2026-05-21,login,1
EVT-009429,CLI-00340,2026-05-21,descarga_reporte,6
EVT-009430,CLI-00343,2026-05-21,uso_feature,3
EVT-009431,CLI-00358,2026-05-21,login,2
EVT-009432,CLI-00385,2026-05-21,login,1
EVT-009433,CLI-00437,2026-05-21,login,1
EVT-009434,CLI-00440,2026-05-21,uso_feature,3
EVT-009435,CLI-00488,2026-05-21,descarga_reporte,6
EVT-009436,CLI-00506,2026-05-21,uso_feature,3
EVT-009437,CLI-00004,2026-05-22,login,2
EVT-009438,CLI-00029,2026-05-22,descarga_reporte,5
EVT-009439,CLI-00034,2026-05-22,login,1
EVT-009440,CLI-00035,2026-05-22,descarga_reporte,6
EVT-009441,CLI-00109,2026-05-22,descarga_reporte,6
EVT-009442,CLI-00123,2026-05-22,login,1
EVT-009443,CLI-00123,2026-05-22,uso_feature,3
EVT-009444,CLI-00139,2026-05-22,descarga_reporte,5
EVT-009445,CLI-00149,2026-05-22,login,2
EVT-009446,CLI-00161,2026-05-22,uso_feature,3
EVT-009447,CLI-00161,2026-05-22,uso_feature,3
EVT-009448,CLI-00179,2026-05-22,login,1
EVT-009449,CLI-00191,2026-05-22,invitacion_usuario,9
EVT-009450,CLI-00211,2026-05-22,descarga_reporte,6
EVT-009451,CLI-00256,2026-05-22,descarga_reporte,6
EVT-009452,CLI-00340,2026-05-22,login,1
EVT-009453,CLI-00396,2026-05-22,uso_feature,4
EVT-009454,CLI-00414,2026-05-22,login,1
EVT-009455,CLI-00443,2026-05-22,descarga_reporte,5
EVT-009456,CLI-00006,2026-05-23,login,1
EVT-009457,CLI-00043,2026-05-23,login,1
EVT-009458,CLI-00045,2026-05-23,login,2
EVT-009459,CLI-00059,2026-05-23,login,2
EVT-009460,CLI-00060,2026-05-23,descarga_reporte,5
EVT-009461,CLI-00066,2026-05-23,uso_feature,4
EVT-009462,CLI-00084,2026-05-23,login,1
EVT-009463,CLI-00115,2026-05-23,uso_feature,4
EVT-009464,CLI-00131,2026-05-23,login,1
EVT-009465,CLI-00136,2026-05-23,login,1
EVT-009466,CLI-00153,2026-05-23,login,1
EVT-009467,CLI-00341,2026-05-23,descarga_reporte,5
EVT-009468,CLI-00376,2026-05-23,descarga_reporte,6
EVT-009469,CLI-00393,2026-05-23,login,1
EVT-009470,CLI-00458,2026-05-23,descarga_reporte,5
EVT-009471,CLI-00460,2026-05-23,uso_feature,3
EVT-009472,CLI-00490,2026-05-23,login,1
EVT-009473,CLI-00490,2026-05-23,login,2
EVT-009474,CLI-00501,2026-05-23,uso_feature,4
EVT-009475,CLI-00018,2026-05-24,descarga_reporte,5
EVT-009476,CLI-00054,2026-05-24,login,1
EVT-009477,CLI-00081,2026-05-24,login,2
EVT-009478,CLI-00096,2026-05-24,descarga_reporte,5
EVT-009479,CLI-00172,2026-05-24,login,2
EVT-009480,CLI-00173,2026-05-24,login,1
EVT-009481,CLI-00191,2026-05-24,invitacion_usuario,8
EVT-009482,CLI-00238,2026-05-24,login,1
EVT-009483,CLI-00247,2026-05-24,descarga_reporte,6
EVT-009484,CLI-00260,2026-05-24,login,1
EVT-009485,CLI-00281,2026-05-24,login,2
EVT-009486,CLI-00342,2026-05-24,uso_feature,3
EVT-009487,CLI-00357,2026-05-24,descarga_reporte,5
EVT-009488,CLI-00357,2026-05-24,login,1
EVT-009489,CLI-00453,2026-05-24,uso_feature,3
EVT-009490,CLI-00453,2026-05-24,login,1
EVT-009491,CLI-00468,2026-05-24,login,2
EVT-009492,CLI-00016,2026-05-25,uso_feature,3
EVT-009493,CLI-00018,2026-05-25,uso_feature,4
EVT-009494,CLI-00023,2026-05-25,uso_feature,3
EVT-009495,CLI-00051,2026-05-25,login,2
EVT-009496,CLI-00084,2026-05-25,descarga_reporte,6
EVT-009497,CLI-00088,2026-05-25,login,1
EVT-009498,CLI-00109,2026-05-25,login,1
EVT-009499,CLI-00139,2026-05-25,login,2
EVT-009500,CLI-00148,2026-05-25,invitacion_usuario,9
EVT-009501,CLI-00164,2026-05-25,uso_feature,3
EVT-009502,CLI-00169,2026-05-25,login,1
EVT-009503,CLI-00196,2026-05-25,login,1
EVT-009504,CLI-00200,2026-05-25,login,2
EVT-009505,CLI-00216,2026-05-25,login,1
EVT-009506,CLI-00238,2026-05-25,uso_feature,4
EVT-009507,CLI-00341,2026-05-25,login,1
EVT-009508,CLI-00371,2026-05-25,login,1
EVT-009509,CLI-00376,2026-05-25,uso_feature,3
EVT-009510,CLI-00379,2026-05-25,login,1
EVT-009511,CLI-00382,2026-05-25,descarga_reporte,5
EVT-009512,CLI-00391,2026-05-25,login,2
EVT-009513,CLI-00435,2026-05-25,login,1
EVT-009514,CLI-00452,2026-05-25,login,1
EVT-009515,CLI-00488,2026-05-25,descarga_reporte,6
EVT-009516,CLI-00492,2026-05-25,invitacion_usuario,9
EVT-009517,CLI-00492,2026-05-25,login,1
EVT-009518,CLI-00046,2026-05-26,descarga_reporte,6
EVT-009519,CLI-00054,2026-05-26,login,1
EVT-009520,CLI-00059,2026-05-26,login,1
EVT-009521,CLI-00088,2026-05-26,uso_feature,4
EVT-009522,CLI-00128,2026-05-26,uso_feature,3
EVT-009523,CLI-00130,2026-05-26,login,1
EVT-009524,CLI-00144,2026-05-26,uso_feature,3
EVT-009525,CLI-00151,2026-05-26,login,2
EVT-009526,CLI-00170,2026-05-26,login,1
EVT-009527,CLI-00199,2026-05-26,login,2
EVT-009528,CLI-00233,2026-05-26,login,1
EVT-009529,CLI-00233,2026-05-26,login,1
EVT-009530,CLI-00248,2026-05-26,login,2
EVT-009531,CLI-00257,2026-05-26,uso_feature,3
EVT-009532,CLI-00275,2026-05-26,uso_feature,3
EVT-009533,CLI-00317,2026-05-26,uso_feature,3
EVT-009534,CLI-00365,2026-05-26,login,1
EVT-009535,CLI-00382,2026-05-26,invitacion_usuario,8
EVT-009536,CLI-00393,2026-05-26,login,1
EVT-009537,CLI-00399,2026-05-26,uso_feature,4
EVT-009538,CLI-00440,2026-05-26,login,2
EVT-009539,CLI-00457,2026-05-26,login,2
EVT-009540,CLI-00458,2026-05-26,descarga_reporte,5
EVT-009541,CLI-00496,2026-05-26,uso_feature,3
EVT-009542,CLI-00501,2026-05-26,login,1
EVT-009543,CLI-00051,2026-05-27,descarga_reporte,5
EVT-009544,CLI-00084,2026-05-27,uso_feature,3
EVT-009545,CLI-00090,2026-05-27,descarga_reporte,6
EVT-009546,CLI-00117,2026-05-27,login,1
EVT-009547,CLI-00179,2026-05-27,uso_feature,3
EVT-009548,CLI-00206,2026-05-27,login,2
EVT-009549,CLI-00216,2026-05-27,uso_feature,3
EVT-009550,CLI-00233,2026-05-27,uso_feature,4
EVT-009551,CLI-00235,2026-05-27,login,2
EVT-009552,CLI-00317,2026-05-27,descarga_reporte,5
EVT-009553,CLI-00325,2026-05-27,uso_feature,4
EVT-009554,CLI-00343,2026-05-27,descarga_reporte,6
EVT-009555,CLI-00365,2026-05-27,invitacion_usuario,9
EVT-009556,CLI-00367,2026-05-27,uso_feature,3
EVT-009557,CLI-00428,2026-05-27,login,1
EVT-009558,CLI-00490,2026-05-27,uso_feature,3
EVT-009559,CLI-00505,2026-05-27,login,1
EVT-009560,CLI-00006,2026-05-28,login,2
EVT-009561,CLI-00097,2026-05-28,invitacion_usuario,9
EVT-009562,CLI-00104,2026-05-28,descarga_reporte,5
EVT-009563,CLI-00108,2026-05-28,login,1
EVT-009564,CLI-00128,2026-05-28,uso_feature,3
EVT-009565,CLI-00135,2026-05-28,descarga_reporte,5
EVT-009566,CLI-00144,2026-05-28,invitacion_usuario,8
EVT-009567,CLI-00144,2026-05-28,invitacion_usuario,9
EVT-009568,CLI-00169,2026-05-28,uso_feature,4
EVT-009569,CLI-00172,2026-05-28,descarga_reporte,5
EVT-009570,CLI-00228,2026-05-28,uso_feature,3
EVT-009571,CLI-00260,2026-05-28,login,1
EVT-009572,CLI-00341,2026-05-28,uso_feature,4
EVT-009573,CLI-00390,2026-05-28,login,2
EVT-009574,CLI-00396,2026-05-28,login,1
EVT-009575,CLI-00404,2026-05-28,login,1
EVT-009576,CLI-00416,2026-05-28,login,1
EVT-009577,CLI-00424,2026-05-28,login,1
EVT-009578,CLI-00440,2026-05-28,login,1
EVT-009579,CLI-00035,2026-06-01,login,1
EVT-009580,CLI-00051,2026-06-01,uso_feature,4
EVT-009581,CLI-00150,2026-06-01,login,1
EVT-009582,CLI-00240,2026-06-01,uso_feature,3
EVT-009583,CLI-00241,2026-06-01,uso_feature,3
EVT-009584,CLI-00275,2026-06-01,descarga_reporte,5
EVT-009585,CLI-00339,2026-06-01,uso_feature,4
EVT-009586,CLI-00367,2026-06-01,descarga_reporte,5
EVT-009587,CLI-00385,2026-06-01,uso_feature,3
EVT-009588,CLI-00411,2026-06-01,uso_feature,3
EVT-009589,CLI-00468,2026-06-01,descarga_reporte,5
EVT-009590,CLI-00490,2026-06-01,invitacion_usuario,8
EVT-009591,CLI-00003,2026-06-02,uso_feature,4
EVT-009592,CLI-00028,2026-06-02,descarga_reporte,5
EVT-009593,CLI-00045,2026-06-02,uso_feature,4
EVT-009594,CLI-00051,2026-06-02,login,1
EVT-009595,CLI-00055,2026-06-02,descarga_reporte,6
EVT-009596,CLI-00090,2026-06-02,login,1
EVT-009597,CLI-00106,2026-06-02,uso_feature,3
EVT-009598,CLI-00135,2026-06-02,login,2
EVT-009599,CLI-00169,2026-06-02,login,2
EVT-009600,CLI-00172,2026-06-02,uso_feature,3
EVT-009601,CLI-00250,2026-06-02,login,1
EVT-009602,CLI-00290,2026-06-02,login,2
EVT-009603,CLI-00391,2026-06-02,login,1
EVT-009604,CLI-00396,2026-06-02,descarga_reporte,5
EVT-009605,CLI-00448,2026-06-02,login,1
EVT-009606,CLI-00490,2026-06-02,login,1
EVT-009607,CLI-00503,2026-06-02,uso_feature,3
EVT-009608,CLI-00509,2026-06-02,login,1
EVT-009609,CLI-00077,2026-06-03,login,2
EVT-009610,CLI-00117,2026-06-03,login,1
EVT-009611,CLI-00135,2026-06-03,descarga_reporte,5
EVT-009612,CLI-00189,2026-06-03,uso_feature,3
EVT-009613,CLI-00195,2026-06-03,login,1
EVT-009614,CLI-00225,2026-06-03,login,1
EVT-009615,CLI-00260,2026-06-03,uso_feature,3
EVT-009616,CLI-00265,2026-06-03,login,2
EVT-009617,CLI-00289,2026-06-03,uso_feature,3
EVT-009618,CLI-00333,2026-06-03,descarga_reporte,5
EVT-009619,CLI-00339,2026-06-03,uso_feature,4
EVT-009620,CLI-00367,2026-06-03,login,1
EVT-009621,CLI-00379,2026-06-03,invitacion_usuario,9
EVT-009622,CLI-00424,2026-06-03,uso_feature,3
EVT-009623,CLI-00429,2026-06-03,uso_feature,4
EVT-009624,CLI-00433,2026-06-03,uso_feature,4
EVT-009625,CLI-00433,2026-06-03,login,1
EVT-009626,CLI-00437,2026-06-03,login,1
EVT-009627,CLI-00458,2026-06-03,uso_feature,3
EVT-009628,CLI-00066,2026-06-04,login,1
EVT-009629,CLI-00106,2026-06-04,uso_feature,3
EVT-009630,CLI-00172,2026-06-04,login,1
EVT-009631,CLI-00226,2026-06-04,uso_feature,3
EVT-009632,CLI-00325,2026-06-04,login,1
EVT-009633,CLI-00358,2026-06-04,login,1
EVT-009634,CLI-00376,2026-06-04,login,1
EVT-009635,CLI-00411,2026-06-04,login,2
EVT-009636,CLI-00428,2026-06-04,login,2
EVT-009637,CLI-00453,2026-06-04,uso_feature,3
EVT-009638,CLI-00455,2026-06-04,login,2
EVT-009639,CLI-00468,2026-06-04,uso_feature,3
EVT-009640,CLI-00041,2026-06-05,descarga_reporte,6
EVT-009641,CLI-00054,2026-06-05,uso_feature,4
EVT-009642,CLI-00054,2026-06-05,invitacion_usuario,9
EVT-009643,CLI-00081,2026-06-05,uso_feature,3
EVT-009644,CLI-00109,2026-06-05,login,2
EVT-009645,CLI-00123,2026-06-05,uso_feature,3
EVT-009646,CLI-00164,2026-06-05,login,1
EVT-009647,CLI-00194,2026-06-05,descarga_reporte,5
EVT-009648,CLI-00218,2026-06-05,uso_feature,3
EVT-009649,CLI-00226,2026-06-05,login,2
EVT-009650,CLI-00343,2026-06-05,invitacion_usuario,9
EVT-009651,CLI-00396,2026-06-05,login,1
EVT-009652,CLI-00448,2026-06-05,login,1
EVT-009653,CLI-00452,2026-06-05,login,2
EVT-009654,CLI-00460,2026-06-05,login,2
EVT-009655,CLI-00500,2026-06-05,login,1
EVT-009656,CLI-00006,2026-06-06,login,1
EVT-009657,CLI-00036,2026-06-06,descarga_reporte,5
EVT-009658,CLI-00039,2026-06-06,uso_feature,4
EVT-009659,CLI-00073,2026-06-06,uso_feature,3
EVT-009660,CLI-00226,2026-06-06,invitacion_usuario,9
EVT-009661,CLI-00260,2026-06-06,login,2
EVT-009662,CLI-00271,2026-06-06,login,1
EVT-009663,CLI-00289,2026-06-06,descarga_reporte,6
EVT-009664,CLI-00358,2026-06-06,login,1
EVT-009665,CLI-00404,2026-06-06,uso_feature,3
EVT-009666,CLI-00404,2026-06-06,descarga_reporte,5
EVT-009667,CLI-00425,2026-06-06,login,1
EVT-009668,CLI-00448,2026-06-06,descarga_reporte,6
EVT-009669,CLI-00453,2026-06-06,uso_feature,3
EVT-009670,CLI-00501,2026-06-06,login,1
EVT-009671,CLI-00503,2026-06-06,invitacion_usuario,8
EVT-009672,CLI-00004,2026-06-07,login,1
EVT-009673,CLI-00027,2026-06-07,descarga_reporte,5
EVT-009674,CLI-00028,2026-06-07,login,2
EVT-009675,CLI-00052,2026-06-07,login,1
EVT-009676,CLI-00054,2026-06-07,uso_feature,3
EVT-009677,CLI-00148,2026-06-07,uso_feature,4
EVT-009678,CLI-00170,2026-06-07,login,1
EVT-009679,CLI-00195,2026-06-07,uso_feature,3
EVT-009680,CLI-00211,2026-06-07,descarga_reporte,5
EVT-009681,CLI-00241,2026-06-07,uso_feature,4
EVT-009682,CLI-00256,2026-06-07,login,1
EVT-009683,CLI-00264,2026-06-07,login,2
EVT-009684,CLI-00265,2026-06-07,uso_feature,3
EVT-009685,CLI-00289,2026-06-07,uso_feature,4
EVT-009686,CLI-00290,2026-06-07,login,1
EVT-009687,CLI-00350,2026-06-07,uso_feature,4
EVT-009688,CLI-00367,2026-06-07,login,1
EVT-009689,CLI-00390,2026-06-07,login,2
EVT-009690,CLI-00393,2026-06-07,login,1
EVT-009691,CLI-00396,2026-06-07,login,1
EVT-009692,CLI-00399,2026-06-07,descarga_reporte,5
EVT-009693,CLI-00428,2026-06-07,invitacion_usuario,8
EVT-009694,CLI-00443,2026-06-07,login,1
EVT-009695,CLI-00455,2026-06-07,login,1
EVT-009696,CLI-00490,2026-06-07,uso_feature,3
EVT-009697,CLI-00492,2026-06-07,uso_feature,4
EVT-009698,CLI-00503,2026-06-07,login,1
EVT-009699,CLI-00509,2026-06-07,descarga_reporte,5
EVT-009700,CLI-00006,2026-06-08,login,2
EVT-009701,CLI-00045,2026-06-08,uso_feature,3
EVT-009702,CLI-00045,2026-06-08,login,1
EVT-009703,CLI-00052,2026-06-08,login,1
EVT-009704,CLI-00066,2026-06-08,login,1
EVT-009705,CLI-00107,2026-06-08,login,1
EVT-009706,CLI-00131,2026-06-08,descarga_reporte,6
EVT-009707,CLI-00144,2026-06-08,descarga_reporte,5
EVT-009708,CLI-00163,2026-06-08,uso_feature,3
EVT-009709,CLI-00169,2026-06-08,uso_feature,3
EVT-009710,CLI-00191,2026-06-08,uso_feature,4
EVT-009711,CLI-00195,2026-06-08,descarga_reporte,6
EVT-009712,CLI-00233,2026-06-08,login,1
EVT-009713,CLI-00264,2026-06-08,uso_feature,3
EVT-009714,CLI-00325,2026-06-08,uso_feature,3
EVT-009715,CLI-00345,2026-06-08,descarga_reporte,6
EVT-009716,CLI-00354,2026-06-08,descarga_reporte,5
EVT-009717,CLI-00369,2026-06-08,login,1
EVT-009718,CLI-00369,2026-06-08,invitacion_usuario,8
EVT-009719,CLI-00371,2026-06-08,uso_feature,4
EVT-009720,CLI-00390,2026-06-08,uso_feature,4
EVT-009721,CLI-00424,2026-06-08,descarga_reporte,6
EVT-009722,CLI-00437,2026-06-08,login,1
EVT-009723,CLI-00458,2026-06-08,invitacion_usuario,8
EVT-009724,CLI-00468,2026-06-08,uso_feature,3
EVT-009725,CLI-00484,2026-06-08,login,1
EVT-009726,CLI-00488,2026-06-08,login,1
EVT-009727,CLI-00018,2026-06-09,invitacion_usuario,8
EVT-009728,CLI-00034,2026-06-09,login,2
EVT-009729,CLI-00036,2026-06-09,login,1
EVT-009730,CLI-00039,2026-06-09,login,1
EVT-009731,CLI-00046,2026-06-09,invitacion_usuario,9
EVT-009732,CLI-00077,2026-06-09,descarga_reporte,5
EVT-009733,CLI-00084,2026-06-09,login,1
EVT-009734,CLI-00088,2026-06-09,login,2
EVT-009735,CLI-00108,2026-06-09,login,2
EVT-009736,CLI-00169,2026-06-09,uso_feature,3
EVT-009737,CLI-00194,2026-06-09,uso_feature,3
EVT-009738,CLI-00216,2026-06-09,uso_feature,4
EVT-009739,CLI-00228,2026-06-09,uso_feature,4
EVT-009740,CLI-00242,2026-06-09,descarga_reporte,5
EVT-009741,CLI-00250,2026-06-09,uso_feature,3
EVT-009742,CLI-00333,2026-06-09,login,1
EVT-009743,CLI-00350,2026-06-09,uso_feature,4
EVT-009744,CLI-00371,2026-06-09,invitacion_usuario,9
EVT-009745,CLI-00393,2026-06-09,login,1
EVT-009746,CLI-00416,2026-06-09,descarga_reporte,6
EVT-009747,CLI-00429,2026-06-09,descarga_reporte,6
EVT-009748,CLI-00443,2026-06-09,descarga_reporte,5
EVT-009749,CLI-00453,2026-06-09,login,1
EVT-009750,CLI-00460,2026-06-09,login,2
EVT-009751,CLI-00468,2026-06-09,descarga_reporte,5
EVT-009752,CLI-00475,2026-06-09,login,2
EVT-009753,CLI-00484,2026-06-09,uso_feature,3
EVT-009754,CLI-00490,2026-06-09,uso_feature,3
EVT-009755,CLI-00496,2026-06-09,login,2
EVT-009756,CLI-00046,2026-06-10,uso_feature,4
EVT-009757,CLI-00080,2026-06-10,login,1
EVT-009758,CLI-00084,2026-06-10,login,1
EVT-009759,CLI-00104,2026-06-10,descarga_reporte,5
EVT-009760,CLI-00164,2026-06-10,login,1
EVT-009761,CLI-00191,2026-06-10,login,1
EVT-009762,CLI-00216,2026-06-10,login,2
EVT-009763,CLI-00228,2026-06-10,descarga_reporte,6
EVT-009764,CLI-00264,2026-06-10,login,1
EVT-009765,CLI-00265,2026-06-10,login,1
EVT-009766,CLI-00359,2026-06-10,descarga_reporte,5
EVT-009767,CLI-00424,2026-06-10,uso_feature,4
EVT-009768,CLI-00034,2026-06-11,uso_feature,3
EVT-009769,CLI-00081,2026-06-11,login,2
EVT-009770,CLI-00084,2026-06-11,invitacion_usuario,8
EVT-009771,CLI-00151,2026-06-11,descarga_reporte,6
EVT-009772,CLI-00164,2026-06-11,uso_feature,3
EVT-009773,CLI-00173,2026-06-11,descarga_reporte,5
EVT-009774,CLI-00194,2026-06-11,login,2
EVT-009775,CLI-00203,2026-06-11,uso_feature,3
EVT-009776,CLI-00218,2026-06-11,descarga_reporte,5
EVT-009777,CLI-00226,2026-06-11,login,1
EVT-009778,CLI-00242,2026-06-11,uso_feature,4
EVT-009779,CLI-00344,2026-06-11,login,1
EVT-009780,CLI-00354,2026-06-11,login,1
EVT-009781,CLI-00376,2026-06-11,login,1
EVT-009782,CLI-00393,2026-06-11,uso_feature,3
EVT-009783,CLI-00428,2026-06-11,login,1
EVT-009784,CLI-00452,2026-06-11,uso_feature,3
EVT-009785,CLI-00501,2026-06-11,uso_feature,3
EVT-009786,CLI-00508,2026-06-11,uso_feature,4
EVT-009787,CLI-00028,2026-06-12,descarga_reporte,5
EVT-009788,CLI-00028,2026-06-12,login,1
EVT-009789,CLI-00097,2026-06-12,login,2
EVT-009790,CLI-00173,2026-06-12,descarga_reporte,5
EVT-009791,CLI-00179,2026-06-12,uso_feature,4
EVT-009792,CLI-00189,2026-06-12,login,1
EVT-009793,CLI-00194,2026-06-12,login,1
EVT-009794,CLI-00235,2026-06-12,login,2
EVT-009795,CLI-00240,2026-06-12,login,2
EVT-009796,CLI-00279,2026-06-12,login,2
EVT-009797,CLI-00341,2026-06-12,login,1
EVT-009798,CLI-00344,2026-06-12,login,1
EVT-009799,CLI-00369,2026-06-12,descarga_reporte,6
EVT-009800,CLI-00404,2026-06-12,login,1
EVT-009801,CLI-00411,2026-06-12,uso_feature,4
EVT-009802,CLI-00411,2026-06-12,descarga_reporte,6
EVT-009803,CLI-00429,2026-06-12,descarga_reporte,5
EVT-009804,CLI-00448,2026-06-12,invitacion_usuario,9
EVT-009805,CLI-00468,2026-06-12,login,1
EVT-009806,CLI-00016,2026-06-13,descarga_reporte,5
EVT-009807,CLI-00059,2026-06-13,uso_feature,3
EVT-009808,CLI-00077,2026-06-13,login,1
EVT-009809,CLI-00153,2026-06-13,uso_feature,4
EVT-009810,CLI-00163,2026-06-13,login,2
EVT-009811,CLI-00172,2026-06-13,invitacion_usuario,8
EVT-009812,CLI-00200,2026-06-13,invitacion_usuario,8
EVT-009813,CLI-00281,2026-06-13,invitacion_usuario,9
EVT-009814,CLI-00317,2026-06-13,login,2
EVT-009815,CLI-00325,2026-06-13,login,1
EVT-009816,CLI-00325,2026-06-13,login,1
EVT-009817,CLI-00344,2026-06-13,uso_feature,3
EVT-009818,CLI-00357,2026-06-13,login,2
EVT-009819,CLI-00453,2026-06-13,login,2
EVT-009820,CLI-00475,2026-06-13,uso_feature,4
EVT-009821,CLI-00484,2026-06-13,uso_feature,3
EVT-009822,CLI-00492,2026-06-13,login,2
EVT-009823,CLI-00496,2026-06-13,login,2
EVT-009824,CLI-00496,2026-06-13,uso_feature,3
EVT-009825,CLI-00500,2026-06-13,login,2
EVT-009826,CLI-00501,2026-06-13,descarga_reporte,6
EVT-009827,CLI-00506,2026-06-13,uso_feature,4
EVT-009828,CLI-00003,2026-06-14,descarga_reporte,6
EVT-009829,CLI-00043,2026-06-14,descarga_reporte,5
EVT-009830,CLI-00046,2026-06-14,login,1
EVT-009831,CLI-00096,2026-06-14,uso_feature,3
EVT-009832,CLI-00203,2026-06-14,descarga_reporte,6
EVT-009833,CLI-00206,2026-06-14,descarga_reporte,5
EVT-009834,CLI-00235,2026-06-14,login,1
EVT-009835,CLI-00250,2026-06-14,descarga_reporte,6
EVT-009836,CLI-00275,2026-06-14,uso_feature,3
EVT-009837,CLI-00281,2026-06-14,login,1
EVT-009838,CLI-00345,2026-06-14,uso_feature,4
EVT-009839,CLI-00388,2026-06-14,uso_feature,3
EVT-009840,CLI-00428,2026-06-14,login,1
EVT-009841,CLI-00452,2026-06-14,login,1
EVT-009842,CLI-00455,2026-06-14,invitacion_usuario,9
EVT-009843,CLI-00458,2026-06-14,login,2
EVT-009844,CLI-00485,2026-06-14,login,1
EVT-009845,CLI-00501,2026-06-14,login,1
EVT-009846,CLI-00506,2026-06-14,login,1
EVT-009847,CLI-00023,2026-06-15,login,2
EVT-009848,CLI-00097,2026-06-15,descarga_reporte,5
EVT-009849,CLI-00115,2026-06-15,login,2
EVT-009850,CLI-00130,2026-06-15,login,1
EVT-009851,CLI-00130,2026-06-15,invitacion_usuario,9
EVT-009852,CLI-00161,2026-06-15,uso_feature,4
EVT-009853,CLI-00164,2026-06-15,uso_feature,3
EVT-009854,CLI-00175,2026-06-15,descarga_reporte,5
EVT-009855,CLI-00179,2026-06-15,descarga_reporte,5
EVT-009856,CLI-00203,2026-06-15,login,1
EVT-009857,CLI-00204,2026-06-15,descarga_reporte,6
EVT-009858,CLI-00216,2026-06-15,uso_feature,3
EVT-009859,CLI-00238,2026-06-15,uso_feature,4
EVT-009860,CLI-00248,2026-06-15,invitacion_usuario,8
EVT-009861,CLI-00260,2026-06-15,login,1
EVT-009862,CLI-00265,2026-06-15,descarga_reporte,5
EVT-009863,CLI-00271,2026-06-15,login,1
EVT-009864,CLI-00279,2026-06-15,login,1
EVT-009865,CLI-00340,2026-06-15,uso_feature,3
EVT-009866,CLI-00396,2026-06-15,uso_feature,4
EVT-009867,CLI-00453,2026-06-15,login,1
EVT-009868,CLI-00460,2026-06-15,login,1
EVT-009869,CLI-00488,2026-06-15,login,1
EVT-009870,CLI-00505,2026-06-15,uso_feature,4
EVT-009871,CLI-00506,2026-06-15,login,1
EVT-009872,CLI-00046,2026-06-16,login,1
EVT-009873,CLI-00058,2026-06-16,login,2
EVT-009874,CLI-00059,2026-06-16,login,1
EVT-009875,CLI-00080,2026-06-16,uso_feature,3
EVT-009876,CLI-00139,2026-06-16,descarga_reporte,5
EVT-009877,CLI-00175,2026-06-16,login,2
EVT-009878,CLI-00189,2026-06-16,login,1
EVT-009879,CLI-00216,2026-06-16,descarga_reporte,5
EVT-009880,CLI-00218,2026-06-16,login,1
EVT-009881,CLI-00250,2026-06-16,login,1
EVT-009882,CLI-00275,2026-06-16,invitacion_usuario,8
EVT-009883,CLI-00333,2026-06-16,login,2
EVT-009884,CLI-00343,2026-06-16,uso_feature,3
EVT-009885,CLI-00344,2026-06-16,descarga_reporte,5
EVT-009886,CLI-00345,2026-06-16,uso_feature,3
EVT-009887,CLI-00347,2026-06-16,uso_feature,3
EVT-009888,CLI-00365,2026-06-16,descarga_reporte,6
EVT-009889,CLI-00367,2026-06-16,login,2
EVT-009890,CLI-00376,2026-06-16,uso_feature,3
EVT-009891,CLI-00381,2026-06-16,login,1
EVT-009892,CLI-00390,2026-06-16,uso_feature,4
EVT-009893,CLI-00414,2026-06-16,login,1
EVT-009894,CLI-00433,2026-06-16,descarga_reporte,5
EVT-009895,CLI-00505,2026-06-16,uso_feature,3
EVT-009896,CLI-00508,2026-06-16,login,1
EVT-009897,CLI-00509,2026-06-16,uso_feature,3
EVT-009898,CLI-00018,2026-06-17,descarga_reporte,5
EVT-009899,CLI-00035,2026-06-17,uso_feature,3
EVT-009900,CLI-00041,2026-06-17,descarga_reporte,5
EVT-009901,CLI-00051,2026-06-17,descarga_reporte,5
EVT-009902,CLI-00077,2026-06-17,login,1
EVT-009903,CLI-00080,2026-06-17,login,1
EVT-009904,CLI-00149,2026-06-17,invitacion_usuario,9
EVT-009905,CLI-00172,2026-06-17,login,1
EVT-009906,CLI-00196,2026-06-17,uso_feature,4
EVT-009907,CLI-00199,2026-06-17,uso_feature,4
EVT-009908,CLI-00260,2026-06-17,uso_feature,3
EVT-009909,CLI-00281,2026-06-17,uso_feature,3
EVT-009910,CLI-00358,2026-06-17,uso_feature,3
EVT-009911,CLI-00394,2026-06-17,invitacion_usuario,8
EVT-009912,CLI-00404,2026-06-17,login,1
EVT-009913,CLI-00431,2026-06-17,login,1
EVT-009914,CLI-00457,2026-06-17,login,1
EVT-009915,CLI-00458,2026-06-17,uso_feature,4
EVT-009916,CLI-00503,2026-06-17,login,1
EVT-009917,CLI-00041,2026-06-18,login,1
EVT-009918,CLI-00055,2026-06-18,descarga_reporte,5
EVT-009919,CLI-00139,2026-06-18,uso_feature,3
EVT-009920,CLI-00191,2026-06-18,uso_feature,3
EVT-009921,CLI-00194,2026-06-18,descarga_reporte,5
EVT-009922,CLI-00225,2026-06-18,login,1
EVT-009923,CLI-00248,2026-06-18,descarga_reporte,6
EVT-009924,CLI-00275,2026-06-18,login,2
EVT-009925,CLI-00339,2026-06-18,login,1
EVT-009926,CLI-00339,2026-06-18,login,1
EVT-009927,CLI-00367,2026-06-18,login,1
EVT-009928,CLI-00369,2026-06-18,uso_feature,3
EVT-009929,CLI-00376,2026-06-18,login,1
EVT-009930,CLI-00390,2026-06-18,uso_feature,4
EVT-009931,CLI-00394,2026-06-18,uso_feature,3
EVT-009932,CLI-00505,2026-06-18,uso_feature,4
EVT-009933,CLI-00506,2026-06-18,descarga_reporte,6
EVT-009934,CLI-00003,2026-06-19,login,1
EVT-009935,CLI-00018,2026-06-19,login,1
EVT-009936,CLI-00035,2026-06-19,login,1
EVT-009937,CLI-00051,2026-06-19,login,1
EVT-009938,CLI-00066,2026-06-19,login,1
EVT-009939,CLI-00109,2026-06-19,login,1
EVT-009940,CLI-00130,2026-06-19,login,1
EVT-009941,CLI-00139,2026-06-19,uso_feature,3
EVT-009942,CLI-00145,2026-06-19,descarga_reporte,5
EVT-009943,CLI-00163,2026-06-19,login,1
EVT-009944,CLI-00218,2026-06-19,login,2
EVT-009945,CLI-00241,2026-06-19,login,1
EVT-009946,CLI-00272,2026-06-19,invitacion_usuario,8
EVT-009947,CLI-00333,2026-06-19,uso_feature,3
EVT-009948,CLI-00384,2026-06-19,login,1
EVT-009949,CLI-00385,2026-06-19,login,1
EVT-009950,CLI-00394,2026-06-19,uso_feature,3
EVT-009951,CLI-00394,2026-06-19,descarga_reporte,5
EVT-009952,CLI-00394,2026-06-19,descarga_reporte,5
EVT-009953,CLI-00424,2026-06-19,login,1
EVT-009954,CLI-00429,2026-06-19,uso_feature,3
EVT-009955,CLI-00440,2026-06-19,uso_feature,3
EVT-009956,CLI-00035,2026-06-20,invitacion_usuario,8
EVT-009957,CLI-00035,2026-06-20,descarga_reporte,5
EVT-009958,CLI-00052,2026-06-20,uso_feature,4
EVT-009959,CLI-00055,2026-06-20,login,1
EVT-009960,CLI-00175,2026-06-20,login,1
EVT-009961,CLI-00203,2026-06-20,login,1
EVT-009962,CLI-00235,2026-06-20,uso_feature,3
EVT-009963,CLI-00240,2026-06-20,login,1
EVT-009964,CLI-00265,2026-06-20,login,1
EVT-009965,CLI-00289,2026-06-20,uso_feature,3
EVT-009966,CLI-00354,2026-06-20,uso_feature,3
EVT-009967,CLI-00358,2026-06-20,login,1
EVT-009968,CLI-00371,2026-06-20,login,1
EVT-009969,CLI-00411,2026-06-20,login,1
EVT-009970,CLI-00415,2026-06-20,invitacion_usuario,8
EVT-009971,CLI-00485,2026-06-20,login,1
EVT-009972,CLI-00500,2026-06-20,login,2
EVT-009973,CLI-00505,2026-06-20,uso_feature,3
EVT-009974,CLI-00034,2026-06-21,login,1
EVT-009975,CLI-00073,2026-06-21,uso_feature,3
EVT-009976,CLI-00077,2026-06-21,login,2
EVT-009977,CLI-00117,2026-06-21,login,1
EVT-009978,CLI-00123,2026-06-21,uso_feature,3
EVT-009979,CLI-00179,2026-06-21,login,1
EVT-009980,CLI-00196,2026-06-21,login,1
EVT-009981,CLI-00204,2026-06-21,descarga_reporte,6
EVT-009982,CLI-00211,2026-06-21,login,2
EVT-009983,CLI-00247,2026-06-21,descarga_reporte,5
EVT-009984,CLI-00247,2026-06-21,uso_feature,3
EVT-009985,CLI-00271,2026-06-21,login,2
EVT-009986,CLI-00275,2026-06-21,login,1
EVT-009987,CLI-00317,2026-06-21,login,1
EVT-009988,CLI-00404,2026-06-21,login,1
EVT-009989,CLI-00424,2026-06-21,login,2
EVT-009990,CLI-00435,2026-06-21,uso_feature,3
EVT-009991,CLI-00446,2026-06-21,descarga_reporte,6
EVT-009992,CLI-00448,2026-06-21,login,1
EVT-009993,CLI-00455,2026-06-21,uso_feature,3
EVT-009994,CLI-00457,2026-06-21,uso_feature,4
EVT-009995,CLI-00034,2026-06-22,login,1
EVT-009996,CLI-00045,2026-06-22,login,1
EVT-009997,CLI-00059,2026-06-22,uso_feature,3
EVT-009998,CLI-00073,2026-06-22,uso_feature,4
EVT-009999,CLI-00080,2026-06-22,login,1
EVT-010000,CLI-00135,2026-06-22,login,1
EVT-010001,CLI-00139,2026-06-22,login,2
EVT-010002,CLI-00175,2026-06-22,uso_feature,4
EVT-010003,CLI-00195,2026-06-22,login,1
EVT-010004,CLI-00233,2026-06-22,invitacion_usuario,8
EVT-010005,CLI-00342,2026-06-22,invitacion_usuario,9
EVT-010006,CLI-00357,2026-06-22,uso_feature,3
EVT-010007,CLI-00371,2026-06-22,login,1
EVT-010008,CLI-00414,2026-06-22,login,2
EVT-010009,CLI-00415,2026-06-22,descarga_reporte,5
EVT-010010,CLI-00433,2026-06-22,uso_feature,4
EVT-010011,CLI-00460,2026-06-22,uso_feature,3
EVT-010012,CLI-00484,2026-06-22,login,1
EVT-010013,CLI-00488,2026-06-22,uso_feature,3
EVT-010014,CLI-00509,2026-06-22,uso_feature,4
EVT-010015,CLI-00003,2026-06-23,login,1
EVT-010016,CLI-00059,2026-06-23,login,2
EVT-010017,CLI-00066,2026-06-23,descarga_reporte,5
EVT-010018,CLI-00106,2026-06-23,login,1
EVT-010019,CLI-00109,2026-06-23,invitacion_usuario,8
EVT-010020,CLI-00153,2026-06-23,descarga_reporte,6
EVT-010021,CLI-00189,2026-06-23,login,1
EVT-010022,CLI-00196,2026-06-23,uso_feature,3
EVT-010023,CLI-00204,2026-06-23,login,1
EVT-010024,CLI-00206,2026-06-23,login,1
EVT-010025,CLI-00225,2026-06-23,uso_feature,3
EVT-010026,CLI-00228,2026-06-23,login,1
EVT-010027,CLI-00233,2026-06-23,uso_feature,3
EVT-010028,CLI-00233,2026-06-23,login,1
EVT-010029,CLI-00233,2026-06-23,login,1
EVT-010030,CLI-00235,2026-06-23,login,1
EVT-010031,CLI-00257,2026-06-23,login,1
EVT-010032,CLI-00337,2026-06-23,descarga_reporte,5
EVT-010033,CLI-00341,2026-06-23,uso_feature,4
EVT-010034,CLI-00365,2026-06-23,uso_feature,3
EVT-010035,CLI-00379,2026-06-23,login,1
EVT-010036,CLI-00414,2026-06-23,login,1
EVT-010037,CLI-00039,2026-06-24,login,1
EVT-010038,CLI-00045,2026-06-24,login,1
EVT-010039,CLI-00055,2026-06-24,uso_feature,4
EVT-010040,CLI-00058,2026-06-24,login,1
EVT-010041,CLI-00090,2026-06-24,uso_feature,4
EVT-010042,CLI-00130,2026-06-24,login,1
EVT-010043,CLI-00161,2026-06-24,uso_feature,3
EVT-010044,CLI-00169,2026-06-24,login,2
EVT-010045,CLI-00203,2026-06-24,login,2
EVT-010046,CLI-00220,2026-06-24,uso_feature,4
EVT-010047,CLI-00238,2026-06-24,uso_feature,3
EVT-010048,CLI-00248,2026-06-24,uso_feature,3
EVT-010049,CLI-00281,2026-06-24,login,1
EVT-010050,CLI-00317,2026-06-24,uso_feature,4
EVT-010051,CLI-00345,2026-06-24,login,1
EVT-010052,CLI-00354,2026-06-24,login,1
EVT-010053,CLI-00379,2026-06-24,invitacion_usuario,8
EVT-010054,CLI-00393,2026-06-24,descarga_reporte,6
EVT-010055,CLI-00452,2026-06-24,login,2
EVT-010056,CLI-00452,2026-06-24,uso_feature,3
EVT-010057,CLI-00500,2026-06-24,descarga_reporte,5
EVT-010058,CLI-00027,2026-06-25,descarga_reporte,5
EVT-010059,CLI-00034,2026-06-25,uso_feature,3
EVT-010060,CLI-00043,2026-06-25,descarga_reporte,5
EVT-010061,CLI-00046,2026-06-25,descarga_reporte,6
EVT-010062,CLI-00051,2026-06-25,uso_feature,4
EVT-010063,CLI-00084,2026-06-25,uso_feature,4
EVT-010064,CLI-00175,2026-06-25,login,1
EVT-010065,CLI-00189,2026-06-25,login,2
EVT-010066,CLI-00228,2026-06-25,login,1
EVT-010067,CLI-00235,2026-06-25,login,1
EVT-010068,CLI-00250,2026-06-25,descarga_reporte,5
EVT-010069,CLI-00359,2026-06-25,descarga_reporte,5
EVT-010070,CLI-00396,2026-06-25,login,2
EVT-010071,CLI-00410,2026-06-25,login,1
EVT-010072,CLI-00457,2026-06-25,login,2
EVT-010073,CLI-00458,2026-06-25,descarga_reporte,6
EVT-010074,CLI-00506,2026-06-25,uso_feature,4
EVT-010075,CLI-00509,2026-06-25,invitacion_usuario,8
EVT-010076,CLI-00023,2026-06-26,uso_feature,4
EVT-010077,CLI-00052,2026-06-26,login,2
EVT-010078,CLI-00060,2026-06-26,descarga_reporte,5
EVT-010079,CLI-00090,2026-06-26,uso_feature,3
EVT-010080,CLI-00128,2026-06-26,login,1
EVT-010081,CLI-00145,2026-06-26,login,1
EVT-010082,CLI-00161,2026-06-26,descarga_reporte,6
EVT-010083,CLI-00169,2026-06-26,login,1
EVT-010084,CLI-00204,2026-06-26,descarga_reporte,6
EVT-010085,CLI-00247,2026-06-26,uso_feature,4
EVT-010086,CLI-00342,2026-06-26,invitacion_usuario,8
EVT-010087,CLI-00359,2026-06-26,login,1
EVT-010088,CLI-00379,2026-06-26,login,1
EVT-010089,CLI-00382,2026-06-26,login,2
EVT-010090,CLI-00425,2026-06-26,login,1
EVT-010091,CLI-00023,2026-06-27,uso_feature,4
EVT-010092,CLI-00029,2026-06-27,login,2
EVT-010093,CLI-00039,2026-06-27,login,2
EVT-010094,CLI-00059,2026-06-27,login,1
EVT-010095,CLI-00088,2026-06-27,invitacion_usuario,9
EVT-010096,CLI-00142,2026-06-27,uso_feature,3
EVT-010097,CLI-00191,2026-06-27,login,1
EVT-010098,CLI-00260,2026-06-27,descarga_reporte,5
EVT-010099,CLI-00264,2026-06-27,invitacion_usuario,9
EVT-010100,CLI-00339,2026-06-27,descarga_reporte,6
EVT-010101,CLI-00343,2026-06-27,login,2
EVT-010102,CLI-00350,2026-06-27,login,1
EVT-010103,CLI-00369,2026-06-27,login,2
EVT-010104,CLI-00371,2026-06-27,descarga_reporte,5
EVT-010105,CLI-00381,2026-06-27,descarga_reporte,6
EVT-010106,CLI-00390,2026-06-27,login,2
EVT-010107,CLI-00414,2026-06-27,uso_feature,3
EVT-010108,CLI-00023,2026-06-28,uso_feature,3
EVT-010109,CLI-00041,2026-06-28,descarga_reporte,5
EVT-010110,CLI-00052,2026-06-28,login,1
EVT-010111,CLI-00088,2026-06-28,login,1
EVT-010112,CLI-00117,2026-06-28,descarga_reporte,5
EVT-010113,CLI-00117,2026-06-28,login,1
EVT-010114,CLI-00153,2026-06-28,login,1
EVT-010115,CLI-00200,2026-06-28,login,1
EVT-010116,CLI-00247,2026-06-28,uso_feature,3
EVT-010117,CLI-00358,2026-06-28,login,2
EVT-010118,CLI-00376,2026-06-28,login,2
EVT-010119,CLI-00388,2026-06-28,descarga_reporte,5
EVT-010120,CLI-00429,2026-06-28,uso_feature,4
EVT-010121,CLI-00455,2026-06-28,invitacion_usuario,8
EVT-010122,CLI-00484,2026-06-28,uso_feature,3
EVT-010123,CLI-00003,2026-07-01,descarga_reporte,5
EVT-010124,CLI-00045,2026-07-01,uso_feature,3
EVT-010125,CLI-00090,2026-07-01,login,2
EVT-010126,CLI-00096,2026-07-01,login,1
EVT-010127,CLI-00104,2026-07-01,login,2
EVT-010128,CLI-00107,2026-07-01,login,1
EVT-010129,CLI-00150,2026-07-01,descarga_reporte,5
EVT-010130,CLI-00173,2026-07-01,invitacion_usuario,8
EVT-010131,CLI-00179,2026-07-01,descarga_reporte,6
EVT-010132,CLI-00199,2026-07-01,login,1
EVT-010133,CLI-00233,2026-07-01,login,2
EVT-010134,CLI-00241,2026-07-01,descarga_reporte,6
EVT-010135,CLI-00279,2026-07-01,uso_feature,4
EVT-010136,CLI-00446,2026-07-01,uso_feature,3
EVT-010137,CLI-00448,2026-07-01,uso_feature,3
EVT-010138,CLI-00455,2026-07-01,uso_feature,4
EVT-010139,CLI-00460,2026-07-01,descarga_reporte,5
EVT-010140,CLI-00460,2026-07-01,login,1
EVT-010141,CLI-00485,2026-07-01,uso_feature,3
EVT-010142,CLI-00490,2026-07-01,login,1
EVT-010143,CLI-00028,2026-07-02,uso_feature,3
EVT-010144,CLI-00028,2026-07-02,uso_feature,3
EVT-010145,CLI-00039,2026-07-02,uso_feature,3
EVT-010146,CLI-00096,2026-07-02,login,1
EVT-010147,CLI-00123,2026-07-02,uso_feature,3
EVT-010148,CLI-00139,2026-07-02,login,1
EVT-010149,CLI-00161,2026-07-02,login,1
EVT-010150,CLI-00173,2026-07-02,uso_feature,3
EVT-010151,CLI-00191,2026-07-02,uso_feature,3
EVT-010152,CLI-00195,2026-07-02,uso_feature,3
EVT-010153,CLI-00196,2026-07-02,login,1
EVT-010154,CLI-00204,2026-07-02,login,1
EVT-010155,CLI-00216,2026-07-02,login,2
EVT-010156,CLI-00325,2026-07-02,login,1
EVT-010157,CLI-00354,2026-07-02,uso_feature,3
EVT-010158,CLI-00369,2026-07-02,descarga_reporte,6
EVT-010159,CLI-00414,2026-07-02,login,2
EVT-010160,CLI-00468,2026-07-02,login,1
EVT-010161,CLI-00503,2026-07-02,uso_feature,3
EVT-010162,CLI-00508,2026-07-02,uso_feature,3
EVT-010163,CLI-00006,2026-07-03,uso_feature,3
EVT-010164,CLI-00028,2026-07-03,login,1
EVT-010165,CLI-00059,2026-07-03,invitacion_usuario,8
EVT-010166,CLI-00088,2026-07-03,invitacion_usuario,8
EVT-010167,CLI-00090,2026-07-03,login,1
EVT-010168,CLI-00096,2026-07-03,login,2
EVT-010169,CLI-00107,2026-07-03,uso_feature,4
EVT-010170,CLI-00135,2026-07-03,login,2
EVT-010171,CLI-00148,2026-07-03,descarga_reporte,5
EVT-010172,CLI-00170,2026-07-03,login,2
EVT-010173,CLI-00226,2026-07-03,uso_feature,3
EVT-010174,CLI-00265,2026-07-03,login,2
EVT-010175,CLI-00289,2026-07-03,login,1
EVT-010176,CLI-00290,2026-07-03,uso_feature,3
EVT-010177,CLI-00344,2026-07-03,login,1
EVT-010178,CLI-00354,2026-07-03,login,1
EVT-010179,CLI-00359,2026-07-03,login,1
EVT-010180,CLI-00443,2026-07-03,login,1
EVT-010181,CLI-00452,2026-07-03,descarga_reporte,6
EVT-010182,CLI-00460,2026-07-03,uso_feature,3
EVT-010183,CLI-00485,2026-07-03,uso_feature,3
EVT-010184,CLI-00490,2026-07-03,login,1
EVT-010185,CLI-00023,2026-07-04,descarga_reporte,5
EVT-010186,CLI-00035,2026-07-04,uso_feature,3
EVT-010187,CLI-00041,2026-07-04,login,2
EVT-010188,CLI-00045,2026-07-04,descarga_reporte,6
EVT-010189,CLI-00054,2026-07-04,invitacion_usuario,9
EVT-010190,CLI-00104,2026-07-04,login,1
EVT-010191,CLI-00106,2026-07-04,login,2
EVT-010192,CLI-00115,2026-07-04,login,2
EVT-010193,CLI-00117,2026-07-04,login,1
EVT-010194,CLI-00123,2026-07-04,descarga_reporte,5
EVT-010195,CLI-00130,2026-07-04,descarga_reporte,5
EVT-010196,CLI-00142,2026-07-04,uso_feature,3
EVT-010197,CLI-00175,2026-07-04,uso_feature,4
EVT-010198,CLI-00226,2026-07-04,login,2
EVT-010199,CLI-00256,2026-07-04,login,2
EVT-010200,CLI-00257,2026-07-04,uso_feature,4
EVT-010201,CLI-00317,2026-07-04,uso_feature,3
EVT-010202,CLI-00337,2026-07-04,login,1
EVT-010203,CLI-00345,2026-07-04,login,1
EVT-010204,CLI-00347,2026-07-04,uso_feature,4
EVT-010205,CLI-00358,2026-07-04,uso_feature,4
EVT-010206,CLI-00384,2026-07-04,login,2
EVT-010207,CLI-00394,2026-07-04,uso_feature,4
EVT-010208,CLI-00428,2026-07-04,uso_feature,4
EVT-010209,CLI-00437,2026-07-04,login,2
EVT-010210,CLI-00455,2026-07-04,login,2
EVT-010211,CLI-00051,2026-07-05,descarga_reporte,5
EVT-010212,CLI-00115,2026-07-05,uso_feature,3
EVT-010213,CLI-00139,2026-07-05,descarga_reporte,6
EVT-010214,CLI-00144,2026-07-05,uso_feature,3
EVT-010215,CLI-00161,2026-07-05,uso_feature,3
EVT-010216,CLI-00200,2026-07-05,uso_feature,4
EVT-010217,CLI-00206,2026-07-05,login,1
EVT-010218,CLI-00242,2026-07-05,login,1
EVT-010219,CLI-00371,2026-07-05,descarga_reporte,6
EVT-010220,CLI-00390,2026-07-05,login,2
EVT-010221,CLI-00396,2026-07-05,login,1
EVT-010222,CLI-00414,2026-07-05,uso_feature,3
EVT-010223,CLI-00452,2026-07-05,uso_feature,4
EVT-010224,CLI-00455,2026-07-05,uso_feature,4
EVT-010225,CLI-00046,2026-07-06,login,1
EVT-010226,CLI-00058,2026-07-06,descarga_reporte,5
EVT-010227,CLI-00106,2026-07-06,login,1
EVT-010228,CLI-00108,2026-07-06,login,1
EVT-010229,CLI-00130,2026-07-06,login,1
EVT-010230,CLI-00135,2026-07-06,login,2
EVT-010231,CLI-00144,2026-07-06,uso_feature,3
EVT-010232,CLI-00175,2026-07-06,descarga_reporte,5
EVT-010233,CLI-00204,2026-07-06,login,1
EVT-010234,CLI-00218,2026-07-06,invitacion_usuario,8
EVT-010235,CLI-00238,2026-07-06,descarga_reporte,6
EVT-010236,CLI-00238,2026-07-06,login,1
EVT-010237,CLI-00264,2026-07-06,invitacion_usuario,8
EVT-010238,CLI-00275,2026-07-06,login,1
EVT-010239,CLI-00342,2026-07-06,login,1
EVT-010240,CLI-00381,2026-07-06,login,1
EVT-010241,CLI-00390,2026-07-06,uso_feature,3
EVT-010242,CLI-00428,2026-07-06,descarga_reporte,6
EVT-010243,CLI-00431,2026-07-06,descarga_reporte,5
EVT-010244,CLI-00440,2026-07-06,descarga_reporte,6
EVT-010245,CLI-00443,2026-07-06,uso_feature,3
EVT-010246,CLI-00452,2026-07-06,login,1
EVT-010247,CLI-00457,2026-07-06,descarga_reporte,6
EVT-010248,CLI-00500,2026-07-06,login,1
EVT-010249,CLI-00501,2026-07-06,login,1
EVT-010250,CLI-00506,2026-07-06,descarga_reporte,6
EVT-010251,CLI-00508,2026-07-06,login,1
EVT-010252,CLI-00006,2026-07-07,uso_feature,4
EVT-010253,CLI-00006,2026-07-07,login,1
EVT-010254,CLI-00023,2026-07-07,login,1
EVT-010255,CLI-00060,2026-07-07,login,2
EVT-010256,CLI-00080,2026-07-07,login,1
EVT-010257,CLI-00139,2026-07-07,login,2
EVT-010258,CLI-00163,2026-07-07,login,2
EVT-010259,CLI-00247,2026-07-07,login,2
EVT-010260,CLI-00271,2026-07-07,login,1
EVT-010261,CLI-00357,2026-07-07,descarga_reporte,5
EVT-010262,CLI-00365,2026-07-07,login,1
EVT-010263,CLI-00365,2026-07-07,login,1
EVT-010264,CLI-00371,2026-07-07,login,1
EVT-010265,CLI-00382,2026-07-07,uso_feature,3
EVT-010266,CLI-00390,2026-07-07,login,2
EVT-010267,CLI-00391,2026-07-07,uso_feature,3
EVT-010268,CLI-00394,2026-07-07,invitacion_usuario,9
EVT-010269,CLI-00424,2026-07-07,login,2
EVT-010270,CLI-00446,2026-07-07,login,1
EVT-010271,CLI-00509,2026-07-07,uso_feature,3
EVT-010272,CLI-00066,2026-07-08,login,1
EVT-010273,CLI-00090,2026-07-08,login,1
EVT-010274,CLI-00096,2026-07-08,login,1
EVT-010275,CLI-00179,2026-07-08,uso_feature,3
EVT-010276,CLI-00199,2026-07-08,login,1
EVT-010277,CLI-00211,2026-07-08,uso_feature,3
EVT-010278,CLI-00241,2026-07-08,login,1
EVT-010279,CLI-00264,2026-07-08,uso_feature,4
EVT-010280,CLI-00325,2026-07-08,uso_feature,4
EVT-010281,CLI-00344,2026-07-08,login,1
EVT-010282,CLI-00388,2026-07-08,login,2
EVT-010283,CLI-00411,2026-07-08,login,1
EVT-010284,CLI-00475,2026-07-08,login,1
EVT-010285,CLI-00500,2026-07-08,uso_feature,3
EVT-010286,CLI-00006,2026-07-09,login,2
EVT-010287,CLI-00027,2026-07-09,login,1
EVT-010288,CLI-00073,2026-07-09,descarga_reporte,5
EVT-010289,CLI-00080,2026-07-09,login,1
EVT-010290,CLI-00117,2026-07-09,login,2
EVT-010291,CLI-00142,2026-07-09,invitacion_usuario,8
EVT-010292,CLI-00161,2026-07-09,descarga_reporte,5
EVT-010293,CLI-00170,2026-07-09,uso_feature,3
EVT-010294,CLI-00194,2026-07-09,login,1
EVT-010295,CLI-00216,2026-07-09,uso_feature,3
EVT-010296,CLI-00240,2026-07-09,login,1
EVT-010297,CLI-00289,2026-07-09,uso_feature,3
EVT-010298,CLI-00357,2026-07-09,uso_feature,3
EVT-010299,CLI-00358,2026-07-09,uso_feature,3
EVT-010300,CLI-00365,2026-07-09,uso_feature,3
EVT-010301,CLI-00379,2026-07-09,descarga_reporte,5
EVT-010302,CLI-00410,2026-07-09,login,2
EVT-010303,CLI-00433,2026-07-09,login,1
EVT-010304,CLI-00437,2026-07-09,login,1
EVT-010305,CLI-00485,2026-07-09,login,2
EVT-010306,CLI-00496,2026-07-09,descarga_reporte,5
EVT-010307,CLI-00501,2026-07-09,descarga_reporte,5
EVT-010308,CLI-00204,2026-07-10,descarga_reporte,5
EVT-010309,CLI-00342,2026-07-10,descarga_reporte,5
EVT-010310,CLI-00343,2026-07-10,login,1
EVT-010311,CLI-00376,2026-07-10,login,1
EVT-010312,CLI-00376,2026-07-10,uso_feature,3
EVT-010313,CLI-00379,2026-07-10,uso_feature,3
EVT-010314,CLI-00411,2026-07-10,login,1
EVT-010315,CLI-00437,2026-07-10,descarga_reporte,6
EVT-010316,CLI-00448,2026-07-10,uso_feature,3
EVT-010317,CLI-00175,2026-07-11,uso_feature,3
EVT-010318,CLI-00175,2026-07-11,login,1
EVT-010319,CLI-00175,2026-07-11,uso_feature,3
EVT-010320,CLI-00179,2026-07-11,login,1
EVT-010321,CLI-00194,2026-07-11,descarga_reporte,5
EVT-010322,CLI-00216,2026-07-11,uso_feature,3
EVT-010323,CLI-00235,2026-07-11,login,1
EVT-010324,CLI-00354,2026-07-11,login,2
EVT-010325,CLI-00359,2026-07-11,descarga_reporte,5
EVT-010326,CLI-00391,2026-07-11,invitacion_usuario,8
EVT-010327,CLI-00391,2026-07-11,invitacion_usuario,8
EVT-010328,CLI-00424,2026-07-11,login,1
EVT-010329,CLI-00425,2026-07-11,login,2
EVT-010330,CLI-00448,2026-07-11,login,2
EVT-010331,CLI-00490,2026-07-11,uso_feature,3
EVT-010332,CLI-00023,2026-07-12,login,1
EVT-010333,CLI-00027,2026-07-12,login,2
EVT-010334,CLI-00034,2026-07-12,uso_feature,3
EVT-010335,CLI-00045,2026-07-12,login,2
EVT-010336,CLI-00045,2026-07-12,uso_feature,3
EVT-010337,CLI-00066,2026-07-12,login,1
EVT-010338,CLI-00088,2026-07-12,login,1
EVT-010339,CLI-00115,2026-07-12,uso_feature,3
EVT-010340,CLI-00139,2026-07-12,login,2
EVT-010341,CLI-00151,2026-07-12,login,1
EVT-010342,CLI-00161,2026-07-12,login,1
EVT-010343,CLI-00169,2026-07-12,login,2
EVT-010344,CLI-00199,2026-07-12,login,1
EVT-010345,CLI-00200,2026-07-12,login,1
EVT-010346,CLI-00218,2026-07-12,login,1
EVT-010347,CLI-00220,2026-07-12,uso_feature,3
EVT-010348,CLI-00220,2026-07-12,login,2
EVT-010349,CLI-00340,2026-07-12,uso_feature,3
EVT-010350,CLI-00341,2026-07-12,uso_feature,3
EVT-010351,CLI-00388,2026-07-12,descarga_reporte,5
EVT-010352,CLI-00410,2026-07-12,login,2
EVT-010353,CLI-00435,2026-07-12,login,2
EVT-010354,CLI-00452,2026-07-12,login,2
EVT-010355,CLI-00453,2026-07-12,uso_feature,4
EVT-010356,CLI-00492,2026-07-12,login,1
EVT-010357,CLI-00505,2026-07-12,login,2
EVT-010358,CLI-00035,2026-07-13,uso_feature,3
EVT-010359,CLI-00052,2026-07-13,descarga_reporte,6
EVT-010360,CLI-00060,2026-07-13,login,1
EVT-010361,CLI-00084,2026-07-13,login,1
EVT-010362,CLI-00090,2026-07-13,uso_feature,4
EVT-010363,CLI-00149,2026-07-13,login,2
EVT-010364,CLI-00264,2026-07-13,uso_feature,3
EVT-010365,CLI-00367,2026-07-13,invitacion_usuario,8
EVT-010366,CLI-00379,2026-07-13,login,1
EVT-010367,CLI-00391,2026-07-13,login,1
EVT-010368,CLI-00416,2026-07-13,uso_feature,4
EVT-010369,CLI-00443,2026-07-13,descarga_reporte,6
EVT-010370,CLI-00508,2026-07-13,login,1
EVT-010371,CLI-00004,2026-07-14,login,1
EVT-010372,CLI-00073,2026-07-14,login,2
EVT-010373,CLI-00097,2026-07-14,login,1
EVT-010374,CLI-00097,2026-07-14,login,1
EVT-010375,CLI-00161,2026-07-14,login,1
EVT-010376,CLI-00172,2026-07-14,login,1
EVT-010377,CLI-00200,2026-07-14,login,2
EVT-010378,CLI-00250,2026-07-14,login,1
EVT-010379,CLI-00260,2026-07-14,login,1
EVT-010380,CLI-00265,2026-07-14,descarga_reporte,5
EVT-010381,CLI-00339,2026-07-14,uso_feature,3
EVT-010382,CLI-00341,2026-07-14,uso_feature,3
EVT-010383,CLI-00344,2026-07-14,descarga_reporte,6
EVT-010384,CLI-00376,2026-07-14,login,1
EVT-010385,CLI-00399,2026-07-14,login,1
EVT-010386,CLI-00399,2026-07-14,login,1
EVT-010387,CLI-00415,2026-07-14,uso_feature,4
EVT-010388,CLI-00415,2026-07-14,login,1
EVT-010389,CLI-00431,2026-07-14,login,1
EVT-010390,CLI-00435,2026-07-14,login,1
EVT-010391,CLI-00443,2026-07-14,invitacion_usuario,8
EVT-010392,CLI-00448,2026-07-14,login,1
EVT-010393,CLI-00453,2026-07-14,uso_feature,3
EVT-010394,CLI-00506,2026-07-14,uso_feature,3
EVT-010395,CLI-00003,2026-07-15,descarga_reporte,5
EVT-010396,CLI-00018,2026-07-15,descarga_reporte,5
EVT-010397,CLI-00034,2026-07-15,uso_feature,3
EVT-010398,CLI-00043,2026-07-15,uso_feature,3
EVT-010399,CLI-00109,2026-07-15,login,1
EVT-010400,CLI-00130,2026-07-15,invitacion_usuario,8
EVT-010401,CLI-00218,2026-07-15,login,1
EVT-010402,CLI-00241,2026-07-15,login,1
EVT-010403,CLI-00345,2026-07-15,uso_feature,3
EVT-010404,CLI-00359,2026-07-15,login,2
EVT-010405,CLI-00369,2026-07-15,login,2
EVT-010406,CLI-00411,2026-07-15,uso_feature,4
EVT-010407,CLI-00429,2026-07-15,login,2
EVT-010408,CLI-00004,2026-07-16,uso_feature,3
EVT-010409,CLI-00028,2026-07-16,descarga_reporte,5
EVT-010410,CLI-00058,2026-07-16,login,1
EVT-010411,CLI-00060,2026-07-16,uso_feature,3
EVT-010412,CLI-00077,2026-07-16,descarga_reporte,5
EVT-010413,CLI-00106,2026-07-16,uso_feature,3
EVT-010414,CLI-00128,2026-07-16,uso_feature,3
EVT-010415,CLI-00135,2026-07-16,invitacion_usuario,8
EVT-010416,CLI-00144,2026-07-16,uso_feature,4
EVT-010417,CLI-00164,2026-07-16,login,1
EVT-010418,CLI-00203,2026-07-16,login,1
EVT-010419,CLI-00218,2026-07-16,descarga_reporte,5
EVT-010420,CLI-00225,2026-07-16,login,1
EVT-010421,CLI-00226,2026-07-16,uso_feature,3
EVT-010422,CLI-00242,2026-07-16,login,1
EVT-010423,CLI-00248,2026-07-16,uso_feature,4
EVT-010424,CLI-00289,2026-07-16,uso_feature,3
EVT-010425,CLI-00337,2026-07-16,login,1
EVT-010426,CLI-00343,2026-07-16,login,2
EVT-010427,CLI-00385,2026-07-16,uso_feature,3
EVT-010428,CLI-00385,2026-07-16,uso_feature,4
EVT-010429,CLI-00415,2026-07-16,login,2
EVT-010430,CLI-00437,2026-07-16,uso_feature,4
EVT-010431,CLI-00448,2026-07-16,uso_feature,3
EVT-010432,CLI-00458,2026-07-16,login,2
EVT-010433,CLI-00080,2026-07-17,login,2
EVT-010434,CLI-00123,2026-07-17,login,1
EVT-010435,CLI-00135,2026-07-17,descarga_reporte,5
EVT-010436,CLI-00144,2026-07-17,descarga_reporte,6
EVT-010437,CLI-00194,2026-07-17,login,2
EVT-010438,CLI-00200,2026-07-17,login,1
EVT-010439,CLI-00367,2026-07-17,login,1
EVT-010440,CLI-00382,2026-07-17,login,1
EVT-010441,CLI-00382,2026-07-17,login,2
EVT-010442,CLI-00399,2026-07-17,login,2
EVT-010443,CLI-00404,2026-07-17,uso_feature,4
EVT-010444,CLI-00410,2026-07-17,login,1
EVT-010445,CLI-00446,2026-07-17,descarga_reporte,6
EVT-010446,CLI-00506,2026-07-17,uso_feature,3
EVT-010447,CLI-00004,2026-07-18,uso_feature,3
EVT-010448,CLI-00029,2026-07-18,login,2
EVT-010449,CLI-00080,2026-07-18,login,2
EVT-010450,CLI-00081,2026-07-18,login,1
EVT-010451,CLI-00104,2026-07-18,descarga_reporte,6
EVT-010452,CLI-00148,2026-07-18,login,1
EVT-010453,CLI-00153,2026-07-18,descarga_reporte,5
EVT-010454,CLI-00170,2026-07-18,login,2
EVT-010455,CLI-00189,2026-07-18,uso_feature,3
EVT-010456,CLI-00275,2026-07-18,login,1
EVT-010457,CLI-00357,2026-07-18,login,1
EVT-010458,CLI-00382,2026-07-18,login,2
EVT-010459,CLI-00416,2026-07-18,descarga_reporte,5
EVT-010460,CLI-00429,2026-07-18,uso_feature,3
EVT-010461,CLI-00475,2026-07-18,login,2
EVT-010462,CLI-00485,2026-07-18,login,1
EVT-010463,CLI-00036,2026-07-19,uso_feature,3
EVT-010464,CLI-00058,2026-07-19,login,1
EVT-010465,CLI-00080,2026-07-19,invitacion_usuario,8
EVT-010466,CLI-00173,2026-07-19,login,1
EVT-010467,CLI-00194,2026-07-19,uso_feature,4
EVT-010468,CLI-00200,2026-07-19,descarga_reporte,6
EVT-010469,CLI-00225,2026-07-19,login,1
EVT-010470,CLI-00233,2026-07-19,uso_feature,3
EVT-010471,CLI-00272,2026-07-19,login,2
EVT-010472,CLI-00275,2026-07-19,descarga_reporte,6
EVT-010473,CLI-00347,2026-07-19,descarga_reporte,5
EVT-010474,CLI-00371,2026-07-19,descarga_reporte,5
EVT-010475,CLI-00394,2026-07-19,uso_feature,3
EVT-010476,CLI-00394,2026-07-19,login,2
EVT-010477,CLI-00399,2026-07-19,descarga_reporte,5
EVT-010478,CLI-00440,2026-07-19,login,2
EVT-010479,CLI-00443,2026-07-19,uso_feature,3
EVT-010480,CLI-00500,2026-07-19,invitacion_usuario,8
EVT-010481,CLI-00505,2026-07-19,login,1
EVT-010482,CLI-00509,2026-07-19,uso_feature,3
EVT-010483,CLI-00016,2026-07-20,login,1
EVT-010484,CLI-00035,2026-07-20,uso_feature,4
EVT-010485,CLI-00043,2026-07-20,login,1
EVT-010486,CLI-00054,2026-07-20,login,2
EVT-010487,CLI-00073,2026-07-20,descarga_reporte,6
EVT-010488,CLI-00106,2026-07-20,login,1
EVT-010489,CLI-00149,2026-07-20,uso_feature,4
EVT-010490,CLI-00149,2026-07-20,uso_feature,3
EVT-010491,CLI-00203,2026-07-20,uso_feature,4
EVT-010492,CLI-00216,2026-07-20,login,2
EVT-010493,CLI-00226,2026-07-20,uso_feature,3
EVT-010494,CLI-00250,2026-07-20,login,1
EVT-010495,CLI-00341,2026-07-20,login,2
EVT-010496,CLI-00343,2026-07-20,descarga_reporte,5
EVT-010497,CLI-00428,2026-07-20,login,1
EVT-010498,CLI-00453,2026-07-20,uso_feature,3
EVT-010499,CLI-00455,2026-07-20,descarga_reporte,5
EVT-010500,CLI-00457,2026-07-20,login,1
EVT-010501,CLI-00043,2026-07-21,login,1
EVT-010502,CLI-00066,2026-07-21,login,2
EVT-010503,CLI-00173,2026-07-21,uso_feature,3
EVT-010504,CLI-00235,2026-07-21,uso_feature,4
EVT-010505,CLI-00281,2026-07-21,descarga_reporte,6
EVT-010506,CLI-00289,2026-07-21,login,1
EVT-010507,CLI-00290,2026-07-21,login,1
EVT-010508,CLI-00367,2026-07-21,uso_feature,3
EVT-010509,CLI-00376,2026-07-21,uso_feature,3
EVT-010510,CLI-00393,2026-07-21,login,2
EVT-010511,CLI-00416,2026-07-21,login,1
EVT-010512,CLI-00428,2026-07-21,uso_feature,3
EVT-010513,CLI-00453,2026-07-21,uso_feature,3
EVT-010514,CLI-00458,2026-07-21,uso_feature,3
EVT-010515,CLI-00484,2026-07-21,descarga_reporte,5
EVT-010516,CLI-00485,2026-07-21,uso_feature,3
EVT-010517,CLI-00488,2026-07-21,login,1
EVT-010518,CLI-00488,2026-07-21,invitacion_usuario,8
EVT-010519,CLI-00018,2026-07-22,login,1
EVT-010520,CLI-00041,2026-07-22,login,1
EVT-010521,CLI-00041,2026-07-22,uso_feature,3
EVT-010522,CLI-00043,2026-07-22,login,1
EVT-010523,CLI-00059,2026-07-22,login,1
EVT-010524,CLI-00097,2026-07-22,login,1
EVT-010525,CLI-00130,2026-07-22,uso_feature,4
EVT-010526,CLI-00151,2026-07-22,login,2
EVT-010527,CLI-00163,2026-07-22,login,2
EVT-010528,CLI-00163,2026-07-22,descarga_reporte,5
EVT-010529,CLI-00206,2026-07-22,descarga_reporte,5
EVT-010530,CLI-00218,2026-07-22,descarga_reporte,6
EVT-010531,CLI-00247,2026-07-22,login,2
EVT-010532,CLI-00260,2026-07-22,descarga_reporte,6
EVT-010533,CLI-00260,2026-07-22,invitacion_usuario,8
EVT-010534,CLI-00272,2026-07-22,login,2
EVT-010535,CLI-00354,2026-07-22,invitacion_usuario,8
EVT-010536,CLI-00358,2026-07-22,login,2
EVT-010537,CLI-00359,2026-07-22,uso_feature,3
EVT-010538,CLI-00396,2026-07-22,login,1
EVT-010539,CLI-00399,2026-07-22,uso_feature,3
EVT-010540,CLI-00411,2026-07-22,uso_feature,4
EVT-010541,CLI-00446,2026-07-22,login,1
EVT-010542,CLI-00446,2026-07-22,descarga_reporte,6
EVT-010543,CLI-00488,2026-07-22,uso_feature,4
EVT-010544,CLI-00041,2026-07-23,descarga_reporte,5
EVT-010545,CLI-00046,2026-07-23,login,1
EVT-010546,CLI-00096,2026-07-23,uso_feature,3
EVT-010547,CLI-00107,2026-07-23,login,1
EVT-010548,CLI-00107,2026-07-23,descarga_reporte,5
EVT-010549,CLI-00107,2026-07-23,login,1
EVT-010550,CLI-00151,2026-07-23,uso_feature,3
EVT-010551,CLI-00170,2026-07-23,uso_feature,3
EVT-010552,CLI-00172,2026-07-23,descarga_reporte,6
EVT-010553,CLI-00241,2026-07-23,uso_feature,3
EVT-010554,CLI-00248,2026-07-23,login,1
EVT-010555,CLI-00260,2026-07-23,login,1
EVT-010556,CLI-00333,2026-07-23,descarga_reporte,6
EVT-010557,CLI-00358,2026-07-23,uso_feature,4
EVT-010558,CLI-00365,2026-07-23,login,2
EVT-010559,CLI-00376,2026-07-23,descarga_reporte,5
EVT-010560,CLI-00390,2026-07-23,uso_feature,4
EVT-010561,CLI-00414,2026-07-23,login,2
EVT-010562,CLI-00424,2026-07-23,login,2
EVT-010563,CLI-00505,2026-07-23,login,1
EVT-010564,CLI-00006,2026-07-24,uso_feature,3
EVT-010565,CLI-00027,2026-07-24,descarga_reporte,5
EVT-010566,CLI-00039,2026-07-24,login,2
EVT-010567,CLI-00051,2026-07-24,login,1
EVT-010568,CLI-00097,2026-07-24,login,2
EVT-010569,CLI-00106,2026-07-24,login,1
EVT-010570,CLI-00115,2026-07-24,login,1
EVT-010571,CLI-00123,2026-07-24,login,2
EVT-010572,CLI-00131,2026-07-24,descarga_reporte,6
EVT-010573,CLI-00260,2026-07-24,descarga_reporte,5
EVT-010574,CLI-00265,2026-07-24,descarga_reporte,5
EVT-010575,CLI-00371,2026-07-24,login,1
EVT-010576,CLI-00452,2026-07-24,login,1
EVT-010577,CLI-00475,2026-07-24,descarga_reporte,5
EVT-010578,CLI-00488,2026-07-24,login,2
EVT-010579,CLI-00018,2026-07-25,login,1
EVT-010580,CLI-00045,2026-07-25,login,2
EVT-010581,CLI-00051,2026-07-25,login,1
EVT-010582,CLI-00055,2026-07-25,uso_feature,3
EVT-010583,CLI-00060,2026-07-25,invitacion_usuario,8
EVT-010584,CLI-00139,2026-07-25,login,2
EVT-010585,CLI-00148,2026-07-25,login,1
EVT-010586,CLI-00150,2026-07-25,descarga_reporte,5
EVT-010587,CLI-00194,2026-07-25,uso_feature,3
EVT-010588,CLI-00233,2026-07-25,descarga_reporte,5
EVT-010589,CLI-00275,2026-07-25,descarga_reporte,5
EVT-010590,CLI-00325,2026-07-25,descarga_reporte,5
EVT-010591,CLI-00347,2026-07-25,descarga_reporte,5
EVT-010592,CLI-00371,2026-07-25,login,1
EVT-010593,CLI-00394,2026-07-25,descarga_reporte,5
EVT-010594,CLI-00410,2026-07-25,uso_feature,3
EVT-010595,CLI-00414,2026-07-25,login,1
EVT-010596,CLI-00458,2026-07-25,uso_feature,4
EVT-010597,CLI-00460,2026-07-25,descarga_reporte,6
EVT-010598,CLI-00505,2026-07-25,descarga_reporte,6
EVT-010599,CLI-00003,2026-07-26,login,1
EVT-010600,CLI-00055,2026-07-26,login,1
EVT-010601,CLI-00104,2026-07-26,uso_feature,3
EVT-010602,CLI-00144,2026-07-26,uso_feature,4
EVT-010603,CLI-00170,2026-07-26,login,1
EVT-010604,CLI-00238,2026-07-26,invitacion_usuario,8
EVT-010605,CLI-00242,2026-07-26,login,1
EVT-010606,CLI-00341,2026-07-26,login,2
EVT-010607,CLI-00350,2026-07-26,login,1
EVT-010608,CLI-00354,2026-07-26,login,1
EVT-010609,CLI-00381,2026-07-26,login,1
EVT-010610,CLI-00391,2026-07-26,uso_feature,3
EVT-010611,CLI-00393,2026-07-26,login,1
EVT-010612,CLI-00411,2026-07-26,login,1
EVT-010613,CLI-00428,2026-07-26,descarga_reporte,6
EVT-010614,CLI-00455,2026-07-26,uso_feature,4
EVT-010615,CLI-00496,2026-07-26,descarga_reporte,5
EVT-010616,CLI-00508,2026-07-26,login,1
EVT-010617,CLI-00023,2026-07-27,descarga_reporte,5
EVT-010618,CLI-00028,2026-07-27,login,1
EVT-010619,CLI-00041,2026-07-27,uso_feature,4
EVT-010620,CLI-00108,2026-07-27,login,1
EVT-010621,CLI-00135,2026-07-27,login,1
EVT-010622,CLI-00179,2026-07-27,login,2
EVT-010623,CLI-00191,2026-07-27,descarga_reporte,6
EVT-010624,CLI-00199,2026-07-27,login,1
EVT-010625,CLI-00203,2026-07-27,uso_feature,3
EVT-010626,CLI-00247,2026-07-27,uso_feature,3
EVT-010627,CLI-00365,2026-07-27,login,1
EVT-010628,CLI-00437,2026-07-27,uso_feature,3
EVT-010629,CLI-00457,2026-07-27,uso_feature,3
EVT-010630,CLI-00509,2026-07-27,descarga_reporte,5
EVT-010631,CLI-00060,2026-07-28,login,1
EVT-010632,CLI-00090,2026-07-28,login,2
EVT-010633,CLI-00097,2026-07-28,login,1
EVT-010634,CLI-00148,2026-07-28,login,1
EVT-010635,CLI-00191,2026-07-28,login,2
EVT-010636,CLI-00216,2026-07-28,uso_feature,3
EVT-010637,CLI-00220,2026-07-28,login,1
EVT-010638,CLI-00228,2026-07-28,descarga_reporte,5
EVT-010639,CLI-00238,2026-07-28,login,1
EVT-010640,CLI-00381,2026-07-28,uso_feature,3
EVT-010641,CLI-00385,2026-07-28,login,1
EVT-010642,CLI-00414,2026-07-28,descarga_reporte,6
EVT-010643,CLI-00416,2026-07-28,login,1
EVT-010644,CLI-00488,2026-07-28,uso_feature,4
EVT-010645,CLI-00496,2026-07-28,uso_feature,3
EVT-010646,CLI-00500,2026-07-28,login,2
EVT-010647,CLI-00077,2026-08-01,login,2
EVT-010648,CLI-00135,2026-08-01,login,1
EVT-010649,CLI-00135,2026-08-01,descarga_reporte,5
EVT-010650,CLI-00142,2026-08-01,login,1
EVT-010651,CLI-00149,2026-08-01,login,2
EVT-010652,CLI-00206,2026-08-01,uso_feature,3
EVT-010653,CLI-00279,2026-08-01,descarga_reporte,5
EVT-010654,CLI-00290,2026-08-01,login,1
EVT-010655,CLI-00317,2026-08-01,uso_feature,3
EVT-010656,CLI-00339,2026-08-01,login,2
EVT-010657,CLI-00458,2026-08-01,uso_feature,4
EVT-010658,CLI-00488,2026-08-01,uso_feature,3
EVT-010659,CLI-00492,2026-08-01,login,1
EVT-010660,CLI-00023,2026-08-02,descarga_reporte,5
EVT-010661,CLI-00055,2026-08-02,uso_feature,3
EVT-010662,CLI-00108,2026-08-02,login,1
EVT-010663,CLI-00200,2026-08-02,uso_feature,4
EVT-010664,CLI-00203,2026-08-02,login,2
EVT-010665,CLI-00203,2026-08-02,descarga_reporte,5
EVT-010666,CLI-00225,2026-08-02,login,1
EVT-010667,CLI-00235,2026-08-02,login,2
EVT-010668,CLI-00279,2026-08-02,descarga_reporte,6
EVT-010669,CLI-00289,2026-08-02,login,1
EVT-010670,CLI-00317,2026-08-02,login,2
EVT-010671,CLI-00340,2026-08-02,uso_feature,4
EVT-010672,CLI-00382,2026-08-02,invitacion_usuario,8
EVT-010673,CLI-00410,2026-08-02,descarga_reporte,5
EVT-010674,CLI-00431,2026-08-02,uso_feature,3
EVT-010675,CLI-00484,2026-08-02,uso_feature,3
EVT-010676,CLI-00500,2026-08-02,invitacion_usuario,8
EVT-010677,CLI-00066,2026-08-03,uso_feature,4
EVT-010678,CLI-00081,2026-08-03,descarga_reporte,5
EVT-010679,CLI-00081,2026-08-03,login,1
EVT-010680,CLI-00104,2026-08-03,login,1
EVT-010681,CLI-00148,2026-08-03,login,1
EVT-010682,CLI-00151,2026-08-03,login,1
EVT-010683,CLI-00153,2026-08-03,descarga_reporte,5
EVT-010684,CLI-00175,2026-08-03,uso_feature,3
EVT-010685,CLI-00228,2026-08-03,uso_feature,4
EVT-010686,CLI-00347,2026-08-03,invitacion_usuario,8
EVT-010687,CLI-00354,2026-08-03,invitacion_usuario,8
EVT-010688,CLI-00393,2026-08-03,login,2
EVT-010689,CLI-00399,2026-08-03,login,1
EVT-010690,CLI-00404,2026-08-03,descarga_reporte,5
EVT-010691,CLI-00414,2026-08-03,uso_feature,3
EVT-010692,CLI-00440,2026-08-03,uso_feature,4
EVT-010693,CLI-00446,2026-08-03,descarga_reporte,5
EVT-010694,CLI-00453,2026-08-03,login,1
EVT-010695,CLI-00455,2026-08-03,login,1
EVT-010696,CLI-00488,2026-08-03,uso_feature,4
EVT-010697,CLI-00051,2026-08-04,login,1
EVT-010698,CLI-00058,2026-08-04,uso_feature,4
EVT-010699,CLI-00169,2026-08-04,login,1
EVT-010700,CLI-00169,2026-08-04,descarga_reporte,5
EVT-010701,CLI-00172,2026-08-04,login,2
EVT-010702,CLI-00179,2026-08-04,login,1
EVT-010703,CLI-00199,2026-08-04,uso_feature,4
EVT-010704,CLI-00242,2026-08-04,uso_feature,4
EVT-010705,CLI-00248,2026-08-04,login,2
EVT-010706,CLI-00256,2026-08-04,login,2
EVT-010707,CLI-00272,2026-08-04,uso_feature,4
EVT-010708,CLI-00272,2026-08-04,uso_feature,3
EVT-010709,CLI-00325,2026-08-04,login,2
EVT-010710,CLI-00339,2026-08-04,login,2
EVT-010711,CLI-00369,2026-08-04,login,1
EVT-010712,CLI-00376,2026-08-04,login,1
EVT-010713,CLI-00393,2026-08-04,uso_feature,3
EVT-010714,CLI-00396,2026-08-04,invitacion_usuario,9
EVT-010715,CLI-00399,2026-08-04,login,1
EVT-010716,CLI-00404,2026-08-04,invitacion_usuario,8
EVT-010717,CLI-00416,2026-08-04,descarga_reporte,5
EVT-010718,CLI-00437,2026-08-04,login,1
EVT-010719,CLI-00446,2026-08-04,login,1
EVT-010720,CLI-00455,2026-08-04,uso_feature,3
EVT-010721,CLI-00458,2026-08-04,login,1
EVT-010722,CLI-00458,2026-08-04,login,2
EVT-010723,CLI-00509,2026-08-04,descarga_reporte,5
EVT-010724,CLI-00004,2026-08-05,uso_feature,3
EVT-010725,CLI-00016,2026-08-05,login,1
EVT-010726,CLI-00055,2026-08-05,login,1
EVT-010727,CLI-00058,2026-08-05,login,1
EVT-010728,CLI-00060,2026-08-05,descarga_reporte,6
EVT-010729,CLI-00081,2026-08-05,uso_feature,4
EVT-010730,CLI-00123,2026-08-05,login,1
EVT-010731,CLI-00151,2026-08-05,uso_feature,3
EVT-010732,CLI-00153,2026-08-05,login,1
EVT-010733,CLI-00175,2026-08-05,descarga_reporte,5
EVT-010734,CLI-00211,2026-08-05,descarga_reporte,6
EVT-010735,CLI-00289,2026-08-05,login,1
EVT-010736,CLI-00290,2026-08-05,invitacion_usuario,8
EVT-010737,CLI-00333,2026-08-05,login,2
EVT-010738,CLI-00371,2026-08-05,uso_feature,3
EVT-010739,CLI-00433,2026-08-05,login,2
EVT-010740,CLI-00453,2026-08-05,login,2
EVT-010741,CLI-00453,2026-08-05,uso_feature,4
EVT-010742,CLI-00485,2026-08-05,login,1
EVT-010743,CLI-00016,2026-08-06,uso_feature,3
EVT-010744,CLI-00035,2026-08-06,login,1
EVT-010745,CLI-00046,2026-08-06,login,1
EVT-010746,CLI-00058,2026-08-06,descarga_reporte,5
EVT-010747,CLI-00080,2026-08-06,login,2
EVT-010748,CLI-00164,2026-08-06,login,1
EVT-010749,CLI-00195,2026-08-06,login,2
EVT-010750,CLI-00200,2026-08-06,login,1
EVT-010751,CLI-00211,2026-08-06,login,1
EVT-010752,CLI-00247,2026-08-06,login,2
EVT-010753,CLI-00290,2026-08-06,uso_feature,3
EVT-010754,CLI-00354,2026-08-06,login,1
EVT-010755,CLI-00396,2026-08-06,login,2
EVT-010756,CLI-00429,2026-08-06,uso_feature,3
EVT-010757,CLI-00475,2026-08-06,login,1
EVT-010758,CLI-00475,2026-08-06,uso_feature,4
EVT-010759,CLI-00503,2026-08-06,uso_feature,3
EVT-010760,CLI-00027,2026-08-07,uso_feature,4
EVT-010761,CLI-00045,2026-08-07,descarga_reporte,6
EVT-010762,CLI-00131,2026-08-07,login,1
EVT-010763,CLI-00139,2026-08-07,uso_feature,3
EVT-010764,CLI-00170,2026-08-07,uso_feature,3
EVT-010765,CLI-00189,2026-08-07,login,1
EVT-010766,CLI-00191,2026-08-07,invitacion_usuario,8
EVT-010767,CLI-00248,2026-08-07,descarga_reporte,6
EVT-010768,CLI-00272,2026-08-07,uso_feature,3
EVT-010769,CLI-00317,2026-08-07,uso_feature,3
EVT-010770,CLI-00340,2026-08-07,invitacion_usuario,8
EVT-010771,CLI-00347,2026-08-07,login,2
EVT-010772,CLI-00365,2026-08-07,descarga_reporte,5
EVT-010773,CLI-00379,2026-08-07,login,2
EVT-010774,CLI-00384,2026-08-07,login,2
EVT-010775,CLI-00411,2026-08-07,login,1
EVT-010776,CLI-00411,2026-08-07,login,1
EVT-010777,CLI-00428,2026-08-07,uso_feature,3
EVT-010778,CLI-00505,2026-08-07,descarga_reporte,6
EVT-010779,CLI-00023,2026-08-08,login,1
EVT-010780,CLI-00027,2026-08-08,invitacion_usuario,8
EVT-010781,CLI-00055,2026-08-08,uso_feature,3
EVT-010782,CLI-00088,2026-08-08,login,2
EVT-010783,CLI-00097,2026-08-08,login,1
EVT-010784,CLI-00139,2026-08-08,login,2
EVT-010785,CLI-00142,2026-08-08,login,1
EVT-010786,CLI-00151,2026-08-08,descarga_reporte,6
EVT-010787,CLI-00179,2026-08-08,descarga_reporte,6
EVT-010788,CLI-00179,2026-08-08,uso_feature,3
EVT-010789,CLI-00195,2026-08-08,uso_feature,3
EVT-010790,CLI-00264,2026-08-08,login,2
EVT-010791,CLI-00341,2026-08-08,descarga_reporte,5
EVT-010792,CLI-00382,2026-08-08,uso_feature,4
EVT-010793,CLI-00428,2026-08-08,uso_feature,4
EVT-010794,CLI-00448,2026-08-08,login,1
EVT-010795,CLI-00448,2026-08-08,login,1
EVT-010796,CLI-00088,2026-08-09,uso_feature,3
EVT-010797,CLI-00107,2026-08-09,login,2
EVT-010798,CLI-00130,2026-08-09,uso_feature,4
EVT-010799,CLI-00150,2026-08-09,descarga_reporte,5
EVT-010800,CLI-00164,2026-08-09,descarga_reporte,6
EVT-010801,CLI-00194,2026-08-09,login,1
EVT-010802,CLI-00290,2026-08-09,login,1
EVT-010803,CLI-00381,2026-08-09,login,1
EVT-010804,CLI-00385,2026-08-09,login,2
EVT-010805,CLI-00433,2026-08-09,uso_feature,4
EVT-010806,CLI-00437,2026-08-09,invitacion_usuario,8
EVT-010807,CLI-00460,2026-08-09,invitacion_usuario,8
EVT-010808,CLI-00485,2026-08-09,login,1
EVT-010809,CLI-00023,2026-08-10,login,1
EVT-010810,CLI-00035,2026-08-10,uso_feature,3
EVT-010811,CLI-00096,2026-08-10,login,1
EVT-010812,CLI-00128,2026-08-10,descarga_reporte,6
EVT-010813,CLI-00169,2026-08-10,descarga_reporte,5
EVT-010814,CLI-00179,2026-08-10,uso_feature,3
EVT-010815,CLI-00199,2026-08-10,uso_feature,4
EVT-010816,CLI-00228,2026-08-10,login,1
EVT-010817,CLI-00325,2026-08-10,login,1
EVT-010818,CLI-00365,2026-08-10,login,1
EVT-010819,CLI-00367,2026-08-10,uso_feature,3
EVT-010820,CLI-00414,2026-08-10,uso_feature,4
EVT-010821,CLI-00435,2026-08-10,uso_feature,3
EVT-010822,CLI-00443,2026-08-10,login,1
EVT-010823,CLI-00448,2026-08-10,uso_feature,3
EVT-010824,CLI-00492,2026-08-10,login,2
EVT-010825,CLI-00003,2026-08-11,login,2
EVT-010826,CLI-00018,2026-08-11,login,1
EVT-010827,CLI-00073,2026-08-11,uso_feature,3
EVT-010828,CLI-00077,2026-08-11,invitacion_usuario,8
EVT-010829,CLI-00077,2026-08-11,descarga_reporte,5
EVT-010830,CLI-00090,2026-08-11,login,1
EVT-010831,CLI-00148,2026-08-11,login,1
EVT-010832,CLI-00206,2026-08-11,uso_feature,3
EVT-010833,CLI-00240,2026-08-11,login,2
EVT-010834,CLI-00250,2026-08-11,descarga_reporte,5
EVT-010835,CLI-00264,2026-08-11,descarga_reporte,6
EVT-010836,CLI-00271,2026-08-11,login,1
EVT-010837,CLI-00289,2026-08-11,login,2
EVT-010838,CLI-00367,2026-08-11,uso_feature,4
EVT-010839,CLI-00369,2026-08-11,uso_feature,3
EVT-010840,CLI-00424,2026-08-11,descarga_reporte,6
EVT-010841,CLI-00435,2026-08-11,uso_feature,3
EVT-010842,CLI-00457,2026-08-11,descarga_reporte,6
EVT-010843,CLI-00468,2026-08-11,login,2
EVT-010844,CLI-00058,2026-08-12,login,2
EVT-010845,CLI-00058,2026-08-12,login,1
EVT-010846,CLI-00108,2026-08-12,login,1
EVT-010847,CLI-00123,2026-08-12,login,1
EVT-010848,CLI-00128,2026-08-12,login,1
EVT-010849,CLI-00149,2026-08-12,invitacion_usuario,9
EVT-010850,CLI-00149,2026-08-12,login,1
EVT-010851,CLI-00151,2026-08-12,login,2
EVT-010852,CLI-00163,2026-08-12,uso_feature,4
EVT-010853,CLI-00172,2026-08-12,descarga_reporte,6
EVT-010854,CLI-00191,2026-08-12,uso_feature,4
EVT-010855,CLI-00199,2026-08-12,login,2
EVT-010856,CLI-00206,2026-08-12,login,1
EVT-010857,CLI-00226,2026-08-12,login,1
EVT-010858,CLI-00337,2026-08-12,login,1
EVT-010859,CLI-00344,2026-08-12,uso_feature,4
EVT-010860,CLI-00369,2026-08-12,login,1
EVT-010861,CLI-00379,2026-08-12,login,2
EVT-010862,CLI-00435,2026-08-12,login,1
EVT-010863,CLI-00452,2026-08-12,descarga_reporte,5
EVT-010864,CLI-00490,2026-08-12,uso_feature,3
EVT-010865,CLI-00027,2026-08-13,login,1
EVT-010866,CLI-00073,2026-08-13,login,1
EVT-010867,CLI-00073,2026-08-13,descarga_reporte,5
EVT-010868,CLI-00108,2026-08-13,login,2
EVT-010869,CLI-00117,2026-08-13,uso_feature,4
EVT-010870,CLI-00170,2026-08-13,uso_feature,3
EVT-010871,CLI-00191,2026-08-13,login,2
EVT-010872,CLI-00195,2026-08-13,uso_feature,3
EVT-010873,CLI-00196,2026-08-13,login,2
EVT-010874,CLI-00200,2026-08-13,login,1
EVT-010875,CLI-00203,2026-08-13,login,1
EVT-010876,CLI-00250,2026-08-13,login,2
EVT-010877,CLI-00257,2026-08-13,uso_feature,3
EVT-010878,CLI-00264,2026-08-13,login,2
EVT-010879,CLI-00337,2026-08-13,invitacion_usuario,9
EVT-010880,CLI-00341,2026-08-13,login,2
EVT-010881,CLI-00371,2026-08-13,login,1
EVT-010882,CLI-00396,2026-08-13,login,2
EVT-010883,CLI-00425,2026-08-13,login,1
EVT-010884,CLI-00433,2026-08-13,login,2
EVT-010885,CLI-00505,2026-08-13,login,1
EVT-010886,CLI-00003,2026-08-14,login,2
EVT-010887,CLI-00106,2026-08-14,login,1
EVT-010888,CLI-00130,2026-08-14,uso_feature,3
EVT-010889,CLI-00149,2026-08-14,descarga_reporte,6
EVT-010890,CLI-00151,2026-08-14,uso_feature,4
EVT-010891,CLI-00196,2026-08-14,uso_feature,3
EVT-010892,CLI-00218,2026-08-14,uso_feature,4
EVT-010893,CLI-00235,2026-08-14,invitacion_usuario,8
EVT-010894,CLI-00272,2026-08-14,uso_feature,4
EVT-010895,CLI-00333,2026-08-14,login,2
EVT-010896,CLI-00340,2026-08-14,login,1
EVT-010897,CLI-00347,2026-08-14,uso_feature,4
EVT-010898,CLI-00376,2026-08-14,uso_feature,3
EVT-010899,CLI-00415,2026-08-14,invitacion_usuario,8
EVT-010900,CLI-00455,2026-08-14,uso_feature,4
EVT-010901,CLI-00503,2026-08-14,descarga_reporte,5
EVT-010902,CLI-00034,2026-08-15,login,2
EVT-010903,CLI-00035,2026-08-15,login,1
EVT-010904,CLI-00163,2026-08-15,invitacion_usuario,8
EVT-010905,CLI-00175,2026-08-15,invitacion_usuario,8
EVT-010906,CLI-00196,2026-08-15,login,1
EVT-010907,CLI-00204,2026-08-15,uso_feature,3
EVT-010908,CLI-00220,2026-08-15,login,2
EVT-010909,CLI-00220,2026-08-15,uso_feature,3
EVT-010910,CLI-00225,2026-08-15,login,1
EVT-010911,CLI-00256,2026-08-15,descarga_reporte,6
EVT-010912,CLI-00289,2026-08-15,login,1
EVT-010913,CLI-00342,2026-08-15,login,2
EVT-010914,CLI-00344,2026-08-15,login,2
EVT-010915,CLI-00345,2026-08-15,login,1
EVT-010916,CLI-00379,2026-08-15,login,2
EVT-010917,CLI-00384,2026-08-15,uso_feature,3
EVT-010918,CLI-00410,2026-08-15,uso_feature,4
EVT-010919,CLI-00457,2026-08-15,login,2
EVT-010920,CLI-00457,2026-08-15,uso_feature,3
EVT-010921,CLI-00484,2026-08-15,uso_feature,3
EVT-010922,CLI-00485,2026-08-15,login,2
EVT-010923,CLI-00035,2026-08-16,uso_feature,4
EVT-010924,CLI-00039,2026-08-16,uso_feature,4
EVT-010925,CLI-00128,2026-08-16,login,2
EVT-010926,CLI-00191,2026-08-16,uso_feature,3
EVT-010927,CLI-00200,2026-08-16,descarga_reporte,6
EVT-010928,CLI-00271,2026-08-16,login,1
EVT-010929,CLI-00369,2026-08-16,login,2
EVT-010930,CLI-00391,2026-08-16,login,1
EVT-010931,CLI-00457,2026-08-16,login,1
EVT-010932,CLI-00484,2026-08-16,descarga_reporte,5
EVT-010933,CLI-00029,2026-08-17,login,1
EVT-010934,CLI-00104,2026-08-17,login,1
EVT-010935,CLI-00104,2026-08-17,login,2
EVT-010936,CLI-00150,2026-08-17,uso_feature,3
EVT-010937,CLI-00169,2026-08-17,uso_feature,4
EVT-010938,CLI-00203,2026-08-17,uso_feature,3
EVT-010939,CLI-00206,2026-08-17,login,1
EVT-010940,CLI-00260,2026-08-17,descarga_reporte,5
EVT-010941,CLI-00272,2026-08-17,login,2
EVT-010942,CLI-00325,2026-08-17,login,1
EVT-010943,CLI-00345,2026-08-17,login,1
EVT-010944,CLI-00357,2026-08-17,uso_feature,3
EVT-010945,CLI-00382,2026-08-17,login,2
EVT-010946,CLI-00385,2026-08-17,login,1
EVT-010947,CLI-00391,2026-08-17,uso_feature,4
EVT-010948,CLI-00393,2026-08-17,login,1
EVT-010949,CLI-00437,2026-08-17,descarga_reporte,5
EVT-010950,CLI-00485,2026-08-17,descarga_reporte,5
EVT-010951,CLI-00488,2026-08-17,descarga_reporte,6
EVT-010952,CLI-00488,2026-08-17,descarga_reporte,5
EVT-010953,CLI-00003,2026-08-18,uso_feature,3
EVT-010954,CLI-00027,2026-08-18,uso_feature,3
EVT-010955,CLI-00088,2026-08-18,login,1
EVT-010956,CLI-00131,2026-08-18,descarga_reporte,5
EVT-010957,CLI-00150,2026-08-18,uso_feature,3
EVT-010958,CLI-00153,2026-08-18,login,2
EVT-010959,CLI-00161,2026-08-18,uso_feature,3
EVT-010960,CLI-00170,2026-08-18,login,1
EVT-010961,CLI-00175,2026-08-18,login,2
EVT-010962,CLI-00248,2026-08-18,invitacion_usuario,9
EVT-010963,CLI-00265,2026-08-18,uso_feature,3
EVT-010964,CLI-00271,2026-08-18,login,1
EVT-010965,CLI-00343,2026-08-18,login,2
EVT-010966,CLI-00399,2026-08-18,login,1
EVT-010967,CLI-00041,2026-08-19,login,2
EVT-010968,CLI-00052,2026-08-19,login,2
EVT-010969,CLI-00096,2026-08-19,uso_feature,3
EVT-010970,CLI-00106,2026-08-19,uso_feature,3
EVT-010971,CLI-00107,2026-08-19,uso_feature,4
EVT-010972,CLI-00107,2026-08-19,descarga_reporte,6
EVT-010973,CLI-00123,2026-08-19,login,1
EVT-010974,CLI-00130,2026-08-19,descarga_reporte,6
EVT-010975,CLI-00150,2026-08-19,login,1
EVT-010976,CLI-00164,2026-08-19,uso_feature,3
EVT-010977,CLI-00196,2026-08-19,descarga_reporte,6
EVT-010978,CLI-00228,2026-08-19,invitacion_usuario,9
EVT-010979,CLI-00241,2026-08-19,uso_feature,4
EVT-010980,CLI-00256,2026-08-19,login,1
EVT-010981,CLI-00325,2026-08-19,descarga_reporte,6
EVT-010982,CLI-00341,2026-08-19,login,1
EVT-010983,CLI-00347,2026-08-19,uso_feature,4
EVT-010984,CLI-00393,2026-08-19,uso_feature,3
EVT-010985,CLI-00394,2026-08-19,login,1
EVT-010986,CLI-00404,2026-08-19,descarga_reporte,6
EVT-010987,CLI-00425,2026-08-19,login,2
EVT-010988,CLI-00458,2026-08-19,uso_feature,4
EVT-010989,CLI-00490,2026-08-19,descarga_reporte,6
EVT-010990,CLI-00501,2026-08-19,login,1
EVT-010991,CLI-00509,2026-08-19,login,2
EVT-010992,CLI-00028,2026-08-20,login,1
EVT-010993,CLI-00059,2026-08-20,uso_feature,3
EVT-010994,CLI-00059,2026-08-20,uso_feature,3
EVT-010995,CLI-00106,2026-08-20,uso_feature,3
EVT-010996,CLI-00172,2026-08-20,uso_feature,3
EVT-010997,CLI-00195,2026-08-20,login,2
EVT-010998,CLI-00250,2026-08-20,login,1
EVT-010999,CLI-00339,2026-08-20,login,1
EVT-011000,CLI-00341,2026-08-20,invitacion_usuario,8
EVT-011001,CLI-00390,2026-08-20,login,2
EVT-011002,CLI-00429,2026-08-20,uso_feature,3
EVT-011003,CLI-00457,2026-08-20,login,1
EVT-011004,CLI-00490,2026-08-20,login,1
EVT-011005,CLI-00490,2026-08-20,invitacion_usuario,8
EVT-011006,CLI-00501,2026-08-20,uso_feature,3
EVT-011007,CLI-00004,2026-08-21,descarga_reporte,6
EVT-011008,CLI-00016,2026-08-21,login,1
EVT-011009,CLI-00059,2026-08-21,descarga_reporte,5
EVT-011010,CLI-00088,2026-08-21,login,2
EVT-011011,CLI-00090,2026-08-21,uso_feature,4
EVT-011012,CLI-00104,2026-08-21,invitacion_usuario,9
EVT-011013,CLI-00109,2026-08-21,login,1
EVT-011014,CLI-00123,2026-08-21,descarga_reporte,6
EVT-011015,CLI-00131,2026-08-21,uso_feature,3
EVT-011016,CLI-00150,2026-08-21,uso_feature,4
EVT-011017,CLI-00164,2026-08-21,login,1
EVT-011018,CLI-00199,2026-08-21,login,1
EVT-011019,CLI-00211,2026-08-21,login,1
EVT-011020,CLI-00218,2026-08-21,login,2
EVT-011021,CLI-00233,2026-08-21,uso_feature,3
EVT-011022,CLI-00238,2026-08-21,descarga_reporte,6
EVT-011023,CLI-00238,2026-08-21,invitacion_usuario,8
EVT-011024,CLI-00240,2026-08-21,descarga_reporte,5
EVT-011025,CLI-00275,2026-08-21,uso_feature,4
EVT-011026,CLI-00281,2026-08-21,login,1
EVT-011027,CLI-00376,2026-08-21,login,2
EVT-011028,CLI-00384,2026-08-21,invitacion_usuario,8
EVT-011029,CLI-00425,2026-08-21,login,1
EVT-011030,CLI-00485,2026-08-21,login,2
EVT-011031,CLI-00488,2026-08-21,uso_feature,4
EVT-011032,CLI-00509,2026-08-21,descarga_reporte,5
EVT-011033,CLI-00018,2026-08-22,login,1
EVT-011034,CLI-00034,2026-08-22,descarga_reporte,5
EVT-011035,CLI-00041,2026-08-22,uso_feature,3
EVT-011036,CLI-00051,2026-08-22,descarga_reporte,5
EVT-011037,CLI-00054,2026-08-22,login,2
EVT-011038,CLI-00073,2026-08-22,uso_feature,3
EVT-011039,CLI-00107,2026-08-22,login,1
EVT-011040,CLI-00117,2026-08-22,login,1
EVT-011041,CLI-00161,2026-08-22,login,2
EVT-011042,CLI-00172,2026-08-22,uso_feature,3
EVT-011043,CLI-00194,2026-08-22,login,1
EVT-011044,CLI-00200,2026-08-22,descarga_reporte,5
EVT-011045,CLI-00264,2026-08-22,login,2
EVT-011046,CLI-00340,2026-08-22,login,2
EVT-011047,CLI-00414,2026-08-22,login,1
EVT-011048,CLI-00435,2026-08-22,login,2
EVT-011049,CLI-00440,2026-08-22,login,1
EVT-011050,CLI-00484,2026-08-22,login,1
EVT-011051,CLI-00503,2026-08-22,login,2
EVT-011052,CLI-00508,2026-08-22,login,1
EVT-011053,CLI-00036,2026-08-23,login,1
EVT-011054,CLI-00073,2026-08-23,login,1
EVT-011055,CLI-00077,2026-08-23,login,2
EVT-011056,CLI-00108,2026-08-23,uso_feature,3
EVT-011057,CLI-00233,2026-08-23,uso_feature,3
EVT-011058,CLI-00247,2026-08-23,login,2
EVT-011059,CLI-00247,2026-08-23,uso_feature,4
EVT-011060,CLI-00247,2026-08-23,descarga_reporte,5
EVT-011061,CLI-00341,2026-08-23,descarga_reporte,6
EVT-011062,CLI-00384,2026-08-23,login,2
EVT-011063,CLI-00388,2026-08-23,invitacion_usuario,8
EVT-011064,CLI-00391,2026-08-23,login,1
EVT-011065,CLI-00414,2026-08-23,login,2
EVT-011066,CLI-00425,2026-08-23,invitacion_usuario,8
EVT-011067,CLI-00435,2026-08-23,uso_feature,4
EVT-011068,CLI-00453,2026-08-23,descarga_reporte,5
EVT-011069,CLI-00027,2026-08-24,uso_feature,4
EVT-011070,CLI-00035,2026-08-24,uso_feature,4
EVT-011071,CLI-00045,2026-08-24,descarga_reporte,5
EVT-011072,CLI-00142,2026-08-24,login,1
EVT-011073,CLI-00345,2026-08-24,login,1
EVT-011074,CLI-00345,2026-08-24,invitacion_usuario,9
EVT-011075,CLI-00369,2026-08-24,login,1
EVT-011076,CLI-00410,2026-08-24,login,1
EVT-011077,CLI-00448,2026-08-24,uso_feature,4
EVT-011078,CLI-00448,2026-08-24,login,1
EVT-011079,CLI-00496,2026-08-24,login,1
EVT-011080,CLI-00503,2026-08-24,uso_feature,3
EVT-011081,CLI-00508,2026-08-24,login,1
EVT-011082,CLI-00043,2026-08-25,login,2
EVT-011083,CLI-00084,2026-08-25,login,2
EVT-011084,CLI-00108,2026-08-25,uso_feature,4
EVT-011085,CLI-00130,2026-08-25,invitacion_usuario,9
EVT-011086,CLI-00153,2026-08-25,descarga_reporte,6
EVT-011087,CLI-00164,2026-08-25,uso_feature,4
EVT-011088,CLI-00216,2026-08-25,login,1
EVT-011089,CLI-00345,2026-08-25,login,1
EVT-011090,CLI-00350,2026-08-25,login,1
EVT-011091,CLI-00358,2026-08-25,uso_feature,4
EVT-011092,CLI-00390,2026-08-25,login,1
EVT-011093,CLI-00431,2026-08-25,login,1
EVT-011094,CLI-00506,2026-08-25,uso_feature,4
EVT-011095,CLI-00004,2026-08-26,login,1
EVT-011096,CLI-00028,2026-08-26,uso_feature,4
EVT-011097,CLI-00029,2026-08-26,login,2
EVT-011098,CLI-00036,2026-08-26,login,1
EVT-011099,CLI-00081,2026-08-26,descarga_reporte,5
EVT-011100,CLI-00081,2026-08-26,uso_feature,3
EVT-011101,CLI-00130,2026-08-26,descarga_reporte,5
EVT-011102,CLI-00144,2026-08-26,login,2
EVT-011103,CLI-00173,2026-08-26,login,1
EVT-011104,CLI-00179,2026-08-26,descarga_reporte,6
EVT-011105,CLI-00194,2026-08-26,uso_feature,3
EVT-011106,CLI-00240,2026-08-26,uso_feature,4
EVT-011107,CLI-00289,2026-08-26,uso_feature,3
EVT-011108,CLI-00337,2026-08-26,login,2
EVT-011109,CLI-00358,2026-08-26,invitacion_usuario,8
EVT-011110,CLI-00359,2026-08-26,descarga_reporte,6
EVT-011111,CLI-00437,2026-08-26,descarga_reporte,5
EVT-011112,CLI-00440,2026-08-26,login,2
EVT-011113,CLI-00453,2026-08-26,descarga_reporte,5
EVT-011114,CLI-00458,2026-08-26,descarga_reporte,6
EVT-011115,CLI-00509,2026-08-26,login,1
EVT-011116,CLI-00036,2026-08-27,descarga_reporte,5
EVT-011117,CLI-00043,2026-08-27,login,1
EVT-011118,CLI-00046,2026-08-27,uso_feature,3
EVT-011119,CLI-00096,2026-08-27,login,1
EVT-011120,CLI-00109,2026-08-27,descarga_reporte,6
EVT-011121,CLI-00115,2026-08-27,login,2
EVT-011122,CLI-00117,2026-08-27,login,1
EVT-011123,CLI-00194,2026-08-27,login,1
EVT-011124,CLI-00195,2026-08-27,descarga_reporte,5
EVT-011125,CLI-00196,2026-08-27,login,1
EVT-011126,CLI-00211,2026-08-27,login,1
EVT-011127,CLI-00256,2026-08-27,login,1
EVT-011128,CLI-00256,2026-08-27,uso_feature,4
EVT-011129,CLI-00260,2026-08-27,descarga_reporte,6
EVT-011130,CLI-00264,2026-08-27,login,1
EVT-011131,CLI-00265,2026-08-27,uso_feature,4
EVT-011132,CLI-00382,2026-08-27,login,2
EVT-011133,CLI-00425,2026-08-27,login,1
EVT-011134,CLI-00484,2026-08-27,uso_feature,3
EVT-011135,CLI-00004,2026-08-28,login,1
EVT-011136,CLI-00004,2026-08-28,uso_feature,3
EVT-011137,CLI-00006,2026-08-28,login,1
EVT-011138,CLI-00036,2026-08-28,login,1
EVT-011139,CLI-00043,2026-08-28,descarga_reporte,6
EVT-011140,CLI-00080,2026-08-28,uso_feature,3
EVT-011141,CLI-00131,2026-08-28,login,1
EVT-011142,CLI-00131,2026-08-28,login,1
EVT-011143,CLI-00148,2026-08-28,uso_feature,3
EVT-011144,CLI-00153,2026-08-28,login,1
EVT-011145,CLI-00161,2026-08-28,uso_feature,3
EVT-011146,CLI-00170,2026-08-28,descarga_reporte,5
EVT-011147,CLI-00173,2026-08-28,uso_feature,3
EVT-011148,CLI-00199,2026-08-28,descarga_reporte,5
EVT-011149,CLI-00216,2026-08-28,login,2
EVT-011150,CLI-00220,2026-08-28,uso_feature,3
EVT-011151,CLI-00275,2026-08-28,uso_feature,4
EVT-011152,CLI-00347,2026-08-28,login,1
EVT-011153,CLI-00393,2026-08-28,uso_feature,3
EVT-011154,CLI-00396,2026-08-28,login,1
EVT-011155,CLI-00440,2026-08-28,descarga_reporte,5
EVT-011156,CLI-00468,2026-08-28,login,1
